gene	arm	common_effect	common_z	common_q_value	max_lfsr	GeneID	type_of_gene	Nomenclature_status	ncbi_current_symbol	annotation_method	GSE117606	GSE40362	GSE41657	GSE50114	GSE72820	GSE8671	n_platforms_present	all_six_platforms_present	protein_coding	objective_selection_eligible	eligibility_rule
TIMP1	up	3.51875626155639	16.7394505507629	5.55816594456193e-59	3.92025585885836e-18	7076	protein-coding	O	TIMP1	current_ncbi_symbol	True	True	True	True	True	False	5	False	True	False	strict state-shared core; NCBI protein-coding; feature present on all five external platforms and GSE117606 FFPE
INPP5D	up	2.9207457637981	12.5413512953535	1.53836988018996e-32	5.08749590867116e-07	3635	protein-coding	O	INPP5D	current_ncbi_symbol	True	True	True	True	True	False	5	False	True	False	strict state-shared core; NCBI protein-coding; feature present on all five external platforms and GSE117606 FFPE
S100P	up	3.3172428985422	12.5226376482217	1.53836988018996e-32	1.47923671637618e-09	6286	protein-coding	O	S100P	current_ncbi_symbol	True	True	True	True	True	False	5	False	True	False	strict state-shared core; NCBI protein-coding; feature present on all five external platforms and GSE117606 FFPE
GALNT6	up	1.63407733274684	12.3857084496664	6.418847217998801e-32	3.62322658533755e-13	11226	protein-coding	O	GALNT6	current_ncbi_symbol	True	True	True	True	True	False	5	False	True	False	strict state-shared core; NCBI protein-coding; feature present on all five external platforms and GSE117606 FFPE
GRAMD1A	up	1.36546675010582	12.2761600614774	1.99993516816973e-31	1.49995847347209e-06	57655	protein-coding	O	GRAMD1A	current_ncbi_symbol	True	True	True	True	True	False	5	False	True	False	strict state-shared core; NCBI protein-coding; feature present on all five external platforms and GSE117606 FFPE
PVT1	up	1.71890026969759	12.2612334544511	2.00395797152734e-31	4.96440735184096e-08	5820	ncRNA	O	PVT1	current_ncbi_symbol	True	False	True	True	True	False	4	False	False	False	strict state-shared core; NCBI protein-coding; feature present on all five external platforms and GSE117606 FFPE
LCN2	up	2.67901697030422	11.644804152479	2.86421118455715e-28	2.82443019815456e-10	3934	protein-coding	O	LCN2	current_ncbi_symbol	True	True	True	True	True	False	5	False	True	False	strict state-shared core; NCBI protein-coding; feature present on all five external platforms and GSE117606 FFPE
TBXAS1	up	1.36647455671585	11.5537703396031	7.26032537928431e-28	3.8828613080976e-12	6916	protein-coding	O	TBXAS1	current_ncbi_symbol	True	True	True	True	True	False	5	False	True	False	strict state-shared core; NCBI protein-coding; feature present on all five external platforms and GSE117606 FFPE
GRIN2D	up	1.90748515341374	11.5160405206599	1.00049004388827e-27	2.51277762229557e-10	2906	protein-coding	O	GRIN2D	current_ncbi_symbol	True	True	True	True	True	False	5	False	True	False	strict state-shared core; NCBI protein-coding; feature present on all five external platforms and GSE117606 FFPE
ARID3A	up	1.27386227547908	11.3707840124073	4.80600549595037e-27	1.4277589262165702e-09	1820	protein-coding	O	ARID3A	current_ncbi_symbol	True	True	True	True	True	False	5	False	True	False	strict state-shared core; NCBI protein-coding; feature present on all five external platforms and GSE117606 FFPE
ASCL2	up	2.33729157800139	11.141160505107	5.91030606856072e-26	8.444023449023271e-09	430	protein-coding	O	ASCL2	current_ncbi_symbol	True	True	True	True	True	True	6	True	True	True	strict state-shared core; NCBI protein-coding; feature present on all five external platforms and GSE117606 FFPE
COX5A	down	-0.823770690484804	-11.1222545448637	6.69803287338524e-26	6.73087474645229e-10	9377	protein-coding	O	COX5A	current_ncbi_symbol	True	True	True	True	True	True	6	True	True	True	strict state-shared core; NCBI protein-coding; feature present on all five external platforms and GSE117606 FFPE
PMEPA1	up	1.32423351283478	11.0937650537672	8.50587848153545e-26	2.01914472503146e-09	56937	protein-coding	O	PMEPA1	current_ncbi_symbol	True	True	True	True	True	False	5	False	True	False	strict state-shared core; NCBI protein-coding; feature present on all five external platforms and GSE117606 FFPE
PLXNB1	up	0.673998662674102	10.8325646306889	1.4169519381311801e-24	0.0107928289475235	5364	protein-coding	O	PLXNB1	current_ncbi_symbol	True	True	True	True	True	False	5	False	True	False	strict state-shared core; NCBI protein-coding; feature present on all five external platforms and GSE117606 FFPE
C15orf48	down	-1.04305371600802	-10.6185205634098	1.33949562592643e-23	1.73645664514055e-09	84419	protein-coding	O	COXFA4L3	unique_ncbi_synonym	True	True	True	True	True	True	6	True	True	True	strict state-shared core; NCBI protein-coding; feature present on all five external platforms and GSE117606 FFPE
UGT2A3	down	-1.95713316615748	-10.6049524844912	1.45207320609361e-23	3.24486340574914e-06	79799	protein-coding	O	UGT2A3	current_ncbi_symbol	True	True	True	True	True	True	6	True	True	True	strict state-shared core; NCBI protein-coding; feature present on all five external platforms and GSE117606 FFPE
MAOA	down	-0.743473271655654	-10.5948669248534	1.52227964785778e-23	9.20311515264505e-05	4128	protein-coding	O	MAOA	current_ncbi_symbol	True	True	True	True	True	False	5	False	True	False	strict state-shared core; NCBI protein-coding; feature present on all five external platforms and GSE117606 FFPE
IL1R2	down	-1.45319497755708	-10.5778908486241	1.7234737913673998e-23	0.0017109512443171	7850	protein-coding	O	IL1R2	current_ncbi_symbol	True	True	True	True	True	False	5	False	True	False	strict state-shared core; NCBI protein-coding; feature present on all five external platforms and GSE117606 FFPE
ATP5MC3	down	-0.933804794541428	-10.5571095104951	2.0376848128543102e-23	1.65576663491152e-10	518	protein-coding	O	ATP5MC3	current_ncbi_symbol	True	False	False	False	False	False	1	False	True	False	strict state-shared core; NCBI protein-coding; feature present on all five external platforms and GSE117606 FFPE
SDHD	down	-1.13898329081013	-10.5321656244266	2.52406326622195e-23	1.92161884182696e-07	6392	protein-coding	O	SDHD	current_ncbi_symbol	True	True	True	True	True	False	5	False	True	False	strict state-shared core; NCBI protein-coding; feature present on all five external platforms and GSE117606 FFPE
CADPS	up	1.71374733534792	10.3819892853955	1.1723501361396e-22	7.41145902010268e-12	8618	protein-coding	O	CADPS	current_ncbi_symbol	True	True	True	True	True	False	5	False	True	False	strict state-shared core; NCBI protein-coding; feature present on all five external platforms and GSE117606 FFPE
SRI	down	-0.963402749257993	-10.2092913666186	6.73284483285991e-22	6.08925999401322e-07	6717	protein-coding	O	SRI	current_ncbi_symbol	True	True	True	True	True	True	6	True	True	True	strict state-shared core; NCBI protein-coding; feature present on all five external platforms and GSE117606 FFPE
CHP2	down	-1.13496646810407	-10.1116373405453	1.75348393408365e-21	1.25128314099054e-06	63928	protein-coding	O	CHP2	current_ncbi_symbol	True	True	True	True	True	True	6	True	True	True	strict state-shared core; NCBI protein-coding; feature present on all five external platforms and GSE117606 FFPE
TMEM98	down	-0.879717404288529	-10.0814452900187	2.28602535160618e-21	0.0006969877139096	26022	protein-coding	O	TMEM98	current_ncbi_symbol	True	True	True	True	True	False	5	False	True	False	strict state-shared core; NCBI protein-coding; feature present on all five external platforms and GSE117606 FFPE
NOL3	up	1.03206839282441	9.90473966564378	1.30550349680483e-20	8.48417057269771e-05	8996	protein-coding	O	NOL3	current_ncbi_symbol	True	True	True	True	True	False	5	False	True	False	strict state-shared core; NCBI protein-coding; feature present on all five external platforms and GSE117606 FFPE
LGALS3	down	-0.909435258997805	-9.88414983421536	1.5420820487121502e-20	3.27373407826848e-07	3958	protein-coding	O	LGALS3	current_ncbi_symbol	True	True	True	True	True	True	6	True	True	True	strict state-shared core; NCBI protein-coding; feature present on all five external platforms and GSE117606 FFPE
AGBL4	up	1.13628912591947	9.86835755745679	1.7255708730001502e-20	2.31836210150559e-05	84871	protein-coding	O	AGBL4	current_ncbi_symbol	False	True	True	True	True	False	4	False	True	False	strict state-shared core; NCBI protein-coding; feature present on all five external platforms and GSE117606 FFPE
HDAC7	up	1.21433766839062	9.86544813362959	1.7255708730001502e-20	1.332221378205e-08	51564	protein-coding	O	HDAC7	current_ncbi_symbol	True	False	True	True	True	False	4	False	True	False	strict state-shared core; NCBI protein-coding; feature present on all five external platforms and GSE117606 FFPE
IMPA2	down	-0.683197212770261	-9.79627538063685	3.31146966392988e-20	3.20308296530847e-06	3613	protein-coding	O	IMPA2	current_ncbi_symbol	True	True	True	True	True	False	5	False	True	False	strict state-shared core; NCBI protein-coding; feature present on all five external platforms and GSE117606 FFPE
PACS1	up	1.40034544248394	9.78574500711747	3.55248623103704e-20	7.45463490363921e-09	55690	protein-coding	O	PACS1	current_ncbi_symbol	True	True	True	True	True	False	5	False	True	False	strict state-shared core; NCBI protein-coding; feature present on all five external platforms and GSE117606 FFPE
AXIN2	up	1.30898658015039	9.66927068210392	1.08005382271187e-19	5.40602865406992e-06	8313	protein-coding	O	AXIN2	current_ncbi_symbol	True	True	True	True	True	True	6	True	True	True	strict state-shared core; NCBI protein-coding; feature present on all five external platforms and GSE117606 FFPE
ARHGEF28	up	0.792283693352739	9.55161882206126	3.28031452764111e-19	2.95780931506432e-08	64283	protein-coding	O	ARHGEF28	current_ncbi_symbol	True	False	True	True	True	False	4	False	True	False	strict state-shared core; NCBI protein-coding; feature present on all five external platforms and GSE117606 FFPE
CD9	down	-0.769293825677803	-9.45233852833541	8.089328136990411e-19	5.64987021611785e-08	928	protein-coding	O	CD9	current_ncbi_symbol	True	True	True	True	True	True	6	True	True	True	strict state-shared core; NCBI protein-coding; feature present on all five external platforms and GSE117606 FFPE
ZYX	up	1.10946973545776	9.45132937272447	8.089328136990411e-19	0.0001132543851384	7791	protein-coding	O	ZYX	current_ncbi_symbol	True	True	True	True	True	False	5	False	True	False	strict state-shared core; NCBI protein-coding; feature present on all five external platforms and GSE117606 FFPE
RASAL1	up	1.22992266149066	9.40457574904061	1.2270553436386498e-18	2.30786928897719e-10	8437	protein-coding	O	RASAL1	current_ncbi_symbol	True	True	True	True	True	False	5	False	True	False	strict state-shared core; NCBI protein-coding; feature present on all five external platforms and GSE117606 FFPE
GTF2IRD1	up	1.27036684802931	9.35881159528606	1.84147093601987e-18	3.72480062138356e-08	9569	protein-coding	O	GTF2IRD1	current_ncbi_symbol	True	True	True	True	True	False	5	False	True	False	strict state-shared core; NCBI protein-coding; feature present on all five external platforms and GSE117606 FFPE
BACE2	up	0.961800693782507	9.34570672045378	2.02809471470737e-18	1.19513774337225e-07	25825	protein-coding	O	BACE2	current_ncbi_symbol	True	True	True	True	True	False	5	False	True	False	strict state-shared core; NCBI protein-coding; feature present on all five external platforms and GSE117606 FFPE
OSBPL3	up	1.10238380872269	9.31196633463306	2.71481866855212e-18	0.0007572767554907	26031	protein-coding	O	OSBPL3	current_ncbi_symbol	True	True	True	True	True	False	5	False	True	False	strict state-shared core; NCBI protein-coding; feature present on all five external platforms and GSE117606 FFPE
FAM162A	down	-0.850884189972595	-9.20163380836525	7.43153021433652e-18	1.32326926020054e-05	26355	protein-coding	O	FAM162A	current_ncbi_symbol	True	True	True	True	True	False	5	False	True	False	strict state-shared core; NCBI protein-coding; feature present on all five external platforms and GSE117606 FFPE
COX16	down	-0.685617942713343	-9.16247735227167	1.04240909059404e-17	5.66727750617169e-07	51241	protein-coding	O	COX16	current_ncbi_symbol	False	False	True	True	True	False	3	False	True	False	strict state-shared core; NCBI protein-coding; feature present on all five external platforms and GSE117606 FFPE
FTX	up	0.682088309471713	9.08982604564565	1.98903364071911e-17	3.34798747368897e-06	100302692	ncRNA	O	FTX	current_ncbi_symbol	False	False	False	False	True	False	1	False	False	False	strict state-shared core; NCBI protein-coding; feature present on all five external platforms and GSE117606 FFPE
LIPG	up	1.21687978657699	9.04496463994037	2.93046583392051e-17	1.40591531235688e-05	9388	protein-coding	O	LIPG	current_ncbi_symbol	True	True	True	True	True	False	5	False	True	False	strict state-shared core; NCBI protein-coding; feature present on all five external platforms and GSE117606 FFPE
FKBP1A	down	-1.05941145299118	-9.03582154030658	3.1120327131415e-17	3.97950548014503e-06	2280	protein-coding	O	FKBP1A	current_ncbi_symbol	True	True	True	True	True	False	5	False	True	False	strict state-shared core; NCBI protein-coding; feature present on all five external platforms and GSE117606 FFPE
PITPNC1	up	0.973032576864601	9.01792834840272	3.50350273357719e-17	1.23753443392894e-09	26207	protein-coding	O	PITPNC1	current_ncbi_symbol	True	True	True	True	True	False	5	False	True	False	strict state-shared core; NCBI protein-coding; feature present on all five external platforms and GSE117606 FFPE
HPGD	down	-1.09985175813561	-9.01787426293786	3.50350273357719e-17	0.0001631038561741	3248	protein-coding	O	HPGD	current_ncbi_symbol	True	True	True	True	True	False	5	False	True	False	strict state-shared core; NCBI protein-coding; feature present on all five external platforms and GSE117606 FFPE
ARHGEF3	up	1.36391379975201	8.97242030636232	5.18404029225557e-17	1.06148261207815e-08	50650	protein-coding	O	ARHGEF3	current_ncbi_symbol	True	True	True	True	True	False	5	False	True	False	strict state-shared core; NCBI protein-coding; feature present on all five external platforms and GSE117606 FFPE
EDA	down	-1.44729032277444	-8.95782576035342	5.79218824288278e-17	0.0004791042778182	1896	protein-coding	O	EDA	current_ncbi_symbol	True	True	True	True	True	False	5	False	True	False	strict state-shared core; NCBI protein-coding; feature present on all five external platforms and GSE117606 FFPE
CIAO2A	down	-0.656123767174469	-8.95078509743422	6.045225511841091e-17	5.83489264682768e-07	84191	protein-coding	O	CIAO2A	current_ncbi_symbol	True	False	False	False	False	False	1	False	True	False	strict state-shared core; NCBI protein-coding; feature present on all five external platforms and GSE117606 FFPE
NEBL	up	1.00650115036249	8.92486856671992	7.48662566417277e-17	1.4614197602719802e-09	10529	protein-coding	O	NEBL	current_ncbi_symbol	True	True	True	True	True	False	5	False	True	False	strict state-shared core; NCBI protein-coding; feature present on all five external platforms and GSE117606 FFPE
VWA1	up	1.6610445726674	8.89919419350622	9.24921614632953e-17	2.71159449977578e-05	64856	protein-coding	O	VWA1	current_ncbi_symbol	True	True	True	True	True	False	5	False	True	False	strict state-shared core; NCBI protein-coding; feature present on all five external platforms and GSE117606 FFPE
LINC00963	up	1.23477637820515	8.88149359469252	1.06338692767405e-16	0.0001602344181402	100506190	ncRNA	O	LINC00963	current_ncbi_symbol	True	False	True	True	False	False	3	False	False	False	strict state-shared core; NCBI protein-coding; feature present on all five external platforms and GSE117606 FFPE
MPC2	down	-0.873342893083077	-8.79606857551236	2.19784586195348e-16	2.11064721256093e-08	25874	protein-coding	O	MPC2	current_ncbi_symbol	True	False	True	True	True	False	4	False	True	False	strict state-shared core; NCBI protein-coding; feature present on all five external platforms and GSE117606 FFPE
DHRS11	down	-0.873761012891747	-8.76723472917681	2.78764653780539e-16	9.0128635454878e-07	79154	protein-coding	O	DHRS11	current_ncbi_symbol	True	False	True	True	True	True	5	False	True	False	strict state-shared core; NCBI protein-coding; feature present on all five external platforms and GSE117606 FFPE
PCNX2	up	0.812690397539315	8.66989049619317	6.46523593585677e-16	4.79881962544255e-06	80003	protein-coding	O	PCNX2	current_ncbi_symbol	True	False	True	True	False	False	3	False	True	False	strict state-shared core; NCBI protein-coding; feature present on all five external platforms and GSE117606 FFPE
PCK1	down	-1.92397587099669	-8.66474453745873	6.64325152878086e-16	2.0856462750185e-06	5105	protein-coding	O	PCK1	current_ncbi_symbol	True	True	True	True	True	True	6	True	True	True	strict state-shared core; NCBI protein-coding; feature present on all five external platforms and GSE117606 FFPE
RNF43	up	1.23227112231595	8.64030501799476	8.085878926258e-16	1.01267715132102e-07	54894	protein-coding	O	RNF43	current_ncbi_symbol	True	True	True	True	True	True	6	True	True	True	strict state-shared core; NCBI protein-coding; feature present on all five external platforms and GSE117606 FFPE
FZD5	down	-0.928991639944593	-8.63087527070473	8.62981748541434e-16	5.00183133578247e-06	7855	protein-coding	O	FZD5	current_ncbi_symbol	True	True	True	True	True	False	5	False	True	False	strict state-shared core; NCBI protein-coding; feature present on all five external platforms and GSE117606 FFPE
MPC1	down	-0.899470508794422	-8.62659383772326	8.807079988577601e-16	4.32627727753321e-07	51660	protein-coding	O	MPC1	current_ncbi_symbol	True	False	True	True	True	False	4	False	True	False	strict state-shared core; NCBI protein-coding; feature present on all five external platforms and GSE117606 FFPE
LRRC19	down	-1.19845739062046	-8.59308949629806	1.16000425640329e-15	3.08000886573012e-07	64922	protein-coding	O	LRRC19	current_ncbi_symbol	True	True	True	True	True	True	6	True	True	True	strict state-shared core; NCBI protein-coding; feature present on all five external platforms and GSE117606 FFPE
TPT1	down	-0.761674707244444	-8.56017338925551	1.5188351443404602e-15	9.0312119560565e-07	7178	protein-coding	O	TPT1	current_ncbi_symbol	True	True	True	True	True	True	6	True	True	True	strict state-shared core; NCBI protein-coding; feature present on all five external platforms and GSE117606 FFPE
HSPA1A	down	-0.995555348797932	-8.52666613672944	1.99604732403662e-15	9.79439392922998e-08	3303	protein-coding	O	HSPA1A	current_ncbi_symbol	True	True	True	True	True	True	6	True	True	True	strict state-shared core; NCBI protein-coding; feature present on all five external platforms and GSE117606 FFPE
NBEAL2	up	1.10170781204865	8.52488393407672	1.99604732403662e-15	6.44278613938647e-05	23218	protein-coding	O	NBEAL2	current_ncbi_symbol	True	False	True	True	True	False	4	False	True	False	strict state-shared core; NCBI protein-coding; feature present on all five external platforms and GSE117606 FFPE
MARCKS	down	-0.863235790914522	-8.45599171611899	3.55462237235965e-15	4.01419549955762e-05	4082	protein-coding	O	MARCKS	current_ncbi_symbol	True	True	True	True	True	False	5	False	True	False	strict state-shared core; NCBI protein-coding; feature present on all five external platforms and GSE117606 FFPE
ZG16	down	-2.29293558973254	-8.40329510932471	5.49064044533948e-15	0.001335557559	653808	protein-coding	O	ZG16	current_ncbi_symbol	True	False	True	True	True	False	4	False	True	False	strict state-shared core; NCBI protein-coding; feature present on all five external platforms and GSE117606 FFPE
TSPAN7	down	-1.24667900152209	-8.37747607478573	6.735584000736281e-15	1.00609768849402e-07	7102	protein-coding	O	TSPAN7	current_ncbi_symbol	True	True	True	True	True	False	5	False	True	False	strict state-shared core; NCBI protein-coding; feature present on all five external platforms and GSE117606 FFPE
ITGA6	up	0.749115093583753	8.35539223425196	8.00205737461609e-15	6.02253801786675e-05	3655	protein-coding	O	ITGA6	current_ncbi_symbol	True	True	True	True	True	False	5	False	True	False	strict state-shared core; NCBI protein-coding; feature present on all five external platforms and GSE117606 FFPE
REG1A	up	6.45435182201207	8.29897787299724	1.26955117818773e-14	4.30617778703801e-07	5967	protein-coding	O	REG1A	current_ncbi_symbol	True	True	True	True	True	True	6	True	True	True	strict state-shared core; NCBI protein-coding; feature present on all five external platforms and GSE117606 FFPE
ABLIM2	up	0.624529591270727	8.2861428857813	1.39376018136004e-14	1.66992590415642e-06	84448	protein-coding	O	ABLIM2	current_ncbi_symbol	True	True	True	True	True	False	5	False	True	False	strict state-shared core; NCBI protein-coding; feature present on all five external platforms and GSE117606 FFPE
ARL6IP1	down	-1.0887587937306	-8.26408127816472	1.6532980300179302e-14	3.31334751934032e-05	23204	protein-coding	O	ARL6IP1	current_ncbi_symbol	True	True	True	True	True	False	5	False	True	False	strict state-shared core; NCBI protein-coding; feature present on all five external platforms and GSE117606 FFPE
RAB11FIP3	up	0.802993534237983	8.20655121197426	2.61509631637443e-14	0.0002358855252644	9727	protein-coding	O	RAB11FIP3	current_ncbi_symbol	True	True	True	True	True	False	5	False	True	False	strict state-shared core; NCBI protein-coding; feature present on all five external platforms and GSE117606 FFPE
SMTN	up	0.808735283994516	8.2058150987577	2.61509631637443e-14	0.0006380144655627	6525	protein-coding	O	SMTN	current_ncbi_symbol	True	True	True	True	True	False	5	False	True	False	strict state-shared core; NCBI protein-coding; feature present on all five external platforms and GSE117606 FFPE
CAMK2N1	down	-0.794745919557529	-8.1712266822867	3.43783560250247e-14	1.94377724412886e-05	55450	protein-coding	O	CAMK2N1	current_ncbi_symbol	True	True	True	True	True	True	6	True	True	True	strict state-shared core; NCBI protein-coding; feature present on all five external platforms and GSE117606 FFPE
CYCS	down	-0.96306439391685	-8.15441174142962	3.8981265209669e-14	3.98389940259314e-07	54205	protein-coding	O	CYCS	current_ncbi_symbol	True	True	True	True	True	True	6	True	True	True	strict state-shared core; NCBI protein-coding; feature present on all five external platforms and GSE117606 FFPE
MYL12A	down	-0.976304430281766	-7.97861029915686	1.6221678086859e-13	6.13549288175363e-06	10627	protein-coding	O	MYL12A	current_ncbi_symbol	True	False	True	True	True	True	5	False	True	False	strict state-shared core; NCBI protein-coding; feature present on all five external platforms and GSE117606 FFPE
CPT1A	down	-0.549479184101884	-7.95028721423799	2.01284258747731e-13	5.75974664629442e-07	1374	protein-coding	O	CPT1A	current_ncbi_symbol	True	True	True	True	True	False	5	False	True	False	strict state-shared core; NCBI protein-coding; feature present on all five external platforms and GSE117606 FFPE
TTYH3	up	1.00959337474279	7.94711281881916	2.0382585634912e-13	1.99790679862683e-07	80727	protein-coding	O	TTYH3	current_ncbi_symbol	True	True	True	True	True	False	5	False	True	False	strict state-shared core; NCBI protein-coding; feature present on all five external platforms and GSE117606 FFPE
DTWD2	down	-0.680247638951043	-7.89523093705935	3.05418762937111e-13	1.49342717015166e-06	285605	protein-coding	O	DTWD2	current_ncbi_symbol	True	True	True	True	True	False	5	False	True	False	strict state-shared core; NCBI protein-coding; feature present on all five external platforms and GSE117606 FFPE
COX6C	down	-0.740037508915188	-7.88929682827129	3.16242030382632e-13	1.98271053886145e-06	1345	protein-coding	O	COX6C	current_ncbi_symbol	True	True	True	True	True	True	6	True	True	True	strict state-shared core; NCBI protein-coding; feature present on all five external platforms and GSE117606 FFPE
ATP5PO	down	-0.707715524285052	-7.88532812627314	3.22376337872093e-13	6.77674923554861e-06	539	protein-coding	O	ATP5PO	current_ncbi_symbol	True	False	False	False	False	False	1	False	True	False	strict state-shared core; NCBI protein-coding; feature present on all five external platforms and GSE117606 FFPE
FH	down	-0.845074228620209	-7.87890496294735	3.3519611514216e-13	8.36208060572829e-08	2271	protein-coding	O	FH	current_ncbi_symbol	True	True	True	True	True	False	5	False	True	False	strict state-shared core; NCBI protein-coding; feature present on all five external platforms and GSE117606 FFPE
SMAD6	up	0.671821348793217	7.85568842561723	3.9860049098202397e-13	0.0114933119731531	4091	protein-coding	O	SMAD6	current_ncbi_symbol	True	True	True	True	True	False	5	False	True	False	strict state-shared core; NCBI protein-coding; feature present on all five external platforms and GSE117606 FFPE
IFITM2	up	1.35039768197703	7.8368050550625	4.57755885933099e-13	7.02979583968204e-05	10581	protein-coding	O	IFITM2	current_ncbi_symbol	True	True	True	True	True	False	5	False	True	False	strict state-shared core; NCBI protein-coding; feature present on all five external platforms and GSE117606 FFPE
SLC25A37	up	0.512573758869505	7.83270156437292	4.67321577023887e-13	0.0012019014868972	51312	protein-coding	O	SLC25A37	current_ncbi_symbol	True	True	True	True	True	False	5	False	True	False	strict state-shared core; NCBI protein-coding; feature present on all five external platforms and GSE117606 FFPE
HS3ST4	down	-0.773028818028061	-7.82028321320999	5.09746723013775e-13	6.65174922032108e-07	9951	protein-coding	O	HS3ST4	current_ncbi_symbol	True	True	True	True	True	False	5	False	True	False	strict state-shared core; NCBI protein-coding; feature present on all five external platforms and GSE117606 FFPE
PLOD1	up	0.58425603478387	7.77918216163103	6.97780239537295e-13	9.50349878664131e-05	5351	protein-coding	O	PLOD1	current_ncbi_symbol	True	True	True	True	True	False	5	False	True	False	strict state-shared core; NCBI protein-coding; feature present on all five external platforms and GSE117606 FFPE
DUT	down	-0.755497948120062	-7.7768850872239	7.02395331764074e-13	1.42431805140175e-05	1854	protein-coding	O	DUT	current_ncbi_symbol	True	True	True	True	True	False	5	False	True	False	strict state-shared core; NCBI protein-coding; feature present on all five external platforms and GSE117606 FFPE
AGAP3	up	0.754530910444279	7.76809961354609	7.44303144260555e-13	0.0073354886621185	116988	protein-coding	O	AGAP3	current_ncbi_symbol	True	True	True	True	True	False	5	False	True	False	strict state-shared core; NCBI protein-coding; feature present on all five external platforms and GSE117606 FFPE
ZBTB4	up	0.57348134248291	7.75849968860384	7.9383412375386e-13	1.11159825347789e-06	57659	protein-coding	O	ZBTB4	current_ncbi_symbol	True	True	True	True	True	False	5	False	True	False	strict state-shared core; NCBI protein-coding; feature present on all five external platforms and GSE117606 FFPE
NDUFAB1	down	-0.700727325462223	-7.75620548846627	7.99338724698805e-13	4.4506240248765e-08	4706	protein-coding	O	NDUFAB1	current_ncbi_symbol	True	True	True	True	True	False	5	False	True	False	strict state-shared core; NCBI protein-coding; feature present on all five external platforms and GSE117606 FFPE
REG4	up	2.79818047069346	7.74818424729971	8.42117885180488e-13	2.60547144564391e-06	83998	protein-coding	O	REG4	current_ncbi_symbol	True	True	True	True	True	True	6	True	True	True	strict state-shared core; NCBI protein-coding; feature present on all five external platforms and GSE117606 FFPE
CCND3	up	0.704473029883433	7.73659612995023	9.12475431240585e-13	2.14039524062697e-05	896	protein-coding	O	CCND3	current_ncbi_symbol	True	True	True	True	True	False	5	False	True	False	strict state-shared core; NCBI protein-coding; feature present on all five external platforms and GSE117606 FFPE
RNF24	up	0.945589129574533	7.72117802715474	1.0188686139672499e-12	0.0019272395149582	11237	protein-coding	O	RNF24	current_ncbi_symbol	True	True	True	True	True	False	5	False	True	False	strict state-shared core; NCBI protein-coding; feature present on all five external platforms and GSE117606 FFPE
LINC-PINT	up	1.18600130886576	7.71887167837047	1.02643544264452e-12	2.04678372614667e-05	378805	ncRNA	O	LINC-PINT	current_ncbi_symbol	True	False	True	True	False	False	3	False	False	False	strict state-shared core; NCBI protein-coding; feature present on all five external platforms and GSE117606 FFPE
CHD3	up	0.546421183709276	7.71495269090836	1.0473304558668999e-12	0.0062761122092797	1107	protein-coding	O	CHD3	current_ncbi_symbol	True	True	True	True	True	False	5	False	True	False	strict state-shared core; NCBI protein-coding; feature present on all five external platforms and GSE117606 FFPE
TTL	up	0.623434002347345	7.71276551361429	1.05434477171999e-12	1.8572498934624e-06	150465	protein-coding	O	TTL	current_ncbi_symbol	True	True	True	True	True	False	5	False	True	False	strict state-shared core; NCBI protein-coding; feature present on all five external platforms and GSE117606 FFPE
EPHB3	up	1.45379374317603	7.70579333928579	1.10206246858218e-12	0.0034318201215363	2049	protein-coding	O	EPHB3	current_ncbi_symbol	True	True	True	True	True	True	6	True	True	True	strict state-shared core; NCBI protein-coding; feature present on all five external platforms and GSE117606 FFPE
GHITM	down	-0.860069099802707	-7.69763902354612	1.16271161085989e-12	9.94673572285443e-07	27069	protein-coding	O	GHITM	current_ncbi_symbol	True	True	True	True	True	False	5	False	True	False	strict state-shared core; NCBI protein-coding; feature present on all five external platforms and GSE117606 FFPE
PDLIM1	down	-0.584582772484143	-7.67117062112202	1.41528793961786e-12	6.45848379499103e-06	9124	protein-coding	O	PDLIM1	current_ncbi_symbol	True	True	True	True	True	False	5	False	True	False	strict state-shared core; NCBI protein-coding; feature present on all five external platforms and GSE117606 FFPE
WWC1	up	0.61139663712721	7.66947615709184	1.41976834841629e-12	6.16937240165812e-07	23286	protein-coding	O	WWC1	current_ncbi_symbol	True	True	True	True	True	False	5	False	True	False	strict state-shared core; NCBI protein-coding; feature present on all five external platforms and GSE117606 FFPE
GDF15	up	1.21716720627674	7.66804698694982	1.42145907636773e-12	0.0006966725154867	9518	protein-coding	O	GDF15	current_ncbi_symbol	True	True	True	True	True	True	6	True	True	True	strict state-shared core; NCBI protein-coding; feature present on all five external platforms and GSE117606 FFPE
PPM1H	up	0.709560243056364	7.64584589846874	1.67302303426414e-12	2.94265520581853e-07	57460	protein-coding	O	PPM1H	current_ncbi_symbol	True	False	True	True	True	False	4	False	True	False	strict state-shared core; NCBI protein-coding; feature present on all five external platforms and GSE117606 FFPE
CUEDC1	up	0.837356886186981	7.64043055566301	1.7243420001856e-12	1.53536322255829e-07	404093	protein-coding	O	CUEDC1	current_ncbi_symbol	True	True	True	True	True	False	5	False	True	False	strict state-shared core; NCBI protein-coding; feature present on all five external platforms and GSE117606 FFPE
ME1	up	1.16919959272059	7.63945779985111	1.7243420001856e-12	0.0044424556532474	4199	protein-coding	O	ME1	current_ncbi_symbol	True	True	True	True	True	False	5	False	True	False	strict state-shared core; NCBI protein-coding; feature present on all five external platforms and GSE117606 FFPE
ATP5F1C	down	-0.604661283277544	-7.62251268853263	1.94786539483632e-12	9.15737747952949e-06	509	protein-coding	O	ATP5F1C	current_ncbi_symbol	True	False	False	False	False	False	1	False	True	False	strict state-shared core; NCBI protein-coding; feature present on all five external platforms and GSE117606 FFPE
EPHB4	up	0.852738121007544	7.60166038785207	2.26740714982589e-12	0.0060039387418915	2050	protein-coding	O	EPHB4	current_ncbi_symbol	True	True	True	True	True	False	5	False	True	False	strict state-shared core; NCBI protein-coding; feature present on all five external platforms and GSE117606 FFPE
DACH1	up	0.795273740431136	7.597941085718	2.31170863920269e-12	1.6485519851396e-07	1602	protein-coding	O	DACH1	current_ncbi_symbol	True	True	True	True	True	False	5	False	True	False	strict state-shared core; NCBI protein-coding; feature present on all five external platforms and GSE117606 FFPE
LYN	up	0.593707854745484	7.58236927779678	2.58277092064901e-12	2.08847480745833e-05	4067	protein-coding	O	LYN	current_ncbi_symbol	True	True	True	True	True	False	5	False	True	False	strict state-shared core; NCBI protein-coding; feature present on all five external platforms and GSE117606 FFPE
ASRGL1	up	0.771226947254535	7.57091038827277	2.7952731568904697e-12	0.0001288741634534	80150	protein-coding	O	ASRGL1	current_ncbi_symbol	True	True	True	True	True	False	5	False	True	False	strict state-shared core; NCBI protein-coding; feature present on all five external platforms and GSE117606 FFPE
TMEM171	down	-0.838956520764345	-7.56735383437908	2.84673328363262e-12	1.85637282494877e-05	134285	protein-coding	O	TMEM171	current_ncbi_symbol	True	True	True	True	True	False	5	False	True	False	strict state-shared core; NCBI protein-coding; feature present on all five external platforms and GSE117606 FFPE
MAPK8IP3	up	0.795049269724932	7.54816394135754	3.2694179738719398e-12	2.24878373771529e-06	23162	protein-coding	O	MAPK8IP3	current_ncbi_symbol	True	True	True	True	True	False	5	False	True	False	strict state-shared core; NCBI protein-coding; feature present on all five external platforms and GSE117606 FFPE
ATP5PD	down	-0.541877623979731	-7.53897843786115	3.4768023720436998e-12	1.28785382746965e-06	10476	protein-coding	O	ATP5PD	current_ncbi_symbol	False	False	False	False	False	False	0	False	True	False	strict state-shared core; NCBI protein-coding; feature present on all five external platforms and GSE117606 FFPE
ENSG00000236449	down	-0.770108098251019	-7.53041463526676	3.67976684289503e-12	1.52567405120596e-06						False	False	False	False	False	False	0	False	False	False	strict state-shared core; NCBI protein-coding; feature present on all five external platforms and GSE117606 FFPE
KLHL29	up	1.06547784042641	7.525960242082	3.7740349942780095e-12	1.76617412405436e-07	114818	protein-coding	O	KLHL29	current_ncbi_symbol	True	False	True	True	True	False	4	False	True	False	strict state-shared core; NCBI protein-coding; feature present on all five external platforms and GSE117606 FFPE
NDUFA12	down	-0.618253618112802	-7.52226974276798	3.84838392558991e-12	2.99630950145735e-05	55967	protein-coding	O	NDUFA12	current_ncbi_symbol	True	True	True	True	True	False	5	False	True	False	strict state-shared core; NCBI protein-coding; feature present on all five external platforms and GSE117606 FFPE
GPX2	up	0.958431999614531	7.50770015426981	4.2646535680070996e-12	0.0171103108305125	2877	protein-coding	O	GPX2	current_ncbi_symbol	True	True	True	True	True	False	5	False	True	False	strict state-shared core; NCBI protein-coding; feature present on all five external platforms and GSE117606 FFPE
PLEKHB2	down	-0.586844125161359	-7.49771094353771	4.56314076696011e-12	0.00164670970364	55041	protein-coding	O	PLEKHB2	current_ncbi_symbol	True	True	True	True	True	False	5	False	True	False	strict state-shared core; NCBI protein-coding; feature present on all five external platforms and GSE117606 FFPE
ST3GAL2	up	0.758731485433781	7.49306369987892	4.68765771526509e-12	2.61718977589617e-07	6483	protein-coding	O	ST3GAL2	current_ncbi_symbol	True	True	True	True	True	False	5	False	True	False	strict state-shared core; NCBI protein-coding; feature present on all five external platforms and GSE117606 FFPE
CCDC88B	up	1.16254624070139	7.48478742516143	4.950771455929689e-12	1.1707948000102e-07	283234	protein-coding	O	CCDC88B	current_ncbi_symbol	True	True	True	True	True	False	5	False	True	False	strict state-shared core; NCBI protein-coding; feature present on all five external platforms and GSE117606 FFPE
SPCS2	down	-0.75697333470915	-7.48107663977615	5.05017203454163e-12	2.7975669336433e-05	9789	protein-coding	O	SPCS2	current_ncbi_symbol	True	True	True	True	True	False	5	False	True	False	strict state-shared core; NCBI protein-coding; feature present on all five external platforms and GSE117606 FFPE
MSI2	up	0.626256492278859	7.44406903063812	6.6332220069186794e-12	1.62990660691539e-05	124540	protein-coding	O	MSI2	current_ncbi_symbol	True	True	True	True	True	False	5	False	True	False	strict state-shared core; NCBI protein-coding; feature present on all five external platforms and GSE117606 FFPE
SMAD9	up	0.947006490036963	7.42657299325134	7.50991090907106e-12	0.0002612629401742	4093	protein-coding	O	SMAD9	current_ncbi_symbol	True	True	True	True	True	False	5	False	True	False	strict state-shared core; NCBI protein-coding; feature present on all five external platforms and GSE117606 FFPE
RUNX1	up	0.590810920390693	7.41900410503013	7.887097454393689e-12	0.0003645544708209	861	protein-coding	O	RUNX1	current_ncbi_symbol	True	True	True	True	True	False	5	False	True	False	strict state-shared core; NCBI protein-coding; feature present on all five external platforms and GSE117606 FFPE
GRINA	up	0.937891831641245	7.40965167428526	8.315706623964689e-12	0.00042853455001	2907	protein-coding	O	GRINA	current_ncbi_symbol	True	True	True	True	True	False	5	False	True	False	strict state-shared core; NCBI protein-coding; feature present on all five external platforms and GSE117606 FFPE
STBD1	down	-0.918109401895796	-7.40923017531176	8.315706623964689e-12	9.10849262947266e-06	8987	protein-coding	O	STBD1	current_ncbi_symbol	False	True	True	True	True	False	4	False	True	False	strict state-shared core; NCBI protein-coding; feature present on all five external platforms and GSE117606 FFPE
HM13	up	0.454189413276513	7.40879563374106	8.315706623964689e-12	0.0013327609319539	81502	protein-coding	O	HM13	current_ncbi_symbol	True	True	True	True	True	False	5	False	True	False	strict state-shared core; NCBI protein-coding; feature present on all five external platforms and GSE117606 FFPE
NR5A2	down	-0.523733075497614	-7.40331720807641	8.5979978289875e-12	0.0409792548811436	2494	protein-coding	O	NR5A2	current_ncbi_symbol	True	True	True	True	True	False	5	False	True	False	strict state-shared core; NCBI protein-coding; feature present on all five external platforms and GSE117606 FFPE
CNTN4	down	-1.36765446416826	-7.38154150290441	1.00493518955857e-11	1.19224652841421e-05	152330	protein-coding	O	CNTN4	current_ncbi_symbol	True	True	True	True	True	False	5	False	True	False	strict state-shared core; NCBI protein-coding; feature present on all five external platforms and GSE117606 FFPE
KLF4	down	-1.01562990416973	-7.35818264919111	1.17895999744184e-11	0.0002622821261475	9314	protein-coding	O	KLF4	current_ncbi_symbol	True	True	True	True	True	False	5	False	True	False	strict state-shared core; NCBI protein-coding; feature present on all five external platforms and GSE117606 FFPE
SUCLG1	down	-0.490797022139306	-7.35300223599608	1.21622913633875e-11	0.0002551558906789	8802	protein-coding	O	SUCLG1	current_ncbi_symbol	True	True	True	True	True	False	5	False	True	False	strict state-shared core; NCBI protein-coding; feature present on all five external platforms and GSE117606 FFPE
FOXA1	down	-1.12312539328555	-7.34117905894296	1.3186006229020698e-11	0.0001311622289248	3169	protein-coding	O	FOXA1	current_ncbi_symbol	True	True	True	True	True	False	5	False	True	False	strict state-shared core; NCBI protein-coding; feature present on all five external platforms and GSE117606 FFPE
PRDX6	down	-0.924076756997789	-7.3236865285413	1.4912143930923298e-11	4.00001471052569e-05	9588	protein-coding	O	PRDX6	current_ncbi_symbol	True	True	True	True	True	True	6	True	True	True	strict state-shared core; NCBI protein-coding; feature present on all five external platforms and GSE117606 FFPE
PKIB	down	-1.06781403443604	-7.31864170058581	1.5367958580470003e-11	2.45167973478289e-07	5570	protein-coding	O	PKIB	current_ncbi_symbol	True	True	True	True	True	True	6	True	True	True	strict state-shared core; NCBI protein-coding; feature present on all five external platforms and GSE117606 FFPE
HSD17B11	down	-0.631985262581884	-7.30162176404748	1.73140108492385e-11	0.0001933484584603	51170	protein-coding	O	HSD17B11	current_ncbi_symbol	True	True	True	True	True	False	5	False	True	False	strict state-shared core; NCBI protein-coding; feature present on all five external platforms and GSE117606 FFPE
RMND5A	down	-0.749521366143798	-7.29900809139787	1.7523840590292197e-11	1.82640346763074e-05	64795	protein-coding	O	RMND5A	current_ncbi_symbol	True	True	True	True	True	False	5	False	True	False	strict state-shared core; NCBI protein-coding; feature present on all five external platforms and GSE117606 FFPE
TMED7	down	-1.06883073001229	-7.28610196143938	1.9145421945393898e-11	0.0006217890531553	51014	protein-coding	O	TMED7	current_ncbi_symbol	True	True	True	True	True	False	5	False	True	False	strict state-shared core; NCBI protein-coding; feature present on all five external platforms and GSE117606 FFPE
LRSAM1	up	0.674450879011359	7.28444142302015	1.92422502126017e-11	0.0001075713413093	90678	protein-coding	O	LRSAM1	current_ncbi_symbol	True	True	True	True	True	False	5	False	True	False	strict state-shared core; NCBI protein-coding; feature present on all five external platforms and GSE117606 FFPE
TBC1D16	up	0.634763335009532	7.28152684225763	1.95212056723955e-11	0.0021335119824516	125058	protein-coding	O	TBC1D16	current_ncbi_symbol	True	True	True	True	True	False	5	False	True	False	strict state-shared core; NCBI protein-coding; feature present on all five external platforms and GSE117606 FFPE
SLC25A5	down	-0.680508066205169	-7.27056978001731	2.1020764226058898e-11	7.6502304957593e-07	292	protein-coding	O	SLC25A5	current_ncbi_symbol	False	True	True	True	True	True	5	False	True	False	strict state-shared core; NCBI protein-coding; feature present on all five external platforms and GSE117606 FFPE
NXPE4	down	-0.88037349380791	-7.26433819738294	2.18567259066287e-11	0.0009143516526645	54827	protein-coding	O	NXPE4	current_ncbi_symbol	True	False	True	True	True	False	4	False	True	False	strict state-shared core; NCBI protein-coding; feature present on all five external platforms and GSE117606 FFPE
TUSC1	down	-0.872123571814778	-7.25072125612798	2.40005764025345e-11	8.19542450569699e-08	286319	protein-coding	O	TUSC1	current_ncbi_symbol	True	True	True	True	True	False	5	False	True	False	strict state-shared core; NCBI protein-coding; feature present on all five external platforms and GSE117606 FFPE
AOPEP	up	0.634384853332773	7.24500855880344	2.4859148379765396e-11	2.94317688634235e-06	84909	protein-coding	O	AOPEP	current_ncbi_symbol	True	False	False	False	False	False	1	False	True	False	strict state-shared core; NCBI protein-coding; feature present on all five external platforms and GSE117606 FFPE
ZNRF3	up	0.750120270654409	7.22973434425144	2.7527291451046002e-11	0.0021071607704681	84133	protein-coding	O	ZNRF3	current_ncbi_symbol	True	False	True	True	True	True	5	False	True	False	strict state-shared core; NCBI protein-coding; feature present on all five external platforms and GSE117606 FFPE
CCL15	down	-0.659507627791031	-7.22929167095181	2.7527291451046002e-11	0.0001201396196444	6359	protein-coding	O	CCL15	current_ncbi_symbol	False	True	True	True	True	False	4	False	True	False	strict state-shared core; NCBI protein-coding; feature present on all five external platforms and GSE117606 FFPE
EID1	down	-0.640042626509583	-7.22185715401425	2.88761653659939e-11	5.59462373239672e-06	23741	protein-coding	O	EID1	current_ncbi_symbol	True	True	True	True	True	False	5	False	True	False	strict state-shared core; NCBI protein-coding; feature present on all five external platforms and GSE117606 FFPE
TWSG1	up	0.829676017827197	7.17460472820105	4.02808964207765e-11	8.94332580883491e-07	57045	protein-coding	O	TWSG1	current_ncbi_symbol	True	True	True	True	True	False	5	False	True	False	strict state-shared core; NCBI protein-coding; feature present on all five external platforms and GSE117606 FFPE
TMC7	up	0.763760627520156	7.14787923070745	4.8624616961794594e-11	1.25901159907832e-06	79905	protein-coding	O	TMC7	current_ncbi_symbol	True	True	True	True	True	False	5	False	True	False	strict state-shared core; NCBI protein-coding; feature present on all five external platforms and GSE117606 FFPE
NARS1	down	-0.662088187298242	-7.1437908055467	4.9759818693972496e-11	0.0001016447940309	4677	protein-coding	O	NARS1	current_ncbi_symbol	True	False	False	False	False	False	1	False	True	False	strict state-shared core; NCBI protein-coding; feature present on all five external platforms and GSE117606 FFPE
BAIAP2	up	0.861487507511833	7.12712167320418	5.5799079019738e-11	9.24267122242536e-05	10458	protein-coding	O	BAIAP2	current_ncbi_symbol	True	True	True	True	True	False	5	False	True	False	strict state-shared core; NCBI protein-coding; feature present on all five external platforms and GSE117606 FFPE
ZNFX1	up	0.571060400815994	7.10700524579524	6.413890554235629e-11	0.004199892330103	57169	protein-coding	O	ZNFX1	current_ncbi_symbol	True	True	True	True	True	False	5	False	True	False	strict state-shared core; NCBI protein-coding; feature present on all five external platforms and GSE117606 FFPE
DAZAP2	down	-0.649735657596179	-7.10079343582664	6.665063532920949e-11	0.0002999442410588	9802	protein-coding	O	DAZAP2	current_ncbi_symbol	True	True	True	True	True	False	5	False	True	False	strict state-shared core; NCBI protein-coding; feature present on all five external platforms and GSE117606 FFPE
TGFBR2	up	0.876668514350101	7.09891119665945	6.712583706108969e-11	4.72530682463037e-06	7048	protein-coding	O	TGFBR2	current_ncbi_symbol	True	True	True	True	True	False	5	False	True	False	strict state-shared core; NCBI protein-coding; feature present on all five external platforms and GSE117606 FFPE
PTP4A1	down	-1.08187381956527	-7.08936963503999	7.145600021702679e-11	0.0021876898224285	7803	protein-coding	O	PTP4A1	current_ncbi_symbol	True	True	True	True	True	False	5	False	True	False	strict state-shared core; NCBI protein-coding; feature present on all five external platforms and GSE117606 FFPE
PDZD11	down	-0.740524207937462	-7.07828772861652	7.69119144243692e-11	0.0023959682240684	51248	protein-coding	O	PDZD11	current_ncbi_symbol	True	True	True	True	True	False	5	False	True	False	strict state-shared core; NCBI protein-coding; feature present on all five external platforms and GSE117606 FFPE
HADHA	down	-0.324254017607147	-7.06696958514059	8.252898028131189e-11	3.05961453883619e-06	3030	protein-coding	O	HADHA	current_ncbi_symbol	True	True	True	True	True	False	5	False	True	False	strict state-shared core; NCBI protein-coding; feature present on all five external platforms and GSE117606 FFPE
HMGB2	down	-0.677467559309494	-7.06674234961684	8.252898028131189e-11	0.003117043666496	3148	protein-coding	O	HMGB2	current_ncbi_symbol	True	True	True	True	True	False	5	False	True	False	strict state-shared core; NCBI protein-coding; feature present on all five external platforms and GSE117606 FFPE
ZHX2	up	0.606903841172351	7.04298767571907	9.728745754119829e-11	0.0002298711811161	22882	protein-coding	O	ZHX2	current_ncbi_symbol	True	True	True	True	True	False	5	False	True	False	strict state-shared core; NCBI protein-coding; feature present on all five external platforms and GSE117606 FFPE
SMIM15	down	-0.914835590875844	-7.03936928704639	9.92233301985879e-11	3.01525556654081e-05	643155	protein-coding	O	SMIM15	current_ncbi_symbol	True	False	True	True	False	False	3	False	True	False	strict state-shared core; NCBI protein-coding; feature present on all five external platforms and GSE117606 FFPE
CHASERR	down	-0.93154870633285	-7.01775028633445	1.15129251774711e-10	9.10318855273928e-06	100507217	ncRNA	O	CHASERR	current_ncbi_symbol	True	False	False	False	False	False	1	False	False	False	strict state-shared core; NCBI protein-coding; feature present on all five external platforms and GSE117606 FFPE
TEAD1	up	0.554483119610202	7.01101515059838	1.20064716051527e-10	0.0001043806239709	7003	protein-coding	O	TEAD1	current_ncbi_symbol	True	True	True	True	True	False	5	False	True	False	strict state-shared core; NCBI protein-coding; feature present on all five external platforms and GSE117606 FFPE
GLTP	down	-0.438154039065401	-6.99942399902547	1.29627999018355e-10	0.0002198980544358	51228	protein-coding	O	GLTP	current_ncbi_symbol	True	True	True	True	True	False	5	False	True	False	strict state-shared core; NCBI protein-coding; feature present on all five external platforms and GSE117606 FFPE
RPL5	down	-0.748335275846332	-6.97421432131063	1.5418629773226201e-10	0.0334008180472934	6125	protein-coding	O	RPL5	current_ncbi_symbol	True	True	True	True	True	False	5	False	True	False	strict state-shared core; NCBI protein-coding; feature present on all five external platforms and GSE117606 FFPE
NPRL3	up	0.701192138590691	6.97032403435566	1.57550138554788e-10	0.0001994792650729	8131	protein-coding	O	NPRL3	current_ncbi_symbol	True	False	True	True	True	False	4	False	True	False	strict state-shared core; NCBI protein-coding; feature present on all five external platforms and GSE117606 FFPE
EPCAM	down	-0.68005935447924	-6.95897454622958	1.69748014625824e-10	3.77741445153346e-05	4072	protein-coding	O	EPCAM	current_ncbi_symbol	True	False	True	True	True	True	5	False	True	False	strict state-shared core; NCBI protein-coding; feature present on all five external platforms and GSE117606 FFPE
LGALS4	down	-0.647796070773914	-6.92978450462042	2.07485322747022e-10	1.26955671158058e-05	3960	protein-coding	O	LGALS4	current_ncbi_symbol	True	True	True	True	True	True	6	True	True	True	strict state-shared core; NCBI protein-coding; feature present on all five external platforms and GSE117606 FFPE
SPATS2	up	0.500546641034162	6.92505815520997	2.12758986013205e-10	0.0020856160125823	65244	protein-coding	O	SPATS2	current_ncbi_symbol	True	True	True	True	True	False	5	False	True	False	strict state-shared core; NCBI protein-coding; feature present on all five external platforms and GSE117606 FFPE
SF3B6	down	-0.688199562697392	-6.9245475928326	2.12758986013205e-10	4.39431867294005e-05	51639	protein-coding	O	SF3B6	current_ncbi_symbol	True	False	True	True	False	False	3	False	True	False	strict state-shared core; NCBI protein-coding; feature present on all five external platforms and GSE117606 FFPE
PDE4A	up	0.747235897660671	6.92301101258703	2.13815337620387e-10	3.2052680953207e-05	5141	protein-coding	O	PDE4A	current_ncbi_symbol	True	True	True	True	True	False	5	False	True	False	strict state-shared core; NCBI protein-coding; feature present on all five external platforms and GSE117606 FFPE
NDUFB5	down	-0.844998374745798	-6.91826228468123	2.19811850425273e-10	3.4574924768771e-06	4711	protein-coding	O	NDUFB5	current_ncbi_symbol	True	True	True	True	True	False	5	False	True	False	strict state-shared core; NCBI protein-coding; feature present on all five external platforms and GSE117606 FFPE
PBX4	up	0.829949547338738	6.91651384464582	2.21246801952008e-10	3.60467938263246e-06	80714	protein-coding	O	PBX4	current_ncbi_symbol	True	True	True	True	True	False	5	False	True	False	strict state-shared core; NCBI protein-coding; feature present on all five external platforms and GSE117606 FFPE
MRPL34	down	-0.505577706441846	-6.91319268302679	2.25182028208453e-10	0.00286088577397	64981	protein-coding	O	MRPL34	current_ncbi_symbol	True	True	True	True	True	False	5	False	True	False	strict state-shared core; NCBI protein-coding; feature present on all five external platforms and GSE117606 FFPE
SPCS1	down	-0.672460277008639	-6.9109526944623	2.27452195558283e-10	2.3871471600434e-05	28972	protein-coding	O	SPCS1	current_ncbi_symbol	True	True	True	True	True	False	5	False	True	False	strict state-shared core; NCBI protein-coding; feature present on all five external platforms and GSE117606 FFPE
MRPS6	down	-0.909901669565879	-6.90105738206175	2.41103600405681e-10	0.0005211473133848	64968	protein-coding	O	MRPS6	current_ncbi_symbol	True	True	True	True	True	False	5	False	True	False	strict state-shared core; NCBI protein-coding; feature present on all five external platforms and GSE117606 FFPE
ITM2B	down	-0.938377236224654	-6.89228850758455	2.54999077945643e-10	2.66322019749632e-05	9445	protein-coding	O	ITM2B	current_ncbi_symbol	True	True	True	True	True	False	5	False	True	False	strict state-shared core; NCBI protein-coding; feature present on all five external platforms and GSE117606 FFPE
EVPL	up	0.739286448179666	6.88796043754268	2.6139983462316e-10	6.39959922444417e-06	2125	protein-coding	O	EVPL	current_ncbi_symbol	True	True	True	True	True	False	5	False	True	False	strict state-shared core; NCBI protein-coding; feature present on all five external platforms and GSE117606 FFPE
SEZ6L2	up	0.794468833566284	6.87046369801467	2.92616498075052e-10	6.44772495174143e-05	26470	protein-coding	O	SEZ6L2	current_ncbi_symbol	True	True	True	True	True	False	5	False	True	False	strict state-shared core; NCBI protein-coding; feature present on all five external platforms and GSE117606 FFPE
CALM1	down	-0.58868349685245	-6.87029602854979	2.92616498075052e-10	3.49897187001957e-06	801	protein-coding	O	CALM1	current_ncbi_symbol	True	True	True	True	True	True	6	True	True	True	strict state-shared core; NCBI protein-coding; feature present on all five external platforms and GSE117606 FFPE
GOT1	down	-0.36703423832006	-6.86384758718263	3.04450186047852e-10	0.0012875532970888	2805	protein-coding	O	GOT1	current_ncbi_symbol	True	True	True	True	True	False	5	False	True	False	strict state-shared core; NCBI protein-coding; feature present on all five external platforms and GSE117606 FFPE
HSBP1	down	-0.538846505442927	-6.84069331972167	3.55991043378399e-10	1.28981200691047e-05	3281	protein-coding	O	HSBP1	current_ncbi_symbol	True	True	True	True	True	False	5	False	True	False	strict state-shared core; NCBI protein-coding; feature present on all five external platforms and GSE117606 FFPE
URAD	down	-0.851496764348345	-6.83978089661285	3.56307995845385e-10	0.002737970319282	646625	protein-coding	O	URAD	current_ncbi_symbol	False	False	False	False	False	False	0	False	True	False	strict state-shared core; NCBI protein-coding; feature present on all five external platforms and GSE117606 FFPE
CD44	up	0.836506251577996	6.83827140216472	3.58124802604109e-10	0.0010586103705626	960	protein-coding	O	CD44	current_ncbi_symbol	True	True	True	True	True	False	5	False	True	False	strict state-shared core; NCBI protein-coding; feature present on all five external platforms and GSE117606 FFPE
MAP3K5	up	0.60661616538827	6.82947819646747	3.78717240749474e-10	7.87673741260253e-07	4217	protein-coding	O	MAP3K5	current_ncbi_symbol	True	False	True	True	True	False	4	False	True	False	strict state-shared core; NCBI protein-coding; feature present on all five external platforms and GSE117606 FFPE
IDH1	down	-0.643818361628117	-6.82540890677052	3.87515048737751e-10	0.0002795898512762	3417	protein-coding	O	IDH1	current_ncbi_symbol	True	True	True	True	True	False	5	False	True	False	strict state-shared core; NCBI protein-coding; feature present on all five external platforms and GSE117606 FFPE
PGM1	down	-0.53843070797695	-6.81337387106659	4.19121293781589e-10	0.0001285684179943	5236	protein-coding	O	PGM1	current_ncbi_symbol	True	True	True	True	True	False	5	False	True	False	strict state-shared core; NCBI protein-coding; feature present on all five external platforms and GSE117606 FFPE
SRP9	down	-0.886189066772532	-6.81045987157057	4.25424716351815e-10	7.75121175777826e-06	6726	protein-coding	O	SRP9	current_ncbi_symbol	True	True	True	True	True	False	5	False	True	False	strict state-shared core; NCBI protein-coding; feature present on all five external platforms and GSE117606 FFPE
LAMTOR3	down	-1.12062707788061	-6.78597385947005	4.98910982036803e-10	4.63242240500428e-06	8649	protein-coding	O	LAMTOR3	current_ncbi_symbol	True	False	True	True	True	False	4	False	True	False	strict state-shared core; NCBI protein-coding; feature present on all five external platforms and GSE117606 FFPE
CALM2	down	-0.980109498274215	-6.78231552125183	5.09034119606585e-10	6.85243979161587e-05	805	protein-coding	O	CALM2	current_ncbi_symbol	True	True	True	True	True	True	6	True	True	True	strict state-shared core; NCBI protein-coding; feature present on all five external platforms and GSE117606 FFPE
ATP11A	up	0.838698261451638	6.77472280992085	5.3370134005844e-10	0.0002124898295891	23250	protein-coding	O	ATP11A	current_ncbi_symbol	True	True	True	True	True	False	5	False	True	False	strict state-shared core; NCBI protein-coding; feature present on all five external platforms and GSE117606 FFPE
TMEM238L	down	-0.71125287812099	-6.74478515957546	6.52796896188025e-10	0.0007237300752643	100289255	protein-coding	O	TMEM238L	current_ncbi_symbol	True	False	False	False	False	False	1	False	True	False	strict state-shared core; NCBI protein-coding; feature present on all five external platforms and GSE117606 FFPE
ZKSCAN1	up	0.447043307538611	6.74399488683126	6.529760808484951e-10	0.0037274844881894	7586	protein-coding	O	ZKSCAN1	current_ncbi_symbol	True	True	True	True	True	False	5	False	True	False	strict state-shared core; NCBI protein-coding; feature present on all five external platforms and GSE117606 FFPE
APLP2	down	-0.543508439804108	-6.74021583784222	6.66750587523504e-10	6.83687365288232e-06	334	protein-coding	O	APLP2	current_ncbi_symbol	True	True	True	True	True	False	5	False	True	False	strict state-shared core; NCBI protein-coding; feature present on all five external platforms and GSE117606 FFPE
PGK1	down	-0.668035626028536	-6.72825358046233	7.20224561577858e-10	3.38209257534361e-05	5230	protein-coding	O	PGK1	current_ncbi_symbol	True	True	True	True	True	False	5	False	True	False	strict state-shared core; NCBI protein-coding; feature present on all five external platforms and GSE117606 FFPE
ATP5PF	down	-0.514895250526144	-6.72338581216932	7.40931751835386e-10	3.55866589640819e-06	522	protein-coding	O	ATP5PF	current_ncbi_symbol	True	False	False	False	False	False	1	False	True	False	strict state-shared core; NCBI protein-coding; feature present on all five external platforms and GSE117606 FFPE
GXYLT2	down	-1.00845488872788	-6.69952681527542	8.681687309438111e-10	0.0042415125118779	727936	protein-coding	O	GXYLT2	current_ncbi_symbol	True	False	True	True	True	False	4	False	True	False	strict state-shared core; NCBI protein-coding; feature present on all five external platforms and GSE117606 FFPE
MGST1	down	-0.70387987049198	-6.68887401114887	9.29073137265283e-10	0.0004200404296088	4257	protein-coding	O	MGST1	current_ncbi_symbol	True	True	True	True	True	False	5	False	True	False	strict state-shared core; NCBI protein-coding; feature present on all five external platforms and GSE117606 FFPE
HMGN2	down	-0.664073842948169	-6.68253684705718	9.65313464492134e-10	1.44644057041843e-05	3151	protein-coding	O	HMGN2	current_ncbi_symbol	False	True	True	True	True	False	4	False	True	False	strict state-shared core; NCBI protein-coding; feature present on all five external platforms and GSE117606 FFPE
LRP1	up	0.76204073576223	6.68174885635408	9.65691051109025e-10	0.0007842658154697	4035	protein-coding	O	LRP1	current_ncbi_symbol	True	True	True	True	True	False	5	False	True	False	strict state-shared core; NCBI protein-coding; feature present on all five external platforms and GSE117606 FFPE
PTGDR	down	-1.12440088775266	-6.66051707470196	1.1105100292111202e-09	0.0338654503362672	5729	protein-coding	O	PTGDR	current_ncbi_symbol	True	True	True	True	True	False	5	False	True	False	strict state-shared core; NCBI protein-coding; feature present on all five external platforms and GSE117606 FFPE
ATP5F1A	down	-0.638284960440851	-6.6500541779807	1.18651770178821e-09	4.10485803037375e-06	498	protein-coding	O	ATP5F1A	current_ncbi_symbol	True	False	False	False	False	False	1	False	True	False	strict state-shared core; NCBI protein-coding; feature present on all five external platforms and GSE117606 FFPE
MCUR1	down	-0.49784591708728	-6.63436584605205	1.3133474613556101e-09	0.0064826149360007	63933	protein-coding	O	MCUR1	current_ncbi_symbol	True	False	True	True	False	False	3	False	True	False	strict state-shared core; NCBI protein-coding; feature present on all five external platforms and GSE117606 FFPE
RASSF1	up	0.726460658460741	6.63294627955114	1.31957714782502e-09	3.38577946242564e-05	11186	protein-coding	O	RASSF1	current_ncbi_symbol	True	True	True	True	True	False	5	False	True	False	strict state-shared core; NCBI protein-coding; feature present on all five external platforms and GSE117606 FFPE
ENSG00000271254	down	-0.681908216175817	-6.6305465454461	1.3347000589546102e-09	0.004273263112186						False	False	False	False	False	False	0	False	False	False	strict state-shared core; NCBI protein-coding; feature present on all five external platforms and GSE117606 FFPE
PLD3	up	0.467344660716226	6.61775691882906	1.44836564408654e-09	0.0002557356172926	23646	protein-coding	O	PLD3	current_ncbi_symbol	True	True	True	True	True	False	5	False	True	False	strict state-shared core; NCBI protein-coding; feature present on all five external platforms and GSE117606 FFPE
PTMA	down	-0.439963545655781	-6.61071451994875	1.5116736615708402e-09	1.21228024908548e-05	5757	protein-coding	O	PTMA	current_ncbi_symbol	True	True	True	True	True	False	5	False	True	False	strict state-shared core; NCBI protein-coding; feature present on all five external platforms and GSE117606 FFPE
TNK2	up	0.686979595983357	6.60235181060224	1.5867423209748301e-09	0.0001792732877531	10188	protein-coding	O	TNK2	current_ncbi_symbol	True	True	True	True	True	False	5	False	True	False	strict state-shared core; NCBI protein-coding; feature present on all five external platforms and GSE117606 FFPE
HMGCS2	down	-0.754153391439125	-6.60211867947231	1.5867423209748301e-09	1.25325341053806e-05	3158	protein-coding	O	HMGCS2	current_ncbi_symbol	True	True	True	True	True	True	6	True	True	True	strict state-shared core; NCBI protein-coding; feature present on all five external platforms and GSE117606 FFPE
BEX4	down	-1.31509796570858	-6.60111038994324	1.5900019009714102e-09	0.0046073255371028	56271	protein-coding	O	BEX4	current_ncbi_symbol	True	True	True	True	True	False	5	False	True	False	strict state-shared core; NCBI protein-coding; feature present on all five external platforms and GSE117606 FFPE
CNN3	down	-0.903009386895731	-6.59622460687673	1.6355129669771502e-09	0.0002147168660031	1266	protein-coding	O	CNN3	current_ncbi_symbol	True	True	True	True	True	False	5	False	True	False	strict state-shared core; NCBI protein-coding; feature present on all five external platforms and GSE117606 FFPE
GABPB1-AS1	up	0.795758150481102	6.58099181846827	1.8036808501405301e-09	0.0012633571405533	100129387	ncRNA	O	GABPB1-AS1	current_ncbi_symbol	True	False	True	True	True	False	4	False	False	False	strict state-shared core; NCBI protein-coding; feature present on all five external platforms and GSE117606 FFPE
STX3	down	-0.536485469650153	-6.57033487262458	1.9285632198365604e-09	1.34261947378755e-05	6809	protein-coding	O	STX3	current_ncbi_symbol	True	True	True	True	True	False	5	False	True	False	strict state-shared core; NCBI protein-coding; feature present on all five external platforms and GSE117606 FFPE
RNF5	down	-0.592363020883998	-6.56894574163531	1.93758428122468e-09	0.0001312094306923	6048	protein-coding	O	RNF5	current_ncbi_symbol	False	True	True	True	True	False	4	False	True	False	strict state-shared core; NCBI protein-coding; feature present on all five external platforms and GSE117606 FFPE
TMEM230	down	-0.591547201266225	-6.56574718297166	1.9704744426964802e-09	0.0025371166007732	29058	protein-coding	O	TMEM230	current_ncbi_symbol	True	False	True	True	True	False	4	False	True	False	strict state-shared core; NCBI protein-coding; feature present on all five external platforms and GSE117606 FFPE
DHRS9	down	-1.36528002697708	-6.56089106730149	2.0263509154019e-09	0.0171641780437898	10170	protein-coding	O	DHRS9	current_ncbi_symbol	True	True	False	False	True	False	3	False	True	False	strict state-shared core; NCBI protein-coding; feature present on all five external platforms and GSE117606 FFPE
CACNA1C	up	0.93776585642188	6.55934594683677	2.03806481774795e-09	0.0218523629501389	775	protein-coding	O	CACNA1C	current_ncbi_symbol	True	True	True	True	True	False	5	False	True	False	strict state-shared core; NCBI protein-coding; feature present on all five external platforms and GSE117606 FFPE
SNTB1	up	0.746881194928586	6.55785523696092	2.0491371861213103e-09	3.66172313716751e-06	6641	protein-coding	O	SNTB1	current_ncbi_symbol	True	True	True	True	True	False	5	False	True	False	strict state-shared core; NCBI protein-coding; feature present on all five external platforms and GSE117606 FFPE
MAGOH	down	-0.576866370882464	-6.53994538047761	2.2996866662476604e-09	4.1279578986142e-05	4116	protein-coding	O	MAGOH	current_ncbi_symbol	True	True	True	True	True	False	5	False	True	False	strict state-shared core; NCBI protein-coding; feature present on all five external platforms and GSE117606 FFPE
CITED2	down	-0.859085906099898	-6.53708807518986	2.33342901943176e-09	1.39088037128809e-05	10370	protein-coding	O	CITED2	current_ncbi_symbol	True	True	True	True	True	False	5	False	True	False	strict state-shared core; NCBI protein-coding; feature present on all five external platforms and GSE117606 FFPE
CA2	down	-1.035634153287	-6.53290419274132	2.3887712140060903e-09	2.32863974948261e-05	760	protein-coding	O	CA2	current_ncbi_symbol	True	True	True	True	True	True	6	True	True	True	strict state-shared core; NCBI protein-coding; feature present on all five external platforms and GSE117606 FFPE
DYNLL1	down	-0.670252262998922	-6.53180249773628	2.3956220129976704e-09	0.0001149699281831	8655	protein-coding	O	DYNLL1	current_ncbi_symbol	True	True	True	True	True	False	5	False	True	False	strict state-shared core; NCBI protein-coding; feature present on all five external platforms and GSE117606 FFPE
TSPAN3	down	-0.799654948565316	-6.52462015879954	2.5020495537320403e-09	0.0010382015503521	10099	protein-coding	O	TSPAN3	current_ncbi_symbol	True	True	True	True	True	False	5	False	True	False	strict state-shared core; NCBI protein-coding; feature present on all five external platforms and GSE117606 FFPE
NDRG2	down	-0.449737563905649	-6.52074690720181	2.55611511115556e-09	0.0006381361835383	57447	protein-coding	O	NDRG2	current_ncbi_symbol	True	True	True	True	True	False	5	False	True	False	strict state-shared core; NCBI protein-coding; feature present on all five external platforms and GSE117606 FFPE
CISD1	down	-0.464013747621455	-6.51558537528715	2.63387474174629e-09	8.54274026194091e-05	55847	protein-coding	O	CISD1	current_ncbi_symbol	True	True	True	True	True	False	5	False	True	False	strict state-shared core; NCBI protein-coding; feature present on all five external platforms and GSE117606 FFPE
TMEM59	down	-0.677038644342163	-6.50426271891269	2.82756570532559e-09	0.0009292293311149	9528	protein-coding	O	TMEM59	current_ncbi_symbol	True	True	True	True	True	False	5	False	True	False	strict state-shared core; NCBI protein-coding; feature present on all five external platforms and GSE117606 FFPE
GLRX2	down	-0.62115164069821	-6.50004432983697	2.89524678833609e-09	0.0004218438833909	51022	protein-coding	O	GLRX2	current_ncbi_symbol	True	True	True	True	True	False	5	False	True	False	strict state-shared core; NCBI protein-coding; feature present on all five external platforms and GSE117606 FFPE
NDUFA6	down	-0.56139189028646	-6.49576803837116	2.9656938252212703e-09	9.42916126422944e-06	4700	protein-coding	O	NDUFA6	current_ncbi_symbol	True	False	True	True	True	False	4	False	True	False	strict state-shared core; NCBI protein-coding; feature present on all five external platforms and GSE117606 FFPE
COX7C	down	-0.540441107212094	-6.49278032847219	3.0119784725798603e-09	1.64532435669162e-05	1350	protein-coding	O	COX7C	current_ncbi_symbol	True	True	True	True	True	False	5	False	True	False	strict state-shared core; NCBI protein-coding; feature present on all five external platforms and GSE117606 FFPE
NET1	down	-0.821881345654135	-6.49212257599181	3.0120658690520605e-09	0.0001200828400721	10276	protein-coding	O	NET1	current_ncbi_symbol	True	True	True	True	True	False	5	False	True	False	strict state-shared core; NCBI protein-coding; feature present on all five external platforms and GSE117606 FFPE
RHOA	down	-0.607384332485806	-6.48651412677702	3.1096158690345804e-09	6.54098492981481e-05	387	protein-coding	O	RHOA	current_ncbi_symbol	True	True	True	True	True	False	5	False	True	False	strict state-shared core; NCBI protein-coding; feature present on all five external platforms and GSE117606 FFPE
HSPA1B	down	-0.722247646029275	-6.48602099378626	3.1096158690345804e-09	7.37101175318777e-06	3304	protein-coding	O	HSPA1B	current_ncbi_symbol	True	True	False	False	True	False	3	False	True	False	strict state-shared core; NCBI protein-coding; feature present on all five external platforms and GSE117606 FFPE
COX6A1	down	-0.595609682971969	-6.48274441949016	3.16434732029663e-09	3.87794816539833e-05	1337	protein-coding	O	COX6A1	current_ncbi_symbol	False	True	True	True	True	True	5	False	True	False	strict state-shared core; NCBI protein-coding; feature present on all five external platforms and GSE117606 FFPE
S100A10	down	-0.655946970244849	-6.46802042311193	3.47363769155769e-09	0.0003056710574087	6281	protein-coding	O	S100A10	current_ncbi_symbol	True	True	True	True	True	False	5	False	True	False	strict state-shared core; NCBI protein-coding; feature present on all five external platforms and GSE117606 FFPE
SH3PXD2B	up	0.759908624121097	6.46244401366265	3.5888590376899904e-09	0.0027960561467986	285590	protein-coding	O	SH3PXD2B	current_ncbi_symbol	True	True	True	True	True	False	5	False	True	False	strict state-shared core; NCBI protein-coding; feature present on all five external platforms and GSE117606 FFPE
TRIP6	up	0.841155733859609	6.44540747248953	3.9991608112397905e-09	0.0028544670253994	7205	protein-coding	O	TRIP6	current_ncbi_symbol	True	True	True	True	True	True	6	True	True	True	strict state-shared core; NCBI protein-coding; feature present on all five external platforms and GSE117606 FFPE
TMEM14B	down	-0.640058365505814	-6.44432800701941	4.01080222792539e-09	6.42780028786705e-05	81853	protein-coding	O	TMEM14B	current_ncbi_symbol	True	True	True	True	True	False	5	False	True	False	strict state-shared core; NCBI protein-coding; feature present on all five external platforms and GSE117606 FFPE
CDK5RAP3	up	0.538021778992179	6.44289897844253	4.0318232704816e-09	4.64193534436128e-05	80279	protein-coding	O	CDK5RAP3	current_ncbi_symbol	True	True	True	True	True	False	5	False	True	False	strict state-shared core; NCBI protein-coding; feature present on all five external platforms and GSE117606 FFPE
TENT5C	down	-0.942695765606385	-6.43530100188742	4.22110260657931e-09	0.0356925513011935	54855	protein-coding	O	TENT5C	current_ncbi_symbol	True	False	False	False	False	False	1	False	True	False	strict state-shared core; NCBI protein-coding; feature present on all five external platforms and GSE117606 FFPE
ZNF703	up	0.496692297903778	6.43157703436741	4.30789782769815e-09	0.023827933161628	80139	protein-coding	O	ZNF703	current_ncbi_symbol	True	True	True	True	True	True	6	True	True	True	strict state-shared core; NCBI protein-coding; feature present on all five external platforms and GSE117606 FFPE
UGDH	down	-0.540139078392651	-6.41986361002423	4.6119678926038e-09	0.0098824251093396	7358	protein-coding	O	UGDH	current_ncbi_symbol	True	True	True	True	True	False	5	False	True	False	strict state-shared core; NCBI protein-coding; feature present on all five external platforms and GSE117606 FFPE
DDC	down	-0.717835975990076	-6.4197767728912	4.6119678926038e-09	0.0001226876112704	1644	protein-coding	O	DDC	current_ncbi_symbol	True	True	True	True	True	False	5	False	True	False	strict state-shared core; NCBI protein-coding; feature present on all five external platforms and GSE117606 FFPE
EPHB2	up	0.776094511519	6.41932087890338	4.6119678926038e-09	0.00027513321367	2048	protein-coding	O	EPHB2	current_ncbi_symbol	True	True	True	True	True	True	6	True	True	True	strict state-shared core; NCBI protein-coding; feature present on all five external platforms and GSE117606 FFPE
TXN	down	-0.725350925357697	-6.40488292460611	5.0290065894813e-09	0.0001069537049075	7295	protein-coding	O	TXN	current_ncbi_symbol	True	True	True	True	True	False	5	False	True	False	strict state-shared core; NCBI protein-coding; feature present on all five external platforms and GSE117606 FFPE
EMC4	down	-0.713207039664727	-6.40297867431263	5.0611376060850704e-09	2.49312361667586e-05	51234	protein-coding	O	EMC4	current_ncbi_symbol	True	False	True	True	True	False	4	False	True	False	strict state-shared core; NCBI protein-coding; feature present on all five external platforms and GSE117606 FFPE
UQCRFS1	down	-0.606547244763869	-6.40267542037026	5.0611376060850704e-09	9.85994537150425e-06	7386	protein-coding	O	UQCRFS1	current_ncbi_symbol	False	True	True	True	True	False	4	False	True	False	strict state-shared core; NCBI protein-coding; feature present on all five external platforms and GSE117606 FFPE
SCP2	down	-0.656984594992231	-6.39620597602578	5.258967226646491e-09	0.0001788934804555	6342	protein-coding	O	SCP2	current_ncbi_symbol	True	True	True	True	True	False	5	False	True	False	strict state-shared core; NCBI protein-coding; feature present on all five external platforms and GSE117606 FFPE
KIAA1549	up	0.859343816933246	6.38821751254028	5.51893837225146e-09	1.90193030119472e-05	57670	protein-coding	O	KIAA1549	current_ncbi_symbol	True	False	True	True	True	False	4	False	True	False	strict state-shared core; NCBI protein-coding; feature present on all five external platforms and GSE117606 FFPE
SIL1	up	0.389559427418303	6.38372661654066	5.6552982041555204e-09	2.9862945847132e-05	64374	protein-coding	O	SIL1	current_ncbi_symbol	True	True	True	True	True	False	5	False	True	False	strict state-shared core; NCBI protein-coding; feature present on all five external platforms and GSE117606 FFPE
ATP5F1B	down	-0.542535537241713	-6.38326369337855	5.6552982041555204e-09	4.41613294555054e-06	506	protein-coding	O	ATP5F1B	current_ncbi_symbol	True	False	False	False	False	False	1	False	True	False	strict state-shared core; NCBI protein-coding; feature present on all five external platforms and GSE117606 FFPE
MTG2	up	0.42754216889773	6.38076666352777	5.725572698252571e-09	0.0011612301156511	26164	protein-coding	O	MTG2	current_ncbi_symbol	True	False	True	True	False	False	3	False	True	False	strict state-shared core; NCBI protein-coding; feature present on all five external platforms and GSE117606 FFPE
ETHE1	down	-0.665499763026293	-6.37948482981666	5.75096767988854e-09	0.0002892618926063	23474	protein-coding	O	ETHE1	current_ncbi_symbol	True	True	True	True	True	True	6	True	True	True	strict state-shared core; NCBI protein-coding; feature present on all five external platforms and GSE117606 FFPE
SNHG7	up	0.521788218963237	6.37412871044947	5.9322095232601505e-09	0.0010211872343487	84973	ncRNA	O	SNHG7	current_ncbi_symbol	True	False	True	True	True	False	4	False	False	False	strict state-shared core; NCBI protein-coding; feature present on all five external platforms and GSE117606 FFPE
CUX1	up	0.482765959835801	6.36591369548699	6.22176920262342e-09	0.0002397199833856	1523	protein-coding	O	CUX1	current_ncbi_symbol	True	True	True	True	True	False	5	False	True	False	strict state-shared core; NCBI protein-coding; feature present on all five external platforms and GSE117606 FFPE
NDRG1	down	-0.569663562374238	-6.36562094479538	6.22176920262342e-09	0.007822906219237	10397	protein-coding	O	NDRG1	current_ncbi_symbol	True	True	True	True	True	True	6	True	True	True	strict state-shared core; NCBI protein-coding; feature present on all five external platforms and GSE117606 FFPE
SQOR	down	-0.59260221932147	-6.36094410362236	6.3893551701677205e-09	0.0004029411352487	58472	protein-coding	O	SQOR	current_ncbi_symbol	True	False	False	False	False	False	1	False	True	False	strict state-shared core; NCBI protein-coding; feature present on all five external platforms and GSE117606 FFPE
SLC22A5	down	-0.641380180597729	-6.36028142091412	6.39220653148267e-09	0.0001987825631292	6584	protein-coding	O	SLC22A5	current_ncbi_symbol	True	True	True	True	True	False	5	False	True	False	strict state-shared core; NCBI protein-coding; feature present on all five external platforms and GSE117606 FFPE
AK2	down	-0.554933831545221	-6.35936594069309	6.402498283379681e-09	0.0003594500687305	204	protein-coding	O	AK2	current_ncbi_symbol	True	True	True	True	True	False	5	False	True	False	strict state-shared core; NCBI protein-coding; feature present on all five external platforms and GSE117606 FFPE
PLCB4	up	0.584048325969934	6.35885264850288	6.402498283379681e-09	9.38245671022802e-05	5332	protein-coding	O	PLCB4	current_ncbi_symbol	True	True	True	True	True	False	5	False	True	False	strict state-shared core; NCBI protein-coding; feature present on all five external platforms and GSE117606 FFPE
DLD	down	-0.842459152988422	-6.35652128466037	6.475570561082821e-09	0.0002611378048128	1738	protein-coding	O	DLD	current_ncbi_symbol	True	True	True	True	True	False	5	False	True	False	strict state-shared core; NCBI protein-coding; feature present on all five external platforms and GSE117606 FFPE
XACT	up	0.78683553962428	6.3459877828277	6.90822738659876e-09	1.02463025503017e-05	105463123	ncRNA	O	XACT	current_ncbi_symbol	False	False	False	False	False	False	0	False	False	False	strict state-shared core; NCBI protein-coding; feature present on all five external platforms and GSE117606 FFPE
SLC25A3	down	-0.581278974022285	-6.33836766319963	7.231122133923451e-09	0.0004651112992712	5250	protein-coding	O	SLC25A3	current_ncbi_symbol	True	True	True	True	True	False	5	False	True	False	strict state-shared core; NCBI protein-coding; feature present on all five external platforms and GSE117606 FFPE
NACA	down	-0.617535198228018	-6.3349775522108	7.3640253169988705e-09	0.0069825446283903	4666	protein-coding	O	NACA	current_ncbi_symbol	True	True	True	True	True	False	5	False	True	False	strict state-shared core; NCBI protein-coding; feature present on all five external platforms and GSE117606 FFPE
TMEM63A	up	0.613484153491427	6.31747205800149	8.18640692883346e-09	0.0004963171937016	9725	protein-coding	O	TMEM63A	current_ncbi_symbol	True	True	True	True	True	False	5	False	True	False	strict state-shared core; NCBI protein-coding; feature present on all five external platforms and GSE117606 FFPE
HADH	down	-0.528962111825751	-6.30281675075464	8.965932796755871e-09	0.0010934547391205	3033	protein-coding	O	HADH	current_ncbi_symbol	True	True	True	True	True	False	5	False	True	False	strict state-shared core; NCBI protein-coding; feature present on all five external platforms and GSE117606 FFPE
OSBP2	up	0.704579296947992	6.27910498307788	1.04069793467421e-08	0.0006875183314688	23762	protein-coding	O	OSBP2	current_ncbi_symbol	True	True	True	True	True	False	5	False	True	False	strict state-shared core; NCBI protein-coding; feature present on all five external platforms and GSE117606 FFPE
ACAT1	down	-0.625279775359167	-6.26247273742797	1.15374165433907e-08	0.0006244510607995	38	protein-coding	O	ACAT1	current_ncbi_symbol	True	True	True	True	True	False	5	False	True	False	strict state-shared core; NCBI protein-coding; feature present on all five external platforms and GSE117606 FFPE
MTCH2	down	-0.395673203410124	-6.2596996296129	1.17011125547952e-08	0.0040962639782459	23788	protein-coding	O	MTCH2	current_ncbi_symbol	True	True	True	True	True	False	5	False	True	False	strict state-shared core; NCBI protein-coding; feature present on all five external platforms and GSE117606 FFPE
AKR1B10	down	-0.962933803320331	-6.24316897900682	1.29599597997226e-08	0.0001027665745756	57016	protein-coding	O	AKR1B10	current_ncbi_symbol	True	True	True	True	True	False	5	False	True	False	strict state-shared core; NCBI protein-coding; feature present on all five external platforms and GSE117606 FFPE
SHROOM4	up	0.541185164272327	6.23895178707377	1.32335421907822e-08	1.21652083639964e-06	57477	protein-coding	O	SHROOM4	current_ncbi_symbol	True	True	True	True	True	False	5	False	True	False	strict state-shared core; NCBI protein-coding; feature present on all five external platforms and GSE117606 FFPE
GLRX5	down	-0.737252753520627	-6.23875597475653	1.32335421907822e-08	0.000102827413789	51218	protein-coding	O	GLRX5	current_ncbi_symbol	True	True	True	True	True	False	5	False	True	False	strict state-shared core; NCBI protein-coding; feature present on all five external platforms and GSE117606 FFPE
FERMT1	up	0.529018986957477	6.22615336453058	1.42903745619794e-08	0.00094020912763	55612	protein-coding	O	FERMT1	current_ncbi_symbol	True	True	True	True	True	False	5	False	True	False	strict state-shared core; NCBI protein-coding; feature present on all five external platforms and GSE117606 FFPE
CSNK1E	up	0.500193840774811	6.22083846881563	1.47294425708786e-08	0.0001450103029128	1454	protein-coding	O	CSNK1E	current_ncbi_symbol	False	True	True	True	True	False	4	False	True	False	strict state-shared core; NCBI protein-coding; feature present on all five external platforms and GSE117606 FFPE
PPM1A	down	-0.703836850880522	-6.20442967528764	1.62336993548539e-08	0.0007672707998911	5494	protein-coding	O	PPM1A	current_ncbi_symbol	True	True	True	True	True	False	5	False	True	False	strict state-shared core; NCBI protein-coding; feature present on all five external platforms and GSE117606 FFPE
LIMCH1	up	0.923955515844637	6.20283407228133	1.63404308891577e-08	0.000139680871539	22998	protein-coding	O	LIMCH1	current_ncbi_symbol	True	True	True	True	True	False	5	False	True	False	strict state-shared core; NCBI protein-coding; feature present on all five external platforms and GSE117606 FFPE
GABARAPL2	down	-0.770502844092942	-6.20155109019369	1.64153886144027e-08	6.36765233391623e-05	11345	protein-coding	O	GABARAPL2	current_ncbi_symbol	True	True	True	True	True	False	5	False	True	False	strict state-shared core; NCBI protein-coding; feature present on all five external platforms and GSE117606 FFPE
AQP8	down	-2.08670590918512	-6.19695621383238	1.68414957525367e-08	0.0003622156498137	343	protein-coding	O	AQP8	current_ncbi_symbol	True	True	True	True	True	True	6	True	True	True	strict state-shared core; NCBI protein-coding; feature present on all five external platforms and GSE117606 FFPE
DNASE1	up	0.466951689050273	6.1775694438025	1.89770841224288e-08	0.0001079046006075	1773	protein-coding	O	DNASE1	current_ncbi_symbol	True	True	True	True	True	False	5	False	True	False	strict state-shared core; NCBI protein-coding; feature present on all five external platforms and GSE117606 FFPE
HELZ2	up	0.701851707213589	6.16920775658699	1.99375228775588e-08	5.21774160399518e-05	85441	protein-coding	O	HELZ2	current_ncbi_symbol	True	False	True	True	True	False	4	False	True	False	strict state-shared core; NCBI protein-coding; feature present on all five external platforms and GSE117606 FFPE
PPP1R13L	up	0.584769108175625	6.16602499242283	2.02138116183685e-08	1.6209667413014e-05	10848	protein-coding	O	PPP1R13L	current_ncbi_symbol	True	True	True	True	True	False	5	False	True	False	strict state-shared core; NCBI protein-coding; feature present on all five external platforms and GSE117606 FFPE
TRIM13	down	-0.581057691099297	-6.16591695131926	2.02138116183685e-08	0.0059028162944383	10206	protein-coding	O	TRIM13	current_ncbi_symbol	True	True	True	True	True	False	5	False	True	False	strict state-shared core; NCBI protein-coding; feature present on all five external platforms and GSE117606 FFPE
ECH1	down	-0.589004447098674	-6.15843657798747	2.11177927641786e-08	3.56102791430057e-05	1891	protein-coding	O	ECH1	current_ncbi_symbol	True	True	True	True	True	False	5	False	True	False	strict state-shared core; NCBI protein-coding; feature present on all five external platforms and GSE117606 FFPE
KLHL22	up	0.648799787327644	6.14248586023381	2.32708471705987e-08	0.0040575954554392	84861	protein-coding	O	KLHL22	current_ncbi_symbol	True	True	True	True	True	False	5	False	True	False	strict state-shared core; NCBI protein-coding; feature present on all five external platforms and GSE117606 FFPE
ARPIN	down	-0.330970778923163	-6.13616212957754	2.41317411850264e-08	2.97131029758368e-05	348110	protein-coding	O	ARPIN	current_ncbi_symbol	True	False	True	True	False	False	3	False	True	False	strict state-shared core; NCBI protein-coding; feature present on all five external platforms and GSE117606 FFPE
TXNIP	down	-0.628127434300142	-6.13215254228335	2.46624059960811e-08	0.0007269890457251	10628	protein-coding	O	TXNIP	current_ncbi_symbol	True	True	True	True	True	False	5	False	True	False	strict state-shared core; NCBI protein-coding; feature present on all five external platforms and GSE117606 FFPE
NUP50-DT	up	0.640711627967266	6.12889547854187	2.50857388666473e-08	0.0143946156530834	100506714	ncRNA	O	NUP50-DT	current_ncbi_symbol	True	False	False	False	False	False	1	False	False	False	strict state-shared core; NCBI protein-coding; feature present on all five external platforms and GSE117606 FFPE
SH3BGRL2	down	-0.838889940911523	-6.12480850857407	2.56497270470531e-08	0.0001118389130703	83699	protein-coding	O	SH3BGRL2	current_ncbi_symbol	True	True	True	True	True	False	5	False	True	False	strict state-shared core; NCBI protein-coding; feature present on all five external platforms and GSE117606 FFPE
CTIF	up	0.549686176270117	6.12381405128401	2.57220204612312e-08	1.32368413999319e-05	9811	protein-coding	O	CTIF	current_ncbi_symbol	True	False	True	True	True	False	4	False	True	False	strict state-shared core; NCBI protein-coding; feature present on all five external platforms and GSE117606 FFPE
MGST2	down	-0.463299882865971	-6.11589726936021	2.69399552084565e-08	6.03722824309427e-05	4258	protein-coding	O	MGST2	current_ncbi_symbol	True	True	True	True	True	False	5	False	True	False	strict state-shared core; NCBI protein-coding; feature present on all five external platforms and GSE117606 FFPE
IL1RAPL1	down	-0.611818352641889	-6.10766414143588	2.81742916174426e-08	6.79311282103523e-06	11141	protein-coding	O	IL1RAPL1	current_ncbi_symbol	True	True	True	True	True	False	5	False	True	False	strict state-shared core; NCBI protein-coding; feature present on all five external platforms and GSE117606 FFPE
FCGRT	down	-0.711836948120911	-6.10614621393161	2.8347317097368e-08	0.0001984004885479	2217	protein-coding	O	FCGRT	current_ncbi_symbol	True	True	True	True	True	True	6	True	True	True	strict state-shared core; NCBI protein-coding; feature present on all five external platforms and GSE117606 FFPE
TMEM183A	down	-0.517455486044109	-6.08850294637684	3.15474250638458e-08	3.7484841665103e-05	92703	protein-coding	O	TMEM183A	current_ncbi_symbol	True	True	True	True	True	False	5	False	True	False	strict state-shared core; NCBI protein-coding; feature present on all five external platforms and GSE117606 FFPE
DDB2	up	0.496456345246806	6.08459434833869	3.22182134059004e-08	4.22590366251625e-05	1643	protein-coding	O	DDB2	current_ncbi_symbol	True	True	True	True	True	False	5	False	True	False	strict state-shared core; NCBI protein-coding; feature present on all five external platforms and GSE117606 FFPE
MTCL2	up	0.666635409027583	6.08048862902524	3.29402960282025e-08	0.0009957046064389	140710	protein-coding	O	MTCL2	current_ncbi_symbol	True	False	False	False	False	False	1	False	True	False	strict state-shared core; NCBI protein-coding; feature present on all five external platforms and GSE117606 FFPE
KLHL9	down	-0.931059756414841	-6.07996946720071	3.29402960282025e-08	0.0016555896915738	55958	protein-coding	O	KLHL9	current_ncbi_symbol	True	True	True	True	True	False	5	False	True	False	strict state-shared core; NCBI protein-coding; feature present on all five external platforms and GSE117606 FFPE
PDCD4	down	-0.593331782878471	-6.07164070973966	3.45800806174733e-08	0.0396276900174084	27250	protein-coding	O	PDCD4	current_ncbi_symbol	True	True	True	True	True	False	5	False	True	False	strict state-shared core; NCBI protein-coding; feature present on all five external platforms and GSE117606 FFPE
MGST3	down	-0.450802544270029	-6.0611624998821	3.67879435896391e-08	0.0003131968034228	4259	protein-coding	O	MGST3	current_ncbi_symbol	True	True	True	True	True	False	5	False	True	False	strict state-shared core; NCBI protein-coding; feature present on all five external platforms and GSE117606 FFPE
SDHAF3	down	-0.629085270909011	-6.05004819988876	3.9287834469428e-08	2.64343181002324e-05	57001	protein-coding	O	SDHAF3	current_ncbi_symbol	True	False	True	True	False	False	3	False	True	False	strict state-shared core; NCBI protein-coding; feature present on all five external platforms and GSE117606 FFPE
PGRMC1	down	-0.779816609184627	-6.04775193937967	3.97206463907242e-08	0.000136120522391	10857	protein-coding	O	PGRMC1	current_ncbi_symbol	True	True	True	True	True	False	5	False	True	False	strict state-shared core; NCBI protein-coding; feature present on all five external platforms and GSE117606 FFPE
SRP14	down	-0.489372691011984	-6.0412633217902	4.12161012110576e-08	4.69522535515576e-05	6727	protein-coding	O	SRP14	current_ncbi_symbol	True	True	True	True	True	False	5	False	True	False	strict state-shared core; NCBI protein-coding; feature present on all five external platforms and GSE117606 FFPE
SFT2D1	down	-0.563666608253254	-6.0249932863233	4.54348996076327e-08	1.4980752838567e-05	113402	protein-coding	O	SFT2D1	current_ncbi_symbol	True	True	True	True	True	False	5	False	True	False	strict state-shared core; NCBI protein-coding; feature present on all five external platforms and GSE117606 FFPE
C1orf226	down	-0.582372478910955	-6.0237430141125	4.56383054713014e-08	0.0362560313005594	400793	protein-coding	O	C1orf226	current_ncbi_symbol	True	False	True	True	True	False	4	False	True	False	strict state-shared core; NCBI protein-coding; feature present on all five external platforms and GSE117606 FFPE
TST	down	-0.591350357880671	-6.02256794026588	4.58217372743325e-08	0.0004899092545012	7263	protein-coding	O	TST	current_ncbi_symbol	True	True	True	True	True	True	6	True	True	True	strict state-shared core; NCBI protein-coding; feature present on all five external platforms and GSE117606 FFPE
ATXN7L1	up	0.37782109452961	6.0166796291557	4.73654446112077e-08	0.0147154417514647	222255	protein-coding	O	ATXN7L1	current_ncbi_symbol	True	True	True	True	True	False	5	False	True	False	strict state-shared core; NCBI protein-coding; feature present on all five external platforms and GSE117606 FFPE
RGS12	up	0.626862339516058	6.00986103509863	4.91921499525705e-08	7.26002661714486e-05	6002	protein-coding	O	RGS12	current_ncbi_symbol	True	True	True	True	True	False	5	False	True	False	strict state-shared core; NCBI protein-coding; feature present on all five external platforms and GSE117606 FFPE
DBNDD2	down	-0.609814042765432	-6.00950236800089	4.91921499525705e-08	0.0014041590822131	55861	protein-coding	O	DBNDD2	current_ncbi_symbol	False	True	True	True	True	False	4	False	True	False	strict state-shared core; NCBI protein-coding; feature present on all five external platforms and GSE117606 FFPE
GNL1	up	0.508719267169395	6.00510325476887	5.03826565483989e-08	0.0022281407369984	2794	protein-coding	O	GNL1	current_ncbi_symbol	True	True	True	True	True	False	5	False	True	False	strict state-shared core; NCBI protein-coding; feature present on all five external platforms and GSE117606 FFPE
EPB41L2	up	0.804241682574028	6.00271509961755	5.09662434729188e-08	0.0113918415130791	2037	protein-coding	O	EPB41L2	current_ncbi_symbol	True	True	True	True	True	False	5	False	True	False	strict state-shared core; NCBI protein-coding; feature present on all five external platforms and GSE117606 FFPE
STAT6	up	0.371158298103799	6.00166444966242	5.10816025003066e-08	0.0089463337478354	6778	protein-coding	O	STAT6	current_ncbi_symbol	True	True	True	True	True	False	5	False	True	False	strict state-shared core; NCBI protein-coding; feature present on all five external platforms and GSE117606 FFPE
CALCOCO2	down	-0.399540684151453	-6.00131417404694	5.10816025003066e-08	0.0056973663513455	10241	protein-coding	O	CALCOCO2	current_ncbi_symbol	True	True	True	True	True	False	5	False	True	False	strict state-shared core; NCBI protein-coding; feature present on all five external platforms and GSE117606 FFPE
ARF3	down	-0.596235805241473	-5.99776975479099	5.20435822680313e-08	0.0002023125355394	377	protein-coding	O	ARF3	current_ncbi_symbol	True	True	True	True	True	False	5	False	True	False	strict state-shared core; NCBI protein-coding; feature present on all five external platforms and GSE117606 FFPE
WDR1	down	-0.535464306645996	-5.98927409846881	5.46630820955121e-08	3.21714974478304e-05	9948	protein-coding	O	WDR1	current_ncbi_symbol	True	True	True	True	True	False	5	False	True	False	strict state-shared core; NCBI protein-coding; feature present on all five external platforms and GSE117606 FFPE
TMEM120B	up	0.617587154136447	5.98676909974283	5.53367178015129e-08	5.35861485516708e-05	144404	protein-coding	O	TMEM120B	current_ncbi_symbol	True	True	True	True	True	False	5	False	True	False	strict state-shared core; NCBI protein-coding; feature present on all five external platforms and GSE117606 FFPE
GLG1	up	0.36877076253804	5.98304250377745	5.64407955072153e-08	0.0136114596057547	2734	protein-coding	O	GLG1	current_ncbi_symbol	True	True	True	True	True	False	5	False	True	False	strict state-shared core; NCBI protein-coding; feature present on all five external platforms and GSE117606 FFPE
ISOC1	down	-0.941606551237333	-5.98174903975539	5.67131372523449e-08	1.99090685882863e-05	51015	protein-coding	O	ISOC1	current_ncbi_symbol	True	True	True	True	True	False	5	False	True	False	strict state-shared core; NCBI protein-coding; feature present on all five external platforms and GSE117606 FFPE
YWHAQ	down	-0.531881552389646	-5.98066595103708	5.69136992801813e-08	4.90786108686692e-05	10971	protein-coding	O	YWHAQ	current_ncbi_symbol	False	True	True	True	True	False	4	False	True	False	strict state-shared core; NCBI protein-coding; feature present on all five external platforms and GSE117606 FFPE
ATP5PB	down	-0.579455450067145	-5.97906288527211	5.71681028338283e-08	3.01142117611342e-05	515	protein-coding	O	ATP5PB	current_ncbi_symbol	True	False	False	False	False	False	1	False	True	False	strict state-shared core; NCBI protein-coding; feature present on all five external platforms and GSE117606 FFPE
EXTL3	up	0.620631626542816	5.97892761659715	5.71681028338283e-08	0.0011150451020357	2137	protein-coding	O	EXTL3	current_ncbi_symbol	True	True	True	True	True	False	5	False	True	False	strict state-shared core; NCBI protein-coding; feature present on all five external platforms and GSE117606 FFPE
ATP5MC1	down	-0.51219530002254	-5.97538920939349	5.82426118429028e-08	0.0001284385867698	516	protein-coding	O	ATP5MC1	current_ncbi_symbol	True	False	False	False	False	False	1	False	True	False	strict state-shared core; NCBI protein-coding; feature present on all five external platforms and GSE117606 FFPE
LAP3	down	-0.757126200777465	-5.97294074961595	5.89419255569154e-08	4.49025440475426e-05	51056	protein-coding	O	LAP3	current_ncbi_symbol	True	True	True	True	True	False	5	False	True	False	strict state-shared core; NCBI protein-coding; feature present on all five external platforms and GSE117606 FFPE
CEP164	up	0.587610963763036	5.96726271159035	6.0842154079965e-08	0.0001697659798689	22897	protein-coding	O	CEP164	current_ncbi_symbol	True	True	True	True	True	False	5	False	True	False	strict state-shared core; NCBI protein-coding; feature present on all five external platforms and GSE117606 FFPE
DPP10	down	-0.697847082348529	-5.96667869622247	6.08734979455422e-08	3.29446760894969e-05	57628	protein-coding	O	DPP10	current_ncbi_symbol	True	True	True	True	True	False	5	False	True	False	strict state-shared core; NCBI protein-coding; feature present on all five external platforms and GSE117606 FFPE
TFCP2	up	0.375193961661297	5.96493439233315	6.13397773202797e-08	0.0002498156669881	7024	protein-coding	O	TFCP2	current_ncbi_symbol	True	True	True	True	True	False	5	False	True	False	strict state-shared core; NCBI protein-coding; feature present on all five external platforms and GSE117606 FFPE
KCTD20	up	0.352589691660856	5.96337415043273	6.17404019381587e-08	0.000315890962175	222658	protein-coding	O	KCTD20	current_ncbi_symbol	True	True	True	True	True	False	5	False	True	False	strict state-shared core; NCBI protein-coding; feature present on all five external platforms and GSE117606 FFPE
ITM2C	down	-0.737750786798685	-5.95933853827802	6.29829404519045e-08	0.0019356566177661	81618	protein-coding	O	ITM2C	current_ncbi_symbol	True	True	True	True	True	True	6	True	True	True	strict state-shared core; NCBI protein-coding; feature present on all five external platforms and GSE117606 FFPE
TMBIM4	down	-0.676484703632317	-5.95912853611443	6.29829404519045e-08	3.42488672888663e-05	51643	protein-coding	O	TMBIM4	current_ncbi_symbol	True	True	True	True	True	False	5	False	True	False	strict state-shared core; NCBI protein-coding; feature present on all five external platforms and GSE117606 FFPE
TTLL3	up	0.645856641764978	5.95057894867777	6.61631150556661e-08	0.0209978088195124	26140	protein-coding	O	TTLL3	current_ncbi_symbol	False	True	True	True	True	False	4	False	True	False	strict state-shared core; NCBI protein-coding; feature present on all five external platforms and GSE117606 FFPE
FMNL2	up	0.571794044335615	5.94885561471694	6.6662606558121e-08	0.0022834281724309	114793	protein-coding	O	FMNL2	current_ncbi_symbol	True	True	True	True	True	False	5	False	True	False	strict state-shared core; NCBI protein-coding; feature present on all five external platforms and GSE117606 FFPE
TMEM236	down	-0.554491531739986	-5.94489747834751	6.80890630220863e-08	0.0298333461485611	653567	protein-coding	O	TMEM236	current_ncbi_symbol	False	False	False	False	True	False	1	False	True	False	strict state-shared core; NCBI protein-coding; feature present on all five external platforms and GSE117606 FFPE
GMNN	down	-0.712786957024828	-5.94326602876078	6.85652119718708e-08	0.0028810276317032	51053	protein-coding	O	GMNN	current_ncbi_symbol	True	True	True	True	True	False	5	False	True	False	strict state-shared core; NCBI protein-coding; feature present on all five external platforms and GSE117606 FFPE
L1TD1	up	1.51469078251149	5.93914669826584	7.0101006930732e-08	0.0223087114420552	54596	protein-coding	O	L1TD1	current_ncbi_symbol	True	True	True	True	True	True	6	True	True	True	strict state-shared core; NCBI protein-coding; feature present on all five external platforms and GSE117606 FFPE
IFITM3	up	0.79727965675869	5.93767778677641	7.05219053874197e-08	0.0108383613090283	10410	protein-coding	O	IFITM3	current_ncbi_symbol	False	True	True	True	True	True	5	False	True	False	strict state-shared core; NCBI protein-coding; feature present on all five external platforms and GSE117606 FFPE
CMAS	down	-0.824504881239549	-5.93666034528902	7.07508059221352e-08	7.23084827660703e-05	55907	protein-coding	O	CMAS	current_ncbi_symbol	True	True	True	True	True	False	5	False	True	False	strict state-shared core; NCBI protein-coding; feature present on all five external platforms and GSE117606 FFPE
HINT1	down	-0.451185900035452	-5.93424748494042	7.15872728448741e-08	0.0015229033211299	3094	protein-coding	O	HINT1	current_ncbi_symbol	True	True	True	True	True	False	5	False	True	False	strict state-shared core; NCBI protein-coding; feature present on all five external platforms and GSE117606 FFPE
DBI	down	-0.589492903406305	-5.927510530093	7.43665937219299e-08	2.50203335403487e-05	1622	protein-coding	O	DBI	current_ncbi_symbol	True	True	True	True	True	False	5	False	True	False	strict state-shared core; NCBI protein-coding; feature present on all five external platforms and GSE117606 FFPE
THOC7	down	-0.543164782143837	-5.91696831159297	7.88278137841065e-08	0.0101735071832966	80145	protein-coding	O	THOC7	current_ncbi_symbol	True	True	True	True	True	False	5	False	True	False	strict state-shared core; NCBI protein-coding; feature present on all five external platforms and GSE117606 FFPE
ADGRE5	up	0.641740299911244	5.91634721404701	7.88952247275511e-08	0.000110159963553	976	protein-coding	O	ADGRE5	current_ncbi_symbol	True	False	True	True	False	False	3	False	True	False	strict state-shared core; NCBI protein-coding; feature present on all five external platforms and GSE117606 FFPE
DPM1	down	-0.715334339414546	-5.91498891134382	7.9317819210784e-08	0.0006880049469712	8813	protein-coding	O	DPM1	current_ncbi_symbol	True	True	True	True	True	False	5	False	True	False	strict state-shared core; NCBI protein-coding; feature present on all five external platforms and GSE117606 FFPE
KANSL1L	up	0.628027820046355	5.90230763855008	8.53942225996137e-08	4.66077784518714e-05	151050	protein-coding	O	KANSL1L	current_ncbi_symbol	True	False	True	True	True	False	4	False	True	False	strict state-shared core; NCBI protein-coding; feature present on all five external platforms and GSE117606 FFPE
FOXK2	up	0.4112813609926	5.90187127509731	8.53942225996137e-08	0.0064950410177461	3607	protein-coding	O	FOXK2	current_ncbi_symbol	True	True	True	True	True	False	5	False	True	False	strict state-shared core; NCBI protein-coding; feature present on all five external platforms and GSE117606 FFPE
KCNN4	up	0.736472417281223	5.89963377881693	8.63108542083693e-08	0.0002374942318728	3783	protein-coding	O	KCNN4	current_ncbi_symbol	True	True	True	True	True	False	5	False	True	False	strict state-shared core; NCBI protein-coding; feature present on all five external platforms and GSE117606 FFPE
PDZK1IP1	up	0.738533665081556	5.89855282002186	8.66284521670227e-08	0.0003096738682311	10158	protein-coding	O	PDZK1IP1	current_ncbi_symbol	True	True	True	True	True	False	5	False	True	False	strict state-shared core; NCBI protein-coding; feature present on all five external platforms and GSE117606 FFPE
C1orf210	down	-0.589499542459974	-5.89686461986254	8.70300557498708e-08	4.74612838651245e-05	149466	protein-coding	O	C1orf210	current_ncbi_symbol	True	True	True	True	True	False	5	False	True	False	strict state-shared core; NCBI protein-coding; feature present on all five external platforms and GSE117606 FFPE
UGP2	down	-0.59943113569197	-5.89684355203953	8.70300557498708e-08	0.0021790410162791	7360	protein-coding	O	UGP2	current_ncbi_symbol	True	True	True	True	True	False	5	False	True	False	strict state-shared core; NCBI protein-coding; feature present on all five external platforms and GSE117606 FFPE
TDRD7	down	-0.482067714784925	-5.89017710476984	9.01033026954012e-08	0.0206551110797157	23424	protein-coding	O	TDRD7	current_ncbi_symbol	True	True	True	True	True	False	5	False	True	False	strict state-shared core; NCBI protein-coding; feature present on all five external platforms and GSE117606 FFPE
TCEAL9	down	-0.651939482588273	-5.89017070520285	9.01033026954012e-08	0.0005551446457026	51186	protein-coding	O	TCEAL9	current_ncbi_symbol	True	False	True	True	False	False	3	False	True	False	strict state-shared core; NCBI protein-coding; feature present on all five external platforms and GSE117606 FFPE
CFL1	down	-0.497966944149547	-5.88722003272097	9.14663538649889e-08	0.0009215996400764	1072	protein-coding	O	CFL1	current_ncbi_symbol	True	True	True	True	True	False	5	False	True	False	strict state-shared core; NCBI protein-coding; feature present on all five external platforms and GSE117606 FFPE
B2M	down	-0.885607080305864	-5.88139460906704	9.42112601008861e-08	0.0003557678196618	567	protein-coding	O	B2M	current_ncbi_symbol	True	True	True	True	True	True	6	True	True	True	strict state-shared core; NCBI protein-coding; feature present on all five external platforms and GSE117606 FFPE
RAB11A	down	-0.656637305443435	-5.88074420229963	9.43165634527218e-08	0.0001532930020446	8766	protein-coding	O	RAB11A	current_ncbi_symbol	True	True	True	True	True	False	5	False	True	False	strict state-shared core; NCBI protein-coding; feature present on all five external platforms and GSE117606 FFPE
TRABD2A	down	-0.424708631019323	-5.87997462974664	9.44906931313453e-08	0.0134259422922025	129293	protein-coding	O	TRABD2A	current_ncbi_symbol	True	False	True	True	True	False	4	False	True	False	strict state-shared core; NCBI protein-coding; feature present on all five external platforms and GSE117606 FFPE
AP2B1	up	0.306999445403524	5.87277377327995	9.84138967090034e-08	0.0030216865110472	163	protein-coding	O	AP2B1	current_ncbi_symbol	True	True	True	True	True	False	5	False	True	False	strict state-shared core; NCBI protein-coding; feature present on all five external platforms and GSE117606 FFPE
TRAK2	down	-0.499309384050344	-5.86815317230841	1.00913589871659e-07	0.0025507207671621	66008	protein-coding	O	TRAK2	current_ncbi_symbol	True	True	True	True	True	False	5	False	True	False	strict state-shared core; NCBI protein-coding; feature present on all five external platforms and GSE117606 FFPE
SEPTIN9	up	0.407972690034686	5.85969710181301	1.05893833654649e-07	0.0112420650376673	10801	protein-coding	O	SEPTIN9	current_ncbi_symbol	True	False	False	False	False	False	1	False	True	False	strict state-shared core; NCBI protein-coding; feature present on all five external platforms and GSE117606 FFPE
PFN1	down	-0.483050331046072	-5.85807273422882	1.06638341774455e-07	0.0046682400506812	5216	protein-coding	O	PFN1	current_ncbi_symbol	True	True	True	True	True	False	5	False	True	False	strict state-shared core; NCBI protein-coding; feature present on all five external platforms and GSE117606 FFPE
MYRF	up	0.696018660657652	5.85344630286834	1.09346058295809e-07	0.000505575434793	745	protein-coding	O	MYRF	current_ncbi_symbol	True	False	True	True	False	False	3	False	True	False	strict state-shared core; NCBI protein-coding; feature present on all five external platforms and GSE117606 FFPE
HMGN1	down	-0.696045833545836	-5.85003376078388	1.11305827757708e-07	0.0002569987614637	3150	protein-coding	O	HMGN1	current_ncbi_symbol	False	True	True	True	True	False	4	False	True	False	strict state-shared core; NCBI protein-coding; feature present on all five external platforms and GSE117606 FFPE
YJU2B	up	0.487871526779688	5.84817897064219	1.12244582727712e-07	0.0002093508085905	81576	protein-coding	O	YJU2B	current_ncbi_symbol	True	False	False	False	False	False	1	False	True	False	strict state-shared core; NCBI protein-coding; feature present on all five external platforms and GSE117606 FFPE
MTMR11	down	-0.669582559151524	-5.8438394492754	1.1474420683939e-07	0.0001851487254563	10903	protein-coding	O	MTMR11	current_ncbi_symbol	True	True	True	True	True	False	5	False	True	False	strict state-shared core; NCBI protein-coding; feature present on all five external platforms and GSE117606 FFPE
YWHAH	down	-0.622922962385522	-5.8436010978379	1.1474420683939e-07	0.0005028999634504	7533	protein-coding	O	YWHAH	current_ncbi_symbol	True	True	True	True	True	False	5	False	True	False	strict state-shared core; NCBI protein-coding; feature present on all five external platforms and GSE117606 FFPE
NIPSNAP3A	down	-0.715944395615813	-5.84164994441438	1.15728229345738e-07	1.85445263978234e-05	25934	protein-coding	O	NIPSNAP3A	current_ncbi_symbol	True	True	True	True	True	False	5	False	True	False	strict state-shared core; NCBI protein-coding; feature present on all five external platforms and GSE117606 FFPE
LPIN1	up	0.560679110282976	5.84127148403581	1.15728229345738e-07	0.0310528377450233	23175	protein-coding	O	LPIN1	current_ncbi_symbol	True	True	True	True	True	False	5	False	True	False	strict state-shared core; NCBI protein-coding; feature present on all five external platforms and GSE117606 FFPE
SOD3	up	1.2337552094308	5.8391047858496	1.16925467024896e-07	6.40871748646252e-05	6649	protein-coding	O	SOD3	current_ncbi_symbol	True	True	True	True	True	False	5	False	True	False	strict state-shared core; NCBI protein-coding; feature present on all five external platforms and GSE117606 FFPE
ATP5MG	down	-0.47640385209086	-5.83842262183761	1.17067800153372e-07	3.02651397927622e-05	10632	protein-coding	O	ATP5MG	current_ncbi_symbol	True	False	False	False	False	False	1	False	True	False	strict state-shared core; NCBI protein-coding; feature present on all five external platforms and GSE117606 FFPE
FBXO34	up	0.416645915006608	5.83762882100339	1.17067800153372e-07	0.0001469898696381	55030	protein-coding	O	FBXO34	current_ncbi_symbol	True	True	True	True	True	False	5	False	True	False	strict state-shared core; NCBI protein-coding; feature present on all five external platforms and GSE117606 FFPE
SUMF2	up	0.601294457190611	5.837552693605	1.17067800153372e-07	0.0024135091484223	25870	protein-coding	O	SUMF2	current_ncbi_symbol	True	True	True	True	True	False	5	False	True	False	strict state-shared core; NCBI protein-coding; feature present on all five external platforms and GSE117606 FFPE
PUM1	up	0.341286812395091	5.83555613155564	1.18160771925917e-07	0.0030550849183279	9698	protein-coding	O	PUM1	current_ncbi_symbol	True	True	True	True	True	False	5	False	True	False	strict state-shared core; NCBI protein-coding; feature present on all five external platforms and GSE117606 FFPE
SCO1	down	-0.504666597777099	-5.82819199897049	1.23163533668654e-07	6.92449422605712e-05	6341	protein-coding	O	SCO1	current_ncbi_symbol	True	True	True	True	True	False	5	False	True	False	strict state-shared core; NCBI protein-coding; feature present on all five external platforms and GSE117606 FFPE
MOB1A	down	-0.659209754390915	-5.82464662840206	1.25471246862841e-07	0.0001032706578986	55233	protein-coding	O	MOB1A	current_ncbi_symbol	True	False	True	True	True	False	4	False	True	False	strict state-shared core; NCBI protein-coding; feature present on all five external platforms and GSE117606 FFPE
MTHFD1L	up	0.522270478695664	5.82085801186876	1.28007728923362e-07	6.12041131311362e-05	25902	protein-coding	O	MTHFD1L	current_ncbi_symbol	True	True	True	True	True	False	5	False	True	False	strict state-shared core; NCBI protein-coding; feature present on all five external platforms and GSE117606 FFPE
TDP2	down	-0.95633148184768	-5.81850148573165	1.29480820042157e-07	0.0005171904452676	51567	protein-coding	O	TDP2	current_ncbi_symbol	True	False	True	True	True	False	4	False	True	False	strict state-shared core; NCBI protein-coding; feature present on all five external platforms and GSE117606 FFPE
ATXN7L3B	down	-0.51499263105137	-5.80918834572248	1.3653044305136e-07	2.48859579103922e-05	552889	protein-coding	O	ATXN7L3B	current_ncbi_symbol	True	False	True	True	True	False	4	False	True	False	strict state-shared core; NCBI protein-coding; feature present on all five external platforms and GSE117606 FFPE
HNRNPD	down	-0.443557993131254	-5.80811254336465	1.37040731898626e-07	0.0002959258360253	3184	protein-coding	O	HNRNPD	current_ncbi_symbol	True	True	True	True	True	False	5	False	True	False	strict state-shared core; NCBI protein-coding; feature present on all five external platforms and GSE117606 FFPE
NDUFB6	down	-0.553978406852178	-5.80767994409203	1.37040731898626e-07	0.0001415900235055	4712	protein-coding	O	NDUFB6	current_ncbi_symbol	True	True	True	True	True	False	5	False	True	False	strict state-shared core; NCBI protein-coding; feature present on all five external platforms and GSE117606 FFPE
GNG5	down	-0.580253891249546	-5.80195080643873	1.41435280570394e-07	3.67867437588432e-05	2787	protein-coding	O	GNG5	current_ncbi_symbol	True	True	True	True	True	False	5	False	True	False	strict state-shared core; NCBI protein-coding; feature present on all five external platforms and GSE117606 FFPE
SELENOF	down	-0.503140193246202	-5.79932002563569	1.43295808728804e-07	0.0002948291491242	9403	protein-coding	O	SELENOF	current_ncbi_symbol	True	False	False	False	False	False	1	False	True	False	strict state-shared core; NCBI protein-coding; feature present on all five external platforms and GSE117606 FFPE
GALNT12	down	-0.567470591785653	-5.79863782336453	1.43504197777873e-07	0.0041080958179965	79695	protein-coding	O	GALNT12	current_ncbi_symbol	True	True	True	True	True	False	5	False	True	False	strict state-shared core; NCBI protein-coding; feature present on all five external platforms and GSE117606 FFPE
VPS29	down	-0.301709280829999	-5.79612770721254	1.45288178299392e-07	0.0098742738388877	51699	protein-coding	O	VPS29	current_ncbi_symbol	True	True	True	True	True	False	5	False	True	False	strict state-shared core; NCBI protein-coding; feature present on all five external platforms and GSE117606 FFPE
ARHGAP26	up	0.429658093853887	5.78953616274811	1.50713479661981e-07	0.0003741683957562	23092	protein-coding	O	ARHGAP26	current_ncbi_symbol	True	True	True	True	True	False	5	False	True	False	strict state-shared core; NCBI protein-coding; feature present on all five external platforms and GSE117606 FFPE
NUDT9	down	-0.470446776648717	-5.78162583458979	1.57566563841207e-07	0.0001678181644695	53343	protein-coding	O	NUDT9	current_ncbi_symbol	True	True	True	True	True	False	5	False	True	False	strict state-shared core; NCBI protein-coding; feature present on all five external platforms and GSE117606 FFPE
CYB5A	down	-0.568660302061849	-5.76026140112956	1.78405833851823e-07	2.0696307165502e-05	1528	protein-coding	O	CYB5A	current_ncbi_symbol	True	True	True	True	True	False	5	False	True	False	strict state-shared core; NCBI protein-coding; feature present on all five external platforms and GSE117606 FFPE
HSPE1	down	-0.531889476537084	-5.75820142597061	1.80130744349214e-07	0.0001315187557826	3336	protein-coding	O	HSPE1	current_ncbi_symbol	False	True	True	True	True	False	4	False	True	False	strict state-shared core; NCBI protein-coding; feature present on all five external platforms and GSE117606 FFPE
NKAIN2	up	0.963508679115735	5.74872772420816	1.90028690593303e-07	0.0017478588498735	154215	protein-coding	O	NKAIN2	current_ncbi_symbol	True	False	True	True	True	False	4	False	True	False	strict state-shared core; NCBI protein-coding; feature present on all five external platforms and GSE117606 FFPE
ARF1	down	-0.459099846725098	-5.74756505822181	1.90848972390971e-07	0.0002539405808136	375	protein-coding	O	ARF1	current_ncbi_symbol	True	True	True	True	True	False	5	False	True	False	strict state-shared core; NCBI protein-coding; feature present on all five external platforms and GSE117606 FFPE
NDUFA1	down	-0.488453037880996	-5.74540250956922	1.92809952733143e-07	0.0001428516417155	4694	protein-coding	O	NDUFA1	current_ncbi_symbol	True	True	True	True	True	True	6	True	True	True	strict state-shared core; NCBI protein-coding; feature present on all five external platforms and GSE117606 FFPE
BICDL1	up	0.721292315005825	5.7355606268886	2.03826938970421e-07	0.0068676712215243	92558	protein-coding	O	BICDL1	current_ncbi_symbol	True	False	False	False	False	False	1	False	True	False	strict state-shared core; NCBI protein-coding; feature present on all five external platforms and GSE117606 FFPE
F2RL1	down	-1.00579666394827	-5.72709637864295	2.13712809862099e-07	0.0008347297208486	2150	protein-coding	O	F2RL1	current_ncbi_symbol	True	True	True	True	True	False	5	False	True	False	strict state-shared core; NCBI protein-coding; feature present on all five external platforms and GSE117606 FFPE
PSMD6	down	-0.623282462964331	-5.72664857432771	2.13733593281667e-07	0.00324498225035	9861	protein-coding	O	PSMD6	current_ncbi_symbol	True	True	True	True	True	False	5	False	True	False	strict state-shared core; NCBI protein-coding; feature present on all five external platforms and GSE117606 FFPE
DPY19L3	up	0.508108268154004	5.71842040703667	2.23775326211088e-07	0.0011230562281184	147991	protein-coding	O	DPY19L3	current_ncbi_symbol	True	True	True	True	True	False	5	False	True	False	strict state-shared core; NCBI protein-coding; feature present on all five external platforms and GSE117606 FFPE
CD82	up	0.660797695384253	5.71749776188932	2.24425201230404e-07	0.0015274264999113	3732	protein-coding	O	CD82	current_ncbi_symbol	True	True	True	True	True	False	5	False	True	False	strict state-shared core; NCBI protein-coding; feature present on all five external platforms and GSE117606 FFPE
ACSF2	down	-0.595516790709343	-5.71364153913118	2.28994845910873e-07	4.80062947072479e-05	80221	protein-coding	O	ACSF2	current_ncbi_symbol	True	False	True	True	True	False	4	False	True	False	strict state-shared core; NCBI protein-coding; feature present on all five external platforms and GSE117606 FFPE
CCNJL	down	-0.739287618378036	-5.71254800477467	2.29791605998028e-07	0.0063246200487286	79616	protein-coding	O	CCNJL	current_ncbi_symbol	True	False	True	True	True	False	4	False	True	False	strict state-shared core; NCBI protein-coding; feature present on all five external platforms and GSE117606 FFPE
ITGB4	up	0.434664445688713	5.71219587227129	2.29791605998028e-07	0.0097541803029613	3691	protein-coding	O	ITGB4	current_ncbi_symbol	True	True	True	True	True	False	5	False	True	False	strict state-shared core; NCBI protein-coding; feature present on all five external platforms and GSE117606 FFPE
PRELID3B	down	-1.01830623076419	-5.7051101540122	2.38959546608861e-07	8.7033569217243e-05	51012	protein-coding	O	PRELID3B	current_ncbi_symbol	True	False	True	True	False	False	3	False	True	False	strict state-shared core; NCBI protein-coding; feature present on all five external platforms and GSE117606 FFPE
PADI2	down	-0.523223023030062	-5.7045157601513	2.39196861174644e-07	0.0052809965810889	11240	protein-coding	O	PADI2	current_ncbi_symbol	True	True	True	True	True	False	5	False	True	False	strict state-shared core; NCBI protein-coding; feature present on all five external platforms and GSE117606 FFPE
SKP1	down	-0.638945082387102	-5.7037337924584	2.39699584052085e-07	0.000434933320246	6500	protein-coding	O	SKP1	current_ncbi_symbol	True	False	True	True	True	False	4	False	True	False	strict state-shared core; NCBI protein-coding; feature present on all five external platforms and GSE117606 FFPE
CHRM3	up	1.08704034353396	5.6965992385893	2.49324290673731e-07	0.0320267545035988	1131	protein-coding	O	CHRM3	current_ncbi_symbol	True	False	True	True	True	False	4	False	True	False	strict state-shared core; NCBI protein-coding; feature present on all five external platforms and GSE117606 FFPE
LMBRD1	down	-0.465859170307716	-5.68630220326062	2.63517731905075e-07	0.0011281016124412	55788	protein-coding	O	LMBRD1	current_ncbi_symbol	True	True	True	True	True	False	5	False	True	False	strict state-shared core; NCBI protein-coding; feature present on all five external platforms and GSE117606 FFPE
GTF2IRD2	up	0.496812306109123	5.68508883213299	2.64741878483437e-07	0.000133457632318	84163	protein-coding	O	GTF2IRD2	current_ncbi_symbol	False	False	True	True	True	False	3	False	True	False	strict state-shared core; NCBI protein-coding; feature present on all five external platforms and GSE117606 FFPE
TMCO4	up	0.427566619145449	5.68314463979558	2.67112483438898e-07	0.0002817079670014	255104	protein-coding	O	TMCO4	current_ncbi_symbol	True	True	True	True	True	False	5	False	True	False	strict state-shared core; NCBI protein-coding; feature present on all five external platforms and GSE117606 FFPE
GTF2I	up	0.543100274005131	5.67344937831633	2.81993336344872e-07	0.0009776191308362	2969	protein-coding	O	GTF2I	current_ncbi_symbol	True	True	True	True	True	False	5	False	True	False	strict state-shared core; NCBI protein-coding; feature present on all five external platforms and GSE117606 FFPE
ARF6	down	-0.71938575259728	-5.66970665292072	2.86887019041056e-07	0.0002255869981417	382	protein-coding	O	ARF6	current_ncbi_symbol	True	True	True	True	True	False	5	False	True	False	strict state-shared core; NCBI protein-coding; feature present on all five external platforms and GSE117606 FFPE
CCDC149	up	0.513459008612951	5.66966488996428	2.86887019041056e-07	0.0002605096705017	91050	protein-coding	O	CCDC149	current_ncbi_symbol	True	True	True	True	True	False	5	False	True	False	strict state-shared core; NCBI protein-coding; feature present on all five external platforms and GSE117606 FFPE
ACAA2	down	-0.713014478369503	-5.66889183034232	2.87483098084772e-07	0.0001773495247271	10449	protein-coding	O	ACAA2	current_ncbi_symbol	True	True	True	True	True	True	6	True	True	True	strict state-shared core; NCBI protein-coding; feature present on all five external platforms and GSE117606 FFPE
ATG3	down	-0.646361553161503	-5.66216676832302	2.97036559012009e-07	0.0002506366188801	64422	protein-coding	O	ATG3	current_ncbi_symbol	True	True	True	True	True	False	5	False	True	False	strict state-shared core; NCBI protein-coding; feature present on all five external platforms and GSE117606 FFPE
TPM3	down	-0.393653160463626	-5.66203975487536	2.97036559012009e-07	0.0001226992155128	7170	protein-coding	O	TPM3	current_ncbi_symbol	True	True	True	True	True	False	5	False	True	False	strict state-shared core; NCBI protein-coding; feature present on all five external platforms and GSE117606 FFPE
TSPAN13	down	-0.904188918443076	-5.66068777054916	2.98665007213544e-07	0.0033923806260124	27075	protein-coding	O	TSPAN13	current_ncbi_symbol	True	True	True	True	True	False	5	False	True	False	strict state-shared core; NCBI protein-coding; feature present on all five external platforms and GSE117606 FFPE
MPLKIP	down	-0.561036546939209	-5.64944930610093	3.18094684003471e-07	0.0044710312587528	136647	protein-coding	O	MPLKIP	current_ncbi_symbol	True	False	True	True	True	False	4	False	True	False	strict state-shared core; NCBI protein-coding; feature present on all five external platforms and GSE117606 FFPE
SCUBE2	down	-0.902140628560898	-5.64300260539729	3.29450792265796e-07	8.25451662379573e-05	57758	protein-coding	O	SCUBE2	current_ncbi_symbol	True	True	True	True	True	False	5	False	True	False	strict state-shared core; NCBI protein-coding; feature present on all five external platforms and GSE117606 FFPE
CATSPERB	up	0.682500288439954	5.64004024299569	3.34367394383791e-07	0.0045326252046193	79820	protein-coding	O	CATSPERB	current_ncbi_symbol	True	True	True	True	True	False	5	False	True	False	strict state-shared core; NCBI protein-coding; feature present on all five external platforms and GSE117606 FFPE
DLEU1	up	0.716425695742917	5.63785235902644	3.37029743939146e-07	0.0045808164715082	10301	ncRNA	O	DLEU1	current_ncbi_symbol	True	True	True	True	True	False	5	False	False	False	strict state-shared core; NCBI protein-coding; feature present on all five external platforms and GSE117606 FFPE
UQCRC2	down	-0.486660368552099	-5.63554692360346	3.40758729494434e-07	0.0004819893235304	7385	protein-coding	O	UQCRC2	current_ncbi_symbol	True	True	True	True	True	False	5	False	True	False	strict state-shared core; NCBI protein-coding; feature present on all five external platforms and GSE117606 FFPE
NDUFA5	down	-0.699991212828832	-5.62940299036031	3.51451529527703e-07	0.0004712350779016	4698	protein-coding	O	NDUFA5	current_ncbi_symbol	False	True	True	True	True	False	4	False	True	False	strict state-shared core; NCBI protein-coding; feature present on all five external platforms and GSE117606 FFPE
AP1S3	up	0.53341084848456	5.62394449453802	3.61890055892133e-07	0.0100391625702709	130340	protein-coding	O	AP1S3	current_ncbi_symbol	True	True	True	True	True	False	5	False	True	False	strict state-shared core; NCBI protein-coding; feature present on all five external platforms and GSE117606 FFPE
CAT	down	-0.554345512054008	-5.62109209742573	3.6656081460037e-07	0.0009799416643516	847	protein-coding	O	CAT	current_ncbi_symbol	True	True	True	True	True	False	5	False	True	False	strict state-shared core; NCBI protein-coding; feature present on all five external platforms and GSE117606 FFPE
GMDS	up	0.584498229119166	5.62091713952859	3.6656081460037e-07	0.0001228405660423	2762	protein-coding	O	GMDS	current_ncbi_symbol	True	True	True	True	True	False	5	False	True	False	strict state-shared core; NCBI protein-coding; feature present on all five external platforms and GSE117606 FFPE
EIF3B	up	0.314765900403919	5.61267776144689	3.83555630445854e-07	0.0387958774515055	8662	protein-coding	O	EIF3B	current_ncbi_symbol	True	True	True	True	True	False	5	False	True	False	strict state-shared core; NCBI protein-coding; feature present on all five external platforms and GSE117606 FFPE
LDLRAD4	up	0.446260691287321	5.60887341557915	3.9025394009505e-07	4.90275992890057e-05	753	protein-coding	O	LDLRAD4	current_ncbi_symbol	True	False	True	True	True	False	4	False	True	False	strict state-shared core; NCBI protein-coding; feature present on all five external platforms and GSE117606 FFPE
SRSF2	down	-0.617040363305932	-5.60517158526384	3.96837312264925e-07	0.008626978715302	6427	protein-coding	O	SRSF2	current_ncbi_symbol	True	False	True	True	True	False	4	False	True	False	strict state-shared core; NCBI protein-coding; feature present on all five external platforms and GSE117606 FFPE
DMPK	up	0.727953865486625	5.60315844199085	4.00546640943287e-07	0.0074168170293049	1760	protein-coding	O	DMPK	current_ncbi_symbol	True	True	True	True	True	False	5	False	True	False	strict state-shared core; NCBI protein-coding; feature present on all five external platforms and GSE117606 FFPE
RAI1	up	0.677343902587533	5.59777093916376	4.12237327174182e-07	0.0005024078125384	10743	protein-coding	O	RAI1	current_ncbi_symbol	True	True	True	True	True	False	5	False	True	False	strict state-shared core; NCBI protein-coding; feature present on all five external platforms and GSE117606 FFPE
CDC25B	up	0.766135830765299	5.59176010724286	4.25624823653425e-07	0.0204388979318252	994	protein-coding	O	CDC25B	current_ncbi_symbol	True	True	True	True	True	False	5	False	True	False	strict state-shared core; NCBI protein-coding; feature present on all five external platforms and GSE117606 FFPE
APBB2	up	0.561738764578067	5.59142619925795	4.25624823653425e-07	0.0147553557601277	323	protein-coding	O	APBB2	current_ncbi_symbol	True	True	True	True	True	False	5	False	True	False	strict state-shared core; NCBI protein-coding; feature present on all five external platforms and GSE117606 FFPE
CREBBP	up	0.307693563618085	5.58547665925374	4.39446558733704e-07	2.41724606185444e-05	1387	protein-coding	O	CREBBP	current_ncbi_symbol	True	True	True	True	True	False	5	False	True	False	strict state-shared core; NCBI protein-coding; feature present on all five external platforms and GSE117606 FFPE
RPS13	down	-0.520249035677245	-5.57964000101181	4.53409574393901e-07	0.0094345128398468	6207	protein-coding	O	RPS13	current_ncbi_symbol	False	True	True	True	True	False	4	False	True	False	strict state-shared core; NCBI protein-coding; feature present on all five external platforms and GSE117606 FFPE
CLTC	down	-0.463480598395684	-5.57484087004887	4.65023741510956e-07	0.0036703986227641	1213	protein-coding	O	CLTC	current_ncbi_symbol	True	True	True	True	True	False	5	False	True	False	strict state-shared core; NCBI protein-coding; feature present on all five external platforms and GSE117606 FFPE
NOL4L	down	-0.586263648542091	-5.5709819439272	4.74360281269194e-07	5.11468276721549e-05	140688	protein-coding	O	NOL4L	current_ncbi_symbol	True	False	True	True	False	False	3	False	True	False	strict state-shared core; NCBI protein-coding; feature present on all five external platforms and GSE117606 FFPE
SEPTIN8	down	-0.439623594452466	-5.568792881541	4.79265943127227e-07	0.0001232785031933	23176	protein-coding	O	SEPTIN8	current_ncbi_symbol	True	False	False	False	False	False	1	False	True	False	strict state-shared core; NCBI protein-coding; feature present on all five external platforms and GSE117606 FFPE
TMEM14C	down	-0.561901226493769	-5.5646447631368	4.89693804305162e-07	0.0014996035416715	51522	protein-coding	O	TMEM14C	current_ncbi_symbol	True	True	True	True	True	False	5	False	True	False	strict state-shared core; NCBI protein-coding; feature present on all five external platforms and GSE117606 FFPE
BBLN	up	0.570088490017725	5.56254564400669	4.94501446700176e-07	0.0001840681865527	79095	protein-coding	O	BBLN	current_ncbi_symbol	True	False	False	False	False	False	1	False	True	False	strict state-shared core; NCBI protein-coding; feature present on all five external platforms and GSE117606 FFPE
ATP5MK	down	-0.532242325349085	-5.5596057010418	5.01768277509037e-07	0.0022050185441961	84833	protein-coding	O	ATP5MK	current_ncbi_symbol	False	False	False	False	False	False	0	False	True	False	strict state-shared core; NCBI protein-coding; feature present on all five external platforms and GSE117606 FFPE
BCL10	down	-0.644875813911751	-5.55318854180513	5.19376928347712e-07	0.0002011807288777	8915	protein-coding	O	BCL10	current_ncbi_symbol	True	True	True	True	True	False	5	False	True	False	strict state-shared core; NCBI protein-coding; feature present on all five external platforms and GSE117606 FFPE
UAP1	down	-0.670182755687808	-5.55181225320123	5.22307197021225e-07	0.009286854073368	6675	protein-coding	O	UAP1	current_ncbi_symbol	True	True	True	True	True	False	5	False	True	False	strict state-shared core; NCBI protein-coding; feature present on all five external platforms and GSE117606 FFPE
TMC5	up	0.480044934126831	5.55012578573807	5.26188479888812e-07	0.0007596185910039	79838	protein-coding	O	TMC5	current_ncbi_symbol	True	True	True	True	True	False	5	False	True	False	strict state-shared core; NCBI protein-coding; feature present on all five external platforms and GSE117606 FFPE
PGAP4	down	-0.550600188339975	-5.54324980094235	5.45185553261219e-07	0.0018105836012646	84302	protein-coding	O	PGAP4	current_ncbi_symbol	True	False	False	False	False	False	1	False	True	False	strict state-shared core; NCBI protein-coding; feature present on all five external platforms and GSE117606 FFPE
MARK4	up	0.683615924072775	5.54313912606368	5.45185553261219e-07	0.0001030805985542	57787	protein-coding	O	MARK4	current_ncbi_symbol	True	True	True	True	True	False	5	False	True	False	strict state-shared core; NCBI protein-coding; feature present on all five external platforms and GSE117606 FFPE
CDKL5	up	0.513622045300483	5.54145950048778	5.49215816306918e-07	0.0055318694582575	6792	protein-coding	O	CDKL5	current_ncbi_symbol	True	True	True	True	True	False	5	False	True	False	strict state-shared core; NCBI protein-coding; feature present on all five external platforms and GSE117606 FFPE
VDAC2	down	-0.609438439452636	-5.53689530037223	5.6180315902447e-07	9.82881231912369e-05	7417	protein-coding	O	VDAC2	current_ncbi_symbol	False	True	True	True	True	False	4	False	True	False	strict state-shared core; NCBI protein-coding; feature present on all five external platforms and GSE117606 FFPE
CHMP5	down	-0.579941417147608	-5.53589638334134	5.62775355748175e-07	0.0004808524163975	51510	protein-coding	O	CHMP5	current_ncbi_symbol	True	True	True	True	True	False	5	False	True	False	strict state-shared core; NCBI protein-coding; feature present on all five external platforms and GSE117606 FFPE
FAM120A	down	-0.485156672598666	-5.53563379622768	5.62775355748175e-07	0.0304005792072287	23196	protein-coding	O	FAM120A	current_ncbi_symbol	True	True	True	True	True	False	5	False	True	False	strict state-shared core; NCBI protein-coding; feature present on all five external platforms and GSE117606 FFPE
EIF4EBP2	down	-0.472081842771314	-5.53115670854537	5.76060237106123e-07	0.0028300892773057	1979	protein-coding	O	EIF4EBP2	current_ncbi_symbol	True	True	True	True	True	False	5	False	True	False	strict state-shared core; NCBI protein-coding; feature present on all five external platforms and GSE117606 FFPE
CD164	down	-0.733259369071138	-5.5301535429741	5.78090988362993e-07	0.0024540116485679	8763	protein-coding	O	CD164	current_ncbi_symbol	True	True	True	True	True	False	5	False	True	False	strict state-shared core; NCBI protein-coding; feature present on all five external platforms and GSE117606 FFPE
STAT3	up	0.385420999643365	5.52810411271244	5.83600741169829e-07	7.60025431798316e-05	6774	protein-coding	O	STAT3	current_ncbi_symbol	True	True	True	True	True	False	5	False	True	False	strict state-shared core; NCBI protein-coding; feature present on all five external platforms and GSE117606 FFPE
GGCT	down	-0.700101869190499	-5.51510975052044	6.27030909869291e-07	0.007405363694816	79017	protein-coding	O	GGCT	current_ncbi_symbol	True	True	True	True	True	False	5	False	True	False	strict state-shared core; NCBI protein-coding; feature present on all five external platforms and GSE117606 FFPE
RCAN3	up	0.487583632072643	5.51393453479017	6.29856343415073e-07	0.0005355913283424	11123	protein-coding	O	RCAN3	current_ncbi_symbol	True	True	True	True	True	False	5	False	True	False	strict state-shared core; NCBI protein-coding; feature present on all five external platforms and GSE117606 FFPE
UNK	up	0.398195856404042	5.50183626299923	6.71719921841105e-07	0.0006498246280998	85451	protein-coding	O	UNK	current_ncbi_symbol	True	True	True	True	True	False	5	False	True	False	strict state-shared core; NCBI protein-coding; feature present on all five external platforms and GSE117606 FFPE
SATB2-AS1	down	-0.580034113859842	-5.49325070452388	7.03692618633693e-07	0.0008725422561793	150538	ncRNA	O	SATB2-AS1	current_ncbi_symbol	True	False	True	True	True	False	4	False	False	False	strict state-shared core; NCBI protein-coding; feature present on all five external platforms and GSE117606 FFPE
CS	down	-0.512753779703692	-5.49195418832091	7.05817270480657e-07	0.0003623657537226	1431	protein-coding	O	CS	current_ncbi_symbol	False	True	True	True	True	False	4	False	True	False	strict state-shared core; NCBI protein-coding; feature present on all five external platforms and GSE117606 FFPE
ABRACL	down	-0.744651203112759	-5.48619545857756	7.27633758230781e-07	0.0126104972066757	58527	protein-coding	O	ABRACL	current_ncbi_symbol	True	False	True	True	True	False	4	False	True	False	strict state-shared core; NCBI protein-coding; feature present on all five external platforms and GSE117606 FFPE
MFN2	down	-0.381658973978574	-5.48270559475505	7.40543731455656e-07	0.000150947870649	9927	protein-coding	O	MFN2	current_ncbi_symbol	True	True	True	True	True	False	5	False	True	False	strict state-shared core; NCBI protein-coding; feature present on all five external platforms and GSE117606 FFPE
DSTN	down	-0.447666125328769	-5.48067289243437	7.47495711889807e-07	0.0003728247204274	11034	protein-coding	O	DSTN	current_ncbi_symbol	True	True	True	True	True	False	5	False	True	False	strict state-shared core; NCBI protein-coding; feature present on all five external platforms and GSE117606 FFPE
SPINT2	down	-0.397974983428039	-5.46940780926546	7.94887461117583e-07	0.0002847247371071	10653	protein-coding	O	SPINT2	current_ncbi_symbol	True	True	True	True	True	False	5	False	True	False	strict state-shared core; NCBI protein-coding; feature present on all five external platforms and GSE117606 FFPE
BEX3	down	-0.602216193541354	-5.46244119631525	8.24965268838043e-07	0.0012191706995272	27018	protein-coding	O	BEX3	current_ncbi_symbol	True	False	True	True	False	False	3	False	True	False	strict state-shared core; NCBI protein-coding; feature present on all five external platforms and GSE117606 FFPE
LARP1	up	0.24584835971418	5.45981575015157	8.35472641577888e-07	0.0027197362392829	23367	protein-coding	O	LARP1	current_ncbi_symbol	True	True	True	True	True	False	5	False	True	False	strict state-shared core; NCBI protein-coding; feature present on all five external platforms and GSE117606 FFPE
HINT3	down	-0.722927290894359	-5.45839151346566	8.40408845249688e-07	0.0005093731997489	135114	protein-coding	O	HINT3	current_ncbi_symbol	True	True	True	True	True	False	5	False	True	False	strict state-shared core; NCBI protein-coding; feature present on all five external platforms and GSE117606 FFPE
GNG10	down	-0.86858251185055	-5.45764247616955	8.42168933349817e-07	0.0003565313730063	2790	protein-coding	O	GNG10	current_ncbi_symbol	False	True	True	True	True	False	4	False	True	False	strict state-shared core; NCBI protein-coding; feature present on all five external platforms and GSE117606 FFPE
RNF103	down	-0.925382364863788	-5.45454516734077	8.55164346919934e-07	0.0013391027294006	7844	protein-coding	O	RNF103	current_ncbi_symbol	True	False	True	True	True	False	4	False	True	False	strict state-shared core; NCBI protein-coding; feature present on all five external platforms and GSE117606 FFPE
C17orf58	down	-0.854185011076519	-5.44489051148585	9.00960085151575e-07	0.0026168539374226	284018	protein-coding	O	C17orf58	current_ncbi_symbol	True	True	True	True	True	False	5	False	True	False	strict state-shared core; NCBI protein-coding; feature present on all five external platforms and GSE117606 FFPE
CMC2	down	-0.383202779075393	-5.43850556568744	9.31875182652627e-07	0.0010710266869979	56942	protein-coding	O	CMC2	current_ncbi_symbol	True	False	True	True	True	False	4	False	True	False	strict state-shared core; NCBI protein-coding; feature present on all five external platforms and GSE117606 FFPE
YWHAE	down	-0.471461366730378	-5.43755997133906	9.34860485922735e-07	0.0025824198243091	7531	protein-coding	O	YWHAE	current_ncbi_symbol	True	True	True	True	True	False	5	False	True	False	strict state-shared core; NCBI protein-coding; feature present on all five external platforms and GSE117606 FFPE
TMTC2	up	0.406393283236379	5.4269172579095	9.90245201603471e-07	0.0004461306818994	160335	protein-coding	O	TMTC2	current_ncbi_symbol	True	True	True	True	True	False	5	False	True	False	strict state-shared core; NCBI protein-coding; feature present on all five external platforms and GSE117606 FFPE
SETD5	up	0.26170053521233	5.42093154174966	1.02183864633669e-06	4.2826585602783e-05	55209	protein-coding	O	SETD5	current_ncbi_symbol	True	False	True	True	True	False	4	False	True	False	strict state-shared core; NCBI protein-coding; feature present on all five external platforms and GSE117606 FFPE
BSPRY	up	0.350461926754214	5.41674089931867	1.04388118839045e-06	0.0002173161833318	54836	protein-coding	O	BSPRY	current_ncbi_symbol	True	False	True	True	True	False	4	False	True	False	strict state-shared core; NCBI protein-coding; feature present on all five external platforms and GSE117606 FFPE
MRPS33	down	-0.491117474209198	-5.4152289300523	1.05054320606757e-06	0.0140015091660421	51650	protein-coding	O	MRPS33	current_ncbi_symbol	True	True	True	True	True	False	5	False	True	False	strict state-shared core; NCBI protein-coding; feature present on all five external platforms and GSE117606 FFPE
CRTC3	up	0.405964236770705	5.41288296586682	1.06218792391264e-06	0.0079739371200659	64784	protein-coding	O	CRTC3	current_ncbi_symbol	True	False	True	True	True	False	4	False	True	False	strict state-shared core; NCBI protein-coding; feature present on all five external platforms and GSE117606 FFPE
TNFRSF10A	up	0.57704294780156	5.41210606384221	1.06459001315421e-06	0.0002940260890505	8797	protein-coding	O	TNFRSF10A	current_ncbi_symbol	True	True	True	True	True	False	5	False	True	False	strict state-shared core; NCBI protein-coding; feature present on all five external platforms and GSE117606 FFPE
UNG	down	-0.58180843459381	-5.40966790086074	1.0769463748231e-06	0.0001459254231015	7374	protein-coding	O	UNG	current_ncbi_symbol	True	True	True	True	True	False	5	False	True	False	strict state-shared core; NCBI protein-coding; feature present on all five external platforms and GSE117606 FFPE
CTNND1	down	-0.382164420501201	-5.4087590959833	1.08018367458668e-06	0.0018760598080496	1500	protein-coding	O	CTNND1	current_ncbi_symbol	False	True	True	True	True	False	4	False	True	False	strict state-shared core; NCBI protein-coding; feature present on all five external platforms and GSE117606 FFPE
PTPN14	up	0.498404165036336	5.40761531752429	1.08485640662624e-06	0.0128241267924918	5784	protein-coding	O	PTPN14	current_ncbi_symbol	True	True	True	True	True	False	5	False	True	False	strict state-shared core; NCBI protein-coding; feature present on all five external platforms and GSE117606 FFPE
PPIF	down	-0.515644055645023	-5.40556718641423	1.09506479698789e-06	0.0001275924762393	10105	protein-coding	O	PPIF	current_ncbi_symbol	True	True	True	True	True	False	5	False	True	False	strict state-shared core; NCBI protein-coding; feature present on all five external platforms and GSE117606 FFPE
BANF1	down	-0.54981430234817	-5.40518097169022	1.09516898271847e-06	0.0004524312646627	8815	protein-coding	O	BANF1	current_ncbi_symbol	True	True	True	True	True	False	5	False	True	False	strict state-shared core; NCBI protein-coding; feature present on all five external platforms and GSE117606 FFPE
RANGAP1	up	0.576265256696589	5.40375434397121	1.09953491297723e-06	0.0029325198091026	5905	protein-coding	O	RANGAP1	current_ncbi_symbol	True	True	True	True	True	False	5	False	True	False	strict state-shared core; NCBI protein-coding; feature present on all five external platforms and GSE117606 FFPE
PATJ	up	0.315457517079061	5.40337767944482	1.09953491297723e-06	0.0004168392223175	10207	protein-coding	O	PATJ	current_ncbi_symbol	True	False	True	True	False	False	3	False	True	False	strict state-shared core; NCBI protein-coding; feature present on all five external platforms and GSE117606 FFPE
YWHAB	down	-0.463364711112712	-5.4033645917682	1.09953491297723e-06	0.0006114307020949	7529	protein-coding	O	YWHAB	current_ncbi_symbol	True	True	True	True	True	False	5	False	True	False	strict state-shared core; NCBI protein-coding; feature present on all five external platforms and GSE117606 FFPE
PML	up	0.499808982238499	5.4016594500826	1.10777490355574e-06	0.0037529971696673	5371	protein-coding	O	PML	current_ncbi_symbol	True	True	True	True	True	False	5	False	True	False	strict state-shared core; NCBI protein-coding; feature present on all five external platforms and GSE117606 FFPE
KLHL18	up	0.434832076291128	5.39315832267603	1.1591426163484e-06	5.47625401143723e-05	23276	protein-coding	O	KLHL18	current_ncbi_symbol	True	True	True	True	True	False	5	False	True	False	strict state-shared core; NCBI protein-coding; feature present on all five external platforms and GSE117606 FFPE
MDH1	down	-0.593727014025998	-5.38944068305965	1.1809717556301e-06	0.000853239200361	4190	protein-coding	O	MDH1	current_ncbi_symbol	True	True	True	True	True	False	5	False	True	False	strict state-shared core; NCBI protein-coding; feature present on all five external platforms and GSE117606 FFPE
TMEM30B	down	-1.09697300634616	-5.38152134155911	1.23163161616125e-06	0.0004588506512532	161291	protein-coding	O	CDC50B	unique_ncbi_synonym	True	True	True	True	True	False	5	False	True	False	strict state-shared core; NCBI protein-coding; feature present on all five external platforms and GSE117606 FFPE
NFAT5	up	0.439670099436076	5.38066158509493	1.2350237064348e-06	0.0004019997143675	10725	protein-coding	O	NFAT5	current_ncbi_symbol	True	True	True	True	True	False	5	False	True	False	strict state-shared core; NCBI protein-coding; feature present on all five external platforms and GSE117606 FFPE
STARD3	up	0.53283506244551	5.37727799094423	1.25439855162803e-06	0.0040607804136846	10948	protein-coding	O	STARD3	current_ncbi_symbol	True	True	True	True	True	False	5	False	True	False	strict state-shared core; NCBI protein-coding; feature present on all five external platforms and GSE117606 FFPE
FUCA1	down	-0.637125462994898	-5.37713127190743	1.25439855162803e-06	0.0043751284350149	2517	protein-coding	O	FUCA1	current_ncbi_symbol	True	True	True	True	True	False	5	False	True	False	strict state-shared core; NCBI protein-coding; feature present on all five external platforms and GSE117606 FFPE
HDAC4	up	0.442328598700633	5.37124651593782	1.29343006109864e-06	0.0003107273674821	9759	protein-coding	O	HDAC4	current_ncbi_symbol	True	True	True	True	True	False	5	False	True	False	strict state-shared core; NCBI protein-coding; feature present on all five external platforms and GSE117606 FFPE
ADIPOR1	down	-0.554376194664541	-5.36928284348746	1.30496585864896e-06	0.0009369152720634	51094	protein-coding	O	ADIPOR1	current_ncbi_symbol	True	True	True	True	True	False	5	False	True	False	strict state-shared core; NCBI protein-coding; feature present on all five external platforms and GSE117606 FFPE
PCSK6	up	0.437733464960692	5.36647400710351	1.32278633369975e-06	0.0011102033908993	5046	protein-coding	O	PCSK6	current_ncbi_symbol	True	True	True	True	True	False	5	False	True	False	strict state-shared core; NCBI protein-coding; feature present on all five external platforms and GSE117606 FFPE
CA7	down	-2.30170980041837	-5.36327522654988	1.34374437700881e-06	0.0010353013125066	766	protein-coding	O	CA7	current_ncbi_symbol	True	True	True	True	True	False	5	False	True	False	strict state-shared core; NCBI protein-coding; feature present on all five external platforms and GSE117606 FFPE
PUS7	up	0.497612777368178	5.36262598609638	1.34589294094344e-06	0.019556765220955	54517	protein-coding	O	PUS7	current_ncbi_symbol	True	True	True	True	True	False	5	False	True	False	strict state-shared core; NCBI protein-coding; feature present on all five external platforms and GSE117606 FFPE
PTPRG	up	0.303405207265777	5.36203704727976	1.34759970578639e-06	0.0149454179325206	5793	protein-coding	O	PTPRG	current_ncbi_symbol	True	True	True	True	True	False	5	False	True	False	strict state-shared core; NCBI protein-coding; feature present on all five external platforms and GSE117606 FFPE
LRP5L	up	0.632101963094172	5.34587014246829	1.47068797493515e-06	0.0027743377627553	91355	pseudo	O	LRP5L	current_ncbi_symbol	True	True	True	True	True	False	5	False	False	False	strict state-shared core; NCBI protein-coding; feature present on all five external platforms and GSE117606 FFPE
ACTB	down	-0.467988963781049	-5.34180422967372	1.49811055743922e-06	0.0059567936401671	60	protein-coding	O	ACTB	current_ncbi_symbol	True	True	True	True	True	False	5	False	True	False	strict state-shared core; NCBI protein-coding; feature present on all five external platforms and GSE117606 FFPE
TTC22	down	-0.5277080150251	-5.32808079356952	1.61261533148043e-06	0.0009337009680279	55001	protein-coding	O	TTC22	current_ncbi_symbol	True	True	True	True	True	False	5	False	True	False	strict state-shared core; NCBI protein-coding; feature present on all five external platforms and GSE117606 FFPE
RTRAF	down	-0.556765693814004	-5.32715526221014	1.61765415319124e-06	0.0013015861483591	51637	protein-coding	O	RTRAF	current_ncbi_symbol	True	False	False	False	False	False	1	False	True	False	strict state-shared core; NCBI protein-coding; feature present on all five external platforms and GSE117606 FFPE
CHCHD2	down	-0.44334629966679	-5.32581325132447	1.62643662668467e-06	0.0002091014315166	51142	protein-coding	O	CHCHD2	current_ncbi_symbol	False	True	True	True	True	False	4	False	True	False	strict state-shared core; NCBI protein-coding; feature present on all five external platforms and GSE117606 FFPE
ACADM	down	-0.477209180121831	-5.32329883758204	1.64584956013561e-06	0.0034226286342464	34	protein-coding	O	ACADM	current_ncbi_symbol	True	True	True	True	True	False	5	False	True	False	strict state-shared core; NCBI protein-coding; feature present on all five external platforms and GSE117606 FFPE
CDC42	down	-0.565196949088521	-5.32007663249516	1.67198299105161e-06	0.0002442954688202	998	protein-coding	O	CDC42	current_ncbi_symbol	True	True	True	True	True	False	5	False	True	False	strict state-shared core; NCBI protein-coding; feature present on all five external platforms and GSE117606 FFPE
S100A11	up	0.543729646124501	5.31853183212984	1.6829387745033e-06	0.0073130842684154	6282	protein-coding	O	S100A11	current_ncbi_symbol	True	True	True	True	True	False	5	False	True	False	strict state-shared core; NCBI protein-coding; feature present on all five external platforms and GSE117606 FFPE
ALS2CL	up	0.657434405966271	5.31744014061758	1.68975732618152e-06	0.0006926305813062	259173	protein-coding	O	ALS2CL	current_ncbi_symbol	True	True	True	True	True	False	5	False	True	False	strict state-shared core; NCBI protein-coding; feature present on all five external platforms and GSE117606 FFPE
NDE1	up	0.50839472972128	5.31395759000379	1.71903183671612e-06	0.0081590736407882	54820	protein-coding	O	NDE1	current_ncbi_symbol	True	True	True	True	True	False	5	False	True	False	strict state-shared core; NCBI protein-coding; feature present on all five external platforms and GSE117606 FFPE
ERN1	up	0.383819519969749	5.31327045638263	1.72217227603274e-06	0.0038043091531467	2081	protein-coding	O	ERN1	current_ncbi_symbol	True	True	True	True	True	False	5	False	True	False	strict state-shared core; NCBI protein-coding; feature present on all five external platforms and GSE117606 FFPE
SDHC	down	-0.367154905831376	-5.31286848866596	1.72262544672701e-06	0.0011949567608126	6391	protein-coding	O	SDHC	current_ncbi_symbol	True	True	True	True	True	False	5	False	True	False	strict state-shared core; NCBI protein-coding; feature present on all five external platforms and GSE117606 FFPE
CREB3L2	up	0.446979483956678	5.31192836380422	1.72818238251266e-06	0.0038758854045014	64764	protein-coding	O	CREB3L2	current_ncbi_symbol	True	True	True	True	True	False	5	False	True	False	strict state-shared core; NCBI protein-coding; feature present on all five external platforms and GSE117606 FFPE
NDUFC1	down	-0.442654231686858	-5.31088812004769	1.73471511132551e-06	0.0002297927598436	4717	protein-coding	O	NDUFC1	current_ncbi_symbol	True	True	True	True	True	False	5	False	True	False	strict state-shared core; NCBI protein-coding; feature present on all five external platforms and GSE117606 FFPE
WTAP	down	-0.511327215075336	-5.30993594510544	1.74043601720391e-06	0.0293082919826081	9589	protein-coding	O	WTAP	current_ncbi_symbol	True	True	True	True	True	False	5	False	True	False	strict state-shared core; NCBI protein-coding; feature present on all five external platforms and GSE117606 FFPE
CYP2J2	down	-0.582027695970141	-5.30856053700469	1.75023961158024e-06	0.0020891082513407	1573	protein-coding	O	CYP2J2	current_ncbi_symbol	True	True	True	True	True	False	5	False	True	False	strict state-shared core; NCBI protein-coding; feature present on all five external platforms and GSE117606 FFPE
PDE3A	down	-0.456045458296179	-5.30064019835215	1.82438709429549e-06	0.0186871467470116	5139	protein-coding	O	PDE3A	current_ncbi_symbol	True	True	True	True	True	False	5	False	True	False	strict state-shared core; NCBI protein-coding; feature present on all five external platforms and GSE117606 FFPE
SLC12A2	up	0.623121093830342	5.29960987150446	1.83119040882353e-06	0.0001889464960329	6558	protein-coding	O	SLC12A2	current_ncbi_symbol	True	True	True	True	True	False	5	False	True	False	strict state-shared core; NCBI protein-coding; feature present on all five external platforms and GSE117606 FFPE
MAT2B	down	-0.892837689231757	-5.29411872381006	1.87626631218143e-06	0.0013153883970772	27430	protein-coding	O	MAT2B	current_ncbi_symbol	True	True	True	True	True	False	5	False	True	False	strict state-shared core; NCBI protein-coding; feature present on all five external platforms and GSE117606 FFPE
CDK2AP2	down	-0.552920291819919	-5.29356217163063	1.87840350925056e-06	0.000605363422655	10263	protein-coding	O	CDK2AP2	current_ncbi_symbol	True	True	True	True	True	False	5	False	True	False	strict state-shared core; NCBI protein-coding; feature present on all five external platforms and GSE117606 FFPE
H1-0	down	-0.537597167053025	-5.2845785748053	1.96920242250199e-06	0.0004122330883515	3005	protein-coding	O	H1-0	current_ncbi_symbol	True	False	False	False	False	False	1	False	True	False	strict state-shared core; NCBI protein-coding; feature present on all five external platforms and GSE117606 FFPE
PFN2	down	-0.589431015643913	-5.2841150501583	1.97044818551689e-06	0.0041590614736898	5217	protein-coding	O	PFN2	current_ncbi_symbol	True	True	True	True	True	False	5	False	True	False	strict state-shared core; NCBI protein-coding; feature present on all five external platforms and GSE117606 FFPE
LAMB1	up	0.450472652666622	5.27184534795763	2.102876732118e-06	0.0006418702112362	3912	protein-coding	O	LAMB1	current_ncbi_symbol	True	True	True	True	True	False	5	False	True	False	strict state-shared core; NCBI protein-coding; feature present on all five external platforms and GSE117606 FFPE
TMEM126B	down	-0.572871910252067	-5.26548614470451	2.17287502477332e-06	0.0001891442277528	55863	protein-coding	O	TMEM126B	current_ncbi_symbol	True	True	True	True	True	False	5	False	True	False	strict state-shared core; NCBI protein-coding; feature present on all five external platforms and GSE117606 FFPE
HSD17B2	down	-0.864315204241918	-5.25486630378431	2.29772358481205e-06	0.0014095622321906	3294	protein-coding	O	HSD17B2	current_ncbi_symbol	True	True	True	True	True	False	5	False	True	False	strict state-shared core; NCBI protein-coding; feature present on all five external platforms and GSE117606 FFPE
DYNLT1	down	-0.457671280986845	-5.23869332121413	2.50372823150318e-06	0.0013314779432921	6993	protein-coding	O	DYNLT1	current_ncbi_symbol	True	True	True	True	True	False	5	False	True	False	strict state-shared core; NCBI protein-coding; feature present on all five external platforms and GSE117606 FFPE
GABRB1	up	0.718680176245511	5.23691061524875	2.52327094289066e-06	0.0007514671346978	2560	protein-coding	O	GABRB1	current_ncbi_symbol	True	True	True	True	True	False	5	False	True	False	strict state-shared core; NCBI protein-coding; feature present on all five external platforms and GSE117606 FFPE
C5orf15	down	-0.602195149947594	-5.23396414560252	2.55903919758162e-06	0.0035280999648365	56951	protein-coding	O	C5orf15	current_ncbi_symbol	True	True	True	True	True	False	5	False	True	False	strict state-shared core; NCBI protein-coding; feature present on all five external platforms and GSE117606 FFPE
TSPYL1	down	-0.648706991908128	-5.23294806634518	2.56562846606825e-06	0.0015689386742259	7259	protein-coding	O	TSPYL1	current_ncbi_symbol	True	True	True	True	True	False	5	False	True	False	strict state-shared core; NCBI protein-coding; feature present on all five external platforms and GSE117606 FFPE
ALDH9A1	down	-0.715726334635681	-5.23015787613839	2.59283510686013e-06	0.0042429334992525	223	protein-coding	O	ALDH9A1	current_ncbi_symbol	True	True	True	True	True	False	5	False	True	False	strict state-shared core; NCBI protein-coding; feature present on all five external platforms and GSE117606 FFPE
HIGD1A	down	-1.06184137181998	-5.22767621829553	2.62298445420479e-06	0.002390159865701	25994	protein-coding	O	HIGD1A	current_ncbi_symbol	True	True	True	True	True	False	5	False	True	False	strict state-shared core; NCBI protein-coding; feature present on all five external platforms and GSE117606 FFPE
USP40	up	0.289953929885663	5.22722780091697	2.62326389995099e-06	0.0022913407398186	55230	protein-coding	O	USP40	current_ncbi_symbol	True	True	True	True	True	False	5	False	True	False	strict state-shared core; NCBI protein-coding; feature present on all five external platforms and GSE117606 FFPE
MAPKBP1	up	0.599783980930219	5.22697021721634	2.62326389995099e-06	0.0006056124125718	23005	protein-coding	O	MAPKBP1	current_ncbi_symbol	True	True	True	True	True	False	5	False	True	False	strict state-shared core; NCBI protein-coding; feature present on all five external platforms and GSE117606 FFPE
API5	down	-0.477338838204566	-5.22654146672468	2.62449117914136e-06	0.0236921193521007	8539	protein-coding	O	API5	current_ncbi_symbol	True	True	True	True	True	False	5	False	True	False	strict state-shared core; NCBI protein-coding; feature present on all five external platforms and GSE117606 FFPE
ALDH3B1	up	0.553274105848304	5.22190277728814	2.68614265730363e-06	0.0046754011222086	221	protein-coding	O	ALDH3B1	current_ncbi_symbol	True	True	True	True	True	False	5	False	True	False	strict state-shared core; NCBI protein-coding; feature present on all five external platforms and GSE117606 FFPE
C6orf132	up	0.373601884797106	5.2150775283546	2.77405651305879e-06	0.0146732885732115	647024	protein-coding	O	C6orf132	current_ncbi_symbol	True	False	True	True	True	False	4	False	True	False	strict state-shared core; NCBI protein-coding; feature present on all five external platforms and GSE117606 FFPE
SBDS	down	-0.588390980783337	-5.21491423844419	2.77405651305879e-06	0.0007507571167748	51119	protein-coding	O	SBDS	current_ncbi_symbol	False	True	True	True	True	False	4	False	True	False	strict state-shared core; NCBI protein-coding; feature present on all five external platforms and GSE117606 FFPE
FBXO16	up	0.59796180826658	5.21252998236799	2.80481320775203e-06	0.0004559677539933	157574	protein-coding	O	FBXO16	current_ncbi_symbol	True	True	True	True	True	False	5	False	True	False	strict state-shared core; NCBI protein-coding; feature present on all five external platforms and GSE117606 FFPE
RALGDS	up	0.516795700204299	5.21210567421276	2.80609836478479e-06	0.0013708500538053	5900	protein-coding	O	RALGDS	current_ncbi_symbol	True	True	True	True	True	False	5	False	True	False	strict state-shared core; NCBI protein-coding; feature present on all five external platforms and GSE117606 FFPE
FGGY	up	0.456479288342798	5.20898011122557	2.84856845390431e-06	0.0253324372225281	55277	protein-coding	O	FGGY	current_ncbi_symbol	True	False	True	True	True	False	4	False	True	False	strict state-shared core; NCBI protein-coding; feature present on all five external platforms and GSE117606 FFPE
ACSS2	down	-0.32103746901606	-5.20702618883188	2.87347189880426e-06	0.0151926657026836	55902	protein-coding	O	ACSS2	current_ncbi_symbol	True	True	True	True	True	False	5	False	True	False	strict state-shared core; NCBI protein-coding; feature present on all five external platforms and GSE117606 FFPE
NPAS2	up	0.489385184853529	5.20473436767849	2.90387091410845e-06	0.03402589713021	4862	protein-coding	O	NPAS2	current_ncbi_symbol	True	True	True	True	True	False	5	False	True	False	strict state-shared core; NCBI protein-coding; feature present on all five external platforms and GSE117606 FFPE
ACTG1	down	-0.514894675544123	-5.20198156204732	2.94187651983698e-06	0.0021810523409563	71	protein-coding	O	ACTG1	current_ncbi_symbol	True	True	True	True	True	False	5	False	True	False	strict state-shared core; NCBI protein-coding; feature present on all five external platforms and GSE117606 FFPE
SOWAHC	down	-0.56074601726972	-5.2010301927284	2.95162047914675e-06	0.000522472482146	65124	protein-coding	O	SOWAHC	current_ncbi_symbol	True	False	True	True	True	False	4	False	True	False	strict state-shared core; NCBI protein-coding; feature present on all five external platforms and GSE117606 FFPE
NORAD	down	-0.716149279661524	-5.19739814141747	3.00441442694014e-06	0.0007643993557432	647979	ncRNA	O	NORAD	current_ncbi_symbol	True	False	True	True	False	False	3	False	False	False	strict state-shared core; NCBI protein-coding; feature present on all five external platforms and GSE117606 FFPE
FOXD2	down	-0.525811967622815	-5.19422711480929	3.05055579866746e-06	0.0002301019689567	2306	protein-coding	O	FOXD2	current_ncbi_symbol	True	True	True	True	True	False	5	False	True	False	strict state-shared core; NCBI protein-coding; feature present on all five external platforms and GSE117606 FFPE
LRG1	up	0.55667116901214	5.19259307592952	3.07191563575666e-06	0.0008325108216084	116844	protein-coding	O	LRG1	current_ncbi_symbol	True	True	True	True	True	False	5	False	True	False	strict state-shared core; NCBI protein-coding; feature present on all five external platforms and GSE117606 FFPE
TYW1	up	0.346407452928821	5.19062341212352	3.09900869732914e-06	0.0006443859192192	55253	protein-coding	O	TYW1	current_ncbi_symbol	True	True	True	True	True	False	5	False	True	False	strict state-shared core; NCBI protein-coding; feature present on all five external platforms and GSE117606 FFPE
ACE	up	0.635902069533163	5.18956180582566	3.11020296492223e-06	0.0002898725400855	1636	protein-coding	O	ACE	current_ncbi_symbol	True	True	True	True	True	False	5	False	True	False	strict state-shared core; NCBI protein-coding; feature present on all five external platforms and GSE117606 FFPE
EPB41L3	down	-0.624784789344974	-5.18928341503421	3.11020296492223e-06	0.002755660347114	23136	protein-coding	O	EPB41L3	current_ncbi_symbol	True	True	True	True	True	False	5	False	True	False	strict state-shared core; NCBI protein-coding; feature present on all five external platforms and GSE117606 FFPE
RPS24	down	-0.525150549755401	-5.18840838215839	3.11926015613996e-06	0.0221396439280744	6229	protein-coding	O	RPS24	current_ncbi_symbol	True	True	True	True	True	False	5	False	True	False	strict state-shared core; NCBI protein-coding; feature present on all five external platforms and GSE117606 FFPE
TMEM170A	down	-0.467937937710374	-5.18671533818766	3.14211768270212e-06	0.000119811842833	124491	protein-coding	O	TMEM170A	current_ncbi_symbol	True	True	True	True	True	False	5	False	True	False	strict state-shared core; NCBI protein-coding; feature present on all five external platforms and GSE117606 FFPE
RAB1A	down	-0.298767101185364	-5.17929943530204	3.26379157506746e-06	0.0005567403676262	5861	protein-coding	O	RAB1A	current_ncbi_symbol	True	True	True	True	True	False	5	False	True	False	strict state-shared core; NCBI protein-coding; feature present on all five external platforms and GSE117606 FFPE
NUDCD3	up	0.308562350692425	5.17887434514084	3.26541570938761e-06	0.0164421897042565	23386	protein-coding	O	NUDCD3	current_ncbi_symbol	True	True	True	True	True	False	5	False	True	False	strict state-shared core; NCBI protein-coding; feature present on all five external platforms and GSE117606 FFPE
DLG5	up	0.473516918656145	5.1775197568097	3.28336428976545e-06	0.002473368164028	9231	protein-coding	O	DLG5	current_ncbi_symbol	True	True	True	True	True	False	5	False	True	False	strict state-shared core; NCBI protein-coding; feature present on all five external platforms and GSE117606 FFPE
SGMS1	up	0.491519029335674	5.16552678423414	3.48941329357948e-06	0.000947731779978	259230	protein-coding	O	SGMS1	current_ncbi_symbol	True	True	True	True	True	False	5	False	True	False	strict state-shared core; NCBI protein-coding; feature present on all five external platforms and GSE117606 FFPE
SH3GLB1	down	-0.412713687620099	-5.16548604087866	3.48941329357948e-06	0.0172767394848112	51100	protein-coding	O	SH3GLB1	current_ncbi_symbol	True	True	True	True	True	False	5	False	True	False	strict state-shared core; NCBI protein-coding; feature present on all five external platforms and GSE117606 FFPE
B3GALNT2	up	0.5131724391825	5.16463195806856	3.49918979888344e-06	0.0017724649609505	148789	protein-coding	O	B3GALNT2	current_ncbi_symbol	True	True	True	True	True	False	5	False	True	False	strict state-shared core; NCBI protein-coding; feature present on all five external platforms and GSE117606 FFPE
TMEM184B	up	0.399871591184153	5.15640891949014	3.64344937671332e-06	0.0087261888762297	25829	protein-coding	O	TMEM184B	current_ncbi_symbol	True	True	True	True	True	False	5	False	True	False	strict state-shared core; NCBI protein-coding; feature present on all five external platforms and GSE117606 FFPE
ADH5	down	-0.543222065257368	-5.14968038812511	3.7699673177577e-06	0.0008405928884354	128	protein-coding	O	ADH5	current_ncbi_symbol	True	True	True	True	True	False	5	False	True	False	strict state-shared core; NCBI protein-coding; feature present on all five external platforms and GSE117606 FFPE
MAP3K20	up	0.667777925275057	5.13982564356427	3.96617848612884e-06	0.0036537324594225	51776	protein-coding	O	MAP3K20	current_ncbi_symbol	True	False	False	False	False	False	1	False	True	False	strict state-shared core; NCBI protein-coding; feature present on all five external platforms and GSE117606 FFPE
TP53INP2	down	-0.965825362897808	-5.13672613998382	4.02506338791066e-06	0.0018499618089099	58476	protein-coding	O	TP53INP2	current_ncbi_symbol	True	True	True	True	True	False	5	False	True	False	strict state-shared core; NCBI protein-coding; feature present on all five external platforms and GSE117606 FFPE
SC5D	down	-0.931405959017831	-5.13445142966566	4.066925197139e-06	0.0060390807017903	6309	protein-coding	O	SC5D	current_ncbi_symbol	True	False	True	True	False	False	3	False	True	False	strict state-shared core; NCBI protein-coding; feature present on all five external platforms and GSE117606 FFPE
GNAS	down	-0.31396070839414	-5.13400653462692	4.06944149982811e-06	0.0026646911486507	2778	protein-coding	O	GNAS	current_ncbi_symbol	True	True	True	True	True	False	5	False	True	False	strict state-shared core; NCBI protein-coding; feature present on all five external platforms and GSE117606 FFPE
H2AZ2	down	-0.374202069843072	-5.13158885111299	4.11489041521879e-06	0.0014644066691191	94239	protein-coding	O	H2AZ2	current_ncbi_symbol	True	False	False	False	False	False	1	False	True	False	strict state-shared core; NCBI protein-coding; feature present on all five external platforms and GSE117606 FFPE
CBX5	down	-0.390430044601999	-5.1293085325644	4.15619934314771e-06	0.0134105201973813	23468	protein-coding	O	CBX5	current_ncbi_symbol	True	True	True	True	True	False	5	False	True	False	strict state-shared core; NCBI protein-coding; feature present on all five external platforms and GSE117606 FFPE
CAPG	up	0.504592407674456	5.12905394156294	4.15619934314771e-06	0.0050264020203942	822	protein-coding	O	CAPG	current_ncbi_symbol	True	True	True	True	True	False	5	False	True	False	strict state-shared core; NCBI protein-coding; feature present on all five external platforms and GSE117606 FFPE
SUMO3	down	-0.55430289717876	-5.12663078423846	4.20272872200406e-06	0.0003657199216028	6612	protein-coding	O	SUMO3	current_ncbi_symbol	True	True	True	True	True	False	5	False	True	False	strict state-shared core; NCBI protein-coding; feature present on all five external platforms and GSE117606 FFPE
SAMD5	up	0.809383660052672	5.12439930054686	4.2454470252299e-06	0.0022289298117457	389432	protein-coding	O	SAMD5	current_ncbi_symbol	True	True	True	True	True	False	5	False	True	False	strict state-shared core; NCBI protein-coding; feature present on all five external platforms and GSE117606 FFPE
PCNA	down	-0.635463036103386	-5.12260433975365	4.27319793027356e-06	0.0040183545387797	5111	protein-coding	O	PCNA	current_ncbi_symbol	True	True	True	True	True	True	6	True	True	True	strict state-shared core; NCBI protein-coding; feature present on all five external platforms and GSE117606 FFPE
MMADHC	down	-0.813294143981248	-5.12252037556202	4.27319793027356e-06	0.0019032082546404	27249	protein-coding	O	MMADHC	current_ncbi_symbol	True	False	True	True	True	False	4	False	True	False	strict state-shared core; NCBI protein-coding; feature present on all five external platforms and GSE117606 FFPE
SEPHS2	down	-0.566582698453624	-5.11983172845166	4.32710989838294e-06	0.000514247942348	22928	protein-coding	O	SEPHS2	current_ncbi_symbol	True	True	True	True	True	False	5	False	True	False	strict state-shared core; NCBI protein-coding; feature present on all five external platforms and GSE117606 FFPE
LSM3	down	-0.507110942518284	-5.11861895197833	4.34754012179384e-06	0.0019378514574209	27258	protein-coding	O	LSM3	current_ncbi_symbol	True	True	True	True	True	False	5	False	True	False	strict state-shared core; NCBI protein-coding; feature present on all five external platforms and GSE117606 FFPE
RAD51B	up	0.326343296714958	5.11790898846384	4.35644760802126e-06	0.000477936600748	5890	protein-coding	O	RAD51B	current_ncbi_symbol	True	False	True	True	True	False	4	False	True	False	strict state-shared core; NCBI protein-coding; feature present on all five external platforms and GSE117606 FFPE
BOLA3	down	-0.427669556763632	-5.11657081926921	4.37994179183963e-06	0.0006808409748806	388962	protein-coding	O	BOLA3	current_ncbi_symbol	True	True	True	True	True	False	5	False	True	False	strict state-shared core; NCBI protein-coding; feature present on all five external platforms and GSE117606 FFPE
SOX4	up	0.505053690066959	5.11012701618502	4.52425235340401e-06	0.0033888278176221	6659	protein-coding	O	SOX4	current_ncbi_symbol	True	True	True	True	True	True	6	True	True	True	strict state-shared core; NCBI protein-coding; feature present on all five external platforms and GSE117606 FFPE
THEM4	up	0.49298117599317	5.10424678418137	4.65923968703195e-06	0.0013170440189405	117145	protein-coding	O	THEM4	current_ncbi_symbol	True	True	True	True	True	False	5	False	True	False	strict state-shared core; NCBI protein-coding; feature present on all five external platforms and GSE117606 FFPE
ARHGAP8	up	0.477262979182705	5.10337100903881	4.67288871755584e-06	0.0004850855129643	23779	protein-coding	O	ARHGAP8	current_ncbi_symbol	False	True	False	False	True	False	2	False	True	False	strict state-shared core; NCBI protein-coding; feature present on all five external platforms and GSE117606 FFPE
NLRC5	up	0.534195839115065	5.09734847221951	4.80759509095043e-06	0.0025330001766891	84166	protein-coding	O	NLRC5	current_ncbi_symbol	True	True	True	True	True	False	5	False	True	False	strict state-shared core; NCBI protein-coding; feature present on all five external platforms and GSE117606 FFPE
HNRNPAB	down	-0.397889496635125	-5.09264609118593	4.91251207970526e-06	0.0003681269673415	3182	protein-coding	O	HNRNPAB	current_ncbi_symbol	True	True	True	True	True	False	5	False	True	False	strict state-shared core; NCBI protein-coding; feature present on all five external platforms and GSE117606 FFPE
TBCD	up	0.493154457757077	5.09261632703675	4.91251207970526e-06	0.0020636604696426	6904	protein-coding	O	TBCD	current_ncbi_symbol	True	True	True	True	True	False	5	False	True	False	strict state-shared core; NCBI protein-coding; feature present on all five external platforms and GSE117606 FFPE
CCDC57	up	0.543594078704837	5.09072073450674	4.95350044127579e-06	0.0017960465912016	284001	protein-coding	O	CCDC57	current_ncbi_symbol	True	True	True	True	True	False	5	False	True	False	strict state-shared core; NCBI protein-coding; feature present on all five external platforms and GSE117606 FFPE
RETNLB	up	1.31618983872173	5.08886560907506	4.99376207602376e-06	0.0018970803613542	84666	protein-coding	O	RETNLB	current_ncbi_symbol	True	True	True	True	True	False	5	False	True	False	strict state-shared core; NCBI protein-coding; feature present on all five external platforms and GSE117606 FFPE
EPB41L4B	down	-0.321996645637227	-5.08454807030953	5.10009850171747e-06	0.0169018770867946	54566	protein-coding	O	EPB41L4B	current_ncbi_symbol	True	True	True	True	True	False	5	False	True	False	strict state-shared core; NCBI protein-coding; feature present on all five external platforms and GSE117606 FFPE
ATP6AP2	down	-0.738251698832838	-5.08387149664139	5.10970644978694e-06	0.0007096341199597	10159	protein-coding	O	ATP6AP2	current_ncbi_symbol	True	True	True	True	True	False	5	False	True	False	strict state-shared core; NCBI protein-coding; feature present on all five external platforms and GSE117606 FFPE
NDUFB3	down	-0.51759403968716	-5.07778221339106	5.26731678770842e-06	0.0003957124507887	4709	protein-coding	O	NDUFB3	current_ncbi_symbol	True	True	True	True	True	False	5	False	True	False	strict state-shared core; NCBI protein-coding; feature present on all five external platforms and GSE117606 FFPE
PDCD11	up	0.500658100347144	5.07476519918353	5.34261419584609e-06	0.0137051796941092	22984	protein-coding	O	PDCD11	current_ncbi_symbol	True	False	True	True	True	False	4	False	True	False	strict state-shared core; NCBI protein-coding; feature present on all five external platforms and GSE117606 FFPE
TPK1	up	0.39403229938242	5.07301451750952	5.38300376547201e-06	0.0032508677801432	27010	protein-coding	O	TPK1	current_ncbi_symbol	True	True	True	True	True	False	5	False	True	False	strict state-shared core; NCBI protein-coding; feature present on all five external platforms and GSE117606 FFPE
ETFDH	down	-0.516133145884462	-5.06233670301904	5.68400156104113e-06	0.0046671849599684	2110	protein-coding	O	ETFDH	current_ncbi_symbol	True	True	True	True	True	False	5	False	True	False	strict state-shared core; NCBI protein-coding; feature present on all five external platforms and GSE117606 FFPE
SSR3	down	-0.364809020510058	-5.05615605787935	5.86145398317712e-06	0.0085787502687282	6747	protein-coding	O	SSR3	current_ncbi_symbol	True	True	True	True	True	False	5	False	True	False	strict state-shared core; NCBI protein-coding; feature present on all five external platforms and GSE117606 FFPE
HDDC2	down	-0.556548103539896	-5.05345602236423	5.93507308264785e-06	0.0003494785097057	51020	protein-coding	O	HDDC2	current_ncbi_symbol	True	True	True	True	True	False	5	False	True	False	strict state-shared core; NCBI protein-coding; feature present on all five external platforms and GSE117606 FFPE
FUT8	up	0.531778126074679	5.05206727923333	5.96846902743545e-06	0.0117789438770704	2530	protein-coding	O	FUT8	current_ncbi_symbol	True	True	True	True	True	False	5	False	True	False	strict state-shared core; NCBI protein-coding; feature present on all five external platforms and GSE117606 FFPE
CNNM4	down	-0.355208192146066	-5.05070794753865	6.00113408875533e-06	0.0152978964405296	26504	protein-coding	O	CNNM4	current_ncbi_symbol	True	True	True	True	True	False	5	False	True	False	strict state-shared core; NCBI protein-coding; feature present on all five external platforms and GSE117606 FFPE
FAM193B	up	0.388314531246103	5.05028818651234	6.00437918383212e-06	0.0173359218871733	54540	protein-coding	O	FAM193B	current_ncbi_symbol	True	False	True	True	True	False	4	False	True	False	strict state-shared core; NCBI protein-coding; feature present on all five external platforms and GSE117606 FFPE
MKRN1	down	-0.390380150983928	-5.04864636442004	6.04619232558556e-06	0.0021933655648073	23608	protein-coding	O	MKRN1	current_ncbi_symbol	True	True	True	True	True	False	5	False	True	False	strict state-shared core; NCBI protein-coding; feature present on all five external platforms and GSE117606 FFPE
SH3D19	up	0.299924015063854	5.04773219369065	6.05567601053974e-06	0.0057388338887384	152503	protein-coding	O	SH3D19	current_ncbi_symbol	True	True	True	True	True	False	5	False	True	False	strict state-shared core; NCBI protein-coding; feature present on all five external platforms and GSE117606 FFPE
TCF20	up	0.289306623640629	5.04771620413805	6.05567601053974e-06	0.0029466907793059	6942	protein-coding	O	TCF20	current_ncbi_symbol	True	True	True	True	True	False	5	False	True	False	strict state-shared core; NCBI protein-coding; feature present on all five external platforms and GSE117606 FFPE
BPNT2	down	-0.737918266232114	-5.04319342878405	6.1701438519393e-06	0.0117738963869608	54928	protein-coding	O	BPNT2	current_ncbi_symbol	True	False	False	False	False	False	1	False	True	False	strict state-shared core; NCBI protein-coding; feature present on all five external platforms and GSE117606 FFPE
MAPK1IP1L	down	-0.415287954246445	-5.04018219010625	6.24754186034429e-06	0.0008880283783364	93487	protein-coding	O	MAPK1IP1L	current_ncbi_symbol	True	False	True	True	True	False	4	False	True	False	strict state-shared core; NCBI protein-coding; feature present on all five external platforms and GSE117606 FFPE
LTBP1	up	0.57182349123114	5.0376862863564	6.31921166910222e-06	0.0445673696579623	4052	protein-coding	O	LTBP1	current_ncbi_symbol	True	True	True	True	True	True	6	True	True	True	strict state-shared core; NCBI protein-coding; feature present on all five external platforms and GSE117606 FFPE
ACTN1	up	0.303796113914365	5.03670352324941	6.33288624236558e-06	0.0239810565060517	87	protein-coding	O	ACTN1	current_ncbi_symbol	True	True	True	True	True	False	5	False	True	False	strict state-shared core; NCBI protein-coding; feature present on all five external platforms and GSE117606 FFPE
DDAH1	down	-0.492571139738657	-5.03664866073151	6.33288624236558e-06	0.0412058159458688	23576	protein-coding	O	DDAH1	current_ncbi_symbol	True	True	True	True	True	False	5	False	True	False	strict state-shared core; NCBI protein-coding; feature present on all five external platforms and GSE117606 FFPE
CYC1	down	-0.362823366827339	-5.03260426885091	6.45750579713646e-06	0.0019248769951396	1537	protein-coding	O	CYC1	current_ncbi_symbol	True	True	True	True	True	False	5	False	True	False	strict state-shared core; NCBI protein-coding; feature present on all five external platforms and GSE117606 FFPE
PLEKHA2	up	0.480223845175614	5.0289081332027	6.57254475217423e-06	0.0084068026031562	59339	protein-coding	O	PLEKHA2	current_ncbi_symbol	True	False	True	True	True	False	4	False	True	False	strict state-shared core; NCBI protein-coding; feature present on all five external platforms and GSE117606 FFPE
MYORG	down	-0.545439545613204	-5.02510332851489	6.69335132775326e-06	0.0007198478918301	57462	protein-coding	O	MYORG	current_ncbi_symbol	True	False	False	False	False	False	1	False	True	False	strict state-shared core; NCBI protein-coding; feature present on all five external platforms and GSE117606 FFPE
ACTR10	down	-0.817903741849333	-5.02273893205516	6.75577038438326e-06	0.0005534404251875	55860	protein-coding	O	ACTR10	current_ncbi_symbol	True	True	True	True	True	False	5	False	True	False	strict state-shared core; NCBI protein-coding; feature present on all five external platforms and GSE117606 FFPE
SEMA6A	down	-0.42406980986384	-5.02270136473382	6.75577038438326e-06	0.0118113751423568	57556	protein-coding	O	SEMA6A	current_ncbi_symbol	True	False	True	True	True	False	4	False	True	False	strict state-shared core; NCBI protein-coding; feature present on all five external platforms and GSE117606 FFPE
ISCA2	down	-0.524548835096983	-5.01623545910232	6.97576940906869e-06	0.0011276963203468	122961	protein-coding	O	ISCA2	current_ncbi_symbol	True	True	True	True	True	False	5	False	True	False	strict state-shared core; NCBI protein-coding; feature present on all five external platforms and GSE117606 FFPE
MRPL35	down	-0.489968895755389	-5.00263910594128	7.46233866351988e-06	0.0008570833132716	51318	protein-coding	O	MRPL35	current_ncbi_symbol	True	True	True	True	True	False	5	False	True	False	strict state-shared core; NCBI protein-coding; feature present on all five external platforms and GSE117606 FFPE
NOL7	down	-0.420068335576668	-4.99740386998981	7.65544906371436e-06	0.0011950620803004	51406	protein-coding	O	NOL7	current_ncbi_symbol	True	True	True	True	True	False	5	False	True	False	strict state-shared core; NCBI protein-coding; feature present on all five external platforms and GSE117606 FFPE
CHD4	up	0.280297529654767	4.99701428982992	7.65865144084172e-06	0.0266928524545179	1108	protein-coding	O	CHD4	current_ncbi_symbol	True	True	True	True	True	False	5	False	True	False	strict state-shared core; NCBI protein-coding; feature present on all five external platforms and GSE117606 FFPE
SRP19	down	-0.689930433702516	-4.99580720789977	7.69440575296118e-06	0.0120788374779447	6728	protein-coding	O	SRP19	current_ncbi_symbol	True	True	True	True	True	False	5	False	True	False	strict state-shared core; NCBI protein-coding; feature present on all five external platforms and GSE117606 FFPE
PPP6R1	up	0.544462721802154	4.99393512198991	7.74466359217565e-06	0.0011358499910611	22870	protein-coding	O	PPP6R1	current_ncbi_symbol	True	False	True	True	True	False	4	False	True	False	strict state-shared core; NCBI protein-coding; feature present on all five external platforms and GSE117606 FFPE
OLFM4	up	2.63615794164862	4.98839418428787	7.95741095140599e-06	0.0074254256439559	10562	protein-coding	O	OLFM4	current_ncbi_symbol	True	True	True	True	True	True	6	True	True	True	strict state-shared core; NCBI protein-coding; feature present on all five external platforms and GSE117606 FFPE
FBXO3	down	-0.545196765827252	-4.9870453294253	7.99600319769181e-06	0.0067212783206553	26273	protein-coding	O	FBXO3	current_ncbi_symbol	True	True	True	True	True	False	5	False	True	False	strict state-shared core; NCBI protein-coding; feature present on all five external platforms and GSE117606 FFPE
LIN7C	down	-0.660863404709438	-4.98684568934326	7.99600319769181e-06	0.0029144397628092	55327	protein-coding	O	LIN7C	current_ncbi_symbol	True	True	True	True	True	False	5	False	True	False	strict state-shared core; NCBI protein-coding; feature present on all five external platforms and GSE117606 FFPE
SEMA4D	up	0.463018670554271	4.98484729229664	8.0663059116262e-06	0.0151776029441037	10507	protein-coding	O	SEMA4D	current_ncbi_symbol	True	True	True	True	True	False	5	False	True	False	strict state-shared core; NCBI protein-coding; feature present on all five external platforms and GSE117606 FFPE
PHYH	down	-0.59275786773933	-4.98127213367245	8.2038092558121e-06	0.0014303602554588	5264	protein-coding	O	PHYH	current_ncbi_symbol	True	True	True	True	True	False	5	False	True	False	strict state-shared core; NCBI protein-coding; feature present on all five external platforms and GSE117606 FFPE
ATP5F1E	down	-0.372435175685704	-4.98022098980303	8.22904305903878e-06	0.0001819440567391	514	protein-coding	O	ATP5F1E	current_ncbi_symbol	False	False	False	False	False	False	0	False	True	False	strict state-shared core; NCBI protein-coding; feature present on all five external platforms and GSE117606 FFPE
COA3	down	-0.469146611295832	-4.9800674216559	8.22904305903878e-06	0.0007896387646428	28958	protein-coding	O	COA3	current_ncbi_symbol	True	False	True	True	True	False	4	False	True	False	strict state-shared core; NCBI protein-coding; feature present on all five external platforms and GSE117606 FFPE
ENSG00000226963	up	0.774405240268143	4.97943986078937	8.24278874584073e-06	0.0021038047609042						False	False	False	False	False	False	0	False	False	False	strict state-shared core; NCBI protein-coding; feature present on all five external platforms and GSE117606 FFPE
GTF2A2	down	-0.500888256208254	-4.97777422462667	8.30096687808426e-06	0.000331606866868	2958	protein-coding	O	GTF2A2	current_ncbi_symbol	True	True	True	True	True	False	5	False	True	False	strict state-shared core; NCBI protein-coding; feature present on all five external platforms and GSE117606 FFPE
HSH2D	up	0.401143689334057	4.97740759209576	8.30366485700874e-06	0.000253045376079	84941	protein-coding	O	HSH2D	current_ncbi_symbol	True	True	True	True	True	False	5	False	True	False	strict state-shared core; NCBI protein-coding; feature present on all five external platforms and GSE117606 FFPE
DDX11	up	0.467017667969046	4.97702030681497	8.30726901880764e-06	0.0147127841039033	1663	protein-coding	O	DDX11	current_ncbi_symbol	True	True	True	True	True	False	5	False	True	False	strict state-shared core; NCBI protein-coding; feature present on all five external platforms and GSE117606 FFPE
ERH	down	-0.656690701449715	-4.97526224862678	8.36992398471703e-06	0.0006220334681673	2079	protein-coding	O	ERH	current_ncbi_symbol	True	True	True	True	True	False	5	False	True	False	strict state-shared core; NCBI protein-coding; feature present on all five external platforms and GSE117606 FFPE
NOXA1	up	0.625399670531257	4.97168260377932	8.51268601715416e-06	0.0123056640613836	10811	protein-coding	O	NOXA1	current_ncbi_symbol	True	True	True	True	True	False	5	False	True	False	strict state-shared core; NCBI protein-coding; feature present on all five external platforms and GSE117606 FFPE
BUB3	down	-0.633362358092545	-4.97076290712392	8.53984698519673e-06	0.0055735927208833	9184	protein-coding	O	BUB3	current_ncbi_symbol	True	True	True	True	True	False	5	False	True	False	strict state-shared core; NCBI protein-coding; feature present on all five external platforms and GSE117606 FFPE
TM9SF2	down	-0.497914219514462	-4.95750549223254	9.12927659347909e-06	0.0180896958238204	9375	protein-coding	O	TM9SF2	current_ncbi_symbol	True	True	True	True	True	False	5	False	True	False	strict state-shared core; NCBI protein-coding; feature present on all five external platforms and GSE117606 FFPE
WASL	down	-0.599634340785065	-4.95262533666664	9.34677475422645e-06	0.0069021145165787	8976	protein-coding	O	WASL	current_ncbi_symbol	True	True	True	True	True	False	5	False	True	False	strict state-shared core; NCBI protein-coding; feature present on all five external platforms and GSE117606 FFPE
ERICH1	up	0.330519437076184	4.9508144955776	9.41954829326783e-06	0.0003804534649232	157697	protein-coding	O	ERICH1	current_ncbi_symbol	True	True	True	True	True	False	5	False	True	False	strict state-shared core; NCBI protein-coding; feature present on all five external platforms and GSE117606 FFPE
CYB561D1	up	0.459868940534524	4.94841518019762	9.52162096097226e-06	0.0017757985170071	284613	protein-coding	O	CYB561D1	current_ncbi_symbol	True	False	True	True	True	False	4	False	True	False	strict state-shared core; NCBI protein-coding; feature present on all five external platforms and GSE117606 FFPE
CCDC115	down	-0.53093509420117	-4.94599074083369	9.62601082944546e-06	0.0055756409843237	84317	protein-coding	O	VMA22	unique_ncbi_synonym	True	True	True	True	True	False	5	False	True	False	strict state-shared core; NCBI protein-coding; feature present on all five external platforms and GSE117606 FFPE
AFDN	down	-0.28731749259821	-4.94528819752862	9.64588410830547e-06	0.0182098233290919	4301	protein-coding	O	AFDN	current_ncbi_symbol	True	False	True	True	False	False	3	False	True	False	strict state-shared core; NCBI protein-coding; feature present on all five external platforms and GSE117606 FFPE
CA1	down	-1.81645305638275	-4.94284803245343	9.75239829515562e-06	0.0018519032793541	759	protein-coding	O	CA1	current_ncbi_symbol	True	True	True	True	True	False	5	False	True	False	strict state-shared core; NCBI protein-coding; feature present on all five external platforms and GSE117606 FFPE
NDUFB9	down	-0.46396579507082	-4.93803239835874	9.96556117593902e-06	0.0009401182243591	4715	protein-coding	O	NDUFB9	current_ncbi_symbol	True	False	True	True	True	False	4	False	True	False	strict state-shared core; NCBI protein-coding; feature present on all five external platforms and GSE117606 FFPE
GSR	down	-0.315829821523321	-4.93607029619014	1.00508515971355e-05	0.0005334461892523	2936	protein-coding	O	GSR	current_ncbi_symbol	True	True	True	True	True	False	5	False	True	False	strict state-shared core; NCBI protein-coding; feature present on all five external platforms and GSE117606 FFPE
SEC61B	down	-0.493864668229243	-4.93547726618647	1.00530848123399e-05	0.0014655868997915	10952	protein-coding	O	SEC61B	current_ncbi_symbol	True	True	True	True	True	False	5	False	True	False	strict state-shared core; NCBI protein-coding; feature present on all five external platforms and GSE117606 FFPE
TJP1	down	-0.366510104331203	-4.93542925115235	1.00530848123399e-05	0.0053718231106575	7082	protein-coding	O	TJP1	current_ncbi_symbol	True	True	True	True	True	False	5	False	True	False	strict state-shared core; NCBI protein-coding; feature present on all five external platforms and GSE117606 FFPE
NOC2L	up	0.551673580277937	4.92912100849368	1.03446154415001e-05	0.0032868012832904	26155	protein-coding	O	NOC2L	current_ncbi_symbol	True	True	True	True	True	False	5	False	True	False	strict state-shared core; NCBI protein-coding; feature present on all five external platforms and GSE117606 FFPE
OSTC	down	-0.590289905378475	-4.92895323571186	1.03446154415001e-05	0.0050782144144696	58505	protein-coding	O	OSTC	current_ncbi_symbol	False	False	True	True	True	False	3	False	True	False	strict state-shared core; NCBI protein-coding; feature present on all five external platforms and GSE117606 FFPE
COX4I1	down	-0.479207557008395	-4.92024573473099	1.07451095581853e-05	0.0004004829436997	1327	protein-coding	O	COX4I1	current_ncbi_symbol	True	True	True	True	True	False	5	False	True	False	strict state-shared core; NCBI protein-coding; feature present on all five external platforms and GSE117606 FFPE
IRF6	down	-0.633545315875247	-4.92022559431955	1.07451095581853e-05	0.0011144486926589	3664	protein-coding	O	IRF6	current_ncbi_symbol	True	True	True	True	True	False	5	False	True	False	strict state-shared core; NCBI protein-coding; feature present on all five external platforms and GSE117606 FFPE
TMED2	down	-0.658433917966352	-4.92004229176413	1.07451095581853e-05	0.0022341937841952	10959	protein-coding	O	TMED2	current_ncbi_symbol	True	True	True	True	True	False	5	False	True	False	strict state-shared core; NCBI protein-coding; feature present on all five external platforms and GSE117606 FFPE
PTK2	up	0.275603119525493	4.91956700297942	1.07549867014831e-05	0.0010171983003753	5747	protein-coding	O	PTK2	current_ncbi_symbol	True	True	True	True	True	False	5	False	True	False	strict state-shared core; NCBI protein-coding; feature present on all five external platforms and GSE117606 FFPE
CCNY	up	0.27624425877271	4.91691232019336	1.0885384696659e-05	0.0001600024979015	219771	protein-coding	O	CCNY	current_ncbi_symbol	True	True	True	True	True	False	5	False	True	False	strict state-shared core; NCBI protein-coding; feature present on all five external platforms and GSE117606 FFPE
SPTSSA	down	-0.756324644463826	-4.91516924039467	1.0966170664331e-05	0.0108623400730503	171546	protein-coding	O	SPTSSA	current_ncbi_symbol	True	False	True	True	True	False	4	False	True	False	strict state-shared core; NCBI protein-coding; feature present on all five external platforms and GSE117606 FFPE
SLC35B3	down	-0.60847241211818	-4.9135990777738	1.10378049318505e-05	0.0267744659531263	51000	protein-coding	O	SLC35B3	current_ncbi_symbol	True	True	True	True	True	False	5	False	True	False	strict state-shared core; NCBI protein-coding; feature present on all five external platforms and GSE117606 FFPE
RAP1A	down	-0.350838720217114	-4.91036877431159	1.12043815736454e-05	0.0443392463037533	5906	protein-coding	O	RAP1A	current_ncbi_symbol	True	True	True	True	True	False	5	False	True	False	strict state-shared core; NCBI protein-coding; feature present on all five external platforms and GSE117606 FFPE
STRAP	down	-0.559398074803001	-4.90540068463134	1.14745479483785e-05	0.0006747631338572	11171	protein-coding	O	STRAP	current_ncbi_symbol	True	True	True	True	True	False	5	False	True	False	strict state-shared core; NCBI protein-coding; feature present on all five external platforms and GSE117606 FFPE
TPP1	down	-0.464072262907353	-4.9035082978089	1.15511141011558e-05	0.0034816167818615	1200	protein-coding	O	TPP1	current_ncbi_symbol	True	True	True	True	True	False	5	False	True	False	strict state-shared core; NCBI protein-coding; feature present on all five external platforms and GSE117606 FFPE
UBR7	down	-0.488588165286518	-4.89983134218389	1.17343714917463e-05	0.0039744116150765	55148	protein-coding	O	UBR7	current_ncbi_symbol	True	True	True	True	True	False	5	False	True	False	strict state-shared core; NCBI protein-coding; feature present on all five external platforms and GSE117606 FFPE
NSD1	up	0.305808703161957	4.89902840861174	1.17649130580913e-05	0.0047310583747458	64324	protein-coding	O	NSD1	current_ncbi_symbol	True	True	True	True	True	False	5	False	True	False	strict state-shared core; NCBI protein-coding; feature present on all five external platforms and GSE117606 FFPE
NT5DC3	up	0.587308286036461	4.89761427021379	1.18322905273777e-05	0.0062924273534817	51559	protein-coding	O	NT5DC3	current_ncbi_symbol	True	True	True	True	True	False	5	False	True	False	strict state-shared core; NCBI protein-coding; feature present on all five external platforms and GSE117606 FFPE
GATD1-DT	up	0.571249730907643	4.89496888954272	1.19637877270941e-05	0.0038367430392597	171391	ncRNA	O	GATD1-DT	current_ncbi_symbol	False	False	False	False	False	False	0	False	False	False	strict state-shared core; NCBI protein-coding; feature present on all five external platforms and GSE117606 FFPE
TRAPPC12	up	0.33810353492688	4.89053457041092	1.21935732409334e-05	0.0003880962942234	51112	protein-coding	O	TRAPPC12	current_ncbi_symbol	True	False	True	True	True	False	4	False	True	False	strict state-shared core; NCBI protein-coding; feature present on all five external platforms and GSE117606 FFPE
UBE2A	down	-0.629339278133959	-4.88887032410083	1.22789861831775e-05	0.0027564726135693	7319	protein-coding	O	UBE2A	current_ncbi_symbol	True	True	True	True	True	False	5	False	True	False	strict state-shared core; NCBI protein-coding; feature present on all five external platforms and GSE117606 FFPE
PIGL	up	0.431071618867015	4.88523107790297	1.24895875427663e-05	0.0076212671678439	9487	protein-coding	O	PIGL	current_ncbi_symbol	True	True	True	True	True	False	5	False	True	False	strict state-shared core; NCBI protein-coding; feature present on all five external platforms and GSE117606 FFPE
FABP1	down	-0.878681237708183	-4.88490693794684	1.24917813207215e-05	0.0023403561740967	2168	protein-coding	O	FABP1	current_ncbi_symbol	True	True	True	True	True	True	6	True	True	True	strict state-shared core; NCBI protein-coding; feature present on all five external platforms and GSE117606 FFPE
DNAI3	down	-0.636305717179885	-4.88231086474292	1.2620353122624e-05	0.0022472563051866	126820	protein-coding	O	DNAI3	current_ncbi_symbol	True	False	False	False	False	False	1	False	True	False	strict state-shared core; NCBI protein-coding; feature present on all five external platforms and GSE117606 FFPE
PACS2	up	0.413510186375987	4.88119139689006	1.26736615093033e-05	0.0061480154636183	23241	protein-coding	O	PACS2	current_ncbi_symbol	True	True	True	True	True	False	5	False	True	False	strict state-shared core; NCBI protein-coding; feature present on all five external platforms and GSE117606 FFPE
SEC61G	down	-0.494682302454027	-4.87955495536939	1.27606115063795e-05	0.0021878555544945	23480	protein-coding	O	SEC61G	current_ncbi_symbol	True	True	True	True	True	False	5	False	True	False	strict state-shared core; NCBI protein-coding; feature present on all five external platforms and GSE117606 FFPE
PABPC1	down	-0.639870626186179	-4.87838267843931	1.2817959605272e-05	0.0385421305964019	26986	protein-coding	O	PABPC1	current_ncbi_symbol	False	True	True	True	True	False	4	False	True	False	strict state-shared core; NCBI protein-coding; feature present on all five external platforms and GSE117606 FFPE
ZNF3	up	0.396918711603194	4.87775098780811	1.28403483677289e-05	0.0004483709810948	7551	protein-coding	O	ZNF3	current_ncbi_symbol	True	True	True	True	True	False	5	False	True	False	strict state-shared core; NCBI protein-coding; feature present on all five external platforms and GSE117606 FFPE
STRADB	down	-0.610597683816745	-4.87388683731023	1.3075176116815e-05	0.001733412551401	55437	protein-coding	O	STRADB	current_ncbi_symbol	False	True	True	True	True	False	4	False	True	False	strict state-shared core; NCBI protein-coding; feature present on all five external platforms and GSE117606 FFPE
VIL1	down	-0.277459853638601	-4.87337133144162	1.30804355453652e-05	0.0232858288242551	7429	protein-coding	O	VIL1	current_ncbi_symbol	True	True	True	True	True	False	5	False	True	False	strict state-shared core; NCBI protein-coding; feature present on all five external platforms and GSE117606 FFPE
LITAF	down	-0.397074484443303	-4.87313388453177	1.30804355453652e-05	0.0473359097606458	9516	protein-coding	O	LITAF	current_ncbi_symbol	True	True	True	True	True	False	5	False	True	False	strict state-shared core; NCBI protein-coding; feature present on all five external platforms and GSE117606 FFPE
RRP12	up	0.532763411409001	4.87294824911227	1.30804355453652e-05	0.0044685252659462	23223	protein-coding	O	RRP12	current_ncbi_symbol	True	True	True	True	True	False	5	False	True	False	strict state-shared core; NCBI protein-coding; feature present on all five external platforms and GSE117606 FFPE
ANKRD13D	up	0.63635881328615	4.87200577408759	1.31240114791587e-05	0.0003255620026805	338692	protein-coding	O	ANKRD13D	current_ncbi_symbol	True	True	True	True	True	False	5	False	True	False	strict state-shared core; NCBI protein-coding; feature present on all five external platforms and GSE117606 FFPE
GALNT11	up	0.370784310770963	4.87171743000122	1.3124218058552e-05	0.0123648364640215	63917	protein-coding	O	GALNT11	current_ncbi_symbol	True	True	True	True	True	False	5	False	True	False	strict state-shared core; NCBI protein-coding; feature present on all five external platforms and GSE117606 FFPE
TNFRSF10D	up	0.487795766976911	4.86953163087844	1.32511002172092e-05	0.0011138986700494	8793	protein-coding	O	TNFRSF10D	current_ncbi_symbol	True	True	True	True	True	False	5	False	True	False	strict state-shared core; NCBI protein-coding; feature present on all five external platforms and GSE117606 FFPE
MYL12B	down	-0.471309130310054	-4.86562309707742	1.34768612575158e-05	0.0056189080458034	103910	protein-coding	O	MYL12B	current_ncbi_symbol	True	False	True	True	True	False	4	False	True	False	strict state-shared core; NCBI protein-coding; feature present on all five external platforms and GSE117606 FFPE
KEAP1	up	0.402086252439334	4.86452039133426	1.35327660677383e-05	0.0050118470842216	9817	protein-coding	O	KEAP1	current_ncbi_symbol	True	True	True	True	True	False	5	False	True	False	strict state-shared core; NCBI protein-coding; feature present on all five external platforms and GSE117606 FFPE
PTPRM	up	0.605502523067336	4.86418394830629	1.35363819612486e-05	0.0045901658656039	5797	protein-coding	O	PTPRM	current_ncbi_symbol	True	True	True	True	True	False	5	False	True	False	strict state-shared core; NCBI protein-coding; feature present on all five external platforms and GSE117606 FFPE
CHP1	down	-0.465067167856448	-4.84666967941126	1.47450928634511e-05	0.0010625173734382	11261	protein-coding	O	CHP1	current_ncbi_symbol	True	False	True	True	True	True	5	False	True	False	strict state-shared core; NCBI protein-coding; feature present on all five external platforms and GSE117606 FFPE
CTNNBIP1	up	0.421145049039964	4.84421848878627	1.49069830437908e-05	0.0003500719034897	56998	protein-coding	O	CTNNBIP1	current_ncbi_symbol	True	True	True	True	True	False	5	False	True	False	strict state-shared core; NCBI protein-coding; feature present on all five external platforms and GSE117606 FFPE
RCC2	up	0.518383955143291	4.84267847368922	1.50016251986263e-05	0.0011722525727787	55920	protein-coding	O	RCC2	current_ncbi_symbol	True	True	True	True	True	False	5	False	True	False	strict state-shared core; NCBI protein-coding; feature present on all five external platforms and GSE117606 FFPE
TRAF5	up	0.538332875740085	4.84135565036013	1.50594932186709e-05	0.0152033058765336	7188	protein-coding	O	TRAF5	current_ncbi_symbol	True	True	True	True	True	False	5	False	True	False	strict state-shared core; NCBI protein-coding; feature present on all five external platforms and GSE117606 FFPE
SLC20A1	down	-0.893259149021059	-4.84104069739979	1.50594932186709e-05	0.0032061279347065	6574	protein-coding	O	SLC20A1	current_ncbi_symbol	True	True	True	True	True	False	5	False	True	False	strict state-shared core; NCBI protein-coding; feature present on all five external platforms and GSE117606 FFPE
COTL1	down	-0.493949241010543	-4.8408537714355	1.50594932186709e-05	0.0210474099555886	23406	protein-coding	O	COTL1	current_ncbi_symbol	True	True	True	True	True	False	5	False	True	False	strict state-shared core; NCBI protein-coding; feature present on all five external platforms and GSE117606 FFPE
STMP1	down	-0.448387238604792	-4.83439614286037	1.55292486908067e-05	0.0027717393849839	647087	protein-coding	O	STMP1	current_ncbi_symbol	True	False	False	False	False	False	1	False	True	False	strict state-shared core; NCBI protein-coding; feature present on all five external platforms and GSE117606 FFPE
CRTC1	up	0.53644690711777	4.82013919007544	1.66348658657023e-05	0.001044942226263	23373	protein-coding	O	CRTC1	current_ncbi_symbol	True	True	True	True	True	False	5	False	True	False	strict state-shared core; NCBI protein-coding; feature present on all five external platforms and GSE117606 FFPE
TRAP1	up	0.62206037567771	4.81986447757058	1.66348658657023e-05	0.0011338794639438	10131	protein-coding	O	TRAP1	current_ncbi_symbol	True	True	True	True	True	False	5	False	True	False	strict state-shared core; NCBI protein-coding; feature present on all five external platforms and GSE117606 FFPE
BCAS3	up	0.341245407419481	4.81985073508547	1.66348658657023e-05	0.0039565964299498	54828	protein-coding	O	BCAS3	current_ncbi_symbol	True	True	True	True	True	False	5	False	True	False	strict state-shared core; NCBI protein-coding; feature present on all five external platforms and GSE117606 FFPE
GATD3	down	-0.525125885564784	-4.81538163741018	1.69876187002262e-05	0.0014248443087632	8209	protein-coding	O	GATD3	current_ncbi_symbol	False	False	False	False	False	False	0	False	True	False	strict state-shared core; NCBI protein-coding; feature present on all five external platforms and GSE117606 FFPE
PGM2L1	up	0.53218026920652	4.81145435075378	1.72763173465607e-05	0.0122315924468559	283209	protein-coding	O	PGM2L1	current_ncbi_symbol	True	True	True	True	True	False	5	False	True	False	strict state-shared core; NCBI protein-coding; feature present on all five external platforms and GSE117606 FFPE
HNRNPH2	down	-0.763776179719143	-4.80954003577801	1.73937958227012e-05	0.0024611783665523	3188	protein-coding	O	HNRNPH2	current_ncbi_symbol	False	True	True	True	True	False	4	False	True	False	strict state-shared core; NCBI protein-coding; feature present on all five external platforms and GSE117606 FFPE
PRPS2	down	-0.616832134976702	-4.80756405161164	1.75229033817225e-05	0.0395716906878909	5634	protein-coding	O	PRPS2	current_ncbi_symbol	True	True	True	True	True	False	5	False	True	False	strict state-shared core; NCBI protein-coding; feature present on all five external platforms and GSE117606 FFPE
DGUOK	down	-0.375958359159853	-4.80750294170108	1.75229033817225e-05	0.0405853940303922	1716	protein-coding	O	DGUOK	current_ncbi_symbol	True	True	True	True	True	False	5	False	True	False	strict state-shared core; NCBI protein-coding; feature present on all five external platforms and GSE117606 FFPE
TMSB10	down	-0.381912190731755	-4.80606423819649	1.76248230785859e-05	0.0438553324029182	9168	protein-coding	O	TMSB10	current_ncbi_symbol	True	True	True	True	True	False	5	False	True	False	strict state-shared core; NCBI protein-coding; feature present on all five external platforms and GSE117606 FFPE
MED30	down	-0.653453844943794	-4.80522556019671	1.76742509837252e-05	0.0011089406082531	90390	protein-coding	O	MED30	current_ncbi_symbol	True	True	True	True	True	False	5	False	True	False	strict state-shared core; NCBI protein-coding; feature present on all five external platforms and GSE117606 FFPE
PRKRA	down	-0.60317747772837	-4.80195040104487	1.79409186716926e-05	0.0397738419312887	8575	protein-coding	O	PRKRA	current_ncbi_symbol	True	False	True	True	True	False	4	False	True	False	strict state-shared core; NCBI protein-coding; feature present on all five external platforms and GSE117606 FFPE
NDUFB4	down	-0.430369735010064	-4.80041264534993	1.80541633705053e-05	0.0006280220716119	4710	protein-coding	O	NDUFB4	current_ncbi_symbol	True	True	True	True	True	False	5	False	True	False	strict state-shared core; NCBI protein-coding; feature present on all five external platforms and GSE117606 FFPE
PAG1	down	-0.634528972025201	-4.79876577476512	1.81528730372082e-05	0.0162368868105839	55824	protein-coding	O	PAG1	current_ncbi_symbol	True	True	True	True	True	False	5	False	True	False	strict state-shared core; NCBI protein-coding; feature present on all five external platforms and GSE117606 FFPE
BSG	down	-0.492499462384814	-4.79524330548054	1.84492758161847e-05	0.0045328476437729	682	protein-coding	O	BSG	current_ncbi_symbol	True	True	True	True	True	True	6	True	True	True	strict state-shared core; NCBI protein-coding; feature present on all five external platforms and GSE117606 FFPE
NCOR2	up	0.379775519479609	4.79394406113872	1.85436154903798e-05	0.0047813196181234	9612	protein-coding	O	NCOR2	current_ncbi_symbol	True	True	True	True	True	False	5	False	True	False	strict state-shared core; NCBI protein-coding; feature present on all five external platforms and GSE117606 FFPE
SPINK4	up	1.421938388074	4.79226040161441	1.8674201000198e-05	0.0086105803210026	27290	protein-coding	O	SPINK4	current_ncbi_symbol	True	True	True	True	True	True	6	True	True	True	strict state-shared core; NCBI protein-coding; feature present on all five external platforms and GSE117606 FFPE
EEF1D	up	0.696168727713952	4.78551851877036	1.9232680979575e-05	0.0004800531805778	1936	protein-coding	O	EEF1D	current_ncbi_symbol	True	True	True	True	True	False	5	False	True	False	strict state-shared core; NCBI protein-coding; feature present on all five external platforms and GSE117606 FFPE
EIF1B	down	-0.593920359419989	-4.78206753753919	1.95391054544017e-05	0.0009955836902975	10289	protein-coding	O	EIF1B	current_ncbi_symbol	True	True	True	True	True	False	5	False	True	False	strict state-shared core; NCBI protein-coding; feature present on all five external platforms and GSE117606 FFPE
SUDS3	down	-0.396422861159794	-4.78065125853632	1.96503534297727e-05	0.0002319833616228	64426	protein-coding	O	SUDS3	current_ncbi_symbol	True	True	True	True	True	False	5	False	True	False	strict state-shared core; NCBI protein-coding; feature present on all five external platforms and GSE117606 FFPE
ADCY3	up	0.520967966298288	4.77822513941058	1.9834626181358e-05	0.0193735680465823	109	protein-coding	O	ADCY3	current_ncbi_symbol	True	True	True	True	True	False	5	False	True	False	strict state-shared core; NCBI protein-coding; feature present on all five external platforms and GSE117606 FFPE
MYL6	down	-0.510074154749169	-4.77739893442935	1.98753727643301e-05	0.0070477083892527	4637	protein-coding	O	MYL6	current_ncbi_symbol	True	True	True	True	True	True	6	True	True	True	strict state-shared core; NCBI protein-coding; feature present on all five external platforms and GSE117606 FFPE
MGAT4A	down	-0.376393640415157	-4.7754569422742	2.00274789752511e-05	0.0088067751891175	11320	protein-coding	O	MGAT4A	current_ncbi_symbol	True	True	True	True	True	False	5	False	True	False	strict state-shared core; NCBI protein-coding; feature present on all five external platforms and GSE117606 FFPE
SLC43A2	up	0.597184128172639	4.77508883810031	2.00369238845668e-05	0.0230977233319395	124935	protein-coding	O	SLC43A2	current_ncbi_symbol	True	True	True	True	True	False	5	False	True	False	strict state-shared core; NCBI protein-coding; feature present on all five external platforms and GSE117606 FFPE
CDC42BPB	up	0.464226118581068	4.77387019549045	2.01313003017557e-05	0.001554705634195	9578	protein-coding	O	CDC42BPB	current_ncbi_symbol	True	True	True	True	True	False	5	False	True	False	strict state-shared core; NCBI protein-coding; feature present on all five external platforms and GSE117606 FFPE
CTPS2	up	0.340440769033791	4.77313857807693	2.01772593117898e-05	0.0015529011222616	56474	protein-coding	O	CTPS2	current_ncbi_symbol	True	True	True	True	True	False	5	False	True	False	strict state-shared core; NCBI protein-coding; feature present on all five external platforms and GSE117606 FFPE
INTS1	up	0.439662627611071	4.77094580302522	2.03706245058525e-05	0.0003248872215482	26173	protein-coding	O	INTS1	current_ncbi_symbol	True	True	True	True	True	False	5	False	True	False	strict state-shared core; NCBI protein-coding; feature present on all five external platforms and GSE117606 FFPE
CCDC47	down	-0.542718404929671	-4.76960529315944	2.0478970423557e-05	0.0026690970026775	57003	protein-coding	O	CCDC47	current_ncbi_symbol	True	True	True	True	True	False	5	False	True	False	strict state-shared core; NCBI protein-coding; feature present on all five external platforms and GSE117606 FFPE
RUSC1-AS1	up	0.678242714183403	4.76818937202221	2.05956006004443e-05	0.0400375917611666	284618	ncRNA	O	RUSC1-AS1	current_ncbi_symbol	False	False	True	True	True	False	3	False	False	False	strict state-shared core; NCBI protein-coding; feature present on all five external platforms and GSE117606 FFPE
SNRPD3	down	-0.339395971829299	-4.76699788858097	2.0689841458235e-05	0.0106458573724514	6634	protein-coding	O	SNRPD3	current_ncbi_symbol	True	True	True	True	True	False	5	False	True	False	strict state-shared core; NCBI protein-coding; feature present on all five external platforms and GSE117606 FFPE
BAZ2B	up	0.217315452676341	4.76173034096021	2.11803913230928e-05	0.0108893448221209	29994	protein-coding	O	BAZ2B	current_ncbi_symbol	True	True	True	True	True	False	5	False	True	False	strict state-shared core; NCBI protein-coding; feature present on all five external platforms and GSE117606 FFPE
HSPA9	down	-0.439841676513164	-4.76088551450928	2.12407464763193e-05	0.0188732138695314	3313	protein-coding	O	HSPA9	current_ncbi_symbol	True	True	True	True	True	False	5	False	True	False	strict state-shared core; NCBI protein-coding; feature present on all five external platforms and GSE117606 FFPE
PRDX3	down	-0.672437216159295	-4.75623751681459	2.16773260560599e-05	0.0041019408687244	10935	protein-coding	O	PRDX3	current_ncbi_symbol	True	True	True	True	True	False	5	False	True	False	strict state-shared core; NCBI protein-coding; feature present on all five external platforms and GSE117606 FFPE
UBE2E3	down	-0.554863525593012	-4.75274038672094	2.19969797035084e-05	0.0021457939286355	10477	protein-coding	O	UBE2E3	current_ncbi_symbol	False	True	True	True	True	False	4	False	True	False	strict state-shared core; NCBI protein-coding; feature present on all five external platforms and GSE117606 FFPE
SUMO2	down	-0.460334373800088	-4.75095125180697	2.2162977654906e-05	0.0252121393320631	6613	protein-coding	O	SUMO2	current_ncbi_symbol	False	True	True	True	True	False	4	False	True	False	strict state-shared core; NCBI protein-coding; feature present on all five external platforms and GSE117606 FFPE
NDUFC2	down	-0.421362761305943	-4.74749980352815	2.24845540173297e-05	0.0008565418144274	4718	protein-coding	O	NDUFC2	current_ncbi_symbol	True	True	True	True	True	False	5	False	True	False	strict state-shared core; NCBI protein-coding; feature present on all five external platforms and GSE117606 FFPE
NDUFS3	down	-0.368587125136786	-4.7445082534171	2.2743491003997e-05	0.0019883702826365	4722	protein-coding	O	NDUFS3	current_ncbi_symbol	True	True	True	True	True	False	5	False	True	False	strict state-shared core; NCBI protein-coding; feature present on all five external platforms and GSE117606 FFPE
PRXL2B	down	-0.320877345328629	-4.7318601161076	2.41284949273525e-05	0.001227744166304	127281	protein-coding	O	PRXL2B	current_ncbi_symbol	True	False	False	False	False	False	1	False	True	False	strict state-shared core; NCBI protein-coding; feature present on all five external platforms and GSE117606 FFPE
ZNF565	up	0.457844889143885	4.73076285087196	2.42273303103084e-05	0.0004813334720888	147929	protein-coding	O	ZNF565	current_ncbi_symbol	True	True	True	True	True	False	5	False	True	False	strict state-shared core; NCBI protein-coding; feature present on all five external platforms and GSE117606 FFPE
ATP6V1D	down	-0.447638566085791	-4.72922360024223	2.43795980291969e-05	0.0020318882121653	51382	protein-coding	O	ATP6V1D	current_ncbi_symbol	True	True	True	True	True	False	5	False	True	False	strict state-shared core; NCBI protein-coding; feature present on all five external platforms and GSE117606 FFPE
DERA	down	-0.392162332617851	-4.72528112677303	2.47846678640226e-05	0.0030911110586646	51071	protein-coding	O	DERA	current_ncbi_symbol	True	True	True	True	True	False	5	False	True	False	strict state-shared core; NCBI protein-coding; feature present on all five external platforms and GSE117606 FFPE
TSEN2	up	0.496782015033171	4.72507608668786	2.47846678640226e-05	0.0178019045723371	80746	protein-coding	O	TSEN2	current_ncbi_symbol	True	True	True	True	True	False	5	False	True	False	strict state-shared core; NCBI protein-coding; feature present on all five external platforms and GSE117606 FFPE
DSC2	down	-0.497524610041667	-4.72468871948008	2.47994539103308e-05	0.0012721994327803	1824	protein-coding	O	DSC2	current_ncbi_symbol	True	True	True	True	True	False	5	False	True	False	strict state-shared core; NCBI protein-coding; feature present on all five external platforms and GSE117606 FFPE
KRAS	down	-0.465304997783461	-4.72338448158344	2.4926473505114e-05	0.0053473821728795	3845	protein-coding	O	KRAS	current_ncbi_symbol	True	True	True	True	True	False	5	False	True	False	strict state-shared core; NCBI protein-coding; feature present on all five external platforms and GSE117606 FFPE
NDFIP2	down	-0.569350851279819	-4.72237912111453	2.50173439991782e-05	0.0030608980830343	54602	protein-coding	O	NDFIP2	current_ncbi_symbol	True	True	True	True	True	False	5	False	True	False	strict state-shared core; NCBI protein-coding; feature present on all five external platforms and GSE117606 FFPE
YME1L1	down	-0.321166356979548	-4.71787022514811	2.55114792813415e-05	0.0489761119594557	10730	protein-coding	O	YME1L1	current_ncbi_symbol	True	True	True	True	True	False	5	False	True	False	strict state-shared core; NCBI protein-coding; feature present on all five external platforms and GSE117606 FFPE
ZP3	up	0.577266153702879	4.71747663517168	2.55276282999053e-05	0.0075226617975978	7784	protein-coding	O	ZP3	current_ncbi_symbol	False	True	True	True	True	False	4	False	True	False	strict state-shared core; NCBI protein-coding; feature present on all five external platforms and GSE117606 FFPE
SMIM14	down	-0.320045632359324	-4.71315320249489	2.60257604542103e-05	0.002935659899219	201895	protein-coding	O	SMIM14	current_ncbi_symbol	True	False	True	True	False	False	3	False	True	False	strict state-shared core; NCBI protein-coding; feature present on all five external platforms and GSE117606 FFPE
GPCPD1	up	0.441835490932602	4.71274903671679	2.60257604542103e-05	0.0024763222720457	56261	protein-coding	O	GPCPD1	current_ncbi_symbol	True	False	True	True	True	False	4	False	True	False	strict state-shared core; NCBI protein-coding; feature present on all five external platforms and GSE117606 FFPE
LINC02754	up	0.426581515904699	4.71189441045655	2.60981104918467e-05	0.0289951315081382	105369360	ncRNA	O	LINC02754	current_ncbi_symbol	False	False	False	False	False	False	0	False	False	False	strict state-shared core; NCBI protein-coding; feature present on all five external platforms and GSE117606 FFPE
LSM6	down	-0.539692848567557	-4.71165637866115	2.60981104918467e-05	0.0258747384719198	11157	protein-coding	O	LSM6	current_ncbi_symbol	True	True	True	True	True	False	5	False	True	False	strict state-shared core; NCBI protein-coding; feature present on all five external platforms and GSE117606 FFPE
NPTN	down	-0.496840657641566	-4.71117891469442	2.61255842230892e-05	0.0043887567364402	27020	protein-coding	O	NPTN	current_ncbi_symbol	True	True	True	True	True	False	5	False	True	False	strict state-shared core; NCBI protein-coding; feature present on all five external platforms and GSE117606 FFPE
PRR12	up	0.612252322449874	4.70590940199114	2.67751134879328e-05	0.0014412889437436	57479	protein-coding	O	PRR12	current_ncbi_symbol	True	False	True	True	True	False	4	False	True	False	strict state-shared core; NCBI protein-coding; feature present on all five external platforms and GSE117606 FFPE
ZMYM5	up	0.359407833162053	4.70313222247105	2.70722796007017e-05	0.0026450534887739	9205	protein-coding	O	ZMYM5	current_ncbi_symbol	True	True	True	True	True	False	5	False	True	False	strict state-shared core; NCBI protein-coding; feature present on all five external platforms and GSE117606 FFPE
ARFGEF3	up	0.31132199513414	4.70138964735708	2.72693311803796e-05	0.004300878254929	57221	protein-coding	O	ARFGEF3	current_ncbi_symbol	True	False	True	True	False	False	3	False	True	False	strict state-shared core; NCBI protein-coding; feature present on all five external platforms and GSE117606 FFPE
FNBP4	up	0.32386315004614	4.70070277789315	2.73261458798704e-05	0.0020492920429279	23360	protein-coding	O	FNBP4	current_ncbi_symbol	True	True	True	True	True	False	5	False	True	False	strict state-shared core; NCBI protein-coding; feature present on all five external platforms and GSE117606 FFPE
JPH1	up	0.597613561884802	4.69256071499803	2.83641767072464e-05	0.0015146706893103	56704	protein-coding	O	JPH1	current_ncbi_symbol	True	True	True	True	True	False	5	False	True	False	strict state-shared core; NCBI protein-coding; feature present on all five external platforms and GSE117606 FFPE
TOP6BL	up	0.351123449222853	4.6903369715187	2.86375835134294e-05	0.0020060971295338	79703	protein-coding	O	TOP6BL	current_ncbi_symbol	True	False	False	False	False	False	1	False	True	False	strict state-shared core; NCBI protein-coding; feature present on all five external platforms and GSE117606 FFPE
TES	down	-0.474080685623573	-4.68719156899797	2.90070053705268e-05	0.0150748297448364	26136	protein-coding	O	TES	current_ncbi_symbol	True	True	True	True	True	False	5	False	True	False	strict state-shared core; NCBI protein-coding; feature present on all five external platforms and GSE117606 FFPE
CAMTA1	down	-0.213942102769343	-4.68491525997145	2.92939315503239e-05	0.0030769155052322	23261	protein-coding	O	CAMTA1	current_ncbi_symbol	True	True	True	True	True	False	5	False	True	False	strict state-shared core; NCBI protein-coding; feature present on all five external platforms and GSE117606 FFPE
NEK6	up	0.368024942820895	4.67902424890972	3.01098935805245e-05	0.0088400527969065	10783	protein-coding	O	NEK6	current_ncbi_symbol	True	True	True	True	True	False	5	False	True	False	strict state-shared core; NCBI protein-coding; feature present on all five external platforms and GSE117606 FFPE
TMEM9B	down	-0.712108593152716	-4.677737689514	3.02609232286401e-05	0.0022425001514345	56674	protein-coding	O	TMEM9B	current_ncbi_symbol	True	True	True	True	True	False	5	False	True	False	strict state-shared core; NCBI protein-coding; feature present on all five external platforms and GSE117606 FFPE
COA6	down	-0.422142569714048	-4.67430984635698	3.07317195474736e-05	0.0019642065937481	388753	protein-coding	O	COA6	current_ncbi_symbol	True	False	True	True	True	False	4	False	True	False	strict state-shared core; NCBI protein-coding; feature present on all five external platforms and GSE117606 FFPE
COX10	down	-0.309035470389637	-4.67354548289924	3.0768376740243e-05	0.00267238458867	1352	protein-coding	O	COX10	current_ncbi_symbol	True	True	True	True	True	False	5	False	True	False	strict state-shared core; NCBI protein-coding; feature present on all five external platforms and GSE117606 FFPE
IER3IP1	down	-0.640970771066456	-4.66880606474713	3.14418590696061e-05	0.0036748862103721	51124	protein-coding	O	IER3IP1	current_ncbi_symbol	True	True	True	True	True	False	5	False	True	False	strict state-shared core; NCBI protein-coding; feature present on all five external platforms and GSE117606 FFPE
NBPF1	down	-0.450032887365161	-4.66857973640878	3.14418590696061e-05	0.0405314644747405	55672	protein-coding	O	NBPF1	current_ncbi_symbol	False	True	True	True	True	False	4	False	True	False	strict state-shared core; NCBI protein-coding; feature present on all five external platforms and GSE117606 FFPE
ECI2	down	-0.589928626070689	-4.66169013325738	3.24313943951073e-05	0.0016488060912744	10455	protein-coding	O	ECI2	current_ncbi_symbol	True	False	True	True	True	False	4	False	True	False	strict state-shared core; NCBI protein-coding; feature present on all five external platforms and GSE117606 FFPE
RNF7	down	-0.377622310536984	-4.66066271018815	3.25527718004831e-05	0.0199362805110198	9616	protein-coding	O	RNF7	current_ncbi_symbol	True	True	True	True	True	False	5	False	True	False	strict state-shared core; NCBI protein-coding; feature present on all five external platforms and GSE117606 FFPE
NBPF10	down	-0.732584996587831	-4.65919628117458	3.27443770008308e-05	0.0232719393798085	100132406	protein-coding	O	NBPF10	current_ncbi_symbol	False	True	True	True	True	False	4	False	True	False	strict state-shared core; NCBI protein-coding; feature present on all five external platforms and GSE117606 FFPE
PANK3	down	-0.54479696151453	-4.65766871550532	3.29468735449221e-05	0.0012638027505245	79646	protein-coding	O	PANK3	current_ncbi_symbol	True	True	True	True	True	False	5	False	True	False	strict state-shared core; NCBI protein-coding; feature present on all five external platforms and GSE117606 FFPE
DDX31	up	0.462940793317855	4.65425564715542	3.34135535699256e-05	0.0023998759489895	64794	protein-coding	O	DDX31	current_ncbi_symbol	True	True	True	True	True	False	5	False	True	False	strict state-shared core; NCBI protein-coding; feature present on all five external platforms and GSE117606 FFPE
PPP6R2	up	0.446763442960511	4.65012413378535	3.40473896401886e-05	0.0074769408623247	9701	protein-coding	O	PPP6R2	current_ncbi_symbol	True	False	True	True	True	False	4	False	True	False	strict state-shared core; NCBI protein-coding; feature present on all five external platforms and GSE117606 FFPE
ARL17B	up	0.446935964999367	4.64614079617784	3.46246633489882e-05	0.0044135834763137	100506084	protein-coding	O	ARL17B	current_ncbi_symbol	True	False	True	True	True	False	4	False	True	False	strict state-shared core; NCBI protein-coding; feature present on all five external platforms and GSE117606 FFPE
SMYD3	up	0.33123376103054	4.6436872406634	3.49950316104877e-05	0.000603197565747	64754	protein-coding	O	SMYD3	current_ncbi_symbol	True	True	True	True	True	False	5	False	True	False	strict state-shared core; NCBI protein-coding; feature present on all five external platforms and GSE117606 FFPE
DOCK10	down	-0.84238411349567	-4.63516800906247	3.64223686186186e-05	0.0006476947200452	55619	protein-coding	O	DOCK10	current_ncbi_symbol	True	True	True	True	True	False	5	False	True	False	strict state-shared core; NCBI protein-coding; feature present on all five external platforms and GSE117606 FFPE
ENSG00000227681	up	0.689070863579784	4.63370396929229	3.66355218986025e-05	0.0017841614691823						False	False	False	False	False	False	0	False	False	False	strict state-shared core; NCBI protein-coding; feature present on all five external platforms and GSE117606 FFPE
RSU1	down	-0.270038571838548	-4.63200492365791	3.6891766960005e-05	0.0094011789021893	6251	protein-coding	O	RSU1	current_ncbi_symbol	True	True	True	True	True	False	5	False	True	False	strict state-shared core; NCBI protein-coding; feature present on all five external platforms and GSE117606 FFPE
LINC00467	up	0.392208297638708	4.63171713618252	3.68973735655027e-05	0.0015642086153872	84791	ncRNA	O	LINC00467	current_ncbi_symbol	True	False	True	True	True	False	4	False	False	False	strict state-shared core; NCBI protein-coding; feature present on all five external platforms and GSE117606 FFPE
PPP1R13B	up	0.348984145308981	4.6284170969194	3.74437908026837e-05	0.0226863664282374	23368	protein-coding	O	PPP1R13B	current_ncbi_symbol	True	True	True	True	True	False	5	False	True	False	strict state-shared core; NCBI protein-coding; feature present on all five external platforms and GSE117606 FFPE
GNA11	down	-0.505032807857068	-4.62527307310298	3.79693678731154e-05	0.0025823711348741	2767	protein-coding	O	GNA11	current_ncbi_symbol	True	True	True	True	True	False	5	False	True	False	strict state-shared core; NCBI protein-coding; feature present on all five external platforms and GSE117606 FFPE
DCTPP1	down	-0.354944904680689	-4.62324286646306	3.82957663364468e-05	0.0070760455376239	79077	protein-coding	O	DCTPP1	current_ncbi_symbol	True	False	True	True	True	False	4	False	True	False	strict state-shared core; NCBI protein-coding; feature present on all five external platforms and GSE117606 FFPE
ISCA1	down	-0.527794975059588	-4.6190541455965	3.89808131395711e-05	0.0023205004717384	81689	protein-coding	O	ISCA1	current_ncbi_symbol	True	True	True	True	True	False	5	False	True	False	strict state-shared core; NCBI protein-coding; feature present on all five external platforms and GSE117606 FFPE
HNRNPH3	down	-0.429695795940532	-4.6181159594168	3.90613350487402e-05	0.0124127239822523	3189	protein-coding	O	HNRNPH3	current_ncbi_symbol	True	False	True	True	True	False	4	False	True	False	strict state-shared core; NCBI protein-coding; feature present on all five external platforms and GSE117606 FFPE
KRT10	down	-0.514913748118072	-4.61717846004615	3.91900645951561e-05	0.0049394119061335	3858	protein-coding	O	KRT10	current_ncbi_symbol	True	True	True	True	True	False	5	False	True	False	strict state-shared core; NCBI protein-coding; feature present on all five external platforms and GSE117606 FFPE
PABIR2	down	-0.512841153502157	-4.61625043447329	3.93174501738371e-05	0.0012631112069247	159090	protein-coding	O	PABIR2	current_ncbi_symbol	True	False	False	False	False	False	1	False	True	False	strict state-shared core; NCBI protein-coding; feature present on all five external platforms and GSE117606 FFPE
EIF4H	down	-0.368288452073794	-4.61498603572172	3.95092162427915e-05	0.0229751916880805	7458	protein-coding	O	EIF4H	current_ncbi_symbol	False	True	True	True	True	False	4	False	True	False	strict state-shared core; NCBI protein-coding; feature present on all five external platforms and GSE117606 FFPE
TMEM131	down	-0.287103069772991	-4.61247610245855	3.99228294661439e-05	0.0099298933018136	23505	protein-coding	O	TMEM131	current_ncbi_symbol	True	False	True	True	True	False	4	False	True	False	strict state-shared core; NCBI protein-coding; feature present on all five external platforms and GSE117606 FFPE
CIBAR1-DT	down	-0.680344540734865	-4.61231521989392	3.99228294661439e-05	0.000906281779565	642924	ncRNA	O	CIBAR1-DT	current_ncbi_symbol	True	False	False	False	False	False	1	False	False	False	strict state-shared core; NCBI protein-coding; feature present on all five external platforms and GSE117606 FFPE
COPS5	down	-0.453159493051435	-4.6105698392268	4.02104733894966e-05	0.0117625003018015	10987	protein-coding	O	COPS5	current_ncbi_symbol	True	True	True	True	True	False	5	False	True	False	strict state-shared core; NCBI protein-coding; feature present on all five external platforms and GSE117606 FFPE
PLCL2	down	-0.439941792641889	-4.60913199509466	4.04402761290622e-05	0.0242893904918693	23228	protein-coding	O	PLCL2	current_ncbi_symbol	True	True	True	True	True	False	5	False	True	False	strict state-shared core; NCBI protein-coding; feature present on all five external platforms and GSE117606 FFPE
GPD1L	down	-0.351313987838339	-4.60730235721399	4.0748053705384e-05	0.0010615864287663	23171	protein-coding	O	GPD1L	current_ncbi_symbol	True	True	True	True	True	False	5	False	True	False	strict state-shared core; NCBI protein-coding; feature present on all five external platforms and GSE117606 FFPE
HNRNPF	down	-0.483761844120662	-4.60603070751014	4.09481433609325e-05	0.0079037805521567	3185	protein-coding	O	HNRNPF	current_ncbi_symbol	True	True	True	True	True	False	5	False	True	False	strict state-shared core; NCBI protein-coding; feature present on all five external platforms and GSE117606 FFPE
POLR2J3	up	0.443687750060585	4.6053509048648	4.10323481282268e-05	0.0019280970568781	548644	protein-coding	O	POLR2J3	current_ncbi_symbol	False	True	True	True	True	False	4	False	True	False	strict state-shared core; NCBI protein-coding; feature present on all five external platforms and GSE117606 FFPE
ITGA3	up	0.353981687703522	4.60379977038219	4.12892596508997e-05	0.0256774153574005	3675	protein-coding	O	ITGA3	current_ncbi_symbol	True	True	True	True	True	False	5	False	True	False	strict state-shared core; NCBI protein-coding; feature present on all five external platforms and GSE117606 FFPE
SUGP2	up	0.309407571190065	4.60043452500488	4.19112474816538e-05	0.0010453771542454	10147	protein-coding	O	SUGP2	current_ncbi_symbol	True	False	True	True	True	False	4	False	True	False	strict state-shared core; NCBI protein-coding; feature present on all five external platforms and GSE117606 FFPE
LAPTM4A	down	-0.777387907086857	-4.59600359003045	4.27602487546923e-05	0.0043281523135261	9741	protein-coding	O	LAPTM4A	current_ncbi_symbol	True	True	True	True	True	False	5	False	True	False	strict state-shared core; NCBI protein-coding; feature present on all five external platforms and GSE117606 FFPE
FAM107B	down	-0.518157789808414	-4.59551546045981	4.27922967334957e-05	0.0106247075940386	83641	protein-coding	O	FAM107B	current_ncbi_symbol	True	True	True	True	True	False	5	False	True	False	strict state-shared core; NCBI protein-coding; feature present on all five external platforms and GSE117606 FFPE
MAGEF1	down	-0.619458223327933	-4.59534439057969	4.27922967334957e-05	0.0005321970706357	64110	protein-coding	O	MAGEF1	current_ncbi_symbol	True	True	True	True	True	False	5	False	True	False	strict state-shared core; NCBI protein-coding; feature present on all five external platforms and GSE117606 FFPE
EIF3J	up	0.340550966857542	4.59465297169689	4.2882758347351e-05	0.0017979197651515	8669	protein-coding	O	EIF3J	current_ncbi_symbol	True	True	True	True	True	False	5	False	True	False	strict state-shared core; NCBI protein-coding; feature present on all five external platforms and GSE117606 FFPE
CNKSR3	down	-0.501365409745909	-4.59142883592057	4.34559154905651e-05	0.0045554091310371	154043	protein-coding	O	CNKSR3	current_ncbi_symbol	True	True	True	True	True	False	5	False	True	False	strict state-shared core; NCBI protein-coding; feature present on all five external platforms and GSE117606 FFPE
PPP2R1A	down	-0.250571420858175	-4.59138186325451	4.34559154905651e-05	0.008376097403868	5518	protein-coding	O	PPP2R1A	current_ncbi_symbol	True	True	True	True	True	False	5	False	True	False	strict state-shared core; NCBI protein-coding; feature present on all five external platforms and GSE117606 FFPE
PILRB	up	0.701602936194886	4.59021211099388	4.35983832881648e-05	0.0031091790463323	29990	protein-coding	O	PILRB	current_ncbi_symbol	False	True	True	True	True	False	4	False	True	False	strict state-shared core; NCBI protein-coding; feature present on all five external platforms and GSE117606 FFPE
ISCU	down	-0.436782469092444	-4.59019830977174	4.35983832881648e-05	0.0007028309476034	23479	protein-coding	O	ISCU	current_ncbi_symbol	True	True	True	True	True	False	5	False	True	False	strict state-shared core; NCBI protein-coding; feature present on all five external platforms and GSE117606 FFPE
HSPG2	up	0.535646925689369	4.58794105748964	4.4019617568196e-05	0.0011494641356868	3339	protein-coding	O	HSPG2	current_ncbi_symbol	True	True	True	True	True	False	5	False	True	False	strict state-shared core; NCBI protein-coding; feature present on all five external platforms and GSE117606 FFPE
VGLL4	up	0.364519473122393	4.58717521708282	4.41285595624492e-05	0.0025454206231551	9686	protein-coding	O	VGLL4	current_ncbi_symbol	True	True	True	True	True	False	5	False	True	False	strict state-shared core; NCBI protein-coding; feature present on all five external platforms and GSE117606 FFPE
ATG7	up	0.307250703386487	4.58350804849124	4.48563733657222e-05	0.0031495439476258	10533	protein-coding	O	ATG7	current_ncbi_symbol	True	True	True	True	True	False	5	False	True	False	strict state-shared core; NCBI protein-coding; feature present on all five external platforms and GSE117606 FFPE
ZNF846	up	0.443430878921697	4.58306590362349	4.48977859920224e-05	0.001591031382579	162993	protein-coding	O	ZNF846	current_ncbi_symbol	True	False	False	False	True	False	2	False	True	False	strict state-shared core; NCBI protein-coding; feature present on all five external platforms and GSE117606 FFPE
NCBP1	down	-0.470817916400936	-4.57427240344875	4.66030023432909e-05	0.0151502713911432	4686	protein-coding	O	NCBP1	current_ncbi_symbol	True	True	True	True	True	False	5	False	True	False	strict state-shared core; NCBI protein-coding; feature present on all five external platforms and GSE117606 FFPE
ZNF316	up	0.513120059560903	4.57238006272016	4.69702793883888e-05	0.0022426061802563	100131017	protein-coding	O	ZNF316	current_ncbi_symbol	True	False	False	False	False	False	1	False	True	False	strict state-shared core; NCBI protein-coding; feature present on all five external platforms and GSE117606 FFPE
SELENOS	down	-0.361955652708454	-4.57143471982275	4.71268773589486e-05	0.0032167709029394	55829	protein-coding	O	SELENOS	current_ncbi_symbol	True	False	False	False	False	False	1	False	True	False	strict state-shared core; NCBI protein-coding; feature present on all five external platforms and GSE117606 FFPE
ACTR3C	up	0.371458840880273	4.56684947967017	4.79934360492411e-05	0.0053490334616256	653857	protein-coding	O	ACTR3C	current_ncbi_symbol	True	False	True	True	True	False	4	False	True	False	strict state-shared core; NCBI protein-coding; feature present on all five external platforms and GSE117606 FFPE
ARCN1	down	-0.454952709789929	-4.56683260498041	4.79934360492411e-05	0.004032972985253	372	protein-coding	O	ARCN1	current_ncbi_symbol	True	True	True	True	True	False	5	False	True	False	strict state-shared core; NCBI protein-coding; feature present on all five external platforms and GSE117606 FFPE
GTF2IRD2B	up	0.442002812654354	4.56662550656599	4.79934360492411e-05	0.0030665024672411	389524	protein-coding	O	GTF2IRD2B	current_ncbi_symbol	False	True	False	False	True	False	2	False	True	False	strict state-shared core; NCBI protein-coding; feature present on all five external platforms and GSE117606 FFPE
PTGR1	down	-0.430540746112556	-4.56636630692639	4.7996256676623e-05	0.0020317158152224	22949	protein-coding	O	PTGR1	current_ncbi_symbol	True	True	True	True	True	False	5	False	True	False	strict state-shared core; NCBI protein-coding; feature present on all five external platforms and GSE117606 FFPE
PEX2	down	-0.659702383654003	-4.56566258035295	4.81009761771147e-05	0.0130858512649602	5828	protein-coding	O	PEX2	current_ncbi_symbol	True	False	True	True	True	False	4	False	True	False	strict state-shared core; NCBI protein-coding; feature present on all five external platforms and GSE117606 FFPE
KLHDC10	up	0.254611516018692	4.56102158435115	4.91188803937829e-05	0.0036416522668431	23008	protein-coding	O	KLHDC10	current_ncbi_symbol	True	True	True	True	True	False	5	False	True	False	strict state-shared core; NCBI protein-coding; feature present on all five external platforms and GSE117606 FFPE
POLR2J2-UPK3BL1	up	0.43742311089445	4.56077269310174	4.9119490363332e-05	0.0056611750063046	123258400	ncRNA	-	POLR2J2-UPK3BL1	current_ncbi_symbol	False	False	False	False	False	False	0	False	False	False	strict state-shared core; NCBI protein-coding; feature present on all five external platforms and GSE117606 FFPE
NFE2L1	down	-0.386846706627959	-4.55845653679633	4.95008727108982e-05	0.0097892980212441	4779	protein-coding	O	NFE2L1	current_ncbi_symbol	True	True	True	True	True	False	5	False	True	False	strict state-shared core; NCBI protein-coding; feature present on all five external platforms and GSE117606 FFPE
SRGAP3	up	0.49638832133811	4.55841105711909	4.95008727108982e-05	0.0023542588098628	9901	protein-coding	O	SRGAP3	current_ncbi_symbol	True	True	True	True	True	False	5	False	True	False	strict state-shared core; NCBI protein-coding; feature present on all five external platforms and GSE117606 FFPE
DCPS	up	0.645718924870147	4.55694084221098	4.96925609204156e-05	0.011327684241024	28960	protein-coding	O	DCPS	current_ncbi_symbol	True	True	True	True	True	False	5	False	True	False	strict state-shared core; NCBI protein-coding; feature present on all five external platforms and GSE117606 FFPE
RNF213	up	0.336943668153188	4.55686402228274	4.96925609204156e-05	0.0090062058378815	57674	protein-coding	O	RNF213	current_ncbi_symbol	True	True	True	True	True	False	5	False	True	False	strict state-shared core; NCBI protein-coding; feature present on all five external platforms and GSE117606 FFPE
GPAT3	down	-0.512570439477975	-4.55490288911041	5.01000975702198e-05	0.0287190006932239	84803	protein-coding	O	GPAT3	current_ncbi_symbol	True	False	True	True	False	False	3	False	True	False	strict state-shared core; NCBI protein-coding; feature present on all five external platforms and GSE117606 FFPE
ZC3H12A	up	0.77445017730973	4.55347536488348	5.03828456675648e-05	0.001053674914324	80149	protein-coding	O	ZC3H12A	current_ncbi_symbol	True	True	True	True	True	False	5	False	True	False	strict state-shared core; NCBI protein-coding; feature present on all five external platforms and GSE117606 FFPE
TMED5	down	-0.41257678640879	-4.54944359327355	5.12982287047222e-05	0.0005697503776509	50999	protein-coding	O	TMED5	current_ncbi_symbol	True	True	True	True	True	False	5	False	True	False	strict state-shared core; NCBI protein-coding; feature present on all five external platforms and GSE117606 FFPE
PDHA1	down	-0.244279961193341	-4.53829169501413	5.38991361301602e-05	0.0378675214379712	5160	protein-coding	O	PDHA1	current_ncbi_symbol	True	True	True	True	True	False	5	False	True	False	strict state-shared core; NCBI protein-coding; feature present on all five external platforms and GSE117606 FFPE
CDH1	down	-0.353788498255874	-4.53663484702178	5.4261397875306e-05	0.0021572491306171	999	protein-coding	O	CDH1	current_ncbi_symbol	True	True	True	True	True	False	5	False	True	False	strict state-shared core; NCBI protein-coding; feature present on all five external platforms and GSE117606 FFPE
NDUFS1	down	-0.230137609316687	-4.53431933528929	5.47336202412301e-05	0.0020932292128637	4719	protein-coding	O	NDUFS1	current_ncbi_symbol	True	True	True	True	True	False	5	False	True	False	strict state-shared core; NCBI protein-coding; feature present on all five external platforms and GSE117606 FFPE
AGR2	down	-0.609139252479402	-4.53207752640473	5.52542067874743e-05	0.0047090726804266	10551	protein-coding	O	AGR2	current_ncbi_symbol	True	True	True	True	True	True	6	True	True	True	strict state-shared core; NCBI protein-coding; feature present on all five external platforms and GSE117606 FFPE
ABCC5	up	0.520750517545803	4.52965056839559	5.58284498284169e-05	0.0075968860044218	10057	protein-coding	O	ABCC5	current_ncbi_symbol	True	True	True	True	True	False	5	False	True	False	strict state-shared core; NCBI protein-coding; feature present on all five external platforms and GSE117606 FFPE
SNRPG	down	-0.428783558243421	-4.52915561147024	5.58951299057499e-05	0.0010473024903414	6637	protein-coding	O	SNRPG	current_ncbi_symbol	False	True	True	True	True	False	4	False	True	False	strict state-shared core; NCBI protein-coding; feature present on all five external platforms and GSE117606 FFPE
SRSF3	down	-0.526364286306351	-4.52620004552351	5.66171747150119e-05	0.0291259321218762	6428	protein-coding	O	SRSF3	current_ncbi_symbol	True	False	True	True	True	False	4	False	True	False	strict state-shared core; NCBI protein-coding; feature present on all five external platforms and GSE117606 FFPE
ZDHHC8	up	0.560143762188779	4.52460565031269	5.69499565771949e-05	0.0123080860955027	29801	protein-coding	O	ZDHHC8	current_ncbi_symbol	True	True	True	True	True	False	5	False	True	False	strict state-shared core; NCBI protein-coding; feature present on all five external platforms and GSE117606 FFPE
ZNF106	up	0.348355549612032	4.52447620257338	5.69499565771949e-05	0.0044151742375463	64397	protein-coding	O	ZNF106	current_ncbi_symbol	True	False	True	True	False	False	3	False	True	False	strict state-shared core; NCBI protein-coding; feature present on all five external platforms and GSE117606 FFPE
RBM6	up	0.34480812497928	4.52338763777367	5.71783550339976e-05	0.0015208351526877	10180	protein-coding	O	RBM6	current_ncbi_symbol	True	True	True	True	True	False	5	False	True	False	strict state-shared core; NCBI protein-coding; feature present on all five external platforms and GSE117606 FFPE
PTMS	up	0.449103773848738	4.52129734169164	5.7680059926189e-05	0.022908530916807	5763	protein-coding	O	PTMS	current_ncbi_symbol	True	True	True	True	True	False	5	False	True	False	strict state-shared core; NCBI protein-coding; feature present on all five external platforms and GSE117606 FFPE
HECTD4	up	0.269304185089993	4.52033940414399	5.78756212445359e-05	0.0017008839863211	283450	protein-coding	O	HECTD4	current_ncbi_symbol	True	False	True	True	True	False	4	False	True	False	strict state-shared core; NCBI protein-coding; feature present on all five external platforms and GSE117606 FFPE
METTL16	up	0.329092175226753	4.51910982520771	5.81464188763621e-05	0.0014774557146563	79066	protein-coding	O	METTL16	current_ncbi_symbol	True	False	True	True	True	False	4	False	True	False	strict state-shared core; NCBI protein-coding; feature present on all five external platforms and GSE117606 FFPE
MIRLET7BHG	up	0.471445554658397	4.51884448762746	5.81530926866946e-05	0.000928000402457	400931	ncRNA	O	MIRLET7BHG	current_ncbi_symbol	True	False	True	True	True	False	4	False	False	False	strict state-shared core; NCBI protein-coding; feature present on all five external platforms and GSE117606 FFPE
TSPAN5	up	0.71255011022974	4.51490311732004	5.91778579756609e-05	0.0112654388893438	10098	protein-coding	O	TSPAN5	current_ncbi_symbol	True	True	True	True	True	False	5	False	True	False	strict state-shared core; NCBI protein-coding; feature present on all five external platforms and GSE117606 FFPE
APH1A	down	-0.33450353423712	-4.51037669537961	6.02237626068202e-05	0.0011696339170518	51107	protein-coding	O	APH1A	current_ncbi_symbol	True	True	True	True	True	False	5	False	True	False	strict state-shared core; NCBI protein-coding; feature present on all five external platforms and GSE117606 FFPE
KPNA6	up	0.235866022234545	4.50793362742539	6.08094327695597e-05	0.0006379093321643	23633	protein-coding	O	KPNA6	current_ncbi_symbol	True	True	True	True	True	False	5	False	True	False	strict state-shared core; NCBI protein-coding; feature present on all five external platforms and GSE117606 FFPE
GRB7	up	0.433274848253098	4.50630705883691	6.120804574079e-05	0.0139948723822561	2886	protein-coding	O	GRB7	current_ncbi_symbol	True	True	True	True	True	False	5	False	True	False	strict state-shared core; NCBI protein-coding; feature present on all five external platforms and GSE117606 FFPE
GNAI3	down	-0.463491985506248	-4.50287985763594	6.20861555894165e-05	0.0103472994848521	2773	protein-coding	O	GNAI3	current_ncbi_symbol	True	True	True	True	True	False	5	False	True	False	strict state-shared core; NCBI protein-coding; feature present on all five external platforms and GSE117606 FFPE
ADGRE3	down	-0.770438807209759	-4.50280308152763	6.20861555894165e-05	0.0048338751866541	84658	protein-coding	O	ADGRE3	current_ncbi_symbol	True	False	True	True	False	False	3	False	True	False	strict state-shared core; NCBI protein-coding; feature present on all five external platforms and GSE117606 FFPE
CD24	down	-0.57956749978823	-4.49950705388598	6.29856398710083e-05	0.0104220552258575	100133941	protein-coding	O	CD24	current_ncbi_symbol	True	True	True	True	False	False	4	False	True	False	strict state-shared core; NCBI protein-coding; feature present on all five external platforms and GSE117606 FFPE
TMEM33	down	-0.547156781405763	-4.4978751466658	6.33995963744035e-05	0.001412954004312	55161	protein-coding	O	TMEM33	current_ncbi_symbol	True	False	True	True	True	False	4	False	True	False	strict state-shared core; NCBI protein-coding; feature present on all five external platforms and GSE117606 FFPE
MTDH	up	0.267645692704538	4.4831394174071	6.7801339748268e-05	0.0025243389597155	92140	protein-coding	O	MTDH	current_ncbi_symbol	True	True	True	True	True	False	5	False	True	False	strict state-shared core; NCBI protein-coding; feature present on all five external platforms and GSE117606 FFPE
TPRKB	down	-0.370405552530988	-4.48071458008587	6.84870455646981e-05	0.0180180033669805	51002	protein-coding	O	TPRKB	current_ncbi_symbol	True	True	True	True	True	False	5	False	True	False	strict state-shared core; NCBI protein-coding; feature present on all five external platforms and GSE117606 FFPE
NDUFS2	down	-0.359995538877215	-4.47641224405707	6.98029552748554e-05	0.0081333502070084	4720	protein-coding	O	NDUFS2	current_ncbi_symbol	True	True	True	True	True	False	5	False	True	False	strict state-shared core; NCBI protein-coding; feature present on all five external platforms and GSE117606 FFPE
PSMA5	down	-0.378633416155669	-4.47617112303672	6.98037142848006e-05	0.0162724754180982	5686	protein-coding	O	PSMA5	current_ncbi_symbol	True	True	True	True	True	False	5	False	True	False	strict state-shared core; NCBI protein-coding; feature present on all five external platforms and GSE117606 FFPE
EML2	up	0.384316423153755	4.47467125779802	7.0217034968466e-05	0.0011685848954366	24139	protein-coding	O	EML2	current_ncbi_symbol	True	False	True	True	True	False	4	False	True	False	strict state-shared core; NCBI protein-coding; feature present on all five external platforms and GSE117606 FFPE
ARPC5	down	-0.436665504191393	-4.47399446791907	7.03612466598912e-05	0.0044770137301388	10092	protein-coding	O	ARPC5	current_ncbi_symbol	True	True	True	True	True	False	5	False	True	False	strict state-shared core; NCBI protein-coding; feature present on all five external platforms and GSE117606 FFPE
TECPR2	up	0.336270303396634	4.47353382895828	7.0434543025201e-05	0.0017116098266307	9895	protein-coding	O	TECPR2	current_ncbi_symbol	True	False	True	True	True	False	4	False	True	False	strict state-shared core; NCBI protein-coding; feature present on all five external platforms and GSE117606 FFPE
TAB1	up	0.362173874966117	4.47049613207545	7.13629943404127e-05	0.0272281917625371	10454	protein-coding	O	TAB1	current_ncbi_symbol	True	False	True	True	True	False	4	False	True	False	strict state-shared core; NCBI protein-coding; feature present on all five external platforms and GSE117606 FFPE
CMIP	up	0.276274349606054	4.4676867127852	7.22260425068204e-05	0.0020470207893903	80790	protein-coding	O	CMIP	current_ncbi_symbol	True	True	True	True	True	False	5	False	True	False	strict state-shared core; NCBI protein-coding; feature present on all five external platforms and GSE117606 FFPE
CHD1L	down	-0.488904539191993	-4.46694856579932	7.23951626607571e-05	0.0013821589330773	9557	protein-coding	O	CHD1L	current_ncbi_symbol	True	True	True	True	True	False	5	False	True	False	strict state-shared core; NCBI protein-coding; feature present on all five external platforms and GSE117606 FFPE
EHBP1L1	up	0.551921023133322	4.46594859962291	7.26535418529553e-05	0.002803986053368	254102	protein-coding	O	EHBP1L1	current_ncbi_symbol	True	False	True	True	True	False	4	False	True	False	strict state-shared core; NCBI protein-coding; feature present on all five external platforms and GSE117606 FFPE
MPRIP	up	0.226797268510635	4.46326492949784	7.3462764719658e-05	0.0428633200668336	23164	protein-coding	O	MPRIP	current_ncbi_symbol	True	True	True	True	True	False	5	False	True	False	strict state-shared core; NCBI protein-coding; feature present on all five external platforms and GSE117606 FFPE
CEP104	up	0.325455194577788	4.46085833341288	7.41543661584749e-05	0.0027870922227256	9731	protein-coding	O	CEP104	current_ncbi_symbol	True	False	True	True	True	False	4	False	True	False	strict state-shared core; NCBI protein-coding; feature present on all five external platforms and GSE117606 FFPE
RPA3	down	-0.514042245173526	-4.4589899876549	7.47210566185008e-05	0.0246466330459901	6119	protein-coding	O	RPA3	current_ncbi_symbol	True	True	True	True	True	False	5	False	True	False	strict state-shared core; NCBI protein-coding; feature present on all five external platforms and GSE117606 FFPE
TMT1A	down	-0.476573488515361	-4.45582513468919	7.57484320066491e-05	0.0030225076399267	25840	protein-coding	O	TMT1A	current_ncbi_symbol	True	False	False	False	False	False	1	False	True	False	strict state-shared core; NCBI protein-coding; feature present on all five external platforms and GSE117606 FFPE
OSBPL10	up	0.309211816036224	4.45426043843894	7.62188689214051e-05	0.0007101765201197	114884	protein-coding	O	OSBPL10	current_ncbi_symbol	True	True	True	True	True	False	5	False	True	False	strict state-shared core; NCBI protein-coding; feature present on all five external platforms and GSE117606 FFPE
PFKFB3	up	0.360380477516303	4.45348612286816	7.64102347069582e-05	0.0115470429455267	5209	protein-coding	O	PFKFB3	current_ncbi_symbol	True	True	True	True	True	False	5	False	True	False	strict state-shared core; NCBI protein-coding; feature present on all five external platforms and GSE117606 FFPE
GSTM4	down	-0.349728268412881	-4.45177821679139	7.67672837673299e-05	0.0008118347793469	2948	protein-coding	O	GSTM4	current_ncbi_symbol	True	True	True	True	True	False	5	False	True	False	strict state-shared core; NCBI protein-coding; feature present on all five external platforms and GSE117606 FFPE
COX7A2L	down	-0.385913465781908	-4.44447863412989	7.92465389792167e-05	0.0010900375225558	9167	protein-coding	O	COX7A2L	current_ncbi_symbol	True	False	True	True	True	False	4	False	True	False	strict state-shared core; NCBI protein-coding; feature present on all five external platforms and GSE117606 FFPE
FAM193A	up	0.26981012979133	4.44258599327214	7.98596844948472e-05	0.0030603879370585	8603	protein-coding	O	FAM193A	current_ncbi_symbol	True	False	True	True	True	False	4	False	True	False	strict state-shared core; NCBI protein-coding; feature present on all five external platforms and GSE117606 FFPE
HOXA3	down	-0.530705089583419	-4.43978506752119	8.07296502531132e-05	0.0499393215996248	3200	protein-coding	O	HOXA3	current_ncbi_symbol	True	True	True	True	True	False	5	False	True	False	strict state-shared core; NCBI protein-coding; feature present on all five external platforms and GSE117606 FFPE
CPNE3	down	-0.581272360232412	-4.43388444538359	8.27916823292639e-05	0.0032906228895348	8895	protein-coding	O	CPNE3	current_ncbi_symbol	True	True	True	True	True	False	5	False	True	False	strict state-shared core; NCBI protein-coding; feature present on all five external platforms and GSE117606 FFPE
IQCK	up	0.457589173445927	4.43335028175487	8.29069474486783e-05	0.010199167471768	124152	protein-coding	O	IQCK	current_ncbi_symbol	True	True	True	True	True	False	5	False	True	False	strict state-shared core; NCBI protein-coding; feature present on all five external platforms and GSE117606 FFPE
DYNLL2	down	-0.320758849467681	-4.43078063117416	8.37933397469424e-05	0.0090064804832801	140735	protein-coding	O	DYNLL2	current_ncbi_symbol	True	True	True	True	True	False	5	False	True	False	strict state-shared core; NCBI protein-coding; feature present on all five external platforms and GSE117606 FFPE
NPIPA2	up	0.479489005705944	4.43038641122621	8.37933397469424e-05	0.0261111948774719	642799	protein-coding	O	NPIPA2	current_ncbi_symbol	False	False	False	False	False	False	0	False	True	False	strict state-shared core; NCBI protein-coding; feature present on all five external platforms and GSE117606 FFPE
COX8A	down	-0.470913832501804	-4.43035595649292	8.37933397469424e-05	0.0022928215700114	1351	protein-coding	O	COX8A	current_ncbi_symbol	True	True	True	True	True	False	5	False	True	False	strict state-shared core; NCBI protein-coding; feature present on all five external platforms and GSE117606 FFPE
CHMP1B	down	-0.566116253933027	-4.42931219849738	8.41087414655143e-05	0.0111483965763197	57132	protein-coding	O	CHMP1B	current_ncbi_symbol	True	True	True	True	True	False	5	False	True	False	strict state-shared core; NCBI protein-coding; feature present on all five external platforms and GSE117606 FFPE
RAD21	down	-0.562781215575608	-4.42723244426411	8.48317052032103e-05	0.0234239209405442	5885	protein-coding	O	RAD21	current_ncbi_symbol	True	True	True	True	True	False	5	False	True	False	strict state-shared core; NCBI protein-coding; feature present on all five external platforms and GSE117606 FFPE
TGS1	up	0.357174926928766	4.42687590960551	8.48802233759272e-05	0.0042625549704692	96764	protein-coding	O	TGS1	current_ncbi_symbol	True	False	True	True	True	False	4	False	True	False	strict state-shared core; NCBI protein-coding; feature present on all five external platforms and GSE117606 FFPE
NEDD9	down	-0.43201735569859	-4.42357521240888	8.60950769172746e-05	0.0043771463815751	4739	protein-coding	O	NEDD9	current_ncbi_symbol	True	True	True	True	True	False	5	False	True	False	strict state-shared core; NCBI protein-coding; feature present on all five external platforms and GSE117606 FFPE
BIRC2	down	-0.394222244200502	-4.42114541321408	8.68816099031614e-05	0.0016826334187585	329	protein-coding	O	BIRC2	current_ncbi_symbol	True	True	True	True	True	False	5	False	True	False	strict state-shared core; NCBI protein-coding; feature present on all five external platforms and GSE117606 FFPE
RNF115	up	0.312883851283893	4.41871831931521	8.77684137494403e-05	0.0070554450571334	27246	protein-coding	O	RNF115	current_ncbi_symbol	True	False	True	True	True	False	4	False	True	False	strict state-shared core; NCBI protein-coding; feature present on all five external platforms and GSE117606 FFPE
PSMG1	down	-0.616918044561966	-4.41638015637324	8.84548538975449e-05	0.007806948914801	8624	protein-coding	O	PSMG1	current_ncbi_symbol	True	True	True	True	True	False	5	False	True	False	strict state-shared core; NCBI protein-coding; feature present on all five external platforms and GSE117606 FFPE
CHCHD10	down	-0.405459272726182	-4.41633756301674	8.84548538975449e-05	0.0015837954679089	400916	protein-coding	O	CHCHD10	current_ncbi_symbol	True	True	True	True	True	False	5	False	True	False	strict state-shared core; NCBI protein-coding; feature present on all five external platforms and GSE117606 FFPE
COX5B	down	-0.43162483720039	-4.41531486059151	8.87789422980668e-05	0.0012250338469439	1329	protein-coding	O	COX5B	current_ncbi_symbol	True	True	True	True	True	False	5	False	True	False	strict state-shared core; NCBI protein-coding; feature present on all five external platforms and GSE117606 FFPE
LINC02086	up	0.404086249790215	4.41491579311449	8.88477468998426e-05	0.0081234322449703	105371809	ncRNA	O	LINC02086	current_ncbi_symbol	False	False	False	False	False	False	0	False	False	False	strict state-shared core; NCBI protein-coding; feature present on all five external platforms and GSE117606 FFPE
HNRNPA2B1	down	-0.425419639437382	-4.41447213069895	8.89350228746078e-05	0.009226608866905	3181	protein-coding	O	HNRNPA2B1	current_ncbi_symbol	True	False	True	True	True	False	4	False	True	False	strict state-shared core; NCBI protein-coding; feature present on all five external platforms and GSE117606 FFPE
CDX2	down	-0.270929014024161	-4.41342901621386	8.92694335686796e-05	0.0074659789460088	1045	protein-coding	O	CDX2	current_ncbi_symbol	True	True	True	True	True	False	5	False	True	False	strict state-shared core; NCBI protein-coding; feature present on all five external platforms and GSE117606 FFPE
JAG1	up	0.461337337378299	4.4114337465845	9.00001219728376e-05	0.0041028921139974	182	protein-coding	O	JAG1	current_ncbi_symbol	True	True	True	True	True	False	5	False	True	False	strict state-shared core; NCBI protein-coding; feature present on all five external platforms and GSE117606 FFPE
TRA2B	down	-0.457145523267577	-4.41067341306805	9.0220564199689e-05	0.0015728816844876	6434	protein-coding	O	TRA2B	current_ncbi_symbol	True	False	True	True	True	False	4	False	True	False	strict state-shared core; NCBI protein-coding; feature present on all five external platforms and GSE117606 FFPE
H2AZ1	down	-0.451333720570469	-4.41038557735021	9.02444702332279e-05	0.0036680186540787	3015	protein-coding	O	H2AZ1	current_ncbi_symbol	True	False	False	False	False	False	1	False	True	False	strict state-shared core; NCBI protein-coding; feature present on all five external platforms and GSE117606 FFPE
SRSF7	down	-0.339831644534587	-4.40835323930366	9.09919392770967e-05	0.0187663203826504	6432	protein-coding	O	SRSF7	current_ncbi_symbol	True	False	True	True	True	False	4	False	True	False	strict state-shared core; NCBI protein-coding; feature present on all five external platforms and GSE117606 FFPE
PLEKHG1	up	0.334387367178165	4.40813874264966	9.09919392770967e-05	0.0279126101657061	57480	protein-coding	O	PLEKHG1	current_ncbi_symbol	True	True	True	True	True	False	5	False	True	False	strict state-shared core; NCBI protein-coding; feature present on all five external platforms and GSE117606 FFPE
RABGGTB	down	-0.676383756066228	-4.40618652942554	9.17180928623969e-05	0.0040589028155974	5876	protein-coding	O	RABGGTB	current_ncbi_symbol	True	True	True	True	True	False	5	False	True	False	strict state-shared core; NCBI protein-coding; feature present on all five external platforms and GSE117606 FFPE
SAP18	down	-0.380394238091835	-4.40320377808364	9.28902371585533e-05	0.002579967563289	10284	protein-coding	O	SAP18	current_ncbi_symbol	True	True	True	True	True	False	5	False	True	False	strict state-shared core; NCBI protein-coding; feature present on all five external platforms and GSE117606 FFPE
KCNQ1OT1	up	0.444192769969336	4.39826845996916	9.49268468104761e-05	0.0128396859199041	10984	ncRNA	O	KCNQ1OT1	current_ncbi_symbol	True	False	True	True	True	False	4	False	False	False	strict state-shared core; NCBI protein-coding; feature present on all five external platforms and GSE117606 FFPE
BCL11B	up	0.384332624337518	4.3975419982986	9.51443480779752e-05	0.0042968198955635	64919	protein-coding	O	BCL11B	current_ncbi_symbol	True	True	True	True	True	False	5	False	True	False	strict state-shared core; NCBI protein-coding; feature present on all five external platforms and GSE117606 FFPE
PTPN1	down	-0.305005764096611	-4.39346165205691	9.68462234704457e-05	0.0058297407966265	5770	protein-coding	O	PTPN1	current_ncbi_symbol	True	True	True	True	True	False	5	False	True	False	strict state-shared core; NCBI protein-coding; feature present on all five external platforms and GSE117606 FFPE
CHCHD1	down	-0.476547538593432	-4.39048020554964	9.80801819470058e-05	0.0079865551333345	118487	protein-coding	O	CHCHD1	current_ncbi_symbol	True	True	True	True	True	False	5	False	True	False	strict state-shared core; NCBI protein-coding; feature present on all five external platforms and GSE117606 FFPE
MT1G	down	-0.840388994120984	-4.38670497348991	9.95872166359949e-05	0.0103789765359076	4495	protein-coding	O	MT1G	current_ncbi_symbol	True	True	True	True	True	True	6	True	True	True	strict state-shared core; NCBI protein-coding; feature present on all five external platforms and GSE117606 FFPE
NDUFS4	down	-0.270891355750617	-4.38516204688564	0.0001001341157299	0.0022211981201621	4724	protein-coding	O	NDUFS4	current_ncbi_symbol	True	True	True	True	True	False	5	False	True	False	strict state-shared core; NCBI protein-coding; feature present on all five external platforms and GSE117606 FFPE
STARD7	down	-0.396941805291707	-4.38505532260366	0.0001001341157299	0.0077483540642264	56910	protein-coding	O	STARD7	current_ncbi_symbol	True	True	True	True	True	False	5	False	True	False	strict state-shared core; NCBI protein-coding; feature present on all five external platforms and GSE117606 FFPE
KLHDC4	up	0.391341899679756	4.38443524920372	0.0001002858200888	0.0040751493505288	54758	protein-coding	O	KLHDC4	current_ncbi_symbol	True	True	True	True	True	False	5	False	True	False	strict state-shared core; NCBI protein-coding; feature present on all five external platforms and GSE117606 FFPE
BTBD2	up	0.35910116486806	4.3842688937765	0.0001002858200888	0.0080730345386327	55643	protein-coding	O	BTBD2	current_ncbi_symbol	True	False	True	True	True	False	4	False	True	False	strict state-shared core; NCBI protein-coding; feature present on all five external platforms and GSE117606 FFPE
TRIM65	up	0.388234126453467	4.38356187454209	0.0001005066469539	0.0154858954368731	201292	protein-coding	O	TRIM65	current_ncbi_symbol	True	False	True	True	True	False	4	False	True	False	strict state-shared core; NCBI protein-coding; feature present on all five external platforms and GSE117606 FFPE
NFIX	up	0.36470153568652	4.38157593588749	0.0001013212149022	0.0035679259262836	4784	protein-coding	O	NFIX	current_ncbi_symbol	True	True	True	True	True	False	5	False	True	False	strict state-shared core; NCBI protein-coding; feature present on all five external platforms and GSE117606 FFPE
CCDC192	up	0.592859507694545	4.37804290445462	0.0001028696910004	0.0049785395634851	728586	protein-coding	O	CCDC192	current_ncbi_symbol	False	False	False	False	False	False	0	False	True	False	strict state-shared core; NCBI protein-coding; feature present on all five external platforms and GSE117606 FFPE
ECHDC2	up	0.254263509403196	4.37456498747049	0.0001041882905179	0.0021345797307667	55268	protein-coding	O	ECHDC2	current_ncbi_symbol	True	True	True	True	True	False	5	False	True	False	strict state-shared core; NCBI protein-coding; feature present on all five external platforms and GSE117606 FFPE
ZRANB3	up	0.348655062495565	4.37431729425172	0.0001041882905179	0.0049268054450807	84083	protein-coding	O	ZRANB3	current_ncbi_symbol	True	True	True	True	True	False	5	False	True	False	strict state-shared core; NCBI protein-coding; feature present on all five external platforms and GSE117606 FFPE
ZNF506	up	0.345480179192365	4.37412873001002	0.0001041882905179	0.0105018667748182	440515	protein-coding	O	ZNF506	current_ncbi_symbol	True	False	True	True	True	False	4	False	True	False	strict state-shared core; NCBI protein-coding; feature present on all five external platforms and GSE117606 FFPE
SNX3	down	-0.299308581272418	-4.37109105541612	0.0001054293957696	0.0013464430643934	8724	protein-coding	O	SNX3	current_ncbi_symbol	True	True	True	True	True	False	5	False	True	False	strict state-shared core; NCBI protein-coding; feature present on all five external platforms and GSE117606 FFPE
SUMO1	down	-0.470001155310233	-4.3676468964763	0.000106994248044	0.0010376125072726	7341	protein-coding	O	SUMO1	current_ncbi_symbol	True	True	True	True	True	False	5	False	True	False	strict state-shared core; NCBI protein-coding; feature present on all five external platforms and GSE117606 FFPE
CREBZF	down	-0.55647424139196	-4.36694433827381	0.0001072277283845	0.0118249349668241	58487	protein-coding	O	CREBZF	current_ncbi_symbol	True	True	True	True	True	False	5	False	True	False	strict state-shared core; NCBI protein-coding; feature present on all five external platforms and GSE117606 FFPE
THADA	up	0.293470966314739	4.36521852317081	0.0001079660764488	0.0030693072362581	63892	protein-coding	O	THADA	current_ncbi_symbol	True	True	True	True	True	False	5	False	True	False	strict state-shared core; NCBI protein-coding; feature present on all five external platforms and GSE117606 FFPE
ATP2B4	up	0.495456372320764	4.36486036718563	0.0001080314020482	0.0051809606611679	493	protein-coding	O	ATP2B4	current_ncbi_symbol	True	True	True	True	True	False	5	False	True	False	strict state-shared core; NCBI protein-coding; feature present on all five external platforms and GSE117606 FFPE
REPS2	up	0.390304139185868	4.36423356380543	0.0001082297819571	0.0378812597210488	9185	protein-coding	O	REPS2	current_ncbi_symbol	True	True	True	True	True	False	5	False	True	False	strict state-shared core; NCBI protein-coding; feature present on all five external platforms and GSE117606 FFPE
ZNF562	up	0.306665504260645	4.36376306939356	0.0001083511163697	0.0021144782207483	54811	protein-coding	O	ZNF562	current_ncbi_symbol	True	True	True	True	True	False	5	False	True	False	strict state-shared core; NCBI protein-coding; feature present on all five external platforms and GSE117606 FFPE
SBNO2	up	0.489283915280157	4.36165264671326	0.0001092890842235	0.0031161287877604	22904	protein-coding	O	SBNO2	current_ncbi_symbol	True	True	True	True	True	False	5	False	True	False	strict state-shared core; NCBI protein-coding; feature present on all five external platforms and GSE117606 FFPE
SRSF1	down	-0.59375005203609	-4.35489745645804	0.0001124825638385	0.0206992008386319	6426	protein-coding	O	SRSF1	current_ncbi_symbol	True	False	True	True	True	False	4	False	True	False	strict state-shared core; NCBI protein-coding; feature present on all five external platforms and GSE117606 FFPE
SCRIB	up	0.492503298890405	4.3539515975272	0.0001128532627718	0.0015752648804693	23513	protein-coding	O	SCRIB	current_ncbi_symbol	True	True	True	True	True	False	5	False	True	False	strict state-shared core; NCBI protein-coding; feature present on all five external platforms and GSE117606 FFPE
AP5M1	down	-0.557305293133406	-4.35251015528564	0.000113365261648	0.0018492017243619	55745	protein-coding	O	AP5M1	current_ncbi_symbol	True	False	True	True	True	False	4	False	True	False	strict state-shared core; NCBI protein-coding; feature present on all five external platforms and GSE117606 FFPE
GGH	down	-0.509142976671768	-4.3495711717998	0.0001147776211336	0.0111194160469501	8836	protein-coding	O	GGH	current_ncbi_symbol	True	True	True	True	True	False	5	False	True	False	strict state-shared core; NCBI protein-coding; feature present on all five external platforms and GSE117606 FFPE
DOCK9	up	0.320197068236717	4.34934294456997	0.0001147796467543	0.0015808667721624	23348	protein-coding	O	DOCK9	current_ncbi_symbol	True	True	True	True	True	False	5	False	True	False	strict state-shared core; NCBI protein-coding; feature present on all five external platforms and GSE117606 FFPE
OAT	down	-0.681117657448848	-4.34572312247644	0.0001164509539544	0.015701149510513	4942	protein-coding	O	OAT	current_ncbi_symbol	True	True	True	True	True	False	5	False	True	False	strict state-shared core; NCBI protein-coding; feature present on all five external platforms and GSE117606 FFPE
USP38	down	-0.667755274985289	-4.34096574052646	0.0001187589942915	0.0052397684429014	84640	protein-coding	O	USP38	current_ncbi_symbol	True	True	True	True	True	False	5	False	True	False	strict state-shared core; NCBI protein-coding; feature present on all five external platforms and GSE117606 FFPE
EIF4A2	down	-0.853801723672803	-4.34037298905975	0.000118958678229	0.0091959138695724	1974	protein-coding	O	EIF4A2	current_ncbi_symbol	True	True	True	True	True	False	5	False	True	False	strict state-shared core; NCBI protein-coding; feature present on all five external platforms and GSE117606 FFPE
GCA	down	-0.563159359906207	-4.33922621440869	0.0001194595516759	0.0150751171621918	25801	protein-coding	O	GCA	current_ncbi_symbol	True	True	True	True	True	False	5	False	True	False	strict state-shared core; NCBI protein-coding; feature present on all five external platforms and GSE117606 FFPE
PXMP2	down	-0.645806102181176	-4.33697808946628	0.0001205649446132	0.0020829508589861	5827	protein-coding	O	PXMP2	current_ncbi_symbol	True	True	True	True	True	False	5	False	True	False	strict state-shared core; NCBI protein-coding; feature present on all five external platforms and GSE117606 FFPE
ATP6V0D1-DT	up	0.52727436359838	4.33465560508723	0.0001217212378449	0.0045059821594446	101927837	ncRNA	O	ATP6V0D1-DT	current_ncbi_symbol	False	False	False	False	False	False	0	False	False	False	strict state-shared core; NCBI protein-coding; feature present on all five external platforms and GSE117606 FFPE
CYFIP2	up	0.490724232858228	4.33401303890219	0.0001218301417695	0.0048397325164789	26999	protein-coding	O	CYFIP2	current_ncbi_symbol	True	True	False	False	True	False	3	False	True	False	strict state-shared core; NCBI protein-coding; feature present on all five external platforms and GSE117606 FFPE
CCDC28A	down	-0.520014044535947	-4.33344723676846	0.0001220203166704	0.0027630985836985	25901	protein-coding	O	CCDC28A	current_ncbi_symbol	True	True	True	True	True	False	5	False	True	False	strict state-shared core; NCBI protein-coding; feature present on all five external platforms and GSE117606 FFPE
ATP23	down	-0.426170086463798	-4.33113430210835	0.0001231847610904	0.0242386569693475	91419	protein-coding	O	ATP23	current_ncbi_symbol	True	False	True	True	False	False	3	False	True	False	strict state-shared core; NCBI protein-coding; feature present on all five external platforms and GSE117606 FFPE
HIGD2A	down	-0.488281114107738	-4.32649035486596	0.000125563363679	0.0013642862344756	192286	protein-coding	O	HIGD2A	current_ncbi_symbol	True	True	True	True	True	False	5	False	True	False	strict state-shared core; NCBI protein-coding; feature present on all five external platforms and GSE117606 FFPE
TMEM220	down	-0.363967490143488	-4.32625511365832	0.000125563363679	0.0076364285610559	388335	protein-coding	O	TMEM220	current_ncbi_symbol	True	True	True	True	True	False	5	False	True	False	strict state-shared core; NCBI protein-coding; feature present on all five external platforms and GSE117606 FFPE
PLAGL1	down	-0.406647191313414	-4.32410538500326	0.0001266663201317	0.009122088394551	5325	protein-coding	O	PLAGL1	current_ncbi_symbol	True	True	True	True	True	False	5	False	True	False	strict state-shared core; NCBI protein-coding; feature present on all five external platforms and GSE117606 FFPE
NAAA	down	-0.36855058694211	-4.32216988041595	0.0001276544915476	0.0165766108126002	27163	protein-coding	O	NAAA	current_ncbi_symbol	True	True	True	True	True	False	5	False	True	False	strict state-shared core; NCBI protein-coding; feature present on all five external platforms and GSE117606 FFPE
ZFYVE9	up	0.282256930126983	4.32044242418412	0.0001284446069037	0.001628235106522	9372	protein-coding	O	ZFYVE9	current_ncbi_symbol	True	True	True	True	True	False	5	False	True	False	strict state-shared core; NCBI protein-coding; feature present on all five external platforms and GSE117606 FFPE
SHLD1	up	0.347283605292486	4.3203655813936	0.0001284446069037	0.0055549178437869	149840	protein-coding	O	SHLD1	current_ncbi_symbol	True	False	False	False	False	False	1	False	True	False	strict state-shared core; NCBI protein-coding; feature present on all five external platforms and GSE117606 FFPE
ADGRG1	up	0.296979890579802	4.32004112275471	0.0001285047141771	0.0014274801454335	9289	protein-coding	O	ADGRG1	current_ncbi_symbol	True	False	True	True	False	False	3	False	True	False	strict state-shared core; NCBI protein-coding; feature present on all five external platforms and GSE117606 FFPE
SYMPK	up	0.372064629605787	4.31970001183737	0.000128574667018	0.0071599611661212	8189	protein-coding	O	SYMPK	current_ncbi_symbol	True	True	True	True	True	False	5	False	True	False	strict state-shared core; NCBI protein-coding; feature present on all five external platforms and GSE117606 FFPE
TMA7	down	-0.415132773888759	-4.31909690117783	0.000128797573202	0.0046867081238969	51372	protein-coding	O	TMA7	current_ncbi_symbol	False	False	True	True	True	False	3	False	True	False	strict state-shared core; NCBI protein-coding; feature present on all five external platforms and GSE117606 FFPE
NUP188	up	0.462598892610393	4.31691938387898	0.0001298276888371	0.0029596348465916	23511	protein-coding	O	NUP188	current_ncbi_symbol	True	True	True	True	True	False	5	False	True	False	strict state-shared core; NCBI protein-coding; feature present on all five external platforms and GSE117606 FFPE
TAF13	down	-0.477547191640509	-4.31689712754496	0.0001298276888371	0.0194134606375814	6884	protein-coding	O	TAF13	current_ncbi_symbol	True	True	True	True	True	False	5	False	True	False	strict state-shared core; NCBI protein-coding; feature present on all five external platforms and GSE117606 FFPE
MED4	down	-0.3885975241318	-4.31561698697604	0.0001304522168849	0.0204679571852404	29079	protein-coding	O	MED4	current_ncbi_symbol	True	True	True	True	True	False	5	False	True	False	strict state-shared core; NCBI protein-coding; feature present on all five external platforms and GSE117606 FFPE
ZBTB1	up	0.48420594654181	4.31465190003293	0.0001308928852922	0.0211003010787007	22890	protein-coding	O	ZBTB1	current_ncbi_symbol	True	True	True	True	True	False	5	False	True	False	strict state-shared core; NCBI protein-coding; feature present on all five external platforms and GSE117606 FFPE
ENSG00000235419	down	-0.508067517984998	-4.3140186591596	0.0001310076062733	0.0021702235386448						False	False	False	False	False	False	0	False	False	False	strict state-shared core; NCBI protein-coding; feature present on all five external platforms and GSE117606 FFPE
NRAS	down	-0.817934606592092	-4.30964547225266	0.0001334059884177	0.0031956157282105	4893	protein-coding	O	NRAS	current_ncbi_symbol	True	True	True	True	True	False	5	False	True	False	strict state-shared core; NCBI protein-coding; feature present on all five external platforms and GSE117606 FFPE
ZNF664	down	-0.67043949661812	-4.30956923387568	0.0001334059884177	0.0075697513754802	144348	protein-coding	O	ZNF664	current_ncbi_symbol	True	True	True	True	True	False	5	False	True	False	strict state-shared core; NCBI protein-coding; feature present on all five external platforms and GSE117606 FFPE
ARL6IP5	down	-0.417454033182099	-4.30559766342478	0.0001356433771187	0.010239096324318	10550	protein-coding	O	ARL6IP5	current_ncbi_symbol	True	True	True	True	True	False	5	False	True	False	strict state-shared core; NCBI protein-coding; feature present on all five external platforms and GSE117606 FFPE
POLM	up	0.501697788297652	4.30545061801995	0.0001356433771187	0.0013477863083899	27434	protein-coding	O	POLM	current_ncbi_symbol	True	True	True	True	True	False	5	False	True	False	strict state-shared core; NCBI protein-coding; feature present on all five external platforms and GSE117606 FFPE
KIF13A	up	0.333220454462891	4.3015485203522	0.0001379181499268	0.0058962739283726	63971	protein-coding	O	KIF13A	current_ncbi_symbol	True	True	True	True	True	False	5	False	True	False	strict state-shared core; NCBI protein-coding; feature present on all five external platforms and GSE117606 FFPE
SEC11A	down	-0.300627925623328	-4.29735558374236	0.0001404132181532	0.0261493918297742	23478	protein-coding	O	SEC11A	current_ncbi_symbol	True	True	True	True	True	False	5	False	True	False	strict state-shared core; NCBI protein-coding; feature present on all five external platforms and GSE117606 FFPE
UBE2N	down	-0.435091204333591	-4.29647012868285	0.000140835826208	0.0017410140694769	7334	protein-coding	O	UBE2N	current_ncbi_symbol	True	True	True	True	True	False	5	False	True	False	strict state-shared core; NCBI protein-coding; feature present on all five external platforms and GSE117606 FFPE
PCSK7	up	0.308275220111785	4.29303398610323	0.0001428929915571	0.0128369657116257	9159	protein-coding	O	PCSK7	current_ncbi_symbol	True	True	True	True	True	False	5	False	True	False	strict state-shared core; NCBI protein-coding; feature present on all five external platforms and GSE117606 FFPE
MEP1A	down	-0.655216102996586	-4.28798676758724	0.000146033981573	0.0096949823539311	4224	protein-coding	O	MEP1A	current_ncbi_symbol	True	True	True	True	True	False	5	False	True	False	strict state-shared core; NCBI protein-coding; feature present on all five external platforms and GSE117606 FFPE
MXI1	down	-0.569179763819185	-4.28728096388828	0.0001463544020211	0.0257386832766333	4601	protein-coding	O	MXI1	current_ncbi_symbol	True	True	True	True	True	False	5	False	True	False	strict state-shared core; NCBI protein-coding; feature present on all five external platforms and GSE117606 FFPE
SSU72	down	-0.306321371844786	-4.28428111644683	0.0001481970591212	0.0211744786267989	29101	protein-coding	O	SSU72	current_ncbi_symbol	True	True	True	True	True	False	5	False	True	False	strict state-shared core; NCBI protein-coding; feature present on all five external platforms and GSE117606 FFPE
CD59	down	-0.48836405754782	-4.28293322906668	0.0001489515463006	0.0133396736168191	966	protein-coding	O	CD59	current_ncbi_symbol	True	True	True	True	True	False	5	False	True	False	strict state-shared core; NCBI protein-coding; feature present on all five external platforms and GSE117606 FFPE
SOCS7	up	0.358532198977785	4.27745505778102	0.0001522945829171	0.0019056862110798	30837	protein-coding	O	SOCS7	current_ncbi_symbol	True	True	True	True	True	False	5	False	True	False	strict state-shared core; NCBI protein-coding; feature present on all five external platforms and GSE117606 FFPE
HELB	up	0.426230452355996	4.27664685860616	0.0001526189324046	0.0420366442893918	92797	protein-coding	O	HELB	current_ncbi_symbol	True	True	True	True	True	False	5	False	True	False	strict state-shared core; NCBI protein-coding; feature present on all five external platforms and GSE117606 FFPE
HOXB-AS4	up	0.460551251628949	4.27517489869624	0.0001534806090996	0.0034379441378136	100874351	ncRNA	O	HOXB-AS4	current_ncbi_symbol	False	False	False	False	False	False	0	False	False	False	strict state-shared core; NCBI protein-coding; feature present on all five external platforms and GSE117606 FFPE
CHN2	up	0.359858078125537	4.27334496896782	0.0001545422904154	0.0225724906382994	1124	protein-coding	O	CHN2	current_ncbi_symbol	True	True	True	True	True	False	5	False	True	False	strict state-shared core; NCBI protein-coding; feature present on all five external platforms and GSE117606 FFPE
UBE4B	up	0.27466403326355	4.27320355594674	0.0001545422904154	0.0088180623656596	10277	protein-coding	O	UBE4B	current_ncbi_symbol	True	True	True	True	True	False	5	False	True	False	strict state-shared core; NCBI protein-coding; feature present on all five external platforms and GSE117606 FFPE
ELK3	up	0.442881227604296	4.27201498651618	0.0001550329522221	0.0040624398425047	2004	protein-coding	O	ELK3	current_ncbi_symbol	True	True	True	True	True	False	5	False	True	False	strict state-shared core; NCBI protein-coding; feature present on all five external platforms and GSE117606 FFPE
TMEM50A	down	-0.422696909848032	-4.27186288235667	0.0001550329522221	0.0035951340952902	23585	protein-coding	O	TMEM50A	current_ncbi_symbol	True	True	True	True	True	False	5	False	True	False	strict state-shared core; NCBI protein-coding; feature present on all five external platforms and GSE117606 FFPE
SNX29	up	0.343662876435276	4.27163897536036	0.0001550329522221	0.0015490615607048	92017	protein-coding	O	SNX29	current_ncbi_symbol	True	False	True	True	True	False	4	False	True	False	strict state-shared core; NCBI protein-coding; feature present on all five external platforms and GSE117606 FFPE
COX7A2	down	-0.38505620917596	-4.26783076713623	0.0001572369602588	0.0202207650279789	1347	protein-coding	O	COX7A2	current_ncbi_symbol	True	True	True	True	True	False	5	False	True	False	strict state-shared core; NCBI protein-coding; feature present on all five external platforms and GSE117606 FFPE
ICA1	up	0.327138102506783	4.26690151468581	0.000157740223064	0.007129759949543	3382	protein-coding	O	ICA1	current_ncbi_symbol	True	True	True	True	True	False	5	False	True	False	strict state-shared core; NCBI protein-coding; feature present on all five external platforms and GSE117606 FFPE
NAA20	down	-0.412127144031901	-4.26661148239091	0.0001577925872341	0.0014087157872267	51126	protein-coding	O	NAA20	current_ncbi_symbol	True	False	True	True	True	False	4	False	True	False	strict state-shared core; NCBI protein-coding; feature present on all five external platforms and GSE117606 FFPE
C1D	down	-0.608244609718697	-4.26571187334705	0.0001582767344243	0.0022290926797191	10438	protein-coding	O	C1D	current_ncbi_symbol	True	True	True	True	True	False	5	False	True	False	strict state-shared core; NCBI protein-coding; feature present on all five external platforms and GSE117606 FFPE
UBALD1	up	0.440393643580409	4.26431945115609	0.0001591131717846	0.0074023256879189	124402	protein-coding	O	UBALD1	current_ncbi_symbol	True	False	True	True	False	False	3	False	True	False	strict state-shared core; NCBI protein-coding; feature present on all five external platforms and GSE117606 FFPE
CEP57	down	-0.384493364702587	-4.26145604761818	0.000161010545472	0.0427156248886618	9702	protein-coding	O	CEP57	current_ncbi_symbol	True	True	True	True	True	False	5	False	True	False	strict state-shared core; NCBI protein-coding; feature present on all five external platforms and GSE117606 FFPE
VAMP2	down	-0.305520947323377	-4.25596885691228	0.0001645351579261	0.0089869107012876	6844	protein-coding	O	VAMP2	current_ncbi_symbol	True	True	True	True	True	False	5	False	True	False	strict state-shared core; NCBI protein-coding; feature present on all five external platforms and GSE117606 FFPE
NFATC3	up	0.39118746299955	4.25403072876916	0.0001658071219524	0.0059531159289541	4775	protein-coding	O	NFATC3	current_ncbi_symbol	True	True	True	True	True	False	5	False	True	False	strict state-shared core; NCBI protein-coding; feature present on all five external platforms and GSE117606 FFPE
MYPOP	up	0.515058424293279	4.24883354797749	0.000169537619197	0.0264208588123153	339344	protein-coding	O	MYPOP	current_ncbi_symbol	True	False	True	True	True	False	4	False	True	False	strict state-shared core; NCBI protein-coding; feature present on all five external platforms and GSE117606 FFPE
ABHD5	down	-0.520344995016802	-4.24791291970942	0.0001700653696156	0.0062009550047207	51099	protein-coding	O	ABHD5	current_ncbi_symbol	True	True	True	True	True	False	5	False	True	False	strict state-shared core; NCBI protein-coding; feature present on all five external platforms and GSE117606 FFPE
SPPL2B	up	0.378668559010067	4.24770744492219	0.0001700653696156	0.0136617274275332	56928	protein-coding	O	SPPL2B	current_ncbi_symbol	True	True	True	True	True	False	5	False	True	False	strict state-shared core; NCBI protein-coding; feature present on all five external platforms and GSE117606 FFPE
GARNL3	up	0.383068032045387	4.24718410226564	0.0001702454183922	0.0065269312809974	84253	protein-coding	O	GARNL3	current_ncbi_symbol	True	True	True	True	True	False	5	False	True	False	strict state-shared core; NCBI protein-coding; feature present on all five external platforms and GSE117606 FFPE
SHLD2	up	0.275469226140969	4.24688688840052	0.0001702454183922	0.0117270260274627	54537	protein-coding	O	SHLD2	current_ncbi_symbol	False	False	False	False	False	False	0	False	True	False	strict state-shared core; NCBI protein-coding; feature present on all five external platforms and GSE117606 FFPE
CHEK2	up	0.333534280533821	4.24682718675847	0.0001702454183922	0.0372643216097814	11200	protein-coding	O	CHEK2	current_ncbi_symbol	False	True	True	True	True	False	4	False	True	False	strict state-shared core; NCBI protein-coding; feature present on all five external platforms and GSE117606 FFPE
PRKCH	up	0.433051524774583	4.24595612810067	0.0001706575697792	0.0017649180114224	5583	protein-coding	O	PRKCH	current_ncbi_symbol	True	True	True	True	True	False	5	False	True	False	strict state-shared core; NCBI protein-coding; feature present on all five external platforms and GSE117606 FFPE
MGAT4B	down	-0.390579498142798	-4.24585735377172	0.0001706575697792	0.0028179443105912	11282	protein-coding	O	MGAT4B	current_ncbi_symbol	True	True	True	True	True	False	5	False	True	False	strict state-shared core; NCBI protein-coding; feature present on all five external platforms and GSE117606 FFPE
SEMA4B	up	0.366950289002701	4.23953752320652	0.0001751994075989	0.0249397374441282	10509	protein-coding	O	SEMA4B	current_ncbi_symbol	True	True	True	True	True	False	5	False	True	False	strict state-shared core; NCBI protein-coding; feature present on all five external platforms and GSE117606 FFPE
UBAP2	up	0.252323286037002	4.23764089759592	0.0001763499493777	0.0093306766287757	55833	protein-coding	O	UBAP2	current_ncbi_symbol	True	True	True	True	True	False	5	False	True	False	strict state-shared core; NCBI protein-coding; feature present on all five external platforms and GSE117606 FFPE
SUCLG2	down	-0.407784529775056	-4.23617857445646	0.0001773333559499	0.0131679933371882	8801	protein-coding	O	SUCLG2	current_ncbi_symbol	True	True	True	True	True	False	5	False	True	False	strict state-shared core; NCBI protein-coding; feature present on all five external platforms and GSE117606 FFPE
MAP4	up	0.249718106993759	4.23508409202953	0.0001780303858179	0.0130670784740469	4134	protein-coding	O	MAP4	current_ncbi_symbol	True	True	True	True	True	False	5	False	True	False	strict state-shared core; NCBI protein-coding; feature present on all five external platforms and GSE117606 FFPE
PCMT1	down	-0.344652120935281	-4.2345415010794	0.0001782917614397	0.0032976120774627	5110	protein-coding	O	PCMT1	current_ncbi_symbol	True	True	True	True	True	False	5	False	True	False	strict state-shared core; NCBI protein-coding; feature present on all five external platforms and GSE117606 FFPE
NSA2	down	-0.372371454376943	-4.23428475955991	0.0001783266855748	0.0044332239675685	10412	protein-coding	O	NSA2	current_ncbi_symbol	False	False	True	True	True	False	3	False	True	False	strict state-shared core; NCBI protein-coding; feature present on all five external platforms and GSE117606 FFPE
CA12	down	-0.248375063282067	-4.23401809823242	0.0001783696371073	0.0105582343594434	771	protein-coding	O	CA12	current_ncbi_symbol	True	True	True	True	True	False	5	False	True	False	strict state-shared core; NCBI protein-coding; feature present on all five external platforms and GSE117606 FFPE
LMF1	up	0.432004434804441	4.23188465513865	0.0001799003622222	0.0062301183135016	64788	protein-coding	O	LMF1	current_ncbi_symbol	True	True	True	True	True	False	5	False	True	False	strict state-shared core; NCBI protein-coding; feature present on all five external platforms and GSE117606 FFPE
SPAG16	down	-0.472830018882329	-4.2310258943216	0.0001804182886933	0.0236689217333632	79582	protein-coding	O	SPAG16	current_ncbi_symbol	True	True	True	True	True	False	5	False	True	False	strict state-shared core; NCBI protein-coding; feature present on all five external platforms and GSE117606 FFPE
ZNF282	up	0.376296231490346	4.22655976225758	0.0001838615966706	0.0050918920732419	8427	protein-coding	O	ZNF282	current_ncbi_symbol	True	False	True	True	True	False	4	False	True	False	strict state-shared core; NCBI protein-coding; feature present on all five external platforms and GSE117606 FFPE
FAM168A	up	0.323435058392438	4.22490984228513	0.0001850394260132	0.0063054025543187	23201	protein-coding	O	FAM168A	current_ncbi_symbol	True	True	True	True	True	False	5	False	True	False	strict state-shared core; NCBI protein-coding; feature present on all five external platforms and GSE117606 FFPE
POC1B	up	0.342446509097253	4.22463290677651	0.000185092818729	0.0055249293751215	282809	protein-coding	O	POC1B	current_ncbi_symbol	True	False	True	True	True	False	4	False	True	False	strict state-shared core; NCBI protein-coding; feature present on all five external platforms and GSE117606 FFPE
ATXN2L	up	0.437399667936284	4.22435902520114	0.0001851438666851	0.0088554707528346	11273	protein-coding	O	ATXN2L	current_ncbi_symbol	True	True	True	True	True	False	5	False	True	False	strict state-shared core; NCBI protein-coding; feature present on all five external platforms and GSE117606 FFPE
SMU1	down	-0.346587566218854	-4.22217299916695	0.0001864235262515	0.0218780540329893	55234	protein-coding	O	SMU1	current_ncbi_symbol	True	True	True	True	True	False	5	False	True	False	strict state-shared core; NCBI protein-coding; feature present on all five external platforms and GSE117606 FFPE
ANKS3	up	0.433982080200355	4.22018314369428	0.000187724826761	0.0036778912676746	124401	protein-coding	O	ANKS3	current_ncbi_symbol	True	True	True	True	True	False	5	False	True	False	strict state-shared core; NCBI protein-coding; feature present on all five external platforms and GSE117606 FFPE
ENSG00000276256	down	-0.574530018801664	-4.21992192042103	0.0001877668290947	0.0028261336029947						False	False	False	False	False	False	0	False	False	False	strict state-shared core; NCBI protein-coding; feature present on all five external platforms and GSE117606 FFPE
ZMIZ2	up	0.404219386481184	4.21936958289064	0.0001880516437636	0.0342195825525492	83637	protein-coding	O	ZMIZ2	current_ncbi_symbol	True	True	True	True	True	False	5	False	True	False	strict state-shared core; NCBI protein-coding; feature present on all five external platforms and GSE117606 FFPE
SLC36A1	down	-0.398789435389548	-4.21895277295004	0.000188223838884	0.0333109507072962	206358	protein-coding	O	SLC36A1	current_ncbi_symbol	True	True	True	True	True	False	5	False	True	False	strict state-shared core; NCBI protein-coding; feature present on all five external platforms and GSE117606 FFPE
FAM118A	up	0.588479444906218	4.21688291411447	0.0001897633426469	0.0026386695306305	55007	protein-coding	O	SIRAL2	unique_ncbi_synonym	True	True	True	True	True	False	5	False	True	False	strict state-shared core; NCBI protein-coding; feature present on all five external platforms and GSE117606 FFPE
ACOT2	down	-0.360708704754175	-4.21655111877431	0.0001897633426469	0.0064137421410611	10965	protein-coding	O	ACOT2	current_ncbi_symbol	False	True	True	True	True	False	4	False	True	False	strict state-shared core; NCBI protein-coding; feature present on all five external platforms and GSE117606 FFPE
GLOD4	down	-0.450713542916761	-4.21421545758361	0.0001913148747912	0.0062384383072089	51031	protein-coding	O	GLOD4	current_ncbi_symbol	True	True	True	True	True	False	5	False	True	False	strict state-shared core; NCBI protein-coding; feature present on all five external platforms and GSE117606 FFPE
COMMD2	down	-0.357689899751266	-4.21401860786013	0.0001913148747912	0.003010753568199	51122	protein-coding	O	COMMD2	current_ncbi_symbol	True	True	True	True	True	False	5	False	True	False	strict state-shared core; NCBI protein-coding; feature present on all five external platforms and GSE117606 FFPE
RANBP17	up	0.392826387297751	4.21184189232528	0.00019298916857	0.0118274140467216	64901	protein-coding	O	RANBP17	current_ncbi_symbol	True	True	True	True	True	False	5	False	True	False	strict state-shared core; NCBI protein-coding; feature present on all five external platforms and GSE117606 FFPE
FGD5-AS1	down	-0.520760095967836	-4.21122477480575	0.0001933380271768	0.0046567443879896	100505641	ncRNA	O	FGD5-AS1	current_ncbi_symbol	True	False	True	True	True	False	4	False	False	False	strict state-shared core; NCBI protein-coding; feature present on all five external platforms and GSE117606 FFPE
YIPF2	up	0.444900337621195	4.21062326713381	0.0001936742282756	0.0068482312488698	78992	protein-coding	O	YIPF2	current_ncbi_symbol	True	True	True	True	True	False	5	False	True	False	strict state-shared core; NCBI protein-coding; feature present on all five external platforms and GSE117606 FFPE
MAP2K5	up	0.295826248951882	4.20996762330988	0.0001940576066696	0.0214478399209086	5607	protein-coding	O	MAP2K5	current_ncbi_symbol	True	True	True	True	True	False	5	False	True	False	strict state-shared core; NCBI protein-coding; feature present on all five external platforms and GSE117606 FFPE
CISD2	down	-0.44902297212186	-4.20486891398761	0.0001983010848487	0.0067697550956482	493856	protein-coding	O	CISD2	current_ncbi_symbol	True	True	True	True	True	False	5	False	True	False	strict state-shared core; NCBI protein-coding; feature present on all five external platforms and GSE117606 FFPE
SELENOT	down	-0.607216170672349	-4.20456889774145	0.0001983811108211	0.0033539555063432	51714	protein-coding	O	SELENOT	current_ncbi_symbol	True	False	False	False	False	False	1	False	True	False	strict state-shared core; NCBI protein-coding; feature present on all five external platforms and GSE117606 FFPE
BMPR2	up	0.357963811617246	4.20400889903668	0.0001986895381591	0.0309811363337247	659	protein-coding	O	BMPR2	current_ncbi_symbol	True	True	True	True	True	False	5	False	True	False	strict state-shared core; NCBI protein-coding; feature present on all five external platforms and GSE117606 FFPE
HEPACAM2	down	-0.655510229847858	-4.20051666777407	0.0002012596857955	0.0118879012212473	253012	protein-coding	O	HEPACAM2	current_ncbi_symbol	True	True	True	True	True	False	5	False	True	False	strict state-shared core; NCBI protein-coding; feature present on all five external platforms and GSE117606 FFPE
CYB5B	down	-0.252942701492392	-4.20047539667271	0.0002012596857955	0.0075648565368398	80777	protein-coding	O	CYB5B	current_ncbi_symbol	True	True	True	True	True	False	5	False	True	False	strict state-shared core; NCBI protein-coding; feature present on all five external platforms and GSE117606 FFPE
PRKRIP1	up	0.391222264852676	4.20015245711271	0.0002013618916763	0.0028505976976835	79706	protein-coding	O	PRKRIP1	current_ncbi_symbol	False	True	True	True	True	False	4	False	True	False	strict state-shared core; NCBI protein-coding; feature present on all five external platforms and GSE117606 FFPE
EFNA5	down	-0.446619337083501	-4.19785502283052	0.0002032284247591	0.010674233188982	1946	protein-coding	O	EFNA5	current_ncbi_symbol	True	True	True	True	True	False	5	False	True	False	strict state-shared core; NCBI protein-coding; feature present on all five external platforms and GSE117606 FFPE
BRD3	up	0.285250705416395	4.19751136103102	0.0002033504086439	0.0027216058512243	8019	protein-coding	O	BRD3	current_ncbi_symbol	True	True	True	True	True	False	5	False	True	False	strict state-shared core; NCBI protein-coding; feature present on all five external platforms and GSE117606 FFPE
TMEM164	down	-0.25340794908997	-4.19667307882505	0.0002039172983222	0.0115729731385182	84187	protein-coding	O	TMEM164	current_ncbi_symbol	False	True	True	True	True	False	4	False	True	False	strict state-shared core; NCBI protein-coding; feature present on all five external platforms and GSE117606 FFPE
PPP2CA	down	-0.702286430703485	-4.19492348383923	0.0002051220039724	0.0134579133881902	5515	protein-coding	O	PPP2CA	current_ncbi_symbol	True	True	True	True	True	False	5	False	True	False	strict state-shared core; NCBI protein-coding; feature present on all five external platforms and GSE117606 FFPE
BRAT1	up	0.46706991628161	4.1923929934614	0.0002071860406583	0.0036746919865168	221927	protein-coding	O	BRAT1	current_ncbi_symbol	True	False	True	True	True	False	4	False	True	False	strict state-shared core; NCBI protein-coding; feature present on all five external platforms and GSE117606 FFPE
PAQR5	down	-0.41165627985867	-4.19223926670081	0.0002071860406583	0.00304723737026	54852	protein-coding	O	PAQR5	current_ncbi_symbol	True	True	True	True	True	False	5	False	True	False	strict state-shared core; NCBI protein-coding; feature present on all five external platforms and GSE117606 FFPE
NDUFB1	down	-0.345996318245882	-4.19137145461746	0.000207790660886	0.0047988385160907	4707	protein-coding	O	NDUFB1	current_ncbi_symbol	True	True	True	True	True	False	5	False	True	False	strict state-shared core; NCBI protein-coding; feature present on all five external platforms and GSE117606 FFPE
ZNF710	up	0.369945037873847	4.19066721277019	0.0002082468780392	0.0323400461544394	374655	protein-coding	O	ZNF710	current_ncbi_symbol	True	True	True	True	True	False	5	False	True	False	strict state-shared core; NCBI protein-coding; feature present on all five external platforms and GSE117606 FFPE
ITPA	up	0.316356033992586	4.18960357706167	0.0002090245961963	0.0195709269623432	3704	protein-coding	O	ITPA	current_ncbi_symbol	True	True	True	True	True	False	5	False	True	False	strict state-shared core; NCBI protein-coding; feature present on all five external platforms and GSE117606 FFPE
C2CD2	up	0.376595456171923	4.18940844999797	0.0002090245961963	0.0028165143363563	25966	protein-coding	O	C2CD2	current_ncbi_symbol	True	True	True	True	True	False	5	False	True	False	strict state-shared core; NCBI protein-coding; feature present on all five external platforms and GSE117606 FFPE
RNF216	up	0.312243850357866	4.18806070615767	0.0002100784845487	0.0082212622170813	54476	protein-coding	O	RNF216	current_ncbi_symbol	True	True	True	True	True	False	5	False	True	False	strict state-shared core; NCBI protein-coding; feature present on all five external platforms and GSE117606 FFPE
CBFB	up	0.28081580429994	4.18740930959123	0.0002101441107462	0.0049672562285609	865	protein-coding	O	CBFB	current_ncbi_symbol	True	True	True	True	True	False	5	False	True	False	strict state-shared core; NCBI protein-coding; feature present on all five external platforms and GSE117606 FFPE
SMIM19	down	-0.312145157943249	-4.17712118082443	0.0002194410592789	0.0286355815048668	114926	protein-coding	O	SMIM19	current_ncbi_symbol	True	False	True	True	False	False	3	False	True	False	strict state-shared core; NCBI protein-coding; feature present on all five external platforms and GSE117606 FFPE
UBE2H	up	0.21815365170535	4.17662250985993	0.0002197238059354	0.0039878362554349	7328	protein-coding	O	UBE2H	current_ncbi_symbol	True	True	True	True	True	False	5	False	True	False	strict state-shared core; NCBI protein-coding; feature present on all five external platforms and GSE117606 FFPE
CHD7	up	0.291417831925918	4.17431386556474	0.0002217633054663	0.0082514968371237	55636	protein-coding	O	CHD7	current_ncbi_symbol	True	True	True	True	True	False	5	False	True	False	strict state-shared core; NCBI protein-coding; feature present on all five external platforms and GSE117606 FFPE
RBM22	down	-0.563559813824219	-4.17188306706406	0.0002239408290435	0.0056745177178942	55696	protein-coding	O	RBM22	current_ncbi_symbol	True	True	True	True	True	False	5	False	True	False	strict state-shared core; NCBI protein-coding; feature present on all five external platforms and GSE117606 FFPE
CORO7	up	0.498491953860466	4.16862353606613	0.000226962297916	0.0070351716334983	79585	protein-coding	O	CORO7	current_ncbi_symbol	True	True	True	True	True	False	5	False	True	False	strict state-shared core; NCBI protein-coding; feature present on all five external platforms and GSE117606 FFPE
POMP	down	-0.410305020539197	-4.16782604203277	0.0002275525973306	0.006644839067146	51371	protein-coding	O	POMP	current_ncbi_symbol	True	True	True	True	True	False	5	False	True	False	strict state-shared core; NCBI protein-coding; feature present on all five external platforms and GSE117606 FFPE
GCN1	up	0.227434474154102	4.16715510197582	0.00022781872351	0.0063361166997867	10985	protein-coding	O	GCN1	current_ncbi_symbol	True	False	True	True	False	False	3	False	True	False	strict state-shared core; NCBI protein-coding; feature present on all five external platforms and GSE117606 FFPE
DYM	up	0.21740257112395	4.16702589509532	0.00022781872351	0.0448334316601752	54808	protein-coding	O	DYM	current_ncbi_symbol	True	True	True	True	True	False	5	False	True	False	strict state-shared core; NCBI protein-coding; feature present on all five external platforms and GSE117606 FFPE
ARL1	down	-0.501387906027517	-4.16694460768103	0.00022781872351	0.0232844097807846	400	protein-coding	O	ARL1	current_ncbi_symbol	True	True	True	True	True	False	5	False	True	False	strict state-shared core; NCBI protein-coding; feature present on all five external platforms and GSE117606 FFPE
LAMTOR5	down	-0.411089388190258	-4.16287266423608	0.0002315056014796	0.0017750626634897	10542	protein-coding	O	LAMTOR5	current_ncbi_symbol	True	False	True	True	True	False	4	False	True	False	strict state-shared core; NCBI protein-coding; feature present on all five external platforms and GSE117606 FFPE
C18orf32	down	-0.501052428751224	-4.16184667111226	0.0002322095557047	0.0063531233821069	497661	protein-coding	O	C18orf32	current_ncbi_symbol	False	True	True	True	True	False	4	False	True	False	strict state-shared core; NCBI protein-coding; feature present on all five external platforms and GSE117606 FFPE
FKBP4	down	-0.368810506158207	-4.16177083280447	0.0002322095557047	0.0038526877862328	2288	protein-coding	O	FKBP4	current_ncbi_symbol	True	True	True	True	True	False	5	False	True	False	strict state-shared core; NCBI protein-coding; feature present on all five external platforms and GSE117606 FFPE
MMUT	down	-0.455835990212499	-4.15714741763988	0.0002365958213148	0.0042579728592453	4594	protein-coding	O	MMUT	current_ncbi_symbol	True	False	False	False	False	False	1	False	True	False	strict state-shared core; NCBI protein-coding; feature present on all five external platforms and GSE117606 FFPE
PAPOLA	down	-0.332035356756029	-4.15708804621242	0.0002365958213148	0.0110849223800421	10914	protein-coding	O	PAPOLA	current_ncbi_symbol	True	True	True	True	True	False	5	False	True	False	strict state-shared core; NCBI protein-coding; feature present on all five external platforms and GSE117606 FFPE
LPAR1	down	-0.278743652051027	-4.15508806230886	0.0002384620085504	0.001130375938414	1902	protein-coding	O	LPAR1	current_ncbi_symbol	True	True	True	True	True	False	5	False	True	False	strict state-shared core; NCBI protein-coding; feature present on all five external platforms and GSE117606 FFPE
PEX11B	down	-0.438496092086546	-4.15396784596977	0.0002394194880177	0.0318214389564434	8799	protein-coding	O	PEX11B	current_ncbi_symbol	True	True	True	True	True	False	5	False	True	False	strict state-shared core; NCBI protein-coding; feature present on all five external platforms and GSE117606 FFPE
ZNF706	down	-0.335802070553037	-4.15296281677675	0.0002400459472111	0.002982384398352	51123	protein-coding	O	ZNF706	current_ncbi_symbol	True	True	True	True	True	False	5	False	True	False	strict state-shared core; NCBI protein-coding; feature present on all five external platforms and GSE117606 FFPE
TMED4	down	-0.267812689015381	-4.15245275390791	0.0002403679204659	0.0018879958048888	222068	protein-coding	O	TMED4	current_ncbi_symbol	True	True	True	True	True	False	5	False	True	False	strict state-shared core; NCBI protein-coding; feature present on all five external platforms and GSE117606 FFPE
DENND4B	up	0.41859554521126	4.15037927125318	0.000242340484715	0.0037595024496965	9909	protein-coding	O	DENND4B	current_ncbi_symbol	True	False	True	True	True	False	4	False	True	False	strict state-shared core; NCBI protein-coding; feature present on all five external platforms and GSE117606 FFPE
RIDA	down	-0.533903779763159	-4.14950851990504	0.0002428440602093	0.0045760776821692	10247	protein-coding	O	RIDA	current_ncbi_symbol	True	False	True	True	False	False	3	False	True	False	strict state-shared core; NCBI protein-coding; feature present on all five external platforms and GSE117606 FFPE
MIEN1	down	-0.418212219268998	-4.1494979115435	0.0002428440602093	0.005144484203706	84299	protein-coding	O	MIEN1	current_ncbi_symbol	True	False	True	True	True	False	4	False	True	False	strict state-shared core; NCBI protein-coding; feature present on all five external platforms and GSE117606 FFPE
AKAP8L	up	0.354772328469049	4.14888519084762	0.0002432792011125	0.0090782832215785	26993	protein-coding	O	AKAP8L	current_ncbi_symbol	True	True	True	True	True	False	5	False	True	False	strict state-shared core; NCBI protein-coding; feature present on all five external platforms and GSE117606 FFPE
ZNF589	up	0.347524168191089	4.14833017589747	0.0002436538142214	0.0097814120972477	51385	protein-coding	O	ZNF589	current_ncbi_symbol	True	True	True	True	True	False	5	False	True	False	strict state-shared core; NCBI protein-coding; feature present on all five external platforms and GSE117606 FFPE
C22orf39	down	-0.36956925349634	-4.14487066818699	0.0002471231108549	0.0465372917841542	128977	protein-coding	O	C22orf39	current_ncbi_symbol	True	True	True	True	True	False	5	False	True	False	strict state-shared core; NCBI protein-coding; feature present on all five external platforms and GSE117606 FFPE
TCOF1	up	0.466725528398543	4.14468644883433	0.0002471231108549	0.0269501317965691	6949	protein-coding	O	TCOF1	current_ncbi_symbol	True	True	True	True	True	False	5	False	True	False	strict state-shared core; NCBI protein-coding; feature present on all five external platforms and GSE117606 FFPE
COMMD6	down	-0.45558134100781	-4.14226189186734	0.0002495304420803	0.0041181136126176	170622	protein-coding	O	COMMD6	current_ncbi_symbol	True	True	True	True	True	False	5	False	True	False	strict state-shared core; NCBI protein-coding; feature present on all five external platforms and GSE117606 FFPE
GNAI2	up	0.514230224893184	4.14165965138851	0.000249966057451	0.0347414417299647	2771	protein-coding	O	GNAI2	current_ncbi_symbol	True	True	True	True	True	False	5	False	True	False	strict state-shared core; NCBI protein-coding; feature present on all five external platforms and GSE117606 FFPE
MRFAP1	down	-0.419321860499251	-4.14106894851729	0.0002503899445366	0.0038091760736912	93621	protein-coding	O	MRFAP1	current_ncbi_symbol	True	True	True	True	True	False	5	False	True	False	strict state-shared core; NCBI protein-coding; feature present on all five external platforms and GSE117606 FFPE
USP36	up	0.370992048378541	4.13676192949615	0.0002545323980515	0.0032198814480409	57602	protein-coding	O	USP36	current_ncbi_symbol	True	False	True	True	True	False	4	False	True	False	strict state-shared core; NCBI protein-coding; feature present on all five external platforms and GSE117606 FFPE
NDUFA8	down	-0.328419989851303	-4.1366982371284	0.0002545323980515	0.0041441088825947	4702	protein-coding	O	NDUFA8	current_ncbi_symbol	True	True	True	True	True	False	5	False	True	False	strict state-shared core; NCBI protein-coding; feature present on all five external platforms and GSE117606 FFPE
KGD4	down	-0.255891283057517	-4.13439250630895	0.0002568754164061	0.0014740160356701	92259	protein-coding	O	KGD4	current_ncbi_symbol	True	False	False	False	False	False	1	False	True	False	strict state-shared core; NCBI protein-coding; feature present on all five external platforms and GSE117606 FFPE
CNIH1	down	-0.47557841529336	-4.13325391576714	0.0002577196204582	0.0120067096061975	10175	protein-coding	O	CNIH1	current_ncbi_symbol	True	False	True	True	False	False	3	False	True	False	strict state-shared core; NCBI protein-coding; feature present on all five external platforms and GSE117606 FFPE
C16orf96	down	-0.509024042734584	-4.13323582179133	0.0002577196204582	0.0204128744454751	342346	protein-coding	O	C16orf96	current_ncbi_symbol	False	False	False	False	True	False	1	False	True	False	strict state-shared core; NCBI protein-coding; feature present on all five external platforms and GSE117606 FFPE
ENDOD1	down	-0.42950249452833	-4.1315921165345	0.0002593425063752	0.0473592347748347	23052	protein-coding	O	ENDOD1	current_ncbi_symbol	True	False	True	True	True	False	4	False	True	False	strict state-shared core; NCBI protein-coding; feature present on all five external platforms and GSE117606 FFPE
SPMIP4	down	-0.451713675033154	-4.13100546964203	0.0002597778366895	0.0075835659577012	136895	protein-coding	O	SPMIP4	current_ncbi_symbol	True	False	False	False	False	False	1	False	True	False	strict state-shared core; NCBI protein-coding; feature present on all five external platforms and GSE117606 FFPE
DAD1	down	-0.49038491788526	-4.12930068743885	0.0002614826156517	0.008638472394767	1603	protein-coding	O	DAD1	current_ncbi_symbol	True	True	True	True	True	False	5	False	True	False	strict state-shared core; NCBI protein-coding; feature present on all five external platforms and GSE117606 FFPE
FPGS	up	0.3776570114203	4.12880579819051	0.0002617314255628	0.0070762535286677	2356	protein-coding	O	FPGS	current_ncbi_symbol	True	True	True	True	True	False	5	False	True	False	strict state-shared core; NCBI protein-coding; feature present on all five external platforms and GSE117606 FFPE
NCOA4	down	-0.420911318367187	-4.12868031948152	0.0002617314255628	0.0126027650159117	8031	protein-coding	O	NCOA4	current_ncbi_symbol	True	True	True	True	True	False	5	False	True	False	strict state-shared core; NCBI protein-coding; feature present on all five external platforms and GSE117606 FFPE
DCTN2	down	-0.278369938442107	-4.12092381501511	0.0002699952449563	0.0036187344961666	10540	protein-coding	O	DCTN2	current_ncbi_symbol	True	True	True	True	True	False	5	False	True	False	strict state-shared core; NCBI protein-coding; feature present on all five external platforms and GSE117606 FFPE
IL15RA	up	0.349205208878489	4.11985109081324	0.0002709915364526	0.0137840942914065	3601	protein-coding	O	IL15RA	current_ncbi_symbol	True	True	True	True	True	False	5	False	True	False	strict state-shared core; NCBI protein-coding; feature present on all five external platforms and GSE117606 FFPE
PRR13	down	-0.492469632209657	-4.11967454069634	0.0002709915364526	0.0169040993446123	54458	protein-coding	O	PRR13	current_ncbi_symbol	False	True	True	True	True	False	4	False	True	False	strict state-shared core; NCBI protein-coding; feature present on all five external platforms and GSE117606 FFPE
MAD1L1	up	0.330807886040444	4.11698780191176	0.0002736932616064	0.0018832850837998	8379	protein-coding	O	MAD1L1	current_ncbi_symbol	True	True	True	True	True	False	5	False	True	False	strict state-shared core; NCBI protein-coding; feature present on all five external platforms and GSE117606 FFPE
SORD	up	0.490398388831721	4.11521706514956	0.0002755639451735	0.014545841455559	6652	protein-coding	O	SORD	current_ncbi_symbol	False	True	True	True	True	False	4	False	True	False	strict state-shared core; NCBI protein-coding; feature present on all five external platforms and GSE117606 FFPE
SMARCC1	up	0.251984156113702	4.11279824983581	0.0002779864124991	0.0090360945874169	6599	protein-coding	O	SMARCC1	current_ncbi_symbol	True	True	True	True	True	False	5	False	True	False	strict state-shared core; NCBI protein-coding; feature present on all five external platforms and GSE117606 FFPE
DEAF1	up	0.415714669591004	4.11081170781585	0.0002801468307293	0.0067229349454768	10522	protein-coding	O	DEAF1	current_ncbi_symbol	True	True	True	True	True	False	5	False	True	False	strict state-shared core; NCBI protein-coding; feature present on all five external platforms and GSE117606 FFPE
DEDD	down	-0.32485950292667	-4.11045640163896	0.0002803359840771	0.0101918964396229	9191	protein-coding	O	DEDD	current_ncbi_symbol	True	True	True	True	True	False	5	False	True	False	strict state-shared core; NCBI protein-coding; feature present on all five external platforms and GSE117606 FFPE
HLA-C	down	-0.402428092012075	-4.10866765630032	0.0002822720145325	0.0055264181396015	3107	protein-coding	O	HLA-C	current_ncbi_symbol	True	True	True	True	True	False	5	False	True	False	strict state-shared core; NCBI protein-coding; feature present on all five external platforms and GSE117606 FFPE
CBR1	down	-0.474701676294277	-4.10783327656579	0.0002829663546825	0.0422845729632968	873	protein-coding	O	CBR1	current_ncbi_symbol	True	True	True	True	True	False	5	False	True	False	strict state-shared core; NCBI protein-coding; feature present on all five external platforms and GSE117606 FFPE
TRIM16	up	0.312143121863716	4.10770182264022	0.0002829663546825	0.0051884016909707	10626	protein-coding	O	TRIM16	current_ncbi_symbol	False	True	False	False	True	False	2	False	True	False	strict state-shared core; NCBI protein-coding; feature present on all five external platforms and GSE117606 FFPE
AHCYL2	down	-0.312771361722187	-4.10741448851794	0.0002830746658453	0.012074552051287	23382	protein-coding	O	AHCYL2	current_ncbi_symbol	True	True	True	True	True	False	5	False	True	False	strict state-shared core; NCBI protein-coding; feature present on all five external platforms and GSE117606 FFPE
STXBP6	up	0.403358069320527	4.10624804958488	0.0002842625577308	0.003856447911211	29091	protein-coding	O	STXBP6	current_ncbi_symbol	True	True	True	True	True	False	5	False	True	False	strict state-shared core; NCBI protein-coding; feature present on all five external platforms and GSE117606 FFPE
CHRAC1	down	-0.426309581019494	-4.10240090552802	0.0002887838082764	0.0024955638442002	54108	protein-coding	O	CHRAC1	current_ncbi_symbol	True	True	True	True	True	False	5	False	True	False	strict state-shared core; NCBI protein-coding; feature present on all five external platforms and GSE117606 FFPE
ARL3	up	0.378491890297615	4.09664066805369	0.0002954888797719	0.029062646972613	403	protein-coding	O	ARL3	current_ncbi_symbol	True	True	True	True	True	False	5	False	True	False	strict state-shared core; NCBI protein-coding; feature present on all five external platforms and GSE117606 FFPE
COX7B	down	-0.576882394383588	-4.09649259099927	0.0002954888797719	0.0491363217693023	1349	protein-coding	O	COX7B	current_ncbi_symbol	True	True	True	True	True	False	5	False	True	False	strict state-shared core; NCBI protein-coding; feature present on all five external platforms and GSE117606 FFPE
ZMYM2	up	0.327064929883487	4.09617686790831	0.0002956386158824	0.0067794159077917	7750	protein-coding	O	ZMYM2	current_ncbi_symbol	True	False	True	True	True	False	4	False	True	False	strict state-shared core; NCBI protein-coding; feature present on all five external platforms and GSE117606 FFPE
CASP7	down	-0.474154219530638	-4.09166177445505	0.0003011973331201	0.0081478343177601	840	protein-coding	O	CASP7	current_ncbi_symbol	True	True	True	True	True	False	5	False	True	False	strict state-shared core; NCBI protein-coding; feature present on all five external platforms and GSE117606 FFPE
CCDC50	down	-0.432209517656153	-4.08884552096756	0.0003046164583971	0.0064687607963824	152137	protein-coding	O	CCDC50	current_ncbi_symbol	True	True	True	True	True	False	5	False	True	False	strict state-shared core; NCBI protein-coding; feature present on all five external platforms and GSE117606 FFPE
NUPR2P1	up	0.311052445604878	4.08804170118163	0.0003054125826648	0.0017155968333062	129810496	pseudo	O	NUPR2P1	current_ncbi_symbol	False	False	False	False	False	False	0	False	False	False	strict state-shared core; NCBI protein-coding; feature present on all five external platforms and GSE117606 FFPE
C9orf152	down	-0.499317774421933	-4.08684240002089	0.0003064715529356	0.0321666397867799	401546	protein-coding	O	C9orf152	current_ncbi_symbol	True	True	False	False	True	False	3	False	True	False	strict state-shared core; NCBI protein-coding; feature present on all five external platforms and GSE117606 FFPE
RPN1	down	-0.323700900398866	-4.07982312787828	0.0003153364332384	0.0034260921677977	6184	protein-coding	O	RPN1	current_ncbi_symbol	True	True	True	True	True	False	5	False	True	False	strict state-shared core; NCBI protein-coding; feature present on all five external platforms and GSE117606 FFPE
KDELR2	down	-0.346237455319426	-4.07830195478477	0.0003171364196503	0.0147291640466408	11014	protein-coding	O	KDELR2	current_ncbi_symbol	True	True	True	True	True	False	5	False	True	False	strict state-shared core; NCBI protein-coding; feature present on all five external platforms and GSE117606 FFPE
ARSB	up	0.500529177661714	4.07722348729521	0.0003183397587406	0.004493207249222	411	protein-coding	O	ARSB	current_ncbi_symbol	True	True	True	True	True	False	5	False	True	False	strict state-shared core; NCBI protein-coding; feature present on all five external platforms and GSE117606 FFPE
MRTO4	up	0.439541922545038	4.07576026472076	0.0003200764133996	0.0419663382488519	51154	protein-coding	O	MRTO4	current_ncbi_symbol	True	True	True	True	True	False	5	False	True	False	strict state-shared core; NCBI protein-coding; feature present on all five external platforms and GSE117606 FFPE
CDKN1B	down	-0.688775819041846	-4.0751612675577	0.0003203862941943	0.0075058297841228	1027	protein-coding	O	CDKN1B	current_ncbi_symbol	True	True	True	True	True	False	5	False	True	False	strict state-shared core; NCBI protein-coding; feature present on all five external platforms and GSE117606 FFPE
DHRS1	down	-0.38293254685015	-4.07506133840393	0.0003203862941943	0.0023199775338019	115817	protein-coding	O	DHRS1	current_ncbi_symbol	True	True	True	True	True	False	5	False	True	False	strict state-shared core; NCBI protein-coding; feature present on all five external platforms and GSE117606 FFPE
SERINC1	down	-0.516262591709624	-4.07318436873168	0.0003225433853332	0.0032312844849223	57515	protein-coding	O	SERINC1	current_ncbi_symbol	True	True	True	True	True	False	5	False	True	False	strict state-shared core; NCBI protein-coding; feature present on all five external platforms and GSE117606 FFPE
BRINP3	down	-0.467564973309096	-4.07247084357553	0.0003232598984057	0.0024652238260951	339479	protein-coding	O	BRINP3	current_ncbi_symbol	True	False	True	True	False	False	3	False	True	False	strict state-shared core; NCBI protein-coding; feature present on all five external platforms and GSE117606 FFPE
TCEAL8	down	-0.644640268773225	-4.06775509851011	0.0003295914908163	0.0105816244101158	90843	protein-coding	O	TCEAL8	current_ncbi_symbol	True	True	True	True	True	False	5	False	True	False	strict state-shared core; NCBI protein-coding; feature present on all five external platforms and GSE117606 FFPE
SLC17A4	down	-0.688539947402607	-4.06547769620422	0.0003322654989699	0.0045426902608419	10050	protein-coding	O	SLC17A4	current_ncbi_symbol	True	True	True	True	True	False	5	False	True	False	strict state-shared core; NCBI protein-coding; feature present on all five external platforms and GSE117606 FFPE
VPS53	up	0.264322325960605	4.06416336718498	0.0003336189491407	0.0234098440327637	55275	protein-coding	O	VPS53	current_ncbi_symbol	True	True	True	True	True	False	5	False	True	False	strict state-shared core; NCBI protein-coding; feature present on all five external platforms and GSE117606 FFPE
SMDT1	down	-0.417181269064391	-4.06413655460172	0.0003336189491407	0.0196951571792328	91689	protein-coding	O	SMDT1	current_ncbi_symbol	True	False	True	True	False	False	3	False	True	False	strict state-shared core; NCBI protein-coding; feature present on all five external platforms and GSE117606 FFPE
HNRNPA3	down	-0.326348589141863	-4.06323370071417	0.0003346308644088	0.0337839415318537	220988	protein-coding	O	HNRNPA3	current_ncbi_symbol	True	True	True	True	True	False	5	False	True	False	strict state-shared core; NCBI protein-coding; feature present on all five external platforms and GSE117606 FFPE
COX19	up	0.341275483091926	4.06230252528516	0.0003356865614347	0.0047855668285308	90639	protein-coding	O	COX19	current_ncbi_symbol	True	True	True	True	True	False	5	False	True	False	strict state-shared core; NCBI protein-coding; feature present on all five external platforms and GSE117606 FFPE
EWSR1	down	-0.255268929402449	-4.06083411114361	0.0003371866046748	0.0110509191363884	2130	protein-coding	O	EWSR1	current_ncbi_symbol	True	True	True	True	True	False	5	False	True	False	strict state-shared core; NCBI protein-coding; feature present on all five external platforms and GSE117606 FFPE
TMBIM6	down	-0.341718168154358	-4.06002324086616	0.0003375921628732	0.0024701357121158	7009	protein-coding	O	TMBIM6	current_ncbi_symbol	True	True	True	True	True	False	5	False	True	False	strict state-shared core; NCBI protein-coding; feature present on all five external platforms and GSE117606 FFPE
KDM2B	up	0.418781537539326	4.0562777605083	0.000342731566861	0.0297032183623874	84678	protein-coding	O	KDM2B	current_ncbi_symbol	True	False	True	True	True	False	4	False	True	False	strict state-shared core; NCBI protein-coding; feature present on all five external platforms and GSE117606 FFPE
DR1	down	-0.469800024003146	-4.05423236153725	0.0003453342627249	0.0084073772884646	1810	protein-coding	O	DR1	current_ncbi_symbol	True	True	True	True	True	False	5	False	True	False	strict state-shared core; NCBI protein-coding; feature present on all five external platforms and GSE117606 FFPE
KCTD10	down	-0.364190546720556	-4.05411890596708	0.0003453342627249	0.0024462757635199	83892	protein-coding	O	KCTD10	current_ncbi_symbol	True	True	True	True	True	False	5	False	True	False	strict state-shared core; NCBI protein-coding; feature present on all five external platforms and GSE117606 FFPE
DNMT3A	up	0.417235243545192	4.04737894651298	0.0003548344790107	0.0336647578953308	1788	protein-coding	O	DNMT3A	current_ncbi_symbol	True	True	True	True	True	False	5	False	True	False	strict state-shared core; NCBI protein-coding; feature present on all five external platforms and GSE117606 FFPE
CDK14	up	0.468067134340753	4.04457320324094	0.0003585130793351	0.0117915603633546	5218	protein-coding	O	CDK14	current_ncbi_symbol	True	False	True	True	True	False	4	False	True	False	strict state-shared core; NCBI protein-coding; feature present on all five external platforms and GSE117606 FFPE
SETDB1	up	0.264026063234705	4.04278323481363	0.0003606618801554	0.002165176829414	9869	protein-coding	O	SETDB1	current_ncbi_symbol	True	True	True	True	True	False	5	False	True	False	strict state-shared core; NCBI protein-coding; feature present on all five external platforms and GSE117606 FFPE
TOB1	down	-0.611199627104392	-4.04239307645924	0.0003609628996899	0.0042657637523761	10140	protein-coding	O	TOB1	current_ncbi_symbol	True	True	True	True	True	False	5	False	True	False	strict state-shared core; NCBI protein-coding; feature present on all five external platforms and GSE117606 FFPE
STAT5A	up	0.423071181326	4.04210808231736	0.0003611023397284	0.0049663429652727	6776	protein-coding	O	STAT5A	current_ncbi_symbol	True	True	True	True	True	False	5	False	True	False	strict state-shared core; NCBI protein-coding; feature present on all five external platforms and GSE117606 FFPE
UQCRH	down	-0.329992712210017	-4.04136672445056	0.0003619459027092	0.0060262199596805	7388	protein-coding	O	UQCRH	current_ncbi_symbol	False	True	True	True	True	False	4	False	True	False	strict state-shared core; NCBI protein-coding; feature present on all five external platforms and GSE117606 FFPE
HMGB3	down	-0.491714436389738	-4.04080539387544	0.0003625130815112	0.0069691811089405	3149	protein-coding	O	HMGB3	current_ncbi_symbol	True	True	True	True	True	False	5	False	True	False	strict state-shared core; NCBI protein-coding; feature present on all five external platforms and GSE117606 FFPE
SDCBP	down	-0.613391186543057	-4.03981497443112	0.0003637461691276	0.0083349704836709	6386	protein-coding	O	SDCBP	current_ncbi_symbol	True	True	True	True	True	False	5	False	True	False	strict state-shared core; NCBI protein-coding; feature present on all five external platforms and GSE117606 FFPE
STEAP2	down	-0.635298821519918	-4.03787001772936	0.0003663332374066	0.0151531149738258	261729	protein-coding	O	STEAP2	current_ncbi_symbol	True	True	True	True	True	False	5	False	True	False	strict state-shared core; NCBI protein-coding; feature present on all five external platforms and GSE117606 FFPE
EIF4G2	down	-0.545645011343482	-4.03776458022858	0.0003663332374066	0.0119922880688836	1982	protein-coding	O	EIF4G2	current_ncbi_symbol	True	True	True	True	True	False	5	False	True	False	strict state-shared core; NCBI protein-coding; feature present on all five external platforms and GSE117606 FFPE
DMWD	up	0.387644794109383	4.03614383459915	0.000368543866369	0.0191769333420425	1762	protein-coding	O	DMWD	current_ncbi_symbol	True	True	True	True	True	False	5	False	True	False	strict state-shared core; NCBI protein-coding; feature present on all five external platforms and GSE117606 FFPE
GNG12	down	-0.362437197640446	-4.0344972781064	0.0003705498893434	0.0125259916447623	55970	protein-coding	O	GNG12	current_ncbi_symbol	True	True	True	True	True	False	5	False	True	False	strict state-shared core; NCBI protein-coding; feature present on all five external platforms and GSE117606 FFPE
PFDN6	down	-0.434903603948678	-4.03334644314083	0.0003720636382652	0.0116438014467548	10471	protein-coding	O	PFDN6	current_ncbi_symbol	True	True	True	True	True	False	5	False	True	False	strict state-shared core; NCBI protein-coding; feature present on all five external platforms and GSE117606 FFPE
DNPH1	down	-0.42738750336146	-4.03107156354125	0.000375374736281	0.013824252352424	10591	protein-coding	O	DNPH1	current_ncbi_symbol	True	False	True	True	False	False	3	False	True	False	strict state-shared core; NCBI protein-coding; feature present on all five external platforms and GSE117606 FFPE
PPP1CB	down	-0.418597039923879	-4.03056810462402	0.0003758706279036	0.0076739550497279	5500	protein-coding	O	PPP1CB	current_ncbi_symbol	True	True	True	True	True	False	5	False	True	False	strict state-shared core; NCBI protein-coding; feature present on all five external platforms and GSE117606 FFPE
IL18	up	0.333211776368796	4.02974530883973	0.0003768789797499	0.0331502961109426	3606	protein-coding	O	IL18	current_ncbi_symbol	True	True	True	True	True	False	5	False	True	False	strict state-shared core; NCBI protein-coding; feature present on all five external platforms and GSE117606 FFPE
BRPF3	down	-0.376421370761867	-4.02792379480678	0.0003794984579348	0.0126454114414843	27154	protein-coding	O	BRPF3	current_ncbi_symbol	True	True	True	True	True	False	5	False	True	False	strict state-shared core; NCBI protein-coding; feature present on all five external platforms and GSE117606 FFPE
ENSG00000270149	up	0.421036565968614	4.02638382269285	0.0003816781510133	0.0034671164898777						False	False	False	False	False	False	0	False	False	False	strict state-shared core; NCBI protein-coding; feature present on all five external platforms and GSE117606 FFPE
C1orf159	up	0.411916078019931	4.025498698168	0.0003828029874923	0.0036606473435122	54991	protein-coding	O	C1orf159	current_ncbi_symbol	True	True	True	True	True	False	5	False	True	False	strict state-shared core; NCBI protein-coding; feature present on all five external platforms and GSE117606 FFPE
MRPS30	down	-0.472624659307932	-4.02297697176874	0.0003862936799426	0.0473228679742531	10884	protein-coding	O	MRPS30	current_ncbi_symbol	True	True	True	True	True	False	5	False	True	False	strict state-shared core; NCBI protein-coding; feature present on all five external platforms and GSE117606 FFPE
PGGT1B	down	-0.482995395802848	-4.01875862363764	0.000392952837849	0.0078857635142556	5229	protein-coding	O	PGGT1B	current_ncbi_symbol	True	True	True	True	True	False	5	False	True	False	strict state-shared core; NCBI protein-coding; feature present on all five external platforms and GSE117606 FFPE
GOLGA8A	up	0.603296720745148	4.01789420142629	0.0003940748054886	0.0286316044853595	23015	protein-coding	O	GOLGA8A	current_ncbi_symbol	True	True	True	True	True	False	5	False	True	False	strict state-shared core; NCBI protein-coding; feature present on all five external platforms and GSE117606 FFPE
B4GALT7	up	0.442765911055508	4.01608524935866	0.0003967863537282	0.0082061594202718	11285	protein-coding	O	B4GALT7	current_ncbi_symbol	True	True	True	True	True	False	5	False	True	False	strict state-shared core; NCBI protein-coding; feature present on all five external platforms and GSE117606 FFPE
NOD1	up	0.402974929404905	4.01388672072848	0.0004001758949679	0.0070517640988296	10392	protein-coding	O	NOD1	current_ncbi_symbol	True	True	True	True	True	False	5	False	True	False	strict state-shared core; NCBI protein-coding; feature present on all five external platforms and GSE117606 FFPE
SS18L2	down	-0.558326805580792	-4.01122013377551	0.0004043938943371	0.0179147448350218	51188	protein-coding	O	SS18L2	current_ncbi_symbol	True	True	True	True	True	False	5	False	True	False	strict state-shared core; NCBI protein-coding; feature present on all five external platforms and GSE117606 FFPE
NUP160	up	0.315763108834684	4.01087191339535	0.0004046613311615	0.036291595975968	23279	protein-coding	O	NUP160	current_ncbi_symbol	True	True	True	True	True	False	5	False	True	False	strict state-shared core; NCBI protein-coding; feature present on all five external platforms and GSE117606 FFPE
ZNF611	up	0.303003137340427	4.00987577154648	0.0004060418835381	0.0020243939033808	81856	protein-coding	O	ZNF611	current_ncbi_symbol	True	True	True	True	True	False	5	False	True	False	strict state-shared core; NCBI protein-coding; feature present on all five external platforms and GSE117606 FFPE
EAPP	down	-0.220668071615479	-4.00877915530237	0.0004076003905109	0.0396394446369361	55837	protein-coding	O	EAPP	current_ncbi_symbol	True	False	True	True	True	False	4	False	True	False	strict state-shared core; NCBI protein-coding; feature present on all five external platforms and GSE117606 FFPE
PCGF5	down	-0.338708358439573	-4.00794976384471	0.00040870210381	0.0105462560384575	84333	protein-coding	O	PCGF5	current_ncbi_symbol	True	True	True	True	True	False	5	False	True	False	strict state-shared core; NCBI protein-coding; feature present on all five external platforms and GSE117606 FFPE
BCL2L11	down	-0.544603381287588	-4.00731530399814	0.000409468826226	0.0356907386243588	10018	protein-coding	O	BCL2L11	current_ncbi_symbol	True	True	True	True	True	False	5	False	True	False	strict state-shared core; NCBI protein-coding; feature present on all five external platforms and GSE117606 FFPE
TRIM66	up	0.406329940400271	4.00665229360858	0.0004102866692258	0.0133092564981591	9866	protein-coding	O	TRIM66	current_ncbi_symbol	True	False	True	True	True	False	4	False	True	False	strict state-shared core; NCBI protein-coding; feature present on all five external platforms and GSE117606 FFPE
KIAA0319L	up	0.214251846059471	4.00583735506294	0.0004113706060439	0.0012634565647706	79932	protein-coding	O	KIAA0319L	current_ncbi_symbol	True	True	True	True	True	False	5	False	True	False	strict state-shared core; NCBI protein-coding; feature present on all five external platforms and GSE117606 FFPE
CCDC125	up	0.270059101619137	4.00517198318793	0.000411863298595	0.0300128051229901	202243	protein-coding	O	CCDC125	current_ncbi_symbol	True	False	True	True	True	False	4	False	True	False	strict state-shared core; NCBI protein-coding; feature present on all five external platforms and GSE117606 FFPE
SCAMP2	down	-0.298934374393947	-4.0025292995287	0.0004161559452107	0.0129200609115795	10066	protein-coding	O	SCAMP2	current_ncbi_symbol	True	True	True	True	True	False	5	False	True	False	strict state-shared core; NCBI protein-coding; feature present on all five external platforms and GSE117606 FFPE
KLHL42	up	0.393880221317336	4.00199972265345	0.0004167520985116	0.0282856213462973	57542	protein-coding	O	KLHL42	current_ncbi_symbol	True	False	True	True	False	False	3	False	True	False	strict state-shared core; NCBI protein-coding; feature present on all five external platforms and GSE117606 FFPE
SLC35A1	down	-0.592838537713618	-4.00174731621119	0.0004168605699925	0.0107217341768705	10559	protein-coding	O	SLC35A1	current_ncbi_symbol	True	True	True	True	True	False	5	False	True	False	strict state-shared core; NCBI protein-coding; feature present on all five external platforms and GSE117606 FFPE
PEX11A	down	-0.405557136053514	-3.99977960690362	0.0004196648414433	0.0050616743026769	8800	protein-coding	O	PEX11A	current_ncbi_symbol	True	True	True	True	True	False	5	False	True	False	strict state-shared core; NCBI protein-coding; feature present on all five external platforms and GSE117606 FFPE
TXNL1	down	-0.328361116330045	-3.99931088404534	0.0004198207442609	0.0200750671510769	9352	protein-coding	O	TXNL1	current_ncbi_symbol	True	True	True	True	True	False	5	False	True	False	strict state-shared core; NCBI protein-coding; feature present on all five external platforms and GSE117606 FFPE
RAD9A	up	0.366117301393194	3.99867669038444	0.0004206089449304	0.0096111491306856	5883	protein-coding	O	RAD9A	current_ncbi_symbol	True	True	True	True	True	False	5	False	True	False	strict state-shared core; NCBI protein-coding; feature present on all five external platforms and GSE117606 FFPE
MRPL47	down	-0.449385300911991	-3.99723250353782	0.0004228427624241	0.0187243014553801	57129	protein-coding	O	MRPL47	current_ncbi_symbol	True	True	True	True	True	False	5	False	True	False	strict state-shared core; NCBI protein-coding; feature present on all five external platforms and GSE117606 FFPE
LGALS9	down	-0.388761069642941	-3.99346909541514	0.000429269165839	0.0060685365786569	3965	protein-coding	O	LGALS9	current_ncbi_symbol	True	True	True	True	True	False	5	False	True	False	strict state-shared core; NCBI protein-coding; feature present on all five external platforms and GSE117606 FFPE
TECPR1	up	0.450678997483604	3.99279645298098	0.0004301441841628	0.0168887914560104	25851	protein-coding	O	TECPR1	current_ncbi_symbol	True	False	True	True	True	False	4	False	True	False	strict state-shared core; NCBI protein-coding; feature present on all five external platforms and GSE117606 FFPE
GUCA2A	down	-1.42871420428347	-3.98712441817758	0.000440201691804	0.015381264271797	2980	protein-coding	O	GUCA2A	current_ncbi_symbol	True	True	True	True	True	True	6	True	True	True	strict state-shared core; NCBI protein-coding; feature present on all five external platforms and GSE117606 FFPE
KCNQ1	up	0.316550954388356	3.9865945473625	0.0004408325424917	0.0237545715429187	3784	protein-coding	O	KCNQ1	current_ncbi_symbol	True	True	True	True	True	False	5	False	True	False	strict state-shared core; NCBI protein-coding; feature present on all five external platforms and GSE117606 FFPE
WWP2	up	0.291030865685541	3.98267351478171	0.000447813438668	0.0085598930602386	11060	protein-coding	O	WWP2	current_ncbi_symbol	True	True	True	True	True	False	5	False	True	False	strict state-shared core; NCBI protein-coding; feature present on all five external platforms and GSE117606 FFPE
FCSK	up	0.44264039095631	3.98127041526263	0.0004501057296086	0.0125480762522825	197258	protein-coding	O	FCSK	current_ncbi_symbol	True	False	False	False	False	False	1	False	True	False	strict state-shared core; NCBI protein-coding; feature present on all five external platforms and GSE117606 FFPE
STK39	up	0.328364383737913	3.9810694660783	0.0004501269401844	0.0183919180068092	27347	protein-coding	O	STK39	current_ncbi_symbol	True	True	True	True	True	False	5	False	True	False	strict state-shared core; NCBI protein-coding; feature present on all five external platforms and GSE117606 FFPE
PHAF1	up	0.331801618643555	3.98063711736281	0.0004505868803119	0.0095450217754508	80262	protein-coding	O	PHAF1	current_ncbi_symbol	True	False	False	False	False	False	1	False	True	False	strict state-shared core; NCBI protein-coding; feature present on all five external platforms and GSE117606 FFPE
H3-3B	down	-0.356678524764607	-3.97998883804034	0.0004514573882095	0.010772503164591	3021	protein-coding	O	H3-3B	current_ncbi_symbol	True	False	False	False	False	False	1	False	True	False	strict state-shared core; NCBI protein-coding; feature present on all five external platforms and GSE117606 FFPE
APOOL	down	-0.45455288605556	-3.97772578134661	0.0004554116240964	0.0243752499573491	139322	protein-coding	O	APOOL	current_ncbi_symbol	True	True	True	True	True	False	5	False	True	False	strict state-shared core; NCBI protein-coding; feature present on all five external platforms and GSE117606 FFPE
PCTP	down	-0.445038370300796	-3.97721217066606	0.0004556704611423	0.0090436726258791	58488	protein-coding	O	PCTP	current_ncbi_symbol	True	True	True	True	True	False	5	False	True	False	strict state-shared core; NCBI protein-coding; feature present on all five external platforms and GSE117606 FFPE
ENSG00000262879	up	0.353237669276784	3.97510526661193	0.0004587970336647	0.0378998006518507						False	False	False	False	False	False	0	False	False	False	strict state-shared core; NCBI protein-coding; feature present on all five external platforms and GSE117606 FFPE
PPP1R26-AS1	up	0.362386153147614	3.97488035219918	0.0004587970336647	0.0360135229506067	100506599	ncRNA	O	PPP1R26-AS1	current_ncbi_symbol	True	False	False	False	False	False	1	False	False	False	strict state-shared core; NCBI protein-coding; feature present on all five external platforms and GSE117606 FFPE
TENT4A	up	0.296518197029617	3.97486766737834	0.0004587970336647	0.0190266917588001	11044	protein-coding	O	TENT4A	current_ncbi_symbol	True	False	False	False	False	False	1	False	True	False	strict state-shared core; NCBI protein-coding; feature present on all five external platforms and GSE117606 FFPE
AK6	down	-0.357106212965507	-3.97471093507303	0.0004587970336647	0.0246178790465283	102157402	protein-coding	O	AK6	current_ncbi_symbol	True	False	True	True	False	False	3	False	True	False	strict state-shared core; NCBI protein-coding; feature present on all five external platforms and GSE117606 FFPE
ARL16	up	0.400270101365346	3.97389137410566	0.0004598805303143	0.00316738904834	339231	protein-coding	O	ARL16	current_ncbi_symbol	False	True	True	True	True	False	4	False	True	False	strict state-shared core; NCBI protein-coding; feature present on all five external platforms and GSE117606 FFPE
PHF21A	up	0.334671803874313	3.97247620515711	0.0004622563888999	0.0022414535036808	51317	protein-coding	O	PHF21A	current_ncbi_symbol	True	True	True	True	True	False	5	False	True	False	strict state-shared core; NCBI protein-coding; feature present on all five external platforms and GSE117606 FFPE
DCTN6	down	-0.552224434002678	-3.97079305487789	0.0004651669247225	0.0057158475862327	10671	protein-coding	O	DCTN6	current_ncbi_symbol	True	True	True	True	True	False	5	False	True	False	strict state-shared core; NCBI protein-coding; feature present on all five external platforms and GSE117606 FFPE
LPXN	down	-0.376673256717791	-3.97042203084232	0.0004653697150731	0.0186714410265539	9404	protein-coding	O	LPXN	current_ncbi_symbol	True	True	True	True	True	False	5	False	True	False	strict state-shared core; NCBI protein-coding; feature present on all five external platforms and GSE117606 FFPE
ZDHHC6	down	-0.535264408415892	-3.97014314175522	0.0004653697150731	0.0151307774991457	64429	protein-coding	O	ZDHHC6	current_ncbi_symbol	True	True	True	True	True	False	5	False	True	False	strict state-shared core; NCBI protein-coding; feature present on all five external platforms and GSE117606 FFPE
LMO7	down	-0.448948132296906	-3.97012533522871	0.0004653697150731	0.0132232121277877	4008	protein-coding	O	LMO7	current_ncbi_symbol	True	True	True	True	True	False	5	False	True	False	strict state-shared core; NCBI protein-coding; feature present on all five external platforms and GSE117606 FFPE
CRYL1	down	-0.304088440622617	-3.96905643820896	0.0004670938610461	0.0224458126319853	51084	protein-coding	O	CRYL1	current_ncbi_symbol	True	True	True	True	True	False	5	False	True	False	strict state-shared core; NCBI protein-coding; feature present on all five external platforms and GSE117606 FFPE
TBC1D19	up	0.373140687560977	3.9681723138966	0.0004684609041171	0.0102702650738492	55296	protein-coding	O	TBC1D19	current_ncbi_symbol	True	True	True	True	True	False	5	False	True	False	strict state-shared core; NCBI protein-coding; feature present on all five external platforms and GSE117606 FFPE
ATP5IF1	down	-0.282989936232176	-3.96760720981013	0.0004688692740621	0.0120616429090501	93974	protein-coding	O	ATP5IF1	current_ncbi_symbol	True	False	False	False	False	False	1	False	True	False	strict state-shared core; NCBI protein-coding; feature present on all five external platforms and GSE117606 FFPE
SLC12A2-DT	up	0.350760324514555	3.96758979268299	0.0004688692740621	0.0047429830955672	644873	ncRNA	O	SLC12A2-DT	current_ncbi_symbol	True	False	False	False	False	False	1	False	False	False	strict state-shared core; NCBI protein-coding; feature present on all five external platforms and GSE117606 FFPE
PDE8A	down	-0.28200692742385	-3.96398073847552	0.0004752718237624	0.0366353757875556	5151	protein-coding	O	PDE8A	current_ncbi_symbol	True	True	True	True	True	False	5	False	True	False	strict state-shared core; NCBI protein-coding; feature present on all five external platforms and GSE117606 FFPE
PLSCR1	down	-0.393109648635309	-3.96352154183675	0.0004758141877483	0.0219253569356586	5359	protein-coding	O	PLSCR1	current_ncbi_symbol	True	True	True	True	True	False	5	False	True	False	strict state-shared core; NCBI protein-coding; feature present on all five external platforms and GSE117606 FFPE
WDR73	up	0.343830541123839	3.96292897402984	0.000476623664187	0.0039387582907792	84942	protein-coding	O	WDR73	current_ncbi_symbol	True	True	True	True	True	False	5	False	True	False	strict state-shared core; NCBI protein-coding; feature present on all five external platforms and GSE117606 FFPE
VPS25	down	-0.372933274523217	-3.961744215992	0.0004786206084311	0.0036769104450894	84313	protein-coding	O	VPS25	current_ncbi_symbol	True	True	True	True	True	False	5	False	True	False	strict state-shared core; NCBI protein-coding; feature present on all five external platforms and GSE117606 FFPE
EP400	up	0.304742166603551	3.95185311903365	0.0004984557203424	0.004630386246857	57634	protein-coding	O	EP400	current_ncbi_symbol	True	True	True	True	True	False	5	False	True	False	strict state-shared core; NCBI protein-coding; feature present on all five external platforms and GSE117606 FFPE
ETFA	down	-0.253168334289546	-3.95131079014216	0.0004991965228925	0.0157598992263412	2108	protein-coding	O	ETFA	current_ncbi_symbol	True	True	True	True	True	False	5	False	True	False	strict state-shared core; NCBI protein-coding; feature present on all five external platforms and GSE117606 FFPE
NARF	up	0.3781940236728	3.95110678362984	0.0004992322774317	0.008834967806477	26502	protein-coding	O	NARF	current_ncbi_symbol	True	True	True	True	True	False	5	False	True	False	strict state-shared core; NCBI protein-coding; feature present on all five external platforms and GSE117606 FFPE
RETSAT	down	-0.436397418595721	-3.95052490723996	0.0004996741377772	0.0105520621595394	54884	protein-coding	O	RETSAT	current_ncbi_symbol	True	True	True	True	True	False	5	False	True	False	strict state-shared core; NCBI protein-coding; feature present on all five external platforms and GSE117606 FFPE
CLASRP	up	0.321961866193848	3.95052173846506	0.0004996741377772	0.006394004512727	11129	protein-coding	O	CLASRP	current_ncbi_symbol	True	False	True	True	True	False	4	False	True	False	strict state-shared core; NCBI protein-coding; feature present on all five external platforms and GSE117606 FFPE
FDPS	up	0.491824371960601	3.94582608997588	0.0005091726341942	0.0077711162676711	2224	protein-coding	O	FDPS	current_ncbi_symbol	True	False	True	True	True	False	4	False	True	False	strict state-shared core; NCBI protein-coding; feature present on all five external platforms and GSE117606 FFPE
UNC50	down	-0.547152285522138	-3.94285783033623	0.0005143164227001	0.0313860459619167	25972	protein-coding	O	UNC50	current_ncbi_symbol	True	True	True	True	True	False	5	False	True	False	strict state-shared core; NCBI protein-coding; feature present on all five external platforms and GSE117606 FFPE
ADGRG6	up	0.545125619709449	3.94201604352088	0.0005157245868785	0.0084106755621999	57211	protein-coding	O	ADGRG6	current_ncbi_symbol	True	False	True	True	False	False	3	False	True	False	strict state-shared core; NCBI protein-coding; feature present on all five external platforms and GSE117606 FFPE
PGPEP1	up	0.325976370290537	3.94171971790276	0.0005159616922956	0.017367772537728	54858	protein-coding	O	PGPEP1	current_ncbi_symbol	True	True	True	True	True	False	5	False	True	False	strict state-shared core; NCBI protein-coding; feature present on all five external platforms and GSE117606 FFPE
ADGRL1	up	0.463243030975667	3.9386907986465	0.0005213044884334	0.0026686580483829	22859	protein-coding	O	ADGRL1	current_ncbi_symbol	True	False	True	True	False	False	3	False	True	False	strict state-shared core; NCBI protein-coding; feature present on all five external platforms and GSE117606 FFPE
TFAM	down	-0.54321768087721	-3.93754980715567	0.0005229791637596	0.029366335990219	7019	protein-coding	O	TFAM	current_ncbi_symbol	True	True	True	True	True	False	5	False	True	False	strict state-shared core; NCBI protein-coding; feature present on all five external platforms and GSE117606 FFPE
PKP4	up	0.265705400917944	3.9354455454523	0.0005267687736937	0.0090536222514609	8502	protein-coding	O	PKP4	current_ncbi_symbol	True	True	True	True	True	False	5	False	True	False	strict state-shared core; NCBI protein-coding; feature present on all five external platforms and GSE117606 FFPE
YIPF6	down	-0.443909753205925	-3.93491754629822	0.0005273699718709	0.01797215335949	286451	protein-coding	O	YIPF6	current_ncbi_symbol	True	True	True	True	True	False	5	False	True	False	strict state-shared core; NCBI protein-coding; feature present on all five external platforms and GSE117606 FFPE
UBQLN1	down	-0.391746999610086	-3.9348012623313	0.0005273699718709	0.0054390130032051	29979	protein-coding	O	UBQLN1	current_ncbi_symbol	True	True	True	True	True	False	5	False	True	False	strict state-shared core; NCBI protein-coding; feature present on all five external platforms and GSE117606 FFPE
CYSTM1	down	-0.358973568340704	-3.93208233873976	0.0005325513800664	0.0193120816923767	84418	protein-coding	O	CYSTM1	current_ncbi_symbol	True	False	True	True	True	False	4	False	True	False	strict state-shared core; NCBI protein-coding; feature present on all five external platforms and GSE117606 FFPE
RAB4A	down	-0.433726119861539	-3.9242486370528	0.000549757071284	0.0051301985681474	5867	protein-coding	O	RAB4A	current_ncbi_symbol	True	True	True	True	True	False	5	False	True	False	strict state-shared core; NCBI protein-coding; feature present on all five external platforms and GSE117606 FFPE
PPRC1	up	0.425842256109378	3.9216571245814	0.0005552778678399	0.0115865072203748	23082	protein-coding	O	PPRC1	current_ncbi_symbol	True	True	True	True	True	False	5	False	True	False	strict state-shared core; NCBI protein-coding; feature present on all five external platforms and GSE117606 FFPE
SNX13	down	-0.341460254477271	-3.92031065746637	0.0005571198786485	0.0076852394450677	23161	protein-coding	O	SNX13	current_ncbi_symbol	True	True	True	True	True	False	5	False	True	False	strict state-shared core; NCBI protein-coding; feature present on all five external platforms and GSE117606 FFPE
IKBKB	up	0.290595570967804	3.92012004063287	0.0005571198786485	0.0289462284478167	3551	protein-coding	O	IKBKB	current_ncbi_symbol	True	True	True	True	True	False	5	False	True	False	strict state-shared core; NCBI protein-coding; feature present on all five external platforms and GSE117606 FFPE
ZNF814	up	0.324598859933873	3.91745645719182	0.0005628787456328	0.0045758557231173	730051	protein-coding	O	ZNF814	current_ncbi_symbol	True	False	False	False	True	False	2	False	True	False	strict state-shared core; NCBI protein-coding; feature present on all five external platforms and GSE117606 FFPE
POLR3C	up	0.310412987674242	3.91516897650145	0.0005675411673442	0.0193995636206626	10623	protein-coding	O	POLR3C	current_ncbi_symbol	True	True	True	True	True	False	5	False	True	False	strict state-shared core; NCBI protein-coding; feature present on all five external platforms and GSE117606 FFPE
SLC9A3-OT1	down	-1.18550306819033	-3.91509793127591	0.0005675411673442	0.0217655623010968	25845	ncRNA	O	SLC9A3-OT1	current_ncbi_symbol	False	False	False	False	False	False	0	False	False	False	strict state-shared core; NCBI protein-coding; feature present on all five external platforms and GSE117606 FFPE
PLOD3	up	0.322032012337775	3.91401718395159	0.0005694736868688	0.0415706536007098	8985	protein-coding	O	PLOD3	current_ncbi_symbol	True	True	True	True	True	False	5	False	True	False	strict state-shared core; NCBI protein-coding; feature present on all five external platforms and GSE117606 FFPE
HEBP2	down	-0.355475233491697	-3.91285979584134	0.000571518501001	0.0051339370927828	23593	protein-coding	O	HEBP2	current_ncbi_symbol	True	True	True	True	True	False	5	False	True	False	strict state-shared core; NCBI protein-coding; feature present on all five external platforms and GSE117606 FFPE
ZNF786	up	0.399842848750197	3.91251042858124	0.000571518501001	0.0057968159676211	136051	protein-coding	O	ZNF786	current_ncbi_symbol	True	True	True	True	True	False	5	False	True	False	strict state-shared core; NCBI protein-coding; feature present on all five external platforms and GSE117606 FFPE
AP3S1	down	-0.484919861475581	-3.91142622141211	0.0005736112782222	0.0052523312726643	1176	protein-coding	O	AP3S1	current_ncbi_symbol	False	True	True	True	True	False	4	False	True	False	strict state-shared core; NCBI protein-coding; feature present on all five external platforms and GSE117606 FFPE
OTUD5	up	0.264551710008426	3.90839817041378	0.0005804056771213	0.0406571199017057	55593	protein-coding	O	OTUD5	current_ncbi_symbol	True	True	True	True	True	False	5	False	True	False	strict state-shared core; NCBI protein-coding; feature present on all five external platforms and GSE117606 FFPE
ENSG00000280441	up	0.928678916241016	3.90751620575988	0.0005820854316778	0.0095412993331043						False	False	False	False	False	False	0	False	False	False	strict state-shared core; NCBI protein-coding; feature present on all five external platforms and GSE117606 FFPE
MAL2	down	-0.542269392346018	-3.9072928600623	0.0005821815184373	0.0153096205437927	114569	protein-coding	O	MAL2	current_ncbi_symbol	True	True	True	True	True	False	5	False	True	False	strict state-shared core; NCBI protein-coding; feature present on all five external platforms and GSE117606 FFPE
NDUFB2	down	-0.316111698028718	-3.90630471741995	0.0005841230318557	0.0073053939434182	4708	protein-coding	O	NDUFB2	current_ncbi_symbol	True	True	True	True	True	False	5	False	True	False	strict state-shared core; NCBI protein-coding; feature present on all five external platforms and GSE117606 FFPE
TIMM17A	down	-0.288749002290441	-3.90563524216125	0.0005852989540494	0.0101130076531494	10440	protein-coding	O	TIMM17A	current_ncbi_symbol	True	True	True	True	True	False	5	False	True	False	strict state-shared core; NCBI protein-coding; feature present on all five external platforms and GSE117606 FFPE
MACROH2A1	down	-0.387750997404804	-3.90528755355418	0.0005856974434513	0.0086756290460154	9555	protein-coding	O	MACROH2A1	current_ncbi_symbol	True	False	False	False	False	False	1	False	True	False	strict state-shared core; NCBI protein-coding; feature present on all five external platforms and GSE117606 FFPE
SWAP70	up	0.395464988156493	3.90373415705845	0.0005890254519269	0.0151482068921236	23075	protein-coding	O	SWAP70	current_ncbi_symbol	True	True	True	True	True	False	5	False	True	False	strict state-shared core; NCBI protein-coding; feature present on all five external platforms and GSE117606 FFPE
MPHOSPH6	down	-0.351310581676179	-3.90273515474116	0.0005910156930409	0.0023291440937655	10200	protein-coding	O	MPHOSPH6	current_ncbi_symbol	True	True	True	True	True	False	5	False	True	False	strict state-shared core; NCBI protein-coding; feature present on all five external platforms and GSE117606 FFPE
WRNIP1	down	-0.367496166791399	-3.9005883407057	0.0005958312675008	0.0047081634613791	56897	protein-coding	O	WRNIP1	current_ncbi_symbol	True	True	True	True	True	False	5	False	True	False	strict state-shared core; NCBI protein-coding; feature present on all five external platforms and GSE117606 FFPE
OIP5-AS1	down	-0.372135645324582	-3.89682535007672	0.0006037934184139	0.0194987434398063	729082	ncRNA	O	OIP5-AS1	current_ncbi_symbol	False	False	True	True	True	False	3	False	False	False	strict state-shared core; NCBI protein-coding; feature present on all five external platforms and GSE117606 FFPE
RUSC1	down	-0.329280073790214	-3.89659646834931	0.000603908967255	0.0112914007525291	23623	protein-coding	O	RUSC1	current_ncbi_symbol	True	True	True	True	True	False	5	False	True	False	strict state-shared core; NCBI protein-coding; feature present on all five external platforms and GSE117606 FFPE
HNRNPK	down	-0.583753957346666	-3.89536507597216	0.000605617363416	0.0353912061898599	3190	protein-coding	O	HNRNPK	current_ncbi_symbol	True	False	True	True	True	False	4	False	True	False	strict state-shared core; NCBI protein-coding; feature present on all five external platforms and GSE117606 FFPE
OVOL2	up	0.21844889698036	3.89266698499573	0.0006118502254108	0.0163246011507092	58495	protein-coding	O	OVOL2	current_ncbi_symbol	True	True	True	True	True	False	5	False	True	False	strict state-shared core; NCBI protein-coding; feature present on all five external platforms and GSE117606 FFPE
ECHS1	down	-0.335490286329858	-3.89204176049817	0.0006125947123192	0.0039186858668316	1892	protein-coding	O	ECHS1	current_ncbi_symbol	True	True	True	True	True	False	5	False	True	False	strict state-shared core; NCBI protein-coding; feature present on all five external platforms and GSE117606 FFPE
FBXO42	up	0.299838782125924	3.88419405313496	0.0006303578214752	0.0197027898896076	54455	protein-coding	O	FBXO42	current_ncbi_symbol	True	True	True	True	True	False	5	False	True	False	strict state-shared core; NCBI protein-coding; feature present on all five external platforms and GSE117606 FFPE
ATP5MF	down	-0.323348298438327	-3.88302589214104	0.0006326411447591	0.0095745823770513	9551	protein-coding	O	ATP5MF	current_ncbi_symbol	True	False	False	False	False	False	1	False	True	False	strict state-shared core; NCBI protein-coding; feature present on all five external platforms and GSE117606 FFPE
NOMO1	up	0.204837604229999	3.88295259904709	0.0006326411447591	0.0113837245334142	23420	protein-coding	O	NOMO1	current_ncbi_symbol	False	True	True	True	True	False	4	False	True	False	strict state-shared core; NCBI protein-coding; feature present on all five external platforms and GSE117606 FFPE
OCIAD1	down	-0.434356844952577	-3.88224678111977	0.0006340079649823	0.0157832475167172	54940	protein-coding	O	OCIAD1	current_ncbi_symbol	True	True	True	True	True	False	5	False	True	False	strict state-shared core; NCBI protein-coding; feature present on all five external platforms and GSE117606 FFPE
MLKL	up	0.369926725414232	3.87445649997884	0.0006526895535076	0.0048818244347268	197259	protein-coding	O	MLKL	current_ncbi_symbol	True	True	True	True	True	False	5	False	True	False	strict state-shared core; NCBI protein-coding; feature present on all five external platforms and GSE117606 FFPE
SMAD4	down	-0.397692093555142	-3.87049802965814	0.000662395700982	0.0070064578299127	4089	protein-coding	O	SMAD4	current_ncbi_symbol	True	True	True	True	True	False	5	False	True	False	strict state-shared core; NCBI protein-coding; feature present on all five external platforms and GSE117606 FFPE
TRAF2	up	0.386046315366836	3.86844365030945	0.0006662757812461	0.0043355119862175	7186	protein-coding	O	TRAF2	current_ncbi_symbol	True	True	True	True	True	False	5	False	True	False	strict state-shared core; NCBI protein-coding; feature present on all five external platforms and GSE117606 FFPE
DLGAP4	up	0.34256451277434	3.86574158991767	0.0006729441739413	0.0151635110568884	22839	protein-coding	O	DLGAP4	current_ncbi_symbol	True	True	True	True	True	False	5	False	True	False	strict state-shared core; NCBI protein-coding; feature present on all five external platforms and GSE117606 FFPE
TTC39C	up	0.349306314460751	3.86500444066752	0.0006744813106588	0.0394781218649335	125488	protein-coding	O	TTC39C	current_ncbi_symbol	True	True	True	True	True	False	5	False	True	False	strict state-shared core; NCBI protein-coding; feature present on all five external platforms and GSE117606 FFPE
SERPINA1	up	0.784568150535919	3.86457737620573	0.0006746658841534	0.0246103308814503	5265	protein-coding	O	SERPINA1	current_ncbi_symbol	True	True	True	True	True	False	5	False	True	False	strict state-shared core; NCBI protein-coding; feature present on all five external platforms and GSE117606 FFPE
CCDC90B	down	-0.365974502990888	-3.86375098284576	0.0006764547311538	0.0048392529239735	60492	protein-coding	O	CCDC90B	current_ncbi_symbol	True	True	True	True	True	False	5	False	True	False	strict state-shared core; NCBI protein-coding; feature present on all five external platforms and GSE117606 FFPE
SKI	up	0.336730387750314	3.86336754515418	0.0006770189938526	0.0303764533855257	6497	protein-coding	O	SKI	current_ncbi_symbol	True	True	True	True	True	False	5	False	True	False	strict state-shared core; NCBI protein-coding; feature present on all five external platforms and GSE117606 FFPE
HIP1R	up	0.378380933907802	3.86020277352455	0.0006848393532326	0.0436970152995334	9026	protein-coding	O	HIP1R	current_ncbi_symbol	True	True	True	True	True	False	5	False	True	False	strict state-shared core; NCBI protein-coding; feature present on all five external platforms and GSE117606 FFPE
SGPL1	down	-0.359381581350844	-3.85702197003097	0.0006932993982711	0.0195718173331733	8879	protein-coding	O	SGPL1	current_ncbi_symbol	True	True	True	True	True	False	5	False	True	False	strict state-shared core; NCBI protein-coding; feature present on all five external platforms and GSE117606 FFPE
ARFGAP3	up	0.364859226377498	3.85672020016927	0.0006936458276085	0.0182173337913648	26286	protein-coding	O	ARFGAP3	current_ncbi_symbol	True	True	True	True	True	False	5	False	True	False	strict state-shared core; NCBI protein-coding; feature present on all five external platforms and GSE117606 FFPE
CFDP1	down	-0.241207566579994	-3.8559649047089	0.0006947757789961	0.0266134419207499	10428	protein-coding	O	CFDP1	current_ncbi_symbol	True	True	True	True	True	False	5	False	True	False	strict state-shared core; NCBI protein-coding; feature present on all five external platforms and GSE117606 FFPE
TRMT5	down	-0.510775972051793	-3.85400966319188	0.000699832987524	0.0231816627996135	57570	protein-coding	O	TRMT5	current_ncbi_symbol	True	True	True	True	True	False	5	False	True	False	strict state-shared core; NCBI protein-coding; feature present on all five external platforms and GSE117606 FFPE
PRDM2	up	0.265072439770385	3.85313710100795	0.0007013051237467	0.0328654532021394	7799	protein-coding	O	PRDM2	current_ncbi_symbol	True	True	True	True	True	False	5	False	True	False	strict state-shared core; NCBI protein-coding; feature present on all five external platforms and GSE117606 FFPE
CKMT1A	down	-0.40173896771418	-3.85063163928939	0.0007074839162842	0.0087423784085233	548596	protein-coding	O	CKMT1A	current_ncbi_symbol	False	True	True	True	True	False	4	False	True	False	strict state-shared core; NCBI protein-coding; feature present on all five external platforms and GSE117606 FFPE
HNRNPM	down	-0.185257431241182	-3.84608386251635	0.0007201887910487	0.014530020100584	4670	protein-coding	O	HNRNPM	current_ncbi_symbol	True	False	True	True	True	False	4	False	True	False	strict state-shared core; NCBI protein-coding; feature present on all five external platforms and GSE117606 FFPE
DGKH	up	0.305784611732826	3.8459128122421	0.0007201887910487	0.0225065661605606	160851	protein-coding	O	DGKH	current_ncbi_symbol	True	True	True	True	True	False	5	False	True	False	strict state-shared core; NCBI protein-coding; feature present on all five external platforms and GSE117606 FFPE
GRSF1	down	-0.376271866369073	-3.84486127155798	0.0007218723165871	0.0132763620195956	2926	protein-coding	O	GRSF1	current_ncbi_symbol	True	True	True	True	True	False	5	False	True	False	strict state-shared core; NCBI protein-coding; feature present on all five external platforms and GSE117606 FFPE
SNX19	down	-0.351991911680988	-3.84359676103769	0.0007249078312769	0.007216124177906	399979	protein-coding	O	SNX19	current_ncbi_symbol	True	True	True	True	True	False	5	False	True	False	strict state-shared core; NCBI protein-coding; feature present on all five external platforms and GSE117606 FFPE
LAMP2	down	-0.374273675540195	-3.84297976123166	0.0007262052357748	0.0087004756654561	3920	protein-coding	O	LAMP2	current_ncbi_symbol	True	True	True	True	True	False	5	False	True	False	strict state-shared core; NCBI protein-coding; feature present on all five external platforms and GSE117606 FFPE
ERCC2	up	0.445075535244802	3.84254596883731	0.0007269620668186	0.0094016852049449	2068	protein-coding	O	ERCC2	current_ncbi_symbol	True	True	True	True	True	False	5	False	True	False	strict state-shared core; NCBI protein-coding; feature present on all five external platforms and GSE117606 FFPE
TP53I13	up	0.473523931590884	3.83937392574328	0.0007358836002711	0.0089236767005896	90313	protein-coding	O	TP53I13	current_ncbi_symbol	True	True	True	True	True	False	5	False	True	False	strict state-shared core; NCBI protein-coding; feature present on all five external platforms and GSE117606 FFPE
DECR1	down	-0.390922743219415	-3.83795582533166	0.0007391331247494	0.0385247143223635	1666	protein-coding	O	DECR1	current_ncbi_symbol	True	True	True	True	True	False	5	False	True	False	strict state-shared core; NCBI protein-coding; feature present on all five external platforms and GSE117606 FFPE
CACYBP	down	-0.41122121841155	-3.83758623618689	0.0007391331247494	0.0349141737118229	27101	protein-coding	O	CACYBP	current_ncbi_symbol	True	True	True	True	True	False	5	False	True	False	strict state-shared core; NCBI protein-coding; feature present on all five external platforms and GSE117606 FFPE
ZDHHC24	up	0.345123240754729	3.8375799937132	0.0007391331247494	0.0030303583737591	254359	protein-coding	O	ZDHHC24	current_ncbi_symbol	True	True	True	True	True	False	5	False	True	False	strict state-shared core; NCBI protein-coding; feature present on all five external platforms and GSE117606 FFPE
XPNPEP3	up	0.275559479784421	3.83439081052104	0.0007471664590388	0.0133493487792843	63929	protein-coding	O	XPNPEP3	current_ncbi_symbol	True	True	True	True	True	False	5	False	True	False	strict state-shared core; NCBI protein-coding; feature present on all five external platforms and GSE117606 FFPE
ZNF827	up	0.283926337795556	3.83135679243502	0.000755896291578	0.0067615863833165	152485	protein-coding	O	ZNF827	current_ncbi_symbol	True	True	True	True	True	False	5	False	True	False	strict state-shared core; NCBI protein-coding; feature present on all five external platforms and GSE117606 FFPE
PRUNE2	up	0.41312018904624	3.82923093834956	0.0007608084963305	0.0040372882298805	158471	protein-coding	O	PRUNE2	current_ncbi_symbol	True	True	True	True	True	False	5	False	True	False	strict state-shared core; NCBI protein-coding; feature present on all five external platforms and GSE117606 FFPE
SLC26A2	down	-0.642127010949403	-3.82722584159563	0.0007659277023058	0.0185180541617832	1836	protein-coding	O	SLC26A2	current_ncbi_symbol	True	True	True	True	True	True	6	True	True	True	strict state-shared core; NCBI protein-coding; feature present on all five external platforms and GSE117606 FFPE
KIF2A	up	0.324227089229178	3.82327738868767	0.0007771854059384	0.0022082940069967	3796	protein-coding	O	KIF2A	current_ncbi_symbol	True	True	True	True	True	False	5	False	True	False	strict state-shared core; NCBI protein-coding; feature present on all five external platforms and GSE117606 FFPE
HSPA5	down	-0.577420361443265	-3.81941832329076	0.0007883128244429	0.0277774820811409	3309	protein-coding	O	HSPA5	current_ncbi_symbol	True	True	True	True	True	False	5	False	True	False	strict state-shared core; NCBI protein-coding; feature present on all five external platforms and GSE117606 FFPE
DENND4C	up	0.24888044668695	3.81824077104558	0.0007915169201722	0.0212472669843931	55667	protein-coding	O	DENND4C	current_ncbi_symbol	True	True	True	True	True	False	5	False	True	False	strict state-shared core; NCBI protein-coding; feature present on all five external platforms and GSE117606 FFPE
LINC00685	up	0.475698566878024	3.81780871294485	0.0007923364133935	0.0043134422654426	283981	ncRNA	O	LINC00685	current_ncbi_symbol	True	False	False	False	True	False	2	False	False	False	strict state-shared core; NCBI protein-coding; feature present on all five external platforms and GSE117606 FFPE
VAPA	down	-0.360097917439739	-3.81347926748453	0.0008051997936316	0.0103805577233341	9218	protein-coding	O	VAPA	current_ncbi_symbol	True	True	True	True	True	False	5	False	True	False	strict state-shared core; NCBI protein-coding; feature present on all five external platforms and GSE117606 FFPE
SLIRP	down	-0.41906679742685	-3.81313122660715	0.0008057590463179	0.007797176086753	81892	protein-coding	O	SLIRP	current_ncbi_symbol	True	False	True	True	True	False	4	False	True	False	strict state-shared core; NCBI protein-coding; feature present on all five external platforms and GSE117606 FFPE
ATAD2	up	0.458860261472587	3.81247496226865	0.000807325496126	0.0070281370108241	29028	protein-coding	O	ATAD2	current_ncbi_symbol	True	True	True	True	True	False	5	False	True	False	strict state-shared core; NCBI protein-coding; feature present on all five external platforms and GSE117606 FFPE
DHRSX	up	0.262398277630392	3.81191833414821	0.0008078210987193	0.0057043318904295	207063	protein-coding	O	DHRSX	current_ncbi_symbol	True	True	True	True	True	False	5	False	True	False	strict state-shared core; NCBI protein-coding; feature present on all five external platforms and GSE117606 FFPE
EPM2AIP1	down	-0.522384988970199	-3.81165506988441	0.0008078210987193	0.0090369181413232	9852	protein-coding	O	EPM2AIP1	current_ncbi_symbol	True	True	True	True	True	False	5	False	True	False	strict state-shared core; NCBI protein-coding; feature present on all five external platforms and GSE117606 FFPE
ACTR3	down	-0.375553011522472	-3.8116187870967	0.0008078210987193	0.032378135348589	10096	protein-coding	O	ACTR3	current_ncbi_symbol	True	True	True	True	True	False	5	False	True	False	strict state-shared core; NCBI protein-coding; feature present on all five external platforms and GSE117606 FFPE
ENSG00000249319	up	0.419771450831181	3.81131165527984	0.000808250348452	0.0063027064049076						False	False	False	False	False	False	0	False	False	False	strict state-shared core; NCBI protein-coding; feature present on all five external platforms and GSE117606 FFPE
MAPRE1	down	-0.516019556642667	-3.80971536881817	0.0008128258779034	0.0102185906453592	22919	protein-coding	O	MAPRE1	current_ncbi_symbol	True	True	True	True	True	False	5	False	True	False	strict state-shared core; NCBI protein-coding; feature present on all five external platforms and GSE117606 FFPE
FAM83H	up	0.324540915310139	3.80956477311112	0.0008128258779034	0.0056021893528995	286077	protein-coding	O	SACK1H	unique_ncbi_synonym	True	True	True	True	True	False	5	False	True	False	strict state-shared core; NCBI protein-coding; feature present on all five external platforms and GSE117606 FFPE
C8orf33	up	0.417679544503027	3.80408948480531	0.0008299834650287	0.0333625828283045	65265	protein-coding	O	C8orf33	current_ncbi_symbol	True	True	True	True	True	False	5	False	True	False	strict state-shared core; NCBI protein-coding; feature present on all five external platforms and GSE117606 FFPE
NT5E	down	-0.547231678909392	-3.80404533780827	0.0008299834650287	0.0077454497540723	4907	protein-coding	O	NT5E	current_ncbi_symbol	True	True	True	True	True	False	5	False	True	False	strict state-shared core; NCBI protein-coding; feature present on all five external platforms and GSE117606 FFPE
PIEZO1	up	0.479769112913332	3.80292086063239	0.0008331703690069	0.036541739388053	9780	protein-coding	O	PIEZO1	current_ncbi_symbol	True	False	True	True	True	False	4	False	True	False	strict state-shared core; NCBI protein-coding; feature present on all five external platforms and GSE117606 FFPE
SH3BP4	up	0.376509852296978	3.7975931259228	0.0008494716967633	0.0123277351177763	23677	protein-coding	O	SH3BP4	current_ncbi_symbol	True	True	True	True	True	False	5	False	True	False	strict state-shared core; NCBI protein-coding; feature present on all five external platforms and GSE117606 FFPE
MST1R	up	0.408649054608681	3.79599493526293	0.0008543594374158	0.0391843949820433	4486	protein-coding	O	MST1R	current_ncbi_symbol	True	True	True	True	True	False	5	False	True	False	strict state-shared core; NCBI protein-coding; feature present on all five external platforms and GSE117606 FFPE
TUSC2	down	-0.382849713210744	-3.79207246720046	0.0008673578957863	0.0156240541853008	11334	protein-coding	O	TUSC2	current_ncbi_symbol	True	True	True	True	True	False	5	False	True	False	strict state-shared core; NCBI protein-coding; feature present on all five external platforms and GSE117606 FFPE
AHSA1	down	-0.274786455784954	-3.79183669093603	0.0008675692656548	0.0378936592471566	10598	protein-coding	O	AHSA1	current_ncbi_symbol	True	True	True	True	True	False	5	False	True	False	strict state-shared core; NCBI protein-coding; feature present on all five external platforms and GSE117606 FFPE
DLAT	down	-0.323493644597318	-3.78998711435443	0.0008734383466685	0.0283069415863888	1737	protein-coding	O	DLAT	current_ncbi_symbol	True	True	True	True	True	False	5	False	True	False	strict state-shared core; NCBI protein-coding; feature present on all five external platforms and GSE117606 FFPE
APOLD1	up	0.57228744028848	3.78736651910252	0.0008820769711597	0.0053942527395902	81575	protein-coding	O	APOLD1	current_ncbi_symbol	True	True	True	True	True	False	5	False	True	False	strict state-shared core; NCBI protein-coding; feature present on all five external platforms and GSE117606 FFPE
HSF1	up	0.440697228756403	3.78698418976991	0.0008828126560126	0.0096361712387004	3297	protein-coding	O	HSF1	current_ncbi_symbol	True	True	True	True	True	False	5	False	True	False	strict state-shared core; NCBI protein-coding; feature present on all five external platforms and GSE117606 FFPE
MBD2	down	-0.246169498142618	-3.78376353912633	0.0008924354359675	0.0206595801235731	8932	protein-coding	O	MBD2	current_ncbi_symbol	True	True	True	True	True	False	5	False	True	False	strict state-shared core; NCBI protein-coding; feature present on all five external platforms and GSE117606 FFPE
ANXA7	down	-0.385197847150413	-3.78265956755984	0.0008957747176754	0.0084064643577868	310	protein-coding	O	ANXA7	current_ncbi_symbol	True	True	True	True	True	False	5	False	True	False	strict state-shared core; NCBI protein-coding; feature present on all five external platforms and GSE117606 FFPE
ALDH2	down	-0.297217714280341	-3.78190249897793	0.0008978735288545	0.0126161141401888	217	protein-coding	O	ALDH2	current_ncbi_symbol	True	True	True	True	True	False	5	False	True	False	strict state-shared core; NCBI protein-coding; feature present on all five external platforms and GSE117606 FFPE
SFSWAP	up	0.242731407838196	3.780872859392	0.0009009632212307	0.0432695357642562	6433	protein-coding	O	SFSWAP	current_ncbi_symbol	True	False	True	True	True	False	4	False	True	False	strict state-shared core; NCBI protein-coding; feature present on all five external platforms and GSE117606 FFPE
TMEM104	up	0.382325195198552	3.77947955150209	0.0009050413656369	0.0194352453313545	54868	protein-coding	O	SLC38A12	unique_ncbi_synonym	True	True	True	True	True	False	5	False	True	False	strict state-shared core; NCBI protein-coding; feature present on all five external platforms and GSE117606 FFPE
PSMB2	down	-0.299550454016656	-3.77829828495813	0.0009081945509454	0.047622367699758	5690	protein-coding	O	PSMB2	current_ncbi_symbol	True	True	True	True	True	False	5	False	True	False	strict state-shared core; NCBI protein-coding; feature present on all five external platforms and GSE117606 FFPE
BRCC3	down	-0.499679450965847	-3.77785457757808	0.0009087634556781	0.0117617083339004	79184	protein-coding	O	BRCC3	current_ncbi_symbol	True	True	True	True	True	False	5	False	True	False	strict state-shared core; NCBI protein-coding; feature present on all five external platforms and GSE117606 FFPE
CTDSP2	down	-0.335232267578684	-3.77728468789234	0.0009102086100568	0.0361048768989396	10106	protein-coding	O	CTDSP2	current_ncbi_symbol	True	True	True	True	True	False	5	False	True	False	strict state-shared core; NCBI protein-coding; feature present on all five external platforms and GSE117606 FFPE
CARHSP1	up	0.352324286222928	3.77391276735998	0.0009218551812737	0.0054974073816537	23589	protein-coding	O	CARHSP1	current_ncbi_symbol	True	True	True	True	True	False	5	False	True	False	strict state-shared core; NCBI protein-coding; feature present on all five external platforms and GSE117606 FFPE
SLC25A4	down	-0.390263829079879	-3.77376780783898	0.0009218551812737	0.0085040413856493	291	protein-coding	O	SLC25A4	current_ncbi_symbol	True	True	True	True	True	False	5	False	True	False	strict state-shared core; NCBI protein-coding; feature present on all five external platforms and GSE117606 FFPE
VAV3	down	-0.312636405732718	-3.77147518784382	0.0009292844981958	0.0484199186814759	10451	protein-coding	O	VAV3	current_ncbi_symbol	True	True	True	True	True	False	5	False	True	False	strict state-shared core; NCBI protein-coding; feature present on all five external platforms and GSE117606 FFPE
VCF2	down	-0.453371886988853	-3.77087480569001	0.0009306622495985	0.0134153364142741	90736	protein-coding	O	VCF2	current_ncbi_symbol	True	False	False	False	False	False	1	False	True	False	strict state-shared core; NCBI protein-coding; feature present on all five external platforms and GSE117606 FFPE
NAT9	up	0.505382871299563	3.76115277977674	0.0009655797472561	0.0081881448559527	26151	protein-coding	O	NAT9	current_ncbi_symbol	True	True	True	True	True	False	5	False	True	False	strict state-shared core; NCBI protein-coding; feature present on all five external platforms and GSE117606 FFPE
DLG2	up	0.490500088062193	3.75953861059707	0.0009704828116764	0.0117343392649328	1740	protein-coding	O	DLG2	current_ncbi_symbol	True	True	True	True	True	False	5	False	True	False	strict state-shared core; NCBI protein-coding; feature present on all five external platforms and GSE117606 FFPE
SNX12	down	-0.303015280731213	-3.7585069027018	0.0009738171814304	0.0089364575015474	29934	protein-coding	O	SNX12	current_ncbi_symbol	True	True	True	True	True	False	5	False	True	False	strict state-shared core; NCBI protein-coding; feature present on all five external platforms and GSE117606 FFPE
POLE3	down	-0.384445351598283	-3.75711774996549	0.0009785587903122	0.0474009029150761	54107	protein-coding	O	POLE3	current_ncbi_symbol	True	True	True	True	True	False	5	False	True	False	strict state-shared core; NCBI protein-coding; feature present on all five external platforms and GSE117606 FFPE
MDK	up	0.563014436235651	3.75586701471705	0.0009827787760772	0.0447348108332094	4192	protein-coding	O	MDK	current_ncbi_symbol	True	True	True	True	True	False	5	False	True	False	strict state-shared core; NCBI protein-coding; feature present on all five external platforms and GSE117606 FFPE
CNPPD1	down	-0.323792779563257	-3.75553632627869	0.0009833968682709	0.0044334531988274	27013	protein-coding	O	CNPPD1	current_ncbi_symbol	True	False	True	True	True	False	4	False	True	False	strict state-shared core; NCBI protein-coding; feature present on all five external platforms and GSE117606 FFPE
TARDBP	down	-0.468246550036314	-3.75166900490087	0.0009973144830712	0.0387421074154064	23435	protein-coding	O	TARDBP	current_ncbi_symbol	True	True	True	True	True	False	5	False	True	False	strict state-shared core; NCBI protein-coding; feature present on all five external platforms and GSE117606 FFPE
MOCOS	up	0.448916323950706	3.75111845444424	0.0009988174465368	0.0315473370732671	55034	protein-coding	O	MOCOS	current_ncbi_symbol	True	True	True	True	True	False	5	False	True	False	strict state-shared core; NCBI protein-coding; feature present on all five external platforms and GSE117606 FFPE
PCK2	down	-0.322572714891803	-3.74602567777334	0.0010178980997381	0.0041990894603812	5106	protein-coding	O	PCK2	current_ncbi_symbol	True	True	True	True	True	False	5	False	True	False	strict state-shared core; NCBI protein-coding; feature present on all five external platforms and GSE117606 FFPE
RPAP2	up	0.278948024819189	3.7432835234968	0.0010283671923992	0.0371076678874178	79871	protein-coding	O	RPAP2	current_ncbi_symbol	True	True	True	True	True	False	5	False	True	False	strict state-shared core; NCBI protein-coding; feature present on all five external platforms and GSE117606 FFPE
HUNK	up	0.290014884342674	3.74309815644437	0.0010284181516741	0.029431429464471	30811	protein-coding	O	HUNK	current_ncbi_symbol	True	True	True	True	True	False	5	False	True	False	strict state-shared core; NCBI protein-coding; feature present on all five external platforms and GSE117606 FFPE
SIAE	down	-0.317675883695492	-3.74225191612806	0.0010310532514908	0.0186885671041572	54414	protein-coding	O	SIAE	current_ncbi_symbol	True	True	True	True	True	False	5	False	True	False	strict state-shared core; NCBI protein-coding; feature present on all five external platforms and GSE117606 FFPE
COG4	up	0.288596706683561	3.74210979237746	0.0010310532514908	0.0133898432589493	25839	protein-coding	O	COG4	current_ncbi_symbol	True	True	True	True	True	False	5	False	True	False	strict state-shared core; NCBI protein-coding; feature present on all five external platforms and GSE117606 FFPE
ESYT2	up	0.245624808774113	3.74158726732069	0.001032490166029	0.0240734391870395	57488	protein-coding	O	ESYT2	current_ncbi_symbol	True	False	True	True	True	False	4	False	True	False	strict state-shared core; NCBI protein-coding; feature present on all five external platforms and GSE117606 FFPE
ARID1A	up	0.21349928425738	3.74127231050287	0.001033075615383	0.0412544132029062	8289	protein-coding	O	ARID1A	current_ncbi_symbol	True	True	True	True	True	False	5	False	True	False	strict state-shared core; NCBI protein-coding; feature present on all five external platforms and GSE117606 FFPE
UPF3A	up	0.27027672993402	3.73689478923451	0.0010489410066854	0.0248598338907041	65110	protein-coding	O	UPF3A	current_ncbi_symbol	True	True	True	True	True	False	5	False	True	False	strict state-shared core; NCBI protein-coding; feature present on all five external platforms and GSE117606 FFPE
TNRC18	up	0.37701406061505	3.73685237792256	0.0010489410066854	0.0077516087002662	84629	protein-coding	O	TNRC18	current_ncbi_symbol	True	False	True	True	True	False	4	False	True	False	strict state-shared core; NCBI protein-coding; feature present on all five external platforms and GSE117606 FFPE
CDK10	up	0.446053592958687	3.73494586158521	0.001055771936953	0.0190675613984874	8558	protein-coding	O	CDK10	current_ncbi_symbol	True	True	True	True	True	False	5	False	True	False	strict state-shared core; NCBI protein-coding; feature present on all five external platforms and GSE117606 FFPE
EIF3K	down	-0.271064974229088	-3.73466246392921	0.0010562390134595	0.0176211149820868	27335	protein-coding	O	EIF3K	current_ncbi_symbol	True	True	True	True	True	False	5	False	True	False	strict state-shared core; NCBI protein-coding; feature present on all five external platforms and GSE117606 FFPE
UCHL3	down	-0.520241299660694	-3.73267769091384	0.0010631462102984	0.0166159615338859	7347	protein-coding	O	UCHL3	current_ncbi_symbol	True	True	True	True	True	False	5	False	True	False	strict state-shared core; NCBI protein-coding; feature present on all five external platforms and GSE117606 FFPE
OCLN	down	-0.339792710453415	-3.73135957010316	0.0010679963001729	0.0387452849667306	100506658	protein-coding	O	OCLN	current_ncbi_symbol	False	True	True	True	True	False	4	False	True	False	strict state-shared core; NCBI protein-coding; feature present on all five external platforms and GSE117606 FFPE
HPRT1	down	-0.409820654846669	-3.7297231665553	0.0010742233442282	0.0188601639077427	3251	protein-coding	O	HPRT1	current_ncbi_symbol	True	True	True	True	True	False	5	False	True	False	strict state-shared core; NCBI protein-coding; feature present on all five external platforms and GSE117606 FFPE
URM1	up	0.295110076145638	3.72868788706207	0.0010768308135576	0.0076859607427347	81605	protein-coding	O	URM1	current_ncbi_symbol	True	True	True	True	True	False	5	False	True	False	strict state-shared core; NCBI protein-coding; feature present on all five external platforms and GSE117606 FFPE
SCLY	up	0.341085189130106	3.7286290820281	0.0010768308135576	0.0266407894121489	51540	protein-coding	O	SCLY	current_ncbi_symbol	False	True	True	True	True	False	4	False	True	False	strict state-shared core; NCBI protein-coding; feature present on all five external platforms and GSE117606 FFPE
RHOT1	up	0.274143202447181	3.72859737049245	0.0010768308135576	0.004682415245004	55288	protein-coding	O	RHOT1	current_ncbi_symbol	True	True	True	True	True	False	5	False	True	False	strict state-shared core; NCBI protein-coding; feature present on all five external platforms and GSE117606 FFPE
SLC41A2	down	-0.33762971744263	-3.72815534414521	0.0010779875562339	0.0242220432648443	84102	protein-coding	O	SLC41A2	current_ncbi_symbol	True	True	True	True	True	False	5	False	True	False	strict state-shared core; NCBI protein-coding; feature present on all five external platforms and GSE117606 FFPE
UBB	down	-0.504928551126481	-3.7240443205108	0.001094216127708	0.0135703502944655	7314	protein-coding	O	UBB	current_ncbi_symbol	True	True	True	True	True	False	5	False	True	False	strict state-shared core; NCBI protein-coding; feature present on all five external platforms and GSE117606 FFPE
DNAJA2	down	-0.475537150465117	-3.72203911719749	0.0011021962645585	0.0193944513549885	10294	protein-coding	O	DNAJA2	current_ncbi_symbol	True	True	True	True	True	False	5	False	True	False	strict state-shared core; NCBI protein-coding; feature present on all five external platforms and GSE117606 FFPE
MED6	down	-0.289014253521733	-3.72128221601905	0.0011043760516927	0.0158143089957491	10001	protein-coding	O	MED6	current_ncbi_symbol	True	True	True	True	True	False	5	False	True	False	strict state-shared core; NCBI protein-coding; feature present on all five external platforms and GSE117606 FFPE
QPCTL	up	0.487356703022617	3.72119799106446	0.0011043760516927	0.0144775760038216	54814	protein-coding	O	QPCTL	current_ncbi_symbol	True	True	True	True	True	False	5	False	True	False	strict state-shared core; NCBI protein-coding; feature present on all five external platforms and GSE117606 FFPE
XPO5	up	0.260715897043465	3.71899061694065	0.0011133164347758	0.0161074541973811	57510	protein-coding	O	XPO5	current_ncbi_symbol	True	True	True	True	True	False	5	False	True	False	strict state-shared core; NCBI protein-coding; feature present on all five external platforms and GSE117606 FFPE
SUFU	up	0.363467713033318	3.71602947262814	0.0011241550163378	0.0150105138534367	51684	protein-coding	O	SUFU	current_ncbi_symbol	True	True	True	True	True	False	5	False	True	False	strict state-shared core; NCBI protein-coding; feature present on all five external platforms and GSE117606 FFPE
OPA3	up	0.27370224061975	3.71551620120703	0.0011256789961612	0.0373142885565214	80207	protein-coding	O	OPA3	current_ncbi_symbol	True	True	True	True	True	False	5	False	True	False	strict state-shared core; NCBI protein-coding; feature present on all five external platforms and GSE117606 FFPE
TMEM14A	down	-0.443279635567563	-3.71173187688051	0.0011388019890498	0.0145161800148901	28978	protein-coding	O	TMEM14A	current_ncbi_symbol	True	True	True	True	True	False	5	False	True	False	strict state-shared core; NCBI protein-coding; feature present on all five external platforms and GSE117606 FFPE
GCNT2	down	-0.724098264326844	-3.71061403726776	0.0011430735567567	0.0235248847938647	2651	protein-coding	O	GCNT2	current_ncbi_symbol	True	True	True	True	True	False	5	False	True	False	strict state-shared core; NCBI protein-coding; feature present on all five external platforms and GSE117606 FFPE
EBAG9	down	-0.41359577504602	-3.71006675693486	0.0011447775807421	0.0383397232833522	9166	protein-coding	O	EBAG9	current_ncbi_symbol	True	True	True	True	True	False	5	False	True	False	strict state-shared core; NCBI protein-coding; feature present on all five external platforms and GSE117606 FFPE
NDUFAF3	down	-0.3731543595054	-3.70546902005217	0.0011634006324885	0.0041442623679878	25915	protein-coding	O	NDUFAF3	current_ncbi_symbol	True	False	True	True	True	False	4	False	True	False	strict state-shared core; NCBI protein-coding; feature present on all five external platforms and GSE117606 FFPE
HIPK1	down	-0.370927525726223	-3.70490670933364	0.0011652030409228	0.0138843244417369	204851	protein-coding	O	HIPK1	current_ncbi_symbol	True	True	True	True	True	False	5	False	True	False	strict state-shared core; NCBI protein-coding; feature present on all five external platforms and GSE117606 FFPE
PRDX4	down	-0.390800770131933	-3.70387883245053	0.0011691534299315	0.0464212814638131	10549	protein-coding	O	PRDX4	current_ncbi_symbol	True	True	True	True	True	False	5	False	True	False	strict state-shared core; NCBI protein-coding; feature present on all five external platforms and GSE117606 FFPE
HERPUD1	down	-0.4411960254764	-3.70282786856013	0.0011732233638514	0.0164208766316427	9709	protein-coding	O	HERPUD1	current_ncbi_symbol	True	True	True	True	True	False	5	False	True	False	strict state-shared core; NCBI protein-coding; feature present on all five external platforms and GSE117606 FFPE
ZC3H15	down	-0.361222995447974	-3.70066340944879	0.001181694847049	0.0272422406498808	55854	protein-coding	O	ZC3H15	current_ncbi_symbol	True	True	True	True	True	False	5	False	True	False	strict state-shared core; NCBI protein-coding; feature present on all five external platforms and GSE117606 FFPE
PES1	up	0.423535283821652	3.69954502542081	0.0011861212720438	0.0163137313802981	23481	protein-coding	O	PES1	current_ncbi_symbol	True	True	True	True	True	False	5	False	True	False	strict state-shared core; NCBI protein-coding; feature present on all five external platforms and GSE117606 FFPE
ALG2	down	-0.547865135930336	-3.69656450906349	0.0011991194713727	0.0286968796693645	85365	protein-coding	O	ALG2	current_ncbi_symbol	True	True	True	True	True	False	5	False	True	False	strict state-shared core; NCBI protein-coding; feature present on all five external platforms and GSE117606 FFPE
CDK5RAP2	up	0.291611492799628	3.69643878993172	0.0011991194713727	0.0037154750490296	55755	protein-coding	O	CDK5RAP2	current_ncbi_symbol	True	True	True	True	True	False	5	False	True	False	strict state-shared core; NCBI protein-coding; feature present on all five external platforms and GSE117606 FFPE
TEC	up	0.360026881194073	3.6922945584362	0.001217211064626	0.0103294519125056	100124696	unknown	-	TEC	current_ncbi_symbol	False	True	True	True	True	False	4	False	False	False	strict state-shared core; NCBI protein-coding; feature present on all five external platforms and GSE117606 FFPE
NMRAL1	up	0.315837612104409	3.6912262759488	0.0012207090194721	0.0041549653917176	57407	protein-coding	O	NMRAL1	current_ncbi_symbol	True	True	True	True	True	False	5	False	True	False	strict state-shared core; NCBI protein-coding; feature present on all five external platforms and GSE117606 FFPE
RELA	up	0.311597739379289	3.68317169659254	0.0012566068243133	0.0038164398009286	5970	protein-coding	O	RELA	current_ncbi_symbol	True	True	True	True	True	False	5	False	True	False	strict state-shared core; NCBI protein-coding; feature present on all five external platforms and GSE117606 FFPE
TRNAU1AP	up	0.327667467623034	3.68246083466609	0.0012592814633644	0.0255779675490531	54952	protein-coding	O	TRNAU1AP	current_ncbi_symbol	True	True	True	True	True	False	5	False	True	False	strict state-shared core; NCBI protein-coding; feature present on all five external platforms and GSE117606 FFPE
WDR31	up	0.405171646639611	3.68163216680165	0.0012617089942655	0.0163003836423223	114987	protein-coding	O	WDR31	current_ncbi_symbol	True	True	True	True	True	False	5	False	True	False	strict state-shared core; NCBI protein-coding; feature present on all five external platforms and GSE117606 FFPE
PTPN6	up	0.328949905789686	3.67880955109087	0.0012736776952007	0.0119219762912357	5777	protein-coding	O	PTPN6	current_ncbi_symbol	True	True	True	True	True	False	5	False	True	False	strict state-shared core; NCBI protein-coding; feature present on all five external platforms and GSE117606 FFPE
NSUN5	up	0.370991532938316	3.67828594854111	0.0012749968984886	0.0226959176725078	55695	protein-coding	O	NSUN5	current_ncbi_symbol	True	True	True	True	True	False	5	False	True	False	strict state-shared core; NCBI protein-coding; feature present on all five external platforms and GSE117606 FFPE
ZRANB2	down	-0.41433030966267	-3.67781194040688	0.0012763277792421	0.0144251536495166	9406	protein-coding	O	ZRANB2	current_ncbi_symbol	True	True	True	True	True	False	5	False	True	False	strict state-shared core; NCBI protein-coding; feature present on all five external platforms and GSE117606 FFPE
BIN3	up	0.317930388250755	3.67768297456775	0.0012763277792421	0.0218644057683854	55909	protein-coding	O	BIN3	current_ncbi_symbol	True	True	True	True	True	False	5	False	True	False	strict state-shared core; NCBI protein-coding; feature present on all five external platforms and GSE117606 FFPE
PRSS16	down	-0.418263969380361	-3.67727171816637	0.0012775438702826	0.0315321992761013	10279	protein-coding	O	PRSS16	current_ncbi_symbol	True	True	True	True	True	False	5	False	True	False	strict state-shared core; NCBI protein-coding; feature present on all five external platforms and GSE117606 FFPE
ADPGK	up	0.289230483352546	3.67626159157607	0.0012809218190287	0.0034130895230272	83440	protein-coding	O	ADPGK	current_ncbi_symbol	True	True	True	True	True	False	5	False	True	False	strict state-shared core; NCBI protein-coding; feature present on all five external platforms and GSE117606 FFPE
MT-TP	down	-0.515760128107222	-3.67025828399276	0.001308799984429	0.0166744742074729						False	False	False	False	False	False	0	False	False	False	strict state-shared core; NCBI protein-coding; feature present on all five external platforms and GSE117606 FFPE
FBXO28	up	0.246742601243668	3.66797415116927	0.0013196777418443	0.008404738422362	23219	protein-coding	O	FBXO28	current_ncbi_symbol	True	True	True	True	True	False	5	False	True	False	strict state-shared core; NCBI protein-coding; feature present on all five external platforms and GSE117606 FFPE
DPY30	down	-0.250999452644338	-3.66422229767813	0.0013374151817053	0.0121373789749868	84661	protein-coding	O	DPY30	current_ncbi_symbol	True	True	True	True	True	False	5	False	True	False	strict state-shared core; NCBI protein-coding; feature present on all five external platforms and GSE117606 FFPE
EIF4A3	down	-0.334568478574852	-3.66309843948994	0.0013415397215182	0.0259984224808099	9775	protein-coding	O	EIF4A3	current_ncbi_symbol	True	True	True	True	True	False	5	False	True	False	strict state-shared core; NCBI protein-coding; feature present on all five external platforms and GSE117606 FFPE
MRPL33	down	-0.360264782156703	-3.65792984851024	0.0013661937866116	0.0096370642352068	9553	protein-coding	O	MRPL33	current_ncbi_symbol	True	True	True	True	True	False	5	False	True	False	strict state-shared core; NCBI protein-coding; feature present on all five external platforms and GSE117606 FFPE
SAP30L	down	-0.384778063174868	-3.65449814481334	0.0013827889776707	0.0181226428960908	79685	protein-coding	O	SAP30L	current_ncbi_symbol	True	True	True	True	True	False	5	False	True	False	strict state-shared core; NCBI protein-coding; feature present on all five external platforms and GSE117606 FFPE
CAPN2	down	-0.310608895671502	-3.6531185755626	0.0013893356938794	0.0287760533863772	824	protein-coding	O	CAPN2	current_ncbi_symbol	True	True	True	True	True	False	5	False	True	False	strict state-shared core; NCBI protein-coding; feature present on all five external platforms and GSE117606 FFPE
CHDH	up	0.376968172560741	3.6514410379969	0.0013966218954894	0.0172535407474142	55349	protein-coding	O	CHDH	current_ncbi_symbol	True	True	True	True	True	False	5	False	True	False	strict state-shared core; NCBI protein-coding; feature present on all five external platforms and GSE117606 FFPE
TMEM126A	down	-0.464723937393789	-3.64913864588883	0.0014064488657682	0.01600945668327	84233	protein-coding	O	TMEM126A	current_ncbi_symbol	True	True	True	True	True	False	5	False	True	False	strict state-shared core; NCBI protein-coding; feature present on all five external platforms and GSE117606 FFPE
SCIN	down	-0.480157545462577	-3.64350013315368	0.0014357683590718	0.0067609307171669	85477	protein-coding	O	SCIN	current_ncbi_symbol	True	True	True	True	True	False	5	False	True	False	strict state-shared core; NCBI protein-coding; feature present on all five external platforms and GSE117606 FFPE
SDCCAG8	up	0.279910332141508	3.63971183223738	0.001455166696307	0.019339179083336	10806	protein-coding	O	SDCCAG8	current_ncbi_symbol	True	True	True	True	True	False	5	False	True	False	strict state-shared core; NCBI protein-coding; feature present on all five external platforms and GSE117606 FFPE
SAMD1	up	0.285475021583986	3.63931042745068	0.0014564921266567	0.0114801652025952	90378	protein-coding	O	SAMD1	current_ncbi_symbol	True	True	True	True	True	False	5	False	True	False	strict state-shared core; NCBI protein-coding; feature present on all five external platforms and GSE117606 FFPE
CHD8	up	0.247181263114134	3.63877193880045	0.0014585952627177	0.0135759194390003	57680	protein-coding	O	CHD8	current_ncbi_symbol	True	True	True	True	True	False	5	False	True	False	strict state-shared core; NCBI protein-coding; feature present on all five external platforms and GSE117606 FFPE
ENSG00000205236	up	0.573970844494966	3.63581375562098	0.0014735291135737	0.0469187492752557						False	False	False	False	False	False	0	False	False	False	strict state-shared core; NCBI protein-coding; feature present on all five external platforms and GSE117606 FFPE
EIF3H	down	-0.35666283832933	-3.63559478745865	0.001473828098171	0.0304953087955646	8667	protein-coding	O	EIF3H	current_ncbi_symbol	True	True	True	True	True	False	5	False	True	False	strict state-shared core; NCBI protein-coding; feature present on all five external platforms and GSE117606 FFPE
UBE2D1	down	-0.496572859403608	-3.63460637136536	0.001477758625146	0.0247456601985099	7321	protein-coding	O	UBE2D1	current_ncbi_symbol	True	True	True	True	True	False	5	False	True	False	strict state-shared core; NCBI protein-coding; feature present on all five external platforms and GSE117606 FFPE
FAM182B	up	0.549042466669262	3.63440871055142	0.001477758625146	0.0093908439035165	728882	ncRNA	O	FAM182B	current_ncbi_symbol	True	False	True	True	True	False	4	False	False	False	strict state-shared core; NCBI protein-coding; feature present on all five external platforms and GSE117606 FFPE
SH2D4A	up	0.295001473197839	3.63253258119101	0.0014866297371969	0.0355613778283879	63898	protein-coding	O	SH2D4A	current_ncbi_symbol	True	True	True	True	True	False	5	False	True	False	strict state-shared core; NCBI protein-coding; feature present on all five external platforms and GSE117606 FFPE
COPB2	down	-0.334443170435651	-3.63009627527341	0.0014997662169734	0.0090713867085846	9276	protein-coding	O	COPB2	current_ncbi_symbol	True	True	True	True	True	False	5	False	True	False	strict state-shared core; NCBI protein-coding; feature present on all five external platforms and GSE117606 FFPE
DHX37	up	0.415697039385621	3.62864788504364	0.0015072337278571	0.008494890171394	57647	protein-coding	O	DHX37	current_ncbi_symbol	True	True	True	True	True	False	5	False	True	False	strict state-shared core; NCBI protein-coding; feature present on all five external platforms and GSE117606 FFPE
MAD2L1BP	down	-0.382226297398366	-3.62828657917822	0.0015083735485703	0.0054216743997664	9587	protein-coding	O	MAD2L1BP	current_ncbi_symbol	True	True	True	True	True	False	5	False	True	False	strict state-shared core; NCBI protein-coding; feature present on all five external platforms and GSE117606 FFPE
LINS1	down	-0.390489612629203	-3.62755297851223	0.0015116922674384	0.0195245954749441	55180	protein-coding	O	LINS1	current_ncbi_symbol	True	True	True	True	False	False	4	False	True	False	strict state-shared core; NCBI protein-coding; feature present on all five external platforms and GSE117606 FFPE
USP6NL	up	0.209413058302204	3.62643623926908	0.0015162929186491	0.0141734301229446	9712	protein-coding	O	USP6NL	current_ncbi_symbol	True	True	True	True	True	False	5	False	True	False	strict state-shared core; NCBI protein-coding; feature present on all five external platforms and GSE117606 FFPE
NCR3LG1	up	0.351868406918883	3.6253564634978	0.0015206907478922	0.015307720600761	374383	protein-coding	O	NCR3LG1	current_ncbi_symbol	False	False	False	False	True	False	1	False	True	False	strict state-shared core; NCBI protein-coding; feature present on all five external platforms and GSE117606 FFPE
MORF4L1	down	-0.362261407434083	-3.62441981485111	0.0015252343501872	0.0286586073822155	10933	protein-coding	O	MORF4L1	current_ncbi_symbol	True	True	True	True	True	False	5	False	True	False	strict state-shared core; NCBI protein-coding; feature present on all five external platforms and GSE117606 FFPE
P4HTM	up	0.360166391541108	3.6221508078787	0.0015376938570467	0.0176299937902423	54681	protein-coding	O	P4HTM	current_ncbi_symbol	True	False	True	True	True	False	4	False	True	False	strict state-shared core; NCBI protein-coding; feature present on all five external platforms and GSE117606 FFPE
EIF1	down	-0.3003835104994	-3.62101531863328	0.001542321544833	0.0413714272061158	10209	protein-coding	O	EIF1	current_ncbi_symbol	True	True	True	True	True	False	5	False	True	False	strict state-shared core; NCBI protein-coding; feature present on all five external platforms and GSE117606 FFPE
LEPROT	down	-0.340598196991347	-3.62095621281022	0.001542321544833	0.013473068850298	54741	protein-coding	O	LEPROT	current_ncbi_symbol	True	True	True	True	True	False	5	False	True	False	strict state-shared core; NCBI protein-coding; feature present on all five external platforms and GSE117606 FFPE
BEST4	down	-1.39686312236669	-3.62087725581998	0.001542321544833	0.0377033938288821	266675	protein-coding	O	BEST4	current_ncbi_symbol	True	True	True	True	True	False	5	False	True	False	strict state-shared core; NCBI protein-coding; feature present on all five external platforms and GSE117606 FFPE
INTS9	up	0.250067547289104	3.62060467919725	0.0015429615113103	0.0301969582359754	55756	protein-coding	O	INTS9	current_ncbi_symbol	True	True	True	True	True	False	5	False	True	False	strict state-shared core; NCBI protein-coding; feature present on all five external platforms and GSE117606 FFPE
NBAS	up	0.210652216045844	3.61925370732092	0.0015500486339529	0.0145810322789791	51594	protein-coding	O	NBAS	current_ncbi_symbol	True	False	True	True	True	False	4	False	True	False	strict state-shared core; NCBI protein-coding; feature present on all five external platforms and GSE117606 FFPE
PBXIP1	up	0.3943478556286	3.61569795051463	0.0015704809051117	0.0300447025231868	57326	protein-coding	O	PBXIP1	current_ncbi_symbol	True	True	True	True	True	False	5	False	True	False	strict state-shared core; NCBI protein-coding; feature present on all five external platforms and GSE117606 FFPE
SERPINB6	up	0.327865026308108	3.61418828515245	0.0015766426249029	0.0379123374025793	5269	protein-coding	O	SERPINB6	current_ncbi_symbol	True	True	True	True	True	False	5	False	True	False	strict state-shared core; NCBI protein-coding; feature present on all five external platforms and GSE117606 FFPE
GPR35	up	0.301518861226061	3.61363416857829	0.0015772063956479	0.0157819514858993	2859	protein-coding	O	GPR35	current_ncbi_symbol	True	True	True	True	True	False	5	False	True	False	strict state-shared core; NCBI protein-coding; feature present on all five external platforms and GSE117606 FFPE
TMEM143	up	0.398146486539381	3.61362676757368	0.0015772063956479	0.0105058826819103	55260	protein-coding	O	TMEM143	current_ncbi_symbol	True	True	True	True	True	False	5	False	True	False	strict state-shared core; NCBI protein-coding; feature present on all five external platforms and GSE117606 FFPE
MAPK10	up	0.495999338579367	3.61313800011503	0.0015780230057791	0.0239181774723723	5602	protein-coding	O	MAPK10	current_ncbi_symbol	True	True	True	True	True	False	5	False	True	False	strict state-shared core; NCBI protein-coding; feature present on all five external platforms and GSE117606 FFPE
SMC1A	down	-0.305795937247398	-3.61244268118571	0.0015802562948319	0.0067452313829118	8243	protein-coding	O	SMC1A	current_ncbi_symbol	True	True	True	True	True	False	5	False	True	False	strict state-shared core; NCBI protein-coding; feature present on all five external platforms and GSE117606 FFPE
OGFR	up	0.464030979446862	3.61202251083202	0.0015808160127914	0.0206464715481964	11054	protein-coding	O	OGFR	current_ncbi_symbol	True	True	True	True	True	False	5	False	True	False	strict state-shared core; NCBI protein-coding; feature present on all five external platforms and GSE117606 FFPE
FBXW8	up	0.373692703250747	3.61171254015102	0.0015817060353654	0.0117863884717669	26259	protein-coding	O	FBXW8	current_ncbi_symbol	True	True	True	True	True	False	5	False	True	False	strict state-shared core; NCBI protein-coding; feature present on all five external platforms and GSE117606 FFPE
PHF20	up	0.292683254137924	3.60946861748901	0.0015944421068125	0.0053220112107258	51230	protein-coding	O	PHF20	current_ncbi_symbol	True	True	True	True	True	False	5	False	True	False	strict state-shared core; NCBI protein-coding; feature present on all five external platforms and GSE117606 FFPE
SMARCA4	up	0.257847675000308	3.60771181095708	0.0016032472322201	0.0327885652990889	6597	protein-coding	O	SMARCA4	current_ncbi_symbol	True	True	True	True	True	False	5	False	True	False	strict state-shared core; NCBI protein-coding; feature present on all five external platforms and GSE117606 FFPE
TCP1	down	-0.361406017696893	-3.6041797138168	0.0016241808877822	0.0214801766338847	6950	protein-coding	O	TCP1	current_ncbi_symbol	True	True	True	True	True	False	5	False	True	False	strict state-shared core; NCBI protein-coding; feature present on all five external platforms and GSE117606 FFPE
CEP295	up	0.373955260598113	3.5999284787901	0.0016488866409253	0.0170018071417847	85459	protein-coding	O	CEP295	current_ncbi_symbol	True	False	True	True	False	False	3	False	True	False	strict state-shared core; NCBI protein-coding; feature present on all five external platforms and GSE117606 FFPE
SSH2	up	0.19363029923657	3.59837941534509	0.0016573847192707	0.0344588316508886	85464	protein-coding	O	SSH2	current_ncbi_symbol	True	True	True	True	True	False	5	False	True	False	strict state-shared core; NCBI protein-coding; feature present on all five external platforms and GSE117606 FFPE
MCRIP1	up	0.504650169867543	3.5982639516054	0.0016573847192707	0.0074263597008191	348262	protein-coding	O	MCRIP1	current_ncbi_symbol	True	False	True	True	False	False	3	False	True	False	strict state-shared core; NCBI protein-coding; feature present on all five external platforms and GSE117606 FFPE
PI4KB	up	0.294583511962925	3.59782491413148	0.0016591400160959	0.0071549849162084	5298	protein-coding	O	PI4KB	current_ncbi_symbol	True	True	True	True	True	False	5	False	True	False	strict state-shared core; NCBI protein-coding; feature present on all five external platforms and GSE117606 FFPE
IER5	down	-0.404998758951381	-3.59702776910978	0.0016631849420552	0.0131938308561856	51278	protein-coding	O	IER5	current_ncbi_symbol	True	True	True	True	True	False	5	False	True	False	strict state-shared core; NCBI protein-coding; feature present on all five external platforms and GSE117606 FFPE
SLC35A5	down	-0.438738682298326	-3.59498934358241	0.001675208740275	0.0302503667358232	55032	protein-coding	O	SLC35A5	current_ncbi_symbol	True	True	True	True	True	False	5	False	True	False	strict state-shared core; NCBI protein-coding; feature present on all five external platforms and GSE117606 FFPE
SERP1	down	-0.277837700340256	-3.59160553381171	0.0016949857727927	0.046377421754528	27230	protein-coding	O	SERP1	current_ncbi_symbol	True	True	True	True	True	False	5	False	True	False	strict state-shared core; NCBI protein-coding; feature present on all five external platforms and GSE117606 FFPE
GON4L	up	0.269143292450318	3.59056102045533	0.001699183998553	0.0232207781083906	54856	protein-coding	O	GON4L	current_ncbi_symbol	True	True	True	True	True	False	5	False	True	False	strict state-shared core; NCBI protein-coding; feature present on all five external platforms and GSE117606 FFPE
SLMAP	up	0.203548943988043	3.59047087431916	0.001699183998553	0.0059285259515743	7871	protein-coding	O	SLMAP	current_ncbi_symbol	True	True	True	True	True	False	5	False	True	False	strict state-shared core; NCBI protein-coding; feature present on all five external platforms and GSE117606 FFPE
HADHB	down	-0.31113640436955	-3.58873893800744	0.0017083709512275	0.0362699023539468	3032	protein-coding	O	HADHB	current_ncbi_symbol	True	True	True	True	True	False	5	False	True	False	strict state-shared core; NCBI protein-coding; feature present on all five external platforms and GSE117606 FFPE
MRPS16	down	-0.327627295375155	-3.58855650666606	0.0017084981337744	0.0157094894961166	51021	protein-coding	O	MRPS16	current_ncbi_symbol	True	True	True	True	True	False	5	False	True	False	strict state-shared core; NCBI protein-coding; feature present on all five external platforms and GSE117606 FFPE
ALDH6A1	down	-0.324774648527408	-3.58665491009805	0.0017199252028162	0.0100717851148483	4329	protein-coding	O	ALDH6A1	current_ncbi_symbol	True	True	True	True	True	False	5	False	True	False	strict state-shared core; NCBI protein-coding; feature present on all five external platforms and GSE117606 FFPE
SNTB2	up	0.239417331490143	3.58606796780409	0.0017227228520144	0.0344570646538814	6645	protein-coding	O	SNTB2	current_ncbi_symbol	True	True	True	True	True	False	5	False	True	False	strict state-shared core; NCBI protein-coding; feature present on all five external platforms and GSE117606 FFPE
BCL7A	up	0.361996606948612	3.58544782039107	0.0017257447400087	0.0305433946392635	605	protein-coding	O	BCL7A	current_ncbi_symbol	True	True	True	True	True	False	5	False	True	False	strict state-shared core; NCBI protein-coding; feature present on all five external platforms and GSE117606 FFPE
PLEKHA5	up	0.262108641324725	3.58444346275677	0.0017313186361922	0.0134075232668827	54477	protein-coding	O	PLEKHA5	current_ncbi_symbol	True	True	True	True	True	False	5	False	True	False	strict state-shared core; NCBI protein-coding; feature present on all five external platforms and GSE117606 FFPE
CWC15	down	-0.283033597908751	-3.57657135721006	0.001776863362164	0.0349446321673994	51503	protein-coding	O	CWC15	current_ncbi_symbol	True	True	True	True	True	False	5	False	True	False	strict state-shared core; NCBI protein-coding; feature present on all five external platforms and GSE117606 FFPE
GFM1	down	-0.363530893115599	-3.5765213282441	0.001776863362164	0.0190432648408215	85476	protein-coding	O	GFM1	current_ncbi_symbol	True	True	True	True	True	False	5	False	True	False	strict state-shared core; NCBI protein-coding; feature present on all five external platforms and GSE117606 FFPE
KIAA1191	down	-0.463055117809689	-3.57625942664233	0.0017775401933006	0.0154208085334138	57179	protein-coding	O	KIAA1191	current_ncbi_symbol	True	True	True	True	True	False	5	False	True	False	strict state-shared core; NCBI protein-coding; feature present on all five external platforms and GSE117606 FFPE
POLR2A	up	0.24905244874175	3.57571896894736	0.0017801125183123	0.0462042705067369	5430	protein-coding	O	POLR2A	current_ncbi_symbol	True	True	True	True	True	False	5	False	True	False	strict state-shared core; NCBI protein-coding; feature present on all five external platforms and GSE117606 FFPE
NR1H3	down	-0.312287299849097	-3.57254200722805	0.0017989308610326	0.0189088555004359	10062	protein-coding	O	NR1H3	current_ncbi_symbol	True	True	True	True	True	False	5	False	True	False	strict state-shared core; NCBI protein-coding; feature present on all five external platforms and GSE117606 FFPE
ETNK1	down	-0.531735680669528	-3.5723059461129	0.0017989308610326	0.0310489066941053	55500	protein-coding	O	ETNK1	current_ncbi_symbol	True	True	True	True	True	False	5	False	True	False	strict state-shared core; NCBI protein-coding; feature present on all five external platforms and GSE117606 FFPE
ERBB3	down	-0.186628747501465	-3.57215699176748	0.0017989308610326	0.0182305555701516	2065	protein-coding	O	ERBB3	current_ncbi_symbol	True	True	True	True	True	False	5	False	True	False	strict state-shared core; NCBI protein-coding; feature present on all five external platforms and GSE117606 FFPE
LARS2	up	0.211068397156017	3.57086611435094	0.0018067043528837	0.0213658542643591	23395	protein-coding	O	LARS2	current_ncbi_symbol	True	True	True	True	True	False	5	False	True	False	strict state-shared core; NCBI protein-coding; feature present on all five external platforms and GSE117606 FFPE
ACIN1	up	0.231225503379027	3.57001129743176	0.0018103739100475	0.0237151043468913	22985	protein-coding	O	ACIN1	current_ncbi_symbol	True	True	True	True	True	False	5	False	True	False	strict state-shared core; NCBI protein-coding; feature present on all five external platforms and GSE117606 FFPE
MECR	up	0.335550638817994	3.56866629379479	0.0018174492726138	0.0216674509881641	51102	protein-coding	O	MECR	current_ncbi_symbol	True	True	True	True	True	False	5	False	True	False	strict state-shared core; NCBI protein-coding; feature present on all five external platforms and GSE117606 FFPE
SIKE1	down	-0.442184416410313	-3.56786747638302	0.001821875043093	0.02422522927092	80143	protein-coding	O	SIKE1	current_ncbi_symbol	True	False	True	True	True	False	4	False	True	False	strict state-shared core; NCBI protein-coding; feature present on all five external platforms and GSE117606 FFPE
LIMS1	up	0.27406039605154	3.56656022546662	0.0018298565600441	0.0487590110693036	3987	protein-coding	O	LIMS1	current_ncbi_symbol	True	True	True	True	True	False	5	False	True	False	strict state-shared core; NCBI protein-coding; feature present on all five external platforms and GSE117606 FFPE
MT1E	down	-0.55668984012884	-3.56581257894415	0.0018328259087925	0.0264443118982244	4493	protein-coding	O	MT1E	current_ncbi_symbol	False	True	True	True	True	False	4	False	True	False	strict state-shared core; NCBI protein-coding; feature present on all five external platforms and GSE117606 FFPE
RPLP2	down	-0.354367548148604	-3.56511548433319	0.0018365754971901	0.0429631355404606	6181	protein-coding	O	RPLP2	current_ncbi_symbol	False	True	True	True	True	False	4	False	True	False	strict state-shared core; NCBI protein-coding; feature present on all five external platforms and GSE117606 FFPE
AGPAT5	down	-0.418456071625873	-3.56206853068512	0.0018546107346646	0.0383651517468346	55326	protein-coding	O	AGPAT5	current_ncbi_symbol	True	True	True	True	True	False	5	False	True	False	strict state-shared core; NCBI protein-coding; feature present on all five external platforms and GSE117606 FFPE
LYPD8	down	-0.764875713748342	-3.55581445173724	0.0018981339695326	0.0277309847075627	646627	protein-coding	O	LYPD8	current_ncbi_symbol	True	False	True	True	True	True	5	False	True	False	strict state-shared core; NCBI protein-coding; feature present on all five external platforms and GSE117606 FFPE
PDIA6	up	0.466106940420096	3.55417009255142	0.001908872390235	0.0151388499875838	10130	protein-coding	O	PDIA6	current_ncbi_symbol	True	True	True	True	True	False	5	False	True	False	strict state-shared core; NCBI protein-coding; feature present on all five external platforms and GSE117606 FFPE
SMAGP	down	-0.282568827824328	-3.55266202738227	0.0019186731412908	0.0340311767642278	57228	protein-coding	O	SMAGP	current_ncbi_symbol	True	False	True	True	True	False	4	False	True	False	strict state-shared core; NCBI protein-coding; feature present on all five external platforms and GSE117606 FFPE
PTPDC1	up	0.423222609155438	3.55245081307034	0.0019190396717902	0.015921683684591	138639	protein-coding	O	PTPDC1	current_ncbi_symbol	True	True	True	True	True	False	5	False	True	False	strict state-shared core; NCBI protein-coding; feature present on all five external platforms and GSE117606 FFPE
DHX34	up	0.426818792438161	3.55096638490962	0.0019287161239681	0.0108243582360048	9704	protein-coding	O	DHX34	current_ncbi_symbol	True	True	True	True	True	False	5	False	True	False	strict state-shared core; NCBI protein-coding; feature present on all five external platforms and GSE117606 FFPE
TMED10	down	-0.383138904056154	-3.55041610722126	0.0019303926794869	0.0124295506889397	10972	protein-coding	O	TMED10	current_ncbi_symbol	True	True	True	True	True	False	5	False	True	False	strict state-shared core; NCBI protein-coding; feature present on all five external platforms and GSE117606 FFPE
ADAMTSL4-AS1	up	0.503305655958539	3.54938564907801	0.0019367809747096	0.0295224655282322	574406	ncRNA	O	ADAMTSL4-AS1	current_ncbi_symbol	False	False	False	False	False	False	0	False	False	False	strict state-shared core; NCBI protein-coding; feature present on all five external platforms and GSE117606 FFPE
CDH17	down	-0.331603973895617	-3.54822819523619	0.0019429416927026	0.0088635392297175	1015	protein-coding	O	CDH17	current_ncbi_symbol	True	True	True	True	True	False	5	False	True	False	strict state-shared core; NCBI protein-coding; feature present on all five external platforms and GSE117606 FFPE
LBR	down	-0.543987902011885	-3.54455110926811	0.0019666504650468	0.0254438760824629	3930	protein-coding	O	LBR	current_ncbi_symbol	True	True	True	True	True	False	5	False	True	False	strict state-shared core; NCBI protein-coding; feature present on all five external platforms and GSE117606 FFPE
MCTS1	down	-0.27170037781493	-3.54426094736478	0.0019667783385972	0.005374068657772	28985	protein-coding	O	MCTS1	current_ncbi_symbol	True	True	True	True	True	False	5	False	True	False	strict state-shared core; NCBI protein-coding; feature present on all five external platforms and GSE117606 FFPE
SQSTM1	up	0.39742686169441	3.54340305625375	0.0019698858660148	0.0199249130797116	8878	protein-coding	O	SQSTM1	current_ncbi_symbol	True	True	True	True	True	False	5	False	True	False	strict state-shared core; NCBI protein-coding; feature present on all five external platforms and GSE117606 FFPE
TSEN34	down	-0.3130558086493	-3.54331706833786	0.0019698858660148	0.0296751548516403	79042	protein-coding	O	TSEN34	current_ncbi_symbol	True	True	True	True	True	False	5	False	True	False	strict state-shared core; NCBI protein-coding; feature present on all five external platforms and GSE117606 FFPE
TAF9	down	-0.401767960751938	-3.54281640774729	0.0019724331448125	0.0452667132105359	6880	protein-coding	O	TAF9	current_ncbi_symbol	True	True	True	True	True	False	5	False	True	False	strict state-shared core; NCBI protein-coding; feature present on all five external platforms and GSE117606 FFPE
EPCAM-DT	up	0.373017868253698	3.54203447368723	0.0019770911428587	0.0356665457208302	101927043	ncRNA	O	EPCAM-DT	current_ncbi_symbol	True	False	False	False	False	False	1	False	False	False	strict state-shared core; NCBI protein-coding; feature present on all five external platforms and GSE117606 FFPE
IFT25	down	-0.291295394278162	-3.54020138707149	0.001987264273237	0.0186903871665938	51668	protein-coding	O	IFT25	current_ncbi_symbol	True	False	False	False	False	False	1	False	True	False	strict state-shared core; NCBI protein-coding; feature present on all five external platforms and GSE117606 FFPE
UBR1	up	0.269464078020031	3.53746710711388	0.002006240801821	0.034181225624343	197131	protein-coding	O	UBR1	current_ncbi_symbol	True	True	True	True	True	False	5	False	True	False	strict state-shared core; NCBI protein-coding; feature present on all five external platforms and GSE117606 FFPE
TNFAIP8	up	0.423943593276649	3.53707101284731	0.0020066192971776	0.007351420363142	25816	protein-coding	O	TNFAIP8	current_ncbi_symbol	True	True	True	True	True	False	5	False	True	False	strict state-shared core; NCBI protein-coding; feature present on all five external platforms and GSE117606 FFPE
FBXO38	down	-0.336971618801227	-3.5370048550835	0.0020066192971776	0.040814787269543	81545	protein-coding	O	FBXO38	current_ncbi_symbol	True	True	True	True	True	False	5	False	True	False	strict state-shared core; NCBI protein-coding; feature present on all five external platforms and GSE117606 FFPE
RAB15	up	0.357221595507131	3.53549442495889	0.0020169092848676	0.030569535840646	376267	protein-coding	O	RAB15	current_ncbi_symbol	True	True	True	True	True	False	5	False	True	False	strict state-shared core; NCBI protein-coding; feature present on all five external platforms and GSE117606 FFPE
PPARA	up	0.237581578835049	3.53431391825157	0.0020235003965546	0.0219642257898201	5465	protein-coding	O	PPARA	current_ncbi_symbol	True	True	True	True	True	False	5	False	True	False	strict state-shared core; NCBI protein-coding; feature present on all five external platforms and GSE117606 FFPE
PIGS	down	-0.304316335694589	-3.53067154753678	0.0020478695005354	0.0135046870999244	94005	protein-coding	O	PIGS	current_ncbi_symbol	True	True	True	True	True	False	5	False	True	False	strict state-shared core; NCBI protein-coding; feature present on all five external platforms and GSE117606 FFPE
PCGF3	up	0.239448166543475	3.5302345073283	0.0020500235249967	0.0095739517321946	10336	protein-coding	O	PCGF3	current_ncbi_symbol	True	True	True	True	True	False	5	False	True	False	strict state-shared core; NCBI protein-coding; feature present on all five external platforms and GSE117606 FFPE
VAC14	up	0.322331769386602	3.5284620958719	0.0020613247751201	0.0106936447044503	55697	protein-coding	O	VAC14	current_ncbi_symbol	True	True	True	True	True	False	5	False	True	False	strict state-shared core; NCBI protein-coding; feature present on all five external platforms and GSE117606 FFPE
RTL8A	down	-0.392300997654125	-3.52509323429825	0.0020843198300906	0.0046719421250154	26071	protein-coding	O	RTL8A	current_ncbi_symbol	True	False	False	False	False	False	1	False	True	False	strict state-shared core; NCBI protein-coding; feature present on all five external platforms and GSE117606 FFPE
LINC02511	up	0.501361956406012	3.51955652870605	0.0021178085209087	0.0107850107609344	105377441	ncRNA	O	LINC02511	current_ncbi_symbol	False	False	False	False	False	False	0	False	False	False	strict state-shared core; NCBI protein-coding; feature present on all five external platforms and GSE117606 FFPE
RFNG	up	0.373159384035165	3.51805694586993	0.002128544030454	0.0263698444896227	5986	protein-coding	O	RFNG	current_ncbi_symbol	True	True	True	True	True	False	5	False	True	False	strict state-shared core; NCBI protein-coding; feature present on all five external platforms and GSE117606 FFPE
SUSD1	up	0.296309899024097	3.51251122032705	0.0021682985733225	0.0171036501088914	64420	protein-coding	O	SUSD1	current_ncbi_symbol	True	True	True	True	True	False	5	False	True	False	strict state-shared core; NCBI protein-coding; feature present on all five external platforms and GSE117606 FFPE
SPRYD7	down	-0.310921973261461	-3.51197038415846	0.0021714256300014	0.0465360892798644	57213	protein-coding	O	SPRYD7	current_ncbi_symbol	True	False	True	True	True	False	4	False	True	False	strict state-shared core; NCBI protein-coding; feature present on all five external platforms and GSE117606 FFPE
ENSG00000268362	up	0.520927834676601	3.51068363630604	0.0021793957704262	0.0152805851343798						False	False	False	False	False	False	0	False	False	False	strict state-shared core; NCBI protein-coding; feature present on all five external platforms and GSE117606 FFPE
ZNF526	up	0.468218965522106	3.51068101854459	0.0021793957704262	0.008192623559627	116115	protein-coding	O	ZNF526	current_ncbi_symbol	True	True	True	True	True	False	5	False	True	False	strict state-shared core; NCBI protein-coding; feature present on all five external platforms and GSE117606 FFPE
ZNF142	up	0.329485673075992	3.5100095498435	0.0021836116334961	0.0252502094772045	7701	protein-coding	O	ZNF142	current_ncbi_symbol	True	True	True	True	True	False	5	False	True	False	strict state-shared core; NCBI protein-coding; feature present on all five external platforms and GSE117606 FFPE
ENY2	down	-0.257135824312511	-3.5097068995804	0.002184803295598	0.0349460827347428	56943	protein-coding	O	ENY2	current_ncbi_symbol	True	True	True	True	True	False	5	False	True	False	strict state-shared core; NCBI protein-coding; feature present on all five external platforms and GSE117606 FFPE
WDR46	up	0.353119896760629	3.50710786690533	0.0022023406431948	0.0154100464700911	9277	protein-coding	O	WDR46	current_ncbi_symbol	True	True	True	True	True	False	5	False	True	False	strict state-shared core; NCBI protein-coding; feature present on all five external platforms and GSE117606 FFPE
PARK7	down	-0.303102229898136	-3.50303239835421	0.0022311999337815	0.0384532598817224	11315	protein-coding	O	PARK7	current_ncbi_symbol	True	True	True	True	True	False	5	False	True	False	strict state-shared core; NCBI protein-coding; feature present on all five external platforms and GSE117606 FFPE
MAP1LC3B	down	-0.357077067472945	-3.50078015893889	0.0022460002127731	0.0394451026833178	81631	protein-coding	O	MAP1LC3B	current_ncbi_symbol	True	True	True	True	True	False	5	False	True	False	strict state-shared core; NCBI protein-coding; feature present on all five external platforms and GSE117606 FFPE
SNW1	down	-0.352689336937611	-3.50003895030724	0.0022509290590428	0.0121580555745459	22938	protein-coding	O	SNW1	current_ncbi_symbol	True	True	True	True	True	False	5	False	True	False	strict state-shared core; NCBI protein-coding; feature present on all five external platforms and GSE117606 FFPE
ZNF346	up	0.301044969961169	3.49883282962093	0.0022598052267423	0.0463330354698576	23567	protein-coding	O	ZNF346	current_ncbi_symbol	True	True	True	True	True	False	5	False	True	False	strict state-shared core; NCBI protein-coding; feature present on all five external platforms and GSE117606 FFPE
RGPD5	up	0.266960437760947	3.49582533186741	0.0022840845054405	0.0075551928699223	84220	protein-coding	O	RGPD5	current_ncbi_symbol	False	True	True	True	True	False	4	False	True	False	strict state-shared core; NCBI protein-coding; feature present on all five external platforms and GSE117606 FFPE
CBL	up	0.2866641209871	3.49368190852035	0.002299213524729	0.0356121996120385	867	protein-coding	O	CBL	current_ncbi_symbol	True	True	True	True	True	False	5	False	True	False	strict state-shared core; NCBI protein-coding; feature present on all five external platforms and GSE117606 FFPE
ZNF335	up	0.324935542614112	3.49365034323451	0.002299213524729	0.0118805080156229	63925	protein-coding	O	ZNF335	current_ncbi_symbol	True	True	True	True	True	False	5	False	True	False	strict state-shared core; NCBI protein-coding; feature present on all five external platforms and GSE117606 FFPE
ZNF69	up	0.283513987265929	3.49359280478536	0.002299213524729	0.0261283171985995	7620	protein-coding	O	ZNF69	current_ncbi_symbol	False	True	True	True	True	False	4	False	True	False	strict state-shared core; NCBI protein-coding; feature present on all five external platforms and GSE117606 FFPE
USP49	up	0.396895832742224	3.4931228829937	0.0023019126251494	0.0293463031950438	25862	protein-coding	O	USP49	current_ncbi_symbol	True	True	True	True	True	False	5	False	True	False	strict state-shared core; NCBI protein-coding; feature present on all five external platforms and GSE117606 FFPE
UQCRQ	down	-0.337474161409483	-3.49239439156899	0.0023068475535791	0.0118545931759362	27089	protein-coding	O	UQCRQ	current_ncbi_symbol	True	True	True	True	True	False	5	False	True	False	strict state-shared core; NCBI protein-coding; feature present on all five external platforms and GSE117606 FFPE
RABEP2	up	0.40596349922838	3.49182646196656	0.0023104035431257	0.0084711851432313	79874	protein-coding	O	RABEP2	current_ncbi_symbol	True	True	True	True	True	False	5	False	True	False	strict state-shared core; NCBI protein-coding; feature present on all five external platforms and GSE117606 FFPE
MFSD14CP	up	0.247154467224926	3.49068305501791	0.002318954620483	0.02816792113241	84278	pseudo	O	SLC71A3P	unique_ncbi_synonym	False	False	False	False	False	False	0	False	False	False	strict state-shared core; NCBI protein-coding; feature present on all five external platforms and GSE117606 FFPE
RBM17	down	-0.249859881735034	-3.49037553668183	0.0023202665146051	0.0260461074712279	84991	protein-coding	O	RBM17	current_ncbi_symbol	True	True	True	True	True	False	5	False	True	False	strict state-shared core; NCBI protein-coding; feature present on all five external platforms and GSE117606 FFPE
KCNG3	down	-0.604734161368117	-3.48986980114485	0.0023233023289303	0.0250464737211538	170850	protein-coding	O	KCNG3	current_ncbi_symbol	True	True	True	True	True	False	5	False	True	False	strict state-shared core; NCBI protein-coding; feature present on all five external platforms and GSE117606 FFPE
C2orf42	up	0.342506388712147	3.48816208370447	0.0023354610255953	0.0133847358257643	54980	protein-coding	O	C2orf42	current_ncbi_symbol	True	True	True	True	True	False	5	False	True	False	strict state-shared core; NCBI protein-coding; feature present on all five external platforms and GSE117606 FFPE
GLT8D2	down	-0.382840899057272	-3.48656715266273	0.0023466903615653	0.0466313782905112	83468	protein-coding	O	GLT8D2	current_ncbi_symbol	True	True	True	True	True	False	5	False	True	False	strict state-shared core; NCBI protein-coding; feature present on all five external platforms and GSE117606 FFPE
OXNAD1	down	-0.367532221135397	-3.48438275287979	0.0023645490798666	0.012143562107035	92106	protein-coding	O	OXNAD1	current_ncbi_symbol	True	False	True	True	True	False	4	False	True	False	strict state-shared core; NCBI protein-coding; feature present on all five external platforms and GSE117606 FFPE
EXOC4	up	0.248223719651534	3.48409451460108	0.0023657176699548	0.0127136040531239	60412	protein-coding	O	EXOC4	current_ncbi_symbol	True	True	True	True	True	False	5	False	True	False	strict state-shared core; NCBI protein-coding; feature present on all five external platforms and GSE117606 FFPE
MRPL3	down	-0.464307802565406	-3.48306090154863	0.0023721058153133	0.0118308510775388	11222	protein-coding	O	MRPL3	current_ncbi_symbol	True	True	True	True	True	False	5	False	True	False	strict state-shared core; NCBI protein-coding; feature present on all five external platforms and GSE117606 FFPE
R3HDM1	up	0.267416708341025	3.48272077367588	0.0023737397222431	0.0089850542719925	23518	protein-coding	O	R3HDM1	current_ncbi_symbol	True	True	True	True	True	False	5	False	True	False	strict state-shared core; NCBI protein-coding; feature present on all five external platforms and GSE117606 FFPE
DNAJC15	down	-0.319317609677245	-3.48155446415536	0.0023823262624954	0.0179589251228823	29103	protein-coding	O	DNAJC15	current_ncbi_symbol	True	True	True	True	True	False	5	False	True	False	strict state-shared core; NCBI protein-coding; feature present on all five external platforms and GSE117606 FFPE
SMARCB1	up	0.303167260433195	3.47984828819731	0.0023898119192523	0.0187189531119206	6598	protein-coding	O	SMARCB1	current_ncbi_symbol	True	True	True	True	True	False	5	False	True	False	strict state-shared core; NCBI protein-coding; feature present on all five external platforms and GSE117606 FFPE
RRAGA	down	-0.423662615970025	-3.47824584882725	0.0024025446136432	0.0210384915839527	10670	protein-coding	O	RRAGA	current_ncbi_symbol	True	True	True	True	True	False	5	False	True	False	strict state-shared core; NCBI protein-coding; feature present on all five external platforms and GSE117606 FFPE
SLC35D1	down	-0.341067695244518	-3.47600403085902	0.0024199154751337	0.0130172622957069	23169	protein-coding	O	SLC35D1	current_ncbi_symbol	True	True	True	True	True	False	5	False	True	False	strict state-shared core; NCBI protein-coding; feature present on all five external platforms and GSE117606 FFPE
CCNL2	up	0.277793212818513	3.47511942985539	0.0024264308864576	0.0374279230767995	81669	protein-coding	O	CCNL2	current_ncbi_symbol	True	True	True	True	True	False	5	False	True	False	strict state-shared core; NCBI protein-coding; feature present on all five external platforms and GSE117606 FFPE
POLR1C	up	0.296302887486795	3.46916777063975	0.0024751815528982	0.0281739956922218	9533	protein-coding	O	POLR1C	current_ncbi_symbol	True	True	True	True	True	False	5	False	True	False	strict state-shared core; NCBI protein-coding; feature present on all five external platforms and GSE117606 FFPE
FBXO7	down	-0.278355198798562	-3.46890660417825	0.0024761608775155	0.016126340037841	25793	protein-coding	O	FBXO7	current_ncbi_symbol	True	True	True	True	True	False	5	False	True	False	strict state-shared core; NCBI protein-coding; feature present on all five external platforms and GSE117606 FFPE
ELP6	up	0.29917057776959	3.46855099018243	0.0024780121556658	0.0117265339419685	54859	protein-coding	O	ELP6	current_ncbi_symbol	True	False	True	True	True	False	4	False	True	False	strict state-shared core; NCBI protein-coding; feature present on all five external platforms and GSE117606 FFPE
PPP1R15B	down	-0.549345157910343	-3.46631475595525	0.0024958406696638	0.0145815770477011	84919	protein-coding	O	PPP1R15B	current_ncbi_symbol	True	True	True	True	True	False	5	False	True	False	strict state-shared core; NCBI protein-coding; feature present on all five external platforms and GSE117606 FFPE
LINC00938	down	-0.490228119523224	-3.46608075752322	0.0024965774381325	0.0338485545770306	400027	ncRNA	O	LINC00938	current_ncbi_symbol	True	False	True	True	False	False	3	False	False	False	strict state-shared core; NCBI protein-coding; feature present on all five external platforms and GSE117606 FFPE
FAM120AOS	down	-0.297397530144143	-3.46437664516137	0.0025081214885836	0.0334571176640522	158293	protein-coding	O	FAM120AOS	current_ncbi_symbol	True	False	True	True	True	False	4	False	True	False	strict state-shared core; NCBI protein-coding; feature present on all five external platforms and GSE117606 FFPE
NOMO3	up	0.382937686534643	3.45170192940333	0.0026184178672382	0.0141437851584014	408050	protein-coding	O	NOMO3	current_ncbi_symbol	False	True	False	False	True	False	2	False	True	False	strict state-shared core; NCBI protein-coding; feature present on all five external platforms and GSE117606 FFPE
POP4	down	-0.368714231365248	-3.44815835498494	0.0026478189962497	0.0327767743429451	10775	protein-coding	O	POP4	current_ncbi_symbol	True	True	True	True	True	False	5	False	True	False	strict state-shared core; NCBI protein-coding; feature present on all five external platforms and GSE117606 FFPE
TMCC1	up	0.253518369643366	3.44807076312104	0.0026478189962497	0.0266577162745429	23023	protein-coding	O	TMCC1	current_ncbi_symbol	True	True	True	True	True	False	5	False	True	False	strict state-shared core; NCBI protein-coding; feature present on all five external platforms and GSE117606 FFPE
MECOM	up	0.349857285233826	3.443854990078	0.0026848549751344	0.0422431136235007	2122	protein-coding	O	MECOM	current_ncbi_symbol	True	False	True	True	True	False	4	False	True	False	strict state-shared core; NCBI protein-coding; feature present on all five external platforms and GSE117606 FFPE
RP2	down	-0.384697447326046	-3.44336508058324	0.0026881929634361	0.0219495691095043	6102	protein-coding	O	RP2	current_ncbi_symbol	True	True	True	True	True	False	5	False	True	False	strict state-shared core; NCBI protein-coding; feature present on all five external platforms and GSE117606 FFPE
PPIL4	down	-0.46176838014397	-3.44262665929019	0.0026924780820341	0.0128064272643836	85313	protein-coding	O	PPIL4	current_ncbi_symbol	True	True	True	True	True	False	5	False	True	False	strict state-shared core; NCBI protein-coding; feature present on all five external platforms and GSE117606 FFPE
IMPACT	down	-0.561542365886825	-3.44236278461257	0.0026935748276995	0.016500823926363	55364	protein-coding	O	IMPACT	current_ncbi_symbol	True	True	True	True	True	False	5	False	True	False	strict state-shared core; NCBI protein-coding; feature present on all five external platforms and GSE117606 FFPE
SMG9	up	0.340182673821452	3.43423029434321	0.0027706766191104	0.0174487574743629	56006	protein-coding	O	SMG9	current_ncbi_symbol	True	False	True	True	True	False	4	False	True	False	strict state-shared core; NCBI protein-coding; feature present on all five external platforms and GSE117606 FFPE
ELMOD3	up	0.2584507064904	3.43159656196777	0.0027932754717721	0.0192212708166508	84173	protein-coding	O	ELMOD3	current_ncbi_symbol	True	False	True	True	True	False	4	False	True	False	strict state-shared core; NCBI protein-coding; feature present on all five external platforms and GSE117606 FFPE
ZDHHC7	down	-0.175469873732432	-3.42923667721593	0.0028131744843371	0.0130151558320875	55625	protein-coding	O	ZDHHC7	current_ncbi_symbol	True	True	True	True	True	False	5	False	True	False	strict state-shared core; NCBI protein-coding; feature present on all five external platforms and GSE117606 FFPE
RAB9A	down	-0.37186163531848	-3.42921012698609	0.0028131744843371	0.0336155029552676	9367	protein-coding	O	RAB9A	current_ncbi_symbol	True	True	True	True	True	False	5	False	True	False	strict state-shared core; NCBI protein-coding; feature present on all five external platforms and GSE117606 FFPE
MAML3	up	0.202326298134761	3.42870739984594	0.0028167977762889	0.0198529499160519	55534	protein-coding	O	MAML3	current_ncbi_symbol	True	True	True	True	True	False	5	False	True	False	strict state-shared core; NCBI protein-coding; feature present on all five external platforms and GSE117606 FFPE
ARIH2	up	0.153648294226438	3.42798618246549	0.002822696869076	0.0231411677259464	10425	protein-coding	O	ARIH2	current_ncbi_symbol	True	True	True	True	True	False	5	False	True	False	strict state-shared core; NCBI protein-coding; feature present on all five external platforms and GSE117606 FFPE
CORO1C	down	-0.307816675025215	-3.42656805943074	0.0028358764315989	0.0295803180007045	23603	protein-coding	O	CORO1C	current_ncbi_symbol	True	True	True	True	True	False	5	False	True	False	strict state-shared core; NCBI protein-coding; feature present on all five external platforms and GSE117606 FFPE
GABPB2	up	0.270204360002937	3.4261934510988	0.0028381890201022	0.0248359053719804	126626	protein-coding	O	GABPB2	current_ncbi_symbol	False	True	True	True	True	False	4	False	True	False	strict state-shared core; NCBI protein-coding; feature present on all five external platforms and GSE117606 FFPE
TRIM2	up	0.263582851081445	3.42344952069614	0.0028637672695604	0.0164621046657738	23321	protein-coding	O	TRIM2	current_ncbi_symbol	True	True	True	True	True	False	5	False	True	False	strict state-shared core; NCBI protein-coding; feature present on all five external platforms and GSE117606 FFPE
MICALL1	up	0.378608257532216	3.42247040457836	0.0028708663239174	0.0324636927358845	85377	protein-coding	O	MICALL1	current_ncbi_symbol	True	True	True	True	True	False	5	False	True	False	strict state-shared core; NCBI protein-coding; feature present on all five external platforms and GSE117606 FFPE
DHX30	up	0.25665733112804	3.42037810962086	0.0028885681127157	0.0096115232306681	22907	protein-coding	O	DHX30	current_ncbi_symbol	True	True	True	True	True	False	5	False	True	False	strict state-shared core; NCBI protein-coding; feature present on all five external platforms and GSE117606 FFPE
XYLT1	up	0.236253043170539	3.42034009239307	0.0028885681127157	0.0430459172758722	64131	protein-coding	O	XYLT1	current_ncbi_symbol	True	True	True	True	True	False	5	False	True	False	strict state-shared core; NCBI protein-coding; feature present on all five external platforms and GSE117606 FFPE
SLC2A1-DT	up	0.657262087078856	3.4189247029982	0.0029020047459301	0.0438734681471086	440584	ncRNA	O	SLC2A1-DT	current_ncbi_symbol	False	False	False	False	False	False	0	False	False	False	strict state-shared core; NCBI protein-coding; feature present on all five external platforms and GSE117606 FFPE
NDUFA3	down	-0.323957232757184	-3.41867254983514	0.0029030650732767	0.0151495989520259	4696	protein-coding	O	NDUFA3	current_ncbi_symbol	True	True	True	True	True	False	5	False	True	False	strict state-shared core; NCBI protein-coding; feature present on all five external platforms and GSE117606 FFPE
SORCS2	up	0.68569640426828	3.41791027326425	0.0029079440383825	0.0244164685561703	57537	protein-coding	O	SORCS2	current_ncbi_symbol	True	True	True	True	True	False	5	False	True	False	strict state-shared core; NCBI protein-coding; feature present on all five external platforms and GSE117606 FFPE
SESTD1	up	0.425027562244775	3.41551446451867	0.0029287208188595	0.0375356952270751	91404	protein-coding	O	SESTD1	current_ncbi_symbol	True	True	True	True	True	False	5	False	True	False	strict state-shared core; NCBI protein-coding; feature present on all five external platforms and GSE117606 FFPE
PRR15L	down	-0.353931466464713	-3.41485877873174	0.002934137819782	0.0168360912919406	79170	protein-coding	O	PRR15L	current_ncbi_symbol	True	False	True	True	True	False	4	False	True	False	strict state-shared core; NCBI protein-coding; feature present on all five external platforms and GSE117606 FFPE
MANBA	up	0.288215691769229	3.41456285248796	0.0029356851951956	0.0476975444848093	4126	protein-coding	O	MANBA	current_ncbi_symbol	True	True	True	True	True	False	5	False	True	False	strict state-shared core; NCBI protein-coding; feature present on all five external platforms and GSE117606 FFPE
MTCH1	down	-0.286498582641034	-3.41220537227625	0.0029562360215353	0.0134585313610037	23787	protein-coding	O	MTCH1	current_ncbi_symbol	True	True	True	True	True	False	5	False	True	False	strict state-shared core; NCBI protein-coding; feature present on all five external platforms and GSE117606 FFPE
NCBP2AS2	down	-0.304993125868871	-3.40874041512246	0.002989034222914	0.0155082802715117	152217	protein-coding	O	NCBP2AS2	current_ncbi_symbol	True	False	False	False	False	False	1	False	True	False	strict state-shared core; NCBI protein-coding; feature present on all five external platforms and GSE117606 FFPE
CCDC12	up	0.301408850643081	3.4033277112834	0.0030421073682431	0.0171927260123373	151903	protein-coding	O	CCDC12	current_ncbi_symbol	True	True	True	True	True	False	5	False	True	False	strict state-shared core; NCBI protein-coding; feature present on all five external platforms and GSE117606 FFPE
ANKHD1-DT	up	0.271559100783735	3.40311778417631	0.0030427544105562	0.0216715069585856	121232368	ncRNA	O	ANKHD1-DT	current_ncbi_symbol	False	False	False	False	False	False	0	False	False	False	strict state-shared core; NCBI protein-coding; feature present on all five external platforms and GSE117606 FFPE
CABIN1	up	0.272340815721752	3.40224451033469	0.0030491065411613	0.0384238635656351	23523	protein-coding	O	CABIN1	current_ncbi_symbol	True	True	True	True	True	False	5	False	True	False	strict state-shared core; NCBI protein-coding; feature present on all five external platforms and GSE117606 FFPE
SNX8	up	0.397288924737477	3.40094203552991	0.0030619721257558	0.0478993255744947	29886	protein-coding	O	SNX8	current_ncbi_symbol	True	True	True	True	True	False	5	False	True	False	strict state-shared core; NCBI protein-coding; feature present on all five external platforms and GSE117606 FFPE
EVA1C	up	0.337926948891206	3.39641197432962	0.0031027805274019	0.0342291430413264	59271	protein-coding	O	EVA1C	current_ncbi_symbol	True	False	True	True	True	False	4	False	True	False	strict state-shared core; NCBI protein-coding; feature present on all five external platforms and GSE117606 FFPE
C9orf78	down	-0.259447392347713	-3.39472404537281	0.0031202467322802	0.0161506991587421	51759	protein-coding	O	C9orf78	current_ncbi_symbol	True	True	True	True	True	False	5	False	True	False	strict state-shared core; NCBI protein-coding; feature present on all five external platforms and GSE117606 FFPE
UBE2O	up	0.268279614111915	3.39304979939448	0.0031376470723334	0.0268752097701095	63893	protein-coding	O	UBE2O	current_ncbi_symbol	True	True	True	True	True	False	5	False	True	False	strict state-shared core; NCBI protein-coding; feature present on all five external platforms and GSE117606 FFPE
PCGF2	up	0.393869493301348	3.39273631107127	0.0031391966976373	0.0216538214670998	7703	protein-coding	O	PCGF2	current_ncbi_symbol	True	True	True	True	True	False	5	False	True	False	strict state-shared core; NCBI protein-coding; feature present on all five external platforms and GSE117606 FFPE
RBX1	down	-0.260269461300821	-3.39246111381322	0.0031391966976373	0.0270380947656675	9978	protein-coding	O	RBX1	current_ncbi_symbol	True	True	True	True	True	False	5	False	True	False	strict state-shared core; NCBI protein-coding; feature present on all five external platforms and GSE117606 FFPE
EGLN1	down	-0.294718370344074	-3.39208883909343	0.0031417331373983	0.0141511614975822	54583	protein-coding	O	EGLN1	current_ncbi_symbol	True	True	True	True	True	False	5	False	True	False	strict state-shared core; NCBI protein-coding; feature present on all five external platforms and GSE117606 FFPE
KPNA4	up	0.200337325060112	3.39095988104116	0.0031512308139009	0.0187975698841073	3840	protein-coding	O	KPNA4	current_ncbi_symbol	True	True	True	True	True	False	5	False	True	False	strict state-shared core; NCBI protein-coding; feature present on all five external platforms and GSE117606 FFPE
KMT2D	up	0.319662072013928	3.39078928732283	0.0031514584215823	0.0140249722524032	8085	protein-coding	O	KMT2D	current_ncbi_symbol	True	False	True	True	False	False	3	False	True	False	strict state-shared core; NCBI protein-coding; feature present on all five external platforms and GSE117606 FFPE
ANKRD52	up	0.346909142233892	3.39008523511758	0.0031572512786541	0.0138753285676201	283373	protein-coding	O	ANKRD52	current_ncbi_symbol	True	False	True	True	True	False	4	False	True	False	strict state-shared core; NCBI protein-coding; feature present on all five external platforms and GSE117606 FFPE
ACSS1	up	0.299029443929807	3.38998450714779	0.0031572512786541	0.0286629571965428	84532	protein-coding	O	ACSS1	current_ncbi_symbol	True	True	True	True	True	False	5	False	True	False	strict state-shared core; NCBI protein-coding; feature present on all five external platforms and GSE117606 FFPE
ZNF771	up	0.362338067229513	3.38945033329473	0.003161671735144	0.0283737564648786	51333	protein-coding	O	ZNF771	current_ncbi_symbol	True	True	True	True	True	False	5	False	True	False	strict state-shared core; NCBI protein-coding; feature present on all five external platforms and GSE117606 FFPE
PPCS	down	-0.324679241498727	-3.38404295916524	0.0032192979202837	0.0172523272576736	79717	protein-coding	O	PPCS	current_ncbi_symbol	True	True	True	True	True	False	5	False	True	False	strict state-shared core; NCBI protein-coding; feature present on all five external platforms and GSE117606 FFPE
YRDC	down	-0.330620231180469	-3.38298219861607	0.0032259630053414	0.0290890684046269	79693	protein-coding	O	YRDC	current_ncbi_symbol	True	True	True	True	True	False	5	False	True	False	strict state-shared core; NCBI protein-coding; feature present on all five external platforms and GSE117606 FFPE
EIF1AD	down	-0.376106386337833	-3.38289314863311	0.0032259630053414	0.0311517078589792	84285	protein-coding	O	EIF1AD	current_ncbi_symbol	True	True	True	True	True	False	5	False	True	False	strict state-shared core; NCBI protein-coding; feature present on all five external platforms and GSE117606 FFPE
HTATSF1	down	-0.468345403123662	-3.38259524381342	0.0032259630053414	0.0165210926882506	27336	protein-coding	O	HTATSF1	current_ncbi_symbol	True	True	True	True	True	False	5	False	True	False	strict state-shared core; NCBI protein-coding; feature present on all five external platforms and GSE117606 FFPE
PITHD1	down	-0.26867961163136	-3.38232305803378	0.0032259630053414	0.0245192447974185	57095	protein-coding	O	PITHD1	current_ncbi_symbol	True	False	True	True	True	False	4	False	True	False	strict state-shared core; NCBI protein-coding; feature present on all five external platforms and GSE117606 FFPE
WDR27	up	0.306847001127692	3.38047057717386	0.0032454257479699	0.0404793771632699	253769	protein-coding	O	WDR27	current_ncbi_symbol	True	True	True	True	True	False	5	False	True	False	strict state-shared core; NCBI protein-coding; feature present on all five external platforms and GSE117606 FFPE
TLDC2	down	-0.378629434379748	-3.37942232255683	0.0032560508026321	0.024704787289354	140711	protein-coding	O	TLDC2	current_ncbi_symbol	True	False	False	False	False	False	1	False	True	False	strict state-shared core; NCBI protein-coding; feature present on all five external platforms and GSE117606 FFPE
LDHA	down	-0.509206423093615	-3.37737760468657	0.0032785667532089	0.0342884488540326	3939	protein-coding	O	LDHA	current_ncbi_symbol	False	True	True	True	True	False	4	False	True	False	strict state-shared core; NCBI protein-coding; feature present on all five external platforms and GSE117606 FFPE
MIER1	down	-0.256881107300434	-3.37656239870145	0.0032865069093434	0.0141106964660973	57708	protein-coding	O	MIER1	current_ncbi_symbol	True	True	True	True	True	False	5	False	True	False	strict state-shared core; NCBI protein-coding; feature present on all five external platforms and GSE117606 FFPE
MT-TY	up	0.530633614462296	3.37313730910262	0.0033228230869029	0.0212117708014982						False	False	False	False	False	False	0	False	False	False	strict state-shared core; NCBI protein-coding; feature present on all five external platforms and GSE117606 FFPE
MORF4L2	down	-0.433146649180092	-3.37289436834131	0.0033228230869029	0.0207434737886738	9643	protein-coding	O	MORF4L2	current_ncbi_symbol	True	False	True	True	True	False	4	False	True	False	strict state-shared core; NCBI protein-coding; feature present on all five external platforms and GSE117606 FFPE
RSPH3	down	-0.243671214673738	-3.37289143458046	0.0033228230869029	0.0131360004129255	83861	protein-coding	O	RSPH3	current_ncbi_symbol	True	True	True	True	True	False	5	False	True	False	strict state-shared core; NCBI protein-coding; feature present on all five external platforms and GSE117606 FFPE
IGHMBP2	up	0.371415704130889	3.37278931534984	0.0033228230869029	0.0146976087188293	3508	protein-coding	O	IGHMBP2	current_ncbi_symbol	True	True	True	True	True	False	5	False	True	False	strict state-shared core; NCBI protein-coding; feature present on all five external platforms and GSE117606 FFPE
HOOK2	up	0.229958477532513	3.37014263694048	0.0033494530478794	0.0473964058885264	29911	protein-coding	O	HOOK2	current_ncbi_symbol	True	True	True	True	True	False	5	False	True	False	strict state-shared core; NCBI protein-coding; feature present on all five external platforms and GSE117606 FFPE
AGO4	up	0.27293521507907	3.37014205703053	0.0033494530478794	0.0365416223874172	192670	protein-coding	O	AGO4	current_ncbi_symbol	True	False	True	True	False	False	3	False	True	False	strict state-shared core; NCBI protein-coding; feature present on all five external platforms and GSE117606 FFPE
PAAF1	up	0.287255360489373	3.36649221755087	0.0033876101986432	0.0311027374662584	80227	protein-coding	O	PAAF1	current_ncbi_symbol	True	True	True	True	True	False	5	False	True	False	strict state-shared core; NCBI protein-coding; feature present on all five external platforms and GSE117606 FFPE
DNAJA1	down	-0.386937291410014	-3.36613103524432	0.0033893501050639	0.0127449388641242	3301	protein-coding	O	DNAJA1	current_ncbi_symbol	True	True	True	True	True	False	5	False	True	False	strict state-shared core; NCBI protein-coding; feature present on all five external platforms and GSE117606 FFPE
ASH1L	up	0.254703777829828	3.36568052695567	0.0033930549005961	0.0269488895084204	55870	protein-coding	O	ASH1L	current_ncbi_symbol	True	True	True	True	True	False	5	False	True	False	strict state-shared core; NCBI protein-coding; feature present on all five external platforms and GSE117606 FFPE
RNF128	down	-0.427232870963355	-3.36143848386266	0.0034418834998693	0.0332389093355826	79589	protein-coding	O	RNF128	current_ncbi_symbol	True	True	True	True	True	False	5	False	True	False	strict state-shared core; NCBI protein-coding; feature present on all five external platforms and GSE117606 FFPE
ERC1	up	0.209684563301081	3.36079979107204	0.0034468727279372	0.0335759246004109	23085	protein-coding	O	ERC1	current_ncbi_symbol	True	True	True	True	True	False	5	False	True	False	strict state-shared core; NCBI protein-coding; feature present on all five external platforms and GSE117606 FFPE
ENSG00000227598	up	0.280259449378158	3.36074030422027	0.0034468727279372	0.0299416252721457						False	False	False	False	False	False	0	False	False	False	strict state-shared core; NCBI protein-coding; feature present on all five external platforms and GSE117606 FFPE
IRF2BPL	down	-0.484039737228054	-3.35814895561804	0.0034774748912823	0.033415020052029	64207	protein-coding	O	IRF2BPL	current_ncbi_symbol	True	False	True	True	True	False	4	False	True	False	strict state-shared core; NCBI protein-coding; feature present on all five external platforms and GSE117606 FFPE
KIF9-AS1	up	0.405787790220743	3.35781142026637	0.0034798479071456	0.0338778182693504	285352	ncRNA	O	KIF9-AS1	current_ncbi_symbol	True	False	True	True	False	False	3	False	False	False	strict state-shared core; NCBI protein-coding; feature present on all five external platforms and GSE117606 FFPE
COX6B1	down	-0.330349169294513	-3.3493492050333	0.0035744199490746	0.0147880282828822	1340	protein-coding	O	COX6B1	current_ncbi_symbol	True	True	True	True	True	False	5	False	True	False	strict state-shared core; NCBI protein-coding; feature present on all five external platforms and GSE117606 FFPE
SAYSD1	down	-0.346024356552312	-3.34831912353751	0.003583885779354	0.0247082159771183	55776	protein-coding	O	SAYSD1	current_ncbi_symbol	True	False	True	True	True	False	4	False	True	False	strict state-shared core; NCBI protein-coding; feature present on all five external platforms and GSE117606 FFPE
PPA2	down	-0.265561103672419	-3.34639288087448	0.0036069441541522	0.0140375029868171	27068	protein-coding	O	PPA2	current_ncbi_symbol	True	True	True	True	True	False	5	False	True	False	strict state-shared core; NCBI protein-coding; feature present on all five external platforms and GSE117606 FFPE
SCHLAP1	down	-0.482570290479142	-3.34580646815872	0.0036107106266236	0.0459832406557458	101669767	ncRNA	O	SCHLAP1	current_ncbi_symbol	False	False	False	False	False	False	0	False	False	False	strict state-shared core; NCBI protein-coding; feature present on all five external platforms and GSE117606 FFPE
DEF8	up	0.387990538882938	3.3409213294582	0.0036689509934047	0.0265374344099587	54849	protein-coding	O	DEF8	current_ncbi_symbol	True	True	True	True	True	False	5	False	True	False	strict state-shared core; NCBI protein-coding; feature present on all five external platforms and GSE117606 FFPE
CARS2	up	0.235704109979512	3.3394207567981	0.0036848909465292	0.0336318570298901	79587	protein-coding	O	CARS2	current_ncbi_symbol	True	True	True	True	True	False	5	False	True	False	strict state-shared core; NCBI protein-coding; feature present on all five external platforms and GSE117606 FFPE
ULK1	up	0.333504183334862	3.33698483469001	0.0037153554531136	0.0223093957631362	8408	protein-coding	O	ULK1	current_ncbi_symbol	True	True	True	True	True	False	5	False	True	False	strict state-shared core; NCBI protein-coding; feature present on all five external platforms and GSE117606 FFPE
ERAP2	up	0.408646726563252	3.33190796890982	0.0037677155123972	0.0110948126741975	64167	protein-coding	O	ERAP2	current_ncbi_symbol	True	False	True	True	True	False	4	False	True	False	strict state-shared core; NCBI protein-coding; feature present on all five external platforms and GSE117606 FFPE
ZFP36	down	-0.409538365398574	-3.33123787024567	0.0037747918428276	0.0259798939832745	7538	protein-coding	O	ZFP36	current_ncbi_symbol	True	True	True	True	True	False	5	False	True	False	strict state-shared core; NCBI protein-coding; feature present on all five external platforms and GSE117606 FFPE
KAT7	down	-0.363302752799987	-3.32847119103123	0.0038092387468079	0.0177794636185162	11143	protein-coding	O	KAT7	current_ncbi_symbol	False	False	True	True	True	False	3	False	True	False	strict state-shared core; NCBI protein-coding; feature present on all five external platforms and GSE117606 FFPE
TANGO6	up	0.35577437082055	3.32686417765006	0.0038284391178418	0.0158814692908208	79613	protein-coding	O	TANGO6	current_ncbi_symbol	True	False	True	True	False	False	3	False	True	False	strict state-shared core; NCBI protein-coding; feature present on all five external platforms and GSE117606 FFPE
UQCR10	down	-0.324799912602868	-3.32551486101591	0.0038428097004979	0.018853398505996	29796	protein-coding	O	UQCR10	current_ncbi_symbol	True	False	True	True	True	False	4	False	True	False	strict state-shared core; NCBI protein-coding; feature present on all five external platforms and GSE117606 FFPE
ACVR1	up	0.314432074794026	3.32525090041904	0.0038428097004979	0.0121878507264344	90	protein-coding	O	ACVR1	current_ncbi_symbol	True	True	True	True	True	False	5	False	True	False	strict state-shared core; NCBI protein-coding; feature present on all five external platforms and GSE117606 FFPE
MTX2	down	-0.321786400150636	-3.32400914018678	0.0038555832862721	0.0376620545321998	10651	protein-coding	O	MTX2	current_ncbi_symbol	True	True	True	True	True	False	5	False	True	False	strict state-shared core; NCBI protein-coding; feature present on all five external platforms and GSE117606 FFPE
ZCCHC7	up	0.231593931535539	3.32126411845637	0.0038854931843502	0.0302017294723086	84186	protein-coding	O	ZCCHC7	current_ncbi_symbol	True	True	True	True	True	False	5	False	True	False	strict state-shared core; NCBI protein-coding; feature present on all five external platforms and GSE117606 FFPE
RABEP1	up	0.231292936209369	3.32109213194746	0.0038858388705443	0.0336194563090098	9135	protein-coding	O	RABEP1	current_ncbi_symbol	True	True	True	True	True	False	5	False	True	False	strict state-shared core; NCBI protein-coding; feature present on all five external platforms and GSE117606 FFPE
CSRP1	down	-0.367333396365673	-3.32077985344012	0.0038881394126761	0.0158183991559547	1465	protein-coding	O	CSRP1	current_ncbi_symbol	True	True	True	True	True	False	5	False	True	False	strict state-shared core; NCBI protein-coding; feature present on all five external platforms and GSE117606 FFPE
BPTF	up	0.187200457994729	3.32008229658565	0.0038937648262291	0.012987850658095	2186	protein-coding	O	BPTF	current_ncbi_symbol	True	True	True	True	True	False	5	False	True	False	strict state-shared core; NCBI protein-coding; feature present on all five external platforms and GSE117606 FFPE
KBTBD11	down	-0.314639028915821	-3.31732977554678	0.0039281976690611	0.0325966098738059	9920	protein-coding	O	KBTBD11	current_ncbi_symbol	True	True	True	True	True	False	5	False	True	False	strict state-shared core; NCBI protein-coding; feature present on all five external platforms and GSE117606 FFPE
LINC02742	up	0.607095394011035	3.31610340899083	0.003941332430904	0.0221503308893276	105376603	ncRNA	O	LINC02742	current_ncbi_symbol	False	False	False	False	False	False	0	False	False	False	strict state-shared core; NCBI protein-coding; feature present on all five external platforms and GSE117606 FFPE
KCTD7	up	0.294603841238704	3.31415745099387	0.0039626224818082	0.0149256869904741	154881	protein-coding	O	KCTD7	current_ncbi_symbol	True	True	True	True	True	False	5	False	True	False	strict state-shared core; NCBI protein-coding; feature present on all five external platforms and GSE117606 FFPE
NPC2	down	-0.360658289070691	-3.31280522110003	0.003974315936155	0.0353238911930495	10577	protein-coding	O	NPC2	current_ncbi_symbol	True	True	True	True	True	False	5	False	True	False	strict state-shared core; NCBI protein-coding; feature present on all five external platforms and GSE117606 FFPE
HECA	down	-0.296614230404028	-3.31275773698432	0.003974315936155	0.029902170785481	51696	protein-coding	O	HECA	current_ncbi_symbol	True	True	True	True	True	False	5	False	True	False	strict state-shared core; NCBI protein-coding; feature present on all five external platforms and GSE117606 FFPE
EPHA4	up	0.322757415681584	3.31231292713122	0.003978412999948	0.0192877649787824	2043	protein-coding	O	EPHA4	current_ncbi_symbol	True	True	True	True	True	False	5	False	True	False	strict state-shared core; NCBI protein-coding; feature present on all five external platforms and GSE117606 FFPE
SYAP1	down	-0.174423821530647	-3.31148673603185	0.0039880934454099	0.0403106894510288	94056	protein-coding	O	SYAP1	current_ncbi_symbol	True	True	True	True	True	False	5	False	True	False	strict state-shared core; NCBI protein-coding; feature present on all five external platforms and GSE117606 FFPE
RERE	up	0.17501900365198	3.31126584045754	0.0039891578697497	0.0333073289647093	473	protein-coding	O	RERE	current_ncbi_symbol	True	True	True	True	True	False	5	False	True	False	strict state-shared core; NCBI protein-coding; feature present on all five external platforms and GSE117606 FFPE
MRPL51	down	-0.319328245044893	-3.30857168439369	0.0040256359000065	0.021352101208897	51258	protein-coding	O	MRPL51	current_ncbi_symbol	True	True	True	True	True	False	5	False	True	False	strict state-shared core; NCBI protein-coding; feature present on all five external platforms and GSE117606 FFPE
GPRC5D-AS1	up	0.330624835183262	3.30791268839236	0.0040330144674542	0.0329569636241165	100506314	ncRNA	O	GPRC5D-AS1	current_ncbi_symbol	True	False	False	False	False	False	1	False	False	False	strict state-shared core; NCBI protein-coding; feature present on all five external platforms and GSE117606 FFPE
PSMB4	down	-0.304536571135887	-3.30631775992787	0.00405392732114	0.0292564618351911	5692	protein-coding	O	PSMB4	current_ncbi_symbol	True	True	True	True	True	False	5	False	True	False	strict state-shared core; NCBI protein-coding; feature present on all five external platforms and GSE117606 FFPE
CYP3A5	up	0.39527212050991	3.3058908444528	0.0040558773456732	0.0162529609442881	1577	protein-coding	O	CYP3A5	current_ncbi_symbol	True	True	True	True	True	False	5	False	True	False	strict state-shared core; NCBI protein-coding; feature present on all five external platforms and GSE117606 FFPE
SAFB2	up	0.225894859531761	3.29991003731985	0.0041325405890842	0.0250312089295155	9667	protein-coding	O	SAFB2	current_ncbi_symbol	True	True	True	True	True	False	5	False	True	False	strict state-shared core; NCBI protein-coding; feature present on all five external platforms and GSE117606 FFPE
NAA25	up	0.282392895081925	3.29886851185791	0.0041457486726249	0.021651453459286	80018	protein-coding	O	NAA25	current_ncbi_symbol	True	False	True	True	True	False	4	False	True	False	strict state-shared core; NCBI protein-coding; feature present on all five external platforms and GSE117606 FFPE
IRF3	up	0.273148090422833	3.29756926074216	0.0041628146922303	0.041300588507993	3661	protein-coding	O	IRF3	current_ncbi_symbol	True	True	True	True	True	False	5	False	True	False	strict state-shared core; NCBI protein-coding; feature present on all five external platforms and GSE117606 FFPE
ZSWIM5	up	0.247657877307246	3.29704726185958	0.0041662330171518	0.0104314297328851	57643	protein-coding	O	ZSWIM5	current_ncbi_symbol	True	False	True	True	True	False	4	False	True	False	strict state-shared core; NCBI protein-coding; feature present on all five external platforms and GSE117606 FFPE
VDAC3	down	-0.306980260450961	-3.29615194551036	0.0041752025093137	0.0224187905640469	7419	protein-coding	O	VDAC3	current_ncbi_symbol	True	True	True	True	True	False	5	False	True	False	strict state-shared core; NCBI protein-coding; feature present on all five external platforms and GSE117606 FFPE
LUC7L	up	0.298934302685208	3.28921145320789	0.0042684839537167	0.030278347860724	55692	protein-coding	O	LUC7L	current_ncbi_symbol	True	True	True	True	True	False	5	False	True	False	strict state-shared core; NCBI protein-coding; feature present on all five external platforms and GSE117606 FFPE
SMYD4	up	0.352354295329633	3.28264259925338	0.0043534452717368	0.0373841081625718	114826	protein-coding	O	SMYD4	current_ncbi_symbol	True	True	True	True	True	False	5	False	True	False	strict state-shared core; NCBI protein-coding; feature present on all five external platforms and GSE117606 FFPE
MUC20	up	0.546490351557835	3.27851621485863	0.0044130517791517	0.0339659108822101	200958	protein-coding	O	MUC20	current_ncbi_symbol	True	True	True	True	True	False	5	False	True	False	strict state-shared core; NCBI protein-coding; feature present on all five external platforms and GSE117606 FFPE
SAR1B	down	-0.38200497229363	-3.27635091391479	0.004437897307485	0.0294659107532449	51128	protein-coding	O	SAR1B	current_ncbi_symbol	True	True	True	True	True	False	5	False	True	False	strict state-shared core; NCBI protein-coding; feature present on all five external platforms and GSE117606 FFPE
ITPR2	up	0.302214129888112	3.27463129948735	0.0044627063673876	0.0404535568951947	3709	protein-coding	O	ITPR2	current_ncbi_symbol	True	True	True	True	True	False	5	False	True	False	strict state-shared core; NCBI protein-coding; feature present on all five external platforms and GSE117606 FFPE
RPRD2	up	0.191783994458629	3.27365258392832	0.0044758941004548	0.0168992263791966	23248	protein-coding	O	RPRD2	current_ncbi_symbol	True	False	True	True	True	False	4	False	True	False	strict state-shared core; NCBI protein-coding; feature present on all five external platforms and GSE117606 FFPE
EIF2B1	down	-0.236242085014729	-3.27307414049261	0.0044804689392959	0.0213392668733423	1967	protein-coding	O	EIF2B1	current_ncbi_symbol	True	True	True	True	True	False	5	False	True	False	strict state-shared core; NCBI protein-coding; feature present on all five external platforms and GSE117606 FFPE
ILRUN	up	0.245017473977349	3.27016742643894	0.0045198194733475	0.030168165473582	64771	protein-coding	O	ILRUN	current_ncbi_symbol	True	False	False	False	False	False	1	False	True	False	strict state-shared core; NCBI protein-coding; feature present on all five external platforms and GSE117606 FFPE
TTLL5	up	0.260553988285389	3.26857255175309	0.0045430465433795	0.0131228595014349	23093	protein-coding	O	TTLL5	current_ncbi_symbol	True	True	True	True	True	False	5	False	True	False	strict state-shared core; NCBI protein-coding; feature present on all five external platforms and GSE117606 FFPE
MYO1F	up	0.488379600765962	3.26798962934817	0.0045500876002979	0.0380934648115163	4542	protein-coding	O	MYO1F	current_ncbi_symbol	True	True	True	True	True	False	5	False	True	False	strict state-shared core; NCBI protein-coding; feature present on all five external platforms and GSE117606 FFPE
RLF	up	0.232506755827134	3.26711027913435	0.0045619138199573	0.0268333346805113	6018	protein-coding	O	RLF	current_ncbi_symbol	True	True	True	True	True	False	5	False	True	False	strict state-shared core; NCBI protein-coding; feature present on all five external platforms and GSE117606 FFPE
IWS1	down	-0.202027116633818	-3.26522509862581	0.0045877004222241	0.0260039508428488	55677	protein-coding	O	IWS1	current_ncbi_symbol	True	True	True	True	True	False	5	False	True	False	strict state-shared core; NCBI protein-coding; feature present on all five external platforms and GSE117606 FFPE
ENSG00000266953	down	-0.416194708462016	-3.26347639244837	0.0046067048542579	0.0178727608505527						False	False	False	False	False	False	0	False	False	False	strict state-shared core; NCBI protein-coding; feature present on all five external platforms and GSE117606 FFPE
PRMT7	up	0.322379193460436	3.26019969172259	0.0046555195913438	0.0191952609548185	54496	protein-coding	O	PRMT7	current_ncbi_symbol	True	True	True	True	True	False	5	False	True	False	strict state-shared core; NCBI protein-coding; feature present on all five external platforms and GSE117606 FFPE
SENP3	up	0.25209485461444	3.25970049498386	0.00465898109084	0.0158342369407387	26168	protein-coding	O	SENP3	current_ncbi_symbol	True	True	True	True	True	False	5	False	True	False	strict state-shared core; NCBI protein-coding; feature present on all five external platforms and GSE117606 FFPE
MIR194-2HG	down	-0.354965430898731	-3.25888291164619	0.0046689174550734	0.0150667817887009	105369343	ncRNA	O	MIR194-2HG	current_ncbi_symbol	False	False	False	False	False	False	0	False	False	False	strict state-shared core; NCBI protein-coding; feature present on all five external platforms and GSE117606 FFPE
INPP5B	up	0.339761728304603	3.25715466569559	0.0046914352496146	0.0185329376967437	3633	protein-coding	O	INPP5B	current_ncbi_symbol	True	True	True	True	True	False	5	False	True	False	strict state-shared core; NCBI protein-coding; feature present on all five external platforms and GSE117606 FFPE
TAF8	up	0.226107514006834	3.25470708491535	0.0047224724016947	0.041130511183493	129685	protein-coding	O	TAF8	current_ncbi_symbol	True	True	True	True	True	False	5	False	True	False	strict state-shared core; NCBI protein-coding; feature present on all five external platforms and GSE117606 FFPE
SNX7	down	-0.402984157236046	-3.25437280453598	0.00472564195464	0.0188479278241492	51375	protein-coding	O	SNX7	current_ncbi_symbol	True	True	True	True	True	False	5	False	True	False	strict state-shared core; NCBI protein-coding; feature present on all five external platforms and GSE117606 FFPE
TYW1B	up	0.287052940595144	3.25404720089193	0.0047286699164479	0.0160607939834837	441250	protein-coding	O	TYW1B	current_ncbi_symbol	False	False	False	False	True	False	1	False	True	False	strict state-shared core; NCBI protein-coding; feature present on all five external platforms and GSE117606 FFPE
NXF1	up	0.272332876222542	3.25210434812939	0.0047563034763395	0.0417336492944305	10482	protein-coding	O	NXF1	current_ncbi_symbol	True	True	True	True	True	False	5	False	True	False	strict state-shared core; NCBI protein-coding; feature present on all five external platforms and GSE117606 FFPE
ZNF444	up	0.350177769922815	3.25083763134466	0.0047727240282792	0.0211499250261422	55311	protein-coding	O	ZNF444	current_ncbi_symbol	True	True	True	True	True	False	5	False	True	False	strict state-shared core; NCBI protein-coding; feature present on all five external platforms and GSE117606 FFPE
VPS26C	down	-0.298120120941318	-3.24985306091678	0.004782039819539	0.0187717830539408	10311	protein-coding	O	VPS26C	current_ncbi_symbol	True	False	False	False	False	False	1	False	True	False	strict state-shared core; NCBI protein-coding; feature present on all five external platforms and GSE117606 FFPE
C2orf88	down	-0.365199047019962	-3.24966071625346	0.0047828655795941	0.0368941402630596	84281	protein-coding	O	AKAP19	unique_ncbi_synonym	True	False	True	True	True	False	4	False	True	False	strict state-shared core; NCBI protein-coding; feature present on all five external platforms and GSE117606 FFPE
APP	down	-0.214969370531075	-3.24935265601905	0.0047856391120681	0.0244412714367516	351	protein-coding	O	APP	current_ncbi_symbol	True	True	True	True	True	False	5	False	True	False	strict state-shared core; NCBI protein-coding; feature present on all five external platforms and GSE117606 FFPE
INTS3	up	0.341738763201783	3.24853165342826	0.004792235780449	0.0156914181737459	65123	protein-coding	O	INTS3	current_ncbi_symbol	True	True	True	True	True	False	5	False	True	False	strict state-shared core; NCBI protein-coding; feature present on all five external platforms and GSE117606 FFPE
CADM2	down	-0.463855836155998	-3.24678536632681	0.0048193134565478	0.0366538169718529	253559	protein-coding	O	CADM2	current_ncbi_symbol	True	True	True	True	True	False	5	False	True	False	strict state-shared core; NCBI protein-coding; feature present on all five external platforms and GSE117606 FFPE
SLC12A9	up	0.304776111548259	3.24374094820764	0.00485648206761	0.0194336657685546	56996	protein-coding	O	SLC12A9	current_ncbi_symbol	True	True	True	True	True	False	5	False	True	False	strict state-shared core; NCBI protein-coding; feature present on all five external platforms and GSE117606 FFPE
ABI2	up	0.316147673591055	3.23998931509516	0.0049183707868143	0.0114710035031349	10152	protein-coding	O	ABI2	current_ncbi_symbol	True	True	True	True	True	False	5	False	True	False	strict state-shared core; NCBI protein-coding; feature present on all five external platforms and GSE117606 FFPE
FMR1	down	-0.394262861487589	-3.23861115555565	0.0049397232226906	0.03761112757361	2332	protein-coding	O	FMR1	current_ncbi_symbol	True	True	True	True	True	False	5	False	True	False	strict state-shared core; NCBI protein-coding; feature present on all five external platforms and GSE117606 FFPE
MAPK9	down	-0.202020620651942	-3.23486082858657	0.0049975646260013	0.0330940409643182	5601	protein-coding	O	MAPK9	current_ncbi_symbol	True	True	True	True	True	False	5	False	True	False	strict state-shared core; NCBI protein-coding; feature present on all five external platforms and GSE117606 FFPE
PTPN12	up	0.255812410340017	3.23150284738436	0.0050465750689691	0.0128690072882466	5782	protein-coding	O	PTPN12	current_ncbi_symbol	True	True	True	True	True	False	5	False	True	False	strict state-shared core; NCBI protein-coding; feature present on all five external platforms and GSE117606 FFPE
ZNF398	up	0.265994123959406	3.23090937928193	0.0050520278636423	0.0142154896305739	57541	protein-coding	O	ZNF398	current_ncbi_symbol	True	True	True	True	True	False	5	False	True	False	strict state-shared core; NCBI protein-coding; feature present on all five external platforms and GSE117606 FFPE
SF3B5	down	-0.320722122504045	-3.23074586956851	0.0050524024600675	0.0435085580422201	83443	protein-coding	O	SF3B5	current_ncbi_symbol	True	True	True	True	True	False	5	False	True	False	strict state-shared core; NCBI protein-coding; feature present on all five external platforms and GSE117606 FFPE
GGA3	up	0.265784291615774	3.23027477640523	0.0050582176593221	0.0402554904204432	23163	protein-coding	O	GGA3	current_ncbi_symbol	True	True	True	True	True	False	5	False	True	False	strict state-shared core; NCBI protein-coding; feature present on all five external platforms and GSE117606 FFPE
C6orf136	down	-0.282000275226874	-3.22906654225127	0.0050771110951401	0.0195318692561812	221545	protein-coding	O	C6orf136	current_ncbi_symbol	True	True	True	True	True	False	5	False	True	False	strict state-shared core; NCBI protein-coding; feature present on all five external platforms and GSE117606 FFPE
ABCD3	down	-0.337870397272451	-3.22217882659298	0.0051930149106034	0.0131477404264013	5825	protein-coding	O	ABCD3	current_ncbi_symbol	True	False	True	True	True	False	4	False	True	False	strict state-shared core; NCBI protein-coding; feature present on all five external platforms and GSE117606 FFPE
FBXL18	up	0.437230040837769	3.22077787068039	0.0052110443500653	0.0205465649850993	80028	protein-coding	O	FBXL18	current_ncbi_symbol	True	True	True	True	True	False	5	False	True	False	strict state-shared core; NCBI protein-coding; feature present on all five external platforms and GSE117606 FFPE
GOLM1	down	-0.255666232434346	-3.21964307541179	0.0052261900171673	0.0324755369791905	51280	protein-coding	O	GOLM1	current_ncbi_symbol	True	True	True	True	True	False	5	False	True	False	strict state-shared core; NCBI protein-coding; feature present on all five external platforms and GSE117606 FFPE
NIF3L1	down	-0.3680689230944	-3.21855592800958	0.0052408505962774	0.0357968030251311	60491	protein-coding	O	NIF3L1	current_ncbi_symbol	True	True	True	True	True	False	5	False	True	False	strict state-shared core; NCBI protein-coding; feature present on all five external platforms and GSE117606 FFPE
NFKBIA	down	-0.371553147382813	-3.21558012753049	0.0052928744065144	0.0446766721935311	4792	protein-coding	O	NFKBIA	current_ncbi_symbol	True	False	True	True	True	False	4	False	True	False	strict state-shared core; NCBI protein-coding; feature present on all five external platforms and GSE117606 FFPE
REEP5	down	-0.257271076632927	-3.21540400004738	0.0052935053850528	0.0392194889832425	7905	protein-coding	O	REEP5	current_ncbi_symbol	True	True	True	True	True	False	5	False	True	False	strict state-shared core; NCBI protein-coding; feature present on all five external platforms and GSE117606 FFPE
PRKCE	up	0.253830584107779	3.21420424717644	0.0053104246172303	0.0335114305701484	5581	protein-coding	O	PRKCE	current_ncbi_symbol	True	True	True	True	True	False	5	False	True	False	strict state-shared core; NCBI protein-coding; feature present on all five external platforms and GSE117606 FFPE
STIM2	up	0.30582499095342	3.21352037679898	0.0053204597174076	0.034473166558458	57620	protein-coding	O	STIM2	current_ncbi_symbol	True	True	True	True	True	False	5	False	True	False	strict state-shared core; NCBI protein-coding; feature present on all five external platforms and GSE117606 FFPE
USP22	down	-0.206606358083079	-3.21245980082607	0.005337508152272	0.0360347758225975	23326	protein-coding	O	USP22	current_ncbi_symbol	True	False	True	True	True	False	4	False	True	False	strict state-shared core; NCBI protein-coding; feature present on all five external platforms and GSE117606 FFPE
MYO5B	up	0.159836017701985	3.21207377532624	0.0053420499691837	0.0436397390980826	4645	protein-coding	O	MYO5B	current_ncbi_symbol	True	True	True	True	True	False	5	False	True	False	strict state-shared core; NCBI protein-coding; feature present on all five external platforms and GSE117606 FFPE
SRSF4	up	0.196852261136197	3.21098357861624	0.0053597149327539	0.0271310016200439	6429	protein-coding	O	SRSF4	current_ncbi_symbol	True	False	True	True	True	False	4	False	True	False	strict state-shared core; NCBI protein-coding; feature present on all five external platforms and GSE117606 FFPE
NUDT2	up	0.24729177041842	3.21034776857647	0.0053636551092702	0.0166058494483744	318	protein-coding	O	NUDT2	current_ncbi_symbol	True	True	True	True	True	False	5	False	True	False	strict state-shared core; NCBI protein-coding; feature present on all five external platforms and GSE117606 FFPE
PSME3	down	-0.327967005844167	-3.20877219692909	0.005380936190707	0.0462087119105081	10197	protein-coding	O	PSME3	current_ncbi_symbol	True	True	True	True	True	False	5	False	True	False	strict state-shared core; NCBI protein-coding; feature present on all five external platforms and GSE117606 FFPE
ZFAND6	down	-0.254784517378978	-3.20871651988934	0.005380936190707	0.0470138909618023	54469	protein-coding	O	ZFAND6	current_ncbi_symbol	False	True	True	True	True	False	4	False	True	False	strict state-shared core; NCBI protein-coding; feature present on all five external platforms and GSE117606 FFPE
PSENEN	down	-0.44906159885577	-3.20647162543479	0.0054156877403158	0.0457930735924297	55851	protein-coding	O	PSENEN	current_ncbi_symbol	True	True	True	True	True	False	5	False	True	False	strict state-shared core; NCBI protein-coding; feature present on all five external platforms and GSE117606 FFPE
PGM3	down	-0.364915259511122	-3.20575583999844	0.0054259501020957	0.0488392927659377	5238	protein-coding	O	PGM3	current_ncbi_symbol	True	True	True	True	True	False	5	False	True	False	strict state-shared core; NCBI protein-coding; feature present on all five external platforms and GSE117606 FFPE
NFIA	up	0.256952624452139	3.20298442572671	0.0054757551225475	0.0240431929820347	4774	protein-coding	O	NFIA	current_ncbi_symbol	True	True	True	True	True	False	5	False	True	False	strict state-shared core; NCBI protein-coding; feature present on all five external platforms and GSE117606 FFPE
EDEM1	down	-0.444793900487486	-3.20172422662317	0.0054890126390088	0.0305573137950707	9695	protein-coding	O	EDEM1	current_ncbi_symbol	True	True	True	True	True	False	5	False	True	False	strict state-shared core; NCBI protein-coding; feature present on all five external platforms and GSE117606 FFPE
MAP2K7	up	0.287813915018742	3.20118330063866	0.0054966415639406	0.0116333156973885	5609	protein-coding	O	MAP2K7	current_ncbi_symbol	True	True	True	True	True	False	5	False	True	False	strict state-shared core; NCBI protein-coding; feature present on all five external platforms and GSE117606 FFPE
HNRNPR	down	-0.302387187579126	-3.19972528161061	0.0055164368024186	0.0251994921445254	10236	protein-coding	O	HNRNPR	current_ncbi_symbol	True	False	True	True	True	False	4	False	True	False	strict state-shared core; NCBI protein-coding; feature present on all five external platforms and GSE117606 FFPE
UNC45A	up	0.293069799833449	3.19857300485997	0.0055331320188049	0.0136971760761395	55898	protein-coding	O	UNC45A	current_ncbi_symbol	True	True	True	True	True	False	5	False	True	False	strict state-shared core; NCBI protein-coding; feature present on all five external platforms and GSE117606 FFPE
NUP98	up	0.179229747255026	3.19591165532068	0.0055735574795637	0.031560767690133	4928	protein-coding	O	NUP98	current_ncbi_symbol	True	True	True	True	True	False	5	False	True	False	strict state-shared core; NCBI protein-coding; feature present on all five external platforms and GSE117606 FFPE
TRAM1	down	-0.417070372703366	-3.19295399719581	0.0056145753863339	0.0192533553334515	23471	protein-coding	O	TRAM1	current_ncbi_symbol	True	True	True	True	True	False	5	False	True	False	strict state-shared core; NCBI protein-coding; feature present on all five external platforms and GSE117606 FFPE
TTF1	up	0.29950612345432	3.18957789051576	0.0056702841824677	0.0133551556965247	7270	protein-coding	O	TTF1	current_ncbi_symbol	True	True	True	True	True	False	5	False	True	False	strict state-shared core; NCBI protein-coding; feature present on all five external platforms and GSE117606 FFPE
BID	up	0.229084788717842	3.18777275477013	0.0057023260439224	0.0399357061950532	637	protein-coding	O	BID	current_ncbi_symbol	True	True	True	True	True	False	5	False	True	False	strict state-shared core; NCBI protein-coding; feature present on all five external platforms and GSE117606 FFPE
VOPP1	up	0.150148196423102	3.1869896994073	0.0057150219338691	0.0132383095401896	81552	protein-coding	O	VOPP1	current_ncbi_symbol	False	False	True	True	True	False	3	False	True	False	strict state-shared core; NCBI protein-coding; feature present on all five external platforms and GSE117606 FFPE
POFUT1	up	0.251319093501512	3.18654533996121	0.005721041905431	0.0185961746607294	23509	protein-coding	O	POFUT1	current_ncbi_symbol	True	True	True	True	True	False	5	False	True	False	strict state-shared core; NCBI protein-coding; feature present on all five external platforms and GSE117606 FFPE
ERCC3	up	0.215059969194698	3.18639613541065	0.0057212283148467	0.0298474175675232	2071	protein-coding	O	ERCC3	current_ncbi_symbol	True	True	True	True	True	False	5	False	True	False	strict state-shared core; NCBI protein-coding; feature present on all five external platforms and GSE117606 FFPE
SLTM	down	-0.317467165573794	-3.18481208220867	0.0057470834391876	0.0197005295134435	79811	protein-coding	O	SLTM	current_ncbi_symbol	True	True	True	True	True	False	5	False	True	False	strict state-shared core; NCBI protein-coding; feature present on all five external platforms and GSE117606 FFPE
MAN1B1	up	0.308902017141512	3.18362318462367	0.0057679540388479	0.0359072088485835	11253	protein-coding	O	MAN1B1	current_ncbi_symbol	True	True	True	True	True	False	5	False	True	False	strict state-shared core; NCBI protein-coding; feature present on all five external platforms and GSE117606 FFPE
HNRNPL	down	-0.175858132242638	-3.18318894772091	0.0057682770634088	0.0239628481373451	3191	protein-coding	O	HNRNPL	current_ncbi_symbol	True	True	True	True	True	False	5	False	True	False	strict state-shared core; NCBI protein-coding; feature present on all five external platforms and GSE117606 FFPE
GRAMD2B	down	-0.264048281921342	-3.18313546871605	0.0057682770634088	0.0376713412514089	65983	protein-coding	O	GRAMD2B	current_ncbi_symbol	True	False	False	False	False	False	1	False	True	False	strict state-shared core; NCBI protein-coding; feature present on all five external platforms and GSE117606 FFPE
ADCY6	up	0.243785224007652	3.18304886262461	0.0057682770634088	0.0297242778158027	112	protein-coding	O	ADCY6	current_ncbi_symbol	True	True	True	True	True	False	5	False	True	False	strict state-shared core; NCBI protein-coding; feature present on all five external platforms and GSE117606 FFPE
ACAD9	up	0.192388697343719	3.17613445844731	0.0058990321428561	0.0128804063064187	28976	protein-coding	O	ACAD9	current_ncbi_symbol	True	True	True	True	True	False	5	False	True	False	strict state-shared core; NCBI protein-coding; feature present on all five external platforms and GSE117606 FFPE
GTF3C6	down	-0.324716105123868	-3.17293511614746	0.0059501210674605	0.0152242137385724	112495	protein-coding	O	GTF3C6	current_ncbi_symbol	False	True	True	True	True	False	4	False	True	False	strict state-shared core; NCBI protein-coding; feature present on all five external platforms and GSE117606 FFPE
INO80	up	0.228394438485124	3.17156084785152	0.0059726175685039	0.0217077306719068	54617	protein-coding	O	INO80	current_ncbi_symbol	True	False	True	True	True	False	4	False	True	False	strict state-shared core; NCBI protein-coding; feature present on all five external platforms and GSE117606 FFPE
DDRGK1	up	0.308931957434651	3.17049195566926	0.0059850848032144	0.0118446836783047	65992	protein-coding	O	DDRGK1	current_ncbi_symbol	True	False	True	True	True	False	4	False	True	False	strict state-shared core; NCBI protein-coding; feature present on all five external platforms and GSE117606 FFPE
EZR	down	-0.130148622227273	-3.17039888324422	0.0059850848032144	0.0135622023095742	7430	protein-coding	O	EZR	current_ncbi_symbol	True	False	True	True	True	False	4	False	True	False	strict state-shared core; NCBI protein-coding; feature present on all five external platforms and GSE117606 FFPE
E2F4	down	-0.308534196277231	-3.16904822971366	0.0060043535626338	0.0205057737994013	1874	protein-coding	O	E2F4	current_ncbi_symbol	True	True	True	True	True	False	5	False	True	False	strict state-shared core; NCBI protein-coding; feature present on all five external platforms and GSE117606 FFPE
ATF7IP	up	0.244826274966107	3.16882957332892	0.0060060041320836	0.0259350945553196	55729	protein-coding	O	ATF7IP	current_ncbi_symbol	True	True	True	True	True	False	5	False	True	False	strict state-shared core; NCBI protein-coding; feature present on all five external platforms and GSE117606 FFPE
VAMP8	down	-0.275317428073681	-3.16841340695825	0.0060088728035835	0.0371104525026673	8673	protein-coding	O	VAMP8	current_ncbi_symbol	True	True	True	True	True	False	5	False	True	False	strict state-shared core; NCBI protein-coding; feature present on all five external platforms and GSE117606 FFPE
CKMT1B	down	-0.239269629025815	-3.16193461876319	0.0061237364890823	0.0186293053469366	1159	protein-coding	O	CKMT1B	current_ncbi_symbol	False	True	False	False	True	False	2	False	True	False	strict state-shared core; NCBI protein-coding; feature present on all five external platforms and GSE117606 FFPE
SAMD4B	up	0.218573935922963	3.15319740031435	0.0062801813977967	0.0395014568941171	55095	protein-coding	O	SAMD4B	current_ncbi_symbol	True	True	True	True	True	False	5	False	True	False	strict state-shared core; NCBI protein-coding; feature present on all five external platforms and GSE117606 FFPE
C6orf62	down	-0.334230149548576	-3.14957219890418	0.0063526146152238	0.0197367957166501	81688	protein-coding	O	C6orf62	current_ncbi_symbol	True	True	True	True	True	False	5	False	True	False	strict state-shared core; NCBI protein-coding; feature present on all five external platforms and GSE117606 FFPE
SGSM2	up	0.312344764101137	3.14864029362787	0.0063692703581366	0.024886562924836	9905	protein-coding	O	SGSM2	current_ncbi_symbol	True	True	True	True	True	False	5	False	True	False	strict state-shared core; NCBI protein-coding; feature present on all five external platforms and GSE117606 FFPE
WWTR1	down	-0.271776815244973	-3.14818021851759	0.0063739081397285	0.0307040663729414	25937	protein-coding	O	WWTR1	current_ncbi_symbol	True	True	True	True	True	False	5	False	True	False	strict state-shared core; NCBI protein-coding; feature present on all five external platforms and GSE117606 FFPE
NAT8L	up	0.53541787557178	3.14428557550221	0.0064442483543557	0.031309483070932	339983	protein-coding	O	ASPNAT	unique_ncbi_synonym	True	False	True	True	True	False	4	False	True	False	strict state-shared core; NCBI protein-coding; feature present on all five external platforms and GSE117606 FFPE
C2orf69	down	-0.44620324557449	-3.14428121128159	0.0064442483543557	0.039626417354046	205327	protein-coding	O	C2orf69	current_ncbi_symbol	True	False	True	True	True	False	4	False	True	False	strict state-shared core; NCBI protein-coding; feature present on all five external platforms and GSE117606 FFPE
SNX14	up	0.234246745140836	3.1434638185128	0.006456193940394	0.0379748372711003	57231	protein-coding	O	SNX14	current_ncbi_symbol	True	True	True	True	True	False	5	False	True	False	strict state-shared core; NCBI protein-coding; feature present on all five external platforms and GSE117606 FFPE
PEX16	up	0.294577610114765	3.14219949547709	0.0064792991466633	0.0176876582066943	9409	protein-coding	O	PEX16	current_ncbi_symbol	True	True	True	True	True	False	5	False	True	False	strict state-shared core; NCBI protein-coding; feature present on all five external platforms and GSE117606 FFPE
AIMP2	up	0.335783363891148	3.13993046748202	0.0065222997469985	0.0142816477642394	7965	protein-coding	O	AIMP2	current_ncbi_symbol	True	False	True	True	True	False	4	False	True	False	strict state-shared core; NCBI protein-coding; feature present on all five external platforms and GSE117606 FFPE
SETX	up	0.210418688196569	3.13505236564422	0.006615482800289	0.018532614148117	23064	protein-coding	O	SETX	current_ncbi_symbol	True	True	True	True	True	False	5	False	True	False	strict state-shared core; NCBI protein-coding; feature present on all five external platforms and GSE117606 FFPE
FAM89B	up	0.280746858841342	3.13311825819573	0.0066537296651422	0.0135591760574196	23625	protein-coding	O	FAM89B	current_ncbi_symbol	True	True	True	True	True	False	5	False	True	False	strict state-shared core; NCBI protein-coding; feature present on all five external platforms and GSE117606 FFPE
GUSBP11	up	0.395680718558106	3.13167700990223	0.0066833490356773	0.0268856639064861	91316	pseudo	O	GUSBP11	current_ncbi_symbol	True	False	True	True	True	False	4	False	False	False	strict state-shared core; NCBI protein-coding; feature present on all five external platforms and GSE117606 FFPE
INPP5A	up	0.295280308306026	3.13120327537519	0.0066910105322651	0.0495921196044944	3632	protein-coding	O	INPP5A	current_ncbi_symbol	True	True	True	True	True	False	5	False	True	False	strict state-shared core; NCBI protein-coding; feature present on all five external platforms and GSE117606 FFPE
EIF4A1	up	0.498621110826379	3.13040334520537	0.0067061245790672	0.0289370668182852	1973	protein-coding	O	EIF4A1	current_ncbi_symbol	False	True	True	True	True	False	4	False	True	False	strict state-shared core; NCBI protein-coding; feature present on all five external platforms and GSE117606 FFPE
LETMD1	up	0.201311935514143	3.12896777052637	0.0067326822987594	0.0355657333457183	25875	protein-coding	O	LETMD1	current_ncbi_symbol	True	True	True	True	True	False	5	False	True	False	strict state-shared core; NCBI protein-coding; feature present on all five external platforms and GSE117606 FFPE
SLC25A25-AS1	down	-0.264756360268972	-3.12818977887801	0.00674423285043	0.0126305510775934	100289019	ncRNA	O	SLC25A25-AS1	current_ncbi_symbol	True	False	False	False	False	False	1	False	False	False	strict state-shared core; NCBI protein-coding; feature present on all five external platforms and GSE117606 FFPE
DEPDC5	up	0.277605049233656	3.12654519834384	0.0067725920544365	0.0356038791768571	9681	protein-coding	O	DEPDC5	current_ncbi_symbol	True	True	True	True	True	False	5	False	True	False	strict state-shared core; NCBI protein-coding; feature present on all five external platforms and GSE117606 FFPE
NRF1	up	0.247309474594071	3.12588607960598	0.0067846293483285	0.0383860456229497	4899	protein-coding	O	NRF1	current_ncbi_symbol	True	True	True	True	True	False	5	False	True	False	strict state-shared core; NCBI protein-coding; feature present on all five external platforms and GSE117606 FFPE
PLEKHM1	up	0.212908368614045	3.11970729319074	0.0069092594192251	0.0168363182033251	9842	protein-coding	O	PLEKHM1	current_ncbi_symbol	True	True	True	True	True	False	5	False	True	False	strict state-shared core; NCBI protein-coding; feature present on all five external platforms and GSE117606 FFPE
MNT	up	0.272340284320757	3.11885409791453	0.0069245135496374	0.0340279457782127	4335	protein-coding	O	MNT	current_ncbi_symbol	True	True	True	True	True	False	5	False	True	False	strict state-shared core; NCBI protein-coding; feature present on all five external platforms and GSE117606 FFPE
KNOP1	up	0.380525877062847	3.11724814000603	0.0069574681617371	0.0381465438090133	400506	protein-coding	O	KNOP1	current_ncbi_symbol	True	False	True	True	False	False	3	False	True	False	strict state-shared core; NCBI protein-coding; feature present on all five external platforms and GSE117606 FFPE
ARL5A	down	-0.335018503153597	-3.11634770788117	0.0069722849574521	0.0158159375934016	26225	protein-coding	O	ARL5A	current_ncbi_symbol	True	True	True	True	True	False	5	False	True	False	strict state-shared core; NCBI protein-coding; feature present on all five external platforms and GSE117606 FFPE
CEP68	up	0.346688826941407	3.11379558066353	0.007023114578942	0.0426191207117793	23177	protein-coding	O	CEP68	current_ncbi_symbol	True	True	True	True	True	False	5	False	True	False	strict state-shared core; NCBI protein-coding; feature present on all five external platforms and GSE117606 FFPE
VRK2	up	0.251554418102872	3.11246928537409	0.0070514864838915	0.0403381198377157	7444	protein-coding	O	VRK2	current_ncbi_symbol	True	True	True	True	True	False	5	False	True	False	strict state-shared core; NCBI protein-coding; feature present on all five external platforms and GSE117606 FFPE
KMT2B	up	0.371972617077293	3.1107581372441	0.007079381716094	0.0141606751248796	9757	protein-coding	O	KMT2B	current_ncbi_symbol	True	False	True	True	False	False	3	False	True	False	strict state-shared core; NCBI protein-coding; feature present on all five external platforms and GSE117606 FFPE
TFAP4	up	0.37766451624236	3.1094034555197	0.0071020930719521	0.0274949989524484	7023	protein-coding	O	TFAP4	current_ncbi_symbol	True	True	True	True	True	False	5	False	True	False	strict state-shared core; NCBI protein-coding; feature present on all five external platforms and GSE117606 FFPE
TARS2	up	0.324369687698871	3.10577526633804	0.0071798835707103	0.0455951337001926	80222	protein-coding	O	TARS2	current_ncbi_symbol	True	True	True	True	True	False	5	False	True	False	strict state-shared core; NCBI protein-coding; feature present on all five external platforms and GSE117606 FFPE
ASXL1	up	0.208346964115501	3.10468961596009	0.0071963518243349	0.0171365413636435	171023	protein-coding	O	ASXL1	current_ncbi_symbol	True	True	True	True	True	False	5	False	True	False	strict state-shared core; NCBI protein-coding; feature present on all five external platforms and GSE117606 FFPE
XPO7	down	-0.25645047625766	-3.10161797646272	0.0072611332105987	0.0259072570314387	23039	protein-coding	O	XPO7	current_ncbi_symbol	True	True	True	True	True	False	5	False	True	False	strict state-shared core; NCBI protein-coding; feature present on all five external platforms and GSE117606 FFPE
P4HB	up	0.313209110146679	3.10149399858424	0.0072611332105987	0.0369410470551051	5034	protein-coding	O	P4HB	current_ncbi_symbol	True	False	True	True	True	False	4	False	True	False	strict state-shared core; NCBI protein-coding; feature present on all five external platforms and GSE117606 FFPE
RAB21	down	-0.245655744121594	-3.10103023618023	0.007265849311375	0.0450637949008821	23011	protein-coding	O	RAB21	current_ncbi_symbol	True	True	True	True	True	False	5	False	True	False	strict state-shared core; NCBI protein-coding; feature present on all five external platforms and GSE117606 FFPE
EFNA1	down	-0.41138129411738	-3.09889347063822	0.0073015663894585	0.0293315299500592	1942	protein-coding	O	EFNA1	current_ncbi_symbol	True	True	True	True	True	False	5	False	True	False	strict state-shared core; NCBI protein-coding; feature present on all five external platforms and GSE117606 FFPE
ATAD3B	up	0.40806322208192	3.09748634676019	0.0073297739863695	0.0221278656952003	83858	protein-coding	O	ATAD3B	current_ncbi_symbol	True	True	True	True	True	False	5	False	True	False	strict state-shared core; NCBI protein-coding; feature present on all five external platforms and GSE117606 FFPE
RPAP1	up	0.311945271841518	3.09686033979979	0.0073419158893396	0.022465609179525	26015	protein-coding	O	RPAP1	current_ncbi_symbol	True	True	True	True	True	False	5	False	True	False	strict state-shared core; NCBI protein-coding; feature present on all five external platforms and GSE117606 FFPE
PAN2	up	0.279167680740597	3.09504839321345	0.0073766024054384	0.0399093415458716	9924	protein-coding	O	PAN2	current_ncbi_symbol	True	True	True	True	True	False	5	False	True	False	strict state-shared core; NCBI protein-coding; feature present on all five external platforms and GSE117606 FFPE
RSRC2	down	-0.281865565892269	-3.09437416792393	0.0073868616700145	0.0193580963307545	65117	protein-coding	O	RSRC2	current_ncbi_symbol	True	True	True	True	True	False	5	False	True	False	strict state-shared core; NCBI protein-coding; feature present on all five external platforms and GSE117606 FFPE
UQCRC1	down	-0.248177978970683	-3.09323875081777	0.0074084338469275	0.0290393821873995	7384	protein-coding	O	UQCRC1	current_ncbi_symbol	True	True	True	True	True	False	5	False	True	False	strict state-shared core; NCBI protein-coding; feature present on all five external platforms and GSE117606 FFPE
HOXB5	up	0.317393075062663	3.09300909747459	0.0074107961803055	0.0460145276042447	3215	protein-coding	O	HOXB5	current_ncbi_symbol	True	True	True	True	True	False	5	False	True	False	strict state-shared core; NCBI protein-coding; feature present on all five external platforms and GSE117606 FFPE
SESN2	up	0.278282801382171	3.08935461637431	0.0074923472708223	0.0250956312081827	83667	protein-coding	O	SESN2	current_ncbi_symbol	True	True	True	True	True	False	5	False	True	False	strict state-shared core; NCBI protein-coding; feature present on all five external platforms and GSE117606 FFPE
MSH5	up	0.402927829355958	3.08639583931254	0.0075570130648633	0.0423645580075602	4439	protein-coding	O	MSH5	current_ncbi_symbol	False	True	False	False	True	False	2	False	True	False	strict state-shared core; NCBI protein-coding; feature present on all five external platforms and GSE117606 FFPE
ENGASE	up	0.314415091811937	3.08335923368031	0.0076207298490424	0.0238827870060534	64772	protein-coding	O	ENGASE	current_ncbi_symbol	True	False	True	True	True	False	4	False	True	False	strict state-shared core; NCBI protein-coding; feature present on all five external platforms and GSE117606 FFPE
TCF12	up	0.248205031132504	3.08314991217617	0.0076226402009055	0.0302946095707402	6938	protein-coding	O	TCF12	current_ncbi_symbol	True	True	True	True	True	False	5	False	True	False	strict state-shared core; NCBI protein-coding; feature present on all five external platforms and GSE117606 FFPE
INO80D	up	0.273420601847677	3.08111319206236	0.0076551499106386	0.0416289027844053	54891	protein-coding	O	INO80D	current_ncbi_symbol	True	False	True	True	True	False	4	False	True	False	strict state-shared core; NCBI protein-coding; feature present on all five external platforms and GSE117606 FFPE
SATB1	down	-0.407431403405256	-3.07961600832826	0.007685824135345	0.0490306612825538	6304	protein-coding	O	SATB1	current_ncbi_symbol	True	True	True	True	True	False	5	False	True	False	strict state-shared core; NCBI protein-coding; feature present on all five external platforms and GSE117606 FFPE
YAP1	up	0.199530239661617	3.07841221385803	0.0077099877228515	0.0263887973564115	10413	protein-coding	O	YAP1	current_ncbi_symbol	True	True	True	True	True	False	5	False	True	False	strict state-shared core; NCBI protein-coding; feature present on all five external platforms and GSE117606 FFPE
NAGLU	up	0.333502444113799	3.07808070814229	0.0077150930725825	0.0223626725996341	4669	protein-coding	O	NAGLU	current_ncbi_symbol	True	True	True	True	True	False	5	False	True	False	strict state-shared core; NCBI protein-coding; feature present on all five external platforms and GSE117606 FFPE
JAGN1	down	-0.29861801192371	-3.07783897408999	0.007717877383347	0.025672722109872	84522	protein-coding	O	JAGN1	current_ncbi_symbol	True	False	True	True	True	False	4	False	True	False	strict state-shared core; NCBI protein-coding; feature present on all five external platforms and GSE117606 FFPE
NOL10	up	0.203799485186995	3.07325140962841	0.0078129025976822	0.0237174068512718	79954	protein-coding	O	NOL10	current_ncbi_symbol	True	True	True	True	True	False	5	False	True	False	strict state-shared core; NCBI protein-coding; feature present on all five external platforms and GSE117606 FFPE
ARID4B	up	0.167182180343751	3.07298119227511	0.0078164723744284	0.0341536377985325	51742	protein-coding	O	ARID4B	current_ncbi_symbol	True	True	True	True	True	False	5	False	True	False	strict state-shared core; NCBI protein-coding; feature present on all five external platforms and GSE117606 FFPE
ENSG00000225421	down	-0.323922154557206	-3.07051660636784	0.0078735237191299	0.0424839071803269						False	False	False	False	False	False	0	False	False	False	strict state-shared core; NCBI protein-coding; feature present on all five external platforms and GSE117606 FFPE
TMX1	down	-0.420278349406917	-3.06628179165758	0.0079687426550631	0.049674777755624	81542	protein-coding	O	TMX1	current_ncbi_symbol	True	False	True	True	True	False	4	False	True	False	strict state-shared core; NCBI protein-coding; feature present on all five external platforms and GSE117606 FFPE
NUP50	down	-0.390498473225051	-3.0599469225113	0.0081210794623264	0.0325837883959564	10762	protein-coding	O	NUP50	current_ncbi_symbol	True	True	True	True	True	False	5	False	True	False	strict state-shared core; NCBI protein-coding; feature present on all five external platforms and GSE117606 FFPE
CRBN	down	-0.323031206193633	-3.0590833356104	0.0081408940876985	0.0414726222964696	51185	protein-coding	O	CRBN	current_ncbi_symbol	True	True	True	True	True	False	5	False	True	False	strict state-shared core; NCBI protein-coding; feature present on all five external platforms and GSE117606 FFPE
URB1	up	0.26756217001507	3.05482890197146	0.0082279037986582	0.0210476384789298	9875	protein-coding	O	URB1	current_ncbi_symbol	True	False	True	True	True	False	4	False	True	False	strict state-shared core; NCBI protein-coding; feature present on all five external platforms and GSE117606 FFPE
B4GALNT2	down	-0.546145720978739	-3.0534125347565	0.0082595009638105	0.0395577696278345	124872	protein-coding	O	B4GALNT2	current_ncbi_symbol	True	True	True	True	True	False	5	False	True	False	strict state-shared core; NCBI protein-coding; feature present on all five external platforms and GSE117606 FFPE
SLC48A1	up	0.356640694193349	3.05235285849812	0.008285039105283	0.0302912770297025	55652	protein-coding	O	SLC48A1	current_ncbi_symbol	True	False	True	True	True	False	4	False	True	False	strict state-shared core; NCBI protein-coding; feature present on all five external platforms and GSE117606 FFPE
CPSF7	down	-0.195728320406473	-3.05103114000029	0.0083068495646676	0.0260840135650683	79869	protein-coding	O	CPSF7	current_ncbi_symbol	True	False	True	True	True	False	4	False	True	False	strict state-shared core; NCBI protein-coding; feature present on all five external platforms and GSE117606 FFPE
ATP13A2	up	0.312222887650652	3.0497309101512	0.0083391990485627	0.0326370951546201	23400	protein-coding	O	ATP13A2	current_ncbi_symbol	True	True	True	True	True	False	5	False	True	False	strict state-shared core; NCBI protein-coding; feature present on all five external platforms and GSE117606 FFPE
SUPT6H	up	0.254411911788082	3.04832692937358	0.008370848602195	0.034740422671787	6830	protein-coding	O	SUPT6H	current_ncbi_symbol	True	True	True	True	True	False	5	False	True	False	strict state-shared core; NCBI protein-coding; feature present on all five external platforms and GSE117606 FFPE
AKAP8	up	0.212648223925507	3.04653761596459	0.0084096692927882	0.0362453493523043	10270	protein-coding	O	AKAP8	current_ncbi_symbol	True	True	True	True	True	False	5	False	True	False	strict state-shared core; NCBI protein-coding; feature present on all five external platforms and GSE117606 FFPE
TBCA	down	-0.183884758544207	-3.04597216914305	0.0084195486859517	0.0356002224629067	6902	protein-coding	O	TBCA	current_ncbi_symbol	True	True	True	True	True	False	5	False	True	False	strict state-shared core; NCBI protein-coding; feature present on all five external platforms and GSE117606 FFPE
PIM3	up	0.38867820600976	3.04591903273233	0.0084195486859517	0.0257627031640236	415116	protein-coding	O	PIM3	current_ncbi_symbol	True	True	True	True	True	False	5	False	True	False	strict state-shared core; NCBI protein-coding; feature present on all five external platforms and GSE117606 FFPE
TULP3	up	0.300116013588218	3.04441416779167	0.0084505915204135	0.0311280457601213	7289	protein-coding	O	TULP3	current_ncbi_symbol	True	True	True	True	True	False	5	False	True	False	strict state-shared core; NCBI protein-coding; feature present on all five external platforms and GSE117606 FFPE
ARHGAP18	up	0.266320282697365	3.04298242553461	0.0084871594240789	0.0162166376791835	93663	protein-coding	O	ARHGAP18	current_ncbi_symbol	True	True	True	True	True	False	5	False	True	False	strict state-shared core; NCBI protein-coding; feature present on all five external platforms and GSE117606 FFPE
GRK6	up	0.251873771707538	3.04276711702488	0.0084894923513727	0.04482550369537	2870	protein-coding	O	GRK6	current_ncbi_symbol	True	True	True	True	True	False	5	False	True	False	strict state-shared core; NCBI protein-coding; feature present on all five external platforms and GSE117606 FFPE
NDUFA10	down	-0.190727422579828	-3.04076904896135	0.008542265461049	0.046425749759502	4705	protein-coding	O	NDUFA10	current_ncbi_symbol	True	True	True	True	True	False	5	False	True	False	strict state-shared core; NCBI protein-coding; feature present on all five external platforms and GSE117606 FFPE
XRRA1	up	0.264482240379364	3.03979850758754	0.0085622988678241	0.0367959285975411	143570	protein-coding	O	XRRA1	current_ncbi_symbol	True	False	True	True	True	False	4	False	True	False	strict state-shared core; NCBI protein-coding; feature present on all five external platforms and GSE117606 FFPE
MTF1	up	0.259287542155686	3.03883150872681	0.0085822774639425	0.0443419799149548	4520	protein-coding	O	MTF1	current_ncbi_symbol	True	True	True	True	True	False	5	False	True	False	strict state-shared core; NCBI protein-coding; feature present on all five external platforms and GSE117606 FFPE
CNKSR2	up	0.402083938734023	3.03634946277504	0.0086456487254223	0.0226352973161518	22866	protein-coding	O	CNKSR2	current_ncbi_symbol	True	True	True	True	True	False	5	False	True	False	strict state-shared core; NCBI protein-coding; feature present on all five external platforms and GSE117606 FFPE
MAP3K3	up	0.310213111980366	3.03455358887289	0.0086934713080725	0.0495168472737222	4215	protein-coding	O	MAP3K3	current_ncbi_symbol	True	True	True	True	True	False	5	False	True	False	strict state-shared core; NCBI protein-coding; feature present on all five external platforms and GSE117606 FFPE
NDUFA2	down	-0.330200252186436	-3.03288267100942	0.0087302536473353	0.0255577821768568	4695	protein-coding	O	NDUFA2	current_ncbi_symbol	True	False	True	True	True	False	4	False	True	False	strict state-shared core; NCBI protein-coding; feature present on all five external platforms and GSE117606 FFPE
INPP4B	up	0.383658154517218	3.03129393485689	0.0087647979085958	0.0425989215381666	8821	protein-coding	O	INPP4B	current_ncbi_symbol	True	True	True	True	True	False	5	False	True	False	strict state-shared core; NCBI protein-coding; feature present on all five external platforms and GSE117606 FFPE
STX18-AS1	up	0.295479103851278	3.03002721477715	0.0087922677867724	0.026410840793866	100507266	ncRNA	O	STX18-AS1	current_ncbi_symbol	True	False	True	True	False	False	3	False	False	False	strict state-shared core; NCBI protein-coding; feature present on all five external platforms and GSE117606 FFPE
TFG	down	-0.349300499204429	-3.0287662020737	0.0088230098400059	0.030532976399525	10342	protein-coding	O	TFG	current_ncbi_symbol	True	True	True	True	True	False	5	False	True	False	strict state-shared core; NCBI protein-coding; feature present on all five external platforms and GSE117606 FFPE
TMEM39B	up	0.311488451053346	3.0270835549815	0.0088645245754921	0.0443800066188904	55116	protein-coding	O	TMEM39B	current_ncbi_symbol	True	True	True	True	True	False	5	False	True	False	strict state-shared core; NCBI protein-coding; feature present on all five external platforms and GSE117606 FFPE
ASPSCR1	up	0.387646057200425	3.02251983660239	0.0089688460239607	0.0330373433920998	79058	protein-coding	O	ASPSCR1	current_ncbi_symbol	True	True	True	True	True	False	5	False	True	False	strict state-shared core; NCBI protein-coding; feature present on all five external platforms and GSE117606 FFPE
UFM1	down	-0.404349366188895	-3.02133370592151	0.0089953407827085	0.0421677378008667	51569	protein-coding	O	UFM1	current_ncbi_symbol	True	True	True	True	True	False	5	False	True	False	strict state-shared core; NCBI protein-coding; feature present on all five external platforms and GSE117606 FFPE
CRYZL1	down	-0.335015905436234	-3.02108362147616	0.0089988613056975	0.0459347519330251	9946	protein-coding	O	CRYZL1	current_ncbi_symbol	True	True	True	True	True	False	5	False	True	False	strict state-shared core; NCBI protein-coding; feature present on all five external platforms and GSE117606 FFPE
PHF6	down	-0.31696047511044	-3.01869105300403	0.009066287157772	0.0248225292300113	84295	protein-coding	O	PHF6	current_ncbi_symbol	True	True	True	True	True	False	5	False	True	False	strict state-shared core; NCBI protein-coding; feature present on all five external platforms and GSE117606 FFPE
PRKAR1A	down	-0.313028645557976	-3.0153691677624	0.0091582312598899	0.0395537960343935	5573	protein-coding	O	PRKAR1A	current_ncbi_symbol	True	True	True	True	True	False	5	False	True	False	strict state-shared core; NCBI protein-coding; feature present on all five external platforms and GSE117606 FFPE
PPFIBP1	up	0.296350058436508	3.01494311758821	0.0091671267025127	0.0475250234305408	8496	protein-coding	O	PPFIBP1	current_ncbi_symbol	True	True	True	True	True	False	5	False	True	False	strict state-shared core; NCBI protein-coding; feature present on all five external platforms and GSE117606 FFPE
NAV2	up	0.265600493863867	3.01086303759783	0.0092670814560134	0.0488761512021851	89797	protein-coding	O	NAV2	current_ncbi_symbol	True	True	True	True	True	False	5	False	True	False	strict state-shared core; NCBI protein-coding; feature present on all five external platforms and GSE117606 FFPE
TTC7A	up	0.323220784980074	3.00871008819243	0.009328962467765	0.0483110289079295	57217	protein-coding	O	TTC7A	current_ncbi_symbol	True	True	True	True	True	False	5	False	True	False	strict state-shared core; NCBI protein-coding; feature present on all five external platforms and GSE117606 FFPE
PDPR	up	0.200220234660023	3.00829140559142	0.009337786727653	0.0426109948360964	55066	protein-coding	O	PDPR	current_ncbi_symbol	True	True	True	True	True	False	5	False	True	False	strict state-shared core; NCBI protein-coding; feature present on all five external platforms and GSE117606 FFPE
PTGR3	down	-0.274940316300734	-3.00776660450562	0.0093498836761293	0.022046216727358	284273	protein-coding	O	PTGR3	current_ncbi_symbol	True	False	False	False	False	False	1	False	True	False	strict state-shared core; NCBI protein-coding; feature present on all five external platforms and GSE117606 FFPE
CALN1	up	0.488920942252328	3.00500787088346	0.0094188251285366	0.0272778632317799	83698	protein-coding	O	CALN1	current_ncbi_symbol	True	True	True	True	True	False	5	False	True	False	strict state-shared core; NCBI protein-coding; feature present on all five external platforms and GSE117606 FFPE
PDCD6IP	down	-0.233971227338973	-3.00400157148627	0.009445959087425	0.0279095770969465	10015	protein-coding	O	PDCD6IP	current_ncbi_symbol	True	True	True	True	True	False	5	False	True	False	strict state-shared core; NCBI protein-coding; feature present on all five external platforms and GSE117606 FFPE
TMEM167A	down	-0.345179885169856	-3.00116591342932	0.0095261583614571	0.0393534430662361	153339	protein-coding	O	TMEM167A	current_ncbi_symbol	True	True	True	True	True	False	5	False	True	False	strict state-shared core; NCBI protein-coding; feature present on all five external platforms and GSE117606 FFPE
DNAJC25	down	-0.371376285946412	-3.00073264313207	0.0095332388790671	0.0201261507876385	548645	protein-coding	O	DNAJC25	current_ncbi_symbol	True	True	True	True	True	False	5	False	True	False	strict state-shared core; NCBI protein-coding; feature present on all five external platforms and GSE117606 FFPE
LEO1	down	-0.3291899794938	-3.00067738014998	0.0095332388790671	0.0351103522212043	123169	protein-coding	O	LEO1	current_ncbi_symbol	True	True	True	True	True	False	5	False	True	False	strict state-shared core; NCBI protein-coding; feature present on all five external platforms and GSE117606 FFPE
SMN2	down	-0.287174778418718	-3.00039043131131	0.0095340171900658	0.0213606460025474	6607	protein-coding	O	SMN2	current_ncbi_symbol	False	True	True	True	True	False	4	False	True	False	strict state-shared core; NCBI protein-coding; feature present on all five external platforms and GSE117606 FFPE
WASF2	up	0.197745987439927	2.99913078511458	0.0095652962718706	0.0164616351970005	10163	protein-coding	O	WASF2	current_ncbi_symbol	True	True	True	True	True	False	5	False	True	False	strict state-shared core; NCBI protein-coding; feature present on all five external platforms and GSE117606 FFPE
MAPK1	down	-0.178020675546719	-2.99784345970217	0.0095934233880772	0.0206882844617915	5594	protein-coding	O	MAPK1	current_ncbi_symbol	True	True	True	True	True	False	5	False	True	False	strict state-shared core; NCBI protein-coding; feature present on all five external platforms and GSE117606 FFPE
GPBP1	up	0.255802081635796	2.99197432633558	0.0097588576634785	0.0326699668911469	65056	protein-coding	O	GPBP1	current_ncbi_symbol	True	True	True	True	True	False	5	False	True	False	strict state-shared core; NCBI protein-coding; feature present on all five external platforms and GSE117606 FFPE
CCDC137	up	0.366140097762102	2.99079313582516	0.0097882990074177	0.0308172775993367	339230	protein-coding	O	CCDC137	current_ncbi_symbol	True	False	True	True	True	False	4	False	True	False	strict state-shared core; NCBI protein-coding; feature present on all five external platforms and GSE117606 FFPE
CDK12	up	0.229767699027697	2.9902576576228	0.0097970916820446	0.0429649397909286	51755	protein-coding	O	CDK12	current_ncbi_symbol	True	False	True	True	True	False	4	False	True	False	strict state-shared core; NCBI protein-coding; feature present on all five external platforms and GSE117606 FFPE
DRAM2	down	-0.262239777696165	-2.98528843972599	0.0099321963148966	0.0222066716813341	128338	protein-coding	O	DRAM2	current_ncbi_symbol	True	False	True	True	True	False	4	False	True	False	strict state-shared core; NCBI protein-coding; feature present on all five external platforms and GSE117606 FFPE
PBDC1	down	-0.252617085810031	-2.98473037731188	0.0099460917547965	0.0345076447811733	51260	protein-coding	O	PBDC1	current_ncbi_symbol	True	False	True	True	False	False	3	False	True	False	strict state-shared core; NCBI protein-coding; feature present on all five external platforms and GSE117606 FFPE
SGF29	up	0.244096409434005	2.98131537351642	0.0100320335638465	0.0315690545463508	112869	protein-coding	O	SGF29	current_ncbi_symbol	True	False	True	True	False	False	3	False	True	False	strict state-shared core; NCBI protein-coding; feature present on all five external platforms and GSE117606 FFPE
TAF7	down	-0.317070208809583	-2.98112279857694	0.0100340783242104	0.0342546570693255	6879	protein-coding	O	TAF7	current_ncbi_symbol	True	True	True	True	True	False	5	False	True	False	strict state-shared core; NCBI protein-coding; feature present on all five external platforms and GSE117606 FFPE
CDC27	up	0.248717390109995	2.98055978431027	0.0100440048413066	0.0308238317514833	996	protein-coding	O	CDC27	current_ncbi_symbol	True	True	True	True	True	False	5	False	True	False	strict state-shared core; NCBI protein-coding; feature present on all five external platforms and GSE117606 FFPE
CAMKMT	up	0.251978421685948	2.97899182975054	0.0100912596851856	0.0180557406399224	79823	protein-coding	O	CAMKMT	current_ncbi_symbol	True	False	True	True	True	False	4	False	True	False	strict state-shared core; NCBI protein-coding; feature present on all five external platforms and GSE117606 FFPE
RGPD8	up	0.204793478203906	2.97287449303483	0.0102640754524629	0.0491318765872583	727851	protein-coding	O	RGPD8	current_ncbi_symbol	False	False	False	False	True	False	1	False	True	False	strict state-shared core; NCBI protein-coding; feature present on all five external platforms and GSE117606 FFPE
URGCP	up	0.187117537963142	2.97253470645631	0.010271096790267	0.0259828000027351	55665	protein-coding	O	URGCP	current_ncbi_symbol	True	False	True	True	True	False	4	False	True	False	strict state-shared core; NCBI protein-coding; feature present on all five external platforms and GSE117606 FFPE
BRF1	up	0.30107629147754	2.97220883423093	0.0102776578449776	0.0454933558134621	2972	protein-coding	O	BRF1	current_ncbi_symbol	True	True	True	True	True	False	5	False	True	False	strict state-shared core; NCBI protein-coding; feature present on all five external platforms and GSE117606 FFPE
SPTY2D1	down	-0.259108417130108	-2.96569827489706	0.0104800089767467	0.0384146870004449	144108	protein-coding	O	SPTY2D1	current_ncbi_symbol	True	True	True	True	True	False	5	False	True	False	strict state-shared core; NCBI protein-coding; feature present on all five external platforms and GSE117606 FFPE
SPDYE6	up	0.528939545343813	2.9653444061058	0.0104876456353892	0.0467344262692191	729597	protein-coding	O	SPDYE6	current_ncbi_symbol	False	False	False	False	True	False	1	False	True	False	strict state-shared core; NCBI protein-coding; feature present on all five external platforms and GSE117606 FFPE
CAMTA2	up	0.310586601669831	2.9629968570628	0.01055905239344	0.0434373962076664	23125	protein-coding	O	CAMTA2	current_ncbi_symbol	True	True	True	True	True	False	5	False	True	False	strict state-shared core; NCBI protein-coding; feature present on all five external platforms and GSE117606 FFPE
PARP9	up	0.341287086104148	2.95622379768138	0.0107661553748395	0.0486672254827315	83666	protein-coding	O	PARP9	current_ncbi_symbol	True	True	True	True	True	False	5	False	True	False	strict state-shared core; NCBI protein-coding; feature present on all five external platforms and GSE117606 FFPE
REXO2	down	-0.381677510355706	-2.95577023547559	0.0107720642442686	0.0486315243362343	25996	protein-coding	O	REXO2	current_ncbi_symbol	True	True	True	True	True	False	5	False	True	False	strict state-shared core; NCBI protein-coding; feature present on all five external platforms and GSE117606 FFPE
AGO3	up	0.220121156047416	2.95527278831852	0.0107816138298526	0.0420642073695669	192669	protein-coding	O	AGO3	current_ncbi_symbol	True	False	True	True	False	False	3	False	True	False	strict state-shared core; NCBI protein-coding; feature present on all five external platforms and GSE117606 FFPE
SAMD12	up	0.236565354415233	2.95381367169178	0.010823631081166	0.0390967652566879	401474	protein-coding	O	SAMD12	current_ncbi_symbol	True	True	True	True	True	False	5	False	True	False	strict state-shared core; NCBI protein-coding; feature present on all five external platforms and GSE117606 FFPE
GTF3C2	up	0.170069437426888	2.95177199079312	0.0108908824040514	0.0304250003436552	2976	protein-coding	O	GTF3C2	current_ncbi_symbol	True	True	True	True	True	False	5	False	True	False	strict state-shared core; NCBI protein-coding; feature present on all five external platforms and GSE117606 FFPE
SHARPIN	up	0.256061372887066	2.94821429139583	0.0110077855842757	0.0201378411820499	81858	protein-coding	O	SHARPIN	current_ncbi_symbol	True	True	True	True	True	False	5	False	True	False	strict state-shared core; NCBI protein-coding; feature present on all five external platforms and GSE117606 FFPE
GID8	down	-0.274763654371524	-2.94711339664357	0.0110331858555212	0.0216617904361615	54994	protein-coding	O	GID8	current_ncbi_symbol	True	False	True	True	True	False	4	False	True	False	strict state-shared core; NCBI protein-coding; feature present on all five external platforms and GSE117606 FFPE
C11orf54	down	-0.403050244249796	-2.94532747268785	0.0110785362290503	0.0453412035327919	28970	protein-coding	O	BKGD	unique_ncbi_synonym	True	True	True	True	True	False	5	False	True	False	strict state-shared core; NCBI protein-coding; feature present on all five external platforms and GSE117606 FFPE
CDK18	up	0.336927876974481	2.9426727586643	0.0111553339009929	0.0435217363021535	5129	protein-coding	O	CDK18	current_ncbi_symbol	True	False	True	True	True	False	4	False	True	False	strict state-shared core; NCBI protein-coding; feature present on all five external platforms and GSE117606 FFPE
ZNF131	up	0.209017296785344	2.94168377750557	0.0111863541799502	0.0485007800392545	7690	protein-coding	O	ZBTB35	unique_ncbi_synonym	True	True	True	True	True	False	5	False	True	False	strict state-shared core; NCBI protein-coding; feature present on all five external platforms and GSE117606 FFPE
POLB	up	0.248890309051101	2.94081582610463	0.0112084005778157	0.03999510518015	5423	protein-coding	O	POLB	current_ncbi_symbol	True	True	True	True	True	False	5	False	True	False	strict state-shared core; NCBI protein-coding; feature present on all five external platforms and GSE117606 FFPE
GMEB1	up	0.260980174608547	2.94067848342515	0.0112087026156469	0.0485368158028518	10691	protein-coding	O	GMEB1	current_ncbi_symbol	True	True	True	True	True	False	5	False	True	False	strict state-shared core; NCBI protein-coding; feature present on all five external platforms and GSE117606 FFPE
ADI1	down	-0.269486486832506	-2.93959783654499	0.0112338340609387	0.0392955306101596	55256	protein-coding	O	ADI1	current_ncbi_symbol	True	True	True	True	True	False	5	False	True	False	strict state-shared core; NCBI protein-coding; feature present on all five external platforms and GSE117606 FFPE
FAM98B	down	-0.306905142989373	-2.93941201357475	0.0112359004202803	0.0277068389306189	283742	protein-coding	O	TSLIG3B	unique_ncbi_synonym	True	True	True	True	True	False	5	False	True	False	strict state-shared core; NCBI protein-coding; feature present on all five external platforms and GSE117606 FFPE
BZW1	down	-0.361738678198986	-2.93737420834296	0.0112959210866565	0.0390914298066219	9689	protein-coding	O	BZW1	current_ncbi_symbol	False	True	True	True	True	False	4	False	True	False	strict state-shared core; NCBI protein-coding; feature present on all five external platforms and GSE117606 FFPE
TPST1	up	0.268718731134812	2.92998801623633	0.011505838569206	0.03267620428856	8460	protein-coding	O	TPST1	current_ncbi_symbol	True	True	True	True	True	False	5	False	True	False	strict state-shared core; NCBI protein-coding; feature present on all five external platforms and GSE117606 FFPE
MT-RNR1	down	-0.288047147957358	-2.92869470528291	0.011544283968931	0.0260395555880151						False	False	False	False	False	False	0	False	False	False	strict state-shared core; NCBI protein-coding; feature present on all five external platforms and GSE117606 FFPE
MYO10	up	0.187471813819819	2.92209129473562	0.0117531097013197	0.0372405746175891	4651	protein-coding	O	MYO10	current_ncbi_symbol	True	True	True	True	True	False	5	False	True	False	strict state-shared core; NCBI protein-coding; feature present on all five external platforms and GSE117606 FFPE
STK3	up	0.25897266181687	2.91791325868589	0.0118970652332954	0.0449115204132107	6788	protein-coding	O	STK3	current_ncbi_symbol	True	True	True	True	True	False	5	False	True	False	strict state-shared core; NCBI protein-coding; feature present on all five external platforms and GSE117606 FFPE
PTPA	up	0.268949351369061	2.91501017120141	0.0119886027520076	0.041249758632019	5524	protein-coding	O	PTPA	current_ncbi_symbol	True	False	True	True	False	False	3	False	True	False	strict state-shared core; NCBI protein-coding; feature present on all five external platforms and GSE117606 FFPE
FBXL20	up	0.21825331082248	2.91432188015047	0.0120044668297003	0.0246399270787406	84961	protein-coding	O	FBXL20	current_ncbi_symbol	True	True	True	True	True	False	5	False	True	False	strict state-shared core; NCBI protein-coding; feature present on all five external platforms and GSE117606 FFPE
USP32	up	0.263130955922584	2.90979661846412	0.0121455878679953	0.0327971501949464	84669	protein-coding	O	USP32	current_ncbi_symbol	True	True	True	True	True	False	5	False	True	False	strict state-shared core; NCBI protein-coding; feature present on all five external platforms and GSE117606 FFPE
RNF38	up	0.242493883635415	2.90376314355761	0.0123718648154351	0.0411899699496795	152006	protein-coding	O	RNF38	current_ncbi_symbol	True	True	True	True	True	False	5	False	True	False	strict state-shared core; NCBI protein-coding; feature present on all five external platforms and GSE117606 FFPE
UBA7	up	0.352060756942089	2.90230524307861	0.012414528035286	0.0263579130606171	7318	protein-coding	O	UBA7	current_ncbi_symbol	True	True	True	True	True	False	5	False	True	False	strict state-shared core; NCBI protein-coding; feature present on all five external platforms and GSE117606 FFPE
NUDT16L1	down	-0.227681259702802	-2.89971639896342	0.0125022272684735	0.0205677542631353	84309	protein-coding	O	NUDT16L1	current_ncbi_symbol	True	True	True	True	True	False	5	False	True	False	strict state-shared core; NCBI protein-coding; feature present on all five external platforms and GSE117606 FFPE
ENSG00000254929	up	0.25049246958762	2.89937377884911	0.0125108047186353	0.0289527607867296						False	False	False	False	False	False	0	False	False	False	strict state-shared core; NCBI protein-coding; feature present on all five external platforms and GSE117606 FFPE
MRPL11	down	-0.283750444844912	-2.89763617705713	0.0125700885872369	0.0201599832775021	65003	protein-coding	O	MRPL11	current_ncbi_symbol	True	True	True	True	True	False	5	False	True	False	strict state-shared core; NCBI protein-coding; feature present on all five external platforms and GSE117606 FFPE
CEACAM7	down	-0.711125032405059	-2.89638776302917	0.0125997137262237	0.0443933150366885	1087	protein-coding	O	CEACAM7	current_ncbi_symbol	True	True	True	True	True	False	5	False	True	False	strict state-shared core; NCBI protein-coding; feature present on all five external platforms and GSE117606 FFPE
RAP1B	down	-0.147586091101962	-2.89419625656932	0.0126674209262512	0.04128384930962	5908	protein-coding	O	RAP1B	current_ncbi_symbol	False	True	True	True	True	False	4	False	True	False	strict state-shared core; NCBI protein-coding; feature present on all five external platforms and GSE117606 FFPE
PRADC1	down	-0.342235624726669	-2.89092769114251	0.0127740268044004	0.0457626946431663	84279	protein-coding	O	PRADC1	current_ncbi_symbol	True	False	True	True	True	False	4	False	True	False	strict state-shared core; NCBI protein-coding; feature present on all five external platforms and GSE117606 FFPE
VPS36	down	-0.193188461481034	-2.88272866105625	0.0130531759931148	0.0489493698795115	51028	protein-coding	O	VPS36	current_ncbi_symbol	True	True	True	True	True	False	5	False	True	False	strict state-shared core; NCBI protein-coding; feature present on all five external platforms and GSE117606 FFPE
IPO8	down	-0.314234935855339	-2.88152637325327	0.0130872669654056	0.0282414246503272	10526	protein-coding	O	IPO8	current_ncbi_symbol	True	True	True	True	True	False	5	False	True	False	strict state-shared core; NCBI protein-coding; feature present on all five external platforms and GSE117606 FFPE
FOCAD	up	0.178277764526452	2.88091656347965	0.0131056558617015	0.0223218166037819	54914	protein-coding	O	FOCAD	current_ncbi_symbol	True	False	True	True	True	False	4	False	True	False	strict state-shared core; NCBI protein-coding; feature present on all five external platforms and GSE117606 FFPE
TLCD3A	up	0.365310259417394	2.88083038478748	0.0131056558617015	0.0300779409805305	79850	protein-coding	O	TLCD3A	current_ncbi_symbol	True	False	False	False	False	False	1	False	True	False	strict state-shared core; NCBI protein-coding; feature present on all five external platforms and GSE117606 FFPE
BSDC1	up	0.174528786304184	2.87342712928153	0.0133630656143105	0.0473746376362127	55108	protein-coding	O	BSDC1	current_ncbi_symbol	True	True	True	True	True	False	5	False	True	False	strict state-shared core; NCBI protein-coding; feature present on all five external platforms and GSE117606 FFPE
FZR1	up	0.323174220152828	2.87243564027326	0.0133943449722215	0.0486720895639811	51343	protein-coding	O	FZR1	current_ncbi_symbol	True	True	True	True	True	False	5	False	True	False	strict state-shared core; NCBI protein-coding; feature present on all five external platforms and GSE117606 FFPE
TENT4B	up	0.271811825861352	2.86872296863604	0.013514727170038	0.033321028701352	64282	protein-coding	O	TENT4B	current_ncbi_symbol	True	False	False	False	False	False	1	False	True	False	strict state-shared core; NCBI protein-coding; feature present on all five external platforms and GSE117606 FFPE
PSMC6	down	-0.241604235339235	-2.86785169432127	0.0135465953747205	0.0441901863580055	5706	protein-coding	O	PSMC6	current_ncbi_symbol	False	True	True	True	True	False	4	False	True	False	strict state-shared core; NCBI protein-coding; feature present on all five external platforms and GSE117606 FFPE
DNAJB11	down	-0.450157858497969	-2.86268231218641	0.0137312442374382	0.0406232490797453	51726	protein-coding	O	DNAJB11	current_ncbi_symbol	True	True	True	True	True	False	5	False	True	False	strict state-shared core; NCBI protein-coding; feature present on all five external platforms and GSE117606 FFPE
XDH	up	0.368198225571494	2.8596872942636	0.0138450692730342	0.0312492518427578	7498	protein-coding	O	XDH	current_ncbi_symbol	True	True	True	True	True	False	5	False	True	False	strict state-shared core; NCBI protein-coding; feature present on all five external platforms and GSE117606 FFPE
TSC2	up	0.283992187286018	2.85905938017522	0.0138614946650748	0.0298664496666523	7249	protein-coding	O	TSC2	current_ncbi_symbol	True	True	True	True	True	False	5	False	True	False	strict state-shared core; NCBI protein-coding; feature present on all five external platforms and GSE117606 FFPE
UBXN7	up	0.237199314209617	2.85670127855628	0.0139372321714774	0.0250422127887589	26043	protein-coding	O	UBXN7	current_ncbi_symbol	True	False	True	True	True	False	4	False	True	False	strict state-shared core; NCBI protein-coding; feature present on all five external platforms and GSE117606 FFPE
ACVRL1	up	0.352348614643376	2.8537250597093	0.0140406586745869	0.0439419225542355	94	protein-coding	O	ACVRL1	current_ncbi_symbol	True	True	True	True	True	False	5	False	True	False	strict state-shared core; NCBI protein-coding; feature present on all five external platforms and GSE117606 FFPE
CLEC16A	up	0.18582839424334	2.85269275683399	0.0140663884685249	0.035065671697773	23274	protein-coding	O	CLEC16A	current_ncbi_symbol	True	True	True	True	True	False	5	False	True	False	strict state-shared core; NCBI protein-coding; feature present on all five external platforms and GSE117606 FFPE
TTC3	up	0.238987444636374	2.85067494196741	0.0141202290329811	0.0308795888045455	7267	protein-coding	O	TTC3	current_ncbi_symbol	True	True	True	True	True	False	5	False	True	False	strict state-shared core; NCBI protein-coding; feature present on all five external platforms and GSE117606 FFPE
CLASP2	up	0.199307079642267	2.84960065252764	0.0141568572013071	0.0466190065652622	23122	protein-coding	O	CLASP2	current_ncbi_symbol	True	True	True	True	True	False	5	False	True	False	strict state-shared core; NCBI protein-coding; feature present on all five external platforms and GSE117606 FFPE
HCFC1	down	-0.234421218387588	-2.8434098668676	0.0143895327858133	0.0485533426511837	3054	protein-coding	O	HCFC1	current_ncbi_symbol	True	True	True	True	True	False	5	False	True	False	strict state-shared core; NCBI protein-coding; feature present on all five external platforms and GSE117606 FFPE
RSL1D1-DT	up	0.379363107639104	2.84109879213172	0.0144885481454116	0.0396738677710701	105371084	ncRNA	O	RSL1D1-DT	current_ncbi_symbol	False	False	False	False	False	False	0	False	False	False	strict state-shared core; NCBI protein-coding; feature present on all five external platforms and GSE117606 FFPE
SAT2	up	0.238930197197085	2.83442688135504	0.014772733568327	0.0350407716681899	112483	protein-coding	O	SAT2	current_ncbi_symbol	True	True	True	True	True	False	5	False	True	False	strict state-shared core; NCBI protein-coding; feature present on all five external platforms and GSE117606 FFPE
BAZ1B	up	0.183209785959881	2.83439810997464	0.014772733568327	0.0168657032829843	9031	protein-coding	O	BAZ1B	current_ncbi_symbol	True	True	True	True	True	False	5	False	True	False	strict state-shared core; NCBI protein-coding; feature present on all five external platforms and GSE117606 FFPE
GSKIP	down	-0.35329060771633	-2.83135453075628	0.014900052031511	0.0308844922435195	51527	protein-coding	O	GSKIP	current_ncbi_symbol	True	False	True	True	True	False	4	False	True	False	strict state-shared core; NCBI protein-coding; feature present on all five external platforms and GSE117606 FFPE
KIAA0930	up	0.275943936714085	2.82996281379605	0.014943991463714	0.0269039485437302	23313	protein-coding	O	KIAA0930	current_ncbi_symbol	True	False	True	True	True	False	4	False	True	False	strict state-shared core; NCBI protein-coding; feature present on all five external platforms and GSE117606 FFPE
ABHD14A	up	0.361377978411928	2.8284453353686	0.0149974537892422	0.0437642834935977	25864	protein-coding	O	ABHD14A	current_ncbi_symbol	True	True	True	True	True	False	5	False	True	False	strict state-shared core; NCBI protein-coding; feature present on all five external platforms and GSE117606 FFPE
PANK1	down	-0.315755887452246	-2.82801251992275	0.0150118904567583	0.0419978758492867	53354	protein-coding	O	PANK1	current_ncbi_symbol	True	True	True	True	True	False	5	False	True	False	strict state-shared core; NCBI protein-coding; feature present on all five external platforms and GSE117606 FFPE
TYK2	up	0.252821086794493	2.8240882250927	0.0151732751073308	0.0462388346857325	7297	protein-coding	O	TYK2	current_ncbi_symbol	True	True	True	True	True	False	5	False	True	False	strict state-shared core; NCBI protein-coding; feature present on all five external platforms and GSE117606 FFPE
UFL1	down	-0.392857899314076	-2.82277720712964	0.0152176858440362	0.0383766125032395	23376	protein-coding	O	UFL1	current_ncbi_symbol	True	False	True	True	True	False	4	False	True	False	strict state-shared core; NCBI protein-coding; feature present on all five external platforms and GSE117606 FFPE
ERMP1	down	-0.259223820768195	-2.82059916485129	0.0153031404957645	0.0375782389610656	79956	protein-coding	O	ERMP1	current_ncbi_symbol	True	True	True	True	True	False	5	False	True	False	strict state-shared core; NCBI protein-coding; feature present on all five external platforms and GSE117606 FFPE
LIN9	up	0.275326261987191	2.82048273670788	0.0153031404957645	0.0385697503636845	286826	protein-coding	O	LIN9	current_ncbi_symbol	True	True	True	True	True	False	5	False	True	False	strict state-shared core; NCBI protein-coding; feature present on all five external platforms and GSE117606 FFPE
ABR	up	0.310655418298048	2.81682737187509	0.0154543923022167	0.0452090723672112	29	protein-coding	O	ABR	current_ncbi_symbol	True	True	True	True	True	False	5	False	True	False	strict state-shared core; NCBI protein-coding; feature present on all five external platforms and GSE117606 FFPE
TRAPPC2	down	-0.25633382522171	-2.81237333333744	0.015639741143537	0.0244858853339022	6399	protein-coding	O	TRAPPC2	current_ncbi_symbol	True	True	True	True	True	False	5	False	True	False	strict state-shared core; NCBI protein-coding; feature present on all five external platforms and GSE117606 FFPE
APTX	up	0.200477638891577	2.8046493020382	0.0159515751754781	0.0261683588890027	54840	protein-coding	O	APTX	current_ncbi_symbol	True	True	True	True	True	False	5	False	True	False	strict state-shared core; NCBI protein-coding; feature present on all five external platforms and GSE117606 FFPE
ENSG00000275895	down	-0.149683296227484	-2.79979219972211	0.0161314294346889	0.0429556576985064						False	False	False	False	False	False	0	False	False	False	strict state-shared core; NCBI protein-coding; feature present on all five external platforms and GSE117606 FFPE
RGS3	up	0.246392994281875	2.79860479331264	0.0161660491732761	0.0376702740074628	5998	protein-coding	O	RGS3	current_ncbi_symbol	True	True	True	True	True	False	5	False	True	False	strict state-shared core; NCBI protein-coding; feature present on all five external platforms and GSE117606 FFPE
CCDC200	up	0.409179899929164	2.79173289015384	0.0164692089835696	0.0370545371911863	100874261	protein-coding	O	CCDC200	current_ncbi_symbol	False	False	False	False	False	False	0	False	True	False	strict state-shared core; NCBI protein-coding; feature present on all five external platforms and GSE117606 FFPE
SART1	up	0.266078464477677	2.7911233754353	0.0164939532836778	0.037488901432635	9092	protein-coding	O	SART1	current_ncbi_symbol	True	True	True	True	True	False	5	False	True	False	strict state-shared core; NCBI protein-coding; feature present on all five external platforms and GSE117606 FFPE
HDGFL2	up	0.360032963702568	2.78858562995759	0.0165920498387286	0.0339928983427131	84717	protein-coding	O	HDGFL2	current_ncbi_symbol	True	False	False	False	False	False	1	False	True	False	strict state-shared core; NCBI protein-coding; feature present on all five external platforms and GSE117606 FFPE
GLO1	down	-0.298582503375201	-2.78835309638547	0.0165976375563477	0.0418398395696045	2739	protein-coding	O	GLO1	current_ncbi_symbol	True	True	True	True	True	False	5	False	True	False	strict state-shared core; NCBI protein-coding; feature present on all five external platforms and GSE117606 FFPE
BTRC	up	0.234716693009503	2.78795232763217	0.0166118532555	0.0257205270270832	8945	protein-coding	O	BTRC	current_ncbi_symbol	True	True	True	True	True	False	5	False	True	False	strict state-shared core; NCBI protein-coding; feature present on all five external platforms and GSE117606 FFPE
PRPF4	up	0.275496574889709	2.78688128438594	0.0166605079886619	0.0366221031345903	9128	protein-coding	O	PRPF4	current_ncbi_symbol	True	True	True	True	True	False	5	False	True	False	strict state-shared core; NCBI protein-coding; feature present on all five external platforms and GSE117606 FFPE
PHLPP2	down	-0.268469206939063	-2.78192145658884	0.0168786988577934	0.0338563763906834	23035	protein-coding	O	PHLPP2	current_ncbi_symbol	True	False	True	True	True	False	4	False	True	False	strict state-shared core; NCBI protein-coding; feature present on all five external platforms and GSE117606 FFPE
LARP7	down	-0.337208638890601	-2.78088079937341	0.0169136197382746	0.0423531343560227	51574	protein-coding	O	LARP7	current_ncbi_symbol	True	True	True	True	True	False	5	False	True	False	strict state-shared core; NCBI protein-coding; feature present on all five external platforms and GSE117606 FFPE
IDNK	up	0.320183820199523	2.77013008828143	0.0174094768499551	0.0434980405214411	414328	protein-coding	O	IDNK	current_ncbi_symbol	True	False	True	True	True	False	4	False	True	False	strict state-shared core; NCBI protein-coding; feature present on all five external platforms and GSE117606 FFPE
TMEM267	up	0.287970827192879	2.76551558232402	0.0176244129193633	0.0328865911214674	64417	protein-coding	O	TMEM267	current_ncbi_symbol	True	False	True	True	False	False	3	False	True	False	strict state-shared core; NCBI protein-coding; feature present on all five external platforms and GSE117606 FFPE
NACC2	up	0.278949890068775	2.75704322181347	0.0179791270205607	0.0488805567364178	138151	protein-coding	O	NACC2	current_ncbi_symbol	True	False	True	True	True	False	4	False	True	False	strict state-shared core; NCBI protein-coding; feature present on all five external platforms and GSE117606 FFPE
LRRC61	up	0.299109027578304	2.75114164091837	0.0182106828896275	0.035721357709483	65999	protein-coding	O	LRRC61	current_ncbi_symbol	True	True	True	True	True	False	5	False	True	False	strict state-shared core; NCBI protein-coding; feature present on all five external platforms and GSE117606 FFPE
DGKZ	up	0.291476987509245	2.74668679934206	0.0184049488733008	0.0479239752469172	8525	protein-coding	O	DGKZ	current_ncbi_symbol	True	True	True	True	True	False	5	False	True	False	strict state-shared core; NCBI protein-coding; feature present on all five external platforms and GSE117606 FFPE
PTTG1IP	down	-0.271208546545821	-2.73710136801948	0.0188727336298934	0.0440352238075895	754	protein-coding	O	PTTG1IP	current_ncbi_symbol	True	True	True	True	True	False	5	False	True	False	strict state-shared core; NCBI protein-coding; feature present on all five external platforms and GSE117606 FFPE
HMGXB4	up	0.226968772793637	2.72748003774877	0.019374638055623	0.0450861890921506	10042	protein-coding	O	HMGXB4	current_ncbi_symbol	True	False	True	True	True	False	4	False	True	False	strict state-shared core; NCBI protein-coding; feature present on all five external platforms and GSE117606 FFPE
COPA	down	-0.172120900516211	-2.72576978912122	0.0194394150259698	0.0423919048082395	1314	protein-coding	O	COPA	current_ncbi_symbol	True	True	True	True	True	False	5	False	True	False	strict state-shared core; NCBI protein-coding; feature present on all five external platforms and GSE117606 FFPE
LINC00667	down	-0.257551311988086	-2.72471793156477	0.0194701133767028	0.0331003933761346	339290	ncRNA	O	LINC00667	current_ncbi_symbol	True	False	True	True	True	False	4	False	False	False	strict state-shared core; NCBI protein-coding; feature present on all five external platforms and GSE117606 FFPE
NPIPB3	up	0.227924168495487	2.72386625583354	0.0194871615415593	0.0363697738168357	23117	protein-coding	O	NPIPB3	current_ncbi_symbol	False	False	True	True	False	False	2	False	True	False	strict state-shared core; NCBI protein-coding; feature present on all five external platforms and GSE117606 FFPE
AGAP6	up	0.224301075340893	2.72034949066263	0.0196667525663134	0.037659231547784	414189	protein-coding	O	AGAP6	current_ncbi_symbol	False	False	False	False	True	False	1	False	True	False	strict state-shared core; NCBI protein-coding; feature present on all five external platforms and GSE117606 FFPE
CD58	up	0.210361514172213	2.72017947024944	0.0196696524462399	0.0311422371841961	965	protein-coding	O	CD58	current_ncbi_symbol	True	True	True	True	True	False	5	False	True	False	strict state-shared core; NCBI protein-coding; feature present on all five external platforms and GSE117606 FFPE
VPS4B	down	-0.216329345118893	-2.71999311007491	0.0196728907779879	0.0380262113587875	9525	protein-coding	O	VPS4B	current_ncbi_symbol	True	True	True	True	True	False	5	False	True	False	strict state-shared core; NCBI protein-coding; feature present on all five external platforms and GSE117606 FFPE
MAP7	up	0.182819365443882	2.71241560026408	0.0200262566737726	0.0362615719146507	9053	protein-coding	O	MAP7	current_ncbi_symbol	True	True	True	True	True	False	5	False	True	False	strict state-shared core; NCBI protein-coding; feature present on all five external platforms and GSE117606 FFPE
MIB1	up	0.19903934322552	2.70932869336	0.0201547563642081	0.0425650220430064	57534	protein-coding	O	MIB1	current_ncbi_symbol	True	True	True	True	True	False	5	False	True	False	strict state-shared core; NCBI protein-coding; feature present on all five external platforms and GSE117606 FFPE
JTB	down	-0.271949274937905	-2.70829243443291	0.02021045186336	0.0400312095060813	10899	protein-coding	O	JTB	current_ncbi_symbol	True	True	True	True	True	False	5	False	True	False	strict state-shared core; NCBI protein-coding; feature present on all five external platforms and GSE117606 FFPE
SHANK2	up	0.285825670570753	2.70652270547539	0.0202889901576254	0.0469027262532055	22941	protein-coding	O	SHANK2	current_ncbi_symbol	True	True	True	True	True	False	5	False	True	False	strict state-shared core; NCBI protein-coding; feature present on all five external platforms and GSE117606 FFPE
ATRAID	down	-0.251425413629038	-2.70610166622294	0.0203073616423932	0.0414896186080648	51374	protein-coding	O	ATRAID	current_ncbi_symbol	True	False	True	True	True	False	4	False	True	False	strict state-shared core; NCBI protein-coding; feature present on all five external platforms and GSE117606 FFPE
XPO4	up	0.22444843122431	2.70148216515403	0.0205617881000264	0.0486919783916642	64328	protein-coding	O	XPO4	current_ncbi_symbol	True	True	True	True	True	False	5	False	True	False	strict state-shared core; NCBI protein-coding; feature present on all five external platforms and GSE117606 FFPE
TARBP2	up	0.297411561168437	2.70019759894757	0.0206264067691912	0.0374932495877216	6895	protein-coding	O	TARBP2	current_ncbi_symbol	True	True	True	True	True	False	5	False	True	False	strict state-shared core; NCBI protein-coding; feature present on all five external platforms and GSE117606 FFPE
FAM174B	up	0.164349121081907	2.69979344930527	0.0206359549070077	0.0308300932141346	400451	protein-coding	O	FAM174B	current_ncbi_symbol	True	True	True	True	True	False	5	False	True	False	strict state-shared core; NCBI protein-coding; feature present on all five external platforms and GSE117606 FFPE
CCHCR1	up	0.280291065568132	2.69711775186915	0.0207580348230122	0.0483219892161763	54535	protein-coding	O	CCHCR1	current_ncbi_symbol	True	True	True	True	True	False	5	False	True	False	strict state-shared core; NCBI protein-coding; feature present on all five external platforms and GSE117606 FFPE
CHMP2B	down	-0.311227937292654	-2.69422194082963	0.0208864814648404	0.040933907842444	25978	protein-coding	O	CHMP2B	current_ncbi_symbol	True	True	True	True	True	False	5	False	True	False	strict state-shared core; NCBI protein-coding; feature present on all five external platforms and GSE117606 FFPE
SCAI	up	0.235920995839005	2.6864441268314	0.0213099843887064	0.0496450781206229	286205	protein-coding	O	SCAI	current_ncbi_symbol	True	False	True	True	True	False	4	False	True	False	strict state-shared core; NCBI protein-coding; feature present on all five external platforms and GSE117606 FFPE
AGFG2	down	-0.275134856564264	-2.68425119301721	0.021434891402253	0.0375941177490086	3268	protein-coding	O	AGFG2	current_ncbi_symbol	True	True	True	True	True	False	5	False	True	False	strict state-shared core; NCBI protein-coding; feature present on all five external platforms and GSE117606 FFPE
DYNC1I2	down	-0.176491788572422	-2.67769479628943	0.0217497770607299	0.0428078199333843	1781	protein-coding	O	DYNC1I2	current_ncbi_symbol	True	True	True	True	True	False	5	False	True	False	strict state-shared core; NCBI protein-coding; feature present on all five external platforms and GSE117606 FFPE
LRRC59	down	-0.290444331438027	-2.67022217992758	0.0222002353116245	0.0487956947770322	55379	protein-coding	O	LRRC59	current_ncbi_symbol	True	True	True	True	True	False	5	False	True	False	strict state-shared core; NCBI protein-coding; feature present on all five external platforms and GSE117606 FFPE
PHETA1	up	0.281397870626575	2.66509610196927	0.0225174431994978	0.0364646034722364	144717	protein-coding	O	PHETA1	current_ncbi_symbol	True	False	False	False	False	False	1	False	True	False	strict state-shared core; NCBI protein-coding; feature present on all five external platforms and GSE117606 FFPE
ETFB	down	-0.303675233224765	-2.66400006836545	0.022574873894743	0.040983396800479	2109	protein-coding	O	ETFB	current_ncbi_symbol	True	True	True	True	True	False	5	False	True	False	strict state-shared core; NCBI protein-coding; feature present on all five external platforms and GSE117606 FFPE
NNT	down	-0.221778556680015	-2.66035703293681	0.0227638755719771	0.0327912199238308	23530	protein-coding	O	NNT	current_ncbi_symbol	True	True	True	True	True	False	5	False	True	False	strict state-shared core; NCBI protein-coding; feature present on all five external platforms and GSE117606 FFPE
RAB3GAP2	down	-0.214402071217718	-2.65791907523537	0.0228898553748587	0.0349128927945477	25782	protein-coding	O	RAB3GAP2	current_ncbi_symbol	True	False	True	True	True	False	4	False	True	False	strict state-shared core; NCBI protein-coding; feature present on all five external platforms and GSE117606 FFPE
ATF7IP2	up	0.397106485279716	2.65163799137135	0.0232610955262894	0.0388710311360825	80063	protein-coding	O	ATF7IP2	current_ncbi_symbol	True	True	True	True	True	False	5	False	True	False	strict state-shared core; NCBI protein-coding; feature present on all five external platforms and GSE117606 FFPE
C1orf43	down	-0.193517132413847	-2.6511719801194	0.0232849913955647	0.0397893333439404	25912	protein-coding	O	LTAP1	unique_ncbi_synonym	True	True	True	True	True	False	5	False	True	False	strict state-shared core; NCBI protein-coding; feature present on all five external platforms and GSE117606 FFPE
LARP4	up	0.194184687219279	2.64896185693147	0.02338826518119	0.0280004012517075	113251	protein-coding	O	LARP4	current_ncbi_symbol	True	True	True	True	True	False	5	False	True	False	strict state-shared core; NCBI protein-coding; feature present on all five external platforms and GSE117606 FFPE
DUSP22	up	0.253076489362311	2.62672472059253	0.0246630805637022	0.0443780666016191	56940	protein-coding	O	DUSP22	current_ncbi_symbol	True	True	True	True	True	False	5	False	True	False	strict state-shared core; NCBI protein-coding; feature present on all five external platforms and GSE117606 FFPE
TRAPPC1	down	-0.290152764329222	-2.62668826741918	0.0246630805637022	0.0425022464832336	58485	protein-coding	O	TRAPPC1	current_ncbi_symbol	True	True	True	True	True	False	5	False	True	False	strict state-shared core; NCBI protein-coding; feature present on all five external platforms and GSE117606 FFPE
SNRPB2	down	-0.200480191292501	-2.62330952076557	0.0248744157463555	0.0423090190090473	6629	protein-coding	O	SNRPB2	current_ncbi_symbol	True	True	True	True	True	False	5	False	True	False	strict state-shared core; NCBI protein-coding; feature present on all five external platforms and GSE117606 FFPE
NPIPB11	up	0.290424887511611	2.61938333430941	0.0251189327550839	0.0415011370513924	728888	protein-coding	O	NPIPB11	current_ncbi_symbol	False	False	False	False	False	False	0	False	True	False	strict state-shared core; NCBI protein-coding; feature present on all five external platforms and GSE117606 FFPE
DCP1A	up	0.163712007526822	2.61864219828997	0.0251299827859762	0.0383121023382924	55802	protein-coding	O	DCP1A	current_ncbi_symbol	True	True	True	True	True	False	5	False	True	False	strict state-shared core; NCBI protein-coding; feature present on all five external platforms and GSE117606 FFPE
NSL1	down	-0.271652889556537	-2.6075999874214	0.0258121952308143	0.0442995224371128	25936	protein-coding	O	NSL1	current_ncbi_symbol	True	True	True	True	True	False	5	False	True	False	strict state-shared core; NCBI protein-coding; feature present on all five external platforms and GSE117606 FFPE
UBE2B	down	-0.176239603312551	-2.60697957843867	0.0258412135672707	0.0491387631230229	7320	protein-coding	O	UBE2B	current_ncbi_symbol	True	True	True	True	True	False	5	False	True	False	strict state-shared core; NCBI protein-coding; feature present on all five external platforms and GSE117606 FFPE
RMDN3	up	0.191228862571689	2.59421771754432	0.0266445457696422	0.0446646407997253	55177	protein-coding	O	RMDN3	current_ncbi_symbol	True	False	True	True	False	False	3	False	True	False	strict state-shared core; NCBI protein-coding; feature present on all five external platforms and GSE117606 FFPE
TSG101	down	-0.174764993618949	-2.58628414427405	0.0271561479441537	0.0492542803930003	7251	protein-coding	O	TSG101	current_ncbi_symbol	True	True	True	True	True	False	5	False	True	False	strict state-shared core; NCBI protein-coding; feature present on all five external platforms and GSE117606 FFPE
GSTO2	up	0.195137714736348	2.5833421172272	0.0273237223260284	0.0446869440748195	119391	protein-coding	O	GSTO2	current_ncbi_symbol	True	True	True	True	True	False	5	False	True	False	strict state-shared core; NCBI protein-coding; feature present on all five external platforms and GSE117606 FFPE
RAB11FIP4	up	0.16538980052582	2.57580530168821	0.027823897560021	0.0478217486602186	84440	protein-coding	O	RAB11FIP4	current_ncbi_symbol	True	True	True	True	True	False	5	False	True	False	strict state-shared core; NCBI protein-coding; feature present on all five external platforms and GSE117606 FFPE
FXR2	up	0.267963569630421	2.57578885389016	0.027823897560021	0.0495324257212674	9513	protein-coding	O	FXR2	current_ncbi_symbol	True	True	True	True	True	False	5	False	True	False	strict state-shared core; NCBI protein-coding; feature present on all five external platforms and GSE117606 FFPE
GTF3C5	up	0.245131237714677	2.56205504775333	0.0287831329545298	0.0359470067000835	9328	protein-coding	O	GTF3C5	current_ncbi_symbol	True	True	True	True	True	False	5	False	True	False	strict state-shared core; NCBI protein-coding; feature present on all five external platforms and GSE117606 FFPE
CNTROB	up	0.239555310067504	2.55917204916509	0.0289742062145454	0.0465031616088186	116840	protein-coding	O	CNTROB	current_ncbi_symbol	True	True	True	True	True	False	5	False	True	False	strict state-shared core; NCBI protein-coding; feature present on all five external platforms and GSE117606 FFPE
MRPL4	up	0.302205583333293	2.5512583066954	0.0295512027308512	0.0440993860600847	51073	protein-coding	O	MRPL4	current_ncbi_symbol	True	True	True	True	True	False	5	False	True	False	strict state-shared core; NCBI protein-coding; feature present on all five external platforms and GSE117606 FFPE
LONP1	up	0.25556011865451	2.53331096156548	0.0308500921133104	0.0450097245756657	9361	protein-coding	O	LONP1	current_ncbi_symbol	True	True	True	True	True	False	5	False	True	False	strict state-shared core; NCBI protein-coding; feature present on all five external platforms and GSE117606 FFPE
DMTF1	down	-0.287433414557885	-2.52909592376243	0.0312023561827275	0.0486032581415088	9988	protein-coding	O	DMTF1	current_ncbi_symbol	True	True	True	True	True	False	5	False	True	False	strict state-shared core; NCBI protein-coding; feature present on all five external platforms and GSE117606 FFPE
NOP10	down	-0.238806801915166	-2.46147130744936	0.0364475216065767	0.0448941665504258	55505	protein-coding	O	NOP10	current_ncbi_symbol	True	False	True	True	True	False	4	False	True	False	strict state-shared core; NCBI protein-coding; feature present on all five external platforms and GSE117606 FFPE
ZDHHC21	down	-0.280709667715663	-2.46095711418143	0.0364647476932028	0.0492619333511135	340481	protein-coding	O	ZDHHC21	current_ncbi_symbol	True	True	True	True	True	False	5	False	True	False	strict state-shared core; NCBI protein-coding; feature present on all five external platforms and GSE117606 FFPE
PLPBP	down	-0.178771894688577	-2.45076365046985	0.0373702966647356	0.0476410307132697	11212	protein-coding	O	PLPBP	current_ncbi_symbol	True	False	False	False	False	False	1	False	True	False	strict state-shared core; NCBI protein-coding; feature present on all five external platforms and GSE117606 FFPE
MSL1	down	-0.23295867987944	-2.44506923712965	0.0378187932543751	0.0486849301288886	339287	protein-coding	O	MSL1	current_ncbi_symbol	True	False	True	True	True	False	4	False	True	False	strict state-shared core; NCBI protein-coding; feature present on all five external platforms and GSE117606 FFPE
TMEM65	down	-0.227890813445708	-2.44214353352989	0.0380803930601046	0.044927047350026	157378	protein-coding	O	TMEM65	current_ncbi_symbol	True	True	True	True	True	False	5	False	True	False	strict state-shared core; NCBI protein-coding; feature present on all five external platforms and GSE117606 FFPE
POMZP3	up	0.23501903675984	2.39765351239966	0.0422586680772427	0.0458555928011773	22932	protein-coding	O	POMZP3	current_ncbi_symbol	False	True	True	True	True	False	4	False	True	False	strict state-shared core; NCBI protein-coding; feature present on all five external platforms and GSE117606 FFPE
