donor_id	carrier_group	sample_type	cell_type_coarse_crc_atlas	study_id	microsatellite_status	CMS_type	n_cells_sampled	score__ca_route_up	score__ca_route_down	score__ca_route_signature	score__ca_route_n_up_present	score__ca_route_n_down_present	score__wnt_stem	score__wnt_core_ihc	score__proliferation_control
Borras_2023_Cell_Discov.SMC119	tumor_cancer	tumor	Cancer cell	Borras_2023_Cell_Discov	MSI	CMS1	2	-0.0598725094344733	-0.2717837107700276	0.2119112013355542	49.0	49.0	-0.3967946425154041	-0.4809682326680656	0.919719439795302
Borras_2023_Cell_Discov.SMC125	tumor_cancer	tumor	Cancer cell	Borras_2023_Cell_Discov	MSI	missing	1	-0.1141507135303452	-0.3006718540931081	0.1865211405627628	49.0	49.0	-0.4197420961996513	-0.5345122912646426	0.046594987713298
Borras_2023_Cell_Discov.SMC136	tumor_cancer	tumor	Cancer cell	Borras_2023_Cell_Discov	MSI	missing	1	-0.2640449793133591	-0.3321572215281634	0.0681122422148043	49.0	49.0	-0.4197420961996513	-0.5345122912646426	-0.2884547048206696
Burclaff_2022_Cell_Mol_Gastroenterol_Hepatol.Donor1	normal_epithelial	normal	Epithelial cell	Burclaff_2022_Cell_Mol_Gastroenterol_Hepatol	missing	missing	69	-0.0896997751437483	0.0979304022097173	-0.2267592583756287	49.0	49.0	-0.0567663521943249	-0.0486745043793301	-0.2884547048206696
Burclaff_2022_Cell_Mol_Gastroenterol_Hepatol.Donor2	normal_epithelial	normal	Epithelial cell	Burclaff_2022_Cell_Mol_Gastroenterol_Hepatol	missing	missing	91	-0.0673701346977954	0.1072850564140771	-0.1594692683196159	49.0	49.0	-0.1066824732806548	0.0394538259241389	-0.0810710321195619
Burclaff_2022_Cell_Mol_Gastroenterol_Hepatol.Donor3	normal_epithelial	normal	Epithelial cell	Burclaff_2022_Cell_Mol_Gastroenterol_Hepatol	missing	missing	66	-0.1280967519654841	-0.0180735920200015	-0.0924541443372153	49.0	49.0	-0.2475537711704754	-0.2984317313255457	-0.2884547048206696
Che_2021_Cell_Discov.COL07	metastasis_cancer	metastasis	Cancer cell	Che_2021_Cell_Discov	MSS	missing	259	0.0621556007410369	-0.2839486190730861	0.3676861247329389	49.0	49.0	-0.1255969352946821	-0.1897826551693019	-0.2884547048206696
Che_2021_Cell_Discov.COL07	metastasis_epithelial	metastasis	Epithelial cell	Che_2021_Cell_Discov	MSS	missing	1	-0.120314063937347	-0.5082476140040771	0.38793355006673	49.0	49.0	-0.4197420961996513	-0.5345122912646426	-0.2884547048206696
Che_2021_Cell_Discov.COL07	tumor_cancer	tumor	Cancer cell	Che_2021_Cell_Discov	MSS	CMS1	264	0.0133227101457415	-0.2365432877372966	0.2308524313901312	49.0	49.0	-0.2456632406734683	-0.2040166963285071	-0.2884547048206696
Che_2021_Cell_Discov.COL07	tumor_epithelial	tumor	Epithelial cell	Che_2021_Cell_Discov	MSS	CMS1	1	0.106376041957632	-0.5090758632108076	0.6154519051684396	49.0	49.0	0.0249202629764548	-0.5345122912646426	-0.2884547048206696
Che_2021_Cell_Discov.COL12	metastasis_cancer	metastasis	Cancer cell	Che_2021_Cell_Discov	MSS	missing	40	0.1510573269006726	-0.0248936443059591	0.0906346013746684	49.0	49.0	0.1423993305144424	-0.0369873337089342	-0.2884547048206696
Che_2021_Cell_Discov.COL12	tumor_cancer	tumor	Cancer cell	Che_2021_Cell_Discov	MSS	CMS4	10	0.1737543068467705	-0.00992071352849	0.0995492792074868	49.0	49.0	0.1600487491887885	-6.110931861211255e-05	-0.2884547048206696
Che_2021_Cell_Discov.COL15	metastasis_cancer	metastasis	Cancer cell	Che_2021_Cell_Discov	MSS	missing	169	0.3977055177827244	-0.4493458463006905	0.8954950681353075	49.0	49.0	0.685045594861509	-0.0374797478139145	-0.2884547048206696
Che_2021_Cell_Discov.COL15	tumor_cancer	tumor	Cancer cell	Che_2021_Cell_Discov	MSS	CMS4	33	0.1944493902543415	-0.2950016459345338	0.5625730743848281	49.0	49.0	0.3078861919275426	-0.1431273590360154	-0.2366185245456429
Che_2021_Cell_Discov.COL15	tumor_epithelial	tumor	Epithelial cell	Che_2021_Cell_Discov	MSS	CMS4	8	-0.1776236029566468	-0.7844941721278031	0.5612428214966343	49.0	49.0	-0.4197420961996513	-0.5345122912646426	-0.2884547048206696
Che_2021_Cell_Discov.COL16	metastasis_cancer	metastasis	Cancer cell	Che_2021_Cell_Discov	MSS	missing	39	-0.2085976342155416	-0.1801066405766036	0.0460355639525749	49.0	49.0	-0.4197420961996513	-0.5345122912646426	-0.2884547048206696
Che_2021_Cell_Discov.COL16	tumor_cancer	tumor	Cancer cell	Che_2021_Cell_Discov	MSS	CMS1	103	0.0319205151072534	-0.1904386240725712	0.2217639781003557	49.0	49.0	-0.215660140123991	-0.3323308857592628	-0.2884547048206696
Che_2021_Cell_Discov.COL16	tumor_epithelial	tumor	Epithelial cell	Che_2021_Cell_Discov	MSS	CMS1	2	-0.1859236037891508	-0.5783781477351387	0.3924545439459879	49.0	49.0	-0.4197420961996513	-0.5345122912646426	-0.2884547048206696
Che_2021_Cell_Discov.COL17	metastasis_cancer	metastasis	Cancer cell	Che_2021_Cell_Discov	MSS	missing	3	-0.0394216639964097	0.2026671219738521	-0.2650639355762489	49.0	49.0	-0.2285130192263721	-0.0883111116603243	-0.2884547048206696
Che_2021_Cell_Discov.COL17	tumor_cancer	tumor	Cancer cell	Che_2021_Cell_Discov	MSS	missing	7	0.1489498142045322	-0.6344027075885821	0.7296048598168694	49.0	49.0	0.076166781514498	0.4451614503319743	-0.2884547048206696
Che_2021_Cell_Discov.COL17	tumor_epithelial	tumor	Epithelial cell	Che_2021_Cell_Discov	MSS	missing	5	-0.2488582959418112	-0.7207708338228989	0.5818724601915148	49.0	49.0	0.0693334387525721	0.6066639569572123	-0.2884547048206696
Che_2021_Cell_Discov.COL18	metastasis_cancer	metastasis	Cancer cell	Che_2021_Cell_Discov	MSS	missing	34	0.1820698584557806	-0.1036381351424354	0.2300381126797726	49.0	49.0	0.0095082518325967	-0.2257141817895034	-0.2884547048206696
Che_2021_Cell_Discov.COL18	metastasis_epithelial	metastasis	Epithelial cell	Che_2021_Cell_Discov	MSS	missing	1	-0.2689032802480203	-0.4805335897417646	0.2116303094937443	49.0	49.0	-0.4197420961996513	-0.5345122912646426	0.1961094710624018
Che_2021_Cell_Discov.COL18	tumor_cancer	tumor	Cancer cell	Che_2021_Cell_Discov	MSS	CMS4	7	0.2673411101158953	-0.4574019224986967	0.5645351175726532	49.0	49.0	0.2767062998439779	-0.0631089405318078	-0.2884547048206696
Chen_2021_Cell.HTA11_10034	normal_epithelial	normal	Epithelial cell	Chen_2021_Cell	missing	missing	136	-0.2480374968722946	0.4484275527095522	-0.6986726515454731	49.0	49.0	-0.4197420961996513	-0.5345122912646426	-0.2884547048206696
Chen_2021_Cell.HTA11_10034	polyp_cancer	polyp	Cancer cell	Chen_2021_Cell	missing	missing	85	0.6869395980272534	-0.3574041675898318	1.0822896333657677	49.0	49.0	1.0806202489386054	0.7719712572342191	-0.2884547048206696
Chen_2021_Cell.HTA11_10034	polyp_epithelial	polyp	Epithelial cell	Chen_2021_Cell	missing	missing	279	-0.1569817029354887	-0.0898864237275207	-0.0433597662224878	49.0	49.0	-0.2099357203832635	-0.2051312765433746	-0.2884547048206696
Chen_2021_Cell.HTA11_10167	normal_epithelial	normal	Epithelial cell	Chen_2021_Cell	missing	missing	34	-0.1716780811127431	0.3094077939462868	-0.3864023443044522	49.0	49.0	-0.2288801965108769	-0.1411147658442054	-0.2884547048206696
Chen_2021_Cell.HTA11_10167	polyp_cancer	polyp	Cancer cell	Chen_2021_Cell	missing	missing	15	-0.0946969283970398	0.105449872445913	-0.2047879229277452	49.0	49.0	-0.2242397080307079	-0.2437127168478422	-0.2884547048206696
Chen_2021_Cell.HTA11_10167	polyp_epithelial	polyp	Epithelial cell	Chen_2021_Cell	missing	missing	130	-0.2062160191971355	0.3281632643354841	-0.4922475256844794	49.0	49.0	-0.3634622888532446	-0.4929117243449391	-0.2884547048206696
Chen_2021_Cell.HTA11_104	normal_epithelial	normal	Epithelial cell	Chen_2021_Cell	missing	missing	66	-0.1989998939532413	0.1432972579953307	-0.3116231441292815	49.0	49.0	-0.2581594271897252	-0.2233247112100244	-0.2884547048206696
Chen_2021_Cell.HTA11_104	polyp_cancer	polyp	Cancer cell	Chen_2021_Cell	missing	missing	8	0.1819294911655478	-0.3107991288366221	0.5372954609099062	49.0	49.0	0.6663577834625735	1.0646170895210418	-0.2884547048206696
Chen_2021_Cell.HTA11_104	polyp_epithelial	polyp	Epithelial cell	Chen_2021_Cell	missing	missing	14	-0.1311710022298831	0.0088788872914278	-0.170194766859672	49.0	49.0	-0.1768621764352725	-0.0495732442347799	-0.2884547048206696
Chen_2021_Cell.HTA11_10466	normal_epithelial	normal	Epithelial cell	Chen_2021_Cell	missing	missing	9	-0.2658078723412123	0.6980010315021911	-1.0307198089747256	49.0	49.0	-0.4197420961996513	-0.5345122912646426	-0.2884547048206696
Chen_2021_Cell.HTA11_10466	polyp_cancer	polyp	Cancer cell	Chen_2021_Cell	missing	missing	400	0.0866044565778001	-0.147493458609883	0.2945120548518256	49.0	49.0	0.1184035773318538	0.3562043536204066	-0.2884547048206696
Chen_2021_Cell.HTA11_10466	polyp_epithelial	polyp	Epithelial cell	Chen_2021_Cell	missing	missing	623	-0.1907017163566242	0.1252135361514827	-0.2796114538913147	49.0	49.0	-0.2435421854170605	-0.1633223114853932	-0.2884547048206696
Chen_2021_Cell.HTA11_10557	polyp_cancer	polyp	Cancer cell	Chen_2021_Cell	missing	missing	281	0.237677376403902	-0.2825490207280123	0.5334210354191029	49.0	49.0	0.4570570778791653	0.5578251256392912	-0.2884547048206696
Chen_2021_Cell.HTA11_10557	polyp_epithelial	polyp	Epithelial cell	Chen_2021_Cell	missing	missing	1122	-0.0819862335871217	0.2325487375071859	-0.2684313637080825	49.0	49.0	-0.2413893767684779	-0.2228183117037622	-0.2884547048206696
Chen_2021_Cell.HTA11_10573	polyp_cancer	polyp	Cancer cell	Chen_2021_Cell	missing	missing	7	-0.1667945057577241	-0.2953164128690677	0.0556647800746677	49.0	49.0	-0.1635252310896474	0.0346746347047448	-0.2884547048206696
Chen_2021_Cell.HTA11_10573	polyp_epithelial	polyp	Epithelial cell	Chen_2021_Cell	missing	missing	61	-0.2232342124199869	-0.1008931896327621	-0.1168291923581689	49.0	49.0	-0.4197420961996513	-0.5345122912646426	-0.2884547048206696
Chen_2021_Cell.HTA11_10623	polyp_cancer	polyp	Cancer cell	Chen_2021_Cell	missing	missing	43	0.3546271659319319	-0.3850620962152102	0.6775984679981748	49.0	49.0	0.2954368857926321	0.5356290732698954	-0.2884547048206696
Chen_2021_Cell.HTA11_10623	polyp_epithelial	polyp	Epithelial cell	Chen_2021_Cell	missing	missing	189	-0.1606836228343899	-0.0058223731221271	-0.1433937324488119	49.0	49.0	-0.2740030074101636	-0.2602775256510983	-0.2884547048206696
Chen_2021_Cell.HTA11_10711	polyp_cancer	polyp	Cancer cell	Chen_2021_Cell	missing	missing	126	0.6964106602854618	-0.4117440287294951	1.0635449642775463	49.0	49.0	0.7766208414764959	0.7481707957251753	-0.2884547048206696
Chen_2021_Cell.HTA11_10711	polyp_epithelial	polyp	Epithelial cell	Chen_2021_Cell	missing	missing	78	0.0040552202549442	-0.1827861419209993	0.1901971991932932	49.0	49.0	-0.0181376406134104	0.1840644679850456	-0.2884547048206696
Chen_2021_Cell.HTA11_10719	polyp_cancer	polyp	Cancer cell	Chen_2021_Cell	missing	missing	21	-0.15166611261267	-0.1607837343267213	-0.0491570703956508	49.0	49.0	-0.215920548594371	-0.5345122912646426	-0.2884547048206696
Chen_2021_Cell.HTA11_10719	polyp_epithelial	polyp	Epithelial cell	Chen_2021_Cell	missing	missing	765	-0.2483542710869678	0.61235295524195	-0.8460118688460452	49.0	49.0	-0.4197420961996513	-0.5345122912646426	-0.2884547048206696
Chen_2021_Cell.HTA11_10888	polyp_cancer	polyp	Cancer cell	Chen_2021_Cell	missing	missing	10	-0.2209461144975444	-0.4968680518979568	0.2746460549297244	49.0	49.0	-0.4197420961996513	-0.5345122912646426	-0.2884547048206696
Chen_2021_Cell.HTA11_10888	polyp_epithelial	polyp	Epithelial cell	Chen_2021_Cell	missing	missing	10	-0.2350033975550118	-0.1257837296974476	-0.0499519516617744	49.0	49.0	-0.2814801470781486	-0.2119010766478029	-0.2884547048206696
Chen_2021_Cell.HTA11_11045	polyp_cancer	polyp	Cancer cell	Chen_2021_Cell	missing	missing	20	-0.0930044529991899	-0.020226878397086	-0.0619656853088394	49.0	49.0	-0.1895165516248529	-0.3936645009668896	-0.2884547048206696
Chen_2021_Cell.HTA11_11045	polyp_epithelial	polyp	Epithelial cell	Chen_2021_Cell	missing	missing	401	-0.232006375713961	0.5270315583052427	-0.7202287287402944	49.0	49.0	-0.4197420961996513	-0.5345122912646426	-0.2884547048206696
Chen_2021_Cell.HTA11_11092	polyp_cancer	polyp	Cancer cell	Chen_2021_Cell	missing	missing	312	-0.1803137158577963	0.0403517584955724	-0.2086396132436623	49.0	49.0	-0.2506023602492999	-0.1581544655376207	-0.2884547048206696
Chen_2021_Cell.HTA11_11092	polyp_epithelial	polyp	Epithelial cell	Chen_2021_Cell	missing	missing	265	-0.2250394911459854	0.1491064587949885	-0.3602534264205491	49.0	49.0	-0.4197420961996513	-0.5345122912646426	-0.2884547048206696
Chen_2021_Cell.HTA11_11156	polyp_cancer	polyp	Cancer cell	Chen_2021_Cell	missing	missing	64	0.4940618995551099	-0.3305934554084595	0.8193299672438854	49.0	49.0	0.3443032703514664	0.2676879464487474	-0.2884547048206696
Chen_2021_Cell.HTA11_11156	polyp_epithelial	polyp	Epithelial cell	Chen_2021_Cell	missing	missing	92	-0.0361864904770552	-0.0277303353907479	0.0226876035120374	49.0	49.0	-0.1576806791293722	-0.1014469938758706	-0.2884547048206696
Chen_2021_Cell.HTA11_11167	polyp_cancer	polyp	Cancer cell	Chen_2021_Cell	missing	missing	67	0.093942331556566	-0.16175986665049	0.2696182838994649	49.0	49.0	-0.0158745548073475	0.0511963676334314	-0.2884547048206696
Chen_2021_Cell.HTA11_11167	polyp_epithelial	polyp	Epithelial cell	Chen_2021_Cell	missing	missing	177	-0.0268866792590363	-0.0357594066492606	0.0185343090485003	49.0	49.0	-0.117236996359071	-0.0179795616069524	-0.2884547048206696
Chen_2021_Cell.HTA11_11275	polyp_cancer	polyp	Cancer cell	Chen_2021_Cell	missing	missing	33	0.1027030541291004	-0.3530191628051611	0.4990550004332823	49.0	49.0	0.0424709582401674	0.0315165344125463	-0.2884547048206696
Chen_2021_Cell.HTA11_11275	polyp_epithelial	polyp	Epithelial cell	Chen_2021_Cell	missing	missing	42	-0.0300725973083048	-0.2579778787212486	0.2095948113161315	49.0	49.0	-0.1793638742895275	-0.2401094635086776	-0.2884547048206696
Chen_2021_Cell.HTA11_11543	polyp_cancer	polyp	Cancer cell	Chen_2021_Cell	missing	missing	275	0.2604827930889749	-0.3948035604793866	0.6594377062899444	49.0	49.0	0.3392246628187355	0.4764171246841823	-0.2884547048206696
Chen_2021_Cell.HTA11_11543	polyp_epithelial	polyp	Epithelial cell	Chen_2021_Cell	missing	missing	164	-0.0023678719617727	-0.3286493403943658	0.3722706127213082	49.0	49.0	-0.0004486168300658	0.148174760957621	-0.2884547048206696
Chen_2021_Cell.HTA11_12090	polyp_cancer	polyp	Cancer cell	Chen_2021_Cell	missing	missing	142	-0.2005441586057312	-0.1840025564541211	0.0360396503414134	49.0	49.0	-0.4197420961996513	-0.5345122912646426	-0.2884547048206696
Chen_2021_Cell.HTA11_12090	polyp_epithelial	polyp	Epithelial cell	Chen_2021_Cell	missing	missing	22	-0.2049528652641026	-0.3723720615578156	0.1642744899613348	49.0	49.0	-0.4197420961996513	-0.5345122912646426	-0.2884547048206696
Chen_2021_Cell.HTA11_12167	polyp_cancer	polyp	Cancer cell	Chen_2021_Cell	missing	missing	236	0.4444628910544322	-0.3297781687770238	0.7538696475022311	49.0	49.0	0.4746053504422315	0.6763518660244137	-0.2884547048206696
Chen_2021_Cell.HTA11_12167	polyp_epithelial	polyp	Epithelial cell	Chen_2021_Cell	missing	missing	155	0.1133973098469778	-0.2095445937933	0.3480114691858768	49.0	49.0	0.0488915589271767	0.2887212005923893	-0.2884547048206696
Chen_2021_Cell.HTA11_12187	polyp_cancer	polyp	Cancer cell	Chen_2021_Cell	missing	missing	117	-0.2006752706212966	0.0006537327177129	-0.1758424611524565	49.0	49.0	-0.4197420961996513	-0.5345122912646426	-0.2884547048206696
Chen_2021_Cell.HTA11_12187	polyp_epithelial	polyp	Epithelial cell	Chen_2021_Cell	missing	missing	266	-0.1975274508187973	-0.0852951704090433	-0.1082583453032526	49.0	49.0	-0.4197420961996513	-0.5345122912646426	-0.2884547048206696
Chen_2021_Cell.HTA11_12399	polyp_cancer	polyp	Cancer cell	Chen_2021_Cell	missing	missing	87	0.3984309690922248	-0.3784175323593314	0.7827181635704411	49.0	49.0	0.626690525147677	0.5885305976633087	-0.2884547048206696
Chen_2021_Cell.HTA11_12399	polyp_epithelial	polyp	Epithelial cell	Chen_2021_Cell	missing	missing	114	0.0294257016669359	-0.3138710592522456	0.3267576834584021	49.0	49.0	-0.0367797154180604	0.1041725805279883	-0.2884547048206696
Chen_2021_Cell.HTA11_12480	polyp_cancer	polyp	Cancer cell	Chen_2021_Cell	missing	missing	459	0.2793815492614876	-0.4015398377438359	0.6852757089047296	49.0	49.0	0.5822841802990218	0.4180680567525432	-0.2884547048206696
Chen_2021_Cell.HTA11_12480	polyp_epithelial	polyp	Epithelial cell	Chen_2021_Cell	missing	missing	448	-0.0999557623509946	-0.2656914204449047	0.2009560074084369	49.0	49.0	-0.1276209589051393	-0.108580032285473	-0.2884547048206696
Chen_2021_Cell.HTA11_12542	polyp_cancer	polyp	Cancer cell	Chen_2021_Cell	missing	missing	362	-0.2140626416948217	0.1592662411034763	-0.3639158854460183	49.0	49.0	-0.4197420961996513	-0.5345122912646426	-0.2884547048206696
Chen_2021_Cell.HTA11_12542	polyp_epithelial	polyp	Epithelial cell	Chen_2021_Cell	missing	missing	164	-0.1966262337769047	0.083475541063363	-0.2765969006171907	49.0	49.0	-0.2894444232652584	-0.2746965716740408	-0.2884547048206696
Chen_2021_Cell.HTA11_12900	polyp_cancer	polyp	Cancer cell	Chen_2021_Cell	missing	missing	247	0.2828971600450986	-0.4336743154147866	0.7588442148524852	49.0	49.0	0.5208273942449674	0.7588819744137347	-0.2884547048206696
Chen_2021_Cell.HTA11_12900	polyp_epithelial	polyp	Epithelial cell	Chen_2021_Cell	missing	missing	290	-0.1348826373435901	-0.2422707408084614	0.1765956010542904	49.0	49.0	-0.1507441693925971	-0.0161024863925972	-0.2884547048206696
Chen_2021_Cell.HTA11_12910	polyp_cancer	polyp	Cancer cell	Chen_2021_Cell	missing	missing	508	0.2949045977591763	-0.4033920555260225	0.7107792824515496	49.0	49.0	0.5939360446545625	0.7475191894344106	-0.2884547048206696
Chen_2021_Cell.HTA11_12910	polyp_epithelial	polyp	Epithelial cell	Chen_2021_Cell	missing	missing	675	-0.1566464708422973	0.0330803417952678	-0.1641374870109837	49.0	49.0	-0.2706820957824584	-0.5345122912646426	-0.2884547048206696
Chen_2021_Cell.HTA11_13109	polyp_cancer	polyp	Cancer cell	Chen_2021_Cell	missing	missing	219	0.2374555305514744	-0.3329381288121506	0.5921192121214676	49.0	49.0	0.4566296572360138	0.458823878039243	-0.2884547048206696
Chen_2021_Cell.HTA11_13109	polyp_epithelial	polyp	Epithelial cell	Chen_2021_Cell	missing	missing	128	-0.0409879485308448	-0.2706926324333031	0.247679909149938	49.0	49.0	0.0128964628274894	0.1141322015090847	-0.2884547048206696
Chen_2021_Cell.HTA11_13678	polyp_cancer	polyp	Cancer cell	Chen_2021_Cell	missing	missing	27	-0.1612806746832609	0.0005282328778444	-0.2235859961099779	49.0	49.0	-0.157136033970116	-0.2674237406407653	-0.2884547048206696
Chen_2021_Cell.HTA11_13678	polyp_epithelial	polyp	Epithelial cell	Chen_2021_Cell	missing	missing	75	-0.2106516043986655	0.2975786951052736	-0.5290612620349641	49.0	49.0	-0.4197420961996513	-0.5345122912646426	-0.2884547048206696
Chen_2021_Cell.HTA11_13701	polyp_cancer	polyp	Cancer cell	Chen_2021_Cell	missing	missing	82	-0.1756503244980797	0.117157731454083	-0.2836655974105397	49.0	49.0	-0.4016636759755373	-0.5345122912646426	-0.2884547048206696
Chen_2021_Cell.HTA11_13701	polyp_epithelial	polyp	Epithelial cell	Chen_2021_Cell	missing	missing	485	-0.2529439511580285	0.6215405149546335	-0.8721458933483177	49.0	49.0	-0.4197420961996513	-0.5345122912646426	-0.2884547048206696
Chen_2021_Cell.HTA11_13708	polyp_cancer	polyp	Cancer cell	Chen_2021_Cell	missing	missing	416	-0.2117691684332773	0.166935573066492	-0.3820813997642058	49.0	49.0	-0.4197420961996513	-0.5345122912646426	-0.2884547048206696
Chen_2021_Cell.HTA11_13708	polyp_epithelial	polyp	Epithelial cell	Chen_2021_Cell	missing	missing	163	-0.1982234342493294	0.1130006708810505	-0.2698912623352182	49.0	49.0	-0.4197420961996513	-0.5345122912646426	-0.2884547048206696
Chen_2021_Cell.HTA11_13794	polyp_cancer	polyp	Cancer cell	Chen_2021_Cell	missing	missing	16	-0.1488528924769833	-0.4245598051866813	0.3413349136963792	49.0	49.0	-0.1311364826064527	-0.0364512286078196	-0.2884547048206696
Chen_2021_Cell.HTA11_13794	polyp_epithelial	polyp	Epithelial cell	Chen_2021_Cell	missing	missing	72	-0.2106168869587807	-0.1538830163586141	-0.0574278046520584	49.0	49.0	-0.4197420961996513	-0.5345122912646426	-0.2884547048206696
Chen_2021_Cell.HTA11_1391	polyp_cancer	polyp	Cancer cell	Chen_2021_Cell	missing	missing	319	0.8723824374369349	-0.1654323895754471	1.1035847464087054	49.0	49.0	0.9352511101006834	1.6112035982630255	-0.1081995147270678
Chen_2021_Cell.HTA11_1391	polyp_epithelial	polyp	Epithelial cell	Chen_2021_Cell	missing	missing	151	0.6101903364894226	-0.1469562973967022	0.7594916100959404	49.0	49.0	0.5785858978148377	1.4574776128600584	0.1082984004940361
Chen_2021_Cell.HTA11_14015	polyp_cancer	polyp	Cancer cell	Chen_2021_Cell	missing	missing	83	-0.1784069501220316	-0.1826117339149555	-0.0128192756659256	49.0	49.0	-0.2792916472437478	-0.3915296007251553	-0.2884547048206696
Chen_2021_Cell.HTA11_14015	polyp_epithelial	polyp	Epithelial cell	Chen_2021_Cell	missing	missing	25	-0.1286762316396044	-0.3117106018194749	0.1679211686472109	49.0	49.0	-0.2463244959425683	-0.1539870976948524	-0.0702691659508095
Chen_2021_Cell.HTA11_14651	polyp_cancer	polyp	Cancer cell	Chen_2021_Cell	missing	missing	27	-0.0224979146543569	-0.2615550568525863	0.309980075257563	49.0	49.0	0.2968309081315829	0.3856854156871654	-0.2884547048206696
Chen_2021_Cell.HTA11_14651	polyp_epithelial	polyp	Epithelial cell	Chen_2021_Cell	missing	missing	111	-0.1670546208195261	0.2044819111382239	-0.2791395525173369	49.0	49.0	-0.3237424231938615	-0.5345122912646426	-0.2884547048206696
Chen_2021_Cell.HTA11_1938	normal_epithelial	normal	Epithelial cell	Chen_2021_Cell	missing	missing	7	-0.0522245806130439	0.3339432265015135	-0.4216000752549588	49.0	49.0	-0.0352401718215091	-0.093017449354289	0.1971943909634161
Chen_2021_Cell.HTA11_1938	polyp_cancer	polyp	Cancer cell	Chen_2021_Cell	missing	missing	338	0.1996851583193463	-0.1862518921298571	0.3965889457347564	49.0	49.0	0.2602896772637194	0.57853060818072	-0.1971162983503184
Chen_2021_Cell.HTA11_1938	polyp_epithelial	polyp	Epithelial cell	Chen_2021_Cell	missing	missing	66	0.0272127898262487	-0.2354207272726285	0.2275079254797712	49.0	49.0	0.1009578172600925	0.268916433424435	-0.2545210849886508
Chen_2021_Cell.HTA11_2112	normal_epithelial	normal	Epithelial cell	Chen_2021_Cell	missing	missing	11	-0.2620452127562259	0.7464307401705355	-1.0244588826561638	49.0	49.0	-0.2954470757648869	-0.4137217936073689	-0.1837311502417678
Chen_2021_Cell.HTA11_2112	polyp_cancer	polyp	Cancer cell	Chen_2021_Cell	missing	missing	132	-0.2290983853598621	0.1890619470775391	-0.3998778063441077	49.0	49.0	-0.4015233514613761	-0.5345122912646426	-0.2884547048206696
Chen_2021_Cell.HTA11_2112	polyp_epithelial	polyp	Epithelial cell	Chen_2021_Cell	missing	missing	209	-0.2427392670341856	-0.1071868975940879	-0.1256669002344552	49.0	49.0	-0.4197420961996513	-0.5345122912646426	-0.2884547048206696
Chen_2021_Cell.HTA11_2235	normal_epithelial	normal	Epithelial cell	Chen_2021_Cell	missing	missing	19	-0.0641463828065609	-0.0476978416908291	-0.0302110330740374	49.0	49.0	-0.1259049209526658	0.0186375625661563	-0.2884547048206696
Chen_2021_Cell.HTA11_2235	polyp_cancer	polyp	Cancer cell	Chen_2021_Cell	missing	missing	49	0.629750875247713	-0.3052708127807637	0.8751645006976273	49.0	49.0	0.6309287703926899	0.944090957812018	-0.0787660344961994
Chen_2021_Cell.HTA11_2235	polyp_epithelial	polyp	Epithelial cell	Chen_2021_Cell	missing	missing	21	0.1235569848362739	-0.0571751402173597	0.2164408750659037	49.0	49.0	-0.0223037619818301	0.2844935616682288	-0.0036922513214029
Chen_2021_Cell.HTA11_2334	polyp_cancer	polyp	Cancer cell	Chen_2021_Cell	missing	missing	163	0.4213287143028129	-0.3107692097997557	0.7673172948242573	49.0	49.0	0.5489089746804005	0.4674728364993393	-0.2884547048206696
Chen_2021_Cell.HTA11_2334	polyp_epithelial	polyp	Epithelial cell	Chen_2021_Cell	missing	missing	417	-0.1562472404402503	-0.0201578019016941	-0.1398215669577102	49.0	49.0	-0.3357646402701444	-0.5345122912646426	-0.2884547048206696
Chen_2021_Cell.HTA11_2487	normal_epithelial	normal	Epithelial cell	Chen_2021_Cell	missing	missing	16	-0.2029884846895552	0.1167484340420498	-0.3000745748998631	49.0	49.0	-0.1927206214170896	-0.0587211408594493	-0.2884547048206696
Chen_2021_Cell.HTA11_2487	polyp_cancer	polyp	Cancer cell	Chen_2021_Cell	missing	missing	667	-0.1885581483214198	0.2126906636046041	-0.4027606976310942	49.0	49.0	-0.3385951094894045	-0.3834971699733738	-0.2884547048206696
Chen_2021_Cell.HTA11_2487	polyp_epithelial	polyp	Epithelial cell	Chen_2021_Cell	missing	missing	142	-0.2074289593508345	-0.0110787145825123	-0.2078518137211625	49.0	49.0	-0.3173445657224578	-0.3844973939689715	-0.2884547048206696
Chen_2021_Cell.HTA11_2951	normal_epithelial	normal	Epithelial cell	Chen_2021_Cell	missing	missing	67	-0.1394453279769972	0.077875119882007	-0.2772933728265707	49.0	49.0	-0.2664344051150112	-0.3387064180060954	-0.2884547048206696
Chen_2021_Cell.HTA11_2951	polyp_cancer	polyp	Cancer cell	Chen_2021_Cell	missing	missing	114	0.5777416755216368	-0.3705516126929456	0.984178767907695	49.0	49.0	0.4205109331338028	0.5671623841288924	-0.2884547048206696
Chen_2021_Cell.HTA11_2951	polyp_epithelial	polyp	Epithelial cell	Chen_2021_Cell	missing	missing	59	-0.0175262399255979	-0.1997717105445834	0.2665348339577449	49.0	49.0	-0.1749014956603776	-0.1412931027451562	-0.2884547048206696
Chen_2021_Cell.HTA11_2992	polyp_cancer	polyp	Cancer cell	Chen_2021_Cell	missing	missing	3	-0.1260002917429172	-0.1361322728052463	0.0101319810623291	49.0	49.0	-0.1483126480542684	-0.5345122912646426	-0.1621561310037926
Chen_2021_Cell.HTA11_2992	polyp_epithelial	polyp	Epithelial cell	Chen_2021_Cell	missing	missing	17	-0.2001512784148885	0.1988913817734322	-0.2489573197755764	49.0	49.0	-0.3214691006768144	-0.3052086350446896	-0.2035122094318839
Chen_2021_Cell.HTA11_3077	normal_epithelial	normal	Epithelial cell	Chen_2021_Cell	missing	missing	28	-0.1771774887224454	0.5741561884013806	-0.7247563308494188	49.0	49.0	-0.3671302167225158	-0.5345122912646426	-0.2884547048206696
Chen_2021_Cell.HTA11_3252	normal_epithelial	normal	Epithelial cell	Chen_2021_Cell	missing	missing	31	-0.2299795752747836	0.4582036502336163	-0.7142928107114246	49.0	49.0	-0.266994379305938	-0.255479212986676	-0.2884547048206696
Chen_2021_Cell.HTA11_3331	polyp_cancer	polyp	Cancer cell	Chen_2021_Cell	missing	missing	63	-0.1422554730841058	0.2656008931110828	-0.4518063008160174	49.0	49.0	-0.3262474684296663	-0.365722126167306	-0.2884547048206696
Chen_2021_Cell.HTA11_3331	polyp_epithelial	polyp	Epithelial cell	Chen_2021_Cell	missing	missing	35	-0.1696355717633729	0.380236503639523	-0.508040662697833	49.0	49.0	-0.2452647667005222	-0.1463851584111944	-0.2884547048206696
Chen_2021_Cell.HTA11_3361	normal_epithelial	normal	Epithelial cell	Chen_2021_Cell	missing	missing	32	-0.2060090634611536	0.245778657499425	-0.3740802628885544	49.0	49.0	-0.4197420961996513	-0.5345122912646426	-0.2884547048206696
Chen_2021_Cell.HTA11_3361	polyp_cancer	polyp	Cancer cell	Chen_2021_Cell	missing	missing	257	0.3023132627968009	-0.3163508117916364	0.5864747248192694	49.0	49.0	0.3857292749720312	0.4966337141337605	-0.1517360053193703
Chen_2021_Cell.HTA11_3361	polyp_epithelial	polyp	Epithelial cell	Chen_2021_Cell	missing	missing	576	-0.1501674379504357	-0.0968293912454658	-0.0321100879337712	49.0	49.0	-0.2457772902490859	-0.1963232328161282	-0.2884547048206696
Chen_2021_Cell.HTA11_3372	polyp_cancer	polyp	Cancer cell	Chen_2021_Cell	missing	missing	10	-0.2137320270116989	-0.2504435310956293	0.0572899428187888	49.0	49.0	-0.3202208697381263	-0.5345122912646426	-0.2884547048206696
Chen_2021_Cell.HTA11_3372	polyp_epithelial	polyp	Epithelial cell	Chen_2021_Cell	missing	missing	63	-0.1989039458769666	-0.1141926022318102	-0.086342704665037	49.0	49.0	-0.4197420961996513	-0.5345122912646426	-0.2884547048206696
Chen_2021_Cell.HTA11_3410	normal_epithelial	normal	Epithelial cell	Chen_2021_Cell	missing	missing	91	-0.1595525389757991	0.1062882581370742	-0.23603748270897	49.0	49.0	-0.1796176208830941	0.0116473709550604	-0.1178391367659857
Chen_2021_Cell.HTA11_3410	polyp_cancer	polyp	Cancer cell	Chen_2021_Cell	missing	missing	109	0.3524117448947179	-0.3073650055195786	0.6084345227070148	49.0	49.0	0.4897438965363455	0.8519058943664785	-0.2884547048206696
Chen_2021_Cell.HTA11_3410	polyp_epithelial	polyp	Epithelial cell	Chen_2021_Cell	missing	missing	86	0.012234155140282	-0.2976692290587756	0.3415476867187129	49.0	49.0	-0.0292637746461701	0.2376121532280657	-0.2884547048206696
Chen_2021_Cell.HTA11_347	polyp_cancer	polyp	Cancer cell	Chen_2021_Cell	missing	missing	32	0.0719153030463552	-0.2242673516797912	0.2931869150818994	49.0	49.0	0.4541081060259749	0.314768635843743	-0.197357126399504
Chen_2021_Cell.HTA11_347	polyp_epithelial	polyp	Epithelial cell	Chen_2021_Cell	missing	missing	475	-0.1837624100765778	0.125219222357643	-0.2892024121903701	49.0	49.0	-0.2049909305719794	-0.0936237208819698	-0.2884547048206696
Chen_2021_Cell.HTA11_377	normal_epithelial	normal	Epithelial cell	Chen_2021_Cell	missing	missing	34	-0.236585975875006	0.312862072417061	-0.546621150971529	49.0	49.0	-0.4197420961996513	-0.5345122912646426	-0.2884547048206696
Chen_2021_Cell.HTA11_3918	normal_epithelial	normal	Epithelial cell	Chen_2021_Cell	missing	missing	109	-0.1583281297680425	0.075497912201878	-0.2074728935794443	49.0	49.0	-0.2633788972672602	-0.20859474399263	-0.2884547048206696
Chen_2021_Cell.HTA11_392	normal_epithelial	normal	Epithelial cell	Chen_2021_Cell	missing	missing	31	-0.1368690073277971	0.057042015485453	-0.2016078943424521	49.0	49.0	-0.1403676930128044	0.1126334191381256	-0.2884547048206696
Chen_2021_Cell.HTA11_392	polyp_cancer	polyp	Cancer cell	Chen_2021_Cell	missing	missing	91	0.0262246651560467	-0.2712233722284589	0.2909800019117423	49.0	49.0	-0.1681489119986311	-0.0571059214008556	-0.2884547048206696
Chen_2021_Cell.HTA11_392	polyp_epithelial	polyp	Epithelial cell	Chen_2021_Cell	missing	missing	31	-0.0155586207248282	-0.3707795748742138	0.3559124010740854	49.0	49.0	-0.1844177281924062	-0.1240007948578591	-0.2884547048206696
Chen_2021_Cell.HTA11_3997	normal_epithelial	normal	Epithelial cell	Chen_2021_Cell	missing	missing	5	-0.127337084712142	-0.4707646505551283	0.4202889496853865	49.0	49.0	0.4022798342101231	1.0169711673054085	-0.2884547048206696
Chen_2021_Cell.HTA11_3997	polyp_cancer	polyp	Cancer cell	Chen_2021_Cell	missing	missing	35	-0.0148540661128599	-0.1731478200488666	0.2410876814588243	49.0	49.0	-0.0335400199081702	-0.0346862564296712	-0.2884547048206696
Chen_2021_Cell.HTA11_3997	polyp_epithelial	polyp	Epithelial cell	Chen_2021_Cell	missing	missing	129	-0.181281342739285	0.0307207932706979	-0.2177661909233253	49.0	49.0	-0.4197420961996513	-0.5345122912646426	-0.2884547048206696
Chen_2021_Cell.HTA11_411	normal_epithelial	normal	Epithelial cell	Chen_2021_Cell	missing	missing	112	-0.1870409231067459	0.0196119665902892	-0.1902076694348677	49.0	49.0	-0.2501127529791642	-0.2017860733589431	-0.2884547048206696
Chen_2021_Cell.HTA11_411	polyp_cancer	polyp	Cancer cell	Chen_2021_Cell	missing	missing	257	-0.185081909523652	0.2182093696215646	-0.4129668894788005	49.0	49.0	-0.3408034804784285	-0.3899215619248443	-0.2884547048206696
Chen_2021_Cell.HTA11_411	polyp_epithelial	polyp	Epithelial cell	Chen_2021_Cell	missing	missing	283	-0.2107225693030806	0.0400433889160941	-0.2156572419840465	49.0	49.0	-0.2800336018886735	-0.2596835799057883	-0.2884547048206696
Chen_2021_Cell.HTA11_4255	normal_epithelial	normal	Epithelial cell	Chen_2021_Cell	missing	missing	80	-0.2353608280803492	0.8495733362993529	-1.052695942921971	49.0	49.0	-0.4197420961996513	-0.5345122912646426	-0.2884547048206696
Chen_2021_Cell.HTA11_4255	polyp_cancer	polyp	Cancer cell	Chen_2021_Cell	missing	missing	397	-0.1142103265639415	0.0637745124494658	-0.1684424696526893	49.0	49.0	-0.2531180057533339	-0.2396149580100572	-0.2376567960545388
Chen_2021_Cell.HTA11_4255	polyp_epithelial	polyp	Epithelial cell	Chen_2021_Cell	missing	missing	127	-0.1656184068637442	0.1125861623779591	-0.2818281083045362	49.0	49.0	-0.2779224894632892	-0.2329714304266513	-0.2884547048206696
Chen_2021_Cell.HTA11_5212	normal_epithelial	normal	Epithelial cell	Chen_2021_Cell	missing	missing	6	-0.1990355997655757	0.6756814495159656	-0.933464355960016	49.0	49.0	-0.2037780285706853	-0.2790547747016187	-0.2884547048206696
Chen_2021_Cell.HTA11_5212	polyp_cancer	polyp	Cancer cell	Chen_2021_Cell	missing	missing	1	-0.2516873899082083	0.0969445425761412	-0.3486319324843495	49.0	49.0	-0.1586800598481664	-0.5345122912646426	0.0502681066646372
Chen_2021_Cell.HTA11_5212	polyp_epithelial	polyp	Epithelial cell	Chen_2021_Cell	missing	missing	1	-0.1018787838770651	-0.3567316806507197	0.2548528967736546	49.0	49.0	-0.1850202647919157	0.013171982020074	-0.2884547048206696
Chen_2021_Cell.HTA11_5216	normal_epithelial	normal	Epithelial cell	Chen_2021_Cell	missing	missing	35	-0.2015169431264626	0.1342724995628627	-0.3122654865234619	49.0	49.0	-0.2017217911922914	-0.1410194107276745	-0.2884547048206696
Chen_2021_Cell.HTA11_5216	polyp_cancer	polyp	Cancer cell	Chen_2021_Cell	missing	missing	3	-0.1436389817095388	-0.3377544818297254	0.1861087732711585	49.0	49.0	0.2290826795104208	0.9794121853921924	-0.2884547048206696
Chen_2021_Cell.HTA11_5216	polyp_epithelial	polyp	Epithelial cell	Chen_2021_Cell	missing	missing	55	-0.156359389368296	0.0800978243034744	-0.1881510193141909	49.0	49.0	-0.2415713514228563	-0.1594673312951729	-0.2884547048206696
Chen_2021_Cell.HTA11_5363	polyp_cancer	polyp	Cancer cell	Chen_2021_Cell	missing	missing	6	-0.1930537252856684	-0.0766212411947099	-0.0920608495597835	49.0	49.0	-0.0555778910894357	0.3006992260530541	-0.1333356414573107
Chen_2021_Cell.HTA11_5363	polyp_epithelial	polyp	Epithelial cell	Chen_2021_Cell	missing	missing	7	-0.140523561678778	0.2432285423947	-0.3427157287833045	49.0	49.0	-0.3132317911227713	-0.2859882460852556	-0.2884547048206696
Chen_2021_Cell.HTA11_546	normal_epithelial	normal	Epithelial cell	Chen_2021_Cell	missing	missing	55	-0.1614521356846262	0.0554860513245603	-0.2667746505505499	49.0	49.0	-0.1873563012761091	-0.0675761340230179	-0.1535019551075205
Chen_2021_Cell.HTA11_546	polyp_cancer	polyp	Cancer cell	Chen_2021_Cell	missing	missing	100	0.3467516503727652	-0.4744170787084055	0.8247448499622627	49.0	49.0	0.685722773629865	0.7796575060861297	-0.2884547048206696
Chen_2021_Cell.HTA11_546	polyp_epithelial	polyp	Epithelial cell	Chen_2021_Cell	missing	missing	211	-0.0885035299146945	-0.2245533594601021	0.185420190390652	49.0	49.0	-0.095714659089187	0.1644111972865347	-0.2884547048206696
Chen_2021_Cell.HTA11_5679	polyp_cancer	polyp	Cancer cell	Chen_2021_Cell	missing	missing	238	-0.1729505075173048	0.101988673119036	-0.2782666407555956	49.0	49.0	-0.4197420961996513	-0.5345122912646426	-0.2884547048206696
Chen_2021_Cell.HTA11_5679	polyp_epithelial	polyp	Epithelial cell	Chen_2021_Cell	missing	missing	68	-0.1909487942855289	-0.1319180512857031	0.0057488494477126	49.0	49.0	-0.2961736637986569	-0.5345122912646426	-0.2884547048206696
Chen_2021_Cell.HTA11_5994	polyp_cancer	polyp	Cancer cell	Chen_2021_Cell	missing	missing	249	-0.129431229474987	0.0137750584361831	-0.1611427228448673	49.0	49.0	-0.3087550126535322	-0.3177972718325631	-0.2884547048206696
Chen_2021_Cell.HTA11_5994	polyp_epithelial	polyp	Epithelial cell	Chen_2021_Cell	missing	missing	127	-0.1443870549133103	0.0769121223501877	-0.2029455019704795	49.0	49.0	-0.2437926052932778	-0.1947083642984103	-0.2884547048206696
Chen_2021_Cell.HTA11_6025	polyp_cancer	polyp	Cancer cell	Chen_2021_Cell	missing	missing	1	0.345503996151416	-0.0618115251258202	0.4073155212772362	49.0	49.0	1.6858391055536948	0.9711080434758312	-0.2884547048206696
Chen_2021_Cell.HTA11_6025	polyp_epithelial	polyp	Epithelial cell	Chen_2021_Cell	missing	missing	3	-0.1986860972902437	0.1929300739220945	-0.3451492035826745	49.0	49.0	-0.2355101745413628	-0.1046378073953025	-0.1860488551946618
Chen_2021_Cell.HTA11_6134	normal_epithelial	normal	Epithelial cell	Chen_2021_Cell	missing	missing	4	-0.0435948083437212	-0.1332806562869657	0.173682743498427	49.0	49.0	-0.098848401469754	-0.0928348937777151	-0.2884547048206696
Chen_2021_Cell.HTA11_6134	polyp_cancer	polyp	Cancer cell	Chen_2021_Cell	missing	missing	168	-0.1412314603045531	-0.0355515162076152	-0.1085677541389391	49.0	49.0	-0.2328375872422987	-0.180042716630103	-0.1362774204558564
Chen_2021_Cell.HTA11_6134	polyp_epithelial	polyp	Epithelial cell	Chen_2021_Cell	missing	missing	53	-0.1579552991102212	-0.0062586795024759	-0.1508989635679235	49.0	49.0	-0.2175195317990494	-0.1452851876465778	-0.171004994596665
Chen_2021_Cell.HTA11_6147	normal_epithelial	normal	Epithelial cell	Chen_2021_Cell	missing	missing	12	-0.2223276988174292	0.3465021884720967	-0.5689156985224144	49.0	49.0	-0.347524707489895	-0.4527211464926726	-0.2884547048206696
Chen_2021_Cell.HTA11_6147	polyp_cancer	polyp	Cancer cell	Chen_2021_Cell	missing	missing	14	-0.1783079697389718	-0.1620695703963293	-0.031941875284987	49.0	49.0	-0.1740156714843054	-0.0466346043197855	-0.1688275999513616
Chen_2021_Cell.HTA11_6147	polyp_epithelial	polyp	Epithelial cell	Chen_2021_Cell	missing	missing	3	-0.1871700158524965	-0.0967492924963412	-0.0904207233561553	49.0	49.0	-0.2307898517499344	-0.0936237208819698	0.2814524247164658
Chen_2021_Cell.HTA11_6182	normal_epithelial	normal	Epithelial cell	Chen_2021_Cell	missing	missing	4	-0.1078004653239418	-0.3117990775474504	0.153812476713688	49.0	49.0	-0.4197420961996513	-0.5345122912646426	-0.2884547048206696
Chen_2021_Cell.HTA11_6182	polyp_cancer	polyp	Cancer cell	Chen_2021_Cell	missing	missing	187	0.0658381248059233	-0.5965665238187469	0.6366681745673896	49.0	49.0	-0.1759935424261904	-0.1450842134192167	-0.2884547048206696
Chen_2021_Cell.HTA11_6182	polyp_epithelial	polyp	Epithelial cell	Chen_2021_Cell	missing	missing	27	-0.0082496104705747	-0.4649274317632663	0.485686466593989	49.0	49.0	-0.0800167817218834	-0.0167338158899681	-0.2884547048206696
Chen_2021_Cell.HTA11_6298	normal_epithelial	normal	Epithelial cell	Chen_2021_Cell	missing	missing	51	-0.1799080045907723	0.4693482291173332	-0.6472520350083492	49.0	49.0	-0.1983537782687126	-0.0392106049972154	0.0179215973756065
Chen_2021_Cell.HTA11_6298	polyp_cancer	polyp	Cancer cell	Chen_2021_Cell	missing	missing	141	0.4738019459898031	-0.2726346527981743	0.7525661949479654	49.0	49.0	1.2209257285726918	1.0245647486767042	-0.2884547048206696
Chen_2021_Cell.HTA11_6298	polyp_epithelial	polyp	Epithelial cell	Chen_2021_Cell	missing	missing	102	0.0101705207961122	-0.0941535195234889	0.1758406651968004	49.0	49.0	0.1149698541500462	0.4425759062095507	-0.2884547048206696
Chen_2021_Cell.HTA11_6310	normal_epithelial	normal	Epithelial cell	Chen_2021_Cell	missing	missing	7	-0.1324669747028412	0.2261798687112212	-0.3758573601585556	49.0	49.0	-0.2839932817331894	-0.2177650575095647	0.0589461395724437
Chen_2021_Cell.HTA11_6310	polyp_cancer	polyp	Cancer cell	Chen_2021_Cell	missing	missing	37	-0.1997811381339146	0.0125905623858858	-0.2189634590107383	49.0	49.0	-0.2770072903148486	-0.3120437331092134	-0.1627501876672334
Chen_2021_Cell.HTA11_6310	polyp_epithelial	polyp	Epithelial cell	Chen_2021_Cell	missing	missing	26	-0.1580618373526229	-0.0347972817069773	-0.0973913111202773	49.0	49.0	-0.2947059514455503	-0.4219166951249135	-0.2884547048206696
Chen_2021_Cell.HTA11_6407	normal_epithelial	normal	Epithelial cell	Chen_2021_Cell	missing	missing	79	-0.1989225995677075	0.1831062234215428	-0.3499084315936366	49.0	49.0	-0.4197420961996513	-0.5345122912646426	-0.2884547048206696
Chen_2021_Cell.HTA11_6407	polyp_cancer	polyp	Cancer cell	Chen_2021_Cell	missing	missing	153	-0.1648766849460601	-0.0688553114697401	-0.065856935651188	49.0	49.0	-0.188780416583381	-0.2234657930213157	-0.2884547048206696
Chen_2021_Cell.HTA11_6407	polyp_epithelial	polyp	Epithelial cell	Chen_2021_Cell	missing	missing	445	-0.1906573369016173	-0.022384139873117	-0.1239159545298193	49.0	49.0	-0.1810164740699787	-0.0600384963150209	-0.2884547048206696
Chen_2021_Cell.HTA11_6436	polyp_cancer	polyp	Cancer cell	Chen_2021_Cell	missing	missing	262	0.281846868137036	-0.3795023654046986	0.6319385680899379	49.0	49.0	0.2094426268398147	0.4206762502743199	-0.2884547048206696
Chen_2021_Cell.HTA11_6436	polyp_epithelial	polyp	Epithelial cell	Chen_2021_Cell	missing	missing	249	-0.0902815874469486	-0.2224795924186228	0.1607935011308942	49.0	49.0	-0.1452562469845102	-0.0679514270387864	-0.2884547048206696
Chen_2021_Cell.HTA11_6801	normal_epithelial	normal	Epithelial cell	Chen_2021_Cell	missing	missing	62	-0.227349043798076	0.64391040092327	-0.827402406311472	49.0	49.0	-0.4197420961996513	-0.5345122912646426	-0.2884547048206696
Chen_2021_Cell.HTA11_6801	polyp_cancer	polyp	Cancer cell	Chen_2021_Cell	missing	missing	305	-0.1783550442470303	0.3148360388261524	-0.4641506570901325	49.0	49.0	-0.2376022224267758	-0.1562003962467273	-0.2884547048206696
Chen_2021_Cell.HTA11_6801	polyp_epithelial	polyp	Epithelial cell	Chen_2021_Cell	missing	missing	475	-0.2034085141899624	0.3250800666748631	-0.4968548407320482	49.0	49.0	-0.2783619920953473	-0.3566522752514444	-0.2884547048206696
Chen_2021_Cell.HTA11_6818	normal_epithelial	normal	Epithelial cell	Chen_2021_Cell	missing	missing	151	-0.1577837109493283	0.2663805552291114	-0.4090700249366627	49.0	49.0	-0.2845377984356049	-0.5345122912646426	-0.2884547048206696
Chen_2021_Cell.HTA11_6818	polyp_cancer	polyp	Cancer cell	Chen_2021_Cell	missing	missing	935	0.3172494320370684	-0.1992275980045523	0.5580922633229836	49.0	49.0	0.3919534090753241	0.5506078188591734	-0.2884547048206696
Chen_2021_Cell.HTA11_6818	polyp_epithelial	polyp	Epithelial cell	Chen_2021_Cell	missing	missing	374	0.127256885937143	-0.0446144695837761	0.202181856718448	49.0	49.0	0.0740936882686472	0.2340704633118918	-0.2884547048206696
Chen_2021_Cell.HTA11_6862	polyp_cancer	polyp	Cancer cell	Chen_2021_Cell	missing	missing	44	0.3458234113136008	-0.4471957380009144	0.7601905284670355	49.0	49.0	0.2061520140040265	0.5085063362573169	-0.2884547048206696
Chen_2021_Cell.HTA11_6862	polyp_epithelial	polyp	Epithelial cell	Chen_2021_Cell	missing	missing	63	0.0187634757854582	-0.1704189182854763	0.2295366173377153	49.0	49.0	-0.0187771707134182	0.301276066229528	-0.2884547048206696
Chen_2021_Cell.HTA11_696	normal_epithelial	normal	Epithelial cell	Chen_2021_Cell	missing	missing	128	-0.1807864524509779	0.0621990130933739	-0.2161575109971229	49.0	49.0	-0.195962313146103	-0.1010677849403799	-0.167444421783208
Chen_2021_Cell.HTA11_696	polyp_cancer	polyp	Cancer cell	Chen_2021_Cell	missing	missing	324	0.5512491831350649	-0.3840438282529594	0.9821656268890832	49.0	49.0	1.1367536726645282	0.9949948677003322	-0.1391492995988408
Chen_2021_Cell.HTA11_696	polyp_epithelial	polyp	Epithelial cell	Chen_2021_Cell	missing	missing	586	-0.0907022086546822	-0.166962074706551	0.123052684026231	49.0	49.0	-0.0461371261242948	0.1647651135738331	-0.2884547048206696
Chen_2021_Cell.HTA11_7029	normal_epithelial	normal	Epithelial cell	Chen_2021_Cell	missing	missing	42	-0.1825750223435963	0.632310569782226	-0.7850209809360154	49.0	49.0	-0.2830341799123311	-0.2469428711526536	-0.2884547048206696
Chen_2021_Cell.HTA11_7029	polyp_cancer	polyp	Cancer cell	Chen_2021_Cell	missing	missing	207	0.4677624988021767	-0.1451006307918612	0.6067420436660185	49.0	49.0	0.5837157783613138	1.051734648524228	-0.2884547048206696
Chen_2021_Cell.HTA11_7029	polyp_epithelial	polyp	Epithelial cell	Chen_2021_Cell	missing	missing	126	0.2440325440585209	-0.1611844628331017	0.4257398276137054	49.0	49.0	0.2446597751472167	0.6293555307512961	-0.183077134214245
Chen_2021_Cell.HTA11_7128	polyp_cancer	polyp	Cancer cell	Chen_2021_Cell	missing	missing	84	0.189204804321617	-0.4371789145460888	0.6264456856450273	49.0	49.0	0.0968902476351581	0.0417158509837002	-0.2884547048206696
Chen_2021_Cell.HTA11_7128	polyp_epithelial	polyp	Epithelial cell	Chen_2021_Cell	missing	missing	14	0.0162593218802078	-0.4155523065858719	0.417422333848478	49.0	49.0	-0.1435567699744125	0.0441242363579362	-0.2884547048206696
Chen_2021_Cell.HTA11_7179	polyp_cancer	polyp	Cancer cell	Chen_2021_Cell	missing	missing	51	0.4773265309794884	-0.2843821507555873	0.772383853949264	49.0	49.0	0.3129365349207584	0.4514355777215704	-0.2884547048206696
Chen_2021_Cell.HTA11_7179	polyp_epithelial	polyp	Epithelial cell	Chen_2021_Cell	missing	missing	81	-0.1335913737800566	-0.0572456874026865	-0.0818087879528953	49.0	49.0	-0.2412752302168633	-0.3451926772102478	-0.2884547048206696
Chen_2021_Cell.HTA11_7469	normal_epithelial	normal	Epithelial cell	Chen_2021_Cell	missing	missing	131	-0.219536838767033	0.8380449153031888	-1.0269495893885787	49.0	49.0	-0.3744625310923454	-0.5345122912646426	-0.2884547048206696
Chen_2021_Cell.HTA11_7469	polyp_cancer	polyp	Cancer cell	Chen_2021_Cell	missing	missing	2	-0.2070267328026303	-0.1052596357235644	-0.1017670970790658	49.0	49.0	0.0158045098090358	0.4817631227556275	0.0656630467017589
Chen_2021_Cell.HTA11_7469	polyp_epithelial	polyp	Epithelial cell	Chen_2021_Cell	missing	missing	237	-0.2202708773947188	0.6472635608818766	-0.8884071805557413	49.0	49.0	-0.3354239080352082	-0.4113876830444007	-0.2884547048206696
Chen_2021_Cell.HTA11_7663	normal_epithelial	normal	Epithelial cell	Chen_2021_Cell	missing	missing	147	-0.1452875382645025	0.2285540984032304	-0.3155705703581286	49.0	49.0	-0.2522007077527054	-0.2376973430153517	-0.2884547048206696
Chen_2021_Cell.HTA11_7663	polyp_cancer	polyp	Cancer cell	Chen_2021_Cell	missing	missing	38	-0.0074270397004512	-0.2031739903238609	0.2856719027709574	49.0	49.0	-0.0501874239479185	0.1499394834970035	-0.2884547048206696
Chen_2021_Cell.HTA11_7663	polyp_epithelial	polyp	Epithelial cell	Chen_2021_Cell	missing	missing	569	-0.1085083155220687	0.2499756750774024	-0.3529446634826801	49.0	49.0	-0.2858953649868507	-0.2649269912624818	-0.2884547048206696
Chen_2021_Cell.HTA11_7696	normal_epithelial	normal	Epithelial cell	Chen_2021_Cell	missing	missing	35	-0.1784164438297533	0.3742381313935735	-0.5289547642274626	49.0	49.0	-0.3537219702279956	-0.4023614650242641	-0.2884547048206696
Chen_2021_Cell.HTA11_7696	polyp_cancer	polyp	Cancer cell	Chen_2021_Cell	missing	missing	398	0.6083231396657447	-0.2985840240007685	0.9217420162865542	49.0	49.0	0.8772192372219869	1.0967861920021726	-0.1178305699081116
Chen_2021_Cell.HTA11_7696	polyp_epithelial	polyp	Epithelial cell	Chen_2021_Cell	missing	missing	160	0.1353692944264424	-0.2330199064664424	0.3750289276384315	49.0	49.0	0.1177353118051435	0.474913831349423	-0.2884547048206696
Chen_2021_Cell.HTA11_78	normal_epithelial	normal	Epithelial cell	Chen_2021_Cell	missing	missing	21	-0.1582756552740586	-0.0177163777380348	-0.1175332052522382	49.0	49.0	-0.0430565479777585	0.3444206545864407	-0.2884547048206696
Chen_2021_Cell.HTA11_78	polyp_cancer	polyp	Cancer cell	Chen_2021_Cell	missing	missing	331	0.1469292956345298	-0.3899341188831439	0.5354568986437467	49.0	49.0	0.1189234152959463	0.2443612480017495	-0.2884547048206696
Chen_2021_Cell.HTA11_78	polyp_epithelial	polyp	Epithelial cell	Chen_2021_Cell	missing	missing	233	-0.0921514183317228	-0.3079658461121548	0.2325346370860436	49.0	49.0	-0.1382804265603101	-0.0127219175101233	-0.2884547048206696
Chen_2021_Cell.HTA11_7821	normal_epithelial	normal	Epithelial cell	Chen_2021_Cell	missing	missing	77	-0.1796257940350371	0.2283798095490439	-0.3771814413278352	49.0	49.0	-0.2740247873326916	-0.301542475453773	-0.2884547048206696
Chen_2021_Cell.HTA11_7821	polyp_cancer	polyp	Cancer cell	Chen_2021_Cell	missing	missing	203	0.5447237925084988	-0.1450635883479311	0.7111534704544582	49.0	49.0	0.7154492647429824	1.1802599201987427	-0.2884547048206696
Chen_2021_Cell.HTA11_7821	polyp_epithelial	polyp	Epithelial cell	Chen_2021_Cell	missing	missing	317	0.1764474698098356	0.008825700696827	0.2231267118195458	49.0	49.0	0.2613322965551647	0.7536170567046382	-0.2884547048206696
Chen_2021_Cell.HTA11_7862	normal_epithelial	normal	Epithelial cell	Chen_2021_Cell	missing	missing	54	-0.1728716180978441	0.2691982204999056	-0.4867676861776817	49.0	49.0	-0.3993194090685359	-0.5345122912646426	-0.2884547048206696
Chen_2021_Cell.HTA11_7862	polyp_cancer	polyp	Cancer cell	Chen_2021_Cell	missing	missing	22	-0.0222603414055489	-0.1617936917487846	0.234256708853134	49.0	49.0	0.2567059200115543	0.3204122832960993	-0.2074583572931987
Chen_2021_Cell.HTA11_7862	polyp_epithelial	polyp	Epithelial cell	Chen_2021_Cell	missing	missing	214	-0.1683203255077211	0.1200443121575134	-0.2595594599873666	49.0	49.0	-0.2350585674517091	-0.1449727599689183	-0.2884547048206696
Chen_2021_Cell.HTA11_7956	normal_epithelial	normal	Epithelial cell	Chen_2021_Cell	missing	missing	85	-0.2314086080589553	0.7721520950879727	-0.98282845125226	49.0	49.0	-0.4197420961996513	-0.5345122912646426	-0.2884547048206696
Chen_2021_Cell.HTA11_7956	polyp_cancer	polyp	Cancer cell	Chen_2021_Cell	missing	missing	10	-0.1348193945309297	-0.0323224254833166	-0.0520355912062628	49.0	49.0	0.3057723681712174	0.4076056678553171	-0.2224488372101149
Chen_2021_Cell.HTA11_7956	polyp_epithelial	polyp	Epithelial cell	Chen_2021_Cell	missing	missing	358	-0.1965696538644902	0.518372265711414	-0.7178714975191369	49.0	49.0	-0.2753595483315957	-0.2899186183421922	-0.2884547048206696
Chen_2021_Cell.HTA11_8099	normal_epithelial	normal	Epithelial cell	Chen_2021_Cell	missing	missing	76	-0.2267542783034721	0.4878315246207744	-0.6847623160272727	49.0	49.0	-0.4197420961996513	-0.5345122912646426	-0.2884547048206696
Chen_2021_Cell.HTA11_8099	polyp_cancer	polyp	Cancer cell	Chen_2021_Cell	missing	missing	172	-0.1916769660416768	0.0540085056950525	-0.259031734182147	49.0	49.0	-0.3849416891709342	-0.5345122912646426	-0.2884547048206696
Chen_2021_Cell.HTA11_8099	polyp_epithelial	polyp	Epithelial cell	Chen_2021_Cell	missing	missing	139	-0.210922835860411	0.0621672983175538	-0.2844592059991982	49.0	49.0	-0.3124034618838252	-0.5345122912646426	-0.2884547048206696
Chen_2021_Cell.HTA11_83	normal_epithelial	normal	Epithelial cell	Chen_2021_Cell	missing	missing	50	-0.2040725471405647	0.0572798527714172	-0.207644375947981	49.0	49.0	-0.2462373247102876	-0.2301518552036457	-0.2884547048206696
Chen_2021_Cell.HTA11_83	polyp_cancer	polyp	Cancer cell	Chen_2021_Cell	missing	missing	27	0.0105519424983149	-0.2409133635138188	0.2483952403121473	49.0	49.0	0.2658347353578563	0.6687331509557118	-0.2884547048206696
Chen_2021_Cell.HTA11_83	polyp_epithelial	polyp	Epithelial cell	Chen_2021_Cell	missing	missing	278	-0.1595869722068048	0.0220340458068313	-0.1710422821214132	49.0	49.0	-0.2118492874148905	-0.1263880746691909	-0.2884547048206696
Chen_2021_Cell.HTA11_8471	normal_epithelial	normal	Epithelial cell	Chen_2021_Cell	missing	missing	8	-0.1314156173874265	0.0332197243048511	-0.1264574102327423	49.0	49.0	-0.103273631530587	0.2039141262965075	-0.1853671297060878
Chen_2021_Cell.HTA11_8471	polyp_cancer	polyp	Cancer cell	Chen_2021_Cell	missing	missing	299	0.7978377548734183	-0.3017281746083445	1.1286740885504176	49.0	49.0	2.573028897726405	1.7726080529847306	-0.1896050570749209
Chen_2021_Cell.HTA11_8471	polyp_epithelial	polyp	Epithelial cell	Chen_2021_Cell	missing	missing	146	-0.0170571148950901	-0.1274518651595605	0.0689935515543332	49.0	49.0	0.1215640802944794	0.6104281822951656	-0.1752413555625617
Chen_2021_Cell.HTA11_8504	normal_epithelial	normal	Epithelial cell	Chen_2021_Cell	missing	missing	120	-0.1826025872753078	0.1106820759927855	-0.2766767061212623	49.0	49.0	-0.2253619407385108	-0.1337740243511912	-0.2884547048206696
Chen_2021_Cell.HTA11_8622	normal_epithelial	normal	Epithelial cell	Chen_2021_Cell	missing	missing	169	-0.175825657468857	0.6500543745355638	-0.824548856133261	49.0	49.0	-0.3298080361262644	-0.3578069327239688	-0.2884547048206696
Chen_2021_Cell.HTA11_8622	polyp_cancer	polyp	Cancer cell	Chen_2021_Cell	missing	missing	1108	-0.1638326021432662	0.2634800516488151	-0.4203676931339539	49.0	49.0	-0.3226590684612324	-0.3753077337053486	-0.2884547048206696
Chen_2021_Cell.HTA11_8622	polyp_epithelial	polyp	Epithelial cell	Chen_2021_Cell	missing	missing	277	-0.1663292572705072	0.1834651168864522	-0.3205411108711196	49.0	49.0	-0.2401920053683234	-0.1936045151257659	-0.2884547048206696
Chen_2021_Cell.HTA11_866	normal_epithelial	normal	Epithelial cell	Chen_2021_Cell	missing	missing	65	-0.2214529563895951	0.4607196224468856	-0.6063175294290797	49.0	49.0	-0.2495840017447994	-0.5345122912646426	-0.2884547048206696
Chen_2021_Cell.HTA11_866	polyp_cancer	polyp	Cancer cell	Chen_2021_Cell	missing	missing	577	0.3306058360106322	-0.3256681309243293	0.6753435175414835	49.0	49.0	0.6623519643828557	0.7320726946918886	-0.2884547048206696
Chen_2021_Cell.HTA11_866	polyp_epithelial	polyp	Epithelial cell	Chen_2021_Cell	missing	missing	851	-0.0386191822069591	-0.1824192236988183	0.161305218036049	49.0	49.0	-0.0741439219761598	0.1173601303120696	-0.2884547048206696
Chen_2021_Cell.HTA11_8755	normal_epithelial	normal	Epithelial cell	Chen_2021_Cell	missing	missing	98	-0.1127884539154911	0.4158635533338696	-0.5447864156679437	49.0	49.0	-0.3975523909274755	-0.5345122912646426	-0.2884547048206696
Chen_2021_Cell.HTA11_8755	polyp_cancer	polyp	Cancer cell	Chen_2021_Cell	missing	missing	957	-0.0306287455780751	0.142024437721162	-0.1889566028318621	49.0	49.0	-0.2654766622520857	-0.3310226459447559	-0.2884547048206696
Chen_2021_Cell.HTA11_8755	polyp_epithelial	polyp	Epithelial cell	Chen_2021_Cell	missing	missing	219	0.0167285879621027	-0.1312348859503153	0.1208735556450776	49.0	49.0	0.02840270867406	0.3667994902682852	-0.2884547048206696
Chen_2021_Cell.HTA11_8890	normal_epithelial	normal	Epithelial cell	Chen_2021_Cell	missing	missing	149	-0.1316406078111018	0.2332005582562453	-0.3384029944427375	49.0	49.0	-0.2407462679392228	-0.1937668602789531	-0.2884547048206696
Chen_2021_Cell.HTA11_8890	polyp_cancer	polyp	Cancer cell	Chen_2021_Cell	missing	missing	26	0.0757370582214586	-0.0952084816628197	0.2541988150439045	49.0	49.0	0.1778948298350894	0.5765588025964267	-0.2884547048206696
Chen_2021_Cell.HTA11_8890	polyp_epithelial	polyp	Epithelial cell	Chen_2021_Cell	missing	missing	329	-0.1604198617334344	0.3755007034402591	-0.5240591123726748	49.0	49.0	-0.3102097555469004	-0.342590080537098	-0.2884547048206696
Chen_2021_Cell.HTA11_8920	normal_epithelial	normal	Epithelial cell	Chen_2021_Cell	missing	missing	51	-0.2099686730020529	0.3428797409633463	-0.559623215796574	49.0	49.0	-0.4197420961996513	-0.5345122912646426	-0.2884547048206696
Chen_2021_Cell.HTA11_8920	polyp_cancer	polyp	Cancer cell	Chen_2021_Cell	missing	missing	43	-0.2133777123673224	0.1321187662139698	-0.337846019386482	49.0	49.0	-0.4197420961996513	-0.5345122912646426	-0.2884547048206696
Chen_2021_Cell.HTA11_8920	polyp_epithelial	polyp	Epithelial cell	Chen_2021_Cell	missing	missing	140	-0.2217320114513349	0.2267944908480117	-0.4246188447790229	49.0	49.0	-0.4197420961996513	-0.5345122912646426	-0.2884547048206696
Chen_2021_Cell.HTA11_8930	normal_epithelial	normal	Epithelial cell	Chen_2021_Cell	missing	missing	92	-0.1693444172180411	0.1811382086851857	-0.3739736506394953	49.0	49.0	-0.1561195819524496	0.0656505024985325	-0.2884547048206696
Chen_2021_Cell.HTA11_8930	polyp_cancer	polyp	Cancer cell	Chen_2021_Cell	missing	missing	672	-0.2132009837731169	0.0806024812473641	-0.2874369349472296	49.0	49.0	-0.4197420961996513	-0.5345122912646426	-0.2884547048206696
Chen_2021_Cell.HTA11_8930	polyp_epithelial	polyp	Epithelial cell	Chen_2021_Cell	missing	missing	274	-0.2063745978203983	-0.0585428117143434	-0.1162555055403657	49.0	49.0	-0.2732963595691848	-0.3443016559508879	-0.2884547048206696
Chen_2021_Cell.HTA11_9014	normal_epithelial	normal	Epithelial cell	Chen_2021_Cell	missing	missing	178	-0.2214300277616595	0.2394380842184449	-0.4515190374703133	49.0	49.0	-0.4197420961996513	-0.5345122912646426	-0.2884547048206696
Chen_2021_Cell.HTA11_9014	polyp_cancer	polyp	Cancer cell	Chen_2021_Cell	missing	missing	157	-0.1933282470146989	-0.0489307362431399	-0.1462146347209066	49.0	49.0	-0.4197420961996513	-0.5345122912646426	-0.2884547048206696
Chen_2021_Cell.HTA11_9014	polyp_epithelial	polyp	Epithelial cell	Chen_2021_Cell	missing	missing	219	-0.2168347685514883	0.0714611821916796	-0.2464393895181414	49.0	49.0	-0.4197420961996513	-0.5345122912646426	-0.2884547048206696
Chen_2021_Cell.HTA11_9226	normal_epithelial	normal	Epithelial cell	Chen_2021_Cell	missing	missing	100	0.0192028125333335	0.126827069096247	-0.0910233848553495	49.0	49.0	-0.1708342412213771	0.0008942266550712	-0.2884547048206696
Chen_2021_Cell.HTA11_9226	polyp_cancer	polyp	Cancer cell	Chen_2021_Cell	missing	missing	49	0.0150309089425675	-0.1652100626315655	0.2075803392808283	49.0	49.0	-0.0151763526952368	0.2093706085962809	-0.1653260522372976
Chen_2021_Cell.HTA11_9226	polyp_epithelial	polyp	Epithelial cell	Chen_2021_Cell	missing	missing	171	-0.1489053331003494	0.234017725886518	-0.3224270101413155	49.0	49.0	-0.351038290504554	-0.4373928625718903	-0.2884547048206696
Chen_2021_Cell.HTA11_9341	polyp_cancer	polyp	Cancer cell	Chen_2021_Cell	missing	missing	36	-0.1506282913737688	-0.0559687352755374	-0.0539527048800837	49.0	49.0	-0.238090004358751	-0.4497080824669899	-0.2884547048206696
Chen_2021_Cell.HTA11_9341	polyp_epithelial	polyp	Epithelial cell	Chen_2021_Cell	missing	missing	156	-0.2067677387455067	0.2336636590358374	-0.4237192130174907	49.0	49.0	-0.4197420961996513	-0.5345122912646426	-0.2884547048206696
Chen_2021_Cell.HTA11_9408	normal_epithelial	normal	Epithelial cell	Chen_2021_Cell	missing	missing	43	-0.2174588944692504	0.3620779737079137	-0.5932444942906122	49.0	49.0	-0.3528372330712607	-0.5345122912646426	-0.2884547048206696
Chen_2021_Cell.HTA11_9408	polyp_cancer	polyp	Cancer cell	Chen_2021_Cell	missing	missing	49	0.4460689825534847	-0.4141661183693983	0.8868842611483525	49.0	49.0	0.918361613657627	0.6149364254448332	-0.2884547048206696
Chen_2021_Cell.HTA11_9408	polyp_epithelial	polyp	Epithelial cell	Chen_2021_Cell	missing	missing	21	-0.1393352170704286	-0.0681327672914407	-0.0104196475138174	49.0	49.0	-0.1463836585326748	0.0099667723630489	-0.2884547048206696
Chen_2021_Cell.HTA11_9531	polyp_cancer	polyp	Cancer cell	Chen_2021_Cell	missing	missing	227	0.2014948334639921	-0.2743960871360746	0.5031113693470146	49.0	49.0	0.3325516467928974	0.2098697147083974	-0.2884547048206696
Chen_2021_Cell.HTA11_9531	polyp_epithelial	polyp	Epithelial cell	Chen_2021_Cell	missing	missing	176	-0.1271605014004407	0.0545500126796255	-0.1674727307447488	49.0	49.0	-0.2342578416455391	-0.3356441103317009	-0.2884547048206696
Chen_2021_Cell.HTA11_9700	polyp_cancer	polyp	Cancer cell	Chen_2021_Cell	missing	missing	366	-0.1444124730008624	0.5992318293933491	-0.7558758077058068	49.0	49.0	-0.4197420961996513	-0.5345122912646426	-0.2884547048206696
Chen_2021_Cell.HTA11_9700	polyp_epithelial	polyp	Epithelial cell	Chen_2021_Cell	missing	missing	294	-0.1917642100103777	0.207878507955062	-0.3875549131502319	49.0	49.0	-0.4197420961996513	-0.5345122912646426	-0.2884547048206696
Chen_2021_Cell.HTA11_9827	normal_epithelial	normal	Epithelial cell	Chen_2021_Cell	missing	missing	108	-0.2375382911300218	0.7686110160824651	-0.9751235793141632	49.0	49.0	-0.4197420961996513	-0.5345122912646426	-0.2884547048206696
Chen_2021_Cell.HTA11_9827	polyp_cancer	polyp	Cancer cell	Chen_2021_Cell	missing	missing	6	0.0951703288695428	-0.6044586197976678	0.7443425116997264	49.0	49.0	-0.0149062050750354	0.3821104394387262	-0.2884547048206696
Chen_2021_Cell.HTA11_9827	polyp_epithelial	polyp	Epithelial cell	Chen_2021_Cell	missing	missing	35	0.0098292204479229	-0.2289519636491007	0.2456015608342825	49.0	49.0	-0.0499109222545174	0.1109018919981289	-0.2884547048206696
Chen_2021_Cell.HTA11_9829	normal_epithelial	normal	Epithelial cell	Chen_2021_Cell	missing	missing	15	-0.1736256442018652	0.3705595058183585	-0.6261972010705763	49.0	49.0	-0.4197420961996513	-0.5345122912646426	-0.2884547048206696
Chen_2021_Cell.HTA11_9829	polyp_cancer	polyp	Cancer cell	Chen_2021_Cell	missing	missing	159	1.098560408951322	-0.335329014819119	1.3706320321677807	49.0	49.0	0.863791413707874	0.8952338028633422	-0.2884547048206696
Chen_2021_Cell.HTA11_9829	polyp_epithelial	polyp	Epithelial cell	Chen_2021_Cell	missing	missing	138	-0.1184581940979218	0.008288774586892	-0.1447391669531853	49.0	49.0	-0.277842247677587	-0.4211565425110888	-0.2884547048206696
Chen_2021_Cell.HTA11_9998	polyp_cancer	polyp	Cancer cell	Chen_2021_Cell	missing	missing	84	0.0777219432663288	-0.405733826109219	0.4994526025558952	49.0	49.0	0.2828053997813755	0.6076331560163897	-0.2884547048206696
Chen_2021_Cell.HTA11_9998	polyp_epithelial	polyp	Epithelial cell	Chen_2021_Cell	missing	missing	116	-0.101959767763648	-0.2529535813399435	0.2244538677390311	49.0	49.0	-0.0641637552566878	0.1136839346055119	-0.2884547048206696
Chen_2021_Cell.HTA11_99999965062	normal_epithelial	normal	Epithelial cell	Chen_2021_Cell	MSI-H	missing	51	-0.0806438870928253	-0.1201320628581327	0.1051867653138716	49.0	49.0	0.0362176003919009	0.4449768393334833	-0.1373329509714639
Chen_2021_Cell.HTA11_99999965062	tumor_cancer	tumor	Cancer cell	Chen_2021_Cell	MSI-H	CMS3	42	-0.0657446160335382	-0.2755623762356723	0.1972892836494983	49.0	49.0	-0.1518163927401404	0.0645773760024404	0.0669016055606096
Chen_2021_Cell.HTA11_99999965062	tumor_epithelial	tumor	Epithelial cell	Chen_2021_Cell	MSI-H	CMS3	1	-0.280750215632118	-0.3832304083292617	0.1024801926971437	49.0	49.0	-0.2389127004716742	-0.1125770345660293	-0.2884547048206696
Chen_2021_Cell.HTA11_99999965104	normal_epithelial	normal	Epithelial cell	Chen_2021_Cell	MSS	missing	52	-0.1861541552201026	-0.2112821688870275	0.0476383817921369	49.0	49.0	-0.2412606450312594	-0.2144159306500345	-0.2884547048206696
Chen_2021_Cell.HTA11_99999965104	tumor_cancer	tumor	Cancer cell	Chen_2021_Cell	MSS	CMS2	11	0.3295595766652798	-0.4479084389087437	0.7774680155740236	49.0	49.0	0.7786802795852622	0.5788718283660166	-0.189736458747141
Chen_2021_Cell.HTA11_99999970781	normal_epithelial	normal	Epithelial cell	Chen_2021_Cell	MSS	missing	31	-0.1004605049725516	0.574528718620021	-0.6623201098082832	49.0	49.0	-0.0679506644812244	0.1958477091239114	-0.1082671287336612
Chen_2021_Cell.HTA11_99999970781	tumor_cancer	tumor	Cancer cell	Chen_2021_Cell	MSS	CMS3	18	0.3827674342322346	-0.3039634130329456	0.7115663816397324	49.0	49.0	0.938250190733149	0.8032221847951981	0.2151190789986261
Chen_2021_Cell.HTA11_99999971662	tumor_cancer	tumor	Cancer cell	Chen_2021_Cell	MSS	CMS2	150	0.3658122176257927	-0.3254477173268875	0.7164983821925693	49.0	49.0	0.1718119171092315	0.3103400919527749	-0.063898075947121
Chen_2021_Cell.HTA11_99999973458	tumor_cancer	tumor	Cancer cell	Chen_2021_Cell	MSI-H	CMS1	10	0.2654182519031873	-0.2646425994237778	0.5300608513269652	49.0	49.0	-0.3081061423298066	-0.2740283989016715	-0.2884547048206696
Chen_2021_Cell.HTA11_99999973899	tumor_cancer	tumor	Cancer cell	Chen_2021_Cell	MSS	CMS2	64	0.4392302008260011	-0.1725205104743246	0.630216661207248	49.0	49.0	0.545351658422069	0.5801559934274416	-0.0151006360332302
Chen_2021_Cell.HTA11_99999973899	tumor_epithelial	tumor	Epithelial cell	Chen_2021_Cell	MSS	CMS2	2	-0.1549032659972538	-0.1542852828893488	-0.0006179831079049	49.0	49.0	-0.0922692435041689	0.2295910316914831	-0.0266375215601526
Chen_2021_Cell.HTA11_99999974143	tumor_cancer	tumor	Cancer cell	Chen_2021_Cell	MSS	CMS2	59	0.5495980514566073	-0.41193035128604	0.955285121113306	49.0	49.0	0.3840246885209491	0.3688856870515269	-0.2884547048206696
Chen_2021_Cell.HTA11_99999974143	tumor_epithelial	tumor	Epithelial cell	Chen_2021_Cell	MSS	CMS2	1	0.5743902356200076	-0.5138659265499426	1.0882561621699502	49.0	49.0	0.5957647659979429	0.2088504502411114	-0.2884547048206696
Chen_2024_Cancer_Cell.P01	normal_epithelial	normal	Epithelial cell	Chen_2024_Cancer_Cell	MSS	missing	119	-0.1599832088235789	-0.1065355654076445	-0.0471541964558836	49.0	49.0	-0.4197420961996513	-0.5345122912646426	-0.2884547048206696
Chen_2024_Cancer_Cell.P01	tumor_cancer	tumor	Cancer cell	Chen_2024_Cancer_Cell	MSS	CMS3	318	-0.1440386376378341	-0.1135506396960974	-0.0401304604588185	49.0	49.0	-0.4197420961996513	-0.5345122912646426	-0.2884547048206696
Chen_2024_Cancer_Cell.P01	tumor_epithelial	tumor	Epithelial cell	Chen_2024_Cancer_Cell	MSS	CMS3	156	-0.1578706150307754	-0.3871477955201025	0.2153483482706733	49.0	49.0	-0.4197420961996513	-0.5345122912646426	-0.2884547048206696
Chen_2024_Cancer_Cell.P02	normal_epithelial	normal	Epithelial cell	Chen_2024_Cancer_Cell	MSS	missing	186	-0.0968795013207629	-0.2391811089006113	0.1502115555428571	49.0	49.0	-0.2438307113906308	-0.358834696611095	-0.2884547048206696
Chen_2024_Cancer_Cell.P02	tumor_cancer	tumor	Cancer cell	Chen_2024_Cancer_Cell	MSS	CMS1	74	0.3353073177981484	-0.3505547353806813	0.6925955713475247	49.0	49.0	0.0558828958140719	0.1352681670972109	-0.2884547048206696
Chen_2024_Cancer_Cell.P02	tumor_epithelial	tumor	Epithelial cell	Chen_2024_Cancer_Cell	MSS	CMS4	8	0.2201887051387396	-0.4377336658668881	0.5987515361155583	49.0	49.0	-0.4197420961996513	-0.5345122912646426	-0.2884547048206696
Chen_2024_Cancer_Cell.P03	normal_epithelial	normal	Epithelial cell	Chen_2024_Cancer_Cell	MSS	missing	231	-0.158157488801535	-0.1321677291476353	-0.0062527218259488	49.0	49.0	-0.4197420961996513	-0.5345122912646426	-0.2884547048206696
Chen_2024_Cancer_Cell.P03	tumor_cancer	tumor	Cancer cell	Chen_2024_Cancer_Cell	MSS	missing	382	-0.0356364181309119	-0.0712515403317349	0.0382751049365651	49.0	49.0	-0.3131773393572387	-0.5345122912646426	-0.2884547048206696
Chen_2024_Cancer_Cell.P03	tumor_epithelial	tumor	Epithelial cell	Chen_2024_Cancer_Cell	MSS	missing	27	-0.1916660181432005	-0.4630393498332407	0.2730841644446039	49.0	49.0	-0.2780467592851175	-0.5345122912646426	-0.2884547048206696
Chen_2024_Cancer_Cell.P04	normal_epithelial	normal	Epithelial cell	Chen_2024_Cancer_Cell	MSI	missing	105	-0.1594795905813628	0.0903240419835895	-0.2484140101545946	49.0	49.0	-0.4197420961996513	-0.5345122912646426	-0.2884547048206696
Chen_2024_Cancer_Cell.P04	tumor_cancer	tumor	Cancer cell	Chen_2024_Cancer_Cell	MSI	CMS4	97	-0.0225989712418305	-0.3939131053284254	0.3918095727500257	49.0	49.0	-0.0394751417053838	0.0073691553978713	-0.2884547048206696
Chen_2024_Cancer_Cell.P04	tumor_epithelial	tumor	Epithelial cell	Chen_2024_Cancer_Cell	MSI	CMS4	8	-0.2070209149156181	-0.3674204154297519	0.1834825149117015	49.0	49.0	-0.0766135579122582	-0.0747440907299225	-0.2884547048206696
Chen_2024_Cancer_Cell.P05	normal_epithelial	normal	Epithelial cell	Chen_2024_Cancer_Cell	MSS	missing	86	-0.2006570659445466	0.1475475517019379	-0.340651786451174	49.0	49.0	-0.4197420961996513	-0.5345122912646426	-0.2884547048206696
Chen_2024_Cancer_Cell.P05	tumor_cancer	tumor	Cancer cell	Chen_2024_Cancer_Cell	MSS	CMS3	201	-0.0461415850995869	-0.4018444569246867	0.3909926943701823	49.0	49.0	-0.016154498301918	-0.0710407588483808	-0.2884547048206696
Chen_2024_Cancer_Cell.P05	tumor_epithelial	tumor	Epithelial cell	Chen_2024_Cancer_Cell	MSS	CMS3	56	-0.1186228860343561	-0.4589228352556412	0.3231179096949866	49.0	49.0	-0.09031607925256	-0.0271246168635588	-0.2884547048206696
Chen_2024_Cancer_Cell.P08	normal_epithelial	normal	Epithelial cell	Chen_2024_Cancer_Cell	MSI	missing	424	-0.1317503240137286	0.0056355407520095	-0.1172746565106392	49.0	49.0	-0.4197420961996513	-0.5345122912646426	-0.2884547048206696
Chen_2024_Cancer_Cell.P08	tumor_cancer	tumor	Cancer cell	Chen_2024_Cancer_Cell	MSI	CMS4	218	-0.1169857419074464	-0.1294832126912115	0.0380841998088437	49.0	49.0	-0.4197420961996513	-0.5345122912646426	-0.2884547048206696
Chen_2024_Cancer_Cell.P08	tumor_epithelial	tumor	Epithelial cell	Chen_2024_Cancer_Cell	MSI	CMS4	48	-0.100179131300081	-0.4574064690363711	0.3161498439610039	49.0	49.0	-0.3321935486244812	-0.5345122912646426	-0.2884547048206696
Chen_2024_Cancer_Cell.P09	normal_epithelial	normal	Epithelial cell	Chen_2024_Cancer_Cell	MSS	missing	102	-0.0754523901571785	-0.2212794294217209	0.1665964856453429	49.0	49.0	-0.2827866769039293	-0.2489920314858208	-0.2884547048206696
Chen_2024_Cancer_Cell.P09	tumor_cancer	tumor	Cancer cell	Chen_2024_Cancer_Cell	MSS	CMS4	103	-0.1108247623047113	-0.0945936806905593	0.0726727565837443	49.0	49.0	-0.2608034153755026	-0.2123541047760754	-0.2884547048206696
Chen_2024_Cancer_Cell.P09	tumor_epithelial	tumor	Epithelial cell	Chen_2024_Cancer_Cell	MSS	CMS4	15	0.005891844357453	-0.2935380064203728	0.2735924192850031	49.0	49.0	0.0474501962808335	0.2451505208865192	-0.2884547048206696
Chen_2024_Cancer_Cell.P12	normal_epithelial	normal	Epithelial cell	Chen_2024_Cancer_Cell	MSI	missing	50	-0.1264172867052546	-0.0737196368925478	-0.0375106484100046	49.0	49.0	-0.4197420961996513	-0.5345122912646426	-0.2884547048206696
Chen_2024_Cancer_Cell.P12	tumor_cancer	tumor	Cancer cell	Chen_2024_Cancer_Cell	MSI	CMS4	33	-0.0783178181998528	-0.1242561388591517	-0.0105215211832432	49.0	49.0	-0.4197420961996513	-0.5345122912646426	-0.2884547048206696
Chen_2024_Cancer_Cell.P12	tumor_epithelial	tumor	Epithelial cell	Chen_2024_Cancer_Cell	MSI	CMS4	3	-0.1195821684782291	-0.3015249496283378	0.2369276203425273	49.0	49.0	-0.4197420961996513	-0.5345122912646426	-0.2884547048206696
Chen_2024_Cancer_Cell.P14	normal_epithelial	normal	Epithelial cell	Chen_2024_Cancer_Cell	MSS	missing	287	-0.1693791195426071	-0.0809329075579956	-0.0575589461520522	49.0	49.0	-0.4197420961996513	-0.5345122912646426	-0.2884547048206696
Chen_2024_Cancer_Cell.P14	tumor_cancer	tumor	Cancer cell	Chen_2024_Cancer_Cell	MSS	CMS3	249	-0.1203728949677073	-0.2030780860617484	0.0837465660734815	49.0	49.0	-0.4197420961996513	-0.5345122912646426	-0.2884547048206696
Chen_2024_Cancer_Cell.P14	tumor_epithelial	tumor	Epithelial cell	Chen_2024_Cancer_Cell	MSS	CMS3	39	-0.192709926849574	-0.4082701735275127	0.2320964384087999	49.0	49.0	-0.4197420961996513	-0.5345122912646426	-0.2884547048206696
Chen_2024_Cancer_Cell.P15	normal_epithelial	normal	Epithelial cell	Chen_2024_Cancer_Cell	MSI	missing	176	-0.168096088677967	-0.1554676177050537	0.0141216542688083	49.0	49.0	-0.4197420961996513	-0.5345122912646426	-0.2884547048206696
Chen_2024_Cancer_Cell.P15	tumor_cancer	tumor	Cancer cell	Chen_2024_Cancer_Cell	MSI	CMS1	185	-0.0590496240980913	-0.2507246456250366	0.192003116620787	49.0	49.0	-0.2123125622188371	-0.2308717433147961	-0.2884547048206696
Chen_2024_Cancer_Cell.P15	tumor_epithelial	tumor	Epithelial cell	Chen_2024_Cancer_Cell	MSI	CMS1	43	-0.1250517135067924	-0.4581488433855782	0.3701695767989831	49.0	49.0	-0.4197420961996513	-0.5345122912646426	-0.2884547048206696
Chen_2024_Cancer_Cell.P16	normal_epithelial	normal	Epithelial cell	Chen_2024_Cancer_Cell	MSI	missing	117	-0.0782901999078715	-0.2706684896018114	0.1979559837411149	49.0	49.0	-0.2475039339147973	-0.5345122912646426	-0.2884547048206696
Chen_2024_Cancer_Cell.P16	tumor_cancer	tumor	Cancer cell	Chen_2024_Cancer_Cell	MSI	CMS4	69	-0.1244788225198151	-0.2781780757882564	0.1574990924207395	49.0	49.0	-0.4197420961996513	-0.5345122912646426	-0.2884547048206696
Chen_2024_Cancer_Cell.P16	tumor_epithelial	tumor	Epithelial cell	Chen_2024_Cancer_Cell	MSI	CMS4	9	-0.1478227875444649	-0.4943187909828841	0.3036175938261343	49.0	49.0	-0.4197420961996513	-0.5345122912646426	-0.2884547048206696
Chen_2024_Cancer_Cell.P17	normal_epithelial	normal	Epithelial cell	Chen_2024_Cancer_Cell	MSI	missing	94	-0.0799570122198511	-0.1212554347571327	0.0438956961238003	49.0	49.0	-0.4197420961996513	-0.5345122912646426	-0.2884547048206696
Chen_2024_Cancer_Cell.P17	tumor_cancer	tumor	Cancer cell	Chen_2024_Cancer_Cell	MSI	CMS3	106	0.0108345222471565	-0.427609194009923	0.4706433294678159	49.0	49.0	-0.3845459297062558	-0.5345122912646426	-0.2884547048206696
Chen_2024_Cancer_Cell.P17	tumor_epithelial	tumor	Epithelial cell	Chen_2024_Cancer_Cell	MSI	CMS3	6	0.0768729712819367	-0.512644317877737	0.524627200817019	49.0	49.0	-0.0028218221536223	-0.2505787863355144	-0.2884547048206696
Chen_2024_Cancer_Cell.P18	normal_epithelial	normal	Epithelial cell	Chen_2024_Cancer_Cell	MSI	missing	228	-0.1819420394705082	-0.0025039809466551	-0.1717191504349723	49.0	49.0	-0.4197420961996513	-0.5345122912646426	-0.2884547048206696
Chen_2024_Cancer_Cell.P18	tumor_cancer	tumor	Cancer cell	Chen_2024_Cancer_Cell	MSI	CMS1	241	-0.0815430958282076	-0.4305161923964244	0.3174547671800235	49.0	49.0	-0.0890126594849843	0.0529199358286959	0.3222559147620253
Chen_2024_Cancer_Cell.P18	tumor_epithelial	tumor	Epithelial cell	Chen_2024_Cancer_Cell	MSI	CMS4	1	-0.2805554837668733	-0.2103286568943229	-0.0702268268725503	49.0	49.0	-0.4197420961996513	-0.5345122912646426	-0.2884547048206696
Chen_2024_Cancer_Cell.P19	normal_epithelial	normal	Epithelial cell	Chen_2024_Cancer_Cell	MSI	missing	177	-0.2135838608995484	0.0659495759067866	-0.2233471041793194	49.0	49.0	-0.4197420961996513	-0.5345122912646426	-0.2884547048206696
Chen_2024_Cancer_Cell.P19	tumor_cancer	tumor	Cancer cell	Chen_2024_Cancer_Cell	MSI	CMS1	249	-0.0418816168174081	-0.5124820009717229	0.4300627232893392	49.0	49.0	-0.0684275888609234	0.0582495080082742	0.0834392499710246
Chen_2024_Cancer_Cell.P19	tumor_epithelial	tumor	Epithelial cell	Chen_2024_Cancer_Cell	MSI	CMS1	12	-0.1916263632099061	-0.5255510970631965	0.2598534746719511	49.0	49.0	-0.4197420961996513	-0.5345122912646426	-0.2884547048206696
Chen_2024_Cancer_Cell.P20	normal_epithelial	normal	Epithelial cell	Chen_2024_Cancer_Cell	MSI	missing	199	-0.1572451744443113	0.0691338836135643	-0.2156689982782397	49.0	49.0	-0.4197420961996513	-0.5345122912646426	-0.2884547048206696
Chen_2024_Cancer_Cell.P20	tumor_cancer	tumor	Cancer cell	Chen_2024_Cancer_Cell	MSI	CMS1	80	-0.0120278937592291	-0.4459243088228188	0.3934937418853896	49.0	49.0	-0.1677211841531374	-0.0617928922177923	0.5014038879911513
Chen_2024_Cancer_Cell.P20	tumor_epithelial	tumor	Epithelial cell	Chen_2024_Cancer_Cell	MSI	CMS1	9	-0.1546028665035024	-0.5399317580936375	0.3709218548384174	49.0	49.0	-0.4197420961996513	-0.5345122912646426	-0.2884547048206696
Chen_2024_Cancer_Cell.P21	normal_epithelial	normal	Epithelial cell	Chen_2024_Cancer_Cell	MSI	missing	67	-0.1507895325564733	-0.0111125947177569	-0.1447484230411614	49.0	49.0	-0.4197420961996513	-0.5345122912646426	-0.2884547048206696
Chen_2024_Cancer_Cell.P21	tumor_cancer	tumor	Cancer cell	Chen_2024_Cancer_Cell	MSI	missing	79	0.1221406531036117	-0.2039011947194308	0.3901813696578728	49.0	49.0	-0.2046631841019132	-0.4292455707824008	-0.2884547048206696
Chen_2024_Cancer_Cell.P21	tumor_epithelial	tumor	Epithelial cell	Chen_2024_Cancer_Cell	MSI	missing	10	-0.2089104764782444	-0.2595873684178004	0.0320678384765884	49.0	49.0	-0.2648053069730844	-0.5345122912646426	-0.2884547048206696
Chen_2024_Cancer_Cell.P22	normal_epithelial	normal	Epithelial cell	Chen_2024_Cancer_Cell	MSI	missing	132	-0.1498019432782277	0.1431926966261009	-0.3032844395479145	49.0	49.0	-0.4197420961996513	-0.5345122912646426	-0.2884547048206696
Chen_2024_Cancer_Cell.P22	tumor_cancer	tumor	Cancer cell	Chen_2024_Cancer_Cell	MSI	CMS3	122	-0.0625174008704362	-0.1873877836296408	0.163905464394776	49.0	49.0	-0.1998218141745672	-0.1856940226155661	-0.2884547048206696
Chen_2024_Cancer_Cell.P22	tumor_epithelial	tumor	Epithelial cell	Chen_2024_Cancer_Cell	MSI	CMS3	16	-0.1064312564427495	-0.4361382862130068	0.2609342811501578	49.0	49.0	-0.0948796418177971	-0.3074968756640596	-0.2884547048206696
Chen_2024_Cancer_Cell.P23	normal_epithelial	normal	Epithelial cell	Chen_2024_Cancer_Cell	MSI	missing	216	-0.158621932158374	-0.0995562200770833	-0.0649936109262713	49.0	49.0	-0.4197420961996513	-0.5345122912646426	-0.2884547048206696
Chen_2024_Cancer_Cell.P23	tumor_cancer	tumor	Cancer cell	Chen_2024_Cancer_Cell	MSI	CMS1	257	-0.0482040033798585	-0.3220787872794784	0.3134598566565245	49.0	49.0	-0.3162330376842217	-0.5345122912646426	-0.2884547048206696
Chen_2024_Cancer_Cell.P23	tumor_epithelial	tumor	Epithelial cell	Chen_2024_Cancer_Cell	MSI	CMS1	43	-0.1568336807948646	-0.4320608031232114	0.2815515360028309	49.0	49.0	-0.0684442825154358	0.004504446409024	-0.2884547048206696
Chen_2024_Cancer_Cell.P25	normal_epithelial	normal	Epithelial cell	Chen_2024_Cancer_Cell	MSI	missing	128	0.0039172815247328	-0.1185520972690599	0.0826184070919228	49.0	49.0	-0.2755108476989431	-0.5345122912646426	-0.2884547048206696
Chen_2024_Cancer_Cell.P25	tumor_cancer	tumor	Cancer cell	Chen_2024_Cancer_Cell	MSI	missing	51	0.104147698301254	-0.2925087954082741	0.39278227026282	49.0	49.0	-0.1229201705590355	0.0505223656772342	-0.2884547048206696
Chen_2024_Cancer_Cell.P25	tumor_epithelial	tumor	Epithelial cell	Chen_2024_Cancer_Cell	MSI	missing	11	-0.1480857897194903	-0.3028305556979642	0.0896471135849375	49.0	49.0	-0.4197420961996513	-0.5345122912646426	-0.2884547048206696
Chen_2024_Cancer_Cell.P26	normal_epithelial	normal	Epithelial cell	Chen_2024_Cancer_Cell	MSI	missing	204	-0.1522349920023517	0.2389373012245738	-0.3860841663888079	49.0	49.0	-0.4197420961996513	-0.5345122912646426	-0.2884547048206696
Chen_2024_Cancer_Cell.P26	tumor_cancer	tumor	Cancer cell	Chen_2024_Cancer_Cell	MSI	missing	61	-0.0705488575546776	-0.4051929826436002	0.3157030311339892	49.0	49.0	-0.1141245809228901	-0.2257154043572809	-0.2884547048206696
Chen_2024_Cancer_Cell.P26	tumor_epithelial	tumor	Epithelial cell	Chen_2024_Cancer_Cell	MSI	missing	3	-0.040718130312167	-0.5293971970691758	0.5394051945344004	49.0	49.0	0.0451907126914917	0.550330929481358	-0.2884547048206696
Conde_2022_Science.A29	normal_epithelial	normal	Epithelial cell	Conde_2022_Science	missing	missing	59	-0.2037648257443128	0.5894939268376905	-0.7849847723635697	49.0	49.0	-0.4197420961996513	-0.5345122912646426	-0.2884547048206696
Conde_2022_Science.A31	normal_epithelial	normal	Epithelial cell	Conde_2022_Science	missing	missing	20	-0.2420563779333626	0.7568869715355024	-1.0013818418815723	49.0	49.0	-0.4197420961996513	-0.5345122912646426	-0.2884547048206696
Conde_2022_Science.A35	normal_epithelial	normal	Epithelial cell	Conde_2022_Science	missing	missing	6	-0.1560630712270141	-0.2600982233197653	0.1073631567928581	49.0	49.0	-0.4197420961996513	-0.5345122912646426	-0.2884547048206696
Conde_2022_Science.A36	normal_epithelial	normal	Epithelial cell	Conde_2022_Science	missing	missing	6	-0.1727527604923569	-0.433176549041926	0.2688685562695772	49.0	49.0	0.152417223274286	0.8005261208412113	-0.2884547048206696
Elmentaite_2021_Nature.A26_386C	normal_epithelial	normal	Epithelial cell	Elmentaite_2021_Nature	missing	missing	191	-0.1955409158515471	0.1912750889591092	-0.3301186475198293	49.0	49.0	-0.4197420961996513	-0.5345122912646426	-0.2884547048206696
Elmentaite_2021_Nature.A30_398B	normal_epithelial	normal	Epithelial cell	Elmentaite_2021_Nature	missing	missing	115	-0.2436619074660569	0.7231399140512788	-0.975760934245568	49.0	49.0	-0.4197420961996513	-0.5345122912646426	-0.2884547048206696
Elmentaite_2021_Nature.A32_411C	normal_epithelial	normal	Epithelial cell	Elmentaite_2021_Nature	missing	missing	390	-0.2780807056975252	0.2217161229075726	-0.495312932293943	49.0	49.0	-0.4197420961996513	-0.5345122912646426	-0.2884547048206696
Elmentaite_2021_Nature.A33_414C	normal_epithelial	normal	Epithelial cell	Elmentaite_2021_Nature	missing	missing	1533	-0.0938869722176807	0.1070740583414379	-0.187472992504585	49.0	49.0	-0.0597123836272405	0.2362139139146832	-0.2884547048206696
Elmentaite_2021_Nature.A34_417C	normal_epithelial	normal	Epithelial cell	Elmentaite_2021_Nature	missing	missing	818	-0.1922500531346664	0.1018699629010611	-0.2831249958850473	49.0	49.0	-0.4197420961996513	-0.5345122912646426	-0.2884547048206696
Elmentaite_2021_Nature.A38_432C	normal_epithelial	normal	Epithelial cell	Elmentaite_2021_Nature	missing	missing	185	-0.2312407045721326	0.3575576664038832	-0.6555621487406313	49.0	49.0	-0.4197420961996513	-0.5345122912646426	-0.2884547048206696
Elmentaite_2021_Nature.A39_440C	normal_epithelial	normal	Epithelial cell	Elmentaite_2021_Nature	missing	missing	130	-0.2240643710587501	0.753258231060701	-0.8958220836565778	49.0	49.0	-0.4197420961996513	-0.5345122912646426	-0.2884547048206696
GarridoTrigo_2023_Nat_Commun.HC1	normal_epithelial	normal	Epithelial cell	GarridoTrigo_2023_Nat_Commun	missing	missing	22	-0.2329613102387445	-0.2136502249889426	0.0640018091321193	49.0	49.0	-0.4197420961996513	-0.5345122912646426	-0.2884547048206696
GarridoTrigo_2023_Nat_Commun.HC2	normal_epithelial	normal	Epithelial cell	GarridoTrigo_2023_Nat_Commun	missing	missing	85	-0.1621751745456769	0.0726434673674848	-0.2208625053836982	49.0	49.0	-0.4197420961996513	-0.5345122912646426	-0.2884547048206696
GarridoTrigo_2023_Nat_Commun.HC3	normal_epithelial	normal	Epithelial cell	GarridoTrigo_2023_Nat_Commun	missing	missing	107	-0.1674169032003846	-0.3929950656483912	0.2469721030481215	49.0	49.0	-0.3420190440158465	-0.4260742896526304	-0.2884547048206696
GarridoTrigo_2023_Nat_Commun.HC4	normal_epithelial	normal	Epithelial cell	GarridoTrigo_2023_Nat_Commun	missing	missing	107	-0.1974273582142247	-0.3545517878353434	0.1173451258259384	49.0	49.0	-0.4197420961996513	-0.5345122912646426	-0.2884547048206696
GarridoTrigo_2023_Nat_Commun.HC5	normal_epithelial	normal	Epithelial cell	GarridoTrigo_2023_Nat_Commun	missing	missing	97	-0.1970964603093464	-0.1352340943310299	-0.0734859384182642	49.0	49.0	-0.4197420961996513	-0.5345122912646426	-0.2884547048206696
GarridoTrigo_2023_Nat_Commun.HC6	normal_epithelial	normal	Epithelial cell	GarridoTrigo_2023_Nat_Commun	missing	missing	54	-0.1981282098791731	-0.1041112607689864	-0.0630361575353883	49.0	49.0	-0.4197420961996513	-0.5345122912646426	-0.2884547048206696
Giguelay_2022_Theranostics.P1	metastasis_cancer	metastasis	Cancer cell	Giguelay_2022_Theranostics	MSS	missing	111	0.0601132059852444	-0.0650312287177962	0.14243597522575	49.0	49.0	0.0307847475062953	-0.2567558740689686	-0.0700084021634661
Giguelay_2022_Theranostics.P2	metastasis_cancer	metastasis	Cancer cell	Giguelay_2022_Theranostics	MSS	missing	80	0.1532219769778322	0.0403955564753698	0.1197963814598017	49.0	49.0	0.0476055074175038	-0.2888025577047248	-0.2884547048206696
Giguelay_2022_Theranostics.P3	metastasis_cancer	metastasis	Cancer cell	Giguelay_2022_Theranostics	MSS	missing	59	0.1614914621288861	0.0003052269222877	0.1369226922766533	49.0	49.0	0.4229655989714481	0.0835065007917171	-0.1671729588302789
Giguelay_2022_Theranostics.P3	metastasis_epithelial	metastasis	Epithelial cell	Giguelay_2022_Theranostics	MSS	missing	7	0.1423133761684477	-0.1932404299259578	0.3513970747631942	49.0	49.0	0.3116401555300196	-0.0394093584691093	-0.2884547048206696
Giguelay_2022_Theranostics.P4	metastasis_cancer	metastasis	Cancer cell	Giguelay_2022_Theranostics	MSS	missing	228	0.1088840361517462	-0.0112520101935423	0.1180322830348005	49.0	49.0	0.0706885558559537	-0.2197333553877128	-0.1376041763165458
Giguelay_2022_Theranostics.P5	metastasis_cancer	metastasis	Cancer cell	Giguelay_2022_Theranostics	MSS	missing	2	0.1518621093000672	-0.0847176832937049	0.2365797925937722	49.0	49.0	-0.0168210825646481	0.0055306710156086	-0.0465858638348
Guo_2022_JCI_Insight.Left_CRC1	tumor_cancer	tumor	Cancer cell	Guo_2022_JCI_Insight	MSS	missing	29	-0.1009333729586934	-0.1317877509095755	0.0385664016439679	49.0	49.0	-0.4197420961996513	-0.5345122912646426	-0.2884547048206696
Guo_2022_JCI_Insight.Left_CRC2	tumor_cancer	tumor	Cancer cell	Guo_2022_JCI_Insight	MSS	CMS3	59	-0.0822584636390247	-0.0836311012388926	0.0238661942568865	49.0	49.0	-0.237193409922182	-0.108565356617214	-0.2884547048206696
Guo_2022_JCI_Insight.Left_CRC2	tumor_epithelial	tumor	Epithelial cell	Guo_2022_JCI_Insight	MSS	CMS3	3	0.0661542654805196	-0.8026537201793503	0.8273176388479511	49.0	49.0	-0.4197420961996513	-0.5345122912646426	-0.2884547048206696
Guo_2022_JCI_Insight.Left_CRC3	tumor_cancer	tumor	Cancer cell	Guo_2022_JCI_Insight	MSS	CMS4	8	-0.0219767182802378	0.1463410986711414	-0.212163181777281	49.0	49.0	-0.0666646475844575	0.2094517039582488	-0.2884547048206696
Guo_2022_JCI_Insight.Right_CRC1	tumor_cancer	tumor	Cancer cell	Guo_2022_JCI_Insight	MSS	CMS4	11	0.0285964896840711	-0.0403821835023191	0.003728235878274	49.0	49.0	-0.1567622393510654	-0.2156836629876148	-0.2884547048206696
Guo_2022_JCI_Insight.Right_CRC1	tumor_epithelial	tumor	Epithelial cell	Guo_2022_JCI_Insight	MSS	CMS4	8	-0.1355396626285819	-0.7313453499312079	0.628097071698702	49.0	49.0	-0.0922297175791159	0.2296832588499401	-0.2884547048206696
Guo_2022_JCI_Insight.Right_CRC2	tumor_cancer	tumor	Cancer cell	Guo_2022_JCI_Insight	MSS	missing	15	-0.0890267164578177	-0.0512837196272826	-0.1159395338374265	49.0	49.0	-0.2581686407871548	-0.2300628372995349	-0.146562863636082
Guo_2022_JCI_Insight.Right_CRC2	tumor_epithelial	tumor	Epithelial cell	Guo_2022_JCI_Insight	MSS	missing	1	-0.1806979203311269	-0.3216217613813621	0.1409238410502352	49.0	49.0	-0.1395518457605094	0.1192649597600218	-0.2884547048206696
Guo_2022_JCI_Insight.Right_CRC3	tumor_cancer	tumor	Cancer cell	Guo_2022_JCI_Insight	MSS	CMS3	59	0.1875337108368196	-0.1884826153574984	0.3192460308548309	49.0	49.0	0.3352272921148683	0.4644972224224304	-0.2884547048206696
Guo_2022_JCI_Insight.Right_CRC3	tumor_epithelial	tumor	Epithelial cell	Guo_2022_JCI_Insight	MSS	CMS3	54	-0.0641135539646575	-0.5028485118492335	0.3947731527843311	49.0	49.0	-0.0424932428212197	0.0847703008669047	-0.2884547048206696
Harmon_2023_Nat_Cancer.P2	tumor_cancer	tumor	Cancer cell	Harmon_2023_Nat_Cancer	missing	missing	6	0.0865081263608012	0.1025102300330632	-0.0250182619157586	49.0	49.0	0.1494898416562121	-0.1281628855820445	-0.2322967867529706
Harmon_2023_Nat_Cancer.P2	tumor_epithelial	tumor	Epithelial cell	Harmon_2023_Nat_Cancer	missing	missing	5	0.1218761109254804	-0.0036765500806328	0.1244072281110287	49.0	49.0	0.5947427874082928	-0.0421742124691272	0.1592238570193178
He_2020_Genome_Biol.donor_1	normal_epithelial	normal	Epithelial cell	He_2020_Genome_Biol	missing	missing	56	-0.0578755742944665	-0.1626651674985314	0.1351166591420873	49.0	49.0	-0.279611127197482	-0.3370893733125554	-0.2884547048206696
Huang_2024_Nat_Cancer.CRC1	tumor_cancer	tumor	Cancer cell	Huang_2024_Nat_Cancer	MSS	CMS4	3	-0.1042329903875846	-0.5446060256003156	0.4877896940388281	49.0	49.0	-0.4197420961996513	-0.5345122912646426	-0.2884547048206696
Huang_2024_Nat_Cancer.CRC2	normal_epithelial	normal	Epithelial cell	Huang_2024_Nat_Cancer	MSS	missing	1	0.0007100509318462	-0.5041016999936103	0.5048117509254566	49.0	49.0	-0.4197420961996513	-0.5345122912646426	-0.2884547048206696
Huang_2024_Nat_Cancer.CRC2	tumor_cancer	tumor	Cancer cell	Huang_2024_Nat_Cancer	MSS	CMS1	1	-0.1363438993728767	-0.2280718046770954	0.0917279053042187	49.0	49.0	-0.4197420961996513	-0.5345122912646426	-0.2884547048206696
James_2020_Nat_Immunol.298c	normal_epithelial	normal	Epithelial cell	James_2020_Nat_Immunol	missing	missing	3	-0.0176877731275173	0.240729368414203	-0.4494343984500457	49.0	49.0	0.0445016888136425	0.54872320709971	-0.2884547048206696
James_2020_Nat_Immunol.390c	normal_epithelial	normal	Epithelial cell	James_2020_Nat_Immunol	missing	missing	53	-0.2249315904810254	0.5552165033307044	-0.7423278895988344	49.0	49.0	-0.4197420961996513	-0.5345122912646426	-0.2884547048206696
James_2020_Nat_Immunol.417c	normal_epithelial	normal	Epithelial cell	James_2020_Nat_Immunol	missing	missing	202	-0.2021403238606318	0.210079294833834	-0.3914716400953663	49.0	49.0	-0.4197420961996513	-0.5345122912646426	-0.2884547048206696
Ji_2024_Cancer_Lett.rectum_03	metastasis_cancer	metastasis	Cancer cell	Ji_2024_Cancer_Lett	MSS	missing	443	0.0043578024282167	-0.5941693443248697	0.591085508158973	49.0	49.0	-0.0248861826994697	-0.0702669349156366	-0.2884547048206696
Ji_2024_Cancer_Lett.rectum_03	metastasis_epithelial	metastasis	Epithelial cell	Ji_2024_Cancer_Lett	MSS	missing	217	-0.1890031199205799	-0.7957192669882891	0.5897562648267313	49.0	49.0	-0.4197420961996513	-0.5345122912646426	-0.2884547048206696
Ji_2024_Cancer_Lett.rectum_03	normal_epithelial	normal	Epithelial cell	Ji_2024_Cancer_Lett	MSS	missing	191	-0.2376225339707318	-0.201715667578939	-0.03815239663237	49.0	49.0	-0.4197420961996513	-0.5345122912646426	-0.2884547048206696
Ji_2024_Cancer_Lett.rectum_03	tumor_cancer	tumor	Cancer cell	Ji_2024_Cancer_Lett	MSS	CMS4	229	-0.0951940706123217	-0.6523557953423529	0.547872310471487	49.0	49.0	-0.1773076257108703	-0.5345122912646426	0.1740582152871203
Ji_2024_Cancer_Lett.rectum_03	tumor_epithelial	tumor	Epithelial cell	Ji_2024_Cancer_Lett	MSS	CMS4	41	-0.1114852177184676	-0.8638269045697619	0.7237689749605495	49.0	49.0	-0.4197420961996513	-0.5345122912646426	-0.2884547048206696
Ji_2024_Cancer_Lett.sigmoid_03	normal_epithelial	normal	Epithelial cell	Ji_2024_Cancer_Lett	MSS	missing	75	-0.2113812782490657	-0.4248016851480682	0.2322610767737731	49.0	49.0	-0.4197420961996513	-0.5345122912646426	-0.2884547048206696
Ji_2024_Cancer_Lett.sigmoid_03	tumor_cancer	tumor	Cancer cell	Ji_2024_Cancer_Lett	MSS	CMS3	133	0.1208187916427966	-0.4135207857884327	0.5129812286348062	49.0	49.0	-0.1302520402671396	-0.5345122912646426	-0.2884547048206696
Ji_2024_Cancer_Lett.sigmoid_03	tumor_epithelial	tumor	Epithelial cell	Ji_2024_Cancer_Lett	MSS	CMS3	21	-0.1261102244686353	-0.8568779483457283	0.6781918817950597	49.0	49.0	-0.4197420961996513	-0.5345122912646426	-0.2884547048206696
Ji_2024_PLoS_Genet.WHU1	tumor_cancer	tumor	Cancer cell	Ji_2024_PLoS_Genet	missing	missing	76	0.131304059411167	0.0140149424773898	0.100712945701727	49.0	49.0	0.0248883886045162	0.0219349007512302	0.4261180788803075
Ji_2024_PLoS_Genet.WHU1	tumor_epithelial	tumor	Epithelial cell	Ji_2024_PLoS_Genet	missing	missing	3	-0.0650502105844071	0.087740606183708	0.0629899251578147	49.0	49.0	0.3413799297993521	0.9739423183128132	-0.2884547048206696
Ji_2024_PLoS_Genet.WHU2	tumor_cancer	tumor	Cancer cell	Ji_2024_PLoS_Genet	missing	missing	157	0.0089471197155259	0.0561051516652289	-0.0440640899711625	49.0	49.0	-0.0972940249484141	-0.2738634179128152	-0.0945659096771353
Ji_2024_PLoS_Genet.WHU3	tumor_cancer	tumor	Cancer cell	Ji_2024_PLoS_Genet	missing	missing	74	-0.1738724315385932	0.1809072186893173	-0.3264440751497757	49.0	49.0	-0.4197420961996513	-0.5345122912646426	-0.2884547048206696
Ji_2024_PLoS_Genet.WHU3	tumor_epithelial	tumor	Epithelial cell	Ji_2024_PLoS_Genet	missing	missing	1	-0.3327187774725345	-0.5719320850339704	0.2392133075614358	49.0	49.0	-0.4197420961996513	-0.5345122912646426	-0.2884547048206696
Joanito_2022_Nat_Genet.CRC2783	normal_epithelial	normal	Epithelial cell	Joanito_2022_Nat_Genet	MSI-H	missing	7	0.1477552933176812	0.7792331939171769	-0.6301405749006775	49.0	49.0	0.0660156494140629	0.5989224485006907	-0.0744965059328364
Joanito_2022_Nat_Genet.CRC2783	tumor_cancer	tumor	Cancer cell	Joanito_2022_Nat_Genet	MSI-H	CMS4	34	-0.0018730606863983	0.1882451536107185	-0.2022462200926074	49.0	49.0	-0.0416412064186634	0.117892873444872	-0.068216689434651
Joanito_2022_Nat_Genet.CRC2783	tumor_epithelial	tumor	Epithelial cell	Joanito_2022_Nat_Genet	MSI-H	CMS4	1	-0.1523202978874268	0.0249276722796657	-0.1772479701670924	49.0	49.0	-0.1141686555518569	0.178492403580211	-0.2884547048206696
Joanito_2022_Nat_Genet.CRC2786	normal_epithelial	normal	Epithelial cell	Joanito_2022_Nat_Genet	MSS	missing	1	0.0740467070653848	0.0782074735788725	-0.0041607665134877	49.0	49.0	-0.4197420961996513	-0.5345122912646426	-0.2884547048206696
Joanito_2022_Nat_Genet.CRC2786	tumor_cancer	tumor	Cancer cell	Joanito_2022_Nat_Genet	MSS	CMS4	46	0.2878177439243358	0.1743367263422029	0.1053061757804882	49.0	49.0	0.2897790275218401	0.5602220704882691	-0.1417236389287801
Joanito_2022_Nat_Genet.CRC2786	tumor_epithelial	tumor	Epithelial cell	Joanito_2022_Nat_Genet	MSS	CMS4	1	-0.1912696589379822	0.179950491405207	-0.3712201503431893	49.0	49.0	-0.2139877361655468	-0.0544187845183985	0.6115290431868032
Joanito_2022_Nat_Genet.CRC2787	tumor_cancer	tumor	Cancer cell	Joanito_2022_Nat_Genet	MSS	CMS3	34	0.1609240459602455	0.2696697332823155	-0.1199931206835009	49.0	49.0	0.0638618463738221	0.2362464392810964	-0.0520511351043557
Joanito_2022_Nat_Genet.CRC2787	tumor_epithelial	tumor	Epithelial cell	Joanito_2022_Nat_Genet	MSS	CMS3	3	0.1035979077831933	0.1466843179558972	-0.1769834368979732	49.0	49.0	0.2960769748943118	0.8152048417603726	-0.0721125108682892
Joanito_2022_Nat_Genet.CRC2794	normal_epithelial	normal	Epithelial cell	Joanito_2022_Nat_Genet	MSS	missing	2	-0.2102661091033531	0.3915416632870761	-0.6018077723904293	49.0	49.0	-0.4197420961996513	-0.5345122912646426	-0.2884547048206696
Joanito_2022_Nat_Genet.CRC2794	tumor_cancer	tumor	Cancer cell	Joanito_2022_Nat_Genet	MSS	CMS4	18	0.3475889036406873	0.3147446162395813	0.0351146595416353	49.0	49.0	0.3667840659644996	0.1675665509539447	-0.1761502427462525
Joanito_2022_Nat_Genet.CRC2794	tumor_epithelial	tumor	Epithelial cell	Joanito_2022_Nat_Genet	MSS	CMS4	2	-0.0687829302288022	0.0556909998779842	-0.1244739301067865	49.0	49.0	-0.0135461585213978	0.0638221597838435	-0.1512487805972951
Joanito_2022_Nat_Genet.CRC2795	tumor_cancer	tumor	Cancer cell	Joanito_2022_Nat_Genet	MSS	CMS4	33	0.2337675195343919	0.323407394611741	-0.0618824668775755	49.0	49.0	0.0962061014156954	0.2385097726828724	-0.1367996266752309
Joanito_2022_Nat_Genet.CRC2795	tumor_epithelial	tumor	Epithelial cell	Joanito_2022_Nat_Genet	MSS	CMS4	3	-0.1254775795053918	0.0134266709893293	-0.1671467404147931	49.0	49.0	-0.4197420961996513	-0.5345122912646426	-0.2884547048206696
Joanito_2022_Nat_Genet.CRC2801	normal_epithelial	normal	Epithelial cell	Joanito_2022_Nat_Genet	MSS	missing	8	-0.030886235062908	0.6343508089157459	-0.7580635159374984	49.0	49.0	-0.1211729925864863	-0.0375488474230435	-0.2496271928984918
Joanito_2022_Nat_Genet.CRC2801	tumor_cancer	tumor	Cancer cell	Joanito_2022_Nat_Genet	MSS	CMS4	10	0.3383572819334258	0.2459168597425045	-0.0147782949634825	49.0	49.0	-0.0061153145164612	-0.03944917522557	-0.1923189359250495
Joanito_2022_Nat_Genet.CRC2803	normal_epithelial	normal	Epithelial cell	Joanito_2022_Nat_Genet	MSS	missing	6	-0.0930863682956097	0.7226596870370607	-0.7708513895033189	49.0	49.0	-0.2024559651548496	-0.0275113188267718	-0.1488016549903044
Joanito_2022_Nat_Genet.CRC2803	tumor_cancer	tumor	Cancer cell	Joanito_2022_Nat_Genet	MSS	CMS4	74	0.3749343855599764	0.3176520982087873	0.0432974935891639	49.0	49.0	0.0312691186671386	-0.1685285401179334	-0.0581703619309651
Joanito_2022_Nat_Genet.CRC2810	normal_epithelial	normal	Epithelial cell	Joanito_2022_Nat_Genet	MSS	missing	16	-0.0504966147379483	0.6447456845958897	-0.6952422993338381	49.0	49.0	-0.1156618009521264	0.1750083976462488	0.2872596015272767
Joanito_2022_Nat_Genet.CRC2810	tumor_cancer	tumor	Cancer cell	Joanito_2022_Nat_Genet	MSS	CMS4	13	0.0712236343840003	0.6114123121729598	-0.4890731966887318	49.0	49.0	0.0659142669346573	-0.0949751814304171	-0.169682952990084
Joanito_2022_Nat_Genet.CRC2811	normal_epithelial	normal	Epithelial cell	Joanito_2022_Nat_Genet	MSS	missing	3	-0.0514749766117243	0.9004944166044437	-0.951969393216168	49.0	49.0	-0.2379155303830984	-0.1102503043593523	-0.172417261205936
Joanito_2022_Nat_Genet.CRC2811	tumor_cancer	tumor	Cancer cell	Joanito_2022_Nat_Genet	MSS	CMS4	70	0.1862759617917722	0.2201097702242795	-0.0233110959596505	49.0	49.0	-0.0823595158649206	-0.2212383604766583	0.1564886807475311
Joanito_2022_Nat_Genet.CRC2816	normal_epithelial	normal	Epithelial cell	Joanito_2022_Nat_Genet	MSS	missing	4	-0.023687326671028	1.0317311327770586	-1.0554184594480869	49.0	49.0	-0.1237620266692033	0.1561078709730695	-0.2043431806795674
Joanito_2022_Nat_Genet.CRC2816	tumor_cancer	tumor	Cancer cell	Joanito_2022_Nat_Genet	MSS	CMS4	60	0.1187720902674616	0.454077091910316	-0.2584148656305139	49.0	49.0	0.0520737590175451	0.0735246976966461	-0.1536813618009787
Joanito_2022_Nat_Genet.CRC2816	tumor_epithelial	tumor	Epithelial cell	Joanito_2022_Nat_Genet	MSS	CMS4	1	-0.0863597485840691	-0.576893548756325	0.4905338001722559	49.0	49.0	0.013172889282748	0.4756226748609561	0.7363948841753433
Joanito_2022_Nat_Genet.CRC2817	normal_epithelial	normal	Epithelial cell	Joanito_2022_Nat_Genet	MSI-H	missing	5	-0.0166554475717924	0.6474420463001465	-0.664097493871939	49.0	49.0	0.0816864485708523	0.3835126685103855	0.0415280358180307
Joanito_2022_Nat_Genet.CRC2817	tumor_cancer	tumor	Cancer cell	Joanito_2022_Nat_Genet	MSI-H	CMS3	68	0.0178817413497533	0.1857628014515429	-0.1665862463919419	49.0	49.0	-0.2656367345729086	-0.2050011052994075	-0.1209876603010789
Joanito_2022_Nat_Genet.CRC2817	tumor_epithelial	tumor	Epithelial cell	Joanito_2022_Nat_Genet	MSI-H	CMS1	2	-0.0985472991497111	0.1427845896284764	-0.2413318887781875	49.0	49.0	-0.2721235834735302	-0.3705138481028606	-0.2884547048206696
Joanito_2022_Nat_Genet.CRC2821	tumor_cancer	tumor	Cancer cell	Joanito_2022_Nat_Genet	MSS	CMS1	67	0.0264859883604438	0.2610674381110386	-0.1999159914763439	49.0	49.0	-0.2978149699058385	-0.2860475679669669	-0.1549979537376236
Joanito_2022_Nat_Genet.CRC2821	tumor_epithelial	tumor	Epithelial cell	Joanito_2022_Nat_Genet	MSS	CMS1	2	-0.0220109434908306	0.2638834250276393	-0.28589436851847	49.0	49.0	-0.2290701000267161	-0.0896109668611271	-0.0755504196976467
Joanito_2022_Nat_Genet.CRC2841	normal_epithelial	normal	Epithelial cell	Joanito_2022_Nat_Genet	MSS	missing	45	-0.0097219361558345	0.7893941820050907	-0.822625661643712	49.0	49.0	-0.0130670052419192	0.2194028388964184	0.0011566202327617
Joanito_2022_Nat_Genet.CRC2841	tumor_cancer	tumor	Cancer cell	Joanito_2022_Nat_Genet	MSS	CMS4	84	0.1003295613997719	0.3884509151229476	-0.2450267713633143	49.0	49.0	0.0025983003109776	-0.0249395545897178	-0.1657386048570842
Joanito_2022_Nat_Genet.CRC2841	tumor_epithelial	tumor	Epithelial cell	Joanito_2022_Nat_Genet	MSS	CMS4	3	-0.0702657166314035	0.208037104502794	-0.2783028211341976	49.0	49.0	-0.2824208528092479	-0.5345122912646426	-0.1102831166115324
Joanito_2022_Nat_Genet.CRC2899	normal_epithelial	normal	Epithelial cell	Joanito_2022_Nat_Genet	MSS	missing	13	0.0334998469167494	0.4555796493199727	-0.4043019667737418	49.0	49.0	0.3386121506953804	1.1334408318856497	0.4302662630931212
Joanito_2022_Nat_Genet.CRC2899	tumor_cancer	tumor	Cancer cell	Joanito_2022_Nat_Genet	MSS	CMS4	84	0.3667155370541354	0.2761273722529884	0.1277465298744944	49.0	49.0	0.1141098549143266	0.2320102629844444	0.0381661211072612
Joanito_2022_Nat_Genet.CRC2899	tumor_epithelial	tumor	Epithelial cell	Joanito_2022_Nat_Genet	MSS	CMS4	5	-0.0040202504679922	0.0622715977327011	-0.0662918482006934	49.0	49.0	-0.2887408421726866	-0.5345122912646426	0.2635975758941513
Joanito_2022_Nat_Genet.CRC_JSC_S02	tumor_cancer	tumor	Cancer cell	Joanito_2022_Nat_Genet	MSI-H	CMS3	52	0.2929160547661043	0.3660321154035364	-0.0496690218288867	49.0	49.0	0.6090179786785174	1.5902364930864366	-0.1393556376081721
Joanito_2022_Nat_Genet.CRC_JSC_S02	tumor_epithelial	tumor	Epithelial cell	Joanito_2022_Nat_Genet	MSI-H	missing	1	-0.0886758005274853	0.20305303644877	-0.2917288369762554	49.0	49.0	-0.4197420961996513	-0.5345122912646426	0.0008420442886123
Joanito_2022_Nat_Genet.CRC_JSC_S03	tumor_cancer	tumor	Cancer cell	Joanito_2022_Nat_Genet	MSI-H	CMS4	7	0.0661184538953362	0.4240796631134617	-0.3579612092181254	49.0	49.0	-0.0004661388079946	0.3273054662292226	0.0178935437370497
Joanito_2022_Nat_Genet.CRC_JSC_S03	tumor_epithelial	tumor	Epithelial cell	Joanito_2022_Nat_Genet	MSI-H	CMS4	3	-0.1120516854754323	0.1767579928734625	-0.2346660809760513	49.0	49.0	-0.0519516017599817	0.004240942255066	-0.2884547048206696
Joanito_2022_Nat_Genet.CRC_JSC_S04	tumor_cancer	tumor	Cancer cell	Joanito_2022_Nat_Genet	MSS	CMS4	13	0.2136864872294245	0.5214935114134402	-0.192182742052493	49.0	49.0	0.2569678649339093	0.2768270784321145	-0.0981945622733825
Joanito_2022_Nat_Genet.CRC_JSC_S05	tumor_cancer	tumor	Cancer cell	Joanito_2022_Nat_Genet	MSI-H	CMS3	132	0.189421116119667	0.2448655600114379	-0.0471835395717001	49.0	49.0	0.1186082185849418	0.2218627304532499	-0.0808146305936834
Joanito_2022_Nat_Genet.CRC_JSC_S05	tumor_epithelial	tumor	Epithelial cell	Joanito_2022_Nat_Genet	MSI-H	CMS3	7	0.0688742300226482	-0.0595478291868821	0.1018868460380167	49.0	49.0	0.1302525119825247	0.445827725199101	-0.2884547048206696
Joanito_2022_Nat_Genet.CRC_JSC_S06	tumor_cancer	tumor	Cancer cell	Joanito_2022_Nat_Genet	MSS	CMS2	48	0.3584952353883663	0.3022501217439076	0.0492515388976992	49.0	49.0	0.5387599783281207	0.3036612239120345	0.0898877815215799
Joanito_2022_Nat_Genet.CRC_JSC_S07	tumor_cancer	tumor	Cancer cell	Joanito_2022_Nat_Genet	MSS	CMS2	39	0.4721896479029872	0.2994263526240036	0.2108459708472789	49.0	49.0	0.7140576139420053	0.8808082602055011	-0.1322868997954956
Joanito_2022_Nat_Genet.CRC_JSC_S07	tumor_epithelial	tumor	Epithelial cell	Joanito_2022_Nat_Genet	MSS	CMS2	1	-0.0737736417295591	0.0459762201937784	-0.1197498619233375	49.0	49.0	0.0010646789635178	0.4473701841160856	-0.2884547048206696
Joanito_2022_Nat_Genet.CRC_JSC_S08	tumor_cancer	tumor	Cancer cell	Joanito_2022_Nat_Genet	MSS	CMS2	35	0.4872563381603484	0.4354278080020179	0.1063164061222638	49.0	49.0	0.7739558570714609	0.6737272615163645	-0.1455524228475578
Joanito_2022_Nat_Genet.CRC_JSC_S08	tumor_epithelial	tumor	Epithelial cell	Joanito_2022_Nat_Genet	MSS	CMS2	3	0.0417375326483412	0.1931665322521835	-0.1514289996038423	49.0	49.0	0.126006504582968	0.4109787298298538	-0.2884547048206696
Joanito_2022_Nat_Genet.CRC_JSC_S10	tumor_cancer	tumor	Cancer cell	Joanito_2022_Nat_Genet	MSS	CMS3	108	0.3421340514676129	0.4167806177573401	-0.0852346332409884	49.0	49.0	0.2011896519003731	0.4190326647614244	0.4767960623980304
Joanito_2022_Nat_Genet.CRC_JSC_S12	tumor_cancer	tumor	Cancer cell	Joanito_2022_Nat_Genet	MSS	CMS4	21	0.2427801576677534	0.3379820422676474	-0.1096563935951804	49.0	49.0	0.3141549360124136	0.1191296108552862	-0.0357304621858818
Joanito_2022_Nat_Genet.CRC_JSC_S13	tumor_cancer	tumor	Cancer cell	Joanito_2022_Nat_Genet	MSS	CMS2	26	0.2396786511229772	0.1973132368809211	-0.0056736245011049	49.0	49.0	0.1863476301516378	0.0977279869319824	0.002736179583337
Joanito_2022_Nat_Genet.CRC_JSC_S14	tumor_cancer	tumor	Cancer cell	Joanito_2022_Nat_Genet	MSS	CMS2	16	0.437465478694116	0.2447441328668981	0.3028078638631528	49.0	49.0	0.538451578026758	0.1881019933849299	1.4435345635914434
Joanito_2022_Nat_Genet.CRC_JSC_S15	tumor_cancer	tumor	Cancer cell	Joanito_2022_Nat_Genet	MSS	CMS4	7	0.6675122059240691	-0.0184698302664957	0.7730843576066985	49.0	49.0	0.5892478524195351	0.4675204667138267	0.7359804674219728
Joanito_2022_Nat_Genet.CRC_JSC_S15	tumor_epithelial	tumor	Epithelial cell	Joanito_2022_Nat_Genet	MSS	CMS4	1	-0.2307766062972266	-0.1292299928182683	-0.1015466134789583	49.0	49.0	-0.4197420961996513	-0.5345122912646426	-0.0806589816986344
Joanito_2022_Nat_Genet.SC035	normal_epithelial	normal	Epithelial cell	Joanito_2022_Nat_Genet	MSI-H	missing	1	0.02210867470433	0.6685556180252125	-0.6464469433208825	49.0	49.0	-0.4197420961996513	-0.5345122912646426	-0.2884547048206696
Joanito_2022_Nat_Genet.SC035	tumor_cancer	tumor	Cancer cell	Joanito_2022_Nat_Genet	MSI-H	CMS1	63	0.0560761473316515	0.3958638368399697	-0.3288365207341772	49.0	49.0	-0.0416854538855079	-0.0028186658389138	0.1151380967231439
Joanito_2022_Nat_Genet.SC040	normal_epithelial	normal	Epithelial cell	Joanito_2022_Nat_Genet	MSS	missing	1	-0.1701360034658616	-0.4960732265230661	0.3259372230572044	49.0	49.0	-0.0134152997151355	0.4135835671992276	-0.2884547048206696
Joanito_2022_Nat_Genet.SC040	tumor_cancer	tumor	Cancer cell	Joanito_2022_Nat_Genet	MSS	CMS4	42	0.4669252931033125	0.2644475073031495	0.1128734395109732	49.0	49.0	0.4647182107193057	0.8613130245659046	-0.0679482005157823
Joanito_2022_Nat_Genet.SC040	tumor_epithelial	tumor	Epithelial cell	Joanito_2022_Nat_Genet	MSS	CMS4	11	0.0453757657809822	-0.0187540290854626	0.1139605722315752	49.0	49.0	8.220279259218183e-06	0.1872845666089113	-0.2884547048206696
Joanito_2022_Nat_Genet.SC041	normal_epithelial	normal	Epithelial cell	Joanito_2022_Nat_Genet	MSS	missing	1	-0.1850833674963276	1.1460950676075283	-1.331178435103856	49.0	49.0	-0.4197420961996513	-0.5345122912646426	-0.2884547048206696
Joanito_2022_Nat_Genet.SC041	tumor_cancer	tumor	Cancer cell	Joanito_2022_Nat_Genet	MSS	CMS3	12	0.06649053091495	0.3822623533812599	-0.2975932429609303	49.0	49.0	-0.2334355011894321	-0.1462777167045354	-0.2884547048206696
Joanito_2022_Nat_Genet.SC043	normal_epithelial	normal	Epithelial cell	Joanito_2022_Nat_Genet	MSS	missing	3	-0.0465265292192434	0.8165125210868298	-0.8704246911697984	49.0	49.0	-0.4197420961996513	-0.5345122912646426	0.0644020737332911
Joanito_2022_Nat_Genet.SC043	tumor_cancer	tumor	Cancer cell	Joanito_2022_Nat_Genet	MSS	CMS4	32	0.1678975527842236	0.2542131608074653	-0.03807308257899	49.0	49.0	0.2757480774159739	0.0553446433895666	-0.2884547048206696
Joanito_2022_Nat_Genet.SC044	tumor_cancer	tumor	Cancer cell	Joanito_2022_Nat_Genet	MSI-H	missing	25	0.0908343009641704	0.1050334494657338	-0.0817191356289436	49.0	49.0	-0.0053560423815203	-0.1627606575510394	0.524540063263945
Khaliq_2022_Genome_Biol.CAC1	tumor_cancer	tumor	Cancer cell	Khaliq_2022_Genome_Biol	MSS	CMS3	89	0.234012156588207	-0.2051547014255273	0.3934981923193091	49.0	49.0	0.1825445318144072	0.0377938100662365	-0.2884547048206696
Khaliq_2022_Genome_Biol.CAC10	normal_epithelial	normal	Epithelial cell	Khaliq_2022_Genome_Biol	MSS	missing	21	-0.1608617061693729	-0.1349250710057487	0.0861066001729369	49.0	49.0	-0.4197420961996513	-0.5345122912646426	-0.2884547048206696
Khaliq_2022_Genome_Biol.CAC10	tumor_cancer	tumor	Cancer cell	Khaliq_2022_Genome_Biol	MSS	missing	4	-0.1968287442489285	-0.2470548723576536	0.0849989592619137	49.0	49.0	-0.4197420961996513	-0.5345122912646426	-0.2884547048206696
Khaliq_2022_Genome_Biol.CAC10	tumor_epithelial	tumor	Epithelial cell	Khaliq_2022_Genome_Biol	MSS	missing	8	-0.1722670028628438	-0.2194791601113644	0.1708174026002503	49.0	49.0	-0.2384171353475587	-0.2843673694335731	-0.2884547048206696
Khaliq_2022_Genome_Biol.CAC11	normal_epithelial	normal	Epithelial cell	Khaliq_2022_Genome_Biol	MSS	missing	22	-0.0850065956977055	-0.3040709577296384	0.2430466076299854	49.0	49.0	-0.3108563092762106	-0.5345122912646426	-0.2884547048206696
Khaliq_2022_Genome_Biol.CAC11	tumor_cancer	tumor	Cancer cell	Khaliq_2022_Genome_Biol	MSS	CMS3	44	0.1852287579989051	0.0056142470353779	0.2667756087370089	49.0	49.0	-0.1214575395555304	-0.0928724274518685	-0.1322799203624499
Khaliq_2022_Genome_Biol.CAC11	tumor_epithelial	tumor	Epithelial cell	Khaliq_2022_Genome_Biol	MSS	CMS3	12	-0.1294360657114496	-0.2104384901435257	0.0860650387752357	49.0	49.0	-0.0864849012266214	-0.2396075232485882	-0.2884547048206696
Khaliq_2022_Genome_Biol.CAC12	tumor_cancer	tumor	Cancer cell	Khaliq_2022_Genome_Biol	MSI-H	missing	25	-0.0037104856083394	-0.2190561801615726	0.2067649452768933	49.0	49.0	0.030646412348756	0.285302303642563	-0.2884547048206696
Khaliq_2022_Genome_Biol.CAC12	tumor_epithelial	tumor	Epithelial cell	Khaliq_2022_Genome_Biol	MSI-H	missing	5	-0.2656303265662034	-0.500371604301535	0.3539209725983303	49.0	49.0	-0.4197420961996513	-0.5345122912646426	-0.2884547048206696
Khaliq_2022_Genome_Biol.CAC13	tumor_cancer	tumor	Cancer cell	Khaliq_2022_Genome_Biol	MSS	missing	3	0.0480111511781659	-0.4543450481732168	0.5449283715278352	49.0	49.0	-0.4197420961996513	-0.5345122912646426	-0.2884547048206696
Khaliq_2022_Genome_Biol.CAC13	tumor_epithelial	tumor	Epithelial cell	Khaliq_2022_Genome_Biol	MSS	missing	2	-0.197761190358067	-0.099435285980535	-0.0983259043775319	49.0	49.0	-0.1273116342225365	-0.159527449123689	-0.2884547048206696
Khaliq_2022_Genome_Biol.CAC14	normal_epithelial	normal	Epithelial cell	Khaliq_2022_Genome_Biol	MSS	missing	8	-0.3108280083485646	-0.1397987512002812	-0.1710292571482833	49.0	49.0	-0.4197420961996513	-0.5345122912646426	-0.2884547048206696
Khaliq_2022_Genome_Biol.CAC14	tumor_cancer	tumor	Cancer cell	Khaliq_2022_Genome_Biol	MSS	missing	52	0.1011322145862528	-0.4729583217571672	0.5795574271279487	49.0	49.0	-0.3504244606885932	-0.5345122912646426	-0.2884547048206696
Khaliq_2022_Genome_Biol.CAC14	tumor_epithelial	tumor	Epithelial cell	Khaliq_2022_Genome_Biol	MSS	missing	17	-0.0405134165374914	-0.4638868177364494	0.4728066946308566	49.0	49.0	-0.4197420961996513	-0.5345122912646426	-0.2884547048206696
Khaliq_2022_Genome_Biol.CAC15	normal_epithelial	normal	Epithelial cell	Khaliq_2022_Genome_Biol	MSS	missing	31	-0.2690868222555062	-0.2277258215953937	-0.0327548689630015	49.0	49.0	-0.4197420961996513	-0.5345122912646426	-0.2884547048206696
Khaliq_2022_Genome_Biol.CAC15	tumor_cancer	tumor	Cancer cell	Khaliq_2022_Genome_Biol	MSS	missing	3	-0.243349982600874	0.1491990044201439	-0.3925489870210179	49.0	49.0	-0.4197420961996513	-0.5345122912646426	-0.2884547048206696
Khaliq_2022_Genome_Biol.CAC15	tumor_epithelial	tumor	Epithelial cell	Khaliq_2022_Genome_Biol	MSS	missing	5	-0.2667910346499191	-0.4860062838717595	0.2723973306734976	49.0	49.0	-0.4197420961996513	-0.5345122912646426	-0.2884547048206696
Khaliq_2022_Genome_Biol.CAC16	tumor_cancer	tumor	Cancer cell	Khaliq_2022_Genome_Biol	MSS	missing	4	0.1692790293688038	-0.2991709815037587	0.497274082202171	49.0	49.0	0.0380438176836551	-0.5345122912646426	-0.2273754177629363
Khaliq_2022_Genome_Biol.CAC16	tumor_epithelial	tumor	Epithelial cell	Khaliq_2022_Genome_Biol	MSS	missing	3	-0.2629895321841835	-0.6024059831466956	0.3942503318461391	49.0	49.0	-0.4197420961996513	-0.5345122912646426	-0.2884547048206696
Khaliq_2022_Genome_Biol.CAC2	tumor_cancer	tumor	Cancer cell	Khaliq_2022_Genome_Biol	MSS	CMS3	50	0.0702078310357603	-0.2962908834863316	0.3803980109993706	49.0	49.0	-0.014260393345617	-0.0324924889662452	-0.2884547048206696
Khaliq_2022_Genome_Biol.CAC2	tumor_epithelial	tumor	Epithelial cell	Khaliq_2022_Genome_Biol	MSS	CMS3	3	-0.1564984575580418	-0.4495496328152413	0.3827274602845924	49.0	49.0	-0.0424593232857192	-0.5345122912646426	-0.2884547048206696
Khaliq_2022_Genome_Biol.CAC3	tumor_cancer	tumor	Cancer cell	Khaliq_2022_Genome_Biol	MSS	CMS2	31	0.2189009445220263	-0.0046690166726146	0.1957101353079054	49.0	49.0	0.2075806417753152	-0.1312836061085615	-0.2884547048206696
Khaliq_2022_Genome_Biol.CAC4	normal_epithelial	normal	Epithelial cell	Khaliq_2022_Genome_Biol	MSS	missing	30	-0.1224066728578145	-0.3315050271794763	0.1741900761595216	49.0	49.0	-0.4197420961996513	-0.5345122912646426	-0.2884547048206696
Khaliq_2022_Genome_Biol.CAC4	tumor_cancer	tumor	Cancer cell	Khaliq_2022_Genome_Biol	MSS	missing	4	0.0283159615599151	-0.4337678207834235	0.4620837823433386	49.0	49.0	-0.4197420961996513	-0.5345122912646426	-0.2884547048206696
Khaliq_2022_Genome_Biol.CAC4	tumor_epithelial	tumor	Epithelial cell	Khaliq_2022_Genome_Biol	MSS	missing	1	-0.3327187774725345	-0.5830886642516481	0.2503698867791135	49.0	49.0	0.1747939766630035	0.8527385454148857	-0.2884547048206696
Khaliq_2022_Genome_Biol.CAC5	tumor_epithelial	tumor	Epithelial cell	Khaliq_2022_Genome_Biol	MSS	missing	1	-0.042974342125516	-0.0862457260561302	0.0432713839306142	49.0	49.0	-0.0771287344010107	-0.5345122912646426	-0.2884547048206696
Khaliq_2022_Genome_Biol.CAC6	normal_epithelial	normal	Epithelial cell	Khaliq_2022_Genome_Biol	MSS	missing	12	-0.1533893096811246	-0.4110677804539747	0.3264097218124525	49.0	49.0	-0.4197420961996513	-0.5345122912646426	-0.2884547048206696
Khaliq_2022_Genome_Biol.CAC6	tumor_cancer	tumor	Cancer cell	Khaliq_2022_Genome_Biol	MSS	missing	3	0.2537550164991204	0.102031917357046	0.0639883691348454	49.0	49.0	0.2206362812376349	0.9597039227556922	0.1925261154739176
Khaliq_2022_Genome_Biol.CAC6	tumor_epithelial	tumor	Epithelial cell	Khaliq_2022_Genome_Biol	MSS	missing	2	-0.2074734428143607	-0.1732753007517722	-0.0341981420625885	49.0	49.0	-0.4197420961996513	-0.5345122912646426	-0.2884547048206696
Khaliq_2022_Genome_Biol.CAC7	normal_epithelial	normal	Epithelial cell	Khaliq_2022_Genome_Biol	MSI-H	missing	27	-0.0617445268559054	-0.3479163361637412	0.1296232476647705	49.0	49.0	0.0951464400204299	0.6121249907547361	-0.2884547048206696
Khaliq_2022_Genome_Biol.CAC7	tumor_cancer	tumor	Cancer cell	Khaliq_2022_Genome_Biol	MSI-H	CMS3	62	-0.1651315336613959	-0.5652744784404437	0.4070337599050703	49.0	49.0	-0.4197420961996513	-0.5345122912646426	-0.2884547048206696
Khaliq_2022_Genome_Biol.CAC7	tumor_epithelial	tumor	Epithelial cell	Khaliq_2022_Genome_Biol	MSI-H	CMS3	2	-0.1786660813871535	-0.1369427690953948	-0.0417233122917586	49.0	49.0	-0.3135847153082296	-0.2868117358513251	-0.2207348136278647
Khaliq_2022_Genome_Biol.CAC8	tumor_cancer	tumor	Cancer cell	Khaliq_2022_Genome_Biol	MSS	CMS2	14	0.1021983866741381	-0.2134305866043695	0.3341687707224544	49.0	49.0	-0.0683480929282203	-0.5345122912646426	-0.0726023308390812
Khaliq_2022_Genome_Biol.CAC8	tumor_epithelial	tumor	Epithelial cell	Khaliq_2022_Genome_Biol	MSS	CMS2	4	-0.1241012839877738	-0.3850556068937253	0.2430319447000661	49.0	49.0	-0.3297395661225243	-0.5345122912646426	-0.2884547048206696
Khaliq_2022_Genome_Biol.CAC9	tumor_cancer	tumor	Cancer cell	Khaliq_2022_Genome_Biol	MSS	missing	12	0.296194619582603	-0.2209824603865354	0.537172750914108	49.0	49.0	0.6593098732252678	0.8783932448749692	-0.2884547048206696
Khaliq_2022_Genome_Biol.CAC9	tumor_epithelial	tumor	Epithelial cell	Khaliq_2022_Genome_Biol	MSS	missing	2	-0.0196015663782996	-0.2245635939251739	0.2049620275468742	49.0	49.0	0.2973636755898448	-0.3845855502719406	-0.1992863772962755
Kong_2023_Immunity.H106265	normal_epithelial	normal	Epithelial cell	Kong_2023_Immunity	missing	missing	33	-0.2016458558095096	-0.0306150838882258	-0.1436380753686235	49.0	49.0	-0.4197420961996513	-0.5345122912646426	-0.2884547048206696
Kong_2023_Immunity.H139073	normal_epithelial	normal	Epithelial cell	Kong_2023_Immunity	missing	missing	35	-0.257087177761594	0.1409367011485405	-0.3848520308277307	49.0	49.0	-0.4197420961996513	-0.5345122912646426	-0.2884547048206696
Kong_2023_Immunity.H180844	normal_epithelial	normal	Epithelial cell	Kong_2023_Immunity	missing	missing	177	-0.1913672573063552	0.1956616006620539	-0.3832980164081377	49.0	49.0	-0.176808784404394	-0.0614826853467091	-0.2884547048206696
Kong_2023_Immunity.H197396	normal_epithelial	normal	Epithelial cell	Kong_2023_Immunity	missing	missing	463	-0.1826535854890824	0.2539780806523327	-0.4155739835321658	49.0	49.0	-0.4197420961996513	-0.5345122912646426	-0.2884547048206696
Lee_2020_Nat_Genet.SC001	normal_epithelial	normal	Epithelial cell	Lee_2020_Nat_Genet	MSI-H	missing	21	-0.2115362509666286	0.1780708622419226	-0.339008407340214	49.0	49.0	-0.3673707300859834	-0.5345122912646426	-0.2884547048206696
Lee_2020_Nat_Genet.SC001	tumor_cancer	tumor	Cancer cell	Lee_2020_Nat_Genet	MSI-H	CMS1	121	-0.1792202343708918	-0.0207732265835368	-0.1570387081290781	49.0	49.0	-0.4197420961996513	-0.5345122912646426	-0.2884547048206696
Lee_2020_Nat_Genet.SC019	normal_epithelial	normal	Epithelial cell	Lee_2020_Nat_Genet	MSS	missing	30	-0.1673974128024891	0.2371006233778715	-0.4336199123797702	49.0	49.0	-0.0728926734738093	-0.0429427207081967	-0.2884547048206696
Lee_2020_Nat_Genet.SC019	tumor_cancer	tumor	Cancer cell	Lee_2020_Nat_Genet	MSS	CMS4	79	-0.2102745805736193	-0.2239057804137075	0.0427280865907357	49.0	49.0	-0.4197420961996513	-0.5345122912646426	-0.2884547048206696
Lee_2020_Nat_Genet.SC021	normal_epithelial	normal	Epithelial cell	Lee_2020_Nat_Genet	MSS	missing	34	-0.2594048264888339	0.433942525185807	-0.617271489117067	49.0	49.0	-0.4197420961996513	-0.5345122912646426	-0.2884547048206696
Lee_2020_Nat_Genet.SC021	tumor_cancer	tumor	Cancer cell	Lee_2020_Nat_Genet	MSS	CMS4	67	0.00110515582822	-0.2944098184709326	0.2464372484568569	49.0	49.0	-0.257914934972652	-0.3454664869926043	-0.2884547048206696
Lee_2020_Nat_Genet.SC021	tumor_epithelial	tumor	Epithelial cell	Lee_2020_Nat_Genet	MSS	CMS4	2	0.0506319160992981	0.1393569141666505	-0.0887249980673523	49.0	49.0	-0.1191343705573756	-0.2683641042899232	-0.2884547048206696
Lee_2020_Nat_Genet.SC024	normal_epithelial	normal	Epithelial cell	Lee_2020_Nat_Genet	MSS	missing	29	0.0136040989327665	-0.0657764441288071	0.1277641896879845	49.0	49.0	0.0109853430632727	-0.1329440028898844	-0.0556818446623858
Lee_2020_Nat_Genet.SC024	tumor_cancer	tumor	Cancer cell	Lee_2020_Nat_Genet	MSS	CMS3	52	-0.1684040217364294	0.0001721331130236	-0.1808310185207849	49.0	49.0	-0.3165367705599291	-0.5345122912646426	-0.2884547048206696
Lee_2020_Nat_Genet.SC024	tumor_epithelial	tumor	Epithelial cell	Lee_2020_Nat_Genet	MSS	CMS4	23	-0.2273733331958172	-0.5435920674963883	0.3613314554480893	49.0	49.0	-0.1304170593144317	0.1405794614675365	-0.2884547048206696
Lee_2020_Nat_Genet.SC027	normal_epithelial	normal	Epithelial cell	Lee_2020_Nat_Genet	MSS	missing	23	-0.2073173427094687	-0.1440941882585097	0.0396990297030009	49.0	49.0	-0.4197420961996513	-0.5345122912646426	-0.2884547048206696
Lee_2020_Nat_Genet.SC027	tumor_cancer	tumor	Cancer cell	Lee_2020_Nat_Genet	MSS	CMS2	70	-0.0101808678295883	-0.1757306837386228	0.1021054378393725	49.0	49.0	0.0644865065587465	0.2609469174854704	-0.2884547048206696
Lee_2020_Nat_Genet.SC028	normal_epithelial	normal	Epithelial cell	Lee_2020_Nat_Genet	MSS	missing	5	-0.2884805149759035	0.2381773842664741	-0.5266578992423776	49.0	49.0	-0.4197420961996513	-0.5345122912646426	-0.2884547048206696
Lee_2020_Nat_Genet.SC028	tumor_cancer	tumor	Cancer cell	Lee_2020_Nat_Genet	MSS	CMS4	13	-0.1953875699077665	-0.1379725990420562	-0.0475463158233425	49.0	49.0	-0.4197420961996513	-0.5345122912646426	-0.2884547048206696
Lee_2020_Nat_Genet.SC029	normal_epithelial	normal	Epithelial cell	Lee_2020_Nat_Genet	MSS	missing	5	-0.2417642972444276	0.2758537027109075	-0.608572480183442	49.0	49.0	-0.4197420961996513	-0.5345122912646426	-0.2884547048206696
Lee_2020_Nat_Genet.SC029	tumor_cancer	tumor	Cancer cell	Lee_2020_Nat_Genet	MSS	CMS4	22	0.3320687208988262	-0.2440421087736862	0.5538255613100622	49.0	49.0	0.5113030457622535	-0.0211752577671891	-0.2884547048206696
Lee_2020_Nat_Genet.SC030	normal_epithelial	normal	Epithelial cell	Lee_2020_Nat_Genet	MSS	missing	25	-0.1358423614278738	0.218197260204034	-0.2958822915367214	49.0	49.0	-0.173538662456035	0.0399623874704621	-0.0801267478626362
Lee_2020_Nat_Genet.SC030	tumor_cancer	tumor	Cancer cell	Lee_2020_Nat_Genet	MSS	CMS2	29	-0.0238878091110455	-0.0984214276120845	0.1651638370703126	49.0	49.0	-0.2827479044047321	-0.5345122912646426	-0.2884547048206696
Lee_2020_Nat_Genet.SC031	normal_epithelial	normal	Epithelial cell	Lee_2020_Nat_Genet	MSS	missing	33	-0.2042903145846435	0.2236480862831052	-0.4047563757084226	49.0	49.0	-0.4197420961996513	-0.5345122912646426	-0.2884547048206696
Lee_2020_Nat_Genet.SC031	tumor_cancer	tumor	Cancer cell	Lee_2020_Nat_Genet	MSS	CMS2	31	-0.0890432599438881	-0.1505640134984474	0.1624767242033102	49.0	49.0	-0.1036187793027912	-0.1633361177904987	-0.2884547048206696
Lee_2020_Nat_Genet.SMC01	normal_epithelial	normal	Epithelial cell	Lee_2020_Nat_Genet	MSS	missing	6	-0.1104522010969195	0.3671024368532605	-0.467139690114701	49.0	49.0	-0.2906714820446285	-0.2333475249029227	-0.1171413631736637
Lee_2020_Nat_Genet.SMC01	tumor_cancer	tumor	Cancer cell	Lee_2020_Nat_Genet	MSS	CMS2	58	0.1096014791270042	0.0573471878262704	0.0126406981578838	49.0	49.0	-0.1056750797602963	-0.2908284396010123	0.187178272328692
Lee_2020_Nat_Genet.SMC01	tumor_epithelial	tumor	Epithelial cell	Lee_2020_Nat_Genet	MSS	CMS2	1	0.1981913056277046	0.3282948724506583	-0.1301035668229537	49.0	49.0	-0.2299650076225065	-0.0916990845846378	-0.2118363322375747
Lee_2020_Nat_Genet.SMC02	normal_epithelial	normal	Epithelial cell	Lee_2020_Nat_Genet	MSS	missing	9	-0.1943894317764305	0.0465906123207554	-0.238287719195855	49.0	49.0	-0.4197420961996513	-0.5345122912646426	-0.2884547048206696
Lee_2020_Nat_Genet.SMC02	tumor_cancer	tumor	Cancer cell	Lee_2020_Nat_Genet	MSS	CMS2	11	-0.0308268138283155	-0.0018011523146602	-0.0631483749812337	49.0	49.0	0.013828384296169	-0.0543008211911985	-0.0766535410013346
Lee_2020_Nat_Genet.SMC03	normal_epithelial	normal	Epithelial cell	Lee_2020_Nat_Genet	MSI-H	missing	2	-0.0068044728689506	-0.1468360352807897	0.140031562411839	49.0	49.0	-0.4197420961996513	-0.5345122912646426	-0.2884547048206696
Lee_2020_Nat_Genet.SMC03	tumor_cancer	tumor	Cancer cell	Lee_2020_Nat_Genet	MSI-H	CMS1	43	-0.0704050084870385	0.0475250491430037	-0.1306667487146604	49.0	49.0	-0.3321944183925297	-0.457009556134156	-0.1618175477050276
Lee_2020_Nat_Genet.SMC04	normal_epithelial	normal	Epithelial cell	Lee_2020_Nat_Genet	MSS	missing	9	-0.2246780666292494	0.1002532940545956	-0.1800854616404609	49.0	49.0	-0.4197420961996513	-0.5345122912646426	-0.1966870607375184
Lee_2020_Nat_Genet.SMC04	tumor_cancer	tumor	Cancer cell	Lee_2020_Nat_Genet	MSS	CMS4	19	0.0605126387521002	-0.0106863040096698	0.0581848145627935	49.0	49.0	-0.0772325601142768	-0.3532749375024188	-0.2884547048206696
Lee_2020_Nat_Genet.SMC05	normal_epithelial	normal	Epithelial cell	Lee_2020_Nat_Genet	MSS	missing	2	-0.0769748440226523	0.1628547548223315	-0.2398295988449839	49.0	49.0	-0.3666938195200971	-0.4107329790123495	0.3072197293078402
Lee_2020_Nat_Genet.SMC05	tumor_cancer	tumor	Cancer cell	Lee_2020_Nat_Genet	MSS	CMS4	2	0.2478080243871183	0.2311103065838516	0.0166977178032667	49.0	49.0	0.0379101627379999	-0.2289451194503632	-0.2420023812836633
Lee_2020_Nat_Genet.SMC06	normal_epithelial	normal	Epithelial cell	Lee_2020_Nat_Genet	MSI-H	missing	1	0.1735706154359497	0.5571741234634989	-0.3836035080275492	49.0	49.0	0.062404112233918	0.2669218377298145	-0.0472774184551531
Lee_2020_Nat_Genet.SMC06	tumor_cancer	tumor	Cancer cell	Lee_2020_Nat_Genet	MSI-H	CMS4	12	0.0490436434547513	-0.108242923841649	0.1134079028069547	49.0	49.0	0.3140986982125752	0.0521637070398121	-0.1616902019835524
Lee_2020_Nat_Genet.SMC06	tumor_epithelial	tumor	Epithelial cell	Lee_2020_Nat_Genet	MSI-H	CMS4	1	-0.1388776603886147	-0.2407545294149949	0.1018768690263801	49.0	49.0	-0.0631762777335707	-0.1238514015510023	-0.2884547048206696
Lee_2020_Nat_Genet.SMC07	normal_epithelial	normal	Epithelial cell	Lee_2020_Nat_Genet	MSS	missing	11	-0.1265389126575072	0.3257718584231169	-0.6330030957538662	49.0	49.0	-0.3131695103502316	-0.2858429242826633	-0.2884547048206696
Lee_2020_Nat_Genet.SMC07	tumor_cancer	tumor	Cancer cell	Lee_2020_Nat_Genet	MSS	CMS2	38	0.0603929836840671	-0.0095205873812463	0.0484129284052471	49.0	49.0	-0.1057414367079967	-0.3283207180140291	0.0686988942454865
Lee_2020_Nat_Genet.SMC07	tumor_epithelial	tumor	Epithelial cell	Lee_2020_Nat_Genet	MSS	CMS2	1	-0.1197714598854192	-0.4585139669827622	0.338742507097343	49.0	49.0	-0.1503246220359301	-0.5345122912646426	-0.2884547048206696
Lee_2020_Nat_Genet.SMC08	tumor_cancer	tumor	Cancer cell	Lee_2020_Nat_Genet	MSS	CMS4	18	0.0797297574312247	0.0619081487155038	0.0442879600263861	49.0	49.0	0.1584196937446533	0.0199946131474162	0.1378435057105869
Lee_2020_Nat_Genet.SMC09	normal_epithelial	normal	Epithelial cell	Lee_2020_Nat_Genet	MSS	missing	8	-0.3207775461815272	0.5300016353593753	-0.8627204128319099	49.0	49.0	-0.4197420961996513	-0.5345122912646426	-0.2884547048206696
Lee_2020_Nat_Genet.SMC09	tumor_cancer	tumor	Cancer cell	Lee_2020_Nat_Genet	MSS	CMS2	114	0.0594294680040699	0.0432626508170752	0.0234985622644533	49.0	49.0	0.0244701805501731	0.0172302532557712	-0.0973575143861694
Lee_2020_Nat_Genet.SMC09	tumor_epithelial	tumor	Epithelial cell	Lee_2020_Nat_Genet	MSS	CMS2	10	-0.1401142501526659	0.0132925849706376	-0.1838130779684241	49.0	49.0	0.1276322344227994	-0.0856567668362495	-0.2884547048206696
Lee_2020_Nat_Genet.SMC10	normal_epithelial	normal	Epithelial cell	Lee_2020_Nat_Genet	MSI-H	missing	7	-0.2218991130134548	0.3435075911518259	-0.4350181060685615	49.0	49.0	-0.1824066036938688	0.0192705245821832	-0.2884547048206696
Lee_2020_Nat_Genet.SMC10	tumor_cancer	tumor	Cancer cell	Lee_2020_Nat_Genet	MSI-H	CMS1	41	-0.059591098943738	0.0075138452622095	-0.0631521816984051	49.0	49.0	-0.2295647546512375	-0.1531014042238578	-0.2884547048206696
Lee_2020_Nat_Genet.SMC10	tumor_epithelial	tumor	Epithelial cell	Lee_2020_Nat_Genet	MSI-H	CMS1	4	-0.1246919371827331	-0.0862810608795539	-0.0212226342115142	49.0	49.0	-0.4197420961996513	-0.5345122912646426	-0.1668906277873586
Lee_2020_Nat_Genet.SMC11	tumor_cancer	tumor	Cancer cell	Lee_2020_Nat_Genet	MSS	CMS2	18	0.0089131674114458	-0.1738744358625659	0.170744502333336	49.0	49.0	-0.1234010305717595	-0.2357021323016988	-0.2363144162290294
Lee_2020_Nat_Genet.SMC11	tumor_epithelial	tumor	Epithelial cell	Lee_2020_Nat_Genet	MSS	CMS2	1	0.0722243231236509	-0.0858345299335648	0.1580588530572158	49.0	49.0	-0.01357798493	-0.1429838316056723	-0.2214385341745069
Lee_2020_Nat_Genet.SMC13	normal_epithelial	normal	Epithelial cell	Lee_2020_Nat_Genet	missing	missing	7	-0.251528251188001	-0.2255727895734492	0.0116158880031685	49.0	49.0	-0.4197420961996513	-0.5345122912646426	-0.2884547048206696
Lee_2020_Nat_Genet.SMC13	tumor_cancer	tumor	Cancer cell	Lee_2020_Nat_Genet	missing	CMS2	98	0.0115353146859031	-0.1208405422537298	0.1689024807939458	49.0	49.0	-0.1853850232754601	-0.437503286267399	-0.2523754472319032
Lee_2020_Nat_Genet.SMC13	tumor_epithelial	tumor	Epithelial cell	Lee_2020_Nat_Genet	missing	CMS2	2	-0.0136252359966058	-0.1561404363822914	0.1425152003856856	49.0	49.0	-0.3096464390376444	-0.2776224245532929	-0.2884547048206696
Lee_2020_Nat_Genet.SMC14	tumor_cancer	tumor	Cancer cell	Lee_2020_Nat_Genet	MSS	CMS4	9	0.0803522416912399	-0.0654074185477327	0.1672064921755196	49.0	49.0	-0.3208325668196282	-0.4586745893725434	-0.1895110473595218
Lee_2020_Nat_Genet.SMC15	tumor_cancer	tumor	Cancer cell	Lee_2020_Nat_Genet	MSS	CMS4	20	0.287058647091246	0.0543045869200637	0.2136691587701553	49.0	49.0	0.1347838425317948	-0.1016763826464868	-0.1962989853435165
Lee_2020_Nat_Genet.SMC16	tumor_cancer	tumor	Cancer cell	Lee_2020_Nat_Genet	MSS	CMS3	157	-0.0680272750875385	-0.1840539341490389	0.1274408364495703	49.0	49.0	-0.2213818818112167	-0.2048690891879631	-0.1386002466673888
Lee_2020_Nat_Genet.SMC16	tumor_epithelial	tumor	Epithelial cell	Lee_2020_Nat_Genet	MSS	CMS3	27	-0.1282840710679254	-0.0824670178674516	-0.061562562833917	49.0	49.0	-0.0626723395555525	-0.0750012942652711	-0.2884547048206696
Lee_2020_Nat_Genet.SMC17	tumor_cancer	tumor	Cancer cell	Lee_2020_Nat_Genet	MSS	CMS1	32	-0.0170368966404674	0.0700750546365296	-0.0759802827436127	49.0	49.0	-0.1314105855063564	0.0567693241747249	-0.2884547048206696
Lee_2020_Nat_Genet.SMC171	normal_epithelial	normal	Epithelial cell	Lee_2020_Nat_Genet	missing	missing	41	-0.2448440941747245	0.4089575049803796	-0.6594935417970793	49.0	49.0	-0.4197420961996513	-0.5345122912646426	-0.2884547048206696
Lee_2020_Nat_Genet.SMC171	tumor_cancer	tumor	Cancer cell	Lee_2020_Nat_Genet	missing	CMS1	74	0.0419074963706444	-0.0868315039066374	0.1572165445833593	49.0	49.0	-0.2355857572163019	-0.2078195452631542	-0.0443991228416108
Lee_2020_Nat_Genet.SMC171	tumor_epithelial	tumor	Epithelial cell	Lee_2020_Nat_Genet	missing	CMS1	7	0.0492119862703544	-0.074301657906169	0.1662867501643669	49.0	49.0	-0.18629164778492	-0.3154413461352303	-0.16163946585268
Lee_2020_Nat_Genet.SMC18	tumor_cancer	tumor	Cancer cell	Lee_2020_Nat_Genet	MSS	CMS2	85	0.120483912627323	0.000138067343092	0.0910640770335282	49.0	49.0	0.0649776432233634	-0.1379794441623943	-0.1016762516097154
Lee_2020_Nat_Genet.SMC18	tumor_epithelial	tumor	Epithelial cell	Lee_2020_Nat_Genet	MSS	CMS2	4	0.1888730764254879	-0.074176087342924	0.2369756285206109	49.0	49.0	0.1568993165417615	-0.1494589925925309	-0.2398266843548281
Lee_2020_Nat_Genet.SMC19	tumor_cancer	tumor	Cancer cell	Lee_2020_Nat_Genet	MSS	CMS3	21	0.0454386891469978	0.008925623185755	0.0182656378890467	49.0	49.0	-0.1209163913574156	-0.0042268854319358	-0.2884547048206696
Lee_2020_Nat_Genet.SMC19	tumor_epithelial	tumor	Epithelial cell	Lee_2020_Nat_Genet	MSS	CMS3	4	-0.1721684205889058	0.0115357933090112	-0.1594225832336029	49.0	49.0	-0.0375839425676236	0.06734165255865	-0.2138900089162799
Lee_2020_Nat_Genet.SMC20	tumor_cancer	tumor	Cancer cell	Lee_2020_Nat_Genet	MSS	CMS4	25	-0.1313375073383616	-0.0085479065320009	-0.0829131858766673	49.0	49.0	-0.3000361873980313	-0.3032923010494113	-0.2164968447210509
Lee_2020_Nat_Genet.SMC20	tumor_epithelial	tumor	Epithelial cell	Lee_2020_Nat_Genet	MSS	CMS4	2	-0.1194121794878564	-0.2612554765724999	0.1418432970846435	49.0	49.0	-0.3758116334549964	-0.432007878193781	-0.2257397613166761
Lee_2020_Nat_Genet.SMC21	tumor_cancer	tumor	Cancer cell	Lee_2020_Nat_Genet	MSS	CMS2	88	0.1118436001709038	0.005459889563944	0.1002490594435999	49.0	49.0	0.0845005077195619	0.0322082507214436	-0.1778266982002079
Lee_2020_Nat_Genet.SMC21	tumor_epithelial	tumor	Epithelial cell	Lee_2020_Nat_Genet	MSS	CMS2	2	-0.1465211951745463	-0.1095334250355492	-0.036987770138997	49.0	49.0	-0.4197420961996513	-0.5345122912646426	-0.2884547048206696
Lee_2020_Nat_Genet.SMC22	tumor_cancer	tumor	Cancer cell	Lee_2020_Nat_Genet	MSS	CMS2	104	0.1564811661136882	0.1034868089576206	0.0592417387252021	49.0	49.0	0.2043089986974917	0.2787775993949781	-0.1139239959666158
Lee_2020_Nat_Genet.SMC22	tumor_epithelial	tumor	Epithelial cell	Lee_2020_Nat_Genet	MSS	CMS2	1	-0.0296866344237262	0.1762645805390125	-0.2059512149627387	49.0	49.0	0.4962164646977128	0.8850422640128256	-0.1599376512329961
Lee_2020_Nat_Genet.SMC23	tumor_cancer	tumor	Cancer cell	Lee_2020_Nat_Genet	MSS	CMS2	40	0.0682531795912206	-0.3636061470180343	0.345264899688292	49.0	49.0	-0.1622886055314995	-0.3871421666833757	-0.2397579383909567
Lee_2020_Nat_Genet.SMC24	tumor_cancer	tumor	Cancer cell	Lee_2020_Nat_Genet	MSI-H	CMS1	13	0.1534467022876346	-0.1660353618753945	0.2976277796828812	49.0	49.0	0.0722901171093493	0.3276826785869178	0.0250147568237574
Lee_2020_Nat_Genet.SMC25	tumor_cancer	tumor	Cancer cell	Lee_2020_Nat_Genet	MSS	CMS2	20	0.0495618911435847	0.0431471629121238	-0.0452346016046756	49.0	49.0	0.1393326331692274	0.2792874160867621	-0.2464911608274636
Li_2017_Nat_Genet.CRC01	tumor_cancer	tumor	Cancer cell	Li_2017_Nat_Genet	missing	missing	1	-0.1296316870359675	-0.4686924630729244	0.3390607760369569	49.0	49.0	0.4517878924153342	1.3338335157986083	-0.2884547048206696
Li_2017_Nat_Genet.CRC05	normal_epithelial	normal	Epithelial cell	Li_2017_Nat_Genet	missing	missing	1	-0.186333796236607	-0.101143802524832	-0.0851899937117749	49.0	49.0	-0.4197420961996513	-0.5345122912646426	-0.2884547048206696
Li_2017_Nat_Genet.CRC09	tumor_cancer	tumor	Cancer cell	Li_2017_Nat_Genet	missing	missing	1	-0.1315768456051861	-0.5342894977540252	0.402712652148839	49.0	49.0	-0.4197420961996513	-0.5345122912646426	0.7990420838656188
Li_2017_Nat_Genet.CRC10	tumor_cancer	tumor	Cancer cell	Li_2017_Nat_Genet	missing	missing	1	0.0489943455364697	-0.774792687108667	0.8237870326451368	49.0	49.0	-0.0516835988599014	0.3242908691947739	0.4004377369600581
Li_2023_Cancer_Cell.P11	normal_epithelial	normal	Epithelial cell	Li_2023_Cancer_Cell	MSI-H	missing	3	-0.1341182415329917	0.3899264161227168	-0.5240446576557085	49.0	49.0	-0.2153810463158085	-0.0576698415356759	-0.1559987940558946
Li_2023_Cancer_Cell.P11	tumor_cancer	tumor	Cancer cell	Li_2023_Cancer_Cell	MSI-H	missing	7	-0.2416108664289395	0.371090781634368	-0.6217367241394425	49.0	49.0	-0.4197420961996513	-0.5345122912646426	-0.2884547048206696
Li_2023_Cancer_Cell.P11	tumor_epithelial	tumor	Epithelial cell	Li_2023_Cancer_Cell	MSI-H	missing	2	-0.1347585975639294	-0.0474714044930257	-0.0872871930709036	49.0	49.0	0.0691328101234238	0.6061958234891994	-0.182874160709133
Li_2023_Cancer_Cell.P12	normal_epithelial	normal	Epithelial cell	Li_2023_Cancer_Cell	MSI-H	missing	25	-0.1442530913241635	0.2700742712439086	-0.3434554768898734	49.0	49.0	-0.1756793571730877	-0.0980865387197047	-0.0277087120698001
Li_2023_Cancer_Cell.P12	tumor_cancer	tumor	Cancer cell	Li_2023_Cancer_Cell	MSI-H	CMS1	77	0.0930048071758281	-0.0592974026265012	0.1559231269559119	49.0	49.0	0.0719782785246783	0.0736339741870679	0.0556367988963556
Li_2023_Cancer_Cell.P12	tumor_epithelial	tumor	Epithelial cell	Li_2023_Cancer_Cell	MSI-H	CMS1	2	-0.1915037096366894	-0.2041661274572015	0.0126624178205121	49.0	49.0	-0.1206485269924251	0.1633727035522185	-0.2884547048206696
Li_2023_Cancer_Cell.P14	tumor_cancer	tumor	Cancer cell	Li_2023_Cancer_Cell	MSI-H	CMS3	98	-0.1244958718681535	0.2341648563717861	-0.3258253350738399	49.0	49.0	-0.1418982663069954	-0.136376492825652	-0.1616793905099851
Li_2023_Cancer_Cell.P14	tumor_epithelial	tumor	Epithelial cell	Li_2023_Cancer_Cell	MSI-H	CMS3	9	-0.188601464961573	0.0258162466944382	-0.099786443485569	49.0	49.0	0.0607204148269424	0.0614824956068829	-0.2884547048206696
Li_2023_Cancer_Cell.P15	normal_epithelial	normal	Epithelial cell	Li_2023_Cancer_Cell	missing	missing	52	-0.1379385852440127	0.2784342366469781	-0.4167612810733674	49.0	49.0	-0.1072393439594978	0.0440905568820086	-0.1372927983034275
Li_2023_Cancer_Cell.P15	tumor_cancer	tumor	Cancer cell	Li_2023_Cancer_Cell	missing	CMS4	33	-0.1723142528141251	0.220606005299239	-0.3840920474816494	49.0	49.0	-0.2900259245485207	-0.4249895277314947	-0.2884547048206696
Li_2023_Cancer_Cell.P15	tumor_epithelial	tumor	Epithelial cell	Li_2023_Cancer_Cell	missing	CMS4	3	-0.0166775280310041	0.0296743566251425	0.2316627630434825	49.0	49.0	0.2911355087106334	0.9928495386364444	-0.2884547048206696
Li_2023_Cancer_Cell.P17	normal_epithelial	normal	Epithelial cell	Li_2023_Cancer_Cell	MSI-H	missing	15	-0.2218647068859236	0.2723170251481717	-0.4719888799806973	49.0	49.0	-0.4197420961996513	-0.5345122912646426	-0.2884547048206696
Li_2023_Cancer_Cell.P17	tumor_cancer	tumor	Cancer cell	Li_2023_Cancer_Cell	MSI-H	CMS4	2	-0.1657843183081198	0.4567490183468546	-0.6225333366549745	49.0	49.0	-0.4197420961996513	-0.5345122912646426	-0.2884547048206696
Li_2023_Cancer_Cell.P17	tumor_epithelial	tumor	Epithelial cell	Li_2023_Cancer_Cell	MSI-H	CMS4	5	-0.0279295221131791	-0.3395994689204351	0.4127421286792395	49.0	49.0	0.0354603461004795	0.4862430733268635	-0.2884547048206696
Li_2023_Cancer_Cell.P18	normal_epithelial	normal	Epithelial cell	Li_2023_Cancer_Cell	missing	missing	53	-0.255091533468931	0.2622625419076758	-0.4381783648647235	49.0	49.0	-0.4197420961996513	-0.5345122912646426	-0.2884547048206696
Li_2023_Cancer_Cell.P18	tumor_cancer	tumor	Cancer cell	Li_2023_Cancer_Cell	missing	CMS3	234	0.0336339496262191	-0.0658716218507042	0.1467801891981762	49.0	49.0	0.0099664895686654	0.2446782568372111	0.3375188619495606
Li_2023_Cancer_Cell.P18	tumor_epithelial	tumor	Epithelial cell	Li_2023_Cancer_Cell	missing	CMS3	14	-0.0598714604929129	-0.280234145925008	0.2171255271219056	49.0	49.0	-0.1441004008581936	-0.2881851015890838	-0.2884547048206696
Li_2023_Cancer_Cell.P19	normal_epithelial	normal	Epithelial cell	Li_2023_Cancer_Cell	missing	missing	12	-0.2585858752527974	0.2957068521341351	-0.5192038802678105	49.0	49.0	-0.4197420961996513	-0.5345122912646426	-0.2884547048206696
Li_2023_Cancer_Cell.P19	tumor_cancer	tumor	Cancer cell	Li_2023_Cancer_Cell	missing	CMS4	53	-0.0496243862634991	-0.1639992521633633	0.0905454435040513	49.0	49.0	-0.0300566213342535	0.1993678242535689	-0.2884547048206696
Li_2023_Cancer_Cell.P19	tumor_epithelial	tumor	Epithelial cell	Li_2023_Cancer_Cell	missing	CMS4	13	-0.1856036419020722	-0.4605561440645075	0.2749525021624353	49.0	49.0	-0.0082097241130283	0.3245130308947118	-0.2884547048206696
Li_2023_Cancer_Cell.P21	tumor_cancer	tumor	Cancer cell	Li_2023_Cancer_Cell	missing	CMS3	68	-0.1443958713482693	0.032588242699594	-0.1739640162229805	49.0	49.0	-0.0384378506407907	0.1780857447571114	-0.2884547048206696
Li_2023_Cancer_Cell.P21	tumor_epithelial	tumor	Epithelial cell	Li_2023_Cancer_Cell	missing	CMS3	6	-0.1429994465419327	-0.3047868626593452	0.1507520512650561	49.0	49.0	0.0437534334626347	0.283743797964021	-0.1937888363794774
Li_2023_Cancer_Cell.P23	tumor_cancer	tumor	Cancer cell	Li_2023_Cancer_Cell	MSI-H	CMS1	198	-0.0088259051521111	-0.129310621641116	0.1336719981096605	49.0	49.0	-0.0834390116844425	-0.1433936623454947	0.0687877229727998
Li_2023_Cancer_Cell.P24	tumor_cancer	tumor	Cancer cell	Li_2023_Cancer_Cell	MSI-H	CMS3	142	0.0582365541331968	0.1534105058840374	-0.0411994485734942	49.0	49.0	0.217694428988107	0.916076814352028	-0.1162594825668775
Li_2023_Cancer_Cell.P24	tumor_epithelial	tumor	Epithelial cell	Li_2023_Cancer_Cell	MSI-H	CMS3	93	-0.0780302323668908	-0.200630434771263	0.1410196230544772	49.0	49.0	0.0321635334748757	0.4902996963167374	-0.2884547048206696
Li_2023_Cancer_Cell.P25	normal_epithelial	normal	Epithelial cell	Li_2023_Cancer_Cell	MSI-H	missing	25	-0.1366759872897861	0.3540809616221474	-0.3823987996016869	49.0	49.0	-0.0823877319438204	0.2526478919989628	-0.1710361121291267
Li_2023_Cancer_Cell.P25	tumor_cancer	tumor	Cancer cell	Li_2023_Cancer_Cell	MSI-H	CMS3	148	0.0709799331559487	0.0009286738274912	0.0506866225969856	49.0	49.0	0.3656434846428571	1.1421668060149628	-0.0847409808697995
Li_2023_Cancer_Cell.P25	tumor_epithelial	tumor	Epithelial cell	Li_2023_Cancer_Cell	MSI-H	CMS3	58	-0.1015562981415151	-0.1036663537428837	-0.0040296752723511	49.0	49.0	0.0411661018819237	0.263076817752458	-0.2884547048206696
Li_2023_Cancer_Cell.P26	tumor_cancer	tumor	Cancer cell	Li_2023_Cancer_Cell	missing	CMS3	76	0.0680868794066621	-0.1891879300867598	0.2506605055293027	49.0	49.0	-0.0205806229074735	0.1303941035345814	0.5880139829606799
Li_2023_Cancer_Cell.P26	tumor_epithelial	tumor	Epithelial cell	Li_2023_Cancer_Cell	missing	CMS3	3	0.0608499432487534	-0.5582832166119525	0.3575334709139374	49.0	49.0	0.4766561204838215	1.557083547663461	-0.1560820091489599
Li_2023_Cancer_Cell.P27	normal_epithelial	normal	Epithelial cell	Li_2023_Cancer_Cell	missing	missing	50	-0.1427331316199513	0.2456986970728974	-0.3450949166211458	49.0	49.0	-0.2784496931936135	-0.3197936904469437	-0.2484193440044776
Li_2023_Cancer_Cell.P27	tumor_cancer	tumor	Cancer cell	Li_2023_Cancer_Cell	missing	CMS2	198	0.0463323075810844	0.1936260856248349	-0.143179183947198	49.0	49.0	0.0564572360230474	0.3258401510115473	-0.1334644393544054
Li_2023_Cancer_Cell.P27	tumor_epithelial	tumor	Epithelial cell	Li_2023_Cancer_Cell	missing	CMS2	71	-0.0286757926129901	-0.1802123773583932	0.1004776453284302	49.0	49.0	0.1053941091648167	0.2379688908555319	-0.2884547048206696
Li_2023_Cancer_Cell.P28	normal_epithelial	normal	Epithelial cell	Li_2023_Cancer_Cell	missing	missing	24	-0.1572399848138078	0.2807787586126287	-0.5106311509542891	49.0	49.0	-0.2821308072356815	-0.3192605974109769	-0.1355108071615239
Li_2023_Cancer_Cell.P28	tumor_cancer	tumor	Cancer cell	Li_2023_Cancer_Cell	missing	CMS3	104	-0.0584358150388788	0.0675217329056514	-0.0975686933864037	49.0	49.0	-0.1245304338816393	0.0824861331997915	-0.1528726154522842
Li_2023_Cancer_Cell.P28	tumor_epithelial	tumor	Epithelial cell	Li_2023_Cancer_Cell	missing	CMS3	75	-0.1213161286289153	-0.2486904060621707	0.1041105689717094	49.0	49.0	-0.0021863043333286	0.095273330174408	-0.2884547048206696
Li_2023_Cancer_Cell.P29	normal_epithelial	normal	Epithelial cell	Li_2023_Cancer_Cell	missing	missing	16	-0.092101360996262	0.1483672078330429	-0.1665115157164632	49.0	49.0	-0.155342954018259	0.0528161451254677	-0.1278300798683609
Li_2023_Cancer_Cell.P29	tumor_cancer	tumor	Cancer cell	Li_2023_Cancer_Cell	missing	missing	34	-0.0145262099675052	0.0889519239861108	-0.065214316033088	49.0	49.0	-0.0401118002723799	0.1170624820759261	-0.2884547048206696
Li_2023_Cancer_Cell.P29	tumor_epithelial	tumor	Epithelial cell	Li_2023_Cancer_Cell	missing	missing	6	-0.0137961472778435	-0.6320295165032936	0.5988710146180064	49.0	49.0	-0.2858328326574046	-0.2220573429994001	-0.2884547048206696
Li_2023_Cancer_Cell.P30	normal_epithelial	normal	Epithelial cell	Li_2023_Cancer_Cell	MSI-H	missing	17	-0.2341745504271382	0.3182818202776567	-0.621661532782709	49.0	49.0	-0.3227116559745868	-0.5345122912646426	-0.2884547048206696
Li_2023_Cancer_Cell.P30	tumor_cancer	tumor	Cancer cell	Li_2023_Cancer_Cell	MSI-H	CMS1	68	-0.0178732734376082	-0.1709735894171286	0.1511266118657988	49.0	49.0	-0.1159268961869921	-0.0681612050076249	0.3221167910769985
Li_2023_Cancer_Cell.P30	tumor_epithelial	tumor	Epithelial cell	Li_2023_Cancer_Cell	MSI-H	CMS1	7	-0.0679351394803608	-0.2448426120646047	0.2230269966058548	49.0	49.0	0.0536461248133063	0.5659744919688842	-0.2884547048206696
Li_2023_Cancer_Cell.P31	normal_epithelial	normal	Epithelial cell	Li_2023_Cancer_Cell	MSI-H	missing	3	-0.230362842229266	0.3354810960871049	-0.5562157488943021	49.0	49.0	-0.4197420961996513	-0.5345122912646426	-0.2884547048206696
Li_2023_Cancer_Cell.P31	tumor_cancer	tumor	Cancer cell	Li_2023_Cancer_Cell	MSI-H	missing	352	0.0287896768898398	-0.1121096913462409	0.1605680345508851	49.0	49.0	-0.1004006612701877	-0.1342667809533897	0.5301908534806159
Li_2023_Cancer_Cell.P31	tumor_epithelial	tumor	Epithelial cell	Li_2023_Cancer_Cell	MSI-H	missing	6	-0.0029761833189923	-0.2949313662573414	0.2333203412934648	49.0	49.0	-0.0635057885715446	0.1024146513120484	-0.2884547048206696
Li_2023_Cancer_Cell.P32	normal_epithelial	normal	Epithelial cell	Li_2023_Cancer_Cell	MSI-H	missing	20	0.0013989490734399	0.0993768004054412	-0.0738220997609675	49.0	49.0	0.1397865785419617	0.6240500452887219	-0.0662092038348565
Li_2023_Cancer_Cell.P32	tumor_cancer	tumor	Cancer cell	Li_2023_Cancer_Cell	MSI-H	CMS3	62	0.0272258933930744	0.0675771370544727	-0.073232736158362	49.0	49.0	0.1101588110892765	0.2316404800572774	-0.0772792470792335
Li_2023_Cancer_Cell.P32	tumor_epithelial	tumor	Epithelial cell	Li_2023_Cancer_Cell	MSI-H	CMS3	40	-0.2083393473316878	-0.1714483288510151	-0.0353353293373779	49.0	49.0	-0.1472044794451177	0.0581307003120155	-0.2884547048206696
Li_2023_Cancer_Cell.P33	tumor_cancer	tumor	Cancer cell	Li_2023_Cancer_Cell	MSI-H	CMS3	109	-0.0339175866183504	-0.0057315824022715	0.0209434466072702	49.0	49.0	0.142535786593469	0.7732204802381859	0.1726984487782568
Li_2023_Cancer_Cell.P33	tumor_epithelial	tumor	Epithelial cell	Li_2023_Cancer_Cell	MSI-H	CMS3	7	-0.1668011131148009	-0.2867106846216133	0.093872287946733	49.0	49.0	-0.252244257304715	-0.1894504375068229	-0.2884547048206696
Liu_2024_Cancer_Res.Pt01	metastasis_cancer	metastasis	Cancer cell	Liu_2024_Cancer_Res	MSS	missing	412	0.5209245974448031	-0.120823191165716	0.6858450081201715	49.0	49.0	0.3703917919297854	0.1903986774055197	0.0013253448595025
Liu_2024_Cancer_Res.Pt01	metastasis_epithelial	metastasis	Epithelial cell	Liu_2024_Cancer_Res	MSS	missing	3	-0.0190208132799946	-0.6690624752958139	0.6500416620158191	49.0	49.0	0.0319480828530674	0.5194314598583679	-0.2884547048206696
Liu_2024_Cancer_Res.Pt01	tumor_cancer	tumor	Cancer cell	Liu_2024_Cancer_Res	MSS	missing	90	0.6459913518933957	0.0405317944137753	0.6073632631721445	49.0	49.0	0.3749050323066459	0.3306904723971246	-0.0933476446180068
Liu_2024_Cancer_Res.Pt02	metastasis_cancer	metastasis	Cancer cell	Liu_2024_Cancer_Res	MSS	missing	344	0.2355536745756574	0.2407432064384241	0.0226720008632234	49.0	49.0	0.5758904506036018	0.2712917124601832	-0.0716709234508401
Liu_2024_Cancer_Res.Pt02	tumor_cancer	tumor	Cancer cell	Liu_2024_Cancer_Res	MSS	missing	55	0.3848866424222689	0.1334931931702503	0.2798130586866597	49.0	49.0	0.483763640607425	0.2490633073342651	0.4860239280779123
Liu_2024_Cancer_Res.Pt03	metastasis_cancer	metastasis	Cancer cell	Liu_2024_Cancer_Res	MSS	missing	354	0.435000459403551	0.3629699513388572	0.0985499239283779	49.0	49.0	0.4577150765774197	0.0290597011444042	-0.2884547048206696
Liu_2024_Cancer_Res.Pt03	tumor_cancer	tumor	Cancer cell	Liu_2024_Cancer_Res	MSS	missing	91	0.5969196020918993	0.2885243696601717	0.3020443091414704	49.0	49.0	0.5276478186357881	0.3680069032686053	-0.2884547048206696
Liu_2024_Cancer_Res.Pt04	metastasis_cancer	metastasis	Cancer cell	Liu_2024_Cancer_Res	MSS	missing	435	0.2068390544396301	0.1614981804654198	0.0623268860968889	49.0	49.0	-0.0890077572667759	-0.2496846494717826	-0.2884547048206696
Liu_2024_Cancer_Res.Pt04	tumor_cancer	tumor	Cancer cell	Liu_2024_Cancer_Res	MSS	missing	21	0.1906060770818037	0.2072230140288332	-0.0167340874451162	49.0	49.0	0.0088167510303265	0.0693393146432078	0.5698245940609238
Liu_2024_Cancer_Res.Pt05	metastasis_cancer	metastasis	Cancer cell	Liu_2024_Cancer_Res	MSS	missing	52	0.0945873127708711	-0.0260469636114609	0.1099073214719582	49.0	49.0	0.1785612917867335	-0.5345122912646426	0.5985885775437716
Liu_2024_Cancer_Res.Pt05	tumor_cancer	tumor	Cancer cell	Liu_2024_Cancer_Res	MSS	missing	42	0.4453750991822335	0.210127423685013	0.2256267522646442	49.0	49.0	0.7760032143043558	0.2272008988362208	0.9462409626121316
Liu_2024_Cancer_Res.Pt06	metastasis_cancer	metastasis	Cancer cell	Liu_2024_Cancer_Res	MSS	missing	176	0.4389930935838724	0.0874367144813055	0.3812109014545643	49.0	49.0	0.2933058953137276	0.3385805209811884	-0.2884547048206696
Liu_2024_Cancer_Res.Pt06	tumor_cancer	tumor	Cancer cell	Liu_2024_Cancer_Res	MSS	missing	29	0.6984036333203663	0.1136435764817843	0.6991204271825636	49.0	49.0	1.0602496826395085	1.3731949835648016	-0.0413656817137826
Liu_2024_Cancer_Res.Pt07	metastasis_cancer	metastasis	Cancer cell	Liu_2024_Cancer_Res	MSS	missing	112	0.377484539526195	0.2396172557761907	0.1710280288129845	49.0	49.0	0.4161065307077516	0.4145151353831906	-0.1925092211218099
Liu_2024_Cancer_Res.Pt07	tumor_cancer	tumor	Cancer cell	Liu_2024_Cancer_Res	MSS	missing	23	0.3836607322017654	0.0766997313274797	0.2042832462938477	49.0	49.0	0.2709553872784226	0.1294423885216697	-0.2884547048206696
Liu_2024_Cancer_Res.Pt07	tumor_epithelial	tumor	Epithelial cell	Liu_2024_Cancer_Res	MSS	missing	1	-0.1751549177381986	-0.7122442487225404	0.5370893309843418	49.0	49.0	-0.4197420961996513	-0.5345122912646426	-0.2884547048206696
Liu_2024_Cancer_Res.Pt08	metastasis_cancer	metastasis	Cancer cell	Liu_2024_Cancer_Res	MSS	missing	941	0.3214664129560269	0.1186631546877238	0.2410722869189195	49.0	49.0	0.5370405911094422	0.6113297223547102	-0.2884547048206696
Liu_2024_Cancer_Res.Pt08	metastasis_epithelial	metastasis	Epithelial cell	Liu_2024_Cancer_Res	MSS	missing	194	0.1164564925025801	-0.4150996620882015	0.52406287594921	49.0	49.0	0.1760696175097572	0.4729191016379228	-0.2884547048206696
Liu_2024_Cancer_Res.Pt08	tumor_cancer	tumor	Cancer cell	Liu_2024_Cancer_Res	MSS	missing	53	0.372214281259042	0.1577509882059353	0.2985767515459286	49.0	49.0	0.5120530745112223	0.3096376498554696	-0.1752637661303698
Liu_2024_Cancer_Res.Pt08	tumor_epithelial	tumor	Epithelial cell	Liu_2024_Cancer_Res	MSS	missing	5	-0.0220067749034315	-0.2543341564516291	0.4750689102437005	49.0	49.0	-0.2034303482616935	-0.0297848794094076	-0.2884547048206696
Liu_2024_Cancer_Res.Pt09	tumor_cancer	tumor	Cancer cell	Liu_2024_Cancer_Res	MSS	missing	12	0.3679965147315548	-0.1840445467058774	0.4309743190440988	49.0	49.0	0.3504174937563622	0.5177573403182274	0.0559518273635329
Liu_2024_Cancer_Res.Pt09	tumor_epithelial	tumor	Epithelial cell	Liu_2024_Cancer_Res	MSS	missing	2	-0.1584247939187347	-0.1222149614494528	-0.0362098324692818	49.0	49.0	-0.2752496598860369	-0.3346344194133364	-0.2884547048206696
Liu_2024_Cancer_Res.Pt10	tumor_cancer	tumor	Cancer cell	Liu_2024_Cancer_Res	MSS	missing	67	0.3240744612869247	-0.3032813903714852	0.5987993578478773	49.0	49.0	0.1901273232725804	0.5298481312332579	-0.132399964326633
Liu_2024_Cancer_Res.Pt10	tumor_epithelial	tumor	Epithelial cell	Liu_2024_Cancer_Res	MSS	missing	1	0.0568322377197996	-0.6572462044821606	0.7140784422019603	49.0	49.0	0.1417027943250268	0.7755257866262731	-0.2884547048206696
Liu_2024_Cancer_Res.Pt11	metastasis_cancer	metastasis	Cancer cell	Liu_2024_Cancer_Res	MSS	missing	86	0.2201183517656925	0.0778330567511472	0.1488614154347381	49.0	49.0	0.1453794335621978	0.3168648984409693	-0.2884547048206696
Liu_2024_Cancer_Res.Pt11	tumor_cancer	tumor	Cancer cell	Liu_2024_Cancer_Res	MSS	missing	144	0.2835217261108607	0.2928043389701182	-0.0398137877482575	49.0	49.0	0.206064433201814	0.0850557482361016	0.3629403275638265
Liu_2024_Cancer_Res.Pt13	normal_epithelial	normal	Epithelial cell	Liu_2024_Cancer_Res	MSS	missing	85	-0.1761209495315259	-0.2940184576140174	0.1039231114159802	49.0	49.0	-0.4197420961996513	-0.5345122912646426	-0.2884547048206696
Liu_2024_Cancer_Res.Pt13	tumor_cancer	tumor	Cancer cell	Liu_2024_Cancer_Res	MSS	missing	55	0.5957808856040762	-0.5892560711941531	1.178197541699232	49.0	49.0	0.2164199284537698	-0.1027706715979668	-0.2884547048206696
Liu_2024_Cancer_Res.Pt15	metastasis_cancer	metastasis	Cancer cell	Liu_2024_Cancer_Res	MSS	missing	769	0.3310857906396481	0.1452106163536905	0.1679968956110878	49.0	49.0	0.7911542514715973	0.8135741625699211	0.245336072210312
Liu_2024_Cancer_Res.Pt15	normal_epithelial	normal	Epithelial cell	Liu_2024_Cancer_Res	MSS	missing	235	-0.1573104871685733	0.4910202862372315	-0.6107554759205882	49.0	49.0	-0.260368637174102	-0.3457016688393161	-0.2884547048206696
Liu_2024_Cancer_Res.Pt15	tumor_cancer	tumor	Cancer cell	Liu_2024_Cancer_Res	MSS	missing	31	0.201047282575029	0.264585538100986	-0.0912782018211082	49.0	49.0	0.7744805552890355	0.5348422187123091	0.3157255335667625
Liu_2024_Cancer_Res.Pt16	metastasis_cancer	metastasis	Cancer cell	Liu_2024_Cancer_Res	MSS	missing	6	0.5123626919565505	-0.1194613572043833	0.6258333821218645	49.0	49.0	0.5755046131995676	0.2245687137572485	0.5409765886395731
Liu_2024_Cancer_Res.Pt17	metastasis_cancer	metastasis	Cancer cell	Liu_2024_Cancer_Res	MSS	missing	28	0.4794380847252482	0.1851187364367566	0.2711382141978451	49.0	49.0	0.4394694859362464	0.3925509035304123	-0.1755715254024102
Liu_2024_Cancer_Res.Pt17	normal_epithelial	normal	Epithelial cell	Liu_2024_Cancer_Res	MSS	missing	26	-0.1401249877067336	0.5403418672201545	-0.684099561411077	49.0	49.0	-0.2687523725881433	-0.2348972907340283	-0.2884547048206696
Liu_2024_Cancer_Res.Pt18	metastasis_cancer	metastasis	Cancer cell	Liu_2024_Cancer_Res	MSS	missing	776	0.2807339110810752	0.2154673846753704	0.0736453665597791	49.0	49.0	0.5121649151179412	0.2496052995091497	-0.2884547048206696
Liu_2024_Cancer_Res.Pt18	normal_epithelial	normal	Epithelial cell	Liu_2024_Cancer_Res	MSS	missing	28	-0.2597850882802227	0.2556569145821716	-0.4045197715081861	49.0	49.0	-0.3706925240163931	-0.5345122912646426	-0.2884547048206696
Liu_2024_Cancer_Res.Pt18	tumor_cancer	tumor	Cancer cell	Liu_2024_Cancer_Res	MSS	missing	112	0.559535947952023	0.168863360791561	0.3529809314361471	49.0	49.0	0.7658263692320053	0.3742657768944664	-0.0782646492017736
MUI_Innsbruck.P11	normal_epithelial	normal	Epithelial cell	MUI_Innsbruck	MSS	missing	104	-0.1631065850540152	0.1432425012939868	-0.2744976015133314	49.0	49.0	-0.121832606257068	0.098776336013698	-0.263262840395794
MUI_Innsbruck.P11	tumor_cancer	tumor	Cancer cell	MUI_Innsbruck	MSS	CMS3	63	0.1098218733728727	-0.0185167266755776	0.1807337646808985	49.0	49.0	0.2063614013476792	0.4724397499150055	-0.2884547048206696
MUI_Innsbruck.P11	tumor_epithelial	tumor	Epithelial cell	MUI_Innsbruck	MSS	CMS3	12	-0.1535729951744023	-0.7469679881072367	0.6105065416646724	49.0	49.0	-0.4197420961996513	-0.5345122912646426	-0.2884547048206696
MUI_Innsbruck.P12	normal_epithelial	normal	Epithelial cell	MUI_Innsbruck	MSS	missing	72	-0.2345868003660464	0.3160756762357904	-0.5675227059287342	49.0	49.0	-0.3453592671928009	-0.3713012580919687	-0.2884547048206696
MUI_Innsbruck.P12	tumor_cancer	tumor	Cancer cell	MUI_Innsbruck	MSS	CMS3	84	0.4065299329784758	-0.1627658468181025	0.5837609917106131	49.0	49.0	0.4441436227713917	0.5438009267877681	-0.2884547048206696
MUI_Innsbruck.P12	tumor_epithelial	tumor	Epithelial cell	MUI_Innsbruck	MSS	CMS3	4	-0.0121831052282577	-0.7754293884994113	0.6751014244878	49.0	49.0	-0.1006092246730556	0.2101310756307473	-0.2884547048206696
MUI_Innsbruck.P13	normal_epithelial	normal	Epithelial cell	MUI_Innsbruck	MSS	missing	28	-0.2076530239652177	-0.2832401682029581	0.1586775078096189	49.0	49.0	-0.2352935094653459	-0.1041322555512632	-0.2884547048206696
MUI_Innsbruck.P13	tumor_cancer	tumor	Cancer cell	MUI_Innsbruck	MSS	CMS2	88	0.1324044271072718	-0.1300593148300003	0.3111591063962711	49.0	49.0	0.3091421832045312	0.5874377706934072	-0.244981937442127
MUI_Innsbruck.P13	tumor_epithelial	tumor	Epithelial cell	MUI_Innsbruck	MSS	CMS2	15	-0.1112493634138106	-0.8230438755441991	0.710220096155943	49.0	49.0	-0.2118052336306415	-0.5345122912646426	-0.2884547048206696
MUI_Innsbruck.P14	normal_epithelial	normal	Epithelial cell	MUI_Innsbruck	missing	missing	43	-0.2228010123050222	0.2100048620702922	-0.3894317362287104	49.0	49.0	-0.3242639500487124	-0.3395647618467883	-0.2884547048206696
MUI_Innsbruck.P14	tumor_cancer	tumor	Cancer cell	MUI_Innsbruck	missing	CMS3	56	0.2858014218047026	-0.1559595915866826	0.4767065963129852	49.0	49.0	0.1616294060758751	0.278390481930988	-0.1920196896050147
MUI_Innsbruck.P14	tumor_epithelial	tumor	Epithelial cell	MUI_Innsbruck	missing	CMS3	21	-0.2331061663906249	-0.8542231721338938	0.5855179159752789	49.0	49.0	-0.4197420961996513	-0.5345122912646426	-0.2884547048206696
MUI_Innsbruck.P15	normal_epithelial	normal	Epithelial cell	MUI_Innsbruck	MSS	missing	33	-0.1139149209766144	-0.0742388294901753	0.0267825091423706	49.0	49.0	-0.0678259328158636	0.2329192470016611	-0.2884547048206696
MUI_Innsbruck.P15	tumor_cancer	tumor	Cancer cell	MUI_Innsbruck	MSS	CMS4	23	0.2435221758644687	-0.1274298426214851	0.3829422706456256	49.0	49.0	0.6710551042787907	0.5783066168407889	-0.2077150980656828
MUI_Innsbruck.P15	tumor_epithelial	tumor	Epithelial cell	MUI_Innsbruck	MSS	CMS4	16	-0.219552973754375	-0.7661334648001364	0.523859198763794	49.0	49.0	-0.1952295950036506	-0.0106497884739741	-0.2884547048206696
MUI_Innsbruck.P16	normal_epithelial	normal	Epithelial cell	MUI_Innsbruck	MSS	missing	44	-0.1786445373428956	0.0412622790188267	-0.1149690227458223	49.0	49.0	-0.2419273428701853	-0.119611200162555	-0.2406332513082767
MUI_Innsbruck.P16	tumor_cancer	tumor	Cancer cell	MUI_Innsbruck	MSS	CMS3	83	0.5576490306200607	-0.234393833593446	0.815519799504694	49.0	49.0	1.9445262191192123	1.0333171140649486	-0.2502689243428022
MUI_Innsbruck.P16	tumor_epithelial	tumor	Epithelial cell	MUI_Innsbruck	MSS	CMS3	34	-0.1823801523182531	-0.707134417961514	0.5107966528955847	49.0	49.0	-0.1284890521884732	0.1450781447614397	-0.2884547048206696
MUI_Innsbruck.P3	normal_epithelial	normal	Epithelial cell	MUI_Innsbruck	MSI-H	missing	61	-0.1010132831966485	-0.0436586439627534	0.0606140551399027	49.0	49.0	-0.1855869412674636	0.011849736910462	-0.2442415446206516
MUI_Innsbruck.P3	tumor_cancer	tumor	Cancer cell	MUI_Innsbruck	MSI-H	CMS3	64	0.1634752158987029	-0.5112550113671118	0.6299506615736586	49.0	49.0	0.2070290740226701	0.5930454066753659	-0.0212465757314062
MUI_Innsbruck.P3	tumor_epithelial	tumor	Epithelial cell	MUI_Innsbruck	MSI-H	CMS3	7	-0.0536128185210046	-0.6093917648273246	0.5595299032620403	49.0	49.0	0.0410914940685711	0.5081360104121794	-0.2884547048206696
MUI_Innsbruck.P4	normal_epithelial	normal	Epithelial cell	MUI_Innsbruck	MSS	missing	56	-0.0871906096324585	-0.0322101922513975	7.531358270861446e-05	49.0	49.0	-0.0939639750131588	0.1806544563445834	-0.2884547048206696
MUI_Innsbruck.P4	tumor_cancer	tumor	Cancer cell	MUI_Innsbruck	MSS	CMS3	35	0.4260878199718162	-0.5763965749127016	0.8268730873035135	49.0	49.0	0.5045011903314481	0.3924503397943836	-0.2884547048206696
MUI_Innsbruck.P4	tumor_epithelial	tumor	Epithelial cell	MUI_Innsbruck	MSS	CMS3	2	0.0412427182157346	-0.7903752248102837	0.8316179430260182	49.0	49.0	-0.0459150286943507	-0.2188803003145282	-0.112369298661583
MUI_Innsbruck.P5	normal_epithelial	normal	Epithelial cell	MUI_Innsbruck	MSS	missing	32	-0.1345278158873938	-0.1115490117413589	0.059961883850922	49.0	49.0	0.0137413433509729	0.2630925641064488	-0.2720075802190789
MUI_Innsbruck.P5	tumor_cancer	tumor	Cancer cell	MUI_Innsbruck	MSS	missing	17	0.1710513459653826	-0.0082494660027795	0.2686422699395849	49.0	49.0	0.2463363528596762	0.4068292147758749	-0.2884547048206696
MUI_Innsbruck.P5	tumor_epithelial	tumor	Epithelial cell	MUI_Innsbruck	MSS	missing	12	-0.0728124665508786	-0.2311055918780634	0.3758421567655101	49.0	49.0	0.1737005549856919	0.4435823913512774	-0.2884547048206696
MUI_Innsbruck.P7	normal_epithelial	normal	Epithelial cell	MUI_Innsbruck	MSS	missing	45	-0.2011942380122264	0.1618535381698848	-0.287890640605193	49.0	49.0	-0.4197420961996513	-0.5345122912646426	-0.2884547048206696
MUI_Innsbruck.P7	tumor_cancer	tumor	Cancer cell	MUI_Innsbruck	MSS	CMS3	133	0.1696932711125513	-0.3999122572970119	0.5698469857180819	49.0	49.0	0.2481956567886529	0.1925508253688697	-0.2884547048206696
MUI_Innsbruck.P7	tumor_epithelial	tumor	Epithelial cell	MUI_Innsbruck	MSS	CMS3	45	-0.061870879175683	-0.1735183429747069	0.1579903622239721	49.0	49.0	-0.1816125500245116	-0.0974926958158307	-0.2884547048206696
MUI_Innsbruck.P8	normal_epithelial	normal	Epithelial cell	MUI_Innsbruck	MSS	missing	48	-0.157887212232676	-0.0982505946191993	-0.0133186450327278	49.0	49.0	-0.3359776481610445	-0.3726155491937744	-0.2884547048206696
MUI_Innsbruck.P8	tumor_cancer	tumor	Cancer cell	MUI_Innsbruck	MSS	CMS2	109	0.1788840450958329	-0.0545523604945356	0.2781160031409562	49.0	49.0	0.12225402874423	0.2466079161010854	-0.2132622745096671
MUI_Innsbruck.P8	tumor_epithelial	tumor	Epithelial cell	MUI_Innsbruck	MSS	CMS2	30	-0.1072046313531543	-0.7646869777112402	0.6493153091145961	49.0	49.0	-0.114262556524442	0.1782733013108457	-0.2884547048206696
MUI_Innsbruck.P9	normal_epithelial	normal	Epithelial cell	MUI_Innsbruck	MSS	missing	32	-0.178167057097114	0.1368839175747323	-0.2638032772305778	49.0	49.0	-0.1714916329381078	0.0447387896789589	0.0878745525351165
MUI_Innsbruck.P9	tumor_cancer	tumor	Cancer cell	MUI_Innsbruck	MSS	CMS2	99	0.6006470765297373	-0.1560318356466965	0.7978973034354467	49.0	49.0	1.0418749468638109	0.6592588514445318	-0.1886972283017144
MUI_Innsbruck.P9	tumor_epithelial	tumor	Epithelial cell	MUI_Innsbruck	MSS	CMS2	8	-0.1023566929117359	-0.7805050946618998	0.6696915084223466	49.0	49.0	-0.0692538210105065	0.2832936841766954	-0.2884547048206696
Mazzurana_2021_Cell_Res.GNI2-smartseq-smartseq	normal_epithelial	normal	Epithelial cell	Mazzurana_2021_Cell_Res	missing	missing	5	-0.2211326982352967	-0.8280124200177004	0.6102222904303601	49.0	49.0	-0.4197420961996513	-0.5345122912646426	-0.2884547048206696
Mazzurana_2021_Cell_Res.GNI3-smartseq-smartseq	normal_epithelial	normal	Epithelial cell	Mazzurana_2021_Cell_Res	missing	missing	1	-0.3327187774725345	-0.8590456124926292	0.5263268350200947	49.0	49.0	-0.4197420961996513	-0.5345122912646426	-0.2884547048206696
Parikh_2019_Nature.A_healthy	normal_epithelial	normal	Epithelial cell	Parikh_2019_Nature	missing	missing	21	-0.2036852511153908	0.3714988795068072	-0.6218330908665316	49.0	49.0	-0.4197420961996513	-0.5345122912646426	-0.2884547048206696
Parikh_2019_Nature.B_healthy	normal_epithelial	normal	Epithelial cell	Parikh_2019_Nature	missing	missing	80	-0.2280860723248472	0.7086720185604385	-0.9468740932640024	49.0	49.0	-0.4197420961996513	-0.5345122912646426	-0.2884547048206696
Parikh_2019_Nature.C_healthy	normal_epithelial	normal	Epithelial cell	Parikh_2019_Nature	missing	missing	100	-0.2190832828706144	0.4396746319551735	-0.6700186009054134	49.0	49.0	-0.4197420961996513	-0.5345122912646426	-0.2884547048206696
Pelka_2021_Cell.C103	tumor_cancer	tumor	Cancer cell	Pelka_2021_Cell	MSS	CMS2	220	0.0133376172851819	-0.1784560139560249	0.205053042256194	49.0	49.0	-0.1399775415594552	-0.3979080137242773	-0.0223786254767946
Pelka_2021_Cell.C104	tumor_cancer	tumor	Cancer cell	Pelka_2021_Cell	MSS	CMS2	66	-0.1106399579601322	-0.228633534988393	0.1403460544555658	49.0	49.0	-0.0801001046307674	-0.1674421939919165	-0.2884547048206696
Pelka_2021_Cell.C104	tumor_epithelial	tumor	Epithelial cell	Pelka_2021_Cell	MSS	CMS2	6	-0.1351289480547604	-0.2187148412689341	0.098406217923342	49.0	49.0	-0.3050945527555478	-0.2670013565617343	-0.2884547048206696
Pelka_2021_Cell.C105	tumor_cancer	tumor	Cancer cell	Pelka_2021_Cell	MSS	CMS2	63	0.0701638470331084	-0.0758157381673484	0.1084517846033497	49.0	49.0	0.04818513520784	0.0276028695595941	-0.2387481215725169
Pelka_2021_Cell.C105	tumor_epithelial	tumor	Epithelial cell	Pelka_2021_Cell	MSS	CMS2	4	0.0332934153085187	-0.023048764120414	0.0219913376100417	49.0	49.0	0.066063137618296	0.1418303686941738	-0.0930666139457819
Pelka_2021_Cell.C106	normal_epithelial	normal	Epithelial cell	Pelka_2021_Cell	missing	missing	40	-0.246185337560807	0.5952750068935059	-0.82450140770557	49.0	49.0	-0.4197420961996513	-0.5345122912646426	-0.2884547048206696
Pelka_2021_Cell.C106	tumor_cancer	tumor	Cancer cell	Pelka_2021_Cell	MSI-H	CMS3	53	-0.1334048397918297	-0.124500365765488	-0.0869816996666601	49.0	49.0	-0.2688177611171233	-0.3456982796888463	-0.2884547048206696
Pelka_2021_Cell.C106	tumor_epithelial	tumor	Epithelial cell	Pelka_2021_Cell	MSI-H	CMS3	7	-0.0713735555982853	-0.2196868020904764	0.1997329203503623	49.0	49.0	0.0900508321676184	0.065953204572642	-0.2884547048206696
Pelka_2021_Cell.C107	normal_epithelial	normal	Epithelial cell	Pelka_2021_Cell	missing	missing	44	-0.2497350316037273	0.2412174350500259	-0.5117083226119533	49.0	49.0	-0.3245907727007953	-0.5345122912646426	-0.217932201804554
Pelka_2021_Cell.C107	tumor_cancer	tumor	Cancer cell	Pelka_2021_Cell	MSS	CMS3	133	-0.0197403262837519	0.0743986665712638	-0.0722590226552444	49.0	49.0	0.1199480526791367	0.4006501350613976	-0.1035041175439419
Pelka_2021_Cell.C107	tumor_epithelial	tumor	Epithelial cell	Pelka_2021_Cell	MSS	CMS3	41	-0.1998329286359368	-0.3644537892718729	0.2019745120145498	49.0	49.0	-0.2227411778376388	-0.3769851406784275	-0.2884547048206696
Pelka_2021_Cell.C109	normal_epithelial	normal	Epithelial cell	Pelka_2021_Cell	missing	missing	58	-0.2673787539680862	0.7028727671258574	-0.9962692651977346	49.0	49.0	-0.4197420961996513	-0.5345122912646426	-0.2884547048206696
Pelka_2021_Cell.C109	tumor_cancer	tumor	Cancer cell	Pelka_2021_Cell	MSI-H	CMS2	83	-0.0878726096357379	-0.0382141156338913	-0.0346292591262873	49.0	49.0	-0.0891612614019219	-0.1893702946861548	-0.1413183712158634
Pelka_2021_Cell.C110	normal_epithelial	normal	Epithelial cell	Pelka_2021_Cell	missing	missing	26	-0.2127629488829087	0.3397560080917471	-0.5792374696909206	49.0	49.0	-0.4197420961996513	-0.5345122912646426	-0.2884547048206696
Pelka_2021_Cell.C110	tumor_cancer	tumor	Cancer cell	Pelka_2021_Cell	MSI-H	CMS1	49	-0.10305695631506	0.0416315150087417	-0.1106826977290379	49.0	49.0	-0.3336810811133647	-0.399656470461206	-0.0518771239762231
Pelka_2021_Cell.C110	tumor_epithelial	tumor	Epithelial cell	Pelka_2021_Cell	MSI-H	CMS1	1	-0.2225791934778253	-0.182464656791047	-0.0401145366867782	49.0	49.0	-0.4197420961996513	-0.5345122912646426	-0.2884547048206696
Pelka_2021_Cell.C111	normal_epithelial	normal	Epithelial cell	Pelka_2021_Cell	missing	missing	25	-0.2111785874901956	0.4324552603220921	-0.669780147287233	49.0	49.0	-0.2701565125809732	-0.2240616978659172	-0.2884547048206696
Pelka_2021_Cell.C111	tumor_cancer	tumor	Cancer cell	Pelka_2021_Cell	MSI-H	CMS1	39	-0.1453967664652977	-0.0974710530804852	-0.0482222495372566	49.0	49.0	-0.2925848383005475	-0.3295584763328261	-0.1724426684447401
Pelka_2021_Cell.C111	tumor_epithelial	tumor	Epithelial cell	Pelka_2021_Cell	MSI-H	CMS1	1	-0.0358728667117607	-0.1613507651187904	0.1254778984070296	49.0	49.0	-0.4197420961996513	-0.5345122912646426	-0.0154182257651426
Pelka_2021_Cell.C112	normal_epithelial	normal	Epithelial cell	Pelka_2021_Cell	missing	missing	39	-0.2226062380784001	0.3929565358538089	-0.624823955361289	49.0	49.0	-0.4197420961996513	-0.5345122912646426	-0.2884547048206696
Pelka_2021_Cell.C112	tumor_cancer	tumor	Cancer cell	Pelka_2021_Cell	MSS	CMS2	76	-0.1057311122408894	-0.1653766427123003	0.1025959054776247	49.0	49.0	-0.0762948607327663	-0.3700025277762712	-0.249739361211942
Pelka_2021_Cell.C112	tumor_epithelial	tumor	Epithelial cell	Pelka_2021_Cell	MSS	CMS2	2	-0.2406358311354072	-0.5675225328956719	0.3268867017602646	49.0	49.0	0.0258420167365512	-0.0558625209387559	0.1565579315513532
Pelka_2021_Cell.C113	normal_epithelial	normal	Epithelial cell	Pelka_2021_Cell	missing	missing	9	-0.2361662329883672	-0.0846423340791632	-0.0316016166830903	49.0	49.0	-0.4197420961996513	-0.5345122912646426	-0.2884547048206696
Pelka_2021_Cell.C113	tumor_cancer	tumor	Cancer cell	Pelka_2021_Cell	MSS	CMS3	145	0.0086101199082882	-0.1162473005963691	0.0947276195071699	49.0	49.0	-0.0620009538453361	-0.0915298110028749	-0.2353600456561108
Pelka_2021_Cell.C113	tumor_epithelial	tumor	Epithelial cell	Pelka_2021_Cell	MSS	CMS3	7	0.0168682780796427	-0.1112722104088849	0.0886680665308816	49.0	49.0	-0.1057830558707072	-0.5345122912646426	-0.2884547048206696
Pelka_2021_Cell.C114	normal_epithelial	normal	Epithelial cell	Pelka_2021_Cell	missing	missing	19	-0.2010143218911298	0.4602823254574761	-0.6640506114015579	49.0	49.0	-0.3208870013449317	-0.3038504032702969	-0.2145448230373198
Pelka_2021_Cell.C114	tumor_cancer	tumor	Cancer cell	Pelka_2021_Cell	MSI-H	CMS3	71	-0.0901567896219506	-0.2094691789588348	0.0704384722506405	49.0	49.0	-0.2103870265132399	-0.2780915413447917	0.1029040440368114
Pelka_2021_Cell.C114	tumor_epithelial	tumor	Epithelial cell	Pelka_2021_Cell	MSI-H	CMS3	5	-0.1044229861744646	-0.5126897709440882	0.4244782900085943	49.0	49.0	-0.3289422602810754	-0.5345122912646426	-0.2884547048206696
Pelka_2021_Cell.C115	normal_epithelial	normal	Epithelial cell	Pelka_2021_Cell	missing	missing	18	-0.2512591304561844	0.5880956956601961	-0.844010363398855	49.0	49.0	-0.4197420961996513	-0.5345122912646426	-0.2884547048206696
Pelka_2021_Cell.C115	tumor_cancer	tumor	Cancer cell	Pelka_2021_Cell	MSI-H	missing	22	-0.1048283270723428	-0.1490521930820393	0.1178744905595527	49.0	49.0	-0.1591626705113247	0.0178968043645175	0.1810782361906609
Pelka_2021_Cell.C115	tumor_epithelial	tumor	Epithelial cell	Pelka_2021_Cell	MSI-H	missing	1	0.1113444913775546	-0.7368375838281882	0.8481820752057428	49.0	49.0	0.2503298650186001	-0.5345122912646426	-0.2884547048206696
Pelka_2021_Cell.C116	normal_epithelial	normal	Epithelial cell	Pelka_2021_Cell	missing	missing	52	-0.2556602928876053	0.4805137392379991	-0.7136779023779052	49.0	49.0	-0.4197420961996513	-0.5345122912646426	-0.2884547048206696
Pelka_2021_Cell.C116	tumor_cancer	tumor	Cancer cell	Pelka_2021_Cell	MSI-H	missing	43	-0.1078999410318342	0.0319603347816488	-0.1194608326502995	49.0	49.0	-0.2056837015223467	-0.3095963543488441	-0.0492749480105838
Pelka_2021_Cell.C116	tumor_epithelial	tumor	Epithelial cell	Pelka_2021_Cell	MSI-H	missing	3	-0.1876973447159419	-0.3544492657778795	0.0714748502490755	49.0	49.0	-0.0976127960455849	0.2171227424281791	-0.2884547048206696
Pelka_2021_Cell.C118	tumor_cancer	tumor	Cancer cell	Pelka_2021_Cell	MSI-H	missing	54	-0.1650500749521503	0.0402209158193607	-0.1694453248601246	49.0	49.0	-0.3331710277970886	-0.3783243124856558	-0.2086071679580649
Pelka_2021_Cell.C118	tumor_epithelial	tumor	Epithelial cell	Pelka_2021_Cell	MSI-H	missing	1	0.0887754624020174	-0.2117566341895954	0.3005320965916128	49.0	49.0	-0.4197420961996513	-0.5345122912646426	-0.1618156083495481
Pelka_2021_Cell.C119	normal_epithelial	normal	Epithelial cell	Pelka_2021_Cell	missing	missing	1	-0.1983629790107448	1.0637250364811297	-1.2620880154918743	49.0	49.0	-0.3479125251878182	-0.3669099589036986	-0.2884547048206696
Pelka_2021_Cell.C119	tumor_cancer	tumor	Cancer cell	Pelka_2021_Cell	MSI-H	missing	55	-0.1107908080523801	-0.0922735517554769	0.0114899865242394	49.0	49.0	-0.1788776971225671	-0.5345122912646426	-0.0101866271559489
Pelka_2021_Cell.C119	tumor_epithelial	tumor	Epithelial cell	Pelka_2021_Cell	MSI-H	missing	3	-0.1459785555288994	-0.0013899292824184	-0.2962121103181556	49.0	49.0	-0.4197420961996513	-0.5345122912646426	-0.2884547048206696
Pelka_2021_Cell.C122	normal_epithelial	normal	Epithelial cell	Pelka_2021_Cell	missing	missing	113	-0.2439017342633851	0.4488767195149342	-0.6731568893974291	49.0	49.0	-0.4197420961996513	-0.5345122912646426	-0.2884547048206696
Pelka_2021_Cell.C122	tumor_cancer	tumor	Cancer cell	Pelka_2021_Cell	MSI-H	CMS3	99	-0.0609951714902616	-0.0770854057124745	0.0029615049400232	49.0	49.0	-0.2638840284889395	-0.3391877323267112	-0.1777704976963683
Pelka_2021_Cell.C122	tumor_epithelial	tumor	Epithelial cell	Pelka_2021_Cell	MSI-H	CMS3	3	-0.0368865060546535	-0.4181789977103897	0.2777529581913881	49.0	49.0	-0.1904142702823328	-0.5345122912646426	-0.2884547048206696
Pelka_2021_Cell.C123	normal_epithelial	normal	Epithelial cell	Pelka_2021_Cell	missing	missing	98	-0.2202265907995567	0.2421081210306238	-0.4154048568456141	49.0	49.0	-0.2998048256816447	-0.3383852308287317	-0.2884547048206696
Pelka_2021_Cell.C123	tumor_cancer	tumor	Cancer cell	Pelka_2021_Cell	MSI-H	CMS1	156	-0.1538569919190027	-0.0328906642745972	-0.0970311030560636	49.0	49.0	-0.3751703882934795	-0.5345122912646426	0.0985792562921323
Pelka_2021_Cell.C123	tumor_epithelial	tumor	Epithelial cell	Pelka_2021_Cell	MSI-H	CMS1	47	-0.0910183957939692	-0.1990934579082609	0.1144386548602033	49.0	49.0	-0.3529318995969025	-0.5345122912646426	-0.2884547048206696
Pelka_2021_Cell.C124	normal_epithelial	normal	Epithelial cell	Pelka_2021_Cell	missing	missing	388	-0.2436457508808335	0.651407721622123	-0.8905116935100259	49.0	49.0	-0.4197420961996513	-0.5345122912646426	-0.2884547048206696
Pelka_2021_Cell.C124	tumor_cancer	tumor	Cancer cell	Pelka_2021_Cell	MSS	CMS3	40	-0.1366787135546938	-0.023250239136624	-0.1270894466715599	49.0	49.0	-0.3468740176314897	-0.5345122912646426	-0.2884547048206696
Pelka_2021_Cell.C124	tumor_epithelial	tumor	Epithelial cell	Pelka_2021_Cell	MSS	CMS3	6	-0.2784084303999455	-0.2720399941620389	0.0018168449211243	49.0	49.0	-0.4197420961996513	-0.5345122912646426	-0.2884547048206696
Pelka_2021_Cell.C125	normal_epithelial	normal	Epithelial cell	Pelka_2021_Cell	missing	missing	183	-0.2452676205812662	0.3524092052774797	-0.5979280271634848	49.0	49.0	-0.4197420961996513	-0.5345122912646426	-0.2884547048206696
Pelka_2021_Cell.C125	tumor_cancer	tumor	Cancer cell	Pelka_2021_Cell	MSS	CMS2	88	-0.0327604999304319	0.0522697215719549	-0.0464626898588934	49.0	49.0	-0.1290010946025708	-0.4046907593688691	-0.177316541402518
Pelka_2021_Cell.C125	tumor_epithelial	tumor	Epithelial cell	Pelka_2021_Cell	MSS	CMS2	2	-0.2812677125661159	-0.3629351672905411	0.0816674547244252	49.0	49.0	-0.4197420961996513	-0.5345122912646426	-0.2884547048206696
Pelka_2021_Cell.C126	normal_epithelial	normal	Epithelial cell	Pelka_2021_Cell	missing	missing	157	-0.2130270785289835	0.3735638288493725	-0.5948723325604728	49.0	49.0	-0.3815676129435837	-0.5345122912646426	-0.2884547048206696
Pelka_2021_Cell.C126	tumor_cancer	tumor	Cancer cell	Pelka_2021_Cell	MSS	CMS3	56	-0.0041611757907212	-0.1231615803961243	0.0900208239469583	49.0	49.0	0.0454398137696386	-0.0754902575235202	-0.2055870986579177
Pelka_2021_Cell.C129	normal_epithelial	normal	Epithelial cell	Pelka_2021_Cell	missing	missing	49	-0.2426184719011445	-0.041559390459316	-0.2013398324732503	49.0	49.0	-0.4197420961996513	-0.5345122912646426	-0.2884547048206696
Pelka_2021_Cell.C129	tumor_cancer	tumor	Cancer cell	Pelka_2021_Cell	MSS	CMS1	160	-0.169586438159783	-0.0075738610832665	-0.1471936701687103	49.0	49.0	-0.3560639069069905	-0.4433878429684729	-0.1696567807879758
Pelka_2021_Cell.C129	tumor_epithelial	tumor	Epithelial cell	Pelka_2021_Cell	MSS	CMS1	4	-0.2697834917280367	-0.3439488351316977	0.0322254226215076	49.0	49.0	-0.4197420961996513	-0.5345122912646426	-0.2884547048206696
Pelka_2021_Cell.C130	normal_epithelial	normal	Epithelial cell	Pelka_2021_Cell	missing	missing	82	-0.1887047457192038	0.2598032498308655	-0.4522044990684475	49.0	49.0	-0.3175204570060206	-0.3829817979578911	-0.2884547048206696
Pelka_2021_Cell.C130	tumor_cancer	tumor	Cancer cell	Pelka_2021_Cell	MSI-H	CMS1	146	-0.1364752988517076	0.0922429980124525	-0.2482672466423687	49.0	49.0	-0.3524260159475185	-0.4023323849217056	0.3600481749534989
Pelka_2021_Cell.C130	tumor_epithelial	tumor	Epithelial cell	Pelka_2021_Cell	MSI-H	CMS1	2	-0.0921785333537909	-0.2636985925237152	0.1715200591699243	49.0	49.0	-0.4197420961996513	-0.5345122912646426	0.3782380494347463
Pelka_2021_Cell.C132	normal_epithelial	normal	Epithelial cell	Pelka_2021_Cell	missing	missing	36	-0.2715184604384236	0.3948280487424502	-0.6364944532037643	49.0	49.0	-0.4197420961996513	-0.5345122912646426	-0.2884547048206696
Pelka_2021_Cell.C132	tumor_cancer	tumor	Cancer cell	Pelka_2021_Cell	MSI-H	CMS1	79	-0.1157406405442023	-0.0175642547407425	-0.0904430235915279	49.0	49.0	-0.1510529196977346	-0.2753950800930613	0.0598132881361866
Pelka_2021_Cell.C133	normal_epithelial	normal	Epithelial cell	Pelka_2021_Cell	missing	missing	28	-0.2735005444860505	0.8790970515049088	-1.1190127753967771	49.0	49.0	-0.4197420961996513	-0.5345122912646426	-0.2884547048206696
Pelka_2021_Cell.C133	tumor_cancer	tumor	Cancer cell	Pelka_2021_Cell	MSS	CMS3	54	-0.2007624806180744	0.0005428747285768	-0.1719551900712409	49.0	49.0	-0.3171020973525211	-0.3693391175245155	-0.1802503294008628
Pelka_2021_Cell.C133	tumor_epithelial	tumor	Epithelial cell	Pelka_2021_Cell	MSS	CMS3	17	-0.0787589925915348	-0.056704079792866	-0.0126696538012536	49.0	49.0	-0.1210380506681588	-0.5345122912646426	-0.2884547048206696
Pelka_2021_Cell.C134	normal_epithelial	normal	Epithelial cell	Pelka_2021_Cell	missing	missing	67	-0.1691790841766599	0.5339471282491552	-0.6062020833462851	49.0	49.0	-0.2566848062826512	-0.1593182463443175	-0.2884547048206696
Pelka_2021_Cell.C134	tumor_cancer	tumor	Cancer cell	Pelka_2021_Cell	MSS	CMS2	72	0.0511092743703049	-0.2348103453451752	0.2592303003204982	49.0	49.0	0.0263212499599496	-0.5345122912646426	-0.2884547048206696
Pelka_2021_Cell.C135	normal_epithelial	normal	Epithelial cell	Pelka_2021_Cell	missing	missing	27	-0.2463762980125274	0.3469291904856017	-0.6519315894350266	49.0	49.0	-0.4197420961996513	-0.5345122912646426	-0.2884547048206696
Pelka_2021_Cell.C135	tumor_cancer	tumor	Cancer cell	Pelka_2021_Cell	MSS	CMS2	56	0.0047193801424184	-0.107551683029921	0.1092856618080295	49.0	49.0	-0.1087485620155003	-0.200585752270701	-0.1958250158466996
Pelka_2021_Cell.C135	tumor_epithelial	tumor	Epithelial cell	Pelka_2021_Cell	MSS	CMS2	6	0.0255298524065005	-0.101802146518385	0.0670745045047763	49.0	49.0	-0.2629126229582095	-0.43616110721187	-0.2884547048206696
Pelka_2021_Cell.C136	normal_epithelial	normal	Epithelial cell	Pelka_2021_Cell	missing	missing	104	-0.2557371903903938	0.305305754076736	-0.5638605193875292	49.0	49.0	-0.4197420961996513	-0.5345122912646426	-0.2884547048206696
Pelka_2021_Cell.C136	tumor_cancer	tumor	Cancer cell	Pelka_2021_Cell	MSS	CMS2	69	0.0155393776437733	-0.0917351125076764	0.1373800477390096	49.0	49.0	-0.0301499023224885	-0.3044427660978178	-0.1897118836955298
Pelka_2021_Cell.C137	normal_epithelial	normal	Epithelial cell	Pelka_2021_Cell	missing	missing	33	-0.1600971297339584	0.2377424915844385	-0.4828960546775281	49.0	49.0	-0.2941180546670899	-0.5345122912646426	-0.2884547048206696
Pelka_2021_Cell.C137	tumor_cancer	tumor	Cancer cell	Pelka_2021_Cell	MSI-H	CMS1	25	-0.101758832481087	0.0057600935216064	-0.0536199865906857	49.0	49.0	-0.3280399508184787	-0.3961768858726843	0.1639380906627566
Pelka_2021_Cell.C138	normal_epithelial	normal	Epithelial cell	Pelka_2021_Cell	missing	missing	27	-0.1739407382354151	0.6840155763508962	-0.9478853975362288	49.0	49.0	-0.4197420961996513	-0.5345122912646426	-0.2884547048206696
Pelka_2021_Cell.C138	tumor_cancer	tumor	Cancer cell	Pelka_2021_Cell	MSI-H	CMS3	28	-0.0787633050771071	-0.3656928773406079	0.2250960041373037	49.0	49.0	-0.3729416459905088	-0.5345122912646426	-0.2884547048206696
Pelka_2021_Cell.C138	tumor_epithelial	tumor	Epithelial cell	Pelka_2021_Cell	MSI-H	CMS3	6	-0.1314852724575835	0.0050936411072803	-0.1127562942115239	49.0	49.0	-0.1462590671152053	-0.2997113909270649	-0.2884547048206696
Pelka_2021_Cell.C139	normal_epithelial	normal	Epithelial cell	Pelka_2021_Cell	missing	missing	51	-0.2245504671792672	0.3878422033532662	-0.5834333686180241	49.0	49.0	-0.3442956438875548	-0.4090980972832306	-0.2884547048206696
Pelka_2021_Cell.C139	tumor_cancer	tumor	Cancer cell	Pelka_2021_Cell	MSI-H	CMS3	174	0.0249626276686774	0.065696891305494	-0.0546254390700429	49.0	49.0	-0.0998576120668225	0.0632211836158104	-0.1488447952007562
Pelka_2021_Cell.C139	tumor_epithelial	tumor	Epithelial cell	Pelka_2021_Cell	MSI-H	CMS3	5	0.0602278864284218	-0.3592567777458044	0.4669836834284391	49.0	49.0	0.1433236247913647	-0.0463588434358404	-0.2884547048206696
Pelka_2021_Cell.C140	normal_epithelial	normal	Epithelial cell	Pelka_2021_Cell	missing	missing	55	-0.2332139073269325	0.0234183254631357	-0.2152558275919703	49.0	49.0	-0.4197420961996513	-0.5345122912646426	-0.2884547048206696
Pelka_2021_Cell.C140	tumor_cancer	tumor	Cancer cell	Pelka_2021_Cell	MSS	CMS2	135	-0.0130060266676763	-0.0970128384977996	0.0765817116447602	49.0	49.0	-0.0079537908736456	-0.1629765258113807	-0.1896686797970982
Pelka_2021_Cell.C140	tumor_epithelial	tumor	Epithelial cell	Pelka_2021_Cell	MSS	CMS2	3	0.0617927871003452	-0.2117571725540784	0.1783292321014141	49.0	49.0	0.0088864320655622	-0.3532619893545566	-0.1921352918962505
Pelka_2021_Cell.C142	normal_epithelial	normal	Epithelial cell	Pelka_2021_Cell	missing	missing	66	-0.2218233614604826	0.3115365022596238	-0.5055462236061965	49.0	49.0	-0.3423942728419765	-0.4009629883693861	-0.2884547048206696
Pelka_2021_Cell.C142	tumor_cancer	tumor	Cancer cell	Pelka_2021_Cell	MSI-H	CMS3	54	-0.0280732148357831	0.0107121014283925	0.0225607832728354	49.0	49.0	-0.1729129007854216	-0.0340497115478558	-0.2884547048206696
Pelka_2021_Cell.C142	tumor_epithelial	tumor	Epithelial cell	Pelka_2021_Cell	MSI-H	CMS3	5	-0.1458128864282472	-0.4856774106861884	0.4089210099651433	49.0	49.0	-0.4197420961996513	-0.5345122912646426	-0.2884547048206696
Pelka_2021_Cell.C143	normal_epithelial	normal	Epithelial cell	Pelka_2021_Cell	missing	missing	74	-0.2289270439106873	0.3551760426913654	-0.5837102052377812	49.0	49.0	-0.4197420961996513	-0.5345122912646426	-0.2884547048206696
Pelka_2021_Cell.C143	tumor_cancer	tumor	Cancer cell	Pelka_2021_Cell	MSI-H	CMS1	66	0.0082007548376586	0.0345616779142243	0.0128705236702602	49.0	49.0	-0.0374740441080839	0.1875286343007365	0.0520999922490426
Pelka_2021_Cell.C143	tumor_epithelial	tumor	Epithelial cell	Pelka_2021_Cell	MSI-H	CMS1	1	-0.143310583957917	-0.2649101429810652	0.1215995590231481	49.0	49.0	0.11980668333571	-0.5345122912646426	-0.2884547048206696
Pelka_2021_Cell.C144	tumor_cancer	tumor	Cancer cell	Pelka_2021_Cell	MSI-H	CMS1	51	-0.1384474984690909	-0.002898322722384	-0.0465230079814654	49.0	49.0	-0.256681618948736	-0.187623662668237	-0.2884547048206696
Pelka_2021_Cell.C144	tumor_epithelial	tumor	Epithelial cell	Pelka_2021_Cell	MSI-H	CMS1	3	-0.2891913407178062	-0.4548104628429584	0.1656191221251522	49.0	49.0	-0.4197420961996513	-0.5345122912646426	-0.2884547048206696
Pelka_2021_Cell.C145	tumor_cancer	tumor	Cancer cell	Pelka_2021_Cell	MSS	missing	112	-0.2070056315607746	-0.1223709539706953	-0.0585534776423341	49.0	49.0	-0.3634202431410755	-0.5009280865482474	-0.2884547048206696
Pelka_2021_Cell.C145	tumor_epithelial	tumor	Epithelial cell	Pelka_2021_Cell	MSS	missing	24	-0.1803787154515713	-0.2451993884071215	0.0503732427469062	49.0	49.0	-0.2809971009685029	-0.3499770633712225	-0.2884547048206696
Pelka_2021_Cell.C146	tumor_cancer	tumor	Cancer cell	Pelka_2021_Cell	MSI-H	CMS1	100	-0.1739651000090565	0.1202972794252577	-0.2899852564240334	49.0	49.0	-0.3537226493031067	-0.4513356938812934	-0.1153355401679979
Pelka_2021_Cell.C146	tumor_epithelial	tumor	Epithelial cell	Pelka_2021_Cell	MSI-H	CMS1	9	-0.1925135205018761	-0.0320861504319957	-0.0823547757806032	49.0	49.0	-0.106826835385399	-0.5345122912646426	-0.2884547048206696
Pelka_2021_Cell.C147	tumor_cancer	tumor	Cancer cell	Pelka_2021_Cell	MSI-H	CMS1	115	-0.0652466521376815	-0.0381637237659057	-0.01143864335598	49.0	49.0	-0.2443633141698028	-0.1941559315919266	-0.0218051337342264
Pelka_2021_Cell.C149	tumor_cancer	tumor	Cancer cell	Pelka_2021_Cell	MSS	CMS2	83	-0.1459774096266557	0.1148301137193624	-0.2764061996357527	49.0	49.0	-0.2594816115943421	-0.4628124765610837	-0.2266014916673219
Pelka_2021_Cell.C149	tumor_epithelial	tumor	Epithelial cell	Pelka_2021_Cell	MSS	CMS2	1	-0.230402330983609	-0.4800025412620253	0.2496002102784163	49.0	49.0	0.2964730292228272	-0.5345122912646426	-0.2884547048206696
Pelka_2021_Cell.C150	tumor_cancer	tumor	Cancer cell	Pelka_2021_Cell	MSS	CMS2	77	-0.055471477729572	-0.1023734304588556	0.0491863120265607	49.0	49.0	-0.1270918939646589	-0.3988429728833304	-0.2188593632751825
Pelka_2021_Cell.C151	normal_epithelial	normal	Epithelial cell	Pelka_2021_Cell	missing	missing	108	-0.2202244871059813	0.5143535127816878	-0.7719865087652941	49.0	49.0	-0.4197420961996513	-0.5345122912646426	-0.2884547048206696
Pelka_2021_Cell.C151	tumor_cancer	tumor	Cancer cell	Pelka_2021_Cell	MSI-H	missing	20	-0.0218221833819124	0.0002951095647044	-0.007651180930739	49.0	49.0	-0.2656224826160225	-0.2786421315910476	0.2645031743513187
Pelka_2021_Cell.C152	normal_epithelial	normal	Epithelial cell	Pelka_2021_Cell	missing	missing	66	-0.2012371545042905	0.3884289348639897	-0.5467774789743096	49.0	49.0	-0.4197420961996513	-0.5345122912646426	-0.2884547048206696
Pelka_2021_Cell.C152	tumor_cancer	tumor	Cancer cell	Pelka_2021_Cell	MSI-H	CMS3	57	-0.2152111029078668	0.0057324281977187	-0.213090176577351	49.0	49.0	-0.3587998987151274	-0.4529829989781166	-0.1026787056109435
Pelka_2021_Cell.C152	tumor_epithelial	tumor	Epithelial cell	Pelka_2021_Cell	MSI-H	CMS3	1	-0.2757938538280486	-0.4352228646132296	0.159429010785181	49.0	49.0	-0.4197420961996513	-0.5345122912646426	-0.2884547048206696
Pelka_2021_Cell.C153	tumor_cancer	tumor	Cancer cell	Pelka_2021_Cell	MSS	CMS2	137	-0.0710792543484673	0.0069733265506185	-0.0821195264521273	49.0	49.0	-0.2411607704827511	-0.5345122912646426	-0.2023334987999816
Pelka_2021_Cell.C154	tumor_cancer	tumor	Cancer cell	Pelka_2021_Cell	MSI-H	CMS3	91	-0.1706050175212629	-0.1226649939259628	-0.0383619471461532	49.0	49.0	-0.3049350184230329	-0.2760117371294752	0.0089069829765116
Pelka_2021_Cell.C154	tumor_epithelial	tumor	Epithelial cell	Pelka_2021_Cell	MSI-H	CMS3	5	-0.080057801993428	-0.2606400326225135	0.1712022047589526	49.0	49.0	-0.2703088143013856	-0.1858346335020225	-0.1832626760380356
Pelka_2021_Cell.C155	normal_epithelial	normal	Epithelial cell	Pelka_2021_Cell	missing	missing	46	-0.2515443168187343	0.48788658201227	-0.70741816418995	49.0	49.0	-0.4197420961996513	-0.5345122912646426	-0.2884547048206696
Pelka_2021_Cell.C155	tumor_cancer	tumor	Cancer cell	Pelka_2021_Cell	MSS	CMS3	69	-0.0035608499062514	-0.1837183295063508	0.1630021733074415	49.0	49.0	-0.0613185138574469	-0.2288375634410211	-0.0815264209163283
Pelka_2021_Cell.C155	tumor_epithelial	tumor	Epithelial cell	Pelka_2021_Cell	MSS	CMS3	7	-0.1298072234144717	-0.1489531503412507	0.0807186816866752	49.0	49.0	-0.1676604725679735	-0.1179513974421965	-0.2884547048206696
Pelka_2021_Cell.C156	tumor_cancer	tumor	Cancer cell	Pelka_2021_Cell	MSI-H	CMS1	19	-0.034669201937579	-0.0879603533456393	-0.0330557318514781	49.0	49.0	-0.1808413475953002	-0.3123394098814482	0.4094777160947532
Pelka_2021_Cell.C156	tumor_epithelial	tumor	Epithelial cell	Pelka_2021_Cell	MSI-H	CMS1	21	0.0027085903510078	-0.2286690079531859	0.2736706298353316	49.0	49.0	-0.2639634741240398	-0.4324982235932222	-0.2884547048206696
Pelka_2021_Cell.C157	normal_epithelial	normal	Epithelial cell	Pelka_2021_Cell	missing	missing	68	-0.2129502651070836	0.1829121098309037	-0.4249016386829561	49.0	49.0	-0.4197420961996513	-0.5345122912646426	-0.2884547048206696
Pelka_2021_Cell.C157	tumor_cancer	tumor	Cancer cell	Pelka_2021_Cell	MSS	CMS2	99	0.144841109181126	0.0028315687164947	0.123847217777915	49.0	49.0	0.1435677854979272	0.01988805480144	-0.1348968429105803
Pelka_2021_Cell.C157	tumor_epithelial	tumor	Epithelial cell	Pelka_2021_Cell	MSS	CMS2	6	-0.1760669810394265	-0.2558759551935523	0.1089382303894178	49.0	49.0	-0.2169003092275057	-0.1984994971259041	-0.2121157682642716
Pelka_2021_Cell.C158	tumor_cancer	tumor	Cancer cell	Pelka_2021_Cell	MSI-H	CMS3	44	0.0093458231094678	-0.1669021768146066	0.1466915512942286	49.0	49.0	-0.247414416384434	-0.3012828201772801	-0.040268743734425
Pelka_2021_Cell.C158	tumor_epithelial	tumor	Epithelial cell	Pelka_2021_Cell	MSI-H	missing	2	-0.0057549699743422	-0.0699525559740563	0.064197585999714	49.0	49.0	0.224074101341477	0.4868291155287072	-0.141035109311155
Pelka_2021_Cell.C159	tumor_cancer	tumor	Cancer cell	Pelka_2021_Cell	MSS	CMS3	43	0.0082325622252817	-0.1807718457096185	0.1549527266271837	49.0	49.0	-0.0310898666568727	0.0999772863824447	0.0031244176124177
Pelka_2021_Cell.C159	tumor_epithelial	tumor	Epithelial cell	Pelka_2021_Cell	MSS	CMS3	16	-0.0396999042552609	-0.2170740830933044	0.1923160840371041	49.0	49.0	-0.0897200563785196	-0.3275493863430299	-0.2378297730337359
Pelka_2021_Cell.C160	tumor_cancer	tumor	Cancer cell	Pelka_2021_Cell	MSS	CMS1	107	-0.0925261185551251	-0.1110261914831379	0.0287904410398459	49.0	49.0	-0.2592708193975746	-0.2290437737707369	0.15708605965756
Pelka_2021_Cell.C160	tumor_epithelial	tumor	Epithelial cell	Pelka_2021_Cell	MSS	CMS1	2	-0.0710448985235516	0.0054202616624818	-0.0764651601860334	49.0	49.0	-0.1969160392012955	-0.2071595125291928	-0.2884547048206696
Pelka_2021_Cell.C161	tumor_cancer	tumor	Cancer cell	Pelka_2021_Cell	MSS	CMS2	99	0.04636348499858	-0.1276321337888172	0.1802229274486224	49.0	49.0	0.2203423204788331	-0.1173854947899846	-0.202692351411248
Pelka_2021_Cell.C161	tumor_epithelial	tumor	Epithelial cell	Pelka_2021_Cell	MSS	CMS2	1	0.0870328620645916	-0.1810965616011181	0.2681294236657097	49.0	49.0	-0.1219400781883146	-0.5345122912646426	-0.1112845222328567
Pelka_2021_Cell.C162	normal_epithelial	normal	Epithelial cell	Pelka_2021_Cell	missing	missing	35	-0.2607376213382034	0.2710587464678908	-0.4852583236906639	49.0	49.0	-0.4197420961996513	-0.5345122912646426	-0.2884547048206696
Pelka_2021_Cell.C162	tumor_cancer	tumor	Cancer cell	Pelka_2021_Cell	MSS	CMS2	349	0.0559060718987837	-0.1820647195972308	0.2283460353738534	49.0	49.0	0.1709145303878158	0.0218683235200124	-0.179679562514721
Pelka_2021_Cell.C162	tumor_epithelial	tumor	Epithelial cell	Pelka_2021_Cell	MSS	CMS2	394	-0.1421671355679206	-0.1573266532406996	0.0369900902161596	49.0	49.0	-0.1739772920269021	-0.15544501646531	-0.2884547048206696
Pelka_2021_Cell.C163	tumor_cancer	tumor	Cancer cell	Pelka_2021_Cell	MSI-H	CMS3	96	-0.0227867014326005	-0.1494449450322256	0.1471743566360946	49.0	49.0	0.0710317597301789	0.1350869987518095	-0.1583330599508963
Pelka_2021_Cell.C163	tumor_epithelial	tumor	Epithelial cell	Pelka_2021_Cell	MSI-H	CMS3	14	-0.1553564789058257	-0.3545187072793038	0.2107886163901735	49.0	49.0	0.2168844650678982	0.8487132615531654	-0.2884547048206696
Pelka_2021_Cell.C164	tumor_cancer	tumor	Cancer cell	Pelka_2021_Cell	MSI-H	missing	67	0.1268459947795061	0.1257793670095706	-0.0149857320334086	49.0	49.0	0.1494825358046182	0.7467793595755787	-0.0878600857751706
Pelka_2021_Cell.C164	tumor_epithelial	tumor	Epithelial cell	Pelka_2021_Cell	MSI-H	missing	4	-0.0369241126292123	0.0726704742761058	-0.0754960635565554	49.0	49.0	-0.015325211021107	0.0350617034935674	-0.2884547048206696
Pelka_2021_Cell.C165	normal_epithelial	normal	Epithelial cell	Pelka_2021_Cell	missing	missing	6	-0.2115438170834515	-0.0077601247984871	-0.1822654114435838	49.0	49.0	-0.4197420961996513	-0.5345122912646426	-0.2884547048206696
Pelka_2021_Cell.C165	tumor_cancer	tumor	Cancer cell	Pelka_2021_Cell	MSI-H	CMS3	48	0.3544547165026352	-0.2166402998850614	0.5824340508063779	49.0	49.0	-0.2311586773089124	-0.1221397615926676	-0.1660868167296438
Pelka_2021_Cell.C166	tumor_cancer	tumor	Cancer cell	Pelka_2021_Cell	MSS	CMS2	251	0.2529610869869964	-0.0913210947335424	0.3316724146118598	49.0	49.0	0.2499717191028572	0.0403660663632183	-0.0258153200056603
Pelka_2021_Cell.C166	tumor_epithelial	tumor	Epithelial cell	Pelka_2021_Cell	MSS	CMS2	33	0.1475602296835751	-0.0651609377110569	0.2681294083456285	49.0	49.0	-0.09486932587504	-0.2605529649123964	-0.2032427007395014
Pelka_2021_Cell.C167	tumor_cancer	tumor	Cancer cell	Pelka_2021_Cell	MSI-H	CMS1	13	-0.1663709365714258	-0.3342445060505542	0.1829735976879061	49.0	49.0	-0.4197420961996513	-0.5345122912646426	-0.1399969547621445
Pelka_2021_Cell.C168	tumor_cancer	tumor	Cancer cell	Pelka_2021_Cell	MSI-H	CMS1	33	-0.1513874677336765	-0.1052295986501849	-0.0570622508098089	49.0	49.0	-0.3019468630205928	-0.3286740184875661	0.6153325524051789
Pelka_2021_Cell.C169	tumor_cancer	tumor	Cancer cell	Pelka_2021_Cell	MSI-H	CMS1	34	0.0149390058046502	-0.1280663172494973	0.1304943454452956	49.0	49.0	0.0826772524313363	0.5421439782491275	0.1719532472888399
Pelka_2021_Cell.C170	normal_epithelial	normal	Epithelial cell	Pelka_2021_Cell	missing	missing	1	-0.2952997781314713	0.0256156633571292	-0.3209154414886006	49.0	49.0	-0.4197420961996513	-0.5345122912646426	-0.2884547048206696
Pelka_2021_Cell.C170	tumor_cancer	tumor	Cancer cell	Pelka_2021_Cell	MSI-H	CMS1	177	-0.0945354596178355	-0.1392194966095787	0.0541383511590718	49.0	49.0	-0.1484938692103545	-0.0207540379960597	0.0075024911175609
Pelka_2021_Cell.C171	tumor_cancer	tumor	Cancer cell	Pelka_2021_Cell	MSS	CMS3	202	0.1442643667484479	-0.0858863317279964	0.2818718162071921	49.0	49.0	0.1420261570291829	0.0173158779491746	-0.1909355062890704
Pelka_2021_Cell.C171	tumor_epithelial	tumor	Epithelial cell	Pelka_2021_Cell	MSS	CMS3	14	0.068034364366051	-0.2283658564630449	0.3610342558877004	49.0	49.0	0.1495014285135859	0.0535837926860691	-0.1984860805717585
Pelka_2021_Cell.C172	tumor_cancer	tumor	Cancer cell	Pelka_2021_Cell	MSS	missing	17	0.0459727719429006	-0.024902667102126	0.0862201500913025	49.0	49.0	-0.0737818282142318	0.0303543067526656	0.1337434748275788
Pelka_2021_Cell.C172	tumor_epithelial	tumor	Epithelial cell	Pelka_2021_Cell	MSS	missing	4	-0.1145157420142673	0.0014864492658481	-0.024579990221682	49.0	49.0	-0.2583106897101686	-0.3576580175038396	-0.2884547048206696
Pelka_2021_Cell.C173	tumor_cancer	tumor	Cancer cell	Pelka_2021_Cell	MSI-H	CMS1	32	-0.003298760346398	-0.2810151009567403	0.2996144778197702	49.0	49.0	-0.2111878459507294	-0.2952568165363629	-0.0865912459599231
Pelka_2021_Cell.C173	tumor_epithelial	tumor	Epithelial cell	Pelka_2021_Cell	MSI-H	CMS1	3	-0.1065622702308184	-0.2209016315905251	0.1201456954223608	49.0	49.0	-0.2706136525856052	-0.1865459228318683	-0.2884547048206696
Qi_2022_Nat_Commun.P1	normal_epithelial	normal	Epithelial cell	Qi_2022_Nat_Commun	missing	missing	3	0.360417569402222	-0.4077921906020262	0.7682097600042483	49.0	49.0	-0.0263044665613053	-0.5345122912646426	0.2602459533605908
Qi_2022_Nat_Commun.P1	tumor_cancer	tumor	Cancer cell	Qi_2022_Nat_Commun	missing	CMS4	20	0.0578485069627854	-0.0172442130231103	0.2628845302467624	49.0	49.0	-0.2063084045698451	-0.1291217004571204	-0.2884547048206696
Qi_2022_Nat_Commun.P2	normal_epithelial	normal	Epithelial cell	Qi_2022_Nat_Commun	missing	missing	2	-0.1946294653463766	-0.1215880361136522	-0.0730414292327244	49.0	49.0	-0.1906077152884111	0.0001345975282511	0.6418423228173222
Qi_2022_Nat_Commun.P2	tumor_cancer	tumor	Cancer cell	Qi_2022_Nat_Commun	missing	CMS4	50	-0.1422121515629343	0.0080102311597755	-0.1621789559134239	49.0	49.0	-0.4197420961996513	-0.5345122912646426	-0.2884547048206696
Qi_2022_Nat_Commun.P2	tumor_epithelial	tumor	Epithelial cell	Qi_2022_Nat_Commun	missing	CMS4	2	-0.1359024606463748	-0.3807559626508235	0.2448535020044487	49.0	49.0	-0.05704946993724	0.3117705033476505	-0.1938631916964542
Qi_2022_Nat_Commun.P3	normal_epithelial	normal	Epithelial cell	Qi_2022_Nat_Commun	missing	missing	93	-0.1286073185903431	0.294314078192528	-0.3883767365588884	49.0	49.0	-0.1617624610173905	-0.1334330321711988	-0.2343433494086148
Qi_2022_Nat_Commun.P3	tumor_cancer	tumor	Cancer cell	Qi_2022_Nat_Commun	missing	CMS2	145	-0.1020362683030654	-0.0511643211058496	-0.0031925046311443	49.0	49.0	-0.0876880554435475	-0.5345122912646426	-0.2461486269888254
Qi_2022_Nat_Commun.P4	normal_epithelial	normal	Epithelial cell	Qi_2022_Nat_Commun	missing	missing	13	-0.073533868088652	0.1986551754436944	-0.1408531551107086	49.0	49.0	-0.4197420961996513	-0.5345122912646426	-0.2884547048206696
Qi_2022_Nat_Commun.P4	tumor_cancer	tumor	Cancer cell	Qi_2022_Nat_Commun	missing	CMS4	77	-0.112785720264177	-0.0588433116971465	0.0282884610911322	49.0	49.0	-0.2134874105486377	-0.5345122912646426	-0.2884547048206696
Qi_2022_Nat_Commun.P4	tumor_epithelial	tumor	Epithelial cell	Qi_2022_Nat_Commun	missing	CMS4	9	-0.1709748046487683	-0.3862736822817986	0.3231822342523471	49.0	49.0	-0.2736426927482985	-0.350634089217661	-0.2884547048206696
Qi_2022_Nat_Commun.P5	normal_epithelial	normal	Epithelial cell	Qi_2022_Nat_Commun	missing	missing	12	-0.0470370741775464	0.1348636291598539	-0.130797610571511	49.0	49.0	-0.2217865388745102	-0.3183328839531132	-0.2884547048206696
Qi_2022_Nat_Commun.P5	tumor_cancer	tumor	Cancer cell	Qi_2022_Nat_Commun	missing	CMS4	37	-0.0687456340888315	-0.3141159427794922	0.2437718112198662	49.0	49.0	-0.2756142712038845	-0.5345122912646426	-0.2884547048206696
Qian_2020_Cell_Res.P31	normal_epithelial	normal	Epithelial cell	Qian_2020_Cell_Res	MSI-H	missing	19	-0.2413433028985411	0.2057795807766939	-0.3861586247196017	49.0	49.0	-0.4197420961996513	-0.5345122912646426	-0.2884547048206696
Qian_2020_Cell_Res.P31	tumor_cancer	tumor	Cancer cell	Qian_2020_Cell_Res	MSI-H	CMS1	164	-0.1962296144402484	0.0520440212203837	-0.2366106973558805	49.0	49.0	-0.4197420961996513	-0.5345122912646426	-0.2884547048206696
Qian_2020_Cell_Res.P31	tumor_epithelial	tumor	Epithelial cell	Qian_2020_Cell_Res	MSI-H	CMS1	1	-0.1422475533759616	0.1361161743935883	-0.27836372776955	49.0	49.0	-0.2906995121377844	-0.2334129284536195	-0.1042340555621096
Qian_2020_Cell_Res.P32	normal_epithelial	normal	Epithelial cell	Qian_2020_Cell_Res	MSS	missing	30	-0.191248124518619	0.1825194209631089	-0.3830588968182133	49.0	49.0	-0.2712684850592046	-0.3397667837558928	-0.2884547048206696
Qian_2020_Cell_Res.P32	tumor_cancer	tumor	Cancer cell	Qian_2020_Cell_Res	MSS	CMS4	105	-0.2140041650408625	-0.3051632567461553	0.1102971208418338	49.0	49.0	-0.4197420961996513	-0.5345122912646426	-0.2884547048206696
Qian_2020_Cell_Res.P32	tumor_epithelial	tumor	Epithelial cell	Qian_2020_Cell_Res	MSS	CMS4	1	-0.1553380364540466	0.350338220215763	-0.5056762566698096	49.0	49.0	-0.0743847457886231	0.2713215263610899	-0.028019175056401
Qian_2020_Cell_Res.P33	normal_epithelial	normal	Epithelial cell	Qian_2020_Cell_Res	MSS	missing	32	-0.2857225836941105	0.4446180556033764	-0.6939583706862458	49.0	49.0	-0.4197420961996513	-0.5345122912646426	-0.2884547048206696
Qian_2020_Cell_Res.P33	tumor_cancer	tumor	Cancer cell	Qian_2020_Cell_Res	MSS	CMS4	120	-0.0553374866897742	-0.1755921629357897	0.117741321718701	49.0	49.0	-0.2590188837837258	-0.3299848293027636	-0.2884547048206696
Qian_2020_Cell_Res.P33	tumor_epithelial	tumor	Epithelial cell	Qian_2020_Cell_Res	MSS	CMS4	5	0.0653007617800594	0.0682324227689115	0.1389814078011296	49.0	49.0	0.0418409536498463	-0.263692058649114	-0.2884547048206696
Qian_2020_Cell_Res.P35	normal_epithelial	normal	Epithelial cell	Qian_2020_Cell_Res	MSS	missing	22	-0.1756225731693499	-0.037123317999051	-0.0889691334674244	49.0	49.0	-0.3543791836631987	-0.435313748081659	-0.2884547048206696
Qian_2020_Cell_Res.P35	tumor_cancer	tumor	Cancer cell	Qian_2020_Cell_Res	MSS	CMS4	86	-0.2056723532255974	-0.2461797607871614	0.0475446519209563	49.0	49.0	-0.4197420961996513	-0.5345122912646426	-0.2884547048206696
Qian_2020_Cell_Res.P36	normal_epithelial	normal	Epithelial cell	Qian_2020_Cell_Res	MSS	missing	4	-0.2575025092909922	-0.1462286737957975	-0.1422573750640952	49.0	49.0	-0.4197420961996513	-0.5345122912646426	-0.2884547048206696
Qian_2020_Cell_Res.P36	tumor_cancer	tumor	Cancer cell	Qian_2020_Cell_Res	MSS	CMS4	8	-0.0811874890418244	0.0017077025046496	-0.0640144794831194	49.0	49.0	-0.3342341183952909	-0.3926210949180742	-0.2884547048206696
Qian_2020_Cell_Res.P37	normal_epithelial	normal	Epithelial cell	Qian_2020_Cell_Res	MSS	missing	2	-0.1978646298051359	0.470450166250188	-0.6683147960553238	49.0	49.0	-0.0949324858693242	-0.1219616757436275	0.208059222994574
Qian_2020_Cell_Res.P37	tumor_cancer	tumor	Cancer cell	Qian_2020_Cell_Res	MSS	CMS4	9	0.2404759415406273	-0.1123817806664096	0.3582190979123814	49.0	49.0	0.1273894387729569	0.0733296269553227	-0.1235519696075638
Qian_2020_Cell_Res.P38	normal_epithelial	normal	Epithelial cell	Qian_2020_Cell_Res	MSS	missing	24	-0.1935576662115166	0.20950549642387	-0.3539679588287913	49.0	49.0	-0.2684576642762135	-0.2204161817057396	0.0529607574398956
Qian_2020_Cell_Res.P38	tumor_cancer	tumor	Cancer cell	Qian_2020_Cell_Res	MSS	CMS2	24	0.0087099380256066	-0.1652918156890633	0.2735989072367489	49.0	49.0	-0.0830414595109296	-0.0222013212980723	-0.2664175631212896
Sathe_2023_Clin_Cancer_Res.P5915	metastasis_cancer	metastasis	Cancer cell	Sathe_2023_Clin_Cancer_Res	MSS	missing	159	-0.2309158940572136	-0.3633804012654387	0.1346574561308129	49.0	49.0	-0.4197420961996513	-0.5345122912646426	-0.2884547048206696
Sathe_2023_Clin_Cancer_Res.P6198	metastasis_cancer	metastasis	Cancer cell	Sathe_2023_Clin_Cancer_Res	MSS	missing	749	-0.0763921558866428	-0.4503133108653922	0.3828003330137812	49.0	49.0	-0.1666250458434021	-0.5345122912646426	-0.2884547048206696
Sathe_2023_Clin_Cancer_Res.P6198	metastasis_epithelial	metastasis	Epithelial cell	Sathe_2023_Clin_Cancer_Res	MSS	missing	23	-0.071174188358649	-0.2880891934835111	0.307121326346028	49.0	49.0	0.1998390371308846	-0.5345122912646426	-0.2884547048206696
Sathe_2023_Clin_Cancer_Res.P6335	metastasis_cancer	metastasis	Cancer cell	Sathe_2023_Clin_Cancer_Res	MSS	missing	37	0.079087166868205	-0.2126240755441839	0.2990867464521807	49.0	49.0	0.4227745138036337	-0.269934520869401	-0.2884547048206696
Sathe_2023_Clin_Cancer_Res.P6335	metastasis_epithelial	metastasis	Epithelial cell	Sathe_2023_Clin_Cancer_Res	MSS	missing	1	0.1598150268677545	-0.1142569817600996	0.2740720086278542	49.0	49.0	0.1244333036136876	-0.5345122912646426	-0.2884547048206696
Sathe_2023_Clin_Cancer_Res.P8640	metastasis_cancer	metastasis	Cancer cell	Sathe_2023_Clin_Cancer_Res	MSS	missing	1	-0.1147831166435665	-0.4343991608797479	0.3196160442361814	49.0	49.0	1.3588090307721017	1.054926779546126	-0.2884547048206696
Smillie_2019_Cell.N10	normal_epithelial	normal	Epithelial cell	Smillie_2019_Cell	missing	missing	225	-0.2461491851338957	0.5068614186543704	-0.724823384806399	49.0	49.0	-0.4197420961996513	-0.5345122912646426	-0.1311452050803292
Smillie_2019_Cell.N11	normal_epithelial	normal	Epithelial cell	Smillie_2019_Cell	missing	missing	180	-0.2796228488502943	0.5437897331491559	-0.7791477687074222	49.0	49.0	-0.4197420961996513	-0.5345122912646426	-0.2884547048206696
Smillie_2019_Cell.N13	normal_epithelial	normal	Epithelial cell	Smillie_2019_Cell	missing	missing	54	-0.2255832092399106	0.2517722954756801	-0.4290850400146258	49.0	49.0	-0.4197420961996513	-0.5345122912646426	-0.2884547048206696
Smillie_2019_Cell.N15	normal_epithelial	normal	Epithelial cell	Smillie_2019_Cell	missing	missing	199	-0.2189047208587561	0.6191328928591822	-0.8613821057515536	49.0	49.0	-0.4197420961996513	-0.5345122912646426	-0.2884547048206696
Smillie_2019_Cell.N16	normal_epithelial	normal	Epithelial cell	Smillie_2019_Cell	missing	missing	112	-0.2300747571357572	0.4568671767021467	-0.6357248065610756	49.0	49.0	-0.4197420961996513	-0.5345122912646426	-0.2884547048206696
Smillie_2019_Cell.N17	normal_epithelial	normal	Epithelial cell	Smillie_2019_Cell	missing	missing	113	-0.2901909324346943	0.6014443953815556	-0.8880289736221686	49.0	49.0	-0.4197420961996513	-0.5345122912646426	-0.2884547048206696
Smillie_2019_Cell.N18	normal_epithelial	normal	Epithelial cell	Smillie_2019_Cell	missing	missing	101	-0.2262461841731088	0.4582314135436985	-0.6613027516126782	49.0	49.0	-0.3602376740144669	-0.5345122912646426	-0.2884547048206696
Smillie_2019_Cell.N20	normal_epithelial	normal	Epithelial cell	Smillie_2019_Cell	missing	missing	68	-0.2333560407266606	0.5810250670468664	-0.8052306239842043	49.0	49.0	-0.4197420961996513	-0.5345122912646426	-0.2884547048206696
Smillie_2019_Cell.N21	normal_epithelial	normal	Epithelial cell	Smillie_2019_Cell	missing	missing	169	-0.2841693979067055	0.81108241397876	-1.049083490739206	49.0	49.0	-0.4197420961996513	-0.5345122912646426	-0.2884547048206696
Smillie_2019_Cell.N46	normal_epithelial	normal	Epithelial cell	Smillie_2019_Cell	missing	missing	104	-0.2029012114422773	0.3635279796631345	-0.5738130386645874	49.0	49.0	-0.4197420961996513	-0.5345122912646426	-0.2884547048206696
Smillie_2019_Cell.N51	normal_epithelial	normal	Epithelial cell	Smillie_2019_Cell	missing	missing	112	-0.2082640305404774	0.7699059653908149	-0.9554353670868388	49.0	49.0	-0.2915900525635265	-0.27421706372263	-0.1641849945791322
Smillie_2019_Cell.N8	normal_epithelial	normal	Epithelial cell	Smillie_2019_Cell	missing	missing	41	-0.3110871500995049	0.5775856189045483	-0.8605965149224071	49.0	49.0	-0.4197420961996513	-0.5345122912646426	-0.2884547048206696
Thomas_2024_Nat_Med.MC_1	normal_epithelial	normal	Epithelial cell	Thomas_2024_Nat_Med	missing	missing	1	-0.2712857775639162	-0.101608470029318	-0.1696773075345981	49.0	49.0	-0.4197420961996513	-0.5345122912646426	1.331083619230251
Thomas_2024_Nat_Med.MC_2	normal_epithelial	normal	Epithelial cell	Thomas_2024_Nat_Med	missing	missing	1	-0.1630753476375353	0.4452715562717639	-0.6083469039092994	49.0	49.0	-0.4197420961996513	-0.5345122912646426	-0.2884547048206696
Thomas_2024_Nat_Med.SIC_13	normal_epithelial	normal	Epithelial cell	Thomas_2024_Nat_Med	missing	missing	1	-0.2274567364868159	-0.2315597145568542	0.0041029780700382	49.0	49.0	-0.2840686493983516	-0.2179409153949432	-0.2884547048206696
Thomas_2024_Nat_Med.SIC_188	normal_epithelial	normal	Epithelial cell	Thomas_2024_Nat_Med	missing	missing	2	-0.161294409076576	0.3756877671347643	-0.5369821762113405	49.0	49.0	-0.2380898621761972	-0.2614594725350797	0.0236726286117791
Thomas_2024_Nat_Med.SIC_196	normal_epithelial	normal	Epithelial cell	Thomas_2024_Nat_Med	missing	missing	1	-0.2427077810319442	0.326087386185904	-0.5687951672178483	49.0	49.0	-0.4197420961996513	-0.5345122912646426	-0.0228019455419714
Tian_2023_Nat_Med.P02	metastasis_cancer	metastasis	Cancer cell	Tian_2023_Nat_Med	MSS	missing	135	-0.242814502019036	-0.4105226856911507	0.1698751164252777	49.0	49.0	-0.3883095347105917	-0.4923282746524011	-0.2515928880460669
Tian_2023_Nat_Med.P03	metastasis_cancer	metastasis	Cancer cell	Tian_2023_Nat_Med	MSS	missing	52	-0.0596564094744148	-0.2360695733220879	0.1923012710688806	49.0	49.0	-0.2539550393213418	-0.4109056611159558	-0.2635031032785958
Tian_2023_Nat_Med.P07	metastasis_cancer	metastasis	Cancer cell	Tian_2023_Nat_Med	MSS	missing	65	-0.1568838975629486	-0.2173697626350096	0.0635785691766512	49.0	49.0	-0.3791643019412435	-0.4473722066393908	-0.2884547048206696
Tian_2023_Nat_Med.P10	metastasis_cancer	metastasis	Cancer cell	Tian_2023_Nat_Med	MSS	missing	444	-0.2338501508392662	-0.2975469965506409	0.0650222587138252	49.0	49.0	-0.3824362182760882	-0.4827771424992095	-0.2457996885338258
Tian_2023_Nat_Med.P10	metastasis_epithelial	metastasis	Epithelial cell	Tian_2023_Nat_Med	MSS	missing	22	-0.2160143556820502	-0.1308202406716965	-0.0937800249372991	49.0	49.0	-0.1722639925965819	-0.298313469190556	-0.2609793483008472
Tian_2023_Nat_Med.P11	metastasis_cancer	metastasis	Cancer cell	Tian_2023_Nat_Med	MSI	missing	735	-0.2709857396323248	-0.2060393366994082	-0.0604058004117707	49.0	49.0	-0.3881576041758446	-0.4754263297365253	-0.2321415535679876
Tian_2023_Nat_Med.P11	metastasis_epithelial	metastasis	Epithelial cell	Tian_2023_Nat_Med	MSI	missing	1	-0.2767949797457842	-0.1580941877523323	-0.1187007919934519	49.0	49.0	-0.1736833073573686	-0.1780705359136522	-0.2884547048206696
Tian_2023_Nat_Med.P12	metastasis_cancer	metastasis	Cancer cell	Tian_2023_Nat_Med	MSS	missing	366	-0.1747096251992948	-0.3380885924110444	0.173092158111789	49.0	49.0	-0.3608678980462637	-0.4547242416245236	-0.263733949262219
Tian_2023_Nat_Med.P14	metastasis_cancer	metastasis	Cancer cell	Tian_2023_Nat_Med	MSI	missing	8	0.150110328557558	-0.2453540228099804	0.3916922950293457	49.0	49.0	-0.385838712208768	-0.4554043952859147	-0.2507679398450223
Tian_2023_Nat_Med.P15	metastasis_cancer	metastasis	Cancer cell	Tian_2023_Nat_Med	MSS	missing	11	-0.1202308745298609	-0.2385247473356361	0.1368805966257071	49.0	49.0	-0.3542422070578562	-0.4216209828425215	-0.2597826088231479
Tian_2023_Nat_Med.P18	metastasis_cancer	metastasis	Cancer cell	Tian_2023_Nat_Med	MSS	missing	305	-0.0759468920121857	-0.2959792489922778	0.2361738322039346	49.0	49.0	-0.3189381292153061	-0.3954120604184901	-0.2884547048206696
Tian_2023_Nat_Med.P19	metastasis_cancer	metastasis	Cancer cell	Tian_2023_Nat_Med	MSI	missing	121	-0.1633066932379625	-0.3163978025329165	0.1634505006482508	49.0	49.0	-0.2691137103806774	-0.3924206198087914	-0.1693727936084836
Tian_2023_Nat_Med.P20	metastasis_cancer	metastasis	Cancer cell	Tian_2023_Nat_Med	MSS	missing	749	-0.1795035188415342	-0.2874123928012158	0.1124073031156041	49.0	49.0	-0.3816041621426723	-0.5094478618253739	-0.2443635023961664
Tian_2023_Nat_Med.P21	metastasis_cancer	metastasis	Cancer cell	Tian_2023_Nat_Med	MSS	missing	731	-0.1662598715749408	-0.359774049207994	0.2031054537269747	49.0	49.0	-0.3710347609344824	-0.445874400044789	-0.2446543067403767
Tian_2023_Nat_Med.P23	metastasis_cancer	metastasis	Cancer cell	Tian_2023_Nat_Med	MSS	missing	71	-0.1601479981984777	-0.3719915713144772	0.2272173182867378	49.0	49.0	-0.3586254497075626	-0.4141278370032098	-0.2884547048206696
Tian_2023_Nat_Med.P24	metastasis_cancer	metastasis	Cancer cell	Tian_2023_Nat_Med	MSS	missing	2456	-0.2067584951388698	-0.2757103560740133	0.0786448018563252	49.0	49.0	-0.3900166853818205	-0.5345122912646426	-0.1470820618717001
Tian_2023_Nat_Med.P25	metastasis_cancer	metastasis	Cancer cell	Tian_2023_Nat_Med	MSS	missing	57	-0.1763921955220428	-0.1173725575533551	-0.0374680792400262	49.0	49.0	-0.3762790881385972	-0.4995612242550177	-0.2559419529915283
Tian_2023_Nat_Med.P26	metastasis_epithelial	metastasis	Epithelial cell	Tian_2023_Nat_Med	MSI	missing	1	-0.1493405020497596	-0.1867348575564563	0.0373943555066966	49.0	49.0	-0.2028453109330274	-0.3663436238934639	-0.0149462348413415
Tian_2023_Nat_Med.P27	metastasis_cancer	metastasis	Cancer cell	Tian_2023_Nat_Med	MSS	missing	1189	-0.2075999794762596	-0.3008638019812637	0.0977888432994456	49.0	49.0	-0.3212621161828101	-0.4745793678319033	-0.173711360842754
Tian_2023_Nat_Med.P27	metastasis_epithelial	metastasis	Epithelial cell	Tian_2023_Nat_Med	MSS	missing	2	-0.1140514709465312	-0.4914018420679755	0.3773503711214443	49.0	49.0	-0.1335984958957268	-0.3995944795593912	-0.2092372452335353
Tian_2023_Nat_Med.P28	metastasis_cancer	metastasis	Cancer cell	Tian_2023_Nat_Med	MSS	missing	1047	-0.1039042623556302	-0.0923019117368241	0.0054439552786031	49.0	49.0	-0.2467987290504452	-0.4207113066433914	-0.270088370128498
Tian_2023_Nat_Med.P28	metastasis_epithelial	metastasis	Epithelial cell	Tian_2023_Nat_Med	MSS	missing	1	-0.1785910828946793	-0.1374926268816861	-0.0410984560129931	49.0	49.0	-0.2614151957336295	-0.5345122912646426	-0.1882220588084103
Tian_2023_Nat_Med.P29	metastasis_cancer	metastasis	Cancer cell	Tian_2023_Nat_Med	MSS	missing	174	-0.0974011052632626	-0.4806364300025308	0.3775282003265505	49.0	49.0	-0.3120915653007466	-0.4802813637154289	-0.138924508289055
Tian_2023_Nat_Med.P29	metastasis_epithelial	metastasis	Epithelial cell	Tian_2023_Nat_Med	MSS	missing	2	-0.0061593882349492	-0.4846749967309605	0.4785156084960112	49.0	49.0	-0.3388382284682371	-0.5046883338986021	-0.2078249853945304
Tian_2023_Nat_Med.P30	metastasis_cancer	metastasis	Cancer cell	Tian_2023_Nat_Med	MSS	missing	62	-0.0810181256657974	-0.248733356199669	0.1768401678738463	49.0	49.0	-0.2651064173354721	-0.407372269381124	-0.2620751599876159
Tian_2023_Nat_Med.P32	metastasis_cancer	metastasis	Cancer cell	Tian_2023_Nat_Med	MSS	missing	47	-0.1407873766087228	-0.1712374110468848	-0.017371575308884	49.0	49.0	-0.198075948279783	-0.3476489612783882	-0.270189430124667
Tian_2023_Nat_Med.P33	metastasis_cancer	metastasis	Cancer cell	Tian_2023_Nat_Med	MSS	missing	1498	-0.2124879561444796	-0.2366438271436955	0.0435707853791171	49.0	49.0	-0.3940924801133705	-0.5345122912646426	-0.1488893582753206
Tian_2023_Nat_Med.P34	metastasis_cancer	metastasis	Cancer cell	Tian_2023_Nat_Med	MSS	missing	547	-0.2498693089389663	-0.3793707093744767	0.1333187028853527	49.0	49.0	-0.3339206226186859	-0.4608339097918909	-0.2419127277553809
Tian_2023_Nat_Med.P34	metastasis_epithelial	metastasis	Epithelial cell	Tian_2023_Nat_Med	MSS	missing	1	-0.2091898831992587	-0.4851552628569203	0.2759653796576616	49.0	49.0	-0.2783558224297648	-0.3773280136622618	-0.2884547048206696
Tian_2023_Nat_Med.P35	metastasis_cancer	metastasis	Cancer cell	Tian_2023_Nat_Med	MSS	missing	60	-0.2235856462520732	-0.4294573060771223	0.2290868879282598	49.0	49.0	-0.3721048521947968	-0.4699578040508163	-0.2192866484432544
Tian_2023_Nat_Med.P36	metastasis_cancer	metastasis	Cancer cell	Tian_2023_Nat_Med	MSS	missing	216	0.0021385352432681	-0.4300046810390932	0.4268660966074074	49.0	49.0	-0.2496662465352657	-0.4341073060809862	-0.2202650159181386
Uhlitz_2021_EMBO_Mol_Med.P007	normal_epithelial	normal	Epithelial cell	Uhlitz_2021_EMBO_Mol_Med	MSS	missing	28	-0.1435634895629691	0.1790446729374177	-0.3280672882548235	49.0	49.0	-0.4197420961996513	-0.5345122912646426	-0.2884547048206696
Uhlitz_2021_EMBO_Mol_Med.P007	tumor_cancer	tumor	Cancer cell	Uhlitz_2021_EMBO_Mol_Med	MSS	CMS1	52	0.1014470049634394	-0.1605954314863257	0.275442855572928	49.0	49.0	-0.0650168058291948	-0.0643908156266178	-0.1666752178391532
Uhlitz_2021_EMBO_Mol_Med.P007	tumor_epithelial	tumor	Epithelial cell	Uhlitz_2021_EMBO_Mol_Med	MSS	CMS1	1	0.1593214462425308	-0.5429727052631655	0.7022941515056964	49.0	49.0	0.6537729607737214	0.6581213073477618	-0.2884547048206696
Uhlitz_2021_EMBO_Mol_Med.P008	normal_epithelial	normal	Epithelial cell	Uhlitz_2021_EMBO_Mol_Med	MSS	missing	46	-0.1093341225433818	0.3004735889096707	-0.3834401514363751	49.0	49.0	-0.2423685623174667	-0.1996627358228251	-0.2884547048206696
Uhlitz_2021_EMBO_Mol_Med.P008	tumor_cancer	tumor	Cancer cell	Uhlitz_2021_EMBO_Mol_Med	MSS	CMS4	25	0.1072273609644474	-0.0980731139399448	0.2254277591197504	49.0	49.0	-0.1786562116882417	-0.1208394411221643	-0.2047289605442821
Uhlitz_2021_EMBO_Mol_Med.P008	tumor_epithelial	tumor	Epithelial cell	Uhlitz_2021_EMBO_Mol_Med	MSS	CMS4	12	-0.0375248649228011	-0.0568229966102056	0.029832022562632	49.0	49.0	-0.0334605876879228	-0.0875137722215563	-0.2884547048206696
Uhlitz_2021_EMBO_Mol_Med.P009	normal_epithelial	normal	Epithelial cell	Uhlitz_2021_EMBO_Mol_Med	MSS	missing	307	-0.2042280606558228	0.5523751918628615	-0.7329052167283271	49.0	49.0	-0.4197420961996513	-0.5345122912646426	-0.2884547048206696
Uhlitz_2021_EMBO_Mol_Med.P009	tumor_cancer	tumor	Cancer cell	Uhlitz_2021_EMBO_Mol_Med	MSS	CMS2	223	0.0172348412410435	0.0678796490985945	-0.0457256208126041	49.0	49.0	-0.0932053633386885	0.0477255616607027	-0.1553839316478772
Uhlitz_2021_EMBO_Mol_Med.P009	tumor_epithelial	tumor	Epithelial cell	Uhlitz_2021_EMBO_Mol_Med	MSS	CMS3	28	-0.1111597944068278	-0.4156083654131894	0.3369117685600415	49.0	49.0	-0.0592704557060619	-0.0208491300530845	-0.2884547048206696
Uhlitz_2021_EMBO_Mol_Med.P012	normal_epithelial	normal	Epithelial cell	Uhlitz_2021_EMBO_Mol_Med	MSS	missing	51	-0.1572934937260872	0.8788202895308533	-1.0379739579513791	49.0	49.0	-0.4197420961996513	-0.5345122912646426	-0.2884547048206696
Uhlitz_2021_EMBO_Mol_Med.P012	tumor_cancer	tumor	Cancer cell	Uhlitz_2021_EMBO_Mol_Med	MSS	CMS2	46	0.1589746365256774	-0.0243077225162751	0.1521262495188194	49.0	49.0	-0.0269285200926092	0.3115938498854573	-0.2884547048206696
Uhlitz_2021_EMBO_Mol_Med.P012	tumor_epithelial	tumor	Epithelial cell	Uhlitz_2021_EMBO_Mol_Med	MSS	CMS2	3	-0.1279483428560218	-0.4636349247524769	0.3146108535495305	49.0	49.0	-0.1231107652581344	-0.2049663856120651	0.0418009281876907
Uhlitz_2021_EMBO_Mol_Med.P013	normal_epithelial	normal	Epithelial cell	Uhlitz_2021_EMBO_Mol_Med	MSS	missing	74	-0.1856757223066019	0.7518797437609768	-0.8313071761410241	49.0	49.0	-0.4197420961996513	-0.5345122912646426	-0.2884547048206696
Uhlitz_2021_EMBO_Mol_Med.P013	tumor_cancer	tumor	Cancer cell	Uhlitz_2021_EMBO_Mol_Med	MSS	CMS2	60	0.1124224493407856	0.0891794147058319	0.1252355174239888	49.0	49.0	-0.0126489152288697	0.2159956677292235	-0.2884547048206696
Uhlitz_2021_EMBO_Mol_Med.P013	tumor_epithelial	tumor	Epithelial cell	Uhlitz_2021_EMBO_Mol_Med	MSS	CMS2	3	-0.099032755205631	-0.60272674564613	0.3907702526955745	49.0	49.0	-0.0471639835701985	0.3348366382040806	-0.2884547048206696
Uhlitz_2021_EMBO_Mol_Med.P014	normal_epithelial	normal	Epithelial cell	Uhlitz_2021_EMBO_Mol_Med	MSS	missing	86	-0.1536882244150015	0.5711399528054945	-0.7053134671079995	49.0	49.0	-0.4197420961996513	-0.5345122912646426	-0.2884547048206696
Uhlitz_2021_EMBO_Mol_Med.P014	tumor_cancer	tumor	Cancer cell	Uhlitz_2021_EMBO_Mol_Med	MSS	CMS3	68	0.1641084900353862	-0.2031075432846912	0.428934234013169	49.0	49.0	0.1549470955202692	0.4648255741669071	-0.2884547048206696
Uhlitz_2021_EMBO_Mol_Med.P014	tumor_epithelial	tumor	Epithelial cell	Uhlitz_2021_EMBO_Mol_Med	MSS	CMS3	13	-0.0200113774853909	-0.3483256621240317	0.3544293161941161	49.0	49.0	-0.1152239167928237	0.1760301273512885	-0.2884547048206696
Uhlitz_2021_EMBO_Mol_Med.P016	normal_epithelial	normal	Epithelial cell	Uhlitz_2021_EMBO_Mol_Med	missing	missing	141	-0.1460428178378845	0.3293887492731095	-0.5080467138714104	49.0	49.0	-0.3630507034110022	-0.5345122912646426	-0.2884547048206696
Uhlitz_2021_EMBO_Mol_Med.P016	tumor_cancer	tumor	Cancer cell	Uhlitz_2021_EMBO_Mol_Med	missing	CMS4	50	0.0074983651916348	0.2229885547688955	-0.1243114311265415	49.0	49.0	-8.563744902423225e-06	0.2654684256062878	-0.1506945907649342
Uhlitz_2021_EMBO_Mol_Med.P016	tumor_epithelial	tumor	Epithelial cell	Uhlitz_2021_EMBO_Mol_Med	missing	CMS4	6	-0.0403556352732073	0.0299526180300623	0.0963433077285293	49.0	49.0	0.2276663626855346	0.7779306271189722	-0.2377884384318182
Uhlitz_2021_EMBO_Mol_Med.P017	normal_epithelial	normal	Epithelial cell	Uhlitz_2021_EMBO_Mol_Med	MSS	missing	87	-0.1923956006967364	0.6112752949462461	-0.8172260647220436	49.0	49.0	-0.4197420961996513	-0.5345122912646426	-0.2884547048206696
Uhlitz_2021_EMBO_Mol_Med.P017	tumor_cancer	tumor	Cancer cell	Uhlitz_2021_EMBO_Mol_Med	MSS	CMS3	92	-0.0644959050147599	0.3629274885987662	-0.4097617699272816	49.0	49.0	-0.2819989199171971	-0.5345122912646426	-0.2884547048206696
Uhlitz_2021_EMBO_Mol_Med.P017	tumor_epithelial	tumor	Epithelial cell	Uhlitz_2021_EMBO_Mol_Med	MSS	CMS3	5	-0.0297486942833949	-0.2635805801248614	0.2915077970276133	49.0	49.0	0.1287939981745794	0.3034399023152695	-0.2884547048206696
Uhlitz_2021_EMBO_Mol_Med.P020	normal_epithelial	normal	Epithelial cell	Uhlitz_2021_EMBO_Mol_Med	MSS	missing	31	-0.240852272207787	0.9771084111534232	-1.193236559246411	49.0	49.0	-0.4197420961996513	-0.5345122912646426	-0.2884547048206696
Uhlitz_2021_EMBO_Mol_Med.P020	tumor_cancer	tumor	Cancer cell	Uhlitz_2021_EMBO_Mol_Med	MSS	CMS1	19	0.1405827700536719	-0.0930972138605412	0.2422062022385336	49.0	49.0	-0.0669588783711309	-0.0293711603802078	1.440881384717191
Uhlitz_2021_EMBO_Mol_Med.P021	normal_epithelial	normal	Epithelial cell	Uhlitz_2021_EMBO_Mol_Med	MSS	missing	59	-0.1621044612906193	0.52305573311727	-0.6839084018672213	49.0	49.0	-0.4197420961996513	-0.5345122912646426	-0.2884547048206696
Uhlitz_2021_EMBO_Mol_Med.P021	tumor_cancer	tumor	Cancer cell	Uhlitz_2021_EMBO_Mol_Med	MSS	CMS4	5	0.49886218313004	-0.3159270043893018	1.0144222477458544	49.0	49.0	0.1690017084391399	0.6974546856526076	-0.2884547048206696
Uhlitz_2021_EMBO_Mol_Med.P025	normal_epithelial	normal	Epithelial cell	Uhlitz_2021_EMBO_Mol_Med	MSS	missing	10	-0.1370701666188995	0.664371295639895	-0.8020367810770663	49.0	49.0	-0.2944829845131529	-0.4188917272163897	-0.2884547048206696
Uhlitz_2021_EMBO_Mol_Med.P025	tumor_cancer	tumor	Cancer cell	Uhlitz_2021_EMBO_Mol_Med	MSS	CMS2	21	0.2479197607863565	0.0237271801057456	0.2794864216676351	49.0	49.0	0.3212660354292403	0.3130981524773361	-0.2309688015053677
Uhlitz_2021_EMBO_Mol_Med.P025	tumor_epithelial	tumor	Epithelial cell	Uhlitz_2021_EMBO_Mol_Med	MSS	CMS2	7	-0.0078499424552404	-0.4754253241699321	0.3341054533525027	49.0	49.0	-0.0237582024533712	0.3323927739305672	-0.2884547048206696
Uhlitz_2021_EMBO_Mol_Med.P026	tumor_cancer	tumor	Cancer cell	Uhlitz_2021_EMBO_Mol_Med	MSI	CMS1	42	-0.0339584176405757	0.0048553342174059	-0.0417123384596366	49.0	49.0	-0.2374813998070991	-0.1919976526682424	-0.1648086736961417
Uhlitz_2021_EMBO_Mol_Med.P026	tumor_epithelial	tumor	Epithelial cell	Uhlitz_2021_EMBO_Mol_Med	MSI	CMS1	2	-0.2009110159526425	-0.5444315261222914	0.3435205101696489	49.0	49.0	0.1418911496536434	0.7759652823930454	-0.2884547048206696
Wang_2020_J_Exp_Med.SRR8513796	normal_epithelial	normal	Epithelial cell	Wang_2020_J_Exp_Med	missing	missing	94	-0.1102874480095331	0.0632710064488189	-0.1109055870013291	49.0	49.0	-0.1748247589184998	-0.0276041626284581	-0.2884547048206696
Wang_2020_J_Exp_Med.SRR8513797	normal_epithelial	normal	Epithelial cell	Wang_2020_J_Exp_Med	missing	missing	169	-0.1797473687026897	0.1950826680955514	-0.2907918431017777	49.0	49.0	-0.4197420961996513	-0.5345122912646426	-0.2884547048206696
Wang_2020_J_Exp_Med.SRR8513798	normal_epithelial	normal	Epithelial cell	Wang_2020_J_Exp_Med	missing	missing	119	-0.1861325915914949	0.2004939895064829	-0.3777583582730718	49.0	49.0	-0.3066856777035769	-0.2951069434653995	-0.2884547048206696
Wang_2020_J_Exp_Med.SRR8513799	normal_epithelial	normal	Epithelial cell	Wang_2020_J_Exp_Med	missing	missing	46	-0.1683043514583232	0.0188907905649359	-0.1723032327380169	49.0	49.0	-0.2481637267507336	-0.2008977949016018	-0.2884547048206696
Wang_2021_Adv_Sci.col36-smartseq-smartseq	tumor_cancer	tumor	Cancer cell	Wang_2021_Adv_Sci	missing	missing	1	0.0055999662709692	-0.2872350714473703	0.2928350377183396	49.0	49.0	0.1897310302916451	-0.1857929404214683	0.1819298105103735
Wang_2021_Adv_Sci.col38-smartseq-smartseq	tumor_cancer	tumor	Cancer cell	Wang_2021_Adv_Sci	missing	CMS2	5	-0.1761908371739778	-0.2518473504609331	0.1169173593812225	49.0	49.0	-0.1336119005964019	0.1298740788628868	-0.1977097851473666
Wang_2021_Adv_Sci.col39-smartseq-smartseq	tumor_cancer	tumor	Cancer cell	Wang_2021_Adv_Sci	missing	CMS2	6	-0.0139416227508094	-0.5033002002288223	0.2448638018054704	49.0	49.0	-0.2629248150889023	-0.4266847841289208	-0.0958998013888497
Wang_2021_Adv_Sci.col39-smartseq-smartseq	tumor_epithelial	tumor	Epithelial cell	Wang_2021_Adv_Sci	missing	CMS2	14	0.0175715615470447	-0.4759790895220835	0.6034458030208967	49.0	49.0	-0.2460814775994353	-0.4109680397708082	-0.0356764962106172
Wang_2021_Adv_Sci.col40-smartseq-smartseq	tumor_cancer	tumor	Cancer cell	Wang_2021_Adv_Sci	missing	missing	1	-0.1715318554202597	-0.6298387698704191	0.4583069144501593	49.0	49.0	-0.3869359976329568	-0.5048836845978123	-0.24344265846627
Wang_2021_Adv_Sci.col40-smartseq-smartseq	tumor_epithelial	tumor	Epithelial cell	Wang_2021_Adv_Sci	missing	missing	3	0.0393941156459368	-0.4972054591741825	0.5365995748201193	49.0	49.0	-0.3060461785585429	-0.4354004030321669	-0.118499880014684
Wang_2021_Adv_Sci.col44-smartseq-smartseq	tumor_cancer	tumor	Cancer cell	Wang_2021_Adv_Sci	missing	CMS2	4	0.0569956346934562	-0.6459813591358636	0.7029769938293198	49.0	49.0	0.0301004286804851	-0.2825570497584974	-0.2085132138463796
Wang_2021_Adv_Sci.col44-smartseq-smartseq	tumor_epithelial	tumor	Epithelial cell	Wang_2021_Adv_Sci	missing	CMS2	54	0.155716703376863	-0.7267655207124928	0.8205680036157681	49.0	49.0	-0.1351968543877007	-0.3160246380649978	-0.1251840801405516
Wang_2021_Adv_Sci.col45-smartseq-smartseq	tumor_cancer	tumor	Cancer cell	Wang_2021_Adv_Sci	missing	missing	2	0.2661795051914573	0.0932214478064487	0.1729580573850085	49.0	49.0	0.1930658150535324	-0.2545090686570533	-0.0269419277572735
Wang_2021_Adv_Sci.col45-smartseq-smartseq	tumor_epithelial	tumor	Epithelial cell	Wang_2021_Adv_Sci	missing	missing	9	0.0487494485067295	-0.7115295824937595	0.7591349889191509	49.0	49.0	-0.2205316686325342	-0.4033413243280131	0.006348445485471
Wang_2021_Adv_Sci.col47-smartseq-smartseq	tumor_cancer	tumor	Cancer cell	Wang_2021_Adv_Sci	missing	missing	2	-0.2262671478544539	-0.5814787590059725	0.3552116111515185	49.0	49.0	-0.3795691433808107	-0.49087022152485	-0.0904871986387196
Wang_2021_Adv_Sci.col47-smartseq-smartseq	tumor_epithelial	tumor	Epithelial cell	Wang_2021_Adv_Sci	missing	missing	3	-0.1385577603285963	-0.7353434540600687	0.5967856937314724	49.0	49.0	-0.3192652766015437	-0.4356668920658417	-0.1049552747323284
Wang_2021_Adv_Sci.col48-smartseq-smartseq	tumor_cancer	tumor	Cancer cell	Wang_2021_Adv_Sci	missing	CMS4	2	-0.1167780113138789	-0.2986007815528567	0.1818227702389777	49.0	49.0	-0.2249241525220547	-0.3880448646859207	-0.010751685212488
Wang_2021_Adv_Sci.col48-smartseq-smartseq	tumor_epithelial	tumor	Epithelial cell	Wang_2021_Adv_Sci	missing	CMS4	10	-0.0437469310049462	-0.6178421984518068	0.6190244790583641	49.0	49.0	-0.3099069581922418	-0.4547335188941723	0.0764641358877986
Wang_2023_Sci_Adv.P0107	metastasis_cancer	metastasis	Cancer cell	Wang_2023_Sci_Adv	missing	missing	17	-0.1222354934930286	0.0842729771511189	-0.1553340252666136	49.0	49.0	0.0710211352900703	0.5626644162348619	-0.2884547048206696
Wang_2023_Sci_Adv.P0107	metastasis_epithelial	metastasis	Epithelial cell	Wang_2023_Sci_Adv	missing	missing	3	-0.1530602979888226	-0.4712813464252434	0.3190348141908695	49.0	49.0	-0.4197420961996513	-0.5345122912646426	-0.2884547048206696
Wang_2023_Sci_Adv.P0107	tumor_cancer	tumor	Cancer cell	Wang_2023_Sci_Adv	missing	missing	62	-0.0351119030468031	-0.060701882555088	0.1874306782615705	49.0	49.0	0.2025615897506853	0.5586723582769977	-0.2884547048206696
Wang_2023_Sci_Adv.P0107	tumor_epithelial	tumor	Epithelial cell	Wang_2023_Sci_Adv	missing	missing	13	-0.0402919759746985	-0.3472197132351485	0.2204699048412605	49.0	49.0	-0.4197420961996513	-0.5345122912646426	-0.2884547048206696
Wang_2023_Sci_Adv.P0115	metastasis_cancer	metastasis	Cancer cell	Wang_2023_Sci_Adv	missing	missing	1	-0.2458509327579832	-0.696690507582519	0.4508395748245358	49.0	49.0	0.0429031075067021	0.5449931840501822	-0.2884547048206696
Wang_2023_Sci_Adv.P0115	tumor_cancer	tumor	Cancer cell	Wang_2023_Sci_Adv	missing	missing	5	0.1970593816062629	-0.4275516169061066	0.59494121707851	49.0	49.0	0.0736139566810812	0.3007349230377761	-0.2884547048206696
Wang_2023_Sci_Adv.P0813	metastasis_cancer	metastasis	Cancer cell	Wang_2023_Sci_Adv	missing	missing	488	0.0760702607389341	-0.0387536822710345	0.1297380653078225	49.0	49.0	0.2407632581088786	0.4068466499234632	0.1516856110702669
Wang_2023_Sci_Adv.P0813	metastasis_epithelial	metastasis	Epithelial cell	Wang_2023_Sci_Adv	missing	missing	8	-0.0184210772047246	-0.0500563872995964	0.0933900734527541	49.0	49.0	0.0565935993559812	0.3467830083106201	-0.205406929146295
Wang_2023_Sci_Adv.P0813	tumor_cancer	tumor	Cancer cell	Wang_2023_Sci_Adv	missing	missing	85	0.0828826814209712	-0.0281717527402733	0.1064444598311252	49.0	49.0	0.1286652940225212	0.4215655366653252	-0.1897369810753784
Wang_2023_Sci_Adv.P0813	tumor_epithelial	tumor	Epithelial cell	Wang_2023_Sci_Adv	missing	missing	10	-0.0040087541710959	-0.0779574251159922	0.0965725647016331	49.0	49.0	0.1434450343858544	0.6814603976705333	-0.2884547048206696
Wang_2023_Sci_Adv.P0920	metastasis_cancer	metastasis	Cancer cell	Wang_2023_Sci_Adv	missing	missing	1403	0.2826336550599166	-0.1576677341845794	0.4542216440367056	49.0	49.0	0.7991864331157237	0.3540925695242715	-0.1592368444751832
Wang_2023_Sci_Adv.P0920	metastasis_epithelial	metastasis	Epithelial cell	Wang_2023_Sci_Adv	missing	missing	2	0.0502701511620906	-0.0321785303739135	0.0824486815360042	49.0	49.0	0.4750186101848986	0.059915967472481	-0.2884547048206696
Wang_2023_Sci_Adv.P0920	tumor_cancer	tumor	Cancer cell	Wang_2023_Sci_Adv	missing	missing	331	0.2690929640178618	-0.1106046515413422	0.4162023039888533	49.0	49.0	0.5059064847377612	0.3117384375482649	-0.0710460277767771
Wang_2023_Sci_Adv.P0920	tumor_epithelial	tumor	Epithelial cell	Wang_2023_Sci_Adv	missing	missing	1	0.2189473128548093	-0.3252520952372584	0.5441994080920678	49.0	49.0	-0.4197420961996513	-0.5345122912646426	-0.2884547048206696
Wang_2023_Sci_Adv.P1125	metastasis_cancer	metastasis	Cancer cell	Wang_2023_Sci_Adv	missing	missing	1	-0.203312202440858	-0.5131268443175748	0.3098146418767168	49.0	49.0	-0.4197420961996513	-0.5345122912646426	-0.2884547048206696
Wang_2023_Sci_Adv.P1231	metastasis_cancer	metastasis	Cancer cell	Wang_2023_Sci_Adv	missing	missing	40	0.1457682551654696	-0.229603840074072	0.3907859699401145	49.0	49.0	0.1006719022638593	0.1920760918836326	-0.256162672038207
Wang_2023_Sci_Adv.P1231	metastasis_epithelial	metastasis	Epithelial cell	Wang_2023_Sci_Adv	missing	missing	404	-0.0749966979199851	-0.2783685802289537	0.2088775604967145	49.0	49.0	0.0444092042468256	0.3063196277877343	-0.2884547048206696
Wang_2023_Sci_Adv.P1231	tumor_cancer	tumor	Cancer cell	Wang_2023_Sci_Adv	missing	missing	13	0.2344624842323475	-0.1013825541377247	0.4805367961780933	49.0	49.0	0.2581734272457506	0.2435699466576032	-0.0137318424254597
Wang_2023_Sci_Adv.P1231	tumor_epithelial	tumor	Epithelial cell	Wang_2023_Sci_Adv	missing	missing	19	-0.1062890767711826	-0.3269014700492572	0.2184468283404316	49.0	49.0	0.0578821079369591	0.2749720542110277	-0.2884547048206696
Wu_2022_Cancer_Discov.P15	tumor_cancer	tumor	Cancer cell	Wu_2022_Cancer_Discov	MSS	missing	2	-0.23578588803798	-0.238866206716972	0.0030803186789919	49.0	49.0	-0.4197420961996513	-0.5345122912646426	-0.2884547048206696
Wu_2022_Cancer_Discov.P20	normal_epithelial	normal	Epithelial cell	Wu_2022_Cancer_Discov	MSS	missing	4	-0.0636802817460995	-0.2993196771914462	0.2510850479734525	49.0	49.0	-0.4197420961996513	-0.5345122912646426	-0.2884547048206696
Wu_2024_Cell.COAD20	tumor_cancer	tumor	Cancer cell	Wu_2024_Cell	missing	missing	4	-0.1119659963204094	-0.3951422266931421	0.3271691173047307	49.0	49.0	-0.4197420961996513	-0.5345122912646426	-0.2884547048206696
Wu_2024_Cell.COAD20	tumor_epithelial	tumor	Epithelial cell	Wu_2024_Cell	missing	missing	3	-0.130851235819341	-0.7031711656660955	0.4972020937513847	49.0	49.0	-0.4197420961996513	-0.5345122912646426	-0.2884547048206696
Yang_2023_Front_Oncol.JCML	tumor_cancer	tumor	Cancer cell	Yang_2023_Front_Oncol	missing	CMS2	85	-0.1394359867691457	-0.1007883275533863	-0.0483332036272573	49.0	49.0	-0.182324728988761	-0.1879089858456466	-0.2884547048206696
Yang_2023_Front_Oncol.JCML	tumor_epithelial	tumor	Epithelial cell	Yang_2023_Front_Oncol	missing	CMS3	26	-0.089756298601855	-0.5640186533897553	0.4622874205485061	49.0	49.0	-0.1507981363824774	-0.0040305145572316	-0.2884547048206696
Zhang_2018_Nature.P1207-smartseq-smartseq	tumor_cancer	tumor	Cancer cell	Zhang_2018_Nature	MSS	missing	1	-0.3295024061207105	-0.3009558630454521	-0.0285465430752583	49.0	49.0	-0.4197420961996513	-0.5345122912646426	0.2961052096520175
Zhang_2018_Nature.P1212-smartseq-smartseq	normal_epithelial	normal	Epithelial cell	Zhang_2018_Nature	MSS	missing	1	-0.2451979763761611	-0.3588359378379702	0.1136379614618091	49.0	49.0	-0.4197420961996513	-0.5345122912646426	-0.2884547048206696
Zhang_2020_Cell.P0104-smartseq-smartseq	tumor_epithelial	tumor	Epithelial cell	Zhang_2020_Cell	MSS	missing	1	-0.3211726397007555	-0.6034198982251809	0.2822472585244254	49.0	49.0	-0.4197420961996513	-0.5345122912646426	-0.2884547048206696
Zhang_2020_Cell.P0411-smartseq-smartseq	tumor_cancer	tumor	Cancer cell	Zhang_2020_Cell	MSS	missing	4	-0.2053377323032021	-0.3964904123590087	0.1861794038685187	49.0	49.0	-0.128348682705216	-0.2304313549196209	-0.2671945313537472
Zhang_2020_Cell.P0413-smartseq-smartseq	tumor_cancer	tumor	Cancer cell	Zhang_2020_Cell	MSI	missing	4	-0.1769874992832209	-0.412153033644047	0.2094206005179251	49.0	49.0	-0.3896749391917155	-0.4643555915794589	0.6476907400084222
Zhang_2020_Cell.P0720-smartseq-smartseq	normal_epithelial	normal	Epithelial cell	Zhang_2020_Cell	MSS	missing	1	-0.0864928459245697	-0.598339812220359	0.5118469662957893	49.0	49.0	-0.4197420961996513	-0.5345122912646426	0.5357825352144164
Zhang_2020_Cell.P0720-smartseq-smartseq	tumor_cancer	tumor	Cancer cell	Zhang_2020_Cell	MSS	missing	7	-0.1952238507242074	-0.7106662993202945	0.4477688538671287	49.0	49.0	-0.4169047191718081	-0.5345122912646426	-0.2884547048206696
Zhang_2020_Cell.P0728-smartseq-smartseq	normal_epithelial	normal	Epithelial cell	Zhang_2020_Cell	MSS	missing	1	-0.2175309740290461	-0.3459164066841454	0.1283854326550993	49.0	49.0	-0.4197420961996513	-0.5345122912646426	-0.2657382825613548
Zhang_2020_Cell.P0728-smartseq-smartseq	tumor_cancer	tumor	Cancer cell	Zhang_2020_Cell	MSS	missing	2	-0.1575546673180866	-0.2150874651806603	0.0575327978625737	49.0	49.0	0.2207406058323974	0.6860137459780317	-0.255170752615229
Zhang_2020_Cell.P0825-smartseq-smartseq	normal_epithelial	normal	Epithelial cell	Zhang_2020_Cell	MSI	missing	3	-0.2895603208372246	-0.7514446839103124	0.5189940428425368	49.0	49.0	-0.4197420961996513	-0.5345122912646426	-0.2884547048206696
Zhang_2020_Cell.P0825-smartseq-smartseq	tumor_cancer	tumor	Cancer cell	Zhang_2020_Cell	MSI	missing	5	-0.2983065574011433	-0.8322902517080838	0.527493033566945	49.0	49.0	-0.4197420961996513	-0.5345122912646426	-0.2884547048206696
Zhang_2020_Cell.P1212-smartseq-smartseq	tumor_cancer	tumor	Cancer cell	Zhang_2020_Cell	MSS	missing	6	-0.2041650465809008	-0.3014451107264592	0.1029550846779168	49.0	49.0	-0.2632504378344908	-0.1693650884126013	-0.1714614225831605
Zhang_2020_Cell.P1228-smartseq-smartseq	tumor_cancer	tumor	Cancer cell	Zhang_2020_Cell	MSS	missing	3	-0.3023303665863418	-0.408948882674202	0.1587944072687364	49.0	49.0	-0.4197420961996513	-0.5345122912646426	-0.2884547048206696
Zheng_2022_Signal_Transduct_Target_Ther.P0	tumor_cancer	tumor	Cancer cell	Zheng_2022_Signal_Transduct_Target_Ther	missing	CMS3	104	0.0049684671104441	-0.0761283451749757	0.1045841488464184	49.0	49.0	0.1812792064393846	0.3336492693706356	-0.2884547048206696
Zheng_2022_Signal_Transduct_Target_Ther.P0	tumor_epithelial	tumor	Epithelial cell	Zheng_2022_Signal_Transduct_Target_Ther	missing	CMS3	146	-0.0880104295552108	-0.171859694538824	0.1331662161031509	49.0	49.0	-0.0848553768781346	-0.2789181163700401	-0.2884547048206696
Zheng_2022_Signal_Transduct_Target_Ther.P1	normal_epithelial	normal	Epithelial cell	Zheng_2022_Signal_Transduct_Target_Ther	MSS	missing	47	-0.2190216472146139	0.6636959630887516	-0.8166035107505476	49.0	49.0	-0.4197420961996513	-0.5345122912646426	-0.2884547048206696
Zheng_2022_Signal_Transduct_Target_Ther.P1	polyp_cancer	polyp	Cancer cell	Zheng_2022_Signal_Transduct_Target_Ther	MSS	missing	1323	0.6194214680565499	0.0076748018778356	0.6439931802528192	49.0	49.0	0.8854172210778619	0.5508871070752824	-0.2070094133728173
Zheng_2022_Signal_Transduct_Target_Ther.P1	polyp_epithelial	polyp	Epithelial cell	Zheng_2022_Signal_Transduct_Target_Ther	MSS	missing	117	0.0363163120985259	0.1342231723180361	-0.0018177996237381	49.0	49.0	0.0525131135005898	0.042913124443174	-0.2884547048206696
Zheng_2022_Signal_Transduct_Target_Ther.P1	tumor_cancer	tumor	Cancer cell	Zheng_2022_Signal_Transduct_Target_Ther	MSS	CMS3	125	0.2421598191645233	0.1237856067456309	0.1369651743840971	49.0	49.0	0.3847419740538912	0.7290830438535946	-0.190989806169535
Zheng_2022_Signal_Transduct_Target_Ther.P1	tumor_epithelial	tumor	Epithelial cell	Zheng_2022_Signal_Transduct_Target_Ther	MSS	CMS3	141	0.1241665379546959	-0.1182309759033359	0.267741739366972	49.0	49.0	0.1870220449688209	-0.0680302272756111	-0.2884547048206696
Zheng_2022_Signal_Transduct_Target_Ther.P2	normal_epithelial	normal	Epithelial cell	Zheng_2022_Signal_Transduct_Target_Ther	MSS	missing	152	-0.228716218214497	0.4906795895152663	-0.689417139547399	49.0	49.0	-0.328599172168649	-0.4232037472766041	-0.2884547048206696
Zheng_2022_Signal_Transduct_Target_Ther.P2	polyp_cancer	polyp	Cancer cell	Zheng_2022_Signal_Transduct_Target_Ther	MSS	missing	942	0.2475152077155019	-0.025313620416007	0.2911777768099322	49.0	49.0	0.2689167395187463	0.3808659055714024	-0.1414439751533103
Zheng_2022_Signal_Transduct_Target_Ther.P2	polyp_epithelial	polyp	Epithelial cell	Zheng_2022_Signal_Transduct_Target_Ther	MSS	missing	171	0.1313444080433396	0.0093571647528776	0.1618373640309493	49.0	49.0	0.1883274278377208	0.4507711737983598	0.064746054342016
Zheng_2022_Signal_Transduct_Target_Ther.P2	tumor_cancer	tumor	Cancer cell	Zheng_2022_Signal_Transduct_Target_Ther	MSS	CMS3	217	-0.1145828475053127	0.1076642141896552	-0.1735532798522255	49.0	49.0	-0.1550999013055385	-0.1965790948957398	-0.2884547048206696
Zheng_2022_Signal_Transduct_Target_Ther.P2	tumor_epithelial	tumor	Epithelial cell	Zheng_2022_Signal_Transduct_Target_Ther	MSS	CMS3	39	-0.2132625996398582	-0.4065673401953296	0.1945885172080814	49.0	49.0	-0.2793721858603028	-0.5345122912646426	-0.2884547048206696
Zheng_2022_Signal_Transduct_Target_Ther.P3	normal_epithelial	normal	Epithelial cell	Zheng_2022_Signal_Transduct_Target_Ther	MSS	missing	6	-0.2791155941798219	0.6831388452679825	-0.964367244296616	49.0	49.0	-0.3640053769627395	-0.5345122912646426	-0.2884547048206696
Zheng_2022_Signal_Transduct_Target_Ther.P3	polyp_cancer	polyp	Cancer cell	Zheng_2022_Signal_Transduct_Target_Ther	MSS	missing	376	0.2317818570612316	-0.000859241679936	0.2384294724917356	49.0	49.0	0.5256769191535542	0.6462563374842187	-0.1525280288327177
Zheng_2022_Signal_Transduct_Target_Ther.P3	polyp_epithelial	polyp	Epithelial cell	Zheng_2022_Signal_Transduct_Target_Ther	MSS	missing	57	0.1455881392791208	-0.1644951509509265	0.3039274941918563	49.0	49.0	0.1706568440361033	0.1517799716955741	-0.1574233236687181
Zheng_2022_Signal_Transduct_Target_Ther.P3	tumor_cancer	tumor	Cancer cell	Zheng_2022_Signal_Transduct_Target_Ther	MSS	CMS2	14	0.024485126955113	0.1525716447410852	-0.0858705504499289	49.0	49.0	0.0815895064331263	0.0977991892306473	-0.1088613659826853
deVries_2023_Nature.HTO7	tumor_epithelial	tumor	Epithelial cell	deVries_2023_Nature	MSI	missing	1	0.1956951846807453	-0.5977074044574825	0.7934025891382278	49.0	49.0	0.3090681658446431	1.1660449868387113	-0.2884547048206696
