donor_id	carrier_group	sample_type	cell_type_coarse_crc_atlas	study_id	microsatellite_status	CMS_type	n_cells_sampled	score__ca_route_up	score__ca_route_down	score__ca_route_signature	score__ca_route_n_up_present	score__ca_route_n_down_present	score__wnt_stem	score__wnt_core_ihc	score__proliferation_control	carrier
Borras_2023_Cell_Discov.SMC119	tumor_cancer	tumor	Cancer cell	Borras_2023_Cell_Discov	MSI	CMS1	2	0.0578035318524845	-0.113362203253275	0.171165735105759	4	4	-0.396794642515404	-0.480968232668066	0.919719439795302	Primary
cancer-like
Borras_2023_Cell_Discov.SMC125	tumor_cancer	tumor	Cancer cell	Borras_2023_Cell_Discov	MSI	missing	1	-0.401279744233119	0.48552649364282	-0.886806237875939	4	4	-0.419742096199651	-0.534512291264643	0.0465949877132981	Primary
cancer-like
Borras_2023_Cell_Discov.SMC136	tumor_cancer	tumor	Cancer cell	Borras_2023_Cell_Discov	MSI	missing	1	-0.401279744233119	0.78608838336494	-1.18736812759806	4	4	-0.419742096199651	-0.534512291264643	-0.28845470482067	Primary
cancer-like
Burclaff_2022_Cell_Mol_Gastroenterol_Hepatol.Donor1	normal_epithelial	normal	Epithelial cell	Burclaff_2022_Cell_Mol_Gastroenterol_Hepatol	missing	missing	69	-0.0131588346144865	0.225716561129043	-0.153029279027162	4	4	-0.0567663521943249	-0.0486745043793302	-0.28845470482067	Normal
epithelium
Burclaff_2022_Cell_Mol_Gastroenterol_Hepatol.Donor2	normal_epithelial	normal	Epithelial cell	Burclaff_2022_Cell_Mol_Gastroenterol_Hepatol	missing	missing	91	0.213874779355453	0.498779515592624	-0.350794811864806	4	4	-0.106682473280655	0.039453825924139	-0.081071032119562	Normal
epithelium
Burclaff_2022_Cell_Mol_Gastroenterol_Hepatol.Donor3	normal_epithelial	normal	Epithelial cell	Burclaff_2022_Cell_Mol_Gastroenterol_Hepatol	missing	missing	66	-0.00704237067299865	0.343199677066964	-0.303265799213428	4	4	-0.247553771170475	-0.298431731325546	-0.28845470482067	Normal
epithelium
Che_2021_Cell_Discov.COL07	metastasis_cancer	metastasis	Cancer cell	Che_2021_Cell_Discov	MSS	missing	259	-0.309847387150669	-0.0721579609933656	-0.0233671661280132	4	4	-0.125596935294682	-0.189782655169302	-0.28845470482067	Metastasis
cancer-like
Che_2021_Cell_Discov.COL07	metastasis_epithelial	metastasis	Epithelial cell	Che_2021_Cell_Discov	MSS	missing	1	-0.401279744233119	-0.19396147859639	-0.20731826563673	4	4	-0.419742096199651	-0.534512291264643	-0.28845470482067	Metastasis
epithelium
Che_2021_Cell_Discov.COL07	tumor_cancer	tumor	Cancer cell	Che_2021_Cell_Discov	MSS	CMS1	264	-0.401279744233119	0.242420550529369	-0.570223748382442	4	4	-0.245663240673468	-0.204016696328507	-0.28845470482067	Primary
cancer-like
Che_2021_Cell_Discov.COL07	tumor_epithelial	tumor	Epithelial cell	Che_2021_Cell_Discov	MSS	CMS1	1	-0.401279744233119	-0.706031060392679	0.30475131615956	4	4	0.0249202629764549	-0.534512291264643	-0.28845470482067	Primary
epithelium
Che_2021_Cell_Discov.COL12	metastasis_cancer	metastasis	Cancer cell	Che_2021_Cell_Discov	MSS	missing	40	-0.265622548497249	-0.0747324154328617	-0.182534111621468	4	4	0.142399330514442	-0.0369873337089343	-0.28845470482067	Metastasis
cancer-like
Che_2021_Cell_Discov.COL12	tumor_cancer	tumor	Cancer cell	Che_2021_Cell_Discov	MSS	CMS4	10	-0.206384575459383	0.498601088494667	-0.778823056021363	4	4	0.160048749188789	-6.11093186121126e-05	-0.28845470482067	Primary
cancer-like
Che_2021_Cell_Discov.COL15	metastasis_cancer	metastasis	Cancer cell	Che_2021_Cell_Discov	MSS	missing	169	-0.0717994447486135	-0.482865074950587	0.402836450920875	4	4	0.685045594861509	-0.0374797478139146	-0.28845470482067	Metastasis
cancer-like
Che_2021_Cell_Discov.COL15	tumor_cancer	tumor	Cancer cell	Che_2021_Cell_Discov	MSS	CMS4	33	-0.143495117845326	-0.294052608690361	0.149769113335297	4	4	0.307886191927543	-0.143127359036015	-0.236618524545643	Primary
cancer-like
Che_2021_Cell_Discov.COL15	tumor_epithelial	tumor	Epithelial cell	Che_2021_Cell_Discov	MSS	CMS4	8	-0.401279744233119	-1.15242404249317	0.751144298260049	4	4	-0.419742096199651	-0.534512291264643	-0.28845470482067	Primary
epithelium
Che_2021_Cell_Discov.COL16	metastasis_cancer	metastasis	Cancer cell	Che_2021_Cell_Discov	MSS	missing	39	-0.401279744233119	0.712257090806431	-1.11353683503955	4	4	-0.419742096199651	-0.534512291264643	-0.28845470482067	Metastasis
cancer-like
Che_2021_Cell_Discov.COL16	tumor_cancer	tumor	Cancer cell	Che_2021_Cell_Discov	MSS	CMS1	103	-0.243641243734229	0.22147485861782	-0.516966394689045	4	4	-0.215660140123991	-0.332330885759263	-0.28845470482067	Primary
cancer-like
Che_2021_Cell_Discov.COL16	tumor_epithelial	tumor	Epithelial cell	Che_2021_Cell_Discov	MSS	CMS1	2	-0.401279744233119	-0.0935778893084837	-0.307701854924636	4	4	-0.419742096199651	-0.534512291264643	-0.28845470482067	Primary
epithelium
Che_2021_Cell_Discov.COL17	metastasis_cancer	metastasis	Cancer cell	Che_2021_Cell_Discov	MSS	missing	3	-0.401279744233119	1.17660928885235	-1.57788903308547	4	4	-0.228513019226372	-0.0883111116603243	-0.28845470482067	Metastasis
cancer-like
Che_2021_Cell_Discov.COL17	tumor_cancer	tumor	Cancer cell	Che_2021_Cell_Discov	MSS	missing	7	-0.256590614064475	-0.81952930344353	0.643683170743711	4	4	0.0761667815144981	0.445161450331974	-0.28845470482067	Primary
cancer-like
Che_2021_Cell_Discov.COL17	tumor_epithelial	tumor	Epithelial cell	Che_2021_Cell_Discov	MSS	missing	5	-0.401279744233119	-1.15242404249317	0.751144298260049	4	4	0.0693334387525722	0.606663956957212	-0.28845470482067	Primary
epithelium
Che_2021_Cell_Discov.COL18	metastasis_cancer	metastasis	Cancer cell	Che_2021_Cell_Discov	MSS	missing	34	-0.281908196659751	0.0772455144880134	-0.291137341254846	4	4	0.00950825183259674	-0.225714181789503	-0.28845470482067	Metastasis
cancer-like
Che_2021_Cell_Discov.COL18	metastasis_epithelial	metastasis	Epithelial cell	Che_2021_Cell_Discov	MSS	missing	1	-0.401279744233119	-0.251177708709378	-0.150102035523742	4	4	-0.419742096199651	-0.534512291264643	0.196109471062402	Metastasis
epithelium
Che_2021_Cell_Discov.COL18	tumor_cancer	tumor	Cancer cell	Che_2021_Cell_Discov	MSS	CMS4	7	-0.112929981790699	-0.545080173359715	0.494519325689404	4	4	0.276706299843978	-0.0631089405318079	-0.28845470482067	Primary
cancer-like
Chen_2021_Cell.HTA11_10034	normal_epithelial	normal	Epithelial cell	Chen_2021_Cell	missing	missing	136	-0.401279744233119	-0.0609351242504308	-0.121352082845116	4	4	-0.419742096199651	-0.534512291264643	-0.28845470482067	Normal
epithelium
Chen_2021_Cell.HTA11_10034	polyp_cancer	polyp	Cancer cell	Chen_2021_Cell	missing	missing	85	0.788494037265236	-0.641317195572899	1.56597094815916	4	4	1.08062024893861	0.771971257234219	-0.28845470482067	Polyp
cancer-like
Chen_2021_Cell.HTA11_10034	polyp_epithelial	polyp	Epithelial cell	Chen_2021_Cell	missing	missing	279	0.0180330185565864	-0.433421412598436	0.483388103275131	4	4	-0.209935720383264	-0.205131276543375	-0.28845470482067	Polyp
epithelium
Chen_2021_Cell.HTA11_10167	normal_epithelial	normal	Epithelial cell	Chen_2021_Cell	missing	missing	34	-0.123258987833356	0.080755774606731	-0.265999026780177	4	4	-0.228880196510877	-0.141114765844205	-0.28845470482067	Normal
epithelium
Chen_2021_Cell.HTA11_10167	polyp_cancer	polyp	Cancer cell	Chen_2021_Cell	missing	missing	15	-0.144637128178449	0.0863385940068482	0.0871573935353575	4	4	-0.224239708030708	-0.243712716847842	-0.28845470482067	Polyp
cancer-like
Chen_2021_Cell.HTA11_10167	polyp_epithelial	polyp	Epithelial cell	Chen_2021_Cell	missing	missing	130	-0.401279744233119	-0.0158130465807037	-0.231452970772471	4	4	-0.363462288853245	-0.492911724344939	-0.28845470482067	Polyp
epithelium
Chen_2021_Cell.HTA11_104	normal_epithelial	normal	Epithelial cell	Chen_2021_Cell	missing	missing	66	-0.0735263884059878	-0.18395738742766	0.129189708412044	4	4	-0.258159427189725	-0.223324711210024	-0.28845470482067	Normal
epithelium
Chen_2021_Cell.HTA11_104	polyp_cancer	polyp	Cancer cell	Chen_2021_Cell	missing	missing	8	0.354688870999629	-0.421030146800541	0.990209186891175	4	4	0.666357783462573	1.06461708952104	-0.28845470482067	Polyp
cancer-like
Chen_2021_Cell.HTA11_104	polyp_epithelial	polyp	Epithelial cell	Chen_2021_Cell	missing	missing	14	0.0237601153545437	-0.291449481709128	0.327858476404504	4	4	-0.176862176435273	-0.04957324423478	-0.28845470482067	Polyp
epithelium
Chen_2021_Cell.HTA11_10466	normal_epithelial	normal	Epithelial cell	Chen_2021_Cell	missing	missing	9	-0.401279744233119	0.597598350957773	-0.998878095190892	4	4	-0.419742096199651	-0.534512291264643	-0.28845470482067	Normal
epithelium
Chen_2021_Cell.HTA11_10466	polyp_cancer	polyp	Cancer cell	Chen_2021_Cell	missing	missing	400	0.0683006097107815	-0.269855976792845	0.436554294871425	4	4	0.118403577331854	0.356204353620407	-0.28845470482067	Polyp
cancer-like
Chen_2021_Cell.HTA11_10466	polyp_epithelial	polyp	Epithelial cell	Chen_2021_Cell	missing	missing	623	-0.401279744233119	-0.173379710952307	0.0961249089570002	4	4	-0.243542185417061	-0.163322311485393	-0.28845470482067	Polyp
epithelium
Chen_2021_Cell.HTA11_10557	polyp_cancer	polyp	Cancer cell	Chen_2021_Cell	missing	missing	281	0.458717570306809	-0.498625524019618	0.95381943945119	4	4	0.457057077879165	0.557825125639291	-0.28845470482067	Polyp
cancer-like
Chen_2021_Cell.HTA11_10557	polyp_epithelial	polyp	Epithelial cell	Chen_2021_Cell	missing	missing	1122	0.0538135295471858	0.011657679472695	0.128971594099822	4	4	-0.241389376768478	-0.222818311703762	-0.28845470482067	Polyp
epithelium
Chen_2021_Cell.HTA11_10573	polyp_cancer	polyp	Cancer cell	Chen_2021_Cell	missing	missing	7	-0.401279744233119	-0.360454397484528	0.250578188745691	4	4	-0.163525231089647	0.0346746347047449	-0.28845470482067	Polyp
cancer-like
Chen_2021_Cell.HTA11_10573	polyp_epithelial	polyp	Epithelial cell	Chen_2021_Cell	missing	missing	61	-0.401279744233119	-0.279200940138191	0.171405552003168	4	4	-0.419742096199651	-0.534512291264643	-0.28845470482067	Polyp
epithelium
Chen_2021_Cell.HTA11_10623	polyp_cancer	polyp	Cancer cell	Chen_2021_Cell	missing	missing	43	0.735703169961447	-0.668749284600088	1.57588533162443	4	4	0.295436885792632	0.535629073269895	-0.28845470482067	Polyp
cancer-like
Chen_2021_Cell.HTA11_10623	polyp_epithelial	polyp	Epithelial cell	Chen_2021_Cell	missing	missing	189	-0.0465529698601906	-0.36368945747975	0.358520522030411	4	4	-0.274003007410164	-0.260277525651098	-0.28845470482067	Polyp
epithelium
Chen_2021_Cell.HTA11_10711	polyp_cancer	polyp	Cancer cell	Chen_2021_Cell	missing	missing	126	1.02502644742904	-0.73811110623325	1.78093263593685	4	4	0.776620841476496	0.748170795725175	-0.28845470482067	Polyp
cancer-like
Chen_2021_Cell.HTA11_10711	polyp_epithelial	polyp	Epithelial cell	Chen_2021_Cell	missing	missing	78	0.36847354238639	-0.559452164503785	0.859535499528187	4	4	-0.0181376406134104	0.184064467985046	-0.28845470482067	Polyp
epithelium
Chen_2021_Cell.HTA11_10719	polyp_cancer	polyp	Cancer cell	Chen_2021_Cell	missing	missing	21	-0.401279744233119	-0.477468082151397	0.328134840974579	4	4	-0.215920548594371	-0.534512291264643	-0.28845470482067	Polyp
cancer-like
Chen_2021_Cell.HTA11_10719	polyp_epithelial	polyp	Epithelial cell	Chen_2021_Cell	missing	missing	765	-0.401279744233119	-0.100849604782101	-0.171244084017754	4	4	-0.419742096199651	-0.534512291264643	-0.28845470482067	Polyp
epithelium
Chen_2021_Cell.HTA11_10888	polyp_cancer	polyp	Cancer cell	Chen_2021_Cell	missing	missing	10	-0.401279744233119	-0.86766445941817	0.751144298260049	4	4	-0.419742096199651	-0.534512291264643	-0.28845470482067	Polyp
cancer-like
Chen_2021_Cell.HTA11_10888	polyp_epithelial	polyp	Epithelial cell	Chen_2021_Cell	missing	missing	10	-0.401279744233119	-0.859951577717256	0.751144298260049	4	4	-0.281480147078149	-0.211901076647803	-0.28845470482067	Polyp
epithelium
Chen_2021_Cell.HTA11_11045	polyp_cancer	polyp	Cancer cell	Chen_2021_Cell	missing	missing	20	-0.401279744233119	-0.137478588438546	0.0811285923297034	4	4	-0.189516551624853	-0.39366450096689	-0.28845470482067	Polyp
cancer-like
Chen_2021_Cell.HTA11_11045	polyp_epithelial	polyp	Epithelial cell	Chen_2021_Cell	missing	missing	401	-0.401279744233119	0.230647330566728	-0.491938062452466	4	4	-0.419742096199651	-0.534512291264643	-0.28845470482067	Polyp
epithelium
Chen_2021_Cell.HTA11_11092	polyp_cancer	polyp	Cancer cell	Chen_2021_Cell	missing	missing	312	-0.401279744233119	0.0839026892832336	-0.344743750080513	4	4	-0.2506023602493	-0.158154465537621	-0.28845470482067	Polyp
cancer-like
Chen_2021_Cell.HTA11_11092	polyp_epithelial	polyp	Epithelial cell	Chen_2021_Cell	missing	missing	265	-0.401279744233119	0.0283061715173026	-0.247770019067324	4	4	-0.419742096199651	-0.534512291264643	-0.28845470482067	Polyp
epithelium
Chen_2021_Cell.HTA11_11156	polyp_cancer	polyp	Cancer cell	Chen_2021_Cell	missing	missing	64	0.664307018696728	-0.799873624776006	1.34646012593023	4	4	0.344303270351466	0.267687946448747	-0.28845470482067	Polyp
cancer-like
Chen_2021_Cell.HTA11_11156	polyp_epithelial	polyp	Epithelial cell	Chen_2021_Cell	missing	missing	92	0.128048549339042	-0.425126290015726	0.551821576322667	4	4	-0.157680679129372	-0.101446993875871	-0.28845470482067	Polyp
epithelium
Chen_2021_Cell.HTA11_11167	polyp_cancer	polyp	Cancer cell	Chen_2021_Cell	missing	missing	67	0.23193194153579	-0.691445679065969	0.866801871126607	4	4	-0.0158745548073475	0.0511963676334314	-0.28845470482067	Polyp
cancer-like
Chen_2021_Cell.HTA11_11167	polyp_epithelial	polyp	Epithelial cell	Chen_2021_Cell	missing	missing	177	0.203296125843859	-0.502890021986157	0.747338668801332	4	4	-0.117236996359071	-0.0179795616069524	-0.28845470482067	Polyp
epithelium
Chen_2021_Cell.HTA11_11275	polyp_cancer	polyp	Cancer cell	Chen_2021_Cell	missing	missing	33	-0.0879006096725576	-0.50138924410785	0.395467926690232	4	4	0.0424709582401675	0.0315165344125464	-0.28845470482067	Polyp
cancer-like
Chen_2021_Cell.HTA11_11275	polyp_epithelial	polyp	Epithelial cell	Chen_2021_Cell	missing	missing	42	-0.401279744233119	-0.524188059961354	0.477670941570253	4	4	-0.179363874289528	-0.240109463508678	-0.28845470482067	Polyp
epithelium
Chen_2021_Cell.HTA11_11543	polyp_cancer	polyp	Cancer cell	Chen_2021_Cell	missing	missing	275	0.389847131543068	-0.68947589471563	0.986176366328358	4	4	0.339224662818736	0.476417124684182	-0.28845470482067	Polyp
cancer-like
Chen_2021_Cell.HTA11_11543	polyp_epithelial	polyp	Epithelial cell	Chen_2021_Cell	missing	missing	164	0.195707434002682	-0.602147318322426	0.751144298260049	4	4	-0.000448616830065811	0.148174760957621	-0.28845470482067	Polyp
epithelium
Chen_2021_Cell.HTA11_12090	polyp_cancer	polyp	Cancer cell	Chen_2021_Cell	missing	missing	142	-0.401279744233119	-0.789710574598273	0.465179702495316	4	4	-0.419742096199651	-0.534512291264643	-0.28845470482067	Polyp
cancer-like
Chen_2021_Cell.HTA11_12090	polyp_epithelial	polyp	Epithelial cell	Chen_2021_Cell	missing	missing	22	-0.401279744233119	-0.77714439511149	0.412035009860843	4	4	-0.419742096199651	-0.534512291264643	-0.28845470482067	Polyp
epithelium
Chen_2021_Cell.HTA11_12167	polyp_cancer	polyp	Cancer cell	Chen_2021_Cell	missing	missing	236	1.027141719072	-0.447188616535221	1.4174232394836	4	4	0.474605350442232	0.676351866024414	-0.28845470482067	Polyp
cancer-like
Chen_2021_Cell.HTA11_12167	polyp_epithelial	polyp	Epithelial cell	Chen_2021_Cell	missing	missing	155	0.787092689878017	-0.437096785578952	1.16497472136345	4	4	0.0488915589271767	0.288721200592389	-0.28845470482067	Polyp
epithelium
Chen_2021_Cell.HTA11_12187	polyp_cancer	polyp	Cancer cell	Chen_2021_Cell	missing	missing	117	-0.401279744233119	-0.341145046176673	0.0576269328055394	4	4	-0.419742096199651	-0.534512291264643	-0.28845470482067	Polyp
cancer-like
Chen_2021_Cell.HTA11_12187	polyp_epithelial	polyp	Epithelial cell	Chen_2021_Cell	missing	missing	266	-0.401279744233119	-0.304587687867912	0.121094274626249	4	4	-0.419742096199651	-0.534512291264643	-0.28845470482067	Polyp
epithelium
Chen_2021_Cell.HTA11_12399	polyp_cancer	polyp	Cancer cell	Chen_2021_Cell	missing	missing	87	0.802807209767732	-0.738834974085433	1.40444377623734	4	4	0.626690525147677	0.588530597663309	-0.28845470482067	Polyp
cancer-like
Chen_2021_Cell.HTA11_12399	polyp_epithelial	polyp	Epithelial cell	Chen_2021_Cell	missing	missing	114	0.22369740203302	-0.534681596278083	0.751144298260049	4	4	-0.0367797154180605	0.104172580527988	-0.28845470482067	Polyp
epithelium
Chen_2021_Cell.HTA11_12480	polyp_cancer	polyp	Cancer cell	Chen_2021_Cell	missing	missing	459	0.691266127436394	-0.74634367600397	1.40544477705245	4	4	0.582284180299022	0.418068056752543	-0.28845470482067	Polyp
cancer-like
Chen_2021_Cell.HTA11_12480	polyp_epithelial	polyp	Epithelial cell	Chen_2021_Cell	missing	missing	448	0.0437069107124414	-0.571557627790598	0.583337732111983	4	4	-0.127620958905139	-0.108580032285473	-0.28845470482067	Polyp
epithelium
Chen_2021_Cell.HTA11_12542	polyp_cancer	polyp	Cancer cell	Chen_2021_Cell	missing	missing	362	-0.401279744233119	0.0696299254176973	-0.337432752755599	4	4	-0.419742096199651	-0.534512291264643	-0.28845470482067	Polyp
cancer-like
Chen_2021_Cell.HTA11_12542	polyp_epithelial	polyp	Epithelial cell	Chen_2021_Cell	missing	missing	164	-0.401279744233119	-0.0982366549059503	-0.0740126686513783	4	4	-0.289444423265258	-0.274696571674041	-0.28845470482067	Polyp
epithelium
Chen_2021_Cell.HTA11_12900	polyp_cancer	polyp	Cancer cell	Chen_2021_Cell	missing	missing	247	0.7280170192075	-0.712672418768919	1.38837629822853	4	4	0.520827394244967	0.758881974413735	-0.28845470482067	Polyp
cancer-like
Chen_2021_Cell.HTA11_12900	polyp_epithelial	polyp	Epithelial cell	Chen_2021_Cell	missing	missing	290	0.0596314383659369	-0.550103844038348	0.571256858388622	4	4	-0.150744169392597	-0.0161024863925972	-0.28845470482067	Polyp
epithelium
Chen_2021_Cell.HTA11_12910	polyp_cancer	polyp	Cancer cell	Chen_2021_Cell	missing	missing	508	0.836311937120309	-0.633316499093857	1.43342811316667	4	4	0.593936044654563	0.747519189434411	-0.28845470482067	Polyp
cancer-like
Chen_2021_Cell.HTA11_12910	polyp_epithelial	polyp	Epithelial cell	Chen_2021_Cell	missing	missing	675	-0.111007081172247	-0.194393959771134	0.225156253961771	4	4	-0.270682095782458	-0.534512291264643	-0.28845470482067	Polyp
epithelium
Chen_2021_Cell.HTA11_13109	polyp_cancer	polyp	Cancer cell	Chen_2021_Cell	missing	missing	219	0.19312673651211	-0.625846348487811	0.751144298260049	4	4	0.456629657236014	0.458823878039243	-0.28845470482067	Polyp
cancer-like
Chen_2021_Cell.HTA11_13109	polyp_epithelial	polyp	Epithelial cell	Chen_2021_Cell	missing	missing	128	-0.401279744233119	-0.430091768204946	0.331446462865349	4	4	0.0128964628274895	0.114132201509085	-0.28845470482067	Polyp
epithelium
Chen_2021_Cell.HTA11_13678	polyp_cancer	polyp	Cancer cell	Chen_2021_Cell	missing	missing	27	-0.303852042927545	0.050309414865256	-0.0628239508630646	4	4	-0.157136033970116	-0.267423740640765	-0.28845470482067	Polyp
cancer-like
Chen_2021_Cell.HTA11_13678	polyp_epithelial	polyp	Epithelial cell	Chen_2021_Cell	missing	missing	75	-0.401279744233119	-0.098622616695185	-0.208138679369042	4	4	-0.419742096199651	-0.534512291264643	-0.28845470482067	Polyp
epithelium
Chen_2021_Cell.HTA11_13701	polyp_cancer	polyp	Cancer cell	Chen_2021_Cell	missing	missing	82	-0.401279744233119	0.190452051060175	-0.533277807981186	4	4	-0.401663675975537	-0.534512291264643	-0.28845470482067	Polyp
cancer-like
Chen_2021_Cell.HTA11_13701	polyp_epithelial	polyp	Epithelial cell	Chen_2021_Cell	missing	missing	485	-0.401279744233119	0.318687636089151	-0.623116300372627	4	4	-0.419742096199651	-0.534512291264643	-0.28845470482067	Polyp
epithelium
Chen_2021_Cell.HTA11_13708	polyp_cancer	polyp	Cancer cell	Chen_2021_Cell	missing	missing	416	-0.401279744233119	-0.00562585234193989	-0.272849943016419	4	4	-0.419742096199651	-0.534512291264643	-0.28845470482067	Polyp
cancer-like
Chen_2021_Cell.HTA11_13708	polyp_epithelial	polyp	Epithelial cell	Chen_2021_Cell	missing	missing	163	-0.401279744233119	-0.192393606033896	0.0492267586239992	4	4	-0.419742096199651	-0.534512291264643	-0.28845470482067	Polyp
epithelium
Chen_2021_Cell.HTA11_13794	polyp_cancer	polyp	Cancer cell	Chen_2021_Cell	missing	missing	16	-0.0285655661719857	-0.672570709031771	0.599033684448812	4	4	-0.131136482606453	-0.0364512286078196	-0.28845470482067	Polyp
cancer-like
Chen_2021_Cell.HTA11_13794	polyp_epithelial	polyp	Epithelial cell	Chen_2021_Cell	missing	missing	72	-0.401279744233119	-0.41172421266314	0.141740103040258	4	4	-0.419742096199651	-0.534512291264643	-0.28845470482067	Polyp
epithelium
Chen_2021_Cell.HTA11_1391	polyp_cancer	polyp	Cancer cell	Chen_2021_Cell	missing	missing	319	1.15319429793567	-0.336255730553613	1.42925795996541	4	4	0.935251110100683	1.61120359826303	-0.108199514727068	Polyp
cancer-like
Chen_2021_Cell.HTA11_1391	polyp_epithelial	polyp	Epithelial cell	Chen_2021_Cell	missing	missing	151	1.04172953134517	-0.313539137197292	1.27958475692953	4	4	0.578585897814838	1.45747761286006	0.108298400494036	Polyp
epithelium
Chen_2021_Cell.HTA11_14015	polyp_cancer	polyp	Cancer cell	Chen_2021_Cell	missing	missing	83	-0.323600859535232	-0.566092172136763	0.320460870057433	4	4	-0.279291647243748	-0.391529600725155	-0.28845470482067	Polyp
cancer-like
Chen_2021_Cell.HTA11_14015	polyp_epithelial	polyp	Epithelial cell	Chen_2021_Cell	missing	missing	25	-0.115885849055777	-0.622155602172509	0.683962448661621	4	4	-0.246324495942568	-0.153987097694852	-0.0702691659508095	Polyp
epithelium
Chen_2021_Cell.HTA11_14651	polyp_cancer	polyp	Cancer cell	Chen_2021_Cell	missing	missing	27	0.293661537441464	-0.402283848091434	0.774754937269413	4	4	0.296830908131583	0.385685415687165	-0.28845470482067	Polyp
cancer-like
Chen_2021_Cell.HTA11_14651	polyp_epithelial	polyp	Epithelial cell	Chen_2021_Cell	missing	missing	111	-0.401279744233119	0.118455087123255	-0.245758617917556	4	4	-0.323742423193861	-0.534512291264643	-0.28845470482067	Polyp
epithelium
Chen_2021_Cell.HTA11_1938	normal_epithelial	normal	Epithelial cell	Chen_2021_Cell	missing	missing	7	0.0761733707736386	0.22354085252706	-0.291809921720486	4	4	-0.0352401718215092	-0.0930174493542891	0.197194390963416	Normal
epithelium
Chen_2021_Cell.HTA11_1938	polyp_cancer	polyp	Cancer cell	Chen_2021_Cell	missing	missing	338	0.176412313594438	-0.320797607943731	0.436889195447051	4	4	0.260289677263719	0.57853060818072	-0.197116298350318	Polyp
cancer-like
Chen_2021_Cell.HTA11_1938	polyp_epithelial	polyp	Epithelial cell	Chen_2021_Cell	missing	missing	66	0.0730279026689242	-0.207354643653928	0.290481740710828	4	4	0.100957817260093	0.268916433424435	-0.254521084988651	Polyp
epithelium
Chen_2021_Cell.HTA11_2112	normal_epithelial	normal	Epithelial cell	Chen_2021_Cell	missing	missing	11	-0.401279744233119	0.077601687203218	-0.387258093450346	4	4	-0.295447075764887	-0.413721793607369	-0.183731150241768	Normal
epithelium
Chen_2021_Cell.HTA11_2112	polyp_cancer	polyp	Cancer cell	Chen_2021_Cell	missing	missing	132	-0.184540658748647	-0.296408841563637	0.119750160032456	4	4	-0.401523351461376	-0.534512291264643	-0.28845470482067	Polyp
cancer-like
Chen_2021_Cell.HTA11_2112	polyp_epithelial	polyp	Epithelial cell	Chen_2021_Cell	missing	missing	209	-0.401279744233119	-0.462939345961906	0.181608751328185	4	4	-0.419742096199651	-0.534512291264643	-0.28845470482067	Polyp
epithelium
Chen_2021_Cell.HTA11_2235	normal_epithelial	normal	Epithelial cell	Chen_2021_Cell	missing	missing	19	0.122401302937413	-0.0817323690364025	0.0901540267726328	4	4	-0.125904920952666	0.0186375625661563	-0.28845470482067	Normal
epithelium
Chen_2021_Cell.HTA11_2235	polyp_cancer	polyp	Cancer cell	Chen_2021_Cell	missing	missing	49	0.679293024964095	-0.605553574567785	1.22383235947259	4	4	0.63092877039269	0.944090957812018	-0.0787660344961994	Polyp
cancer-like
Chen_2021_Cell.HTA11_2235	polyp_epithelial	polyp	Epithelial cell	Chen_2021_Cell	missing	missing	21	0.06757393838518	-0.452852333370958	0.554880490196404	4	4	-0.0223037619818302	0.284493561668229	-0.003692251321403	Polyp
epithelium
Chen_2021_Cell.HTA11_2334	polyp_cancer	polyp	Cancer cell	Chen_2021_Cell	missing	missing	163	0.54976659329708	-0.510160468285008	1.15019966685221	4	4	0.5489089746804	0.467472836499339	-0.28845470482067	Polyp
cancer-like
Chen_2021_Cell.HTA11_2334	polyp_epithelial	polyp	Epithelial cell	Chen_2021_Cell	missing	missing	417	-0.401279744233119	-0.267855511474966	0.155131913522864	4	4	-0.335764640270144	-0.534512291264643	-0.28845470482067	Polyp
epithelium
Chen_2021_Cell.HTA11_2487	normal_epithelial	normal	Epithelial cell	Chen_2021_Cell	missing	missing	16	-0.401279744233119	0.0475521115299549	-0.424327042235029	4	4	-0.19272062141709	-0.0587211408594494	-0.28845470482067	Normal
epithelium
Chen_2021_Cell.HTA11_2487	polyp_cancer	polyp	Cancer cell	Chen_2021_Cell	missing	missing	667	-0.401279744233119	-0.21750338996833	-0.0514749395940154	4	4	-0.338595109489405	-0.383497169973374	-0.28845470482067	Polyp
cancer-like
Chen_2021_Cell.HTA11_2487	polyp_epithelial	polyp	Epithelial cell	Chen_2021_Cell	missing	missing	142	-0.401279744233119	-0.316746827410696	0.0222015805092002	4	4	-0.317344565722458	-0.384497393968972	-0.28845470482067	Polyp
epithelium
Chen_2021_Cell.HTA11_2951	normal_epithelial	normal	Epithelial cell	Chen_2021_Cell	missing	missing	67	-0.199148659247665	-0.070898237501527	-0.106339590022108	4	4	-0.266434405115011	-0.338706418006095	-0.28845470482067	Normal
epithelium
Chen_2021_Cell.HTA11_2951	polyp_cancer	polyp	Cancer cell	Chen_2021_Cell	missing	missing	114	0.947849532473937	-0.716891613235806	1.63064410682376	4	4	0.420510933133803	0.567162384128892	-0.28845470482067	Polyp
cancer-like
Chen_2021_Cell.HTA11_2951	polyp_epithelial	polyp	Epithelial cell	Chen_2021_Cell	missing	missing	59	0.218090413904461	-0.378239913031034	0.604723932595286	4	4	-0.174901495660378	-0.141293102745156	-0.28845470482067	Polyp
epithelium
Chen_2021_Cell.HTA11_2992	polyp_cancer	polyp	Cancer cell	Chen_2021_Cell	missing	missing	3	-0.401279744233119	-0.68796219883987	0.452349488745005	4	4	-0.148312648054268	-0.534512291264643	-0.162156131003793	Polyp
cancer-like
Chen_2021_Cell.HTA11_2992	polyp_epithelial	polyp	Epithelial cell	Chen_2021_Cell	missing	missing	17	-0.306585622411421	-0.102015728793106	0.0148963392380409	4	4	-0.321469100676814	-0.30520863504469	-0.203512209431884	Polyp
epithelium
Chen_2021_Cell.HTA11_3077	normal_epithelial	normal	Epithelial cell	Chen_2021_Cell	missing	missing	28	-0.239617259256385	0.0813622427332014	-0.204624591846611	4	4	-0.367130216722516	-0.534512291264643	-0.28845470482067	Normal
epithelium
Chen_2021_Cell.HTA11_3252	normal_epithelial	normal	Epithelial cell	Chen_2021_Cell	missing	missing	31	-0.247080649748145	0.743021596310269	-0.843667603144821	4	4	-0.266994379305938	-0.255479212986676	-0.28845470482067	Normal
epithelium
Chen_2021_Cell.HTA11_3331	polyp_cancer	polyp	Cancer cell	Chen_2021_Cell	missing	missing	63	-0.294309237805659	0.473822154999992	-0.63512478579106	4	4	-0.326247468429666	-0.365722126167306	-0.28845470482067	Polyp
cancer-like
Chen_2021_Cell.HTA11_3331	polyp_epithelial	polyp	Epithelial cell	Chen_2021_Cell	missing	missing	35	-0.29281431579312	0.277412671679173	-0.580050467162186	4	4	-0.245264766700522	-0.146385158411194	-0.28845470482067	Polyp
epithelium
Chen_2021_Cell.HTA11_3361	normal_epithelial	normal	Epithelial cell	Chen_2021_Cell	missing	missing	32	-0.401279744233119	0.199655426230913	-0.449505252689097	4	4	-0.419742096199651	-0.534512291264643	-0.28845470482067	Normal
epithelium
Chen_2021_Cell.HTA11_3361	polyp_cancer	polyp	Cancer cell	Chen_2021_Cell	missing	missing	257	0.697525525969064	-0.698918290057593	1.38712981556002	4	4	0.385729274972031	0.496633714133761	-0.15173600531937	Polyp
cancer-like
Chen_2021_Cell.HTA11_3361	polyp_epithelial	polyp	Epithelial cell	Chen_2021_Cell	missing	missing	576	-0.0124323000861013	-0.634354046013219	0.630380789472674	4	4	-0.245777290249086	-0.196323232816128	-0.28845470482067	Polyp
epithelium
Chen_2021_Cell.HTA11_3372	polyp_cancer	polyp	Cancer cell	Chen_2021_Cell	missing	missing	10	-0.401279744233119	-0.737609697652286	0.727383158257358	4	4	-0.320220869738126	-0.534512291264643	-0.28845470482067	Polyp
cancer-like
Chen_2021_Cell.HTA11_3372	polyp_epithelial	polyp	Epithelial cell	Chen_2021_Cell	missing	missing	63	-0.401279744233119	-0.458220360444404	0.151043405150617	4	4	-0.419742096199651	-0.534512291264643	-0.28845470482067	Polyp
epithelium
Chen_2021_Cell.HTA11_3410	normal_epithelial	normal	Epithelial cell	Chen_2021_Cell	missing	missing	91	0.0698496956163458	-0.468659076754973	0.539077300005959	4	4	-0.179617620883094	0.0116473709550604	-0.117839136765986	Normal
epithelium
Chen_2021_Cell.HTA11_3410	polyp_cancer	polyp	Cancer cell	Chen_2021_Cell	missing	missing	109	0.36478387690453	-0.419156677651217	0.69142116790095	4	4	0.489743896536345	0.851905894366478	-0.28845470482067	Polyp
cancer-like
Chen_2021_Cell.HTA11_3410	polyp_epithelial	polyp	Epithelial cell	Chen_2021_Cell	missing	missing	86	0.178041763661561	-0.469208325582543	0.627209850013734	4	4	-0.0292637746461702	0.237612153228066	-0.28845470482067	Polyp
epithelium
Chen_2021_Cell.HTA11_347	polyp_cancer	polyp	Cancer cell	Chen_2021_Cell	missing	missing	32	0.0586503350356753	-0.32809692379747	0.574150087265447	4	4	0.454108106025975	0.314768635843743	-0.197357126399504	Polyp
cancer-like
Chen_2021_Cell.HTA11_347	polyp_epithelial	polyp	Epithelial cell	Chen_2021_Cell	missing	missing	475	-0.0986424691074064	-0.176536321211845	0.0626203801853285	4	4	-0.204990930571979	-0.0936237208819698	-0.28845470482067	Polyp
epithelium
Chen_2021_Cell.HTA11_377	normal_epithelial	normal	Epithelial cell	Chen_2021_Cell	missing	missing	34	-0.184924566768632	-0.139743118668464	0.040295824452545	4	4	-0.419742096199651	-0.534512291264643	-0.28845470482067	Normal
epithelium
Chen_2021_Cell.HTA11_3918	normal_epithelial	normal	Epithelial cell	Chen_2021_Cell	missing	missing	109	-0.100184351556122	-0.178455736570995	0.128008258406585	4	4	-0.26337889726726	-0.20859474399263	-0.28845470482067	Normal
epithelium
Chen_2021_Cell.HTA11_392	normal_epithelial	normal	Epithelial cell	Chen_2021_Cell	missing	missing	31	-0.088153069229878	-0.436278445339578	0.25956273662075	4	4	-0.140367693012804	0.112633419138126	-0.28845470482067	Normal
epithelium
Chen_2021_Cell.HTA11_392	polyp_cancer	polyp	Cancer cell	Chen_2021_Cell	missing	missing	91	0.0551852952075293	-0.653991672961852	0.743678279906672	4	4	-0.168148911998631	-0.0571059214008557	-0.28845470482067	Polyp
cancer-like
Chen_2021_Cell.HTA11_392	polyp_epithelial	polyp	Epithelial cell	Chen_2021_Cell	missing	missing	31	-0.0537179512352949	-0.619134418013956	0.709447182325915	4	4	-0.184417728192406	-0.124000794857859	-0.28845470482067	Polyp
epithelium
Chen_2021_Cell.HTA11_3997	normal_epithelial	normal	Epithelial cell	Chen_2021_Cell	missing	missing	5	0.459151789455473	-0.646443448592816	0.751144298260049	4	4	0.402279834210123	1.01697116730541	-0.28845470482067	Normal
epithelium
Chen_2021_Cell.HTA11_3997	polyp_cancer	polyp	Cancer cell	Chen_2021_Cell	missing	missing	35	0.317522433184873	-0.449810526716434	0.751144298260049	4	4	-0.0335400199081703	-0.0346862564296713	-0.28845470482067	Polyp
cancer-like
Chen_2021_Cell.HTA11_3997	polyp_epithelial	polyp	Epithelial cell	Chen_2021_Cell	missing	missing	129	-0.401279744233119	-0.380298195619906	0.202872602214586	4	4	-0.419742096199651	-0.534512291264643	-0.28845470482067	Polyp
epithelium
Chen_2021_Cell.HTA11_411	normal_epithelial	normal	Epithelial cell	Chen_2021_Cell	missing	missing	112	-0.111766148226126	-0.375429847673685	0.230885011994897	4	4	-0.250112752979164	-0.201786073358943	-0.28845470482067	Normal
epithelium
Chen_2021_Cell.HTA11_411	polyp_cancer	polyp	Cancer cell	Chen_2021_Cell	missing	missing	257	-0.401279744233119	-0.266318126814118	-0.0430616394742387	4	4	-0.340803480478429	-0.389921561924844	-0.28845470482067	Polyp
cancer-like
Chen_2021_Cell.HTA11_411	polyp_epithelial	polyp	Epithelial cell	Chen_2021_Cell	missing	missing	283	-0.215745994690444	-0.372368643806055	0.176861648958119	4	4	-0.280033601888673	-0.259683579905788	-0.28845470482067	Polyp
epithelium
Chen_2021_Cell.HTA11_4255	normal_epithelial	normal	Epithelial cell	Chen_2021_Cell	missing	missing	80	-0.401279744233119	0.432563414292019	-0.728316704101687	4	4	-0.419742096199651	-0.534512291264643	-0.28845470482067	Normal
epithelium
Chen_2021_Cell.HTA11_4255	polyp_cancer	polyp	Cancer cell	Chen_2021_Cell	missing	missing	397	-0.212040502100437	-0.258504553220692	0.0720862425670033	4	4	-0.253118005753334	-0.239614958010057	-0.237656796054539	Polyp
cancer-like
Chen_2021_Cell.HTA11_4255	polyp_epithelial	polyp	Epithelial cell	Chen_2021_Cell	missing	missing	127	-0.273348971354263	-0.260535972881523	0.0516861212920144	4	4	-0.277922489463289	-0.232971430426651	-0.28845470482067	Polyp
epithelium
Chen_2021_Cell.HTA11_5212	normal_epithelial	normal	Epithelial cell	Chen_2021_Cell	missing	missing	6	-0.401279744233119	-0.0607521560120377	-0.202344333044223	4	4	-0.203778028570685	-0.279054774701619	-0.28845470482067	Normal
epithelium
Chen_2021_Cell.HTA11_5212	polyp_cancer	polyp	Cancer cell	Chen_2021_Cell	missing	missing	1	-0.401279744233119	0.690852304220633	-1.09213204845375	4	4	-0.158680059848166	-0.534512291264643	0.0502681066646372	Polyp
cancer-like
Chen_2021_Cell.HTA11_5212	polyp_epithelial	polyp	Epithelial cell	Chen_2021_Cell	missing	missing	1	-0.401279744233119	-0.830780102612956	0.429500358379837	4	4	-0.185020264791916	0.013171982020074	-0.28845470482067	Polyp
epithelium
Chen_2021_Cell.HTA11_5216	normal_epithelial	normal	Epithelial cell	Chen_2021_Cell	missing	missing	35	-0.0934801148898562	-0.49847573183197	0.340599822227407	4	4	-0.201721791192291	-0.141019410727675	-0.28845470482067	Normal
epithelium
Chen_2021_Cell.HTA11_5216	polyp_cancer	polyp	Cancer cell	Chen_2021_Cell	missing	missing	3	0.954740582914401	-0.585353007406517	1.65828323494826	4	4	0.229082679510421	0.979412185392193	-0.28845470482067	Polyp
cancer-like
Chen_2021_Cell.HTA11_5216	polyp_epithelial	polyp	Epithelial cell	Chen_2021_Cell	missing	missing	55	-0.0609004355779821	-0.25588742605321	0.205463124657813	4	4	-0.241571351422856	-0.159467331295173	-0.28845470482067	Polyp
epithelium
Chen_2021_Cell.HTA11_5363	polyp_cancer	polyp	Cancer cell	Chen_2021_Cell	missing	missing	6	-0.0500706593580833	-0.311437781942197	0.285216537086348	4	4	-0.0555778910894358	0.300699226053054	-0.133335641457311	Polyp
cancer-like
Chen_2021_Cell.HTA11_5363	polyp_epithelial	polyp	Epithelial cell	Chen_2021_Cell	missing	missing	7	-0.149025769577677	-0.112252838184383	-0.167024950565211	4	4	-0.313231791122771	-0.285988246085256	-0.28845470482067	Polyp
epithelium
Chen_2021_Cell.HTA11_546	normal_epithelial	normal	Epithelial cell	Chen_2021_Cell	missing	missing	55	-0.00817269343548191	-0.15913063819614	0.232531793211535	4	4	-0.187356301276109	-0.0675761340230179	-0.15350195510752	Normal
epithelium
Chen_2021_Cell.HTA11_546	polyp_cancer	polyp	Cancer cell	Chen_2021_Cell	missing	missing	100	0.755431578007194	-0.795079883375124	1.56319325477235	4	4	0.685722773629865	0.77965750608613	-0.28845470482067	Polyp
cancer-like
Chen_2021_Cell.HTA11_546	polyp_epithelial	polyp	Epithelial cell	Chen_2021_Cell	missing	missing	211	0.282051555658948	-0.609815004961836	0.891580099931759	4	4	-0.0957146590891871	0.164411197286535	-0.28845470482067	Polyp
epithelium
Chen_2021_Cell.HTA11_5679	polyp_cancer	polyp	Cancer cell	Chen_2021_Cell	missing	missing	238	-0.401279744233119	-0.554870165032252	0.269051750714843	4	4	-0.419742096199651	-0.534512291264643	-0.28845470482067	Polyp
cancer-like
Chen_2021_Cell.HTA11_5679	polyp_epithelial	polyp	Epithelial cell	Chen_2021_Cell	missing	missing	68	-0.401279744233119	-0.58074414471087	0.379588432294887	4	4	-0.296173663798657	-0.534512291264643	-0.28845470482067	Polyp
epithelium
Chen_2021_Cell.HTA11_5994	polyp_cancer	polyp	Cancer cell	Chen_2021_Cell	missing	missing	249	-0.238221017183886	-0.343127921036975	0.177266329787068	4	4	-0.308755012653532	-0.317797271832563	-0.28845470482067	Polyp
cancer-like
Chen_2021_Cell.HTA11_5994	polyp_epithelial	polyp	Epithelial cell	Chen_2021_Cell	missing	missing	127	-0.156740432906796	-0.389272091864371	0.253082445939904	4	4	-0.243792605293278	-0.19470836429841	-0.28845470482067	Polyp
epithelium
Chen_2021_Cell.HTA11_6025	polyp_cancer	polyp	Cancer cell	Chen_2021_Cell	missing	missing	1	1.21553520409231	-0.563999969823393	1.7795351739157	4	4	1.68583910555369	0.971108043475831	-0.28845470482067	Polyp
cancer-like
Chen_2021_Cell.HTA11_6025	polyp_epithelial	polyp	Epithelial cell	Chen_2021_Cell	missing	missing	3	-0.120544180265128	-0.232222504707211	0.0176857438417817	4	4	-0.235510174541363	-0.104637807395303	-0.186048855194662	Polyp
epithelium
Chen_2021_Cell.HTA11_6134	normal_epithelial	normal	Epithelial cell	Chen_2021_Cell	missing	missing	4	0.219804287479172	-0.311415154433102	0.462932111114149	4	4	-0.0988484014697541	-0.0928348937777152	-0.28845470482067	Normal
epithelium
Chen_2021_Cell.HTA11_6134	polyp_cancer	polyp	Cancer cell	Chen_2021_Cell	missing	missing	168	-0.218491881096953	-0.354539698028945	0.154984126834904	4	4	-0.232837587242299	-0.180042716630103	-0.136277420455856	Polyp
cancer-like
Chen_2021_Cell.HTA11_6134	polyp_epithelial	polyp	Epithelial cell	Chen_2021_Cell	missing	missing	53	-0.114196038117392	-0.319936840376778	0.211158525946427	4	4	-0.217519531799049	-0.145285187646578	-0.171004994596665	Polyp
epithelium
Chen_2021_Cell.HTA11_6147	normal_epithelial	normal	Epithelial cell	Chen_2021_Cell	missing	missing	12	-0.214014072049608	0.0689388982628455	-0.470218642495965	4	4	-0.347524707489895	-0.452721146492673	-0.28845470482067	Normal
epithelium
Chen_2021_Cell.HTA11_6147	polyp_cancer	polyp	Cancer cell	Chen_2021_Cell	missing	missing	14	-0.28062223587292	-0.21273292523436	-0.0406648886332878	4	4	-0.174015671484305	-0.0466346043197856	-0.168827599951362	Polyp
cancer-like
Chen_2021_Cell.HTA11_6147	polyp_epithelial	polyp	Epithelial cell	Chen_2021_Cell	missing	missing	3	-0.0706133164461147	-0.219236595351923	0.221739702377957	4	4	-0.230789851749934	-0.0936237208819698	0.281452424716466	Polyp
epithelium
Chen_2021_Cell.HTA11_6182	normal_epithelial	normal	Epithelial cell	Chen_2021_Cell	missing	missing	4	-0.401279744233119	-0.758597131621103	0.357317387387983	4	4	-0.419742096199651	-0.534512291264643	-0.28845470482067	Normal
epithelium
Chen_2021_Cell.HTA11_6182	polyp_cancer	polyp	Cancer cell	Chen_2021_Cell	missing	missing	187	0.00248099021843939	-0.839793823995382	0.751144298260049	4	4	-0.17599354242619	-0.145084213419217	-0.28845470482067	Polyp
cancer-like
Chen_2021_Cell.HTA11_6182	polyp_epithelial	polyp	Epithelial cell	Chen_2021_Cell	missing	missing	27	-0.086109936356169	-0.690174669695414	0.627179114347752	4	4	-0.0800167817218835	-0.0167338158899681	-0.28845470482067	Polyp
epithelium
Chen_2021_Cell.HTA11_6298	normal_epithelial	normal	Epithelial cell	Chen_2021_Cell	missing	missing	51	-0.401279744233119	-0.0985786429874126	-0.0750795458446466	4	4	-0.198353778268713	-0.0392106049972154	0.0179215973756065	Normal
epithelium
Chen_2021_Cell.HTA11_6298	polyp_cancer	polyp	Cancer cell	Chen_2021_Cell	missing	missing	141	0.625382650984106	-0.423111704095827	1.05080595444798	4	4	1.22092572857269	1.0245647486767	-0.28845470482067	Polyp
cancer-like
Chen_2021_Cell.HTA11_6298	polyp_epithelial	polyp	Epithelial cell	Chen_2021_Cell	missing	missing	102	0.0630450914380275	-0.232428569922574	0.384200913513146	4	4	0.114969854150046	0.442575906209551	-0.28845470482067	Polyp
epithelium
Chen_2021_Cell.HTA11_6310	normal_epithelial	normal	Epithelial cell	Chen_2021_Cell	missing	missing	7	-0.163719318916811	-0.453564658162352	0.266070079450431	4	4	-0.283993281733189	-0.217765057509565	0.0589461395724437	Normal
epithelium
Chen_2021_Cell.HTA11_6310	polyp_cancer	polyp	Cancer cell	Chen_2021_Cell	missing	missing	37	-0.24567700895645	-0.249979945068065	0.0208755920554196	4	4	-0.277007290314849	-0.312043733109213	-0.162750187667233	Polyp
cancer-like
Chen_2021_Cell.HTA11_6310	polyp_epithelial	polyp	Epithelial cell	Chen_2021_Cell	missing	missing	26	-0.0737946939413845	-0.199258987037421	0.24446807681834	4	4	-0.29470595144555	-0.421916695124913	-0.28845470482067	Polyp
epithelium
Chen_2021_Cell.HTA11_6407	normal_epithelial	normal	Epithelial cell	Chen_2021_Cell	missing	missing	79	-0.21026681575903	0.100913154033669	-0.148557511867702	4	4	-0.419742096199651	-0.534512291264643	-0.28845470482067	Normal
epithelium
Chen_2021_Cell.HTA11_6407	polyp_cancer	polyp	Cancer cell	Chen_2021_Cell	missing	missing	153	-0.0833273905473462	-0.283150358465851	0.276167127698625	4	4	-0.188780416583381	-0.223465793021316	-0.28845470482067	Polyp
cancer-like
Chen_2021_Cell.HTA11_6407	polyp_epithelial	polyp	Epithelial cell	Chen_2021_Cell	missing	missing	445	-0.0851076312179387	-0.243599944604132	0.142513555788064	4	4	-0.181016474069979	-0.0600384963150209	-0.28845470482067	Polyp
epithelium
Chen_2021_Cell.HTA11_6436	polyp_cancer	polyp	Cancer cell	Chen_2021_Cell	missing	missing	262	0.448000400545612	-0.688143010456354	1.01640641487909	4	4	0.209442626839815	0.42067625027432	-0.28845470482067	Polyp
cancer-like
Chen_2021_Cell.HTA11_6436	polyp_epithelial	polyp	Epithelial cell	Chen_2021_Cell	missing	missing	249	-0.0316449204368009	-0.644913061993006	0.673510084533058	4	4	-0.14525624698451	-0.0679514270387864	-0.28845470482067	Polyp
epithelium
Chen_2021_Cell.HTA11_6801	normal_epithelial	normal	Epithelial cell	Chen_2021_Cell	missing	missing	62	-0.401279744233119	0.150968783682628	-0.421512482229848	4	4	-0.419742096199651	-0.534512291264643	-0.28845470482067	Normal
epithelium
Chen_2021_Cell.HTA11_6801	polyp_cancer	polyp	Cancer cell	Chen_2021_Cell	missing	missing	305	-0.348775841652506	0.0345190652056644	-0.261749737174708	4	4	-0.237602222426776	-0.156200396246727	-0.28845470482067	Polyp
cancer-like
Chen_2021_Cell.HTA11_6801	polyp_epithelial	polyp	Epithelial cell	Chen_2021_Cell	missing	missing	475	-0.401279744233119	-0.0691224557197398	-0.124563512714611	4	4	-0.278361992095347	-0.356652275251444	-0.28845470482067	Polyp
epithelium
Chen_2021_Cell.HTA11_6818	normal_epithelial	normal	Epithelial cell	Chen_2021_Cell	missing	missing	151	-0.401279744233119	0.0500965232086217	-0.204996817798052	4	4	-0.284537798435605	-0.534512291264643	-0.28845470482067	Normal
epithelium
Chen_2021_Cell.HTA11_6818	polyp_cancer	polyp	Cancer cell	Chen_2021_Cell	missing	missing	935	0.233144569855968	-0.480633499562382	0.72109877012609	4	4	0.391953409075324	0.550607818859173	-0.28845470482067	Polyp
cancer-like
Chen_2021_Cell.HTA11_6818	polyp_epithelial	polyp	Epithelial cell	Chen_2021_Cell	missing	missing	374	0.215871769625176	-0.377821551626225	0.578645176638214	4	4	0.0740936882686472	0.234070463311892	-0.28845470482067	Polyp
epithelium
Chen_2021_Cell.HTA11_6862	polyp_cancer	polyp	Cancer cell	Chen_2021_Cell	missing	missing	44	1.05707462825589	-0.629037919488879	1.78447022595341	4	4	0.206152014004027	0.508506336257317	-0.28845470482067	Polyp
cancer-like
Chen_2021_Cell.HTA11_6862	polyp_epithelial	polyp	Epithelial cell	Chen_2021_Cell	missing	missing	63	0.385113872774541	-0.460456809187327	0.816587253397745	4	4	-0.0187771707134182	0.301276066229528	-0.28845470482067	Polyp
epithelium
Chen_2021_Cell.HTA11_696	normal_epithelial	normal	Epithelial cell	Chen_2021_Cell	missing	missing	128	-0.172034328075426	-0.158368524675837	0.0759074846035624	4	4	-0.195962313146103	-0.10106778494038	-0.167444421783208	Normal
epithelium
Chen_2021_Cell.HTA11_696	polyp_cancer	polyp	Cancer cell	Chen_2021_Cell	missing	missing	324	0.828654313222062	-0.70822923830523	1.53681016768539	4	4	1.13675367266453	0.994994867700332	-0.139149299598841	Polyp
cancer-like
Chen_2021_Cell.HTA11_696	polyp_epithelial	polyp	Epithelial cell	Chen_2021_Cell	missing	missing	586	0.206418533019615	-0.548988269346549	0.751144298260049	4	4	-0.0461371261242949	0.164765113573833	-0.28845470482067	Polyp
epithelium
Chen_2021_Cell.HTA11_7029	normal_epithelial	normal	Epithelial cell	Chen_2021_Cell	missing	missing	42	-0.401279744233119	0.224095959273587	-0.517064161800067	4	4	-0.283034179912331	-0.246942871152654	-0.28845470482067	Normal
epithelium
Chen_2021_Cell.HTA11_7029	polyp_cancer	polyp	Cancer cell	Chen_2021_Cell	missing	missing	207	0.657349775276284	-0.647552554482233	1.27859870711079	4	4	0.583715778361314	1.05173464852423	-0.28845470482067	Polyp
cancer-like
Chen_2021_Cell.HTA11_7029	polyp_epithelial	polyp	Epithelial cell	Chen_2021_Cell	missing	missing	126	0.340743954518666	-0.500060544437868	0.849115405508595	4	4	0.244659775147217	0.629355530751296	-0.183077134214245	Polyp
epithelium
Chen_2021_Cell.HTA11_7128	polyp_cancer	polyp	Cancer cell	Chen_2021_Cell	missing	missing	84	0.442744285616603	-0.882217701440022	1.24057753327825	4	4	0.0968902476351582	0.0417158509837002	-0.28845470482067	Polyp
cancer-like
Chen_2021_Cell.HTA11_7128	polyp_epithelial	polyp	Epithelial cell	Chen_2021_Cell	missing	missing	14	0.193450752575147	-0.734035703120442	0.845463881253104	4	4	-0.143556769974413	0.0441242363579362	-0.28845470482067	Polyp
epithelium
Chen_2021_Cell.HTA11_7179	polyp_cancer	polyp	Cancer cell	Chen_2021_Cell	missing	missing	51	1.44253612683059	-0.788075259260586	2.23020799208035	4	4	0.312936534920758	0.45143557772157	-0.28845470482067	Polyp
cancer-like
Chen_2021_Cell.HTA11_7179	polyp_epithelial	polyp	Epithelial cell	Chen_2021_Cell	missing	missing	81	0.0969948204225597	-0.442055359150231	0.487298953194972	4	4	-0.241275230216863	-0.345192677210248	-0.28845470482067	Polyp
epithelium
Chen_2021_Cell.HTA11_7469	normal_epithelial	normal	Epithelial cell	Chen_2021_Cell	missing	missing	131	-0.401279744233119	0.222684419184003	-0.454316418328979	4	4	-0.374462531092345	-0.534512291264643	-0.28845470482067	Normal
epithelium
Chen_2021_Cell.HTA11_7469	polyp_cancer	polyp	Cancer cell	Chen_2021_Cell	missing	missing	2	0.258297259740662	-0.829703536113676	1.08800079585434	4	4	0.0158045098090358	0.481763122755628	0.0656630467017589	Polyp
cancer-like
Chen_2021_Cell.HTA11_7469	polyp_epithelial	polyp	Epithelial cell	Chen_2021_Cell	missing	missing	237	-0.401279744233119	0.198940384558503	-0.440516408813892	4	4	-0.335423908035208	-0.411387683044401	-0.28845470482067	Polyp
epithelium
Chen_2021_Cell.HTA11_7663	normal_epithelial	normal	Epithelial cell	Chen_2021_Cell	missing	missing	147	-0.140025034860625	0.0231343493407628	-0.164398411532279	4	4	-0.252200707752705	-0.237697343015352	-0.28845470482067	Normal
epithelium
Chen_2021_Cell.HTA11_7663	polyp_cancer	polyp	Cancer cell	Chen_2021_Cell	missing	missing	38	0.161272201873758	-0.292869501232372	0.478057904462094	4	4	-0.0501874239479186	0.149939483497004	-0.28845470482067	Polyp
cancer-like
Chen_2021_Cell.HTA11_7663	polyp_epithelial	polyp	Epithelial cell	Chen_2021_Cell	missing	missing	569	-0.144155153097506	-0.0336752996225627	-0.0677226521302622	4	4	-0.285895364986851	-0.264926991262482	-0.28845470482067	Polyp
epithelium
Chen_2021_Cell.HTA11_7696	normal_epithelial	normal	Epithelial cell	Chen_2021_Cell	missing	missing	35	-0.401279744233119	-0.171636319050244	0.0273613791213988	4	4	-0.353721970227996	-0.402361465024264	-0.28845470482067	Normal
epithelium
Chen_2021_Cell.HTA11_7696	polyp_cancer	polyp	Cancer cell	Chen_2021_Cell	missing	missing	398	0.71277040638336	-0.568484974303585	1.20024565155407	4	4	0.877219237221987	1.09678619200217	-0.117830569908112	Polyp
cancer-like
Chen_2021_Cell.HTA11_7696	polyp_epithelial	polyp	Epithelial cell	Chen_2021_Cell	missing	missing	160	0.223545434745037	-0.440391727730651	0.685084876156532	4	4	0.117735311805144	0.474913831349423	-0.28845470482067	Polyp
epithelium
Chen_2021_Cell.HTA11_78	normal_epithelial	normal	Epithelial cell	Chen_2021_Cell	missing	missing	21	-0.0564857002672347	-0.134413301220596	0.0786396412227418	4	4	-0.0430565479777585	0.344420654586441	-0.28845470482067	Normal
epithelium
Chen_2021_Cell.HTA11_78	polyp_cancer	polyp	Cancer cell	Chen_2021_Cell	missing	missing	331	0.14516431090023	-0.491408030564555	0.645487599424291	4	4	0.118923415295946	0.24436124800175	-0.28845470482067	Polyp
cancer-like
Chen_2021_Cell.HTA11_78	polyp_epithelial	polyp	Epithelial cell	Chen_2021_Cell	missing	missing	233	-0.0677335484353817	-0.31564049498046	0.301402957852047	4	4	-0.13828042656031	-0.0127219175101233	-0.28845470482067	Polyp
epithelium
Chen_2021_Cell.HTA11_7821	normal_epithelial	normal	Epithelial cell	Chen_2021_Cell	missing	missing	77	-0.401279744233119	0.0411356907898001	-0.228811224995081	4	4	-0.274024787332692	-0.301542475453773	-0.28845470482067	Normal
epithelium
Chen_2021_Cell.HTA11_7821	polyp_cancer	polyp	Cancer cell	Chen_2021_Cell	missing	missing	203	0.672832102403551	-0.296927750147732	0.853228451383953	4	4	0.715449264742982	1.18025992019874	-0.28845470482067	Polyp
cancer-like
Chen_2021_Cell.HTA11_7821	polyp_epithelial	polyp	Epithelial cell	Chen_2021_Cell	missing	missing	317	0.242260403597908	-0.160142835372883	0.477250959419948	4	4	0.261332296555165	0.753617056704638	-0.28845470482067	Polyp
epithelium
Chen_2021_Cell.HTA11_7862	normal_epithelial	normal	Epithelial cell	Chen_2021_Cell	missing	missing	54	-0.401279744233119	-0.0333627347507656	0.0128739233533919	4	4	-0.399319409068536	-0.534512291264643	-0.28845470482067	Normal
epithelium
Chen_2021_Cell.HTA11_7862	polyp_cancer	polyp	Cancer cell	Chen_2021_Cell	missing	missing	22	0.169463717408898	-0.437016995758043	0.564032072635669	4	4	0.256705920011554	0.320412283296099	-0.207458357293199	Polyp
cancer-like
Chen_2021_Cell.HTA11_7862	polyp_epithelial	polyp	Epithelial cell	Chen_2021_Cell	missing	missing	214	-0.155533682888999	-0.0668746417180842	-0.0443392842586813	4	4	-0.235058567451709	-0.144972759968918	-0.28845470482067	Polyp
epithelium
Chen_2021_Cell.HTA11_7956	normal_epithelial	normal	Epithelial cell	Chen_2021_Cell	missing	missing	85	-0.401279744233119	0.25221388612413	-0.502563735434599	4	4	-0.419742096199651	-0.534512291264643	-0.28845470482067	Normal
epithelium
Chen_2021_Cell.HTA11_7956	polyp_cancer	polyp	Cancer cell	Chen_2021_Cell	missing	missing	10	-0.145919318425895	0.0780383523436639	0.183969316788492	4	4	0.305772368171217	0.407605667855317	-0.222448837210115	Polyp
cancer-like
Chen_2021_Cell.HTA11_7956	polyp_epithelial	polyp	Epithelial cell	Chen_2021_Cell	missing	missing	358	-0.401279744233119	0.264471696356321	-0.499725735119832	4	4	-0.275359548331596	-0.289918618342192	-0.28845470482067	Polyp
epithelium
Chen_2021_Cell.HTA11_8099	normal_epithelial	normal	Epithelial cell	Chen_2021_Cell	missing	missing	76	-0.401279744233119	0.312012112904143	-0.523438935847492	4	4	-0.419742096199651	-0.534512291264643	-0.28845470482067	Normal
epithelium
Chen_2021_Cell.HTA11_8099	polyp_cancer	polyp	Cancer cell	Chen_2021_Cell	missing	missing	172	-0.401279744233119	-0.137998782446714	-0.0794657236501397	4	4	-0.384941689170934	-0.534512291264643	-0.28845470482067	Polyp
cancer-like
Chen_2021_Cell.HTA11_8099	polyp_epithelial	polyp	Epithelial cell	Chen_2021_Cell	missing	missing	139	-0.401279744233119	-0.122063089375413	-0.0855420966374685	4	4	-0.312403461883825	-0.534512291264643	-0.28845470482067	Polyp
epithelium
Chen_2021_Cell.HTA11_83	normal_epithelial	normal	Epithelial cell	Chen_2021_Cell	missing	missing	50	-0.108704842243294	-0.111416387563737	-0.0351244863451262	4	4	-0.246237324710288	-0.230151855203646	-0.28845470482067	Normal
epithelium
Chen_2021_Cell.HTA11_83	polyp_cancer	polyp	Cancer cell	Chen_2021_Cell	missing	missing	27	0.347689377972384	-0.242411251248067	0.586723727828968	4	4	0.265834735357856	0.668733150955712	-0.28845470482067	Polyp
cancer-like
Chen_2021_Cell.HTA11_83	polyp_epithelial	polyp	Epithelial cell	Chen_2021_Cell	missing	missing	278	-0.131609780015429	-0.24100422133082	0.179577459813673	4	4	-0.211849287414891	-0.126388074669191	-0.28845470482067	Polyp
epithelium
Chen_2021_Cell.HTA11_8471	normal_epithelial	normal	Epithelial cell	Chen_2021_Cell	missing	missing	8	0.0154107990617081	-0.0361767031714313	0.169331445458472	4	4	-0.103273631530587	0.203914126296508	-0.185367129706088	Normal
epithelium
Chen_2021_Cell.HTA11_8471	polyp_cancer	polyp	Cancer cell	Chen_2021_Cell	missing	missing	299	0.68790811886904	-0.176582676826417	0.85607420606119	4	4	2.57302889772641	1.77260805298473	-0.189605057074921	Polyp
cancer-like
Chen_2021_Cell.HTA11_8471	polyp_epithelial	polyp	Epithelial cell	Chen_2021_Cell	missing	missing	146	0.183699446547216	-0.125629314406969	0.317058772681215	4	4	0.121564080294479	0.610428182295166	-0.175241355562562	Polyp
epithelium
Chen_2021_Cell.HTA11_8504	normal_epithelial	normal	Epithelial cell	Chen_2021_Cell	missing	missing	120	-0.0840157390235332	-0.336164235647566	0.288229188862652	4	4	-0.225361940738511	-0.133774024351191	-0.28845470482067	Normal
epithelium
Chen_2021_Cell.HTA11_8622	normal_epithelial	normal	Epithelial cell	Chen_2021_Cell	missing	missing	169	-0.401279744233119	0.234140377728639	-0.39738667761315	4	4	-0.329808036126264	-0.357806932723969	-0.28845470482067	Normal
epithelium
Chen_2021_Cell.HTA11_8622	polyp_cancer	polyp	Cancer cell	Chen_2021_Cell	missing	missing	1108	-0.401279744233119	-0.211889752972868	-0.000744392718319539	4	4	-0.322659068461232	-0.375307733705349	-0.28845470482067	Polyp
cancer-like
Chen_2021_Cell.HTA11_8622	polyp_epithelial	polyp	Epithelial cell	Chen_2021_Cell	missing	missing	277	-0.401279744233119	-0.337356343380437	0.141449084128599	4	4	-0.240192005368323	-0.193604515125766	-0.28845470482067	Polyp
epithelium
Chen_2021_Cell.HTA11_866	normal_epithelial	normal	Epithelial cell	Chen_2021_Cell	missing	missing	65	-0.401279744233119	0.379218343169353	-0.565149789888894	4	4	-0.249584001744799	-0.534512291264643	-0.28845470482067	Normal
epithelium
Chen_2021_Cell.HTA11_866	polyp_cancer	polyp	Cancer cell	Chen_2021_Cell	missing	missing	577	0.702018270345959	-0.537277986362425	1.29164027401052	4	4	0.662351964382856	0.732072694691889	-0.28845470482067	Polyp
cancer-like
Chen_2021_Cell.HTA11_866	polyp_epithelial	polyp	Epithelial cell	Chen_2021_Cell	missing	missing	851	0.227077441909968	-0.573319623312434	0.78631894539279	4	4	-0.0741439219761599	0.11736013031207	-0.28845470482067	Polyp
epithelium
Chen_2021_Cell.HTA11_8755	normal_epithelial	normal	Epithelial cell	Chen_2021_Cell	missing	missing	98	-0.285470273117241	0.0685650683548496	-0.0209376170459955	4	4	-0.397552390927476	-0.534512291264643	-0.28845470482067	Normal
epithelium
Chen_2021_Cell.HTA11_8755	polyp_cancer	polyp	Cancer cell	Chen_2021_Cell	missing	missing	957	-0.224617184534531	0.0634025399752268	-0.124656216407473	4	4	-0.265476662252086	-0.331022645944756	-0.28845470482067	Polyp
cancer-like
Chen_2021_Cell.HTA11_8755	polyp_epithelial	polyp	Epithelial cell	Chen_2021_Cell	missing	missing	219	0.0490660531003555	-0.232906864043238	0.210360364554126	4	4	0.02840270867406	0.366799490268285	-0.28845470482067	Polyp
epithelium
Chen_2021_Cell.HTA11_8890	normal_epithelial	normal	Epithelial cell	Chen_2021_Cell	missing	missing	149	-0.0738878024494838	-0.283493333642907	0.202137975592556	4	4	-0.240746267939223	-0.193766860278953	-0.28845470482067	Normal
epithelium
Chen_2021_Cell.HTA11_8890	polyp_cancer	polyp	Cancer cell	Chen_2021_Cell	missing	missing	26	-0.0485690181976753	-0.0015209633332275	-0.0302154444654792	4	4	0.177894829835089	0.576558802596427	-0.28845470482067	Polyp
cancer-like
Chen_2021_Cell.HTA11_8890	polyp_epithelial	polyp	Epithelial cell	Chen_2021_Cell	missing	missing	329	-0.401279744233119	0.312676347269696	-0.495814253743209	4	4	-0.3102097555469	-0.342590080537098	-0.28845470482067	Polyp
epithelium
Chen_2021_Cell.HTA11_8920	normal_epithelial	normal	Epithelial cell	Chen_2021_Cell	missing	missing	51	-0.401279744233119	-0.299219070034254	0.128684687647385	4	4	-0.419742096199651	-0.534512291264643	-0.28845470482067	Normal
epithelium
Chen_2021_Cell.HTA11_8920	polyp_cancer	polyp	Cancer cell	Chen_2021_Cell	missing	missing	43	-0.401279744233119	-0.162398427284963	-0.0827531175387359	4	4	-0.419742096199651	-0.534512291264643	-0.28845470482067	Polyp
cancer-like
Chen_2021_Cell.HTA11_8920	polyp_epithelial	polyp	Epithelial cell	Chen_2021_Cell	missing	missing	140	-0.401279744233119	-0.0944361818158326	-0.163267007922094	4	4	-0.419742096199651	-0.534512291264643	-0.28845470482067	Polyp
epithelium
Chen_2021_Cell.HTA11_8930	normal_epithelial	normal	Epithelial cell	Chen_2021_Cell	missing	missing	92	-0.189454436233576	0.165928565607505	-0.259791029130482	4	4	-0.15611958195245	0.0656505024985326	-0.28845470482067	Normal
epithelium
Chen_2021_Cell.HTA11_8930	polyp_cancer	polyp	Cancer cell	Chen_2021_Cell	missing	missing	672	-0.401279744233119	-0.0481113364611956	-0.230812229858578	4	4	-0.419742096199651	-0.534512291264643	-0.28845470482067	Polyp
cancer-like
Chen_2021_Cell.HTA11_8930	polyp_epithelial	polyp	Epithelial cell	Chen_2021_Cell	missing	missing	274	-0.401279744233119	-0.141789325908589	-0.0878038393697784	4	4	-0.273296359569185	-0.344301655950888	-0.28845470482067	Polyp
epithelium
Chen_2021_Cell.HTA11_9014	normal_epithelial	normal	Epithelial cell	Chen_2021_Cell	missing	missing	178	-0.401279744233119	-0.0470159024757011	-0.168597313500577	4	4	-0.419742096199651	-0.534512291264643	-0.28845470482067	Normal
epithelium
Chen_2021_Cell.HTA11_9014	polyp_cancer	polyp	Cancer cell	Chen_2021_Cell	missing	missing	157	-0.401279744233119	-0.239600598524108	0.121959481112545	4	4	-0.419742096199651	-0.534512291264643	-0.28845470482067	Polyp
cancer-like
Chen_2021_Cell.HTA11_9014	polyp_epithelial	polyp	Epithelial cell	Chen_2021_Cell	missing	missing	219	-0.401279744233119	-0.259190947983251	0.0707529266187225	4	4	-0.419742096199651	-0.534512291264643	-0.28845470482067	Polyp
epithelium
Chen_2021_Cell.HTA11_9226	normal_epithelial	normal	Epithelial cell	Chen_2021_Cell	missing	missing	100	0.643958723293324	0.162984937432355	0.448524116117177	4	4	-0.170834241221377	0.000894226655071282	-0.28845470482067	Normal
epithelium
Chen_2021_Cell.HTA11_9226	polyp_cancer	polyp	Cancer cell	Chen_2021_Cell	missing	missing	49	0.0292840307314507	0.140536266497525	-0.0223973019637431	4	4	-0.0151763526952368	0.209370608596281	-0.165326052237298	Polyp
cancer-like
Chen_2021_Cell.HTA11_9226	polyp_epithelial	polyp	Epithelial cell	Chen_2021_Cell	missing	missing	171	-0.141519724907231	0.278587708532489	-0.340754975925375	4	4	-0.351038290504554	-0.43739286257189	-0.28845470482067	Polyp
epithelium
Chen_2021_Cell.HTA11_9341	polyp_cancer	polyp	Cancer cell	Chen_2021_Cell	missing	missing	36	-0.257683947728903	-0.260799845430821	0.0752945968046676	4	4	-0.238090004358751	-0.44970808246699	-0.28845470482067	Polyp
cancer-like
Chen_2021_Cell.HTA11_9341	polyp_epithelial	polyp	Epithelial cell	Chen_2021_Cell	missing	missing	156	-0.401279744233119	-0.384222164711651	0.143983204723881	4	4	-0.419742096199651	-0.534512291264643	-0.28845470482067	Polyp
epithelium
Chen_2021_Cell.HTA11_9408	normal_epithelial	normal	Epithelial cell	Chen_2021_Cell	missing	missing	43	-0.245550628090202	0.0284760404160333	-0.222734063157922	4	4	-0.352837233071261	-0.534512291264643	-0.28845470482067	Normal
epithelium
Chen_2021_Cell.HTA11_9408	polyp_cancer	polyp	Cancer cell	Chen_2021_Cell	missing	missing	49	0.538724796989067	-0.967428998414577	1.55671923641029	4	4	0.918361613657627	0.614936425444833	-0.28845470482067	Polyp
cancer-like
Chen_2021_Cell.HTA11_9408	polyp_epithelial	polyp	Epithelial cell	Chen_2021_Cell	missing	missing	21	0.00798625343321666	-0.828109275017349	0.751990307679956	4	4	-0.146383658532675	0.00996677236304899	-0.28845470482067	Polyp
epithelium
Chen_2021_Cell.HTA11_9531	polyp_cancer	polyp	Cancer cell	Chen_2021_Cell	missing	missing	227	0.119507608074007	-0.363567322397261	0.438364541218527	4	4	0.332551646792897	0.209869714708397	-0.28845470482067	Polyp
cancer-like
Chen_2021_Cell.HTA11_9531	polyp_epithelial	polyp	Epithelial cell	Chen_2021_Cell	missing	missing	176	-0.401279744233119	-0.0654486943750855	-0.0907765075598322	4	4	-0.234257841645539	-0.335644110331701	-0.28845470482067	Polyp
epithelium
Chen_2021_Cell.HTA11_9700	polyp_cancer	polyp	Cancer cell	Chen_2021_Cell	missing	missing	366	-0.401279744233119	0.357646098777635	-0.534304154975244	4	4	-0.419742096199651	-0.534512291264643	-0.28845470482067	Polyp
cancer-like
Chen_2021_Cell.HTA11_9700	polyp_epithelial	polyp	Epithelial cell	Chen_2021_Cell	missing	missing	294	-0.401279744233119	0.0929932179442204	-0.31841592202611	4	4	-0.419742096199651	-0.534512291264643	-0.28845470482067	Polyp
epithelium
Chen_2021_Cell.HTA11_9827	normal_epithelial	normal	Epithelial cell	Chen_2021_Cell	missing	missing	108	-0.401279744233119	0.200919141805173	-0.446897207529379	4	4	-0.419742096199651	-0.534512291264643	-0.28845470482067	Normal
epithelium
Chen_2021_Cell.HTA11_9827	polyp_cancer	polyp	Cancer cell	Chen_2021_Cell	missing	missing	6	0.0347651015431705	-0.675095852578663	0.738695520393284	4	4	-0.0149062050750354	0.382110439438726	-0.28845470482067	Polyp
cancer-like
Chen_2021_Cell.HTA11_9827	polyp_epithelial	polyp	Epithelial cell	Chen_2021_Cell	missing	missing	35	0.150079870606981	-0.336094112076004	0.295914553655186	4	4	-0.0499109222545174	0.110901891998129	-0.28845470482067	Polyp
epithelium
Chen_2021_Cell.HTA11_9829	normal_epithelial	normal	Epithelial cell	Chen_2021_Cell	missing	missing	15	-0.133202425200781	0.0158716899680941	-0.0770826203009607	4	4	-0.419742096199651	-0.534512291264643	-0.28845470482067	Normal
epithelium
Chen_2021_Cell.HTA11_9829	polyp_cancer	polyp	Cancer cell	Chen_2021_Cell	missing	missing	159	1.45306357742307	-0.329355770661902	1.77673525563295	4	4	0.863791413707874	0.895233802863342	-0.28845470482067	Polyp
cancer-like
Chen_2021_Cell.HTA11_9829	polyp_epithelial	polyp	Epithelial cell	Chen_2021_Cell	missing	missing	138	-0.0586666365889235	-0.197006877155957	0.134903594562042	4	4	-0.277842247677587	-0.421156542511089	-0.28845470482067	Polyp
epithelium
Chen_2021_Cell.HTA11_9998	polyp_cancer	polyp	Cancer cell	Chen_2021_Cell	missing	missing	84	0.250446501956107	-0.448695472934133	0.671375537607877	4	4	0.282805399781375	0.60763315601639	-0.28845470482067	Polyp
cancer-like
Chen_2021_Cell.HTA11_9998	polyp_epithelial	polyp	Epithelial cell	Chen_2021_Cell	missing	missing	116	-0.0317263854551141	-0.302661910603227	0.200316519769569	4	4	-0.0641637552566879	0.113683934605512	-0.28845470482067	Polyp
epithelium
Chen_2021_Cell.HTA11_99999965062	normal_epithelial	normal	Epithelial cell	Chen_2021_Cell	MSI-H	missing	51	-0.0569213729570152	-0.204202224489252	0.241644922194355	4	4	0.0362176003919009	0.444976839333483	-0.137332950971464	Normal
epithelium
Chen_2021_Cell.HTA11_99999965062	tumor_cancer	tumor	Cancer cell	Chen_2021_Cell	MSI-H	CMS3	42	0.00752429251139666	-0.618418324875419	0.620213517364895	4	4	-0.15181639274014	0.0645773760024404	0.0669016055606096	Primary
cancer-like
Chen_2021_Cell.HTA11_99999965062	tumor_epithelial	tumor	Epithelial cell	Chen_2021_Cell	MSI-H	CMS3	1	-0.401279744233119	-0.952686107871918	0.551406363638798	4	4	-0.238912700471674	-0.112577034566029	-0.28845470482067	Primary
epithelium
Chen_2021_Cell.HTA11_99999965104	normal_epithelial	normal	Epithelial cell	Chen_2021_Cell	MSS	missing	52	-0.0722847996030209	-0.0570595530006259	-0.0606787053220978	4	4	-0.241260645031259	-0.214415930650035	-0.28845470482067	Normal
epithelium
Chen_2021_Cell.HTA11_99999965104	tumor_cancer	tumor	Cancer cell	Chen_2021_Cell	MSS	CMS2	11	0.0870800836748792	-0.501596817333297	0.790659286982661	4	4	0.778680279585262	0.578871828366017	-0.189736458747141	Primary
cancer-like
Chen_2021_Cell.HTA11_99999970781	normal_epithelial	normal	Epithelial cell	Chen_2021_Cell	MSS	missing	31	-0.321766789506798	0.581510225976465	-0.807883536810845	4	4	-0.0679506644812244	0.195847709123911	-0.108267128733661	Normal
epithelium
Chen_2021_Cell.HTA11_99999970781	tumor_cancer	tumor	Cancer cell	Chen_2021_Cell	MSS	CMS3	18	-0.0158244624164283	0.221112835236446	-0.217647294743815	4	4	0.938250190733149	0.803222184795198	0.215119078998626	Primary
cancer-like
Chen_2021_Cell.HTA11_99999971662	tumor_cancer	tumor	Cancer cell	Chen_2021_Cell	MSS	CMS2	150	0.0778571509072584	-0.531398220950447	0.568011351491077	4	4	0.171811917109232	0.310340091952775	-0.0638980759471211	Primary
cancer-like
Chen_2021_Cell.HTA11_99999973458	tumor_cancer	tumor	Cancer cell	Chen_2021_Cell	MSI-H	CMS1	10	-0.248113740926492	-0.446095904752209	0.267863101417492	4	4	-0.308106142329807	-0.274028398901672	-0.28845470482067	Primary
cancer-like
Chen_2021_Cell.HTA11_99999973899	tumor_cancer	tumor	Cancer cell	Chen_2021_Cell	MSS	CMS2	64	0.469944400673569	-0.460560723766113	1.07739361392468	4	4	0.545351658422069	0.580155993427442	-0.0151006360332303	Primary
cancer-like
Chen_2021_Cell.HTA11_99999973899	tumor_epithelial	tumor	Epithelial cell	Chen_2021_Cell	MSS	CMS2	2	-0.401279744233119	0.132188516752505	-0.533468260985624	4	4	-0.0922692435041689	0.229591031691483	-0.0266375215601526	Primary
epithelium
Chen_2021_Cell.HTA11_99999974143	tumor_cancer	tumor	Cancer cell	Chen_2021_Cell	MSS	CMS2	59	0.312986617534595	-0.796798871578075	1.11665008769328	4	4	0.384024688520949	0.368885687051527	-0.28845470482067	Primary
cancer-like
Chen_2021_Cell.HTA11_99999974143	tumor_epithelial	tumor	Epithelial cell	Chen_2021_Cell	MSS	CMS2	1	0.91681227004719	-1.15242404249317	2.06923631254036	4	4	0.595764765997943	0.208850450241111	-0.28845470482067	Primary
epithelium
Chen_2024_Cancer_Cell.P01	normal_epithelial	normal	Epithelial cell	Chen_2024_Cancer_Cell	MSS	missing	119	-0.401279744233119	-0.152731724992661	-0.136876486147263	4	4	-0.419742096199651	-0.534512291264643	-0.28845470482067	Normal
epithelium
Chen_2024_Cancer_Cell.P01	tumor_cancer	tumor	Cancer cell	Chen_2024_Cancer_Cell	MSS	CMS3	318	-0.401279744233119	-0.105170412844984	-0.178888969926747	4	4	-0.419742096199651	-0.534512291264643	-0.28845470482067	Primary
cancer-like
Chen_2024_Cancer_Cell.P01	tumor_epithelial	tumor	Epithelial cell	Chen_2024_Cancer_Cell	MSS	CMS3	156	-0.401279744233119	-0.00987530158481584	-0.368001106327758	4	4	-0.419742096199651	-0.534512291264643	-0.28845470482067	Primary
epithelium
Chen_2024_Cancer_Cell.P02	normal_epithelial	normal	Epithelial cell	Chen_2024_Cancer_Cell	MSS	missing	186	-0.401279744233119	-0.135409932606909	-0.132328910509951	4	4	-0.243830711390631	-0.358834696611095	-0.28845470482067	Normal
epithelium
Chen_2024_Cancer_Cell.P02	tumor_cancer	tumor	Cancer cell	Chen_2024_Cancer_Cell	MSS	CMS1	74	1.06641787074505	-0.255804817650897	1.28695640968042	4	4	0.055882895814072	0.135268167097211	-0.28845470482067	Primary
cancer-like
Chen_2024_Cancer_Cell.P02	tumor_epithelial	tumor	Epithelial cell	Chen_2024_Cancer_Cell	MSS	CMS4	8	0.141804265616531	-0.156494276783348	0.553624289866732	4	4	-0.419742096199651	-0.534512291264643	-0.28845470482067	Primary
epithelium
Chen_2024_Cancer_Cell.P03	normal_epithelial	normal	Epithelial cell	Chen_2024_Cancer_Cell	MSS	missing	231	-0.401279744233119	-0.177556473138804	-0.0746145832697343	4	4	-0.419742096199651	-0.534512291264643	-0.28845470482067	Normal
epithelium
Chen_2024_Cancer_Cell.P03	tumor_cancer	tumor	Cancer cell	Chen_2024_Cancer_Cell	MSS	missing	382	-0.324734112196669	0.152823985819379	-0.280749348095726	4	4	-0.313177339357239	-0.534512291264643	-0.28845470482067	Primary
cancer-like
Chen_2024_Cancer_Cell.P03	tumor_epithelial	tumor	Epithelial cell	Chen_2024_Cancer_Cell	MSS	missing	27	-0.401279744233119	-0.0116712770414632	-0.380633705202656	4	4	-0.278046759285118	-0.534512291264643	-0.28845470482067	Primary
epithelium
Chen_2024_Cancer_Cell.P04	normal_epithelial	normal	Epithelial cell	Chen_2024_Cancer_Cell	MSI	missing	105	-0.401279744233119	-0.0776074978021399	-0.227790111239552	4	4	-0.419742096199651	-0.534512291264643	-0.28845470482067	Normal
epithelium
Chen_2024_Cancer_Cell.P04	tumor_cancer	tumor	Cancer cell	Chen_2024_Cancer_Cell	MSI	CMS4	97	-0.401279744233119	-0.459650757719577	0.236782070562748	4	4	-0.0394751417053839	0.00736915539787131	-0.28845470482067	Primary
cancer-like
Chen_2024_Cancer_Cell.P04	tumor_epithelial	tumor	Epithelial cell	Chen_2024_Cancer_Cell	MSI	CMS4	8	-0.401279744233119	0.191319062560577	-0.371457305676972	4	4	-0.0766135579122582	-0.0747440907299225	-0.28845470482067	Primary
epithelium
Chen_2024_Cancer_Cell.P05	normal_epithelial	normal	Epithelial cell	Chen_2024_Cancer_Cell	MSS	missing	86	-0.401279744233119	0.166089764229425	-0.514688847815369	4	4	-0.419742096199651	-0.534512291264643	-0.28845470482067	Normal
epithelium
Chen_2024_Cancer_Cell.P05	tumor_cancer	tumor	Cancer cell	Chen_2024_Cancer_Cell	MSS	CMS3	201	-0.140703812157358	-0.385676198324665	0.330372524107549	4	4	-0.016154498301918	-0.0710407588483809	-0.28845470482067	Primary
cancer-like
Chen_2024_Cancer_Cell.P05	tumor_epithelial	tumor	Epithelial cell	Chen_2024_Cancer_Cell	MSS	CMS3	56	-0.401279744233119	-0.113890144246936	-0.0497790686629885	4	4	-0.0903160792525601	-0.0271246168635588	-0.28845470482067	Primary
epithelium
Chen_2024_Cancer_Cell.P08	normal_epithelial	normal	Epithelial cell	Chen_2024_Cancer_Cell	MSI	missing	424	-0.401279744233119	-0.129055353827036	-0.16821855759509	4	4	-0.419742096199651	-0.534512291264643	-0.28845470482067	Normal
epithelium
Chen_2024_Cancer_Cell.P08	tumor_cancer	tumor	Cancer cell	Chen_2024_Cancer_Cell	MSI	CMS4	218	-0.401279744233119	-0.27919604280769	-0.0201740928291441	4	4	-0.419742096199651	-0.534512291264643	-0.28845470482067	Primary
cancer-like
Chen_2024_Cancer_Cell.P08	tumor_epithelial	tumor	Epithelial cell	Chen_2024_Cancer_Cell	MSI	CMS4	48	-0.401279744233119	-0.238149978551817	0.0231313741633561	4	4	-0.332193548624481	-0.534512291264643	-0.28845470482067	Primary
epithelium
Chen_2024_Cancer_Cell.P09	normal_epithelial	normal	Epithelial cell	Chen_2024_Cancer_Cell	MSS	missing	102	-0.401279744233119	-0.267332379157802	0.00755479392073444	4	4	-0.282786676903929	-0.248992031485821	-0.28845470482067	Normal
epithelium
Chen_2024_Cancer_Cell.P09	tumor_cancer	tumor	Cancer cell	Chen_2024_Cancer_Cell	MSS	CMS4	103	-0.401279744233119	-0.0524851799946689	-0.116832478762121	4	4	-0.260803415375503	-0.212354104776075	-0.28845470482067	Primary
cancer-like
Chen_2024_Cancer_Cell.P09	tumor_epithelial	tumor	Epithelial cell	Chen_2024_Cancer_Cell	MSS	CMS4	15	-0.401279744233119	-0.0114231020817442	-0.0691885548402704	4	4	0.0474501962808336	0.245150520886519	-0.28845470482067	Primary
epithelium
Chen_2024_Cancer_Cell.P12	normal_epithelial	normal	Epithelial cell	Chen_2024_Cancer_Cell	MSI	missing	50	-0.401279744233119	-0.214180178709739	-0.13507501286427	4	4	-0.419742096199651	-0.534512291264643	-0.28845470482067	Normal
epithelium
Chen_2024_Cancer_Cell.P12	tumor_cancer	tumor	Cancer cell	Chen_2024_Cancer_Cell	MSI	CMS4	33	-0.401279744233119	-0.134671676732468	-0.16708337038512	4	4	-0.419742096199651	-0.534512291264643	-0.28845470482067	Primary
cancer-like
Chen_2024_Cancer_Cell.P12	tumor_epithelial	tumor	Epithelial cell	Chen_2024_Cancer_Cell	MSI	CMS4	3	-0.401279744233119	0.119958000266783	-0.521237744499903	4	4	-0.419742096199651	-0.534512291264643	-0.28845470482067	Primary
epithelium
Chen_2024_Cancer_Cell.P14	normal_epithelial	normal	Epithelial cell	Chen_2024_Cancer_Cell	MSS	missing	287	-0.401279744233119	-0.179166260944305	-0.123421893064285	4	4	-0.419742096199651	-0.534512291264643	-0.28845470482067	Normal
epithelium
Chen_2024_Cancer_Cell.P14	tumor_cancer	tumor	Cancer cell	Chen_2024_Cancer_Cell	MSS	CMS3	249	-0.401279744233119	-0.271522421187208	-0.0463082180644101	4	4	-0.419742096199651	-0.534512291264643	-0.28845470482067	Primary
cancer-like
Chen_2024_Cancer_Cell.P14	tumor_epithelial	tumor	Epithelial cell	Chen_2024_Cancer_Cell	MSS	CMS3	39	-0.401279744233119	-0.156737500557208	-0.16702819769669	4	4	-0.419742096199651	-0.534512291264643	-0.28845470482067	Primary
epithelium
Chen_2024_Cancer_Cell.P15	normal_epithelial	normal	Epithelial cell	Chen_2024_Cancer_Cell	MSI	missing	176	-0.401279744233119	-0.272524163143932	-0.0400841194572543	4	4	-0.419742096199651	-0.534512291264643	-0.28845470482067	Normal
epithelium
Chen_2024_Cancer_Cell.P15	tumor_cancer	tumor	Cancer cell	Chen_2024_Cancer_Cell	MSI	CMS1	185	-0.401279744233119	-0.24097372332571	0.0608110531003376	4	4	-0.212312562218837	-0.230871743314796	-0.28845470482067	Primary
cancer-like
Chen_2024_Cancer_Cell.P15	tumor_epithelial	tumor	Epithelial cell	Chen_2024_Cancer_Cell	MSI	CMS1	43	-0.401279744233119	-0.310263163255209	-0.0684370425217043	4	4	-0.419742096199651	-0.534512291264643	-0.28845470482067	Primary
epithelium
Chen_2024_Cancer_Cell.P16	normal_epithelial	normal	Epithelial cell	Chen_2024_Cancer_Cell	MSI	missing	117	-0.401279744233119	-0.302779689238449	0.0837305589720669	4	4	-0.247503933914797	-0.534512291264643	-0.28845470482067	Normal
epithelium
Chen_2024_Cancer_Cell.P16	tumor_cancer	tumor	Cancer cell	Chen_2024_Cancer_Cell	MSI	CMS4	69	-0.401279744233119	-0.457633621605487	0.103581494252059	4	4	-0.419742096199651	-0.534512291264643	-0.28845470482067	Primary
cancer-like
Chen_2024_Cancer_Cell.P16	tumor_epithelial	tumor	Epithelial cell	Chen_2024_Cancer_Cell	MSI	CMS4	9	-0.401279744233119	-0.337117676655919	-0.0641620675772003	4	4	-0.419742096199651	-0.534512291264643	-0.28845470482067	Primary
epithelium
Chen_2024_Cancer_Cell.P17	normal_epithelial	normal	Epithelial cell	Chen_2024_Cancer_Cell	MSI	missing	94	-0.401279744233119	-0.299476884938095	0.0623931227136604	4	4	-0.419742096199651	-0.534512291264643	-0.28845470482067	Normal
epithelium
Chen_2024_Cancer_Cell.P17	tumor_cancer	tumor	Cancer cell	Chen_2024_Cancer_Cell	MSI	CMS3	106	-0.401279744233119	-0.563679175241162	0.300919605329484	4	4	-0.384545929706256	-0.534512291264643	-0.28845470482067	Primary
cancer-like
Chen_2024_Cancer_Cell.P17	tumor_epithelial	tumor	Epithelial cell	Chen_2024_Cancer_Cell	MSI	CMS3	6	-0.401279744233119	-0.603965533140543	0.202685788907424	4	4	-0.00282182215362232	-0.250578786335514	-0.28845470482067	Primary
epithelium
Chen_2024_Cancer_Cell.P18	normal_epithelial	normal	Epithelial cell	Chen_2024_Cancer_Cell	MSI	missing	228	-0.401279744233119	-0.157602039242083	-0.11857853639422	4	4	-0.419742096199651	-0.534512291264643	-0.28845470482067	Normal
epithelium
Chen_2024_Cancer_Cell.P18	tumor_cancer	tumor	Cancer cell	Chen_2024_Cancer_Cell	MSI	CMS1	241	-0.258626849218901	-0.263248674789016	0.132724778192318	4	4	-0.0890126594849843	0.052919935828696	0.322255914762025	Primary
cancer-like
Chen_2024_Cancer_Cell.P18	tumor_epithelial	tumor	Epithelial cell	Chen_2024_Cancer_Cell	MSI	CMS4	1	-0.401279744233119	-0.141557826116501	-0.259721918116618	4	4	-0.419742096199651	-0.534512291264643	-0.28845470482067	Primary
epithelium
Chen_2024_Cancer_Cell.P19	normal_epithelial	normal	Epithelial cell	Chen_2024_Cancer_Cell	MSI	missing	177	-0.401279744233119	-0.0177071267481356	-0.277407712199544	4	4	-0.419742096199651	-0.534512291264643	-0.28845470482067	Normal
epithelium
Chen_2024_Cancer_Cell.P19	tumor_cancer	tumor	Cancer cell	Chen_2024_Cancer_Cell	MSI	CMS1	249	-0.212996235396943	-0.426939524611079	0.356015635415072	4	4	-0.0684275888609234	0.0582495080082742	0.0834392499710246	Primary
cancer-like
Chen_2024_Cancer_Cell.P19	tumor_epithelial	tumor	Epithelial cell	Chen_2024_Cancer_Cell	MSI	CMS1	12	-0.401279744233119	-0.0910990954263317	-0.153645006158149	4	4	-0.419742096199651	-0.534512291264643	-0.28845470482067	Primary
epithelium
Chen_2024_Cancer_Cell.P20	normal_epithelial	normal	Epithelial cell	Chen_2024_Cancer_Cell	MSI	missing	199	-0.401279744233119	-0.116511949314964	-0.120102105625959	4	4	-0.419742096199651	-0.534512291264643	-0.28845470482067	Normal
epithelium
Chen_2024_Cancer_Cell.P20	tumor_cancer	tumor	Cancer cell	Chen_2024_Cancer_Cell	MSI	CMS1	80	-0.177027749957215	-0.267675885118039	0.0939990554286629	4	4	-0.167721184153137	-0.0617928922177924	0.501403887991151	Primary
cancer-like
Chen_2024_Cancer_Cell.P20	tumor_epithelial	tumor	Epithelial cell	Chen_2024_Cancer_Cell	MSI	CMS1	9	-0.401279744233119	-0.172608115280013	-0.171351200056378	4	4	-0.419742096199651	-0.534512291264643	-0.28845470482067	Primary
epithelium
Chen_2024_Cancer_Cell.P21	normal_epithelial	normal	Epithelial cell	Chen_2024_Cancer_Cell	MSI	missing	67	-0.401279744233119	-0.343046425517301	-0.0305112674370098	4	4	-0.419742096199651	-0.534512291264643	-0.28845470482067	Normal
epithelium
Chen_2024_Cancer_Cell.P21	tumor_cancer	tumor	Cancer cell	Chen_2024_Cancer_Cell	MSI	missing	79	0.791045914038764	-0.35553222480015	1.0693266599919	4	4	-0.204663184101913	-0.429245570782401	-0.28845470482067	Primary
cancer-like
Chen_2024_Cancer_Cell.P21	tumor_epithelial	tumor	Epithelial cell	Chen_2024_Cancer_Cell	MSI	missing	10	-0.401279744233119	0.415241771942056	-0.497687720093669	4	4	-0.264805306973084	-0.534512291264643	-0.28845470482067	Primary
epithelium
Chen_2024_Cancer_Cell.P22	normal_epithelial	normal	Epithelial cell	Chen_2024_Cancer_Cell	MSI	missing	132	-0.401279744233119	-0.248602005218949	-0.102841866693617	4	4	-0.419742096199651	-0.534512291264643	-0.28845470482067	Normal
epithelium
Chen_2024_Cancer_Cell.P22	tumor_cancer	tumor	Cancer cell	Chen_2024_Cancer_Cell	MSI	CMS3	122	-0.187626420501035	-0.392239436286996	0.317581261293466	4	4	-0.199821814174567	-0.185694022615566	-0.28845470482067	Primary
cancer-like
Chen_2024_Cancer_Cell.P22	tumor_epithelial	tumor	Epithelial cell	Chen_2024_Cancer_Cell	MSI	CMS3	16	-0.401279744233119	-0.333343467924053	-0.0353536581628238	4	4	-0.0948796418177971	-0.30749687566406	-0.28845470482067	Primary
epithelium
Chen_2024_Cancer_Cell.P23	normal_epithelial	normal	Epithelial cell	Chen_2024_Cancer_Cell	MSI	missing	216	-0.401279744233119	-0.220596930271462	-0.0328899413521214	4	4	-0.419742096199651	-0.534512291264643	-0.28845470482067	Normal
epithelium
Chen_2024_Cancer_Cell.P23	tumor_cancer	tumor	Cancer cell	Chen_2024_Cancer_Cell	MSI	CMS1	257	-0.401279744233119	-0.556656135305291	0.475532516848277	4	4	-0.316233037684222	-0.534512291264643	-0.28845470482067	Primary
cancer-like
Chen_2024_Cancer_Cell.P23	tumor_epithelial	tumor	Epithelial cell	Chen_2024_Cancer_Cell	MSI	CMS1	43	-0.401279744233119	-0.160054423837126	-0.241225320395993	4	4	-0.0684442825154358	0.00450444640902407	-0.28845470482067	Primary
epithelium
Chen_2024_Cancer_Cell.P25	normal_epithelial	normal	Epithelial cell	Chen_2024_Cancer_Cell	MSI	missing	128	0.155778861305775	-0.151558820265732	0.340393709989154	4	4	-0.275510847698943	-0.534512291264643	-0.28845470482067	Normal
epithelium
Chen_2024_Cancer_Cell.P25	tumor_cancer	tumor	Cancer cell	Chen_2024_Cancer_Cell	MSI	missing	51	0.480594046635081	-0.171793876264063	0.794624251305748	4	4	-0.122920170559036	0.0505223656772343	-0.28845470482067	Primary
cancer-like
Chen_2024_Cancer_Cell.P25	tumor_epithelial	tumor	Epithelial cell	Chen_2024_Cancer_Cell	MSI	missing	11	-0.401279744233119	0.401833893899561	-0.80311363813268	4	4	-0.419742096199651	-0.534512291264643	-0.28845470482067	Primary
epithelium
Chen_2024_Cancer_Cell.P26	normal_epithelial	normal	Epithelial cell	Chen_2024_Cancer_Cell	MSI	missing	204	-0.401279744233119	0.10670113593455	-0.357452556924186	4	4	-0.419742096199651	-0.534512291264643	-0.28845470482067	Normal
epithelium
Chen_2024_Cancer_Cell.P26	tumor_cancer	tumor	Cancer cell	Chen_2024_Cancer_Cell	MSI	missing	61	-0.401279744233119	-0.331975034339457	0.237550639514542	4	4	-0.11412458092289	-0.225715404357281	-0.28845470482067	Primary
cancer-like
Chen_2024_Cancer_Cell.P26	tumor_epithelial	tumor	Epithelial cell	Chen_2024_Cancer_Cell	MSI	missing	3	-0.401279744233119	-0.0840750452844894	-0.31720469894863	4	4	0.0451907126914918	0.550330929481358	-0.28845470482067	Primary
epithelium
Conde_2022_Science.A29	normal_epithelial	normal	Epithelial cell	Conde_2022_Science	missing	missing	59	-0.401279744233119	0.29054411359628	-0.388589549825179	4	4	-0.419742096199651	-0.534512291264643	-0.28845470482067	Normal
epithelium
Conde_2022_Science.A31	normal_epithelial	normal	Epithelial cell	Conde_2022_Science	missing	missing	20	-0.401279744233119	0.324470966607179	-0.725750710840298	4	4	-0.419742096199651	-0.534512291264643	-0.28845470482067	Normal
epithelium
Conde_2022_Science.A35	normal_epithelial	normal	Epithelial cell	Conde_2022_Science	missing	missing	6	-0.401279744233119	-1.15242404249317	0.751144298260049	4	4	-0.419742096199651	-0.534512291264643	-0.28845470482067	Normal
epithelium
Conde_2022_Science.A36	normal_epithelial	normal	Epithelial cell	Conde_2022_Science	missing	missing	6	-0.401279744233119	-0.403911058361014	0.4012821555656	4	4	0.152417223274286	0.800526120841211	-0.28845470482067	Normal
epithelium
Elmentaite_2021_Nature.A26_386C	normal_epithelial	normal	Epithelial cell	Elmentaite_2021_Nature	missing	missing	191	-0.401279744233119	0.146687484392033	-0.325090660984655	4	4	-0.419742096199651	-0.534512291264643	-0.28845470482067	Normal
epithelium
Elmentaite_2021_Nature.A30_398B	normal_epithelial	normal	Epithelial cell	Elmentaite_2021_Nature	missing	missing	115	-0.401279744233119	0.847102093760079	-1.21989004939093	4	4	-0.419742096199651	-0.534512291264643	-0.28845470482067	Normal
epithelium
Elmentaite_2021_Nature.A32_411C	normal_epithelial	normal	Epithelial cell	Elmentaite_2021_Nature	missing	missing	390	-0.401279744233119	0.0776488721826865	-0.396916622901176	4	4	-0.419742096199651	-0.534512291264643	-0.28845470482067	Normal
epithelium
Elmentaite_2021_Nature.A33_414C	normal_epithelial	normal	Epithelial cell	Elmentaite_2021_Nature	missing	missing	1533	0.208602206567922	0.420265272603096	-0.234556330792507	4	4	-0.0597123836272406	0.236213913914683	-0.28845470482067	Normal
epithelium
Elmentaite_2021_Nature.A34_417C	normal_epithelial	normal	Epithelial cell	Elmentaite_2021_Nature	missing	missing	818	-0.401279744233119	0.0340989907527268	-0.250623520614145	4	4	-0.419742096199651	-0.534512291264643	-0.28845470482067	Normal
epithelium
Elmentaite_2021_Nature.A38_432C	normal_epithelial	normal	Epithelial cell	Elmentaite_2021_Nature	missing	missing	185	-0.401279744233119	0.376618680229121	-0.651065507331164	4	4	-0.419742096199651	-0.534512291264643	-0.28845470482067	Normal
epithelium
Elmentaite_2021_Nature.A39_440C	normal_epithelial	normal	Epithelial cell	Elmentaite_2021_Nature	missing	missing	130	-0.401279744233119	0.211018735957286	-0.579569139866473	4	4	-0.419742096199651	-0.534512291264643	-0.28845470482067	Normal
epithelium
GarridoTrigo_2023_Nat_Commun.HC1	normal_epithelial	normal	Epithelial cell	GarridoTrigo_2023_Nat_Commun	missing	missing	22	-0.401279744233119	-0.314055037329504	-0.0178753046208744	4	4	-0.419742096199651	-0.534512291264643	-0.28845470482067	Normal
epithelium
GarridoTrigo_2023_Nat_Commun.HC2	normal_epithelial	normal	Epithelial cell	GarridoTrigo_2023_Nat_Commun	missing	missing	85	-0.401279744233119	-0.146237026882917	-0.0858677910003048	4	4	-0.419742096199651	-0.534512291264643	-0.28845470482067	Normal
epithelium
GarridoTrigo_2023_Nat_Commun.HC3	normal_epithelial	normal	Epithelial cell	GarridoTrigo_2023_Nat_Commun	missing	missing	107	-0.259418273820251	-0.369721126277311	0.279712675113518	4	4	-0.342019044015847	-0.42607428965263	-0.28845470482067	Normal
epithelium
GarridoTrigo_2023_Nat_Commun.HC4	normal_epithelial	normal	Epithelial cell	GarridoTrigo_2023_Nat_Commun	missing	missing	107	-0.401279744233119	-0.5735192271896	0.422164507246388	4	4	-0.419742096199651	-0.534512291264643	-0.28845470482067	Normal
epithelium
GarridoTrigo_2023_Nat_Commun.HC5	normal_epithelial	normal	Epithelial cell	GarridoTrigo_2023_Nat_Commun	missing	missing	97	-0.401279744233119	-0.145966500066809	0.0326268623305904	4	4	-0.419742096199651	-0.534512291264643	-0.28845470482067	Normal
epithelium
GarridoTrigo_2023_Nat_Commun.HC6	normal_epithelial	normal	Epithelial cell	GarridoTrigo_2023_Nat_Commun	missing	missing	54	-0.401279744233119	-0.148884157190148	-0.134240472441901	4	4	-0.419742096199651	-0.534512291264643	-0.28845470482067	Normal
epithelium
Giguelay_2022_Theranostics.P1	metastasis_cancer	metastasis	Cancer cell	Giguelay_2022_Theranostics	MSS	missing	111	-0.06002948383379	-0.0123736289249682	-0.0387706847019683	4	4	0.0307847475062954	-0.256755874068969	-0.0700084021634661	Metastasis
cancer-like
Giguelay_2022_Theranostics.P2	metastasis_cancer	metastasis	Cancer cell	Giguelay_2022_Theranostics	MSS	missing	80	0.132113414531381	0.150207214598659	-0.0366627653420988	4	4	0.0476055074175038	-0.288802557704725	-0.28845470482067	Metastasis
cancer-like
Giguelay_2022_Theranostics.P3	metastasis_cancer	metastasis	Cancer cell	Giguelay_2022_Theranostics	MSS	missing	59	0.108125619556589	0.256993110598072	-0.100935038123364	4	4	0.422965598971448	0.0835065007917172	-0.167172958830279	Metastasis
cancer-like
Giguelay_2022_Theranostics.P3	metastasis_epithelial	metastasis	Epithelial cell	Giguelay_2022_Theranostics	MSS	missing	7	0.00430394937519157	0.1518023263955	-0.209076356146022	4	4	0.31164015553002	-0.0394093584691093	-0.28845470482067	Metastasis
epithelium
Giguelay_2022_Theranostics.P4	metastasis_cancer	metastasis	Cancer cell	Giguelay_2022_Theranostics	MSS	missing	228	0.0594951091408498	0.151709495457102	-0.0798389176126163	4	4	0.0706885558559537	-0.219733355387713	-0.137604176316546	Metastasis
cancer-like
Giguelay_2022_Theranostics.P5	metastasis_cancer	metastasis	Cancer cell	Giguelay_2022_Theranostics	MSS	missing	2	-0.0163967663407157	-0.0485236296870358	0.0321268633463202	4	4	-0.0168210825646482	0.00553067101560863	-0.0465858638348	Metastasis
cancer-like
Guo_2022_JCI_Insight.Left_CRC1	tumor_cancer	tumor	Cancer cell	Guo_2022_JCI_Insight	MSS	missing	29	-0.401279744233119	-0.263139354517354	-0.0174023016321533	4	4	-0.419742096199651	-0.534512291264643	-0.28845470482067	Primary
cancer-like
Guo_2022_JCI_Insight.Left_CRC2	tumor_cancer	tumor	Cancer cell	Guo_2022_JCI_Insight	MSS	CMS3	59	-0.310806537846766	0.0527011156973678	-0.000805743364128308	4	4	-0.237193409922182	-0.108565356617214	-0.28845470482067	Primary
cancer-like
Guo_2022_JCI_Insight.Left_CRC2	tumor_epithelial	tumor	Epithelial cell	Guo_2022_JCI_Insight	MSS	CMS3	3	-0.401279744233119	-1.15242404249317	0.751144298260049	4	4	-0.419742096199651	-0.534512291264643	-0.28845470482067	Primary
epithelium
Guo_2022_JCI_Insight.Left_CRC3	tumor_cancer	tumor	Cancer cell	Guo_2022_JCI_Insight	MSS	CMS4	8	-0.0736606323492132	0.345056489569053	-0.389099005884261	4	4	-0.0666646475844575	0.209451703958249	-0.28845470482067	Primary
cancer-like
Guo_2022_JCI_Insight.Right_CRC1	tumor_cancer	tumor	Cancer cell	Guo_2022_JCI_Insight	MSS	CMS4	11	0.201964764900232	0.0254165537925135	0.0621786921768657	4	4	-0.156762239351065	-0.215683662987615	-0.28845470482067	Primary
cancer-like
Guo_2022_JCI_Insight.Right_CRC1	tumor_epithelial	tumor	Epithelial cell	Guo_2022_JCI_Insight	MSS	CMS4	8	-0.401279744233119	-0.97638430575483	0.575104561521711	4	4	-0.0922297175791159	0.22968325884994	-0.28845470482067	Primary
epithelium
Guo_2022_JCI_Insight.Right_CRC2	tumor_cancer	tumor	Cancer cell	Guo_2022_JCI_Insight	MSS	missing	15	-0.180439710201987	0.541116376894579	-0.500628083492154	4	4	-0.258168640787155	-0.230062837299535	-0.146562863636082	Primary
cancer-like
Guo_2022_JCI_Insight.Right_CRC2	tumor_epithelial	tumor	Epithelial cell	Guo_2022_JCI_Insight	MSS	missing	1	0.0890531940353791	-0.0816517749494521	0.170704968984831	4	4	-0.139551845760509	0.119264959760022	-0.28845470482067	Primary
epithelium
Guo_2022_JCI_Insight.Right_CRC3	tumor_cancer	tumor	Cancer cell	Guo_2022_JCI_Insight	MSS	CMS3	59	0.0284790329988	-0.163151233053391	0.190651400999883	4	4	0.335227292114868	0.46449722242243	-0.28845470482067	Primary
cancer-like
Guo_2022_JCI_Insight.Right_CRC3	tumor_epithelial	tumor	Epithelial cell	Guo_2022_JCI_Insight	MSS	CMS3	54	-0.401279744233119	0.0473191490456127	-0.341974296134494	4	4	-0.0424932428212197	0.0847703008669048	-0.28845470482067	Primary
epithelium
Harmon_2023_Nat_Cancer.P2	tumor_cancer	tumor	Cancer cell	Harmon_2023_Nat_Cancer	missing	missing	6	-0.108729287854156	0.478985634308031	-0.634078960696348	4	4	0.149489841656212	-0.128162885582045	-0.232296786752971	Primary
cancer-like
Harmon_2023_Nat_Cancer.P2	tumor_epithelial	tumor	Epithelial cell	Harmon_2023_Nat_Cancer	missing	missing	5	-0.137625682466374	0.364807637128803	-0.502433319595177	4	4	0.594742787408293	-0.0421742124691272	0.159223857019318	Primary
epithelium
He_2020_Genome_Biol.donor_1	normal_epithelial	normal	Epithelial cell	He_2020_Genome_Biol	missing	missing	56	-0.401279744233119	0.0859838709830266	-0.295604128695004	4	4	-0.279611127197482	-0.337089373312555	-0.28845470482067	Normal
epithelium
Huang_2024_Nat_Cancer.CRC1	tumor_cancer	tumor	Cancer cell	Huang_2024_Nat_Cancer	MSS	CMS4	3	-0.401279744233119	-0.419921649774706	0.0186419055415863	4	4	-0.419742096199651	-0.534512291264643	-0.28845470482067	Primary
cancer-like
Huang_2024_Nat_Cancer.CRC2	normal_epithelial	normal	Epithelial cell	Huang_2024_Nat_Cancer	MSS	missing	1	-0.401279744233119	-0.327423696148962	-0.0738560480841569	4	4	-0.419742096199651	-0.534512291264643	-0.28845470482067	Normal
epithelium
Huang_2024_Nat_Cancer.CRC2	tumor_cancer	tumor	Cancer cell	Huang_2024_Nat_Cancer	MSS	CMS1	1	-0.401279744233119	0.523510413844928	-0.924790158078048	4	4	-0.419742096199651	-0.534512291264643	-0.28845470482067	Primary
cancer-like
James_2020_Nat_Immunol.298c	normal_epithelial	normal	Epithelial cell	James_2020_Nat_Immunol	missing	missing	3	-0.401279744233119	-0.101542407856984	-0.299737336376135	4	4	0.0445016888136426	0.54872320709971	-0.28845470482067	Normal
epithelium
James_2020_Nat_Immunol.390c	normal_epithelial	normal	Epithelial cell	James_2020_Nat_Immunol	missing	missing	53	-0.401279744233119	0.339564434872735	-0.409166592021584	4	4	-0.419742096199651	-0.534512291264643	-0.28845470482067	Normal
epithelium
James_2020_Nat_Immunol.417c	normal_epithelial	normal	Epithelial cell	James_2020_Nat_Immunol	missing	missing	202	-0.401279744233119	0.100468840797614	-0.29303734386903	4	4	-0.419742096199651	-0.534512291264643	-0.28845470482067	Normal
epithelium
Ji_2024_Cancer_Lett.rectum_03	metastasis_cancer	metastasis	Cancer cell	Ji_2024_Cancer_Lett	MSS	missing	443	0.00075101815508985	-0.845302037249555	0.751144298260049	4	4	-0.0248861826994698	-0.0702669349156366	-0.28845470482067	Metastasis
cancer-like
Ji_2024_Cancer_Lett.rectum_03	metastasis_epithelial	metastasis	Epithelial cell	Ji_2024_Cancer_Lett	MSS	missing	217	-0.401279744233119	-0.708574235961557	0.336195291554547	4	4	-0.419742096199651	-0.534512291264643	-0.28845470482067	Metastasis
epithelium
Ji_2024_Cancer_Lett.rectum_03	normal_epithelial	normal	Epithelial cell	Ji_2024_Cancer_Lett	MSS	missing	191	-0.401279744233119	-0.53560874088479	0.30593183345977	4	4	-0.419742096199651	-0.534512291264643	-0.28845470482067	Normal
epithelium
Ji_2024_Cancer_Lett.rectum_03	tumor_cancer	tumor	Cancer cell	Ji_2024_Cancer_Lett	MSS	CMS4	229	-0.401279744233119	-0.753793595094324	0.751144298260049	4	4	-0.17730762571087	-0.534512291264643	0.17405821528712	Primary
cancer-like
Ji_2024_Cancer_Lett.rectum_03	tumor_epithelial	tumor	Epithelial cell	Ji_2024_Cancer_Lett	MSS	CMS4	41	-0.401279744233119	-1.15242404249317	0.751144298260049	4	4	-0.419742096199651	-0.534512291264643	-0.28845470482067	Primary
epithelium
Ji_2024_Cancer_Lett.sigmoid_03	normal_epithelial	normal	Epithelial cell	Ji_2024_Cancer_Lett	MSS	missing	75	-0.401279744233119	-1.15242404249317	0.751144298260049	4	4	-0.419742096199651	-0.534512291264643	-0.28845470482067	Normal
epithelium
Ji_2024_Cancer_Lett.sigmoid_03	tumor_cancer	tumor	Cancer cell	Ji_2024_Cancer_Lett	MSS	CMS3	133	-0.401279744233119	-0.628060902707877	0.334092870688141	4	4	-0.13025204026714	-0.534512291264643	-0.28845470482067	Primary
cancer-like
Ji_2024_Cancer_Lett.sigmoid_03	tumor_epithelial	tumor	Epithelial cell	Ji_2024_Cancer_Lett	MSS	CMS3	21	-0.401279744233119	-1.15242404249317	0.751144298260049	4	4	-0.419742096199651	-0.534512291264643	-0.28845470482067	Primary
epithelium
Ji_2024_PLoS_Genet.WHU1	tumor_cancer	tumor	Cancer cell	Ji_2024_PLoS_Genet	missing	missing	76	-0.0232631089966212	0.383487969030208	-0.356813983237295	4	4	0.0248883886045163	0.0219349007512303	0.426118078880307	Primary
cancer-like
Ji_2024_PLoS_Genet.WHU1	tumor_epithelial	tumor	Epithelial cell	Ji_2024_PLoS_Genet	missing	missing	3	-0.304036162422384	0.613494969089426	-0.91753113151181	4	4	0.341379929799352	0.973942318312813	-0.28845470482067	Primary
epithelium
Ji_2024_PLoS_Genet.WHU2	tumor_cancer	tumor	Cancer cell	Ji_2024_PLoS_Genet	missing	missing	157	0.00936424405985725	0.138592422689475	-0.14200695348225	4	4	-0.0972940249484141	-0.273863417912815	-0.0945659096771353	Primary
cancer-like
Ji_2024_PLoS_Genet.WHU3	tumor_cancer	tumor	Cancer cell	Ji_2024_PLoS_Genet	missing	missing	74	-0.401279744233119	0.231387454057997	-0.436576334515051	4	4	-0.419742096199651	-0.534512291264643	-0.28845470482067	Primary
cancer-like
Ji_2024_PLoS_Genet.WHU3	tumor_epithelial	tumor	Epithelial cell	Ji_2024_PLoS_Genet	missing	missing	1	-0.401279744233119	-0.308294180275048	-0.092985563958071	4	4	-0.419742096199651	-0.534512291264643	-0.28845470482067	Primary
epithelium
Joanito_2022_Nat_Genet.CRC2783	normal_epithelial	normal	Epithelial cell	Joanito_2022_Nat_Genet	MSI-H	missing	7	-0.10447621416575	0.661855659189463	-0.915536941295791	4	4	0.0660156494140629	0.598922448500691	-0.0744965059328365	Normal
epithelium
Joanito_2022_Nat_Genet.CRC2783	tumor_cancer	tumor	Cancer cell	Joanito_2022_Nat_Genet	MSI-H	CMS4	34	-0.102918382745276	0.0120700478578225	-0.0564173756906045	4	4	-0.0416412064186635	0.117892873444872	-0.0682166894346511	Primary
cancer-like
Joanito_2022_Nat_Genet.CRC2783	tumor_epithelial	tumor	Epithelial cell	Joanito_2022_Nat_Genet	MSI-H	CMS4	1	-0.401279744233119	0.618102641758173	-1.01938238599129	4	4	-0.114168655551857	0.178492403580211	-0.28845470482067	Primary
epithelium
Joanito_2022_Nat_Genet.CRC2786	normal_epithelial	normal	Epithelial cell	Joanito_2022_Nat_Genet	MSS	missing	1	-0.401279744233119	0.161156412813298	-0.562436157046417	4	4	-0.419742096199651	-0.534512291264643	-0.28845470482067	Normal
epithelium
Joanito_2022_Nat_Genet.CRC2786	tumor_cancer	tumor	Cancer cell	Joanito_2022_Nat_Genet	MSS	CMS4	46	0.013444152970695	0.438828134482995	-0.490880086453679	4	4	0.28977902752184	0.560222070488269	-0.14172363892878	Primary
cancer-like
Joanito_2022_Nat_Genet.CRC2786	tumor_epithelial	tumor	Epithelial cell	Joanito_2022_Nat_Genet	MSS	CMS4	1	-0.401279744233119	1.44903913763132	-1.85031888186444	4	4	-0.213987736165547	-0.0544187845183986	0.611529043186803	Primary
epithelium
Joanito_2022_Nat_Genet.CRC2787	tumor_cancer	tumor	Cancer cell	Joanito_2022_Nat_Genet	MSS	CMS3	34	0.0360648528366733	0.583286295803709	-0.457382330153387	4	4	0.0638618463738222	0.236246439281096	-0.0520511351043558	Primary
cancer-like
Joanito_2022_Nat_Genet.CRC2787	tumor_epithelial	tumor	Epithelial cell	Joanito_2022_Nat_Genet	MSS	CMS3	3	-0.401279744233119	1.20246179568042	-1.2266518668746	4	4	0.296076974894312	0.815204841760373	-0.0721125108682893	Primary
epithelium
Joanito_2022_Nat_Genet.CRC2794	normal_epithelial	normal	Epithelial cell	Joanito_2022_Nat_Genet	MSS	missing	2	-0.319269904816224	0.669722783579544	-0.988992688395768	4	4	-0.419742096199651	-0.534512291264643	-0.28845470482067	Normal
epithelium
Joanito_2022_Nat_Genet.CRC2794	tumor_cancer	tumor	Cancer cell	Joanito_2022_Nat_Genet	MSS	CMS4	18	0.203013377397526	0.659934498893647	-0.415156498116549	4	4	0.3667840659645	0.167566550953945	-0.176150242746253	Primary
cancer-like
Joanito_2022_Nat_Genet.CRC2794	tumor_epithelial	tumor	Epithelial cell	Joanito_2022_Nat_Genet	MSS	CMS4	2	-0.0714958811557038	0.937947095548981	-1.00944297670468	4	4	-0.0135461585213978	0.0638221597838435	-0.151248780597295	Primary
epithelium
Joanito_2022_Nat_Genet.CRC2795	tumor_cancer	tumor	Cancer cell	Joanito_2022_Nat_Genet	MSS	CMS4	33	0.164609372503589	0.799593229116772	-0.551413225843037	4	4	0.0962061014156954	0.238509772682872	-0.136799626675231	Primary
cancer-like
Joanito_2022_Nat_Genet.CRC2795	tumor_epithelial	tumor	Epithelial cell	Joanito_2022_Nat_Genet	MSS	CMS4	3	-0.284527669357447	0.866896944463212	-1.15142461382066	4	4	-0.419742096199651	-0.534512291264643	-0.28845470482067	Primary
epithelium
Joanito_2022_Nat_Genet.CRC2801	normal_epithelial	normal	Epithelial cell	Joanito_2022_Nat_Genet	MSS	missing	8	-0.0581892696256589	0.830300143939258	-1.00635064108887	4	4	-0.121172992586486	-0.0375488474230435	-0.249627192898492	Normal
epithelium
Joanito_2022_Nat_Genet.CRC2801	tumor_cancer	tumor	Cancer cell	Joanito_2022_Nat_Genet	MSS	CMS4	10	0.403587130583121	0.455487680333461	0.0559529077254917	4	4	-0.00611531451646121	-0.03944917522557	-0.19231893592505	Primary
cancer-like
Joanito_2022_Nat_Genet.CRC2803	normal_epithelial	normal	Epithelial cell	Joanito_2022_Nat_Genet	MSS	missing	6	0.133001051363929	0.596929402939848	-0.501904245552591	4	4	-0.20245596515485	-0.0275113188267719	-0.148801654990304	Normal
epithelium
Joanito_2022_Nat_Genet.CRC2803	tumor_cancer	tumor	Cancer cell	Joanito_2022_Nat_Genet	MSS	CMS4	74	0.00521289016646327	0.439125864518721	-0.365494198262114	4	4	0.0312691186671386	-0.168528540117933	-0.0581703619309651	Primary
cancer-like
Joanito_2022_Nat_Genet.CRC2810	normal_epithelial	normal	Epithelial cell	Joanito_2022_Nat_Genet	MSS	missing	16	-0.0834976181826542	0.565741323344797	-0.69207831506581	4	4	-0.115661800952126	0.175008397646249	0.287259601527277	Normal
epithelium
Joanito_2022_Nat_Genet.CRC2810	tumor_cancer	tumor	Cancer cell	Joanito_2022_Nat_Genet	MSS	CMS4	13	0.015083465330238	0.962141204734731	-1.03478703036686	4	4	0.0659142669346574	-0.0949751814304172	-0.169682952990084	Primary
cancer-like
Joanito_2022_Nat_Genet.CRC2811	normal_epithelial	normal	Epithelial cell	Joanito_2022_Nat_Genet	MSS	missing	3	-0.0658775054857514	1.13193033049351	-0.963792161925618	4	4	-0.237915530383098	-0.110250304359352	-0.172417261205936	Normal
epithelium
Joanito_2022_Nat_Genet.CRC2811	tumor_cancer	tumor	Cancer cell	Joanito_2022_Nat_Genet	MSS	CMS4	70	0.098683172878287	0.196020072845167	-0.11231557210638	4	4	-0.0823595158649207	-0.221238360476658	0.156488680747531	Primary
cancer-like
Joanito_2022_Nat_Genet.CRC2816	normal_epithelial	normal	Epithelial cell	Joanito_2022_Nat_Genet	MSS	missing	4	-0.0306721472533599	0.964452885617247	-0.791669747708922	4	4	-0.123762026669203	0.15610787097307	-0.204343180679568	Normal
epithelium
Joanito_2022_Nat_Genet.CRC2816	tumor_cancer	tumor	Cancer cell	Joanito_2022_Nat_Genet	MSS	CMS4	60	-0.0245564307743484	0.476565736607103	-0.584535602283157	4	4	0.0520737590175452	0.0735246976966461	-0.153681361800979	Primary
cancer-like
Joanito_2022_Nat_Genet.CRC2816	tumor_epithelial	tumor	Epithelial cell	Joanito_2022_Nat_Genet	MSS	CMS4	1	-0.401279744233119	-0.587779584990947	0.186499840757827	4	4	0.0131728892827481	0.475622674860956	0.736394884175343	Primary
epithelium
Joanito_2022_Nat_Genet.CRC2817	normal_epithelial	normal	Epithelial cell	Joanito_2022_Nat_Genet	MSI-H	missing	5	-0.0410358127960409	0.981968666564683	-0.975374219680256	4	4	0.0816864485708523	0.383512668510386	0.0415280358180308	Normal
epithelium
Joanito_2022_Nat_Genet.CRC2817	tumor_cancer	tumor	Cancer cell	Joanito_2022_Nat_Genet	MSI-H	CMS3	68	-0.31030373113344	0.309588126676401	-0.551216192723136	4	4	-0.265636734572909	-0.205001105299408	-0.120987660301079	Primary
cancer-like
Joanito_2022_Nat_Genet.CRC2817	tumor_epithelial	tumor	Epithelial cell	Joanito_2022_Nat_Genet	MSI-H	CMS1	2	-0.401279744233119	0.591795577137618	-0.993075321370738	4	4	-0.27212358347353	-0.370513848102861	-0.28845470482067	Primary
epithelium
Joanito_2022_Nat_Genet.CRC2821	tumor_cancer	tumor	Cancer cell	Joanito_2022_Nat_Genet	MSS	CMS1	67	-0.191288043363488	0.70681566086887	-0.79228275181175	4	4	-0.297814969905839	-0.286047567966967	-0.154997953737624	Primary
cancer-like
Joanito_2022_Nat_Genet.CRC2821	tumor_epithelial	tumor	Epithelial cell	Joanito_2022_Nat_Genet	MSS	CMS1	2	-0.112539979331809	0.865962420881439	-0.978502400213248	4	4	-0.229070100026716	-0.0896109668611272	-0.0755504196976468	Primary
epithelium
Joanito_2022_Nat_Genet.CRC2841	normal_epithelial	normal	Epithelial cell	Joanito_2022_Nat_Genet	MSS	missing	45	-0.118715557155503	0.85172105183397	-1.00671528621547	4	4	-0.0130670052419193	0.219402838896418	0.00115662023276176	Normal
epithelium
Joanito_2022_Nat_Genet.CRC2841	tumor_cancer	tumor	Cancer cell	Joanito_2022_Nat_Genet	MSS	CMS4	84	0.0421203481957479	0.671477351014503	-0.612391211858089	4	4	0.00259830031097768	-0.0249395545897178	-0.165738604857084	Primary
cancer-like
Joanito_2022_Nat_Genet.CRC2841	tumor_epithelial	tumor	Epithelial cell	Joanito_2022_Nat_Genet	MSS	CMS4	3	-0.401279744233119	1.28735147614021	-1.68863122037333	4	4	-0.282420852809248	-0.534512291264643	-0.110283116611532	Primary
epithelium
Joanito_2022_Nat_Genet.CRC2899	normal_epithelial	normal	Epithelial cell	Joanito_2022_Nat_Genet	MSS	missing	13	-0.0397790272133153	0.74806709399681	-0.805516338546074	4	4	0.33861215069538	1.13344083188565	0.430266263093121	Normal
epithelium
Joanito_2022_Nat_Genet.CRC2899	tumor_cancer	tumor	Cancer cell	Joanito_2022_Nat_Genet	MSS	CMS4	84	0.413721616375681	0.372787988422035	0.118718173822096	4	4	0.114109854914327	0.232010262984444	0.0381661211072612	Primary
cancer-like
Joanito_2022_Nat_Genet.CRC2899	tumor_epithelial	tumor	Epithelial cell	Joanito_2022_Nat_Genet	MSS	CMS4	5	-0.401279744233119	0.873467411177077	-1.2747471554102	4	4	-0.288740842172687	-0.534512291264643	0.263597575894151	Primary
epithelium
Joanito_2022_Nat_Genet.CRC_JSC_S02	tumor_cancer	tumor	Cancer cell	Joanito_2022_Nat_Genet	MSI-H	CMS3	52	0.212778671911721	0.906320865558592	-0.668998839861388	4	4	0.609017978678517	1.59023649308644	-0.139355637608172	Primary
cancer-like
Joanito_2022_Nat_Genet.CRC_JSC_S02	tumor_epithelial	tumor	Epithelial cell	Joanito_2022_Nat_Genet	MSI-H	missing	1	-0.401279744233119	1.00740428390315	-1.40868402813627	4	4	-0.419742096199651	-0.534512291264643	0.000842044288612329	Primary
epithelium
Joanito_2022_Nat_Genet.CRC_JSC_S03	tumor_cancer	tumor	Cancer cell	Joanito_2022_Nat_Genet	MSI-H	CMS4	7	0.103912935273735	0.799459631797867	-0.628121325101256	4	4	-0.000466138807994624	0.327305466229223	0.0178935437370497	Primary
cancer-like
Joanito_2022_Nat_Genet.CRC_JSC_S03	tumor_epithelial	tumor	Epithelial cell	Joanito_2022_Nat_Genet	MSI-H	CMS4	3	-0.190517551728258	1.06789769482212	-0.917578563103562	4	4	-0.0519516017599817	0.00424094225506607	-0.28845470482067	Primary
epithelium
Joanito_2022_Nat_Genet.CRC_JSC_S04	tumor_cancer	tumor	Cancer cell	Joanito_2022_Nat_Genet	MSS	CMS4	13	0.200288966759467	1.00262998534768	-0.877273380382615	4	4	0.256967864933909	0.276827078432115	-0.0981945622733825	Primary
cancer-like
Joanito_2022_Nat_Genet.CRC_JSC_S05	tumor_cancer	tumor	Cancer cell	Joanito_2022_Nat_Genet	MSI-H	CMS3	132	0.0893718099077845	0.530117439391268	-0.408224154179037	4	4	0.118608218584942	0.22186273045325	-0.0808146305936834	Primary
cancer-like
Joanito_2022_Nat_Genet.CRC_JSC_S05	tumor_epithelial	tumor	Epithelial cell	Joanito_2022_Nat_Genet	MSI-H	CMS3	7	-0.233525526993576	0.563507415581112	-0.796466879814812	4	4	0.130252511982525	0.445827725199101	-0.28845470482067	Primary
epithelium
Joanito_2022_Nat_Genet.CRC_JSC_S06	tumor_cancer	tumor	Cancer cell	Joanito_2022_Nat_Genet	MSS	CMS2	48	0.450080783034544	0.6036015691187	-0.173646779357568	4	4	0.538759978328121	0.303661223912034	0.08988778152158	Primary
cancer-like
Joanito_2022_Nat_Genet.CRC_JSC_S07	tumor_cancer	tumor	Cancer cell	Joanito_2022_Nat_Genet	MSS	CMS2	39	0.280435920674713	0.718984227997269	-0.377986336352713	4	4	0.714057613942005	0.880808260205501	-0.132286899795496	Primary
cancer-like
Joanito_2022_Nat_Genet.CRC_JSC_S07	tumor_epithelial	tumor	Epithelial cell	Joanito_2022_Nat_Genet	MSS	CMS2	1	-0.223852881200554	1.16919439238534	-1.39304727358589	4	4	0.00106467896351785	0.447370184116086	-0.28845470482067	Primary
epithelium
Joanito_2022_Nat_Genet.CRC_JSC_S08	tumor_cancer	tumor	Cancer cell	Joanito_2022_Nat_Genet	MSS	CMS2	35	0.386014657745668	0.793398686735224	-0.453266629195537	4	4	0.773955857071461	0.673727261516365	-0.145552422847558	Primary
cancer-like
Joanito_2022_Nat_Genet.CRC_JSC_S08	tumor_epithelial	tumor	Epithelial cell	Joanito_2022_Nat_Genet	MSS	CMS2	3	-0.401279744233119	1.02262799233646	-1.42390773656958	4	4	0.126006504582968	0.410978729829854	-0.28845470482067	Primary
epithelium
Joanito_2022_Nat_Genet.CRC_JSC_S10	tumor_cancer	tumor	Cancer cell	Joanito_2022_Nat_Genet	MSS	CMS3	108	1.25597210344403	0.63413019191301	0.540835794566566	4	4	0.201189651900373	0.419032664761424	0.47679606239803	Primary
cancer-like
Joanito_2022_Nat_Genet.CRC_JSC_S12	tumor_cancer	tumor	Cancer cell	Joanito_2022_Nat_Genet	MSS	CMS4	21	0.375864920148265	0.744448411129188	-0.37967283025653	4	4	0.314154936012414	0.119129610855286	-0.0357304621858819	Primary
cancer-like
Joanito_2022_Nat_Genet.CRC_JSC_S13	tumor_cancer	tumor	Cancer cell	Joanito_2022_Nat_Genet	MSS	CMS2	26	0.188105137117989	0.4528167921542	-0.269722894183757	4	4	0.186347630151638	0.0977279869319825	0.00273617958333704	Primary
cancer-like
Joanito_2022_Nat_Genet.CRC_JSC_S14	tumor_cancer	tumor	Cancer cell	Joanito_2022_Nat_Genet	MSS	CMS2	16	0.793871316195069	0.512338650199224	0.123513658787441	4	4	0.538451578026758	0.18810199338493	1.44353456359144	Primary
cancer-like
Joanito_2022_Nat_Genet.CRC_JSC_S15	tumor_cancer	tumor	Cancer cell	Joanito_2022_Nat_Genet	MSS	CMS4	7	0.618150306075296	0.573706979683065	-0.0168469357929654	4	4	0.589247852419535	0.467520466713827	0.735980467421973	Primary
cancer-like
Joanito_2022_Nat_Genet.CRC_JSC_S15	tumor_epithelial	tumor	Epithelial cell	Joanito_2022_Nat_Genet	MSS	CMS4	1	-0.401279744233119	-0.207958009460928	-0.193321734772191	4	4	-0.419742096199651	-0.534512291264643	-0.0806589816986344	Primary
epithelium
Joanito_2022_Nat_Genet.SC035	normal_epithelial	normal	Epithelial cell	Joanito_2022_Nat_Genet	MSI-H	missing	1	0.373810877672394	0.637283016332745	-0.263472138660352	4	4	-0.419742096199651	-0.534512291264643	-0.28845470482067	Normal
epithelium
Joanito_2022_Nat_Genet.SC035	tumor_cancer	tumor	Cancer cell	Joanito_2022_Nat_Genet	MSI-H	CMS1	63	-0.00264944853653715	0.648135325228061	-0.656872455336833	4	4	-0.041685453885508	-0.00281866583891388	0.115138096723144	Primary
cancer-like
Joanito_2022_Nat_Genet.SC040	normal_epithelial	normal	Epithelial cell	Joanito_2022_Nat_Genet	MSS	missing	1	-0.401279744233119	-0.67146552785869	0.270185783625571	4	4	-0.0134152997151356	0.413583567199228	-0.28845470482067	Normal
epithelium
Joanito_2022_Nat_Genet.SC040	tumor_cancer	tumor	Cancer cell	Joanito_2022_Nat_Genet	MSS	CMS4	42	0.0346834822640181	0.63857751789109	-0.586841675647059	4	4	0.464718210719306	0.861313024565905	-0.0679482005157824	Primary
cancer-like
Joanito_2022_Nat_Genet.SC040	tumor_epithelial	tumor	Epithelial cell	Joanito_2022_Nat_Genet	MSS	CMS4	11	-0.222606874779074	0.834332073599996	-1.12815080306085	4	4	8.22027925921818e-06	0.187284566608911	-0.28845470482067	Primary
epithelium
Joanito_2022_Nat_Genet.SC041	normal_epithelial	normal	Epithelial cell	Joanito_2022_Nat_Genet	MSS	missing	1	-0.195965559526717	1.0885531264617	-1.28451868598842	4	4	-0.419742096199651	-0.534512291264643	-0.28845470482067	Normal
epithelium
Joanito_2022_Nat_Genet.SC041	tumor_cancer	tumor	Cancer cell	Joanito_2022_Nat_Genet	MSS	CMS3	12	-0.247045849893363	0.825869328561451	-1.09049927715766	4	4	-0.233435501189432	-0.146277716704535	-0.28845470482067	Primary
cancer-like
Joanito_2022_Nat_Genet.SC043	normal_epithelial	normal	Epithelial cell	Joanito_2022_Nat_Genet	MSS	missing	3	-0.401279744233119	0.76621871424885	-0.828355971968242	4	4	-0.419742096199651	-0.534512291264643	0.0644020737332911	Normal
epithelium
Joanito_2022_Nat_Genet.SC043	tumor_cancer	tumor	Cancer cell	Joanito_2022_Nat_Genet	MSS	CMS4	32	0.226826655868376	0.506773534852834	-0.194216075333632	4	4	0.275748077415974	0.0553446433895666	-0.28845470482067	Primary
cancer-like
Joanito_2022_Nat_Genet.SC044	tumor_cancer	tumor	Cancer cell	Joanito_2022_Nat_Genet	MSI-H	missing	25	-0.177710116269138	0.660848865668446	-0.83579778005877	4	4	-0.00535604238152036	-0.162760657551039	0.524540063263945	Primary
cancer-like
Khaliq_2022_Genome_Biol.CAC1	tumor_cancer	tumor	Cancer cell	Khaliq_2022_Genome_Biol	MSS	CMS3	89	0.0155128120528271	-0.329145477460089	0.342789755367606	4	4	0.182544531814407	0.0377938100662365	-0.28845470482067	Primary
cancer-like
Khaliq_2022_Genome_Biol.CAC10	normal_epithelial	normal	Epithelial cell	Khaliq_2022_Genome_Biol	MSS	missing	21	-0.401279744233119	-0.414460942094502	0.0131811978613832	4	4	-0.419742096199651	-0.534512291264643	-0.28845470482067	Normal
epithelium
Khaliq_2022_Genome_Biol.CAC10	tumor_cancer	tumor	Cancer cell	Khaliq_2022_Genome_Biol	MSS	missing	4	-0.192653883087945	-0.389984959243993	0.0306666635454136	4	4	-0.419742096199651	-0.534512291264643	-0.28845470482067	Primary
cancer-like
Khaliq_2022_Genome_Biol.CAC10	tumor_epithelial	tumor	Epithelial cell	Khaliq_2022_Genome_Biol	MSS	missing	8	-0.401279744233119	0.565704064450478	-0.684842236808675	4	4	-0.238417135347559	-0.284367369433573	-0.28845470482067	Primary
epithelium
Khaliq_2022_Genome_Biol.CAC11	normal_epithelial	normal	Epithelial cell	Khaliq_2022_Genome_Biol	MSS	missing	22	-0.401279744233119	0.00284898522154946	-0.152376329922091	4	4	-0.310856309276211	-0.534512291264643	-0.28845470482067	Normal
epithelium
Khaliq_2022_Genome_Biol.CAC11	tumor_cancer	tumor	Cancer cell	Khaliq_2022_Genome_Biol	MSS	CMS3	44	0.837948795726006	0.161829620397365	0.65863955983383	4	4	-0.12145753955553	-0.0928724274518685	-0.13227992036245	Primary
cancer-like
Khaliq_2022_Genome_Biol.CAC11	tumor_epithelial	tumor	Epithelial cell	Khaliq_2022_Genome_Biol	MSS	CMS3	12	-0.401279744233119	0.595468219190578	-0.93554526718803	4	4	-0.0864849012266214	-0.239607523248588	-0.28845470482067	Primary
epithelium
Khaliq_2022_Genome_Biol.CAC12	tumor_cancer	tumor	Cancer cell	Khaliq_2022_Genome_Biol	MSI-H	missing	25	-0.140845062956824	0.0788398757614656	-0.100703547242621	4	4	0.030646412348756	0.285302303642563	-0.28845470482067	Primary
cancer-like
Khaliq_2022_Genome_Biol.CAC12	tumor_epithelial	tumor	Epithelial cell	Khaliq_2022_Genome_Biol	MSI-H	missing	5	-0.401279744233119	-0.24166384565366	0.751144298260049	4	4	-0.419742096199651	-0.534512291264643	-0.28845470482067	Primary
epithelium
Khaliq_2022_Genome_Biol.CAC13	tumor_cancer	tumor	Cancer cell	Khaliq_2022_Genome_Biol	MSS	missing	3	0.20008325331849	-0.451611787529773	0.651695040848264	4	4	-0.419742096199651	-0.534512291264643	-0.28845470482067	Primary
cancer-like
Khaliq_2022_Genome_Biol.CAC13	tumor_epithelial	tumor	Epithelial cell	Khaliq_2022_Genome_Biol	MSS	missing	2	-0.401279744233119	0.673442453323359	-1.07472219755648	4	4	-0.127311634222537	-0.159527449123689	-0.28845470482067	Primary
epithelium
Khaliq_2022_Genome_Biol.CAC14	normal_epithelial	normal	Epithelial cell	Khaliq_2022_Genome_Biol	MSS	missing	8	-0.401279744233119	0.0413168911844905	-0.44259663541761	4	4	-0.419742096199651	-0.534512291264643	-0.28845470482067	Normal
epithelium
Khaliq_2022_Genome_Biol.CAC14	tumor_cancer	tumor	Cancer cell	Khaliq_2022_Genome_Biol	MSS	missing	52	-0.401279744233119	-0.509167762623689	0.345997136805639	4	4	-0.350424460688593	-0.534512291264643	-0.28845470482067	Primary
cancer-like
Khaliq_2022_Genome_Biol.CAC14	tumor_epithelial	tumor	Epithelial cell	Khaliq_2022_Genome_Biol	MSS	missing	17	-0.401279744233119	-0.0632240111857512	-0.338055733047368	4	4	-0.419742096199651	-0.534512291264643	-0.28845470482067	Primary
epithelium
Khaliq_2022_Genome_Biol.CAC15	normal_epithelial	normal	Epithelial cell	Khaliq_2022_Genome_Biol	MSS	missing	31	-0.401279744233119	-0.192887461339259	-0.20839228289386	4	4	-0.419742096199651	-0.534512291264643	-0.28845470482067	Normal
epithelium
Khaliq_2022_Genome_Biol.CAC15	tumor_cancer	tumor	Cancer cell	Khaliq_2022_Genome_Biol	MSS	missing	3	-0.401279744233119	0.363377514142729	0.401490466653778	4	4	-0.419742096199651	-0.534512291264643	-0.28845470482067	Primary
cancer-like
Khaliq_2022_Genome_Biol.CAC15	tumor_epithelial	tumor	Epithelial cell	Khaliq_2022_Genome_Biol	MSS	missing	5	-0.401279744233119	-0.190944420211885	-0.0837179363304714	4	4	-0.419742096199651	-0.534512291264643	-0.28845470482067	Primary
epithelium
Khaliq_2022_Genome_Biol.CAC16	tumor_cancer	tumor	Cancer cell	Khaliq_2022_Genome_Biol	MSS	missing	4	0.441348606470462	-0.824921408996987	1.26627001546745	4	4	0.0380438176836551	-0.534512291264643	-0.227375417762936	Primary
cancer-like
Khaliq_2022_Genome_Biol.CAC16	tumor_epithelial	tumor	Epithelial cell	Khaliq_2022_Genome_Biol	MSS	missing	3	-0.401279744233119	-0.701636075675392	0.300356331442273	4	4	-0.419742096199651	-0.534512291264643	-0.28845470482067	Primary
epithelium
Khaliq_2022_Genome_Biol.CAC2	tumor_cancer	tumor	Cancer cell	Khaliq_2022_Genome_Biol	MSS	CMS3	50	-0.108009923215043	-0.438980095378323	0.462507997168026	4	4	-0.014260393345617	-0.0324924889662452	-0.28845470482067	Primary
cancer-like
Khaliq_2022_Genome_Biol.CAC2	tumor_epithelial	tumor	Epithelial cell	Khaliq_2022_Genome_Biol	MSS	CMS3	3	-0.401279744233119	-0.554815764124583	0.153536019891464	4	4	-0.0424593232857193	-0.534512291264643	-0.28845470482067	Primary
epithelium
Khaliq_2022_Genome_Biol.CAC3	tumor_cancer	tumor	Cancer cell	Khaliq_2022_Genome_Biol	MSS	CMS2	31	0.0493131065733104	-0.0143529684420705	-0.0150944275348858	4	4	0.207580641775315	-0.131283606108562	-0.28845470482067	Primary
cancer-like
Khaliq_2022_Genome_Biol.CAC4	normal_epithelial	normal	Epithelial cell	Khaliq_2022_Genome_Biol	MSS	missing	30	-0.401279744233119	-0.348587171232209	0.163746776299776	4	4	-0.419742096199651	-0.534512291264643	-0.28845470482067	Normal
epithelium
Khaliq_2022_Genome_Biol.CAC4	tumor_cancer	tumor	Cancer cell	Khaliq_2022_Genome_Biol	MSS	missing	4	0.551080279525511	-0.332489306541767	0.883569586067277	4	4	-0.419742096199651	-0.534512291264643	-0.28845470482067	Primary
cancer-like
Khaliq_2022_Genome_Biol.CAC4	tumor_epithelial	tumor	Epithelial cell	Khaliq_2022_Genome_Biol	MSS	missing	1	-0.401279744233119	-0.0899216179907135	-0.311358126242406	4	4	0.174793976663004	0.852738545414886	-0.28845470482067	Primary
epithelium
Khaliq_2022_Genome_Biol.CAC5	tumor_epithelial	tumor	Epithelial cell	Khaliq_2022_Genome_Biol	MSS	missing	1	-0.401279744233119	0.236154335771663	-0.637434080004782	4	4	-0.0771287344010108	-0.534512291264643	-0.28845470482067	Primary
epithelium
Khaliq_2022_Genome_Biol.CAC6	normal_epithelial	normal	Epithelial cell	Khaliq_2022_Genome_Biol	MSS	missing	12	-0.401279744233119	-0.810169279053774	0.602731212680574	4	4	-0.419742096199651	-0.534512291264643	-0.28845470482067	Normal
epithelium
Khaliq_2022_Genome_Biol.CAC6	tumor_cancer	tumor	Cancer cell	Khaliq_2022_Genome_Biol	MSS	missing	3	1.14120290443469	0.394620010363646	0.661483191542456	4	4	0.220636281237635	0.959703922755692	0.192526115473918	Primary
cancer-like
Khaliq_2022_Genome_Biol.CAC6	tumor_epithelial	tumor	Epithelial cell	Khaliq_2022_Genome_Biol	MSS	missing	2	-0.401279744233119	0.0548022840886038	-0.456082028321723	4	4	-0.419742096199651	-0.534512291264643	-0.28845470482067	Primary
epithelium
Khaliq_2022_Genome_Biol.CAC7	normal_epithelial	normal	Epithelial cell	Khaliq_2022_Genome_Biol	MSI-H	missing	27	-0.401279744233119	0.0126452842192111	0.00292926604205945	4	4	0.09514644002043	0.612124990754736	-0.28845470482067	Normal
epithelium
Khaliq_2022_Genome_Biol.CAC7	tumor_cancer	tumor	Cancer cell	Khaliq_2022_Genome_Biol	MSI-H	CMS3	62	-0.401279744233119	-0.731525227279324	0.540220331605935	4	4	-0.419742096199651	-0.534512291264643	-0.28845470482067	Primary
cancer-like
Khaliq_2022_Genome_Biol.CAC7	tumor_epithelial	tumor	Epithelial cell	Khaliq_2022_Genome_Biol	MSI-H	CMS3	2	-0.401279744233119	0.731635582013996	-1.13291532624712	4	4	-0.31358471530823	-0.286811735851325	-0.220734813627865	Primary
epithelium
Khaliq_2022_Genome_Biol.CAC8	tumor_cancer	tumor	Cancer cell	Khaliq_2022_Genome_Biol	MSS	CMS2	14	-0.107045382751315	-0.322405198315532	0.24926160365471	4	4	-0.0683480929282203	-0.534512291264643	-0.0726023308390813	Primary
cancer-like
Khaliq_2022_Genome_Biol.CAC8	tumor_epithelial	tumor	Epithelial cell	Khaliq_2022_Genome_Biol	MSS	CMS2	4	-0.401279744233119	0.135688065567918	-0.38111279065834	4	4	-0.329739566122524	-0.534512291264643	-0.28845470482067	Primary
epithelium
Khaliq_2022_Genome_Biol.CAC9	tumor_cancer	tumor	Cancer cell	Khaliq_2022_Genome_Biol	MSS	missing	12	0.443959298373903	-0.164298848848715	0.476591442283401	4	4	0.659309873225268	0.878393244874969	-0.28845470482067	Primary
cancer-like
Khaliq_2022_Genome_Biol.CAC9	tumor_epithelial	tumor	Epithelial cell	Khaliq_2022_Genome_Biol	MSS	missing	2	-0.288834688488593	0.539738524937716	-0.828573213426309	4	4	0.297363675589845	-0.384585550271941	-0.199286377296276	Primary
epithelium
Kong_2023_Immunity.H106265	normal_epithelial	normal	Epithelial cell	Kong_2023_Immunity	missing	missing	33	-0.401279744233119	-0.0973807142133335	-0.227580193193924	4	4	-0.419742096199651	-0.534512291264643	-0.28845470482067	Normal
epithelium
Kong_2023_Immunity.H139073	normal_epithelial	normal	Epithelial cell	Kong_2023_Immunity	missing	missing	35	-0.401279744233119	0.168911993331133	-0.570191737564252	4	4	-0.419742096199651	-0.534512291264643	-0.28845470482067	Normal
epithelium
Kong_2023_Immunity.H180844	normal_epithelial	normal	Epithelial cell	Kong_2023_Immunity	missing	missing	177	-0.401279744233119	0.100222101364192	-0.442694544877662	4	4	-0.176808784404394	-0.0614826853467092	-0.28845470482067	Normal
epithelium
Kong_2023_Immunity.H197396	normal_epithelial	normal	Epithelial cell	Kong_2023_Immunity	missing	missing	463	-0.401279744233119	0.383588533701091	-0.708386657507499	4	4	-0.419742096199651	-0.534512291264643	-0.28845470482067	Normal
epithelium
Lee_2020_Nat_Genet.SC001	normal_epithelial	normal	Epithelial cell	Lee_2020_Nat_Genet	MSI-H	missing	21	-0.401279744233119	0.151949415616221	-0.236036385529663	4	4	-0.367370730085983	-0.534512291264643	-0.28845470482067	Normal
epithelium
Lee_2020_Nat_Genet.SC001	tumor_cancer	tumor	Cancer cell	Lee_2020_Nat_Genet	MSI-H	CMS1	121	-0.401279744233119	0.648620793813906	-0.972584502073455	4	4	-0.419742096199651	-0.534512291264643	-0.28845470482067	Primary
cancer-like
Lee_2020_Nat_Genet.SC019	normal_epithelial	normal	Epithelial cell	Lee_2020_Nat_Genet	MSS	missing	30	-0.245969035359935	0.680307866520981	-0.852214077462047	4	4	-0.0728926734738094	-0.0429427207081968	-0.28845470482067	Normal
epithelium
Lee_2020_Nat_Genet.SC019	tumor_cancer	tumor	Cancer cell	Lee_2020_Nat_Genet	MSS	CMS4	79	-0.401279744233119	-0.317183057506533	-0.0233652041180235	4	4	-0.419742096199651	-0.534512291264643	-0.28845470482067	Primary
cancer-like
Lee_2020_Nat_Genet.SC021	normal_epithelial	normal	Epithelial cell	Lee_2020_Nat_Genet	MSS	missing	34	-0.401279744233119	0.708016220295984	-1.1092959645291	4	4	-0.419742096199651	-0.534512291264643	-0.28845470482067	Normal
epithelium
Lee_2020_Nat_Genet.SC021	tumor_cancer	tumor	Cancer cell	Lee_2020_Nat_Genet	MSS	CMS4	67	-0.401279744233119	0.356926427813118	-0.610077319664127	4	4	-0.257914934972652	-0.345466486992604	-0.28845470482067	Primary
cancer-like
Lee_2020_Nat_Genet.SC021	tumor_epithelial	tumor	Epithelial cell	Lee_2020_Nat_Genet	MSS	CMS4	2	-0.401279744233119	1.8655077079177	-2.26678745215082	4	4	-0.119134370557376	-0.268364104289923	-0.28845470482067	Primary
epithelium
Lee_2020_Nat_Genet.SC024	normal_epithelial	normal	Epithelial cell	Lee_2020_Nat_Genet	MSS	missing	29	-0.224878042398891	0.360501844122881	-0.511041876274081	4	4	0.0109853430632727	-0.132944002889884	-0.0556818446623859	Normal
epithelium
Lee_2020_Nat_Genet.SC024	tumor_cancer	tumor	Cancer cell	Lee_2020_Nat_Genet	MSS	CMS3	52	-0.401279744233119	0.289297415923449	-0.605605081396781	4	4	-0.316536770559929	-0.534512291264643	-0.28845470482067	Primary
cancer-like
Lee_2020_Nat_Genet.SC024	tumor_epithelial	tumor	Epithelial cell	Lee_2020_Nat_Genet	MSS	CMS4	23	-0.401279744233119	-0.480102108563578	0.135299806102295	4	4	-0.130417059314432	0.140579461467537	-0.28845470482067	Primary
epithelium
Lee_2020_Nat_Genet.SC027	normal_epithelial	normal	Epithelial cell	Lee_2020_Nat_Genet	MSS	missing	23	-0.401279744233119	-0.640957088600382	0.250169281810723	4	4	-0.419742096199651	-0.534512291264643	-0.28845470482067	Normal
epithelium
Lee_2020_Nat_Genet.SC027	tumor_cancer	tumor	Cancer cell	Lee_2020_Nat_Genet	MSS	CMS2	70	0.168101706980744	0.0469238497515062	0.0971613570244285	4	4	0.0644865065587465	0.26094691748547	-0.28845470482067	Primary
cancer-like
Lee_2020_Nat_Genet.SC028	normal_epithelial	normal	Epithelial cell	Lee_2020_Nat_Genet	MSS	missing	5	-0.401279744233119	0.260279319544303	-0.661559063777422	4	4	-0.419742096199651	-0.534512291264643	-0.28845470482067	Normal
epithelium
Lee_2020_Nat_Genet.SC028	tumor_cancer	tumor	Cancer cell	Lee_2020_Nat_Genet	MSS	CMS4	13	-0.118121399203972	0.30578863091838	-0.114242313527373	4	4	-0.419742096199651	-0.534512291264643	-0.28845470482067	Primary
cancer-like
Lee_2020_Nat_Genet.SC029	normal_epithelial	normal	Epithelial cell	Lee_2020_Nat_Genet	MSS	missing	5	-0.401279744233119	0.235562426228362	-0.395520419234836	4	4	-0.419742096199651	-0.534512291264643	-0.28845470482067	Normal
epithelium
Lee_2020_Nat_Genet.SC029	tumor_cancer	tumor	Cancer cell	Lee_2020_Nat_Genet	MSS	CMS4	22	-0.147456573282412	0.090054634612563	-0.199230119403031	4	4	0.511303045762253	-0.0211752577671892	-0.28845470482067	Primary
cancer-like
Lee_2020_Nat_Genet.SC030	normal_epithelial	normal	Epithelial cell	Lee_2020_Nat_Genet	MSS	missing	25	-0.104221363178354	0.122809370831552	-0.304771209543657	4	4	-0.173538662456035	0.0399623874704621	-0.0801267478626362	Normal
epithelium
Lee_2020_Nat_Genet.SC030	tumor_cancer	tumor	Cancer cell	Lee_2020_Nat_Genet	MSS	CMS2	29	-0.401279744233119	0.0697377299568169	-0.194642818823519	4	4	-0.282747904404732	-0.534512291264643	-0.28845470482067	Primary
cancer-like
Lee_2020_Nat_Genet.SC031	normal_epithelial	normal	Epithelial cell	Lee_2020_Nat_Genet	MSS	missing	33	-0.401279744233119	0.436523237272074	-0.549270779878753	4	4	-0.419742096199651	-0.534512291264643	-0.28845470482067	Normal
epithelium
Lee_2020_Nat_Genet.SC031	tumor_cancer	tumor	Cancer cell	Lee_2020_Nat_Genet	MSS	CMS2	31	-0.401279744233119	-0.0440657999229609	-0.277773955506893	4	4	-0.103618779302791	-0.163336117790499	-0.28845470482067	Primary
cancer-like
Lee_2020_Nat_Genet.SMC01	normal_epithelial	normal	Epithelial cell	Lee_2020_Nat_Genet	MSS	missing	6	-0.242201029545924	0.53050339968684	-0.734813629185127	4	4	-0.290671482044629	-0.233347524902923	-0.117141363173664	Normal
epithelium
Lee_2020_Nat_Genet.SMC01	tumor_cancer	tumor	Cancer cell	Lee_2020_Nat_Genet	MSS	CMS2	58	-0.212079674694671	0.529637384533476	-0.672413822198424	4	4	-0.105675079760296	-0.290828439601012	0.187178272328692	Primary
cancer-like
Lee_2020_Nat_Genet.SMC01	tumor_epithelial	tumor	Epithelial cell	Lee_2020_Nat_Genet	MSS	CMS2	1	-0.0985765616058489	0.771184943172879	-0.869761504778728	4	4	-0.229965007622507	-0.0916990845846379	-0.211836332237575	Primary
epithelium
Lee_2020_Nat_Genet.SMC02	normal_epithelial	normal	Epithelial cell	Lee_2020_Nat_Genet	MSS	missing	9	-0.401279744233119	0.0798434115204208	-0.48112315575354	4	4	-0.419742096199651	-0.534512291264643	-0.28845470482067	Normal
epithelium
Lee_2020_Nat_Genet.SMC02	tumor_cancer	tumor	Cancer cell	Lee_2020_Nat_Genet	MSS	CMS2	11	-0.263689924683236	0.414535407808517	-0.678225332491753	4	4	0.0138283842961691	-0.0543008211911985	-0.0766535410013347	Primary
cancer-like
Lee_2020_Nat_Genet.SMC03	normal_epithelial	normal	Epithelial cell	Lee_2020_Nat_Genet	MSI-H	missing	2	-0.401279744233119	0.152967595788576	-0.554247340021696	4	4	-0.419742096199651	-0.534512291264643	-0.28845470482067	Normal
epithelium
Lee_2020_Nat_Genet.SMC03	tumor_cancer	tumor	Cancer cell	Lee_2020_Nat_Genet	MSI-H	CMS1	43	-0.401279744233119	0.39097327754813	-0.727686826640122	4	4	-0.33219441839253	-0.457009556134156	-0.161817547705028	Primary
cancer-like
Lee_2020_Nat_Genet.SMC04	normal_epithelial	normal	Epithelial cell	Lee_2020_Nat_Genet	MSS	missing	9	-0.401279744233119	0.0353004182318429	-0.214615369219936	4	4	-0.419742096199651	-0.534512291264643	-0.196687060737518	Normal
epithelium
Lee_2020_Nat_Genet.SMC04	tumor_cancer	tumor	Cancer cell	Lee_2020_Nat_Genet	MSS	CMS4	19	-0.228157609752127	0.265114343919494	-0.411235894243432	4	4	-0.0772325601142768	-0.353274937502419	-0.28845470482067	Primary
cancer-like
Lee_2020_Nat_Genet.SMC05	normal_epithelial	normal	Epithelial cell	Lee_2020_Nat_Genet	MSS	missing	2	-0.401279744233119	0.446920465182298	-0.848200209415418	4	4	-0.366693819520097	-0.41073297901235	0.30721972930784	Normal
epithelium
Lee_2020_Nat_Genet.SMC05	tumor_cancer	tumor	Cancer cell	Lee_2020_Nat_Genet	MSS	CMS4	2	-0.31132103423962	0.694462480507585	-1.00578351474721	4	4	0.0379101627379999	-0.228945119450363	-0.242002381283663	Primary
cancer-like
Lee_2020_Nat_Genet.SMC06	normal_epithelial	normal	Epithelial cell	Lee_2020_Nat_Genet	MSI-H	missing	1	0.856996959836095	0.690630190370264	0.166366769465831	4	4	0.062404112233918	0.266921837729814	-0.0472774184551532	Normal
epithelium
Lee_2020_Nat_Genet.SMC06	tumor_cancer	tumor	Cancer cell	Lee_2020_Nat_Genet	MSI-H	CMS4	12	0.191427945514677	0.219391984210494	-0.0868085463448213	4	4	0.314098698212575	0.0521637070398122	-0.161690201983552	Primary
cancer-like
Lee_2020_Nat_Genet.SMC06	tumor_epithelial	tumor	Epithelial cell	Lee_2020_Nat_Genet	MSI-H	CMS4	1	0.590029419881535	0.093525614256849	0.496503805624686	4	4	-0.0631762777335707	-0.123851401551002	-0.28845470482067	Primary
epithelium
Lee_2020_Nat_Genet.SMC07	normal_epithelial	normal	Epithelial cell	Lee_2020_Nat_Genet	MSS	missing	11	-0.401279744233119	0.478355560852207	-0.640596119905455	4	4	-0.313169510350232	-0.285842924282663	-0.28845470482067	Normal
epithelium
Lee_2020_Nat_Genet.SMC07	tumor_cancer	tumor	Cancer cell	Lee_2020_Nat_Genet	MSS	CMS2	38	-0.295276713465102	0.235178719744535	-0.424700069248549	4	4	-0.105741436707997	-0.328320718014029	0.0686988942454865	Primary
cancer-like
Lee_2020_Nat_Genet.SMC07	tumor_epithelial	tumor	Epithelial cell	Lee_2020_Nat_Genet	MSS	CMS2	1	-0.401279744233119	-0.477775165637138	0.0764954214040187	4	4	-0.15032462203593	-0.534512291264643	-0.28845470482067	Primary
epithelium
Lee_2020_Nat_Genet.SMC08	tumor_cancer	tumor	Cancer cell	Lee_2020_Nat_Genet	MSS	CMS4	18	-0.241182809962558	0.280332096675732	-0.447338662418723	4	4	0.158419693744653	0.0199946131474163	0.137843505710587	Primary
cancer-like
Lee_2020_Nat_Genet.SMC09	normal_epithelial	normal	Epithelial cell	Lee_2020_Nat_Genet	MSS	missing	8	-0.401279744233119	0.329714970749439	-0.730994714982559	4	4	-0.419742096199651	-0.534512291264643	-0.28845470482067	Normal
epithelium
Lee_2020_Nat_Genet.SMC09	tumor_cancer	tumor	Cancer cell	Lee_2020_Nat_Genet	MSS	CMS2	114	-0.204655902009449	0.457806649486626	-0.610216444824829	4	4	0.0244701805501732	0.0172302532557713	-0.0973575143861694	Primary
cancer-like
Lee_2020_Nat_Genet.SMC09	tumor_epithelial	tumor	Epithelial cell	Lee_2020_Nat_Genet	MSS	CMS2	10	-0.401279744233119	1.04733941411987	-1.44861915835299	4	4	0.127632234422799	-0.0856567668362495	-0.28845470482067	Primary
epithelium
Lee_2020_Nat_Genet.SMC10	normal_epithelial	normal	Epithelial cell	Lee_2020_Nat_Genet	MSI-H	missing	7	-0.401279744233119	0.252515741333461	-0.57546578963948	4	4	-0.182406603693869	0.0192705245821833	-0.28845470482067	Normal
epithelium
Lee_2020_Nat_Genet.SMC10	tumor_cancer	tumor	Cancer cell	Lee_2020_Nat_Genet	MSI-H	CMS1	41	-0.246007049904501	0.246106757980916	-0.445688251459833	4	4	-0.229564754651238	-0.153101404223858	-0.28845470482067	Primary
cancer-like
Lee_2020_Nat_Genet.SMC10	tumor_epithelial	tumor	Epithelial cell	Lee_2020_Nat_Genet	MSI-H	CMS1	4	-0.401279744233119	0.536795022932494	-0.887238552996682	4	4	-0.419742096199651	-0.534512291264643	-0.166890627787359	Primary
epithelium
Lee_2020_Nat_Genet.SMC11	tumor_cancer	tumor	Cancer cell	Lee_2020_Nat_Genet	MSS	CMS2	18	-0.252933673328811	0.179959342324009	-0.355703551896164	4	4	-0.12340103057176	-0.235702132301699	-0.236314416229029	Primary
cancer-like
Lee_2020_Nat_Genet.SMC11	tumor_epithelial	tumor	Epithelial cell	Lee_2020_Nat_Genet	MSS	CMS2	1	-0.0938979045703165	0.628079417035076	-0.721977321605392	4	4	-0.01357798493	-0.142983831605672	-0.221438534174507	Primary
epithelium
Lee_2020_Nat_Genet.SMC13	normal_epithelial	normal	Epithelial cell	Lee_2020_Nat_Genet	missing	missing	7	-0.401279744233119	-0.324607670562612	-0.0766720736705071	4	4	-0.419742096199651	-0.534512291264643	-0.28845470482067	Normal
epithelium
Lee_2020_Nat_Genet.SMC13	tumor_cancer	tumor	Cancer cell	Lee_2020_Nat_Genet	missing	CMS2	98	-0.248321387376425	0.252682463728724	-0.479041804481863	4	4	-0.18538502327546	-0.437503286267399	-0.252375447231903	Primary
cancer-like
Lee_2020_Nat_Genet.SMC13	tumor_epithelial	tumor	Epithelial cell	Lee_2020_Nat_Genet	missing	CMS2	2	-0.401279744233119	0.368328963691877	-0.769608707924996	4	4	-0.309646439037644	-0.277622424553293	-0.28845470482067	Primary
epithelium
Lee_2020_Nat_Genet.SMC14	tumor_cancer	tumor	Cancer cell	Lee_2020_Nat_Genet	MSS	CMS4	9	-0.344401467814045	0.395147722118128	-0.739549189932173	4	4	-0.320832566819628	-0.458674589372543	-0.189511047359522	Primary
cancer-like
Lee_2020_Nat_Genet.SMC15	tumor_cancer	tumor	Cancer cell	Lee_2020_Nat_Genet	MSS	CMS4	20	0.00781405241388295	0.840360029318452	-0.744768202521205	4	4	0.134783842531795	-0.101676382646487	-0.196298985343517	Primary
cancer-like
Lee_2020_Nat_Genet.SMC16	tumor_cancer	tumor	Cancer cell	Lee_2020_Nat_Genet	MSS	CMS3	157	-0.254797687177335	0.179692804319878	-0.467253771335768	4	4	-0.221381881811217	-0.204869089187963	-0.138600246667389	Primary
cancer-like
Lee_2020_Nat_Genet.SMC16	tumor_epithelial	tumor	Epithelial cell	Lee_2020_Nat_Genet	MSS	CMS3	27	-0.401279744233119	0.917962572830531	-1.31924231706365	4	4	-0.0626723395555525	-0.0750012942652711	-0.28845470482067	Primary
epithelium
Lee_2020_Nat_Genet.SMC17	tumor_cancer	tumor	Cancer cell	Lee_2020_Nat_Genet	MSS	CMS1	32	-0.263163175730137	0.461010942909512	-0.527320761066906	4	4	-0.131410585506356	0.056769324174725	-0.28845470482067	Primary
cancer-like
Lee_2020_Nat_Genet.SMC171	normal_epithelial	normal	Epithelial cell	Lee_2020_Nat_Genet	missing	missing	41	-0.401279744233119	0.508639740151807	-0.805570294649105	4	4	-0.419742096199651	-0.534512291264643	-0.28845470482067	Normal
epithelium
Lee_2020_Nat_Genet.SMC171	tumor_cancer	tumor	Cancer cell	Lee_2020_Nat_Genet	missing	CMS1	74	0.57104779366978	0.104017477904079	0.650729702109423	4	4	-0.235585757216302	-0.207819545263154	-0.0443991228416109	Primary
cancer-like
Lee_2020_Nat_Genet.SMC171	tumor_epithelial	tumor	Epithelial cell	Lee_2020_Nat_Genet	missing	CMS1	7	0.0798076348838843	0.636159962651115	-0.633763567484298	4	4	-0.18629164778492	-0.31544134613523	-0.16163946585268	Primary
epithelium
Lee_2020_Nat_Genet.SMC18	tumor_cancer	tumor	Cancer cell	Lee_2020_Nat_Genet	MSS	CMS2	85	-0.0722531424466276	0.267131683106048	-0.261636853344109	4	4	0.0649776432233635	-0.137979444162394	-0.101676251609715	Primary
cancer-like
Lee_2020_Nat_Genet.SMC18	tumor_epithelial	tumor	Epithelial cell	Lee_2020_Nat_Genet	MSS	CMS2	4	0.252625992672204	0.357102112618332	0.151014376854936	4	4	0.156899316541762	-0.149458992592531	-0.239826684354828	Primary
epithelium
Lee_2020_Nat_Genet.SMC19	tumor_cancer	tumor	Cancer cell	Lee_2020_Nat_Genet	MSS	CMS3	21	-0.401279744233119	0.325480251512899	-0.680073489491027	4	4	-0.120916391357416	-0.00422688543193587	-0.28845470482067	Primary
cancer-like
Lee_2020_Nat_Genet.SMC19	tumor_epithelial	tumor	Epithelial cell	Lee_2020_Nat_Genet	MSS	CMS3	4	-0.0415265841123694	1.0927152775656	-0.873419387415766	4	4	-0.0375839425676236	0.06734165255865	-0.21389000891628	Primary
epithelium
Lee_2020_Nat_Genet.SMC20	tumor_cancer	tumor	Cancer cell	Lee_2020_Nat_Genet	MSS	CMS4	25	-0.401279744233119	0.328848586904733	-0.583780891988176	4	4	-0.300036187398031	-0.303292301049411	-0.216496844721051	Primary
cancer-like
Lee_2020_Nat_Genet.SMC20	tumor_epithelial	tumor	Epithelial cell	Lee_2020_Nat_Genet	MSS	CMS4	2	-0.318966967903425	-0.162115105151872	-0.156851862751552	4	4	-0.375811633454996	-0.432007878193781	-0.225739761316676	Primary
epithelium
Lee_2020_Nat_Genet.SMC21	tumor_cancer	tumor	Cancer cell	Lee_2020_Nat_Genet	MSS	CMS2	88	-0.165694657856786	0.322271070363933	-0.479733895986506	4	4	0.084500507719562	0.0322082507214437	-0.177826698200208	Primary
cancer-like
Lee_2020_Nat_Genet.SMC21	tumor_epithelial	tumor	Epithelial cell	Lee_2020_Nat_Genet	MSS	CMS2	2	-0.278460324012097	0.630058931929363	-0.90851925594146	4	4	-0.419742096199651	-0.534512291264643	-0.28845470482067	Primary
epithelium
Lee_2020_Nat_Genet.SMC22	tumor_cancer	tumor	Cancer cell	Lee_2020_Nat_Genet	MSS	CMS2	104	-0.0460158963966858	0.277727706288042	-0.3634892371603	4	4	0.204308998697492	0.278777599394978	-0.113923995966616	Primary
cancer-like
Lee_2020_Nat_Genet.SMC22	tumor_epithelial	tumor	Epithelial cell	Lee_2020_Nat_Genet	MSS	CMS2	1	-0.134816949329491	1.31585500323952	-1.45067195256901	4	4	0.496216464697713	0.885042264012826	-0.159937651232996	Primary
epithelium
Lee_2020_Nat_Genet.SMC23	tumor_cancer	tumor	Cancer cell	Lee_2020_Nat_Genet	MSS	CMS2	40	-0.287700376045766	-0.0547151728201786	-0.170705322756515	4	4	-0.1622886055315	-0.387142166683376	-0.239757938390957	Primary
cancer-like
Lee_2020_Nat_Genet.SMC24	tumor_cancer	tumor	Cancer cell	Lee_2020_Nat_Genet	MSI-H	CMS1	13	0.835115053262728	0.133457587152789	0.779409322800007	4	4	0.0722901171093494	0.327682678586918	0.0250147568237575	Primary
cancer-like
Lee_2020_Nat_Genet.SMC25	tumor_cancer	tumor	Cancer cell	Lee_2020_Nat_Genet	MSS	CMS2	20	-0.301184036982596	0.326429103744747	-0.643394069739556	4	4	0.139332633169227	0.279287416086762	-0.246491160827464	Primary
cancer-like
Li_2017_Nat_Genet.CRC01	tumor_cancer	tumor	Cancer cell	Li_2017_Nat_Genet	missing	missing	1	-0.358927199384755	-0.154470343319799	-0.204456856064955	4	4	0.451787892415334	1.33383351579861	-0.28845470482067	Primary
cancer-like
Li_2017_Nat_Genet.CRC05	normal_epithelial	normal	Epithelial cell	Li_2017_Nat_Genet	missing	missing	1	-0.401279744233119	0.432508807761035	-0.833788551994155	4	4	-0.419742096199651	-0.534512291264643	-0.28845470482067	Normal
epithelium
Li_2017_Nat_Genet.CRC09	tumor_cancer	tumor	Cancer cell	Li_2017_Nat_Genet	missing	missing	1	-0.401279744233119	-0.594930557136732	0.193650812903612	4	4	-0.419742096199651	-0.534512291264643	0.799042083865619	Primary
cancer-like
Li_2017_Nat_Genet.CRC10	tumor_cancer	tumor	Cancer cell	Li_2017_Nat_Genet	missing	missing	1	-0.401279744233119	-0.205849092470169	-0.195430651762951	4	4	-0.0516835988599014	0.324290869194774	0.400437736960058	Primary
cancer-like
Li_2023_Cancer_Cell.P11	normal_epithelial	normal	Epithelial cell	Li_2023_Cancer_Cell	MSI-H	missing	3	-0.401279744233119	0.325934833531949	-0.605737535772418	4	4	-0.215381046315809	-0.0576698415356759	-0.155998794055895	Normal
epithelium
Li_2023_Cancer_Cell.P11	tumor_cancer	tumor	Cancer cell	Li_2023_Cancer_Cell	MSI-H	missing	7	-0.401279744233119	0.846139793487763	-1.24741953772088	4	4	-0.419742096199651	-0.534512291264643	-0.28845470482067	Primary
cancer-like
Li_2023_Cancer_Cell.P11	tumor_epithelial	tumor	Epithelial cell	Li_2023_Cancer_Cell	MSI-H	missing	2	0.254642381276544	0.810548350809713	-0.555905969533169	4	4	0.0691328101234238	0.606195823489199	-0.182874160709133	Primary
epithelium
Li_2023_Cancer_Cell.P12	normal_epithelial	normal	Epithelial cell	Li_2023_Cancer_Cell	MSI-H	missing	25	-0.213519121096752	0.499037480786964	-0.567478177254465	4	4	-0.175679357173088	-0.0980865387197047	-0.0277087120698001	Normal
epithelium
Li_2023_Cancer_Cell.P12	tumor_cancer	tumor	Cancer cell	Li_2023_Cancer_Cell	MSI-H	CMS1	77	0.104108196975486	0.0708305678363726	0.157011835273153	4	4	0.0719782785246784	0.0736339741870679	0.0556367988963556	Primary
cancer-like
Li_2023_Cancer_Cell.P12	tumor_epithelial	tumor	Epithelial cell	Li_2023_Cancer_Cell	MSI-H	CMS1	2	-0.401279744233119	0.254347154734013	-0.655626898967132	4	4	-0.120648526992425	0.163372703552219	-0.28845470482067	Primary
epithelium
Li_2023_Cancer_Cell.P14	tumor_cancer	tumor	Cancer cell	Li_2023_Cancer_Cell	MSI-H	CMS3	98	-0.219584766678897	0.644851560769377	-0.739551878367763	4	4	-0.141898266306995	-0.136376492825652	-0.161679390509985	Primary
cancer-like
Li_2023_Cancer_Cell.P14	tumor_epithelial	tumor	Epithelial cell	Li_2023_Cancer_Cell	MSI-H	CMS3	9	-0.401279744233119	0.557424164703913	-0.697454724128687	4	4	0.0607204148269424	0.061482495606883	-0.28845470482067	Primary
epithelium
Li_2023_Cancer_Cell.P15	normal_epithelial	normal	Epithelial cell	Li_2023_Cancer_Cell	missing	missing	52	-0.211069690135046	0.406436858561217	-0.571267916528301	4	4	-0.107239343959498	0.0440905568820086	-0.137292798303428	Normal
epithelium
Li_2023_Cancer_Cell.P15	tumor_cancer	tumor	Cancer cell	Li_2023_Cancer_Cell	missing	CMS4	33	-0.202230107090006	0.473226430797343	-0.646628117880612	4	4	-0.290025924548521	-0.424989527731495	-0.28845470482067	Primary
cancer-like
Li_2023_Cancer_Cell.P15	tumor_epithelial	tumor	Epithelial cell	Li_2023_Cancer_Cell	missing	CMS4	3	0.0119560602176332	0.282659175529532	-0.45209307757951	4	4	0.291135508710633	0.992849538636444	-0.28845470482067	Primary
epithelium
Li_2023_Cancer_Cell.P17	normal_epithelial	normal	Epithelial cell	Li_2023_Cancer_Cell	MSI-H	missing	15	-0.401279744233119	0.294965366319339	-0.642132277611007	4	4	-0.419742096199651	-0.534512291264643	-0.28845470482067	Normal
epithelium
Li_2023_Cancer_Cell.P17	tumor_cancer	tumor	Cancer cell	Li_2023_Cancer_Cell	MSI-H	CMS4	2	0.0585361149519106	0.783959181641171	-0.72542306668926	4	4	-0.419742096199651	-0.534512291264643	-0.28845470482067	Primary
cancer-like
Li_2023_Cancer_Cell.P17	tumor_epithelial	tumor	Epithelial cell	Li_2023_Cancer_Cell	MSI-H	CMS4	5	-0.272029645790412	0.482631757548395	-0.254533502521852	4	4	0.0354603461004796	0.486243073326864	-0.28845470482067	Primary
epithelium
Li_2023_Cancer_Cell.P18	normal_epithelial	normal	Epithelial cell	Li_2023_Cancer_Cell	missing	missing	53	-0.401279744233119	0.308865910974056	-0.630550550393175	4	4	-0.419742096199651	-0.534512291264643	-0.28845470482067	Normal
epithelium
Li_2023_Cancer_Cell.P18	tumor_cancer	tumor	Cancer cell	Li_2023_Cancer_Cell	missing	CMS3	234	0.016702642397094	0.605265905724964	-0.471965481615414	4	4	0.00996648956866545	0.244678256837211	0.337518861949561	Primary
cancer-like
Li_2023_Cancer_Cell.P18	tumor_epithelial	tumor	Epithelial cell	Li_2023_Cancer_Cell	missing	CMS3	14	-0.401279744233119	0.921290385691771	-0.968763610366771	4	4	-0.144100400858194	-0.288185101589084	-0.28845470482067	Primary
epithelium
Li_2023_Cancer_Cell.P19	normal_epithelial	normal	Epithelial cell	Li_2023_Cancer_Cell	missing	missing	12	-0.401279744233119	0.620562751009132	-1.02184249524225	4	4	-0.419742096199651	-0.534512291264643	-0.28845470482067	Normal
epithelium
Li_2023_Cancer_Cell.P19	tumor_cancer	tumor	Cancer cell	Li_2023_Cancer_Cell	missing	CMS4	53	-0.0208473425080184	-0.0191952667033158	0.0155243473191866	4	4	-0.0300566213342535	0.199367824253569	-0.28845470482067	Primary
cancer-like
Li_2023_Cancer_Cell.P19	tumor_epithelial	tumor	Epithelial cell	Li_2023_Cancer_Cell	missing	CMS4	13	-0.140783434223305	-0.0698709571622419	0.0715795561084182	4	4	-0.00820972411302831	0.324513030894712	-0.28845470482067	Primary
epithelium
Li_2023_Cancer_Cell.P21	tumor_cancer	tumor	Cancer cell	Li_2023_Cancer_Cell	missing	CMS3	68	-0.224579030766165	0.154318665082812	-0.372310042240948	4	4	-0.0384378506407908	0.178085744757111	-0.28845470482067	Primary
cancer-like
Li_2023_Cancer_Cell.P21	tumor_epithelial	tumor	Epithelial cell	Li_2023_Cancer_Cell	missing	CMS3	6	-0.212568288150273	0.489333583782076	-0.680348125253148	4	4	0.0437534334626347	0.283743797964021	-0.193788836379477	Primary
epithelium
Li_2023_Cancer_Cell.P23	tumor_cancer	tumor	Cancer cell	Li_2023_Cancer_Cell	MSI-H	CMS1	198	-0.0686915657082822	0.323219828891558	-0.417082110480451	4	4	-0.0834390116844425	-0.143393662345495	0.0687877229727999	Primary
cancer-like
Li_2023_Cancer_Cell.P24	tumor_cancer	tumor	Cancer cell	Li_2023_Cancer_Cell	MSI-H	CMS3	142	0.261195167210311	0.30989366934679	0.0995307546729385	4	4	0.217694428988107	0.916076814352028	-0.116259482566878	Primary
cancer-like
Li_2023_Cancer_Cell.P24	tumor_epithelial	tumor	Epithelial cell	Li_2023_Cancer_Cell	MSI-H	CMS3	93	-0.047699709336968	0.625614817278141	-0.702279881778166	4	4	0.0321635334748757	0.490299696316737	-0.28845470482067	Primary
epithelium
Li_2023_Cancer_Cell.P25	normal_epithelial	normal	Epithelial cell	Li_2023_Cancer_Cell	MSI-H	missing	25	-0.112030049671299	0.402100627445733	-0.416321385376804	4	4	-0.0823877319438205	0.252647891998963	-0.171036112129127	Normal
epithelium
Li_2023_Cancer_Cell.P25	tumor_cancer	tumor	Cancer cell	Li_2023_Cancer_Cell	MSI-H	CMS3	148	0.204334205355925	0.192114168634231	0.0956192288840954	4	4	0.365643484642857	1.14216680601496	-0.0847409808697996	Primary
cancer-like
Li_2023_Cancer_Cell.P25	tumor_epithelial	tumor	Epithelial cell	Li_2023_Cancer_Cell	MSI-H	CMS3	58	-0.192438318003582	0.40872973256146	-0.45152906998026	4	4	0.0411661018819237	0.263076817752458	-0.28845470482067	Primary
epithelium
Li_2023_Cancer_Cell.P26	tumor_cancer	tumor	Cancer cell	Li_2023_Cancer_Cell	missing	CMS3	76	0.0010641419742251	0.174317062693517	-0.00479162887919177	4	4	-0.0205806229074736	0.130394103534581	0.58801398296068	Primary
cancer-like
Li_2023_Cancer_Cell.P26	tumor_epithelial	tumor	Epithelial cell	Li_2023_Cancer_Cell	missing	CMS3	3	-0.401279744233119	0.212232547358976	-0.286667214329843	4	4	0.476656120483821	1.55708354766346	-0.15608200914896	Primary
epithelium
Li_2023_Cancer_Cell.P27	normal_epithelial	normal	Epithelial cell	Li_2023_Cancer_Cell	missing	missing	50	-0.276644900026867	0.231055401845103	-0.358630683669292	4	4	-0.278449693193614	-0.319793690446944	-0.248419344004478	Normal
epithelium
Li_2023_Cancer_Cell.P27	tumor_cancer	tumor	Cancer cell	Li_2023_Cancer_Cell	missing	CMS2	198	0.236502731945734	0.548964354659606	-0.131578403619295	4	4	0.0564572360230474	0.325840151011547	-0.133464439354405	Primary
cancer-like
Li_2023_Cancer_Cell.P27	tumor_epithelial	tumor	Epithelial cell	Li_2023_Cancer_Cell	missing	CMS2	71	-0.347175735273975	0.75182190297558	-0.859750545933787	4	4	0.105394109164817	0.237968890855532	-0.28845470482067	Primary
epithelium
Li_2023_Cancer_Cell.P28	normal_epithelial	normal	Epithelial cell	Li_2023_Cancer_Cell	missing	missing	24	-0.243467072200745	0.300817947137048	-0.603822177249971	4	4	-0.282130807235682	-0.319260597410977	-0.135510807161524	Normal
epithelium
Li_2023_Cancer_Cell.P28	tumor_cancer	tumor	Cancer cell	Li_2023_Cancer_Cell	missing	CMS3	104	-0.0244154045096307	0.237576469270157	-0.13422787526459	4	4	-0.124530433881639	0.0824861331997916	-0.152872615452284	Primary
cancer-like
Li_2023_Cancer_Cell.P28	tumor_epithelial	tumor	Epithelial cell	Li_2023_Cancer_Cell	missing	CMS3	75	-0.165487493083064	0.285197445486175	-0.409067373391072	4	4	-0.00218630433332863	0.0952733301744081	-0.28845470482067	Primary
epithelium
Li_2023_Cancer_Cell.P29	normal_epithelial	normal	Epithelial cell	Li_2023_Cancer_Cell	missing	missing	16	-0.0475300925769261	-0.00785743255152996	0.147446063994429	4	4	-0.155342954018259	0.0528161451254677	-0.127830079868361	Normal
epithelium
Li_2023_Cancer_Cell.P29	tumor_cancer	tumor	Cancer cell	Li_2023_Cancer_Cell	missing	missing	34	-0.0406630758837405	-0.0679976404806473	0.0765113083232076	4	4	-0.0401118002723799	0.117062482075926	-0.28845470482067	Primary
cancer-like
Li_2023_Cancer_Cell.P29	tumor_epithelial	tumor	Epithelial cell	Li_2023_Cancer_Cell	missing	missing	6	-0.401279744233119	-0.499674060508504	0.309688252303485	4	4	-0.285832832657405	-0.2220573429994	-0.28845470482067	Primary
epithelium
Li_2023_Cancer_Cell.P30	normal_epithelial	normal	Epithelial cell	Li_2023_Cancer_Cell	MSI-H	missing	17	-0.401279744233119	0.422143575874432	-0.675443834220995	4	4	-0.322711655974587	-0.534512291264643	-0.28845470482067	Normal
epithelium
Li_2023_Cancer_Cell.P30	tumor_cancer	tumor	Cancer cell	Li_2023_Cancer_Cell	MSI-H	CMS1	68	0.0239309907339011	-0.10925266403144	0.146003976951792	4	4	-0.115926896186992	-0.0681612050076249	0.322116791076999	Primary
cancer-like
Li_2023_Cancer_Cell.P30	tumor_epithelial	tumor	Epithelial cell	Li_2023_Cancer_Cell	MSI-H	CMS1	7	-0.401279744233119	0.363084250255162	-0.521087215818025	4	4	0.0536461248133063	0.565974491968884	-0.28845470482067	Primary
epithelium
Li_2023_Cancer_Cell.P31	normal_epithelial	normal	Epithelial cell	Li_2023_Cancer_Cell	MSI-H	missing	3	-0.401279744233119	0.129084055354286	-0.530363799587405	4	4	-0.419742096199651	-0.534512291264643	-0.28845470482067	Normal
epithelium
Li_2023_Cancer_Cell.P31	tumor_cancer	tumor	Cancer cell	Li_2023_Cancer_Cell	MSI-H	missing	352	0.551188846796497	-0.146674894511242	0.707890302071331	4	4	-0.100400661270188	-0.13426678095339	0.530190853480616	Primary
cancer-like
Li_2023_Cancer_Cell.P31	tumor_epithelial	tumor	Epithelial cell	Li_2023_Cancer_Cell	MSI-H	missing	6	-0.0631389180259208	0.387640926003192	-0.303231320091867	4	4	-0.0635057885715446	0.102414651312048	-0.28845470482067	Primary
epithelium
Li_2023_Cancer_Cell.P32	normal_epithelial	normal	Epithelial cell	Li_2023_Cancer_Cell	MSI-H	missing	20	-0.159842164369969	0.318722664251847	-0.353663230041097	4	4	0.139786578541962	0.624050045288722	-0.0662092038348566	Normal
epithelium
Li_2023_Cancer_Cell.P32	tumor_cancer	tumor	Cancer cell	Li_2023_Cancer_Cell	MSI-H	CMS3	62	0.190778309969887	0.388793777463226	-0.26200166787797	4	4	0.110158811089277	0.231640480057277	-0.0772792470792335	Primary
cancer-like
Li_2023_Cancer_Cell.P32	tumor_epithelial	tumor	Epithelial cell	Li_2023_Cancer_Cell	MSI-H	CMS3	40	-0.401279744233119	0.526363301573098	-0.663267575445107	4	4	-0.147204479445118	0.0581307003120155	-0.28845470482067	Primary
epithelium
Li_2023_Cancer_Cell.P33	tumor_cancer	tumor	Cancer cell	Li_2023_Cancer_Cell	MSI-H	CMS3	109	0.311319398185473	0.289273194979278	0.0891611757789483	4	4	0.142535786593469	0.773220480238186	0.172698448778257	Primary
cancer-like
Li_2023_Cancer_Cell.P33	tumor_epithelial	tumor	Epithelial cell	Li_2023_Cancer_Cell	MSI-H	CMS3	7	-0.172861282025702	0.398676336086513	-0.76097491497415	4	4	-0.252244257304715	-0.189450437506823	-0.28845470482067	Primary
epithelium
Liu_2024_Cancer_Res.Pt01	metastasis_cancer	metastasis	Cancer cell	Liu_2024_Cancer_Res	MSS	missing	412	0.19399291912236	0.35610078037749	-0.0645073791597499	4	4	0.370391791929785	0.19039867740552	0.00132534485950251	Metastasis
cancer-like
Liu_2024_Cancer_Res.Pt01	metastasis_epithelial	metastasis	Epithelial cell	Liu_2024_Cancer_Res	MSS	missing	3	-0.401279744233119	-0.702735266998969	0.455392585430808	4	4	0.0319480828530674	0.519431459858368	-0.28845470482067	Metastasis
epithelium
Liu_2024_Cancer_Res.Pt01	tumor_cancer	tumor	Cancer cell	Liu_2024_Cancer_Res	MSS	missing	90	0.374991690739318	0.46175186213071	0.0135511747901641	4	4	0.374905032306646	0.330690472397125	-0.0933476446180069	Primary
cancer-like
Liu_2024_Cancer_Res.Pt02	metastasis_cancer	metastasis	Cancer cell	Liu_2024_Cancer_Res	MSS	missing	344	0.226152113034342	0.522824783922484	-0.269188871560451	4	4	0.575890450603602	0.271291712460183	-0.0716709234508401	Metastasis
cancer-like
Liu_2024_Cancer_Res.Pt02	tumor_cancer	tumor	Cancer cell	Liu_2024_Cancer_Res	MSS	missing	55	0.512982219725348	0.398723563810077	0.0663866277162182	4	4	0.483763640607425	0.249063307334265	0.486023928077912	Primary
cancer-like
Liu_2024_Cancer_Res.Pt03	metastasis_cancer	metastasis	Cancer cell	Liu_2024_Cancer_Res	MSS	missing	354	0.11635525237022	0.579521239458372	-0.404717386176712	4	4	0.45771507657742	0.0290597011444042	-0.28845470482067	Metastasis
cancer-like
Liu_2024_Cancer_Res.Pt03	tumor_cancer	tumor	Cancer cell	Liu_2024_Cancer_Res	MSS	missing	91	0.389672006231218	0.668327504445279	-0.143294625970347	4	4	0.527647818635788	0.368006903268605	-0.28845470482067	Primary
cancer-like
Liu_2024_Cancer_Res.Pt04	metastasis_cancer	metastasis	Cancer cell	Liu_2024_Cancer_Res	MSS	missing	435	-0.401279744233119	0.257939005985159	-0.44746923070807	4	4	-0.0890077572667759	-0.249684649471783	-0.28845470482067	Metastasis
cancer-like
Liu_2024_Cancer_Res.Pt04	tumor_cancer	tumor	Cancer cell	Liu_2024_Cancer_Res	MSS	missing	21	0.0162763458787077	0.43190931369083	-0.343561114036819	4	4	0.00881675103032652	0.0693393146432079	0.569824594060924	Primary
cancer-like
Liu_2024_Cancer_Res.Pt05	metastasis_cancer	metastasis	Cancer cell	Liu_2024_Cancer_Res	MSS	missing	52	-0.401279744233119	0.389247371252445	-0.6170398394027	4	4	0.178561291786734	-0.534512291264643	0.598588577543772	Metastasis
cancer-like
Liu_2024_Cancer_Res.Pt05	tumor_cancer	tumor	Cancer cell	Liu_2024_Cancer_Res	MSS	missing	42	1.05486806233705	0.38749604557968	0.584309298985415	4	4	0.776003214304356	0.227200898836221	0.946240962612132	Primary
cancer-like
Liu_2024_Cancer_Res.Pt06	metastasis_cancer	metastasis	Cancer cell	Liu_2024_Cancer_Res	MSS	missing	176	0.160105305338156	0.0665371338542679	0.0899022690201832	4	4	0.293305895313728	0.338580520981188	-0.28845470482067	Metastasis
cancer-like
Liu_2024_Cancer_Res.Pt06	tumor_cancer	tumor	Cancer cell	Liu_2024_Cancer_Res	MSS	missing	29	0.520117614760028	0.193404884855623	0.0715736994654265	4	4	1.06024968263951	1.3731949835648	-0.0413656817137827	Primary
cancer-like
Liu_2024_Cancer_Res.Pt07	metastasis_cancer	metastasis	Cancer cell	Liu_2024_Cancer_Res	MSS	missing	112	0.484173788374966	0.396245267478877	0.0182921239741247	4	4	0.416106530707752	0.414515135383191	-0.19250922112181	Metastasis
cancer-like
Liu_2024_Cancer_Res.Pt07	tumor_cancer	tumor	Cancer cell	Liu_2024_Cancer_Res	MSS	missing	23	0.260743959808027	0.178477396265761	0.163097539024636	4	4	0.270955387278423	0.12944238852167	-0.28845470482067	Primary
cancer-like
Liu_2024_Cancer_Res.Pt07	tumor_epithelial	tumor	Epithelial cell	Liu_2024_Cancer_Res	MSS	missing	1	-0.401279744233119	-1.15242404249317	0.751144298260049	4	4	-0.419742096199651	-0.534512291264643	-0.28845470482067	Primary
epithelium
Liu_2024_Cancer_Res.Pt08	metastasis_cancer	metastasis	Cancer cell	Liu_2024_Cancer_Res	MSS	missing	941	0.267278144872099	0.343000175233763	0.051772327393076	4	4	0.537040591109442	0.61132972235471	-0.28845470482067	Metastasis
cancer-like
Liu_2024_Cancer_Res.Pt08	metastasis_epithelial	metastasis	Epithelial cell	Liu_2024_Cancer_Res	MSS	missing	194	-0.401279744233119	-0.715925073258141	0.48721352654608	4	4	0.176069617509757	0.472919101637923	-0.28845470482067	Metastasis
epithelium
Liu_2024_Cancer_Res.Pt08	tumor_cancer	tumor	Cancer cell	Liu_2024_Cancer_Res	MSS	missing	53	0.624417011489816	0.503976926189433	-0.146662130997557	4	4	0.512053074511222	0.30963764985547	-0.17526376613037	Primary
cancer-like
Liu_2024_Cancer_Res.Pt08	tumor_epithelial	tumor	Epithelial cell	Liu_2024_Cancer_Res	MSS	missing	5	-0.099633166828891	0.183681550091543	-0.201615499202934	4	4	-0.203430348261694	-0.0297848794094076	-0.28845470482067	Primary
epithelium
Liu_2024_Cancer_Res.Pt09	tumor_cancer	tumor	Cancer cell	Liu_2024_Cancer_Res	MSS	missing	12	0.0611630859358768	-0.245457882990663	0.38567301839078	4	4	0.350417493756362	0.517757340318227	0.0559518273635329	Primary
cancer-like
Liu_2024_Cancer_Res.Pt09	tumor_epithelial	tumor	Epithelial cell	Liu_2024_Cancer_Res	MSS	missing	2	-0.0468667342605035	0.0641459694087487	-0.111012703669252	4	4	-0.275249659886037	-0.334634419413336	-0.28845470482067	Primary
epithelium
Liu_2024_Cancer_Res.Pt10	tumor_cancer	tumor	Cancer cell	Liu_2024_Cancer_Res	MSS	missing	67	0.189140605640937	-0.413493567937032	0.751144298260049	4	4	0.19012732327258	0.529848131233258	-0.132399964326633	Primary
cancer-like
Liu_2024_Cancer_Res.Pt10	tumor_epithelial	tumor	Epithelial cell	Liu_2024_Cancer_Res	MSS	missing	1	-0.401279744233119	-0.890006921610292	0.488727177377173	4	4	0.141702794325027	0.775525786626273	-0.28845470482067	Primary
epithelium
Liu_2024_Cancer_Res.Pt11	metastasis_cancer	metastasis	Cancer cell	Liu_2024_Cancer_Res	MSS	missing	86	0.440746310551309	0.283197032580565	0.201936478631832	4	4	0.145379433562198	0.316864898440969	-0.28845470482067	Metastasis
cancer-like
Liu_2024_Cancer_Res.Pt11	tumor_cancer	tumor	Cancer cell	Liu_2024_Cancer_Res	MSS	missing	144	0.195995107756636	0.16758743918469	-0.00216127265852051	4	4	0.206064433201814	0.0850557482361016	0.362940327563827	Primary
cancer-like
Liu_2024_Cancer_Res.Pt13	normal_epithelial	normal	Epithelial cell	Liu_2024_Cancer_Res	MSS	missing	85	-0.401279744233119	-0.388337915061825	0.0699815344345078	4	4	-0.419742096199651	-0.534512291264643	-0.28845470482067	Normal
epithelium
Liu_2024_Cancer_Res.Pt13	tumor_cancer	tumor	Cancer cell	Liu_2024_Cancer_Res	MSS	missing	55	-0.401279744233119	-0.804141073444009	0.751144298260049	4	4	0.21641992845377	-0.102770671597967	-0.28845470482067	Primary
cancer-like
Liu_2024_Cancer_Res.Pt15	metastasis_cancer	metastasis	Cancer cell	Liu_2024_Cancer_Res	MSS	missing	769	0.240143519912082	0.116650040300999	0.111653528739658	4	4	0.791154251471597	0.813574162569921	0.245336072210312	Metastasis
cancer-like
Liu_2024_Cancer_Res.Pt15	normal_epithelial	normal	Epithelial cell	Liu_2024_Cancer_Res	MSS	missing	235	-0.401279744233119	0.329622619234672	-0.574898236601616	4	4	-0.260368637174102	-0.345701668839316	-0.28845470482067	Normal
epithelium
Liu_2024_Cancer_Res.Pt15	tumor_cancer	tumor	Cancer cell	Liu_2024_Cancer_Res	MSS	missing	31	-0.116065843058119	0.365490266214208	-0.10608724640201	4	4	0.774480555289035	0.534842218712309	0.315725533566762	Primary
cancer-like
Liu_2024_Cancer_Res.Pt16	metastasis_cancer	metastasis	Cancer cell	Liu_2024_Cancer_Res	MSS	missing	6	0.536141472836241	0.201623130441379	0.71511585044637	4	4	0.575504613199568	0.224568713757249	0.540976588639573	Metastasis
cancer-like
Liu_2024_Cancer_Res.Pt17	metastasis_cancer	metastasis	Cancer cell	Liu_2024_Cancer_Res	MSS	missing	28	0.601559853324832	0.573494554411433	0.0829688732496597	4	4	0.439469485936246	0.392550903530412	-0.17557152540241	Metastasis
cancer-like
Liu_2024_Cancer_Res.Pt17	normal_epithelial	normal	Epithelial cell	Liu_2024_Cancer_Res	MSS	missing	26	-0.249608711344798	0.764995651329512	-0.959109470474126	4	4	-0.268752372588143	-0.234897290734028	-0.28845470482067	Normal
epithelium
Liu_2024_Cancer_Res.Pt18	metastasis_cancer	metastasis	Cancer cell	Liu_2024_Cancer_Res	MSS	missing	776	0.21249180779125	0.154058341236566	0.145407040485804	4	4	0.512164915117941	0.24960529950915	-0.28845470482067	Metastasis
cancer-like
Liu_2024_Cancer_Res.Pt18	normal_epithelial	normal	Epithelial cell	Liu_2024_Cancer_Res	MSS	missing	28	-0.401279744233119	-0.069195148821954	-0.16278764014317	4	4	-0.370692524016393	-0.534512291264643	-0.28845470482067	Normal
epithelium
Liu_2024_Cancer_Res.Pt18	tumor_cancer	tumor	Cancer cell	Liu_2024_Cancer_Res	MSS	missing	112	0.749771843878186	0.254014388055099	0.364038660290794	4	4	0.765826369232005	0.374265776894466	-0.0782646492017737	Primary
cancer-like
MUI_Innsbruck.P11	normal_epithelial	normal	Epithelial cell	MUI_Innsbruck	MSS	missing	104	-0.24010413951787	0.178052068854675	-0.379987863933706	4	4	-0.121832606257068	0.098776336013698	-0.263262840395794	Normal
epithelium
MUI_Innsbruck.P11	tumor_cancer	tumor	Cancer cell	MUI_Innsbruck	MSS	CMS3	63	-0.041923717575284	0.100078102345075	-0.173384831126441	4	4	0.206361401347679	0.472439749915006	-0.28845470482067	Primary
cancer-like
MUI_Innsbruck.P11	tumor_epithelial	tumor	Epithelial cell	MUI_Innsbruck	MSS	CMS3	12	-0.401279744233119	-0.854045329822154	0.751144298260049	4	4	-0.419742096199651	-0.534512291264643	-0.28845470482067	Primary
epithelium
MUI_Innsbruck.P12	normal_epithelial	normal	Epithelial cell	MUI_Innsbruck	MSS	missing	72	-0.324553490583466	0.424396923480878	-0.709593000787746	4	4	-0.345359267192801	-0.371301258091969	-0.28845470482067	Normal
epithelium
MUI_Innsbruck.P12	tumor_cancer	tumor	Cancer cell	MUI_Innsbruck	MSS	CMS3	84	0.00319498167934208	-0.172884593508586	0.201671358911707	4	4	0.444143622771392	0.543800926787768	-0.28845470482067	Primary
cancer-like
MUI_Innsbruck.P12	tumor_epithelial	tumor	Epithelial cell	MUI_Innsbruck	MSS	CMS3	4	0.0354416933919646	-0.769874827211553	0.655500884087244	4	4	-0.100609224673056	0.210131075630747	-0.28845470482067	Primary
epithelium
MUI_Innsbruck.P13	normal_epithelial	normal	Epithelial cell	MUI_Innsbruck	MSS	missing	28	-0.149750484262619	-0.578281796865881	0.336681902895746	4	4	-0.235293509465346	-0.104132255551263	-0.28845470482067	Normal
epithelium
MUI_Innsbruck.P13	tumor_cancer	tumor	Cancer cell	MUI_Innsbruck	MSS	CMS2	88	0.0849341355541919	-0.326622030410964	0.416463113122539	4	4	0.309142183204531	0.587437770693407	-0.244981937442127	Primary
cancer-like
MUI_Innsbruck.P13	tumor_epithelial	tumor	Epithelial cell	MUI_Innsbruck	MSS	CMS2	15	-0.401279744233119	-0.881780028416847	0.751144298260049	4	4	-0.211805233630641	-0.534512291264643	-0.28845470482067	Primary
epithelium
MUI_Innsbruck.P14	normal_epithelial	normal	Epithelial cell	MUI_Innsbruck	missing	missing	43	-0.0610961670377748	-0.0324132532700465	0.100409313313778	4	4	-0.324263950048712	-0.339564761846788	-0.28845470482067	Normal
epithelium
MUI_Innsbruck.P14	tumor_cancer	tumor	Cancer cell	MUI_Innsbruck	missing	CMS3	56	-0.155369283625622	0.166009891929606	-0.294704878604932	4	4	0.161629406075875	0.278390481930988	-0.192019689605015	Primary
cancer-like
MUI_Innsbruck.P14	tumor_epithelial	tumor	Epithelial cell	MUI_Innsbruck	missing	CMS3	21	-0.401279744233119	-1.15242404249317	0.751144298260049	4	4	-0.419742096199651	-0.534512291264643	-0.28845470482067	Primary
epithelium
MUI_Innsbruck.P15	normal_epithelial	normal	Epithelial cell	MUI_Innsbruck	MSS	missing	33	-0.112073003543923	-0.0228022828421293	-0.033822333091015	4	4	-0.0678259328158637	0.232919247001661	-0.28845470482067	Normal
epithelium
MUI_Innsbruck.P15	tumor_cancer	tumor	Cancer cell	MUI_Innsbruck	MSS	CMS4	23	-0.212540439760654	0.489724023109038	-0.677213274572955	4	4	0.671055104278791	0.578306616840789	-0.207715098065683	Primary
cancer-like
MUI_Innsbruck.P15	tumor_epithelial	tumor	Epithelial cell	MUI_Innsbruck	MSS	CMS4	16	-0.401279744233119	-0.898600420359856	0.57342659927998	4	4	-0.195229595003651	-0.0106497884739742	-0.28845470482067	Primary
epithelium
MUI_Innsbruck.P16	normal_epithelial	normal	Epithelial cell	MUI_Innsbruck	MSS	missing	44	-0.224350353346746	-0.343747692211996	0.170005584234004	4	4	-0.241927342870185	-0.119611200162555	-0.240633251308277	Normal
epithelium
MUI_Innsbruck.P16	tumor_cancer	tumor	Cancer cell	MUI_Innsbruck	MSS	CMS3	83	0.35287596381158	0.178631291864586	0.233955072578285	4	4	1.94452621911921	1.03331711406495	-0.250268924342802	Primary
cancer-like
MUI_Innsbruck.P16	tumor_epithelial	tumor	Epithelial cell	MUI_Innsbruck	MSS	CMS3	34	-0.401279744233119	-0.659884455744744	0.39417968094718	4	4	-0.128489052188473	0.14507814476144	-0.28845470482067	Primary
epithelium
MUI_Innsbruck.P3	normal_epithelial	normal	Epithelial cell	MUI_Innsbruck	MSI-H	missing	61	-0.156508971650285	0.0806869306310092	-0.213064938871415	4	4	-0.185586941267464	0.0118497369104621	-0.244241544620652	Normal
epithelium
MUI_Innsbruck.P3	tumor_cancer	tumor	Cancer cell	MUI_Innsbruck	MSI-H	CMS3	64	-0.242121930008407	-0.699986348855277	0.504322313524714	4	4	0.20702907402267	0.593045406675366	-0.0212465757314063	Primary
cancer-like
MUI_Innsbruck.P3	tumor_epithelial	tumor	Epithelial cell	MUI_Innsbruck	MSI-H	CMS3	7	-0.132015645423484	-0.37305657234232	0.233995972395196	4	4	0.0410914940685712	0.508136010412179	-0.28845470482067	Primary
epithelium
MUI_Innsbruck.P4	normal_epithelial	normal	Epithelial cell	MUI_Innsbruck	MSS	missing	56	-0.140067974528125	-0.115690608295198	-0.0344857381943529	4	4	-0.0939639750131588	0.180654456344583	-0.28845470482067	Normal
epithelium
MUI_Innsbruck.P4	tumor_cancer	tumor	Cancer cell	MUI_Innsbruck	MSS	CMS3	35	0.00551832295843024	-0.709184761393453	0.533932149596028	4	4	0.504501190331448	0.392450339794384	-0.28845470482067	Primary
cancer-like
MUI_Innsbruck.P4	tumor_epithelial	tumor	Epithelial cell	MUI_Innsbruck	MSS	CMS3	2	-0.401279744233119	-0.717550756206652	0.316271011973533	4	4	-0.0459150286943507	-0.218880300314528	-0.112369298661583	Primary
epithelium
MUI_Innsbruck.P5	normal_epithelial	normal	Epithelial cell	MUI_Innsbruck	MSS	missing	32	-0.23294978704663	-0.499622248572682	0.267099842397409	4	4	0.0137413433509729	0.263092564106449	-0.272007580219079	Normal
epithelium
MUI_Innsbruck.P5	tumor_cancer	tumor	Cancer cell	MUI_Innsbruck	MSS	missing	17	-0.045037948314715	0.378280860339491	-0.417793221145373	4	4	0.246336352859676	0.406829214775875	-0.28845470482067	Primary
cancer-like
MUI_Innsbruck.P5	tumor_epithelial	tumor	Epithelial cell	MUI_Innsbruck	MSS	missing	12	-0.175661905965661	-0.133304106063987	-0.250603788507907	4	4	0.173700554985692	0.443582391351277	-0.28845470482067	Primary
epithelium
MUI_Innsbruck.P7	normal_epithelial	normal	Epithelial cell	MUI_Innsbruck	MSS	missing	45	-0.125235190735273	-0.123555406581751	0.0609080539767481	4	4	-0.419742096199651	-0.534512291264643	-0.28845470482067	Normal
epithelium
MUI_Innsbruck.P7	tumor_cancer	tumor	Cancer cell	MUI_Innsbruck	MSS	CMS3	133	-0.0572861706442884	-0.469816628561103	0.471003254000418	4	4	0.248195656788653	0.19255082536887	-0.28845470482067	Primary
cancer-like
MUI_Innsbruck.P7	tumor_epithelial	tumor	Epithelial cell	MUI_Innsbruck	MSS	CMS3	45	-0.292627174581381	0.419682655124218	-0.439595779353534	4	4	-0.181612550024512	-0.0974926958158307	-0.28845470482067	Primary
epithelium
MUI_Innsbruck.P8	normal_epithelial	normal	Epithelial cell	MUI_Innsbruck	MSS	missing	48	-0.270909754582956	-0.323726429797255	0.309418821389131	4	4	-0.335977648161044	-0.372615549193774	-0.28845470482067	Normal
epithelium
MUI_Innsbruck.P8	tumor_cancer	tumor	Cancer cell	MUI_Innsbruck	MSS	CMS2	109	-0.163266556530698	0.00443180104618006	-0.115645421946121	4	4	0.12225402874423	0.246607916101085	-0.213262274509667	Primary
cancer-like
MUI_Innsbruck.P8	tumor_epithelial	tumor	Epithelial cell	MUI_Innsbruck	MSS	CMS2	30	-0.401279744233119	-0.750684817089619	0.474312875353885	4	4	-0.114262556524442	0.178273301310846	-0.28845470482067	Primary
epithelium
MUI_Innsbruck.P9	normal_epithelial	normal	Epithelial cell	MUI_Innsbruck	MSS	missing	32	-0.252454262416908	0.240421774822523	-0.455144636142129	4	4	-0.171491632938108	0.044738789678959	0.0878745525351166	Normal
epithelium
MUI_Innsbruck.P9	tumor_cancer	tumor	Cancer cell	MUI_Innsbruck	MSS	CMS2	99	0.4389690557774	0.52366261279759	-0.0817810127430625	4	4	1.04187494686381	0.659258851444532	-0.188697228301714	Primary
cancer-like
MUI_Innsbruck.P9	tumor_epithelial	tumor	Epithelial cell	MUI_Innsbruck	MSS	CMS2	8	-0.401279744233119	-0.717285737674295	0.426100860833746	4	4	-0.0692538210105065	0.283293684176695	-0.28845470482067	Primary
epithelium
Mazzurana_2021_Cell_Res.GNI2-smartseq-smartseq	normal_epithelial	normal	Epithelial cell	Mazzurana_2021_Cell_Res	missing	missing	5	-0.401279744233119	-1.08463892913933	0.724670140808516	4	4	-0.419742096199651	-0.534512291264643	-0.28845470482067	Normal
epithelium
Mazzurana_2021_Cell_Res.GNI3-smartseq-smartseq	normal_epithelial	normal	Epithelial cell	Mazzurana_2021_Cell_Res	missing	missing	1	-0.401279744233119	-1.15242404249317	0.751144298260049	4	4	-0.419742096199651	-0.534512291264643	-0.28845470482067	Normal
epithelium
Parikh_2019_Nature.A_healthy	normal_epithelial	normal	Epithelial cell	Parikh_2019_Nature	missing	missing	21	-0.401279744233119	-0.0421514592354742	-0.185595853164237	4	4	-0.419742096199651	-0.534512291264643	-0.28845470482067	Normal
epithelium
Parikh_2019_Nature.B_healthy	normal_epithelial	normal	Epithelial cell	Parikh_2019_Nature	missing	missing	80	-0.401279744233119	0.014140492968352	-0.410199924313382	4	4	-0.419742096199651	-0.534512291264643	-0.28845470482067	Normal
epithelium
Parikh_2019_Nature.C_healthy	normal_epithelial	normal	Epithelial cell	Parikh_2019_Nature	missing	missing	100	-0.401279744233119	0.0413496727460394	-0.409139745358392	4	4	-0.419742096199651	-0.534512291264643	-0.28845470482067	Normal
epithelium
Pelka_2021_Cell.C103	tumor_cancer	tumor	Cancer cell	Pelka_2021_Cell	MSS	CMS2	220	-0.188368684577712	0.24826630671254	-0.332964382290112	4	4	-0.139977541559455	-0.397908013724277	-0.0223786254767946	Primary
cancer-like
Pelka_2021_Cell.C104	tumor_cancer	tumor	Cancer cell	Pelka_2021_Cell	MSS	CMS2	66	-0.113776693984914	-0.0516133107638257	-0.0649228601134124	4	4	-0.0801001046307674	-0.167442193991917	-0.28845470482067	Primary
cancer-like
Pelka_2021_Cell.C104	tumor_epithelial	tumor	Epithelial cell	Pelka_2021_Cell	MSS	CMS2	6	-0.401279744233119	0.823867366114077	-0.977079146756642	4	4	-0.305094552755548	-0.267001356561734	-0.28845470482067	Primary
epithelium
Pelka_2021_Cell.C105	tumor_cancer	tumor	Cancer cell	Pelka_2021_Cell	MSS	CMS2	63	-0.142488970856834	0.263151266347839	-0.314155562375466	4	4	0.04818513520784	0.0276028695595941	-0.238748121572517	Primary
cancer-like
Pelka_2021_Cell.C105	tumor_epithelial	tumor	Epithelial cell	Pelka_2021_Cell	MSS	CMS2	4	-0.337648509845219	0.91904011979603	-1.29205389684229	4	4	0.066063137618296	0.141830368694174	-0.0930666139457819	Primary
epithelium
Pelka_2021_Cell.C106	normal_epithelial	normal	Epithelial cell	Pelka_2021_Cell	missing	missing	40	-0.401279744233119	0.622707378612356	-0.991545286679853	4	4	-0.419742096199651	-0.534512291264643	-0.28845470482067	Normal
epithelium
Pelka_2021_Cell.C106	tumor_cancer	tumor	Cancer cell	Pelka_2021_Cell	MSI-H	CMS3	53	-0.401279744233119	0.141514952964321	-0.498858120049182	4	4	-0.268817761117123	-0.345698279688846	-0.28845470482067	Primary
cancer-like
Pelka_2021_Cell.C106	tumor_epithelial	tumor	Epithelial cell	Pelka_2021_Cell	MSI-H	CMS3	7	-0.192767558999385	0.174886443479099	-0.307291078112489	4	4	0.0900508321676184	0.065953204572642	-0.28845470482067	Primary
epithelium
Pelka_2021_Cell.C107	normal_epithelial	normal	Epithelial cell	Pelka_2021_Cell	missing	missing	44	-0.401279744233119	0.487985584267322	-0.804427310896216	4	4	-0.324590772700795	-0.534512291264643	-0.217932201804554	Normal
epithelium
Pelka_2021_Cell.C107	tumor_cancer	tumor	Cancer cell	Pelka_2021_Cell	MSS	CMS3	133	-0.107835496431489	0.327775088378045	-0.447712707048583	4	4	0.119948052679137	0.400650135061398	-0.103504117543942	Primary
cancer-like
Pelka_2021_Cell.C107	tumor_epithelial	tumor	Epithelial cell	Pelka_2021_Cell	MSS	CMS3	41	-0.401279744233119	-0.153809428810539	-0.131408360202863	4	4	-0.222741177837639	-0.376985140678427	-0.28845470482067	Primary
epithelium
Pelka_2021_Cell.C109	normal_epithelial	normal	Epithelial cell	Pelka_2021_Cell	missing	missing	58	-0.401279744233119	0.775176547020827	-1.12196159986757	4	4	-0.419742096199651	-0.534512291264643	-0.28845470482067	Normal
epithelium
Pelka_2021_Cell.C109	tumor_cancer	tumor	Cancer cell	Pelka_2021_Cell	MSI-H	CMS2	83	-0.401279744233119	0.256745184688686	-0.379522538117486	4	4	-0.0891612614019219	-0.189370294686155	-0.141318371215863	Primary
cancer-like
Pelka_2021_Cell.C110	normal_epithelial	normal	Epithelial cell	Pelka_2021_Cell	missing	missing	26	-0.401279744233119	0.505763503523553	-0.845292031025563	4	4	-0.419742096199651	-0.534512291264643	-0.28845470482067	Normal
epithelium
Pelka_2021_Cell.C110	tumor_cancer	tumor	Cancer cell	Pelka_2021_Cell	MSI-H	CMS1	49	-0.401279744233119	0.723530070914922	-1.09684930737873	4	4	-0.333681081113365	-0.399656470461206	-0.0518771239762231	Primary
cancer-like
Pelka_2021_Cell.C110	tumor_epithelial	tumor	Epithelial cell	Pelka_2021_Cell	MSI-H	CMS1	1	-0.401279744233119	0.265924691783171	-0.66720443601629	4	4	-0.419742096199651	-0.534512291264643	-0.28845470482067	Primary
epithelium
Pelka_2021_Cell.C111	normal_epithelial	normal	Epithelial cell	Pelka_2021_Cell	missing	missing	25	-0.322328986529256	0.668611069732566	-0.840289075903577	4	4	-0.270156512580973	-0.224061697865917	-0.28845470482067	Normal
epithelium
Pelka_2021_Cell.C111	tumor_cancer	tumor	Cancer cell	Pelka_2021_Cell	MSI-H	CMS1	39	-0.341657939795441	0.268733666068171	-0.558575842449898	4	4	-0.292584838300548	-0.329558476332826	-0.17244266844474	Primary
cancer-like
Pelka_2021_Cell.C111	tumor_epithelial	tumor	Epithelial cell	Pelka_2021_Cell	MSI-H	CMS1	1	-0.401279744233119	0.545333714661143	-0.946613458894263	4	4	-0.419742096199651	-0.534512291264643	-0.0154182257651426	Primary
epithelium
Pelka_2021_Cell.C112	normal_epithelial	normal	Epithelial cell	Pelka_2021_Cell	missing	missing	39	-0.344583648627608	0.499695901596693	-0.780981441208511	4	4	-0.419742096199651	-0.534512291264643	-0.28845470482067	Normal
epithelium
Pelka_2021_Cell.C112	tumor_cancer	tumor	Cancer cell	Pelka_2021_Cell	MSS	CMS2	76	-0.297301663036017	-0.195958532566863	-0.00483203527427953	4	4	-0.0762948607327663	-0.370002527776271	-0.249739361211942	Primary
cancer-like
Pelka_2021_Cell.C112	tumor_epithelial	tumor	Epithelial cell	Pelka_2021_Cell	MSS	CMS2	2	-0.401279744233119	-0.37905243937404	-0.0222273048590793	4	4	0.0258420167365512	-0.0558625209387559	0.156557931551353	Primary
epithelium
Pelka_2021_Cell.C113	normal_epithelial	normal	Epithelial cell	Pelka_2021_Cell	missing	missing	9	-0.401279744233119	0.109118538452286	-0.48143145939575	4	4	-0.419742096199651	-0.534512291264643	-0.28845470482067	Normal
epithelium
Pelka_2021_Cell.C113	tumor_cancer	tumor	Cancer cell	Pelka_2021_Cell	MSS	CMS3	145	-0.184055948556247	0.155522174828366	-0.246796513057357	4	4	-0.0620009538453361	-0.091529811002875	-0.235360045656111	Primary
cancer-like
Pelka_2021_Cell.C113	tumor_epithelial	tumor	Epithelial cell	Pelka_2021_Cell	MSS	CMS3	7	-0.401279744233119	0.873171125157145	-1.27445086939026	4	4	-0.105783055870707	-0.534512291264643	-0.28845470482067	Primary
epithelium
Pelka_2021_Cell.C114	normal_epithelial	normal	Epithelial cell	Pelka_2021_Cell	missing	missing	19	-0.401279744233119	0.988324916584771	-1.18275331554454	4	4	-0.320887001344932	-0.303850403270297	-0.21454482303732	Normal
epithelium
Pelka_2021_Cell.C114	tumor_cancer	tumor	Cancer cell	Pelka_2021_Cell	MSI-H	CMS3	71	-0.235301953672194	0.0902809233148293	-0.303405386394956	4	4	-0.21038702651324	-0.278091541344792	0.102904044036811	Primary
cancer-like
Pelka_2021_Cell.C114	tumor_epithelial	tumor	Epithelial cell	Pelka_2021_Cell	MSI-H	CMS3	5	-0.401279744233119	-0.735703340597309	0.33442359636419	4	4	-0.328942260281075	-0.534512291264643	-0.28845470482067	Primary
epithelium
Pelka_2021_Cell.C115	normal_epithelial	normal	Epithelial cell	Pelka_2021_Cell	missing	missing	18	-0.401279744233119	0.256421920910373	-0.541324403927674	4	4	-0.419742096199651	-0.534512291264643	-0.28845470482067	Normal
epithelium
Pelka_2021_Cell.C115	tumor_cancer	tumor	Cancer cell	Pelka_2021_Cell	MSI-H	missing	22	-0.0743440525003868	0.0177552764949627	-0.0899091061325445	4	4	-0.159162670511325	0.0178968043645176	0.181078236190661	Primary
cancer-like
Pelka_2021_Cell.C115	tumor_epithelial	tumor	Epithelial cell	Pelka_2021_Cell	MSI-H	missing	1	-0.401279744233119	-0.736753793374149	0.335474049141029	4	4	0.2503298650186	-0.534512291264643	-0.28845470482067	Primary
epithelium
Pelka_2021_Cell.C116	normal_epithelial	normal	Epithelial cell	Pelka_2021_Cell	missing	missing	52	-0.401279744233119	0.658179007009436	-0.921615100187133	4	4	-0.419742096199651	-0.534512291264643	-0.28845470482067	Normal
epithelium
Pelka_2021_Cell.C116	tumor_cancer	tumor	Cancer cell	Pelka_2021_Cell	MSI-H	missing	43	-0.214787099978035	0.411260147573022	-0.35151299402874	4	4	-0.205683701522347	-0.309596354348844	-0.0492749480105839	Primary
cancer-like
Pelka_2021_Cell.C116	tumor_epithelial	tumor	Epithelial cell	Pelka_2021_Cell	MSI-H	missing	3	-0.401279744233119	-0.238503770896138	-0.162775973336982	4	4	-0.0976127960455849	0.217122742428179	-0.28845470482067	Primary
epithelium
Pelka_2021_Cell.C118	tumor_cancer	tumor	Cancer cell	Pelka_2021_Cell	MSI-H	missing	54	-0.354748976668685	0.581446400756308	-0.84744247860021	4	4	-0.333171027797089	-0.378324312485656	-0.208607167958065	Primary
cancer-like
Pelka_2021_Cell.C118	tumor_epithelial	tumor	Epithelial cell	Pelka_2021_Cell	MSI-H	missing	1	-0.208685668985358	0.678411219004666	-0.887096887990024	4	4	-0.419742096199651	-0.534512291264643	-0.161815608349548	Primary
epithelium
Pelka_2021_Cell.C119	normal_epithelial	normal	Epithelial cell	Pelka_2021_Cell	missing	missing	1	-0.116395463727283	1.4617600344257	-1.57815549815298	4	4	-0.347912525187818	-0.366909958903699	-0.28845470482067	Normal
epithelium
Pelka_2021_Cell.C119	tumor_cancer	tumor	Cancer cell	Pelka_2021_Cell	MSI-H	missing	55	-0.21810896971335	-0.21603572831289	-0.0271606589280376	4	4	-0.178877697122567	-0.534512291264643	-0.010186627155949	Primary
cancer-like
Pelka_2021_Cell.C119	tumor_epithelial	tumor	Epithelial cell	Pelka_2021_Cell	MSI-H	missing	3	-0.401279744233119	0.707392281766419	-1.01466341041409	4	4	-0.419742096199651	-0.534512291264643	-0.28845470482067	Primary
epithelium
Pelka_2021_Cell.C122	normal_epithelial	normal	Epithelial cell	Pelka_2021_Cell	missing	missing	113	-0.401279744233119	0.658955740988262	-0.987644041929616	4	4	-0.419742096199651	-0.534512291264643	-0.28845470482067	Normal
epithelium
Pelka_2021_Cell.C122	tumor_cancer	tumor	Cancer cell	Pelka_2021_Cell	MSI-H	CMS3	99	-0.197255523683963	0.126681347047389	-0.209206251492031	4	4	-0.263884028488939	-0.339187732326711	-0.177770497696368	Primary
cancer-like
Pelka_2021_Cell.C122	tumor_epithelial	tumor	Epithelial cell	Pelka_2021_Cell	MSI-H	CMS3	3	-0.313963613059738	-0.0553818381258877	-0.345897906107232	4	4	-0.190414270282333	-0.534512291264643	-0.28845470482067	Primary
epithelium
Pelka_2021_Cell.C123	normal_epithelial	normal	Epithelial cell	Pelka_2021_Cell	missing	missing	98	-0.401279744233119	0.32967901381553	-0.65510924160255	4	4	-0.299804825681645	-0.338385230828732	-0.28845470482067	Normal
epithelium
Pelka_2021_Cell.C123	tumor_cancer	tumor	Cancer cell	Pelka_2021_Cell	MSI-H	CMS1	156	-0.273938248971851	0.466003735799165	-0.623107619080626	4	4	-0.37517038829348	-0.534512291264643	0.0985792562921323	Primary
cancer-like
Pelka_2021_Cell.C123	tumor_epithelial	tumor	Epithelial cell	Pelka_2021_Cell	MSI-H	CMS1	47	-0.401279744233119	0.86797619879418	-1.11570217802741	4	4	-0.352931899596903	-0.534512291264643	-0.28845470482067	Primary
epithelium
Pelka_2021_Cell.C124	normal_epithelial	normal	Epithelial cell	Pelka_2021_Cell	missing	missing	388	-0.401279744233119	0.561765678767134	-0.897987121086176	4	4	-0.419742096199651	-0.534512291264643	-0.28845470482067	Normal
epithelium
Pelka_2021_Cell.C124	tumor_cancer	tumor	Cancer cell	Pelka_2021_Cell	MSS	CMS3	40	-0.401279744233119	0.270699219445855	-0.488892934913843	4	4	-0.34687401763149	-0.534512291264643	-0.28845470482067	Primary
cancer-like
Pelka_2021_Cell.C124	tumor_epithelial	tumor	Epithelial cell	Pelka_2021_Cell	MSS	CMS3	6	-0.401279744233119	0.783563924438323	-1.18484366867144	4	4	-0.419742096199651	-0.534512291264643	-0.28845470482067	Primary
epithelium
Pelka_2021_Cell.C125	normal_epithelial	normal	Epithelial cell	Pelka_2021_Cell	missing	missing	183	-0.401279744233119	0.487102859686577	-0.836500866501971	4	4	-0.419742096199651	-0.534512291264643	-0.28845470482067	Normal
epithelium
Pelka_2021_Cell.C125	tumor_cancer	tumor	Cancer cell	Pelka_2021_Cell	MSS	CMS2	88	-0.139096001962551	0.366722142319005	-0.378045302600286	4	4	-0.129001094602571	-0.404690759368869	-0.177316541402518	Primary
cancer-like
Pelka_2021_Cell.C125	tumor_epithelial	tumor	Epithelial cell	Pelka_2021_Cell	MSS	CMS2	2	-0.401279744233119	0.52239516061882	-0.923674904851939	4	4	-0.419742096199651	-0.534512291264643	-0.28845470482067	Primary
epithelium
Pelka_2021_Cell.C126	normal_epithelial	normal	Epithelial cell	Pelka_2021_Cell	missing	missing	157	-0.401279744233119	0.511501343271887	-0.822662461437318	4	4	-0.381567612943584	-0.534512291264643	-0.28845470482067	Normal
epithelium
Pelka_2021_Cell.C126	tumor_cancer	tumor	Cancer cell	Pelka_2021_Cell	MSS	CMS3	56	-0.0356217522181744	0.185997476784868	0.00281785036151205	4	4	0.0454398137696386	-0.0754902575235203	-0.205587098657918	Primary
cancer-like
Pelka_2021_Cell.C129	normal_epithelial	normal	Epithelial cell	Pelka_2021_Cell	missing	missing	49	-0.401279744233119	0.144785523228355	-0.509867117253818	4	4	-0.419742096199651	-0.534512291264643	-0.28845470482067	Normal
epithelium
Pelka_2021_Cell.C129	tumor_cancer	tumor	Cancer cell	Pelka_2021_Cell	MSS	CMS1	160	-0.401279744233119	0.334040474644526	-0.685652873495632	4	4	-0.356063906906991	-0.443387842968473	-0.169656780787976	Primary
cancer-like
Pelka_2021_Cell.C129	tumor_epithelial	tumor	Epithelial cell	Pelka_2021_Cell	MSS	CMS1	4	-0.401279744233119	0.813296218134357	-1.21457596236748	4	4	-0.419742096199651	-0.534512291264643	-0.28845470482067	Primary
epithelium
Pelka_2021_Cell.C130	normal_epithelial	normal	Epithelial cell	Pelka_2021_Cell	missing	missing	82	-0.401279744233119	0.495781946600669	-0.817222588408111	4	4	-0.317520457006021	-0.382981797957891	-0.28845470482067	Normal
epithelium
Pelka_2021_Cell.C130	tumor_cancer	tumor	Cancer cell	Pelka_2021_Cell	MSI-H	CMS1	146	-0.344323125876895	0.557633060460294	-0.816006946927603	4	4	-0.352426015947519	-0.402332384921706	0.360048174953499	Primary
cancer-like
Pelka_2021_Cell.C130	tumor_epithelial	tumor	Epithelial cell	Pelka_2021_Cell	MSI-H	CMS1	2	-0.401279744233119	0.57173194508757	-0.97301168932069	4	4	-0.419742096199651	-0.534512291264643	0.378238049434746	Primary
epithelium
Pelka_2021_Cell.C132	normal_epithelial	normal	Epithelial cell	Pelka_2021_Cell	missing	missing	36	-0.401279744233119	0.378212723768076	-0.589877008221436	4	4	-0.419742096199651	-0.534512291264643	-0.28845470482067	Normal
epithelium
Pelka_2021_Cell.C132	tumor_cancer	tumor	Cancer cell	Pelka_2021_Cell	MSI-H	CMS1	79	-0.225900985947105	0.590323313568539	-0.800146443747777	4	4	-0.151052919697735	-0.275395080093061	0.0598132881361866	Primary
cancer-like
Pelka_2021_Cell.C133	normal_epithelial	normal	Epithelial cell	Pelka_2021_Cell	missing	missing	28	-0.401279744233119	0.465347275907738	-0.842396715765367	4	4	-0.419742096199651	-0.534512291264643	-0.28845470482067	Normal
epithelium
Pelka_2021_Cell.C133	tumor_cancer	tumor	Cancer cell	Pelka_2021_Cell	MSS	CMS3	54	-0.401279744233119	0.249486726799132	-0.594177190946498	4	4	-0.317102097352521	-0.369339117524516	-0.180250329400863	Primary
cancer-like
Pelka_2021_Cell.C133	tumor_epithelial	tumor	Epithelial cell	Pelka_2021_Cell	MSS	CMS3	17	-0.401279744233119	0.449815826988625	-0.775849542971531	4	4	-0.121038050668159	-0.534512291264643	-0.28845470482067	Primary
epithelium
Pelka_2021_Cell.C134	normal_epithelial	normal	Epithelial cell	Pelka_2021_Cell	missing	missing	67	-0.401279744233119	0.512099929329997	-0.780887362364485	4	4	-0.256684806282651	-0.159318246344317	-0.28845470482067	Normal
epithelium
Pelka_2021_Cell.C134	tumor_cancer	tumor	Cancer cell	Pelka_2021_Cell	MSS	CMS2	72	-0.297398678112332	0.0420691093993002	-0.187784364968789	4	4	0.0263212499599497	-0.534512291264643	-0.28845470482067	Primary
cancer-like
Pelka_2021_Cell.C135	normal_epithelial	normal	Epithelial cell	Pelka_2021_Cell	missing	missing	27	-0.401279744233119	0.600762992422073	-0.992329519869599	4	4	-0.419742096199651	-0.534512291264643	-0.28845470482067	Normal
epithelium
Pelka_2021_Cell.C135	tumor_cancer	tumor	Cancer cell	Pelka_2021_Cell	MSS	CMS2	56	-0.272695128580721	0.170852725482231	-0.342432428451176	4	4	-0.1087485620155	-0.200585752270701	-0.1958250158467	Primary
cancer-like
Pelka_2021_Cell.C135	tumor_epithelial	tumor	Epithelial cell	Pelka_2021_Cell	MSS	CMS2	6	-0.31620979734966	0.428409454951783	-0.705939833720105	4	4	-0.262912622958209	-0.43616110721187	-0.28845470482067	Primary
epithelium
Pelka_2021_Cell.C136	normal_epithelial	normal	Epithelial cell	Pelka_2021_Cell	missing	missing	104	-0.401279744233119	0.51254041531648	-0.79115690212408	4	4	-0.419742096199651	-0.534512291264643	-0.28845470482067	Normal
epithelium
Pelka_2021_Cell.C136	tumor_cancer	tumor	Cancer cell	Pelka_2021_Cell	MSS	CMS2	69	-0.133440668046636	0.230608419710451	-0.361096672079894	4	4	-0.0301499023224885	-0.304442766097818	-0.18971188369553	Primary
cancer-like
Pelka_2021_Cell.C137	normal_epithelial	normal	Epithelial cell	Pelka_2021_Cell	missing	missing	33	-0.401279744233119	0.444078139914657	-0.642118185567488	4	4	-0.29411805466709	-0.534512291264643	-0.28845470482067	Normal
epithelium
Pelka_2021_Cell.C137	tumor_cancer	tumor	Cancer cell	Pelka_2021_Cell	MSI-H	CMS1	25	0.0325677417404088	0.336807903945232	-0.388876835191943	4	4	-0.328039950818479	-0.396176885872684	0.163938090662757	Primary
cancer-like
Pelka_2021_Cell.C138	normal_epithelial	normal	Epithelial cell	Pelka_2021_Cell	missing	missing	27	-0.401279744233119	0.444668747850339	-0.843232497429374	4	4	-0.419742096199651	-0.534512291264643	-0.28845470482067	Normal
epithelium
Pelka_2021_Cell.C138	tumor_cancer	tumor	Cancer cell	Pelka_2021_Cell	MSI-H	CMS3	28	0.321961043373004	-0.416111556970857	0.722790960035958	4	4	-0.372941645990509	-0.534512291264643	-0.28845470482067	Primary
cancer-like
Pelka_2021_Cell.C138	tumor_epithelial	tumor	Epithelial cell	Pelka_2021_Cell	MSI-H	CMS3	6	-0.344228287893818	0.77598663066643	-1.13191995772329	4	4	-0.146259067115205	-0.299711390927065	-0.28845470482067	Primary
epithelium
Pelka_2021_Cell.C139	normal_epithelial	normal	Epithelial cell	Pelka_2021_Cell	missing	missing	51	-0.401279744233119	0.671383426909791	-0.97157754794826	4	4	-0.344295643887555	-0.409098097283231	-0.28845470482067	Normal
epithelium
Pelka_2021_Cell.C139	tumor_cancer	tumor	Cancer cell	Pelka_2021_Cell	MSI-H	CMS3	174	-0.103812716485314	0.262005429559346	-0.273004347008911	4	4	-0.0998576120668226	0.0632211836158104	-0.148844795200756	Primary
cancer-like
Pelka_2021_Cell.C139	tumor_epithelial	tumor	Epithelial cell	Pelka_2021_Cell	MSI-H	CMS3	5	0.36521152358778	-0.07439356289215	0.394709122318308	4	4	0.143323624791365	-0.0463588434358405	-0.28845470482067	Primary
epithelium
Pelka_2021_Cell.C140	normal_epithelial	normal	Epithelial cell	Pelka_2021_Cell	missing	missing	55	-0.401279744233119	0.161789813469734	-0.441474448071035	4	4	-0.419742096199651	-0.534512291264643	-0.28845470482067	Normal
epithelium
Pelka_2021_Cell.C140	tumor_cancer	tumor	Cancer cell	Pelka_2021_Cell	MSS	CMS2	135	-0.127167129008983	0.206858411050799	-0.314770494217838	4	4	-0.0079537908736456	-0.162976525811381	-0.189668679797098	Primary
cancer-like
Pelka_2021_Cell.C140	tumor_epithelial	tumor	Epithelial cell	Pelka_2021_Cell	MSS	CMS2	3	-0.401279744233119	0.0708121393498113	-0.472091883582931	4	4	0.00888643206556226	-0.353261989354557	-0.192135291896251	Primary
epithelium
Pelka_2021_Cell.C142	normal_epithelial	normal	Epithelial cell	Pelka_2021_Cell	missing	missing	66	-0.401279744233119	0.611072072586488	-0.96472861921687	4	4	-0.342394272841977	-0.400962988369386	-0.28845470482067	Normal
epithelium
Pelka_2021_Cell.C142	tumor_cancer	tumor	Cancer cell	Pelka_2021_Cell	MSI-H	CMS3	54	0.0186605309205609	0.383726434005176	-0.318299140264324	4	4	-0.172912900785422	-0.0340497115478559	-0.28845470482067	Primary
cancer-like
Pelka_2021_Cell.C142	tumor_epithelial	tumor	Epithelial cell	Pelka_2021_Cell	MSI-H	CMS3	5	-0.401279744233119	0.743340282932638	-1.14462002716576	4	4	-0.419742096199651	-0.534512291264643	-0.28845470482067	Primary
epithelium
Pelka_2021_Cell.C143	normal_epithelial	normal	Epithelial cell	Pelka_2021_Cell	missing	missing	74	-0.401279744233119	0.745678152483593	-1.0579102990221	4	4	-0.419742096199651	-0.534512291264643	-0.28845470482067	Normal
epithelium
Pelka_2021_Cell.C143	tumor_cancer	tumor	Cancer cell	Pelka_2021_Cell	MSI-H	CMS1	66	-0.122094182018233	-0.0602969833950278	-0.0329257207013017	4	4	-0.0374740441080839	0.187528634300737	0.0520999922490426	Primary
cancer-like
Pelka_2021_Cell.C143	tumor_epithelial	tumor	Epithelial cell	Pelka_2021_Cell	MSI-H	CMS1	1	-0.401279744233119	-0.102523510924235	-0.298756233308884	4	4	0.11980668333571	-0.534512291264643	-0.28845470482067	Primary
epithelium
Pelka_2021_Cell.C144	tumor_cancer	tumor	Cancer cell	Pelka_2021_Cell	MSI-H	CMS1	51	-0.401279744233119	0.45747698637337	-0.824613417778946	4	4	-0.256681618948736	-0.187623662668237	-0.28845470482067	Primary
cancer-like
Pelka_2021_Cell.C144	tumor_epithelial	tumor	Epithelial cell	Pelka_2021_Cell	MSI-H	CMS1	3	-0.401279744233119	0.404880034858168	-0.806159779091288	4	4	-0.419742096199651	-0.534512291264643	-0.28845470482067	Primary
epithelium
Pelka_2021_Cell.C145	tumor_cancer	tumor	Cancer cell	Pelka_2021_Cell	MSS	missing	112	-0.401279744233119	0.189324543117878	-0.588672987956996	4	4	-0.363420243141076	-0.500928086548247	-0.28845470482067	Primary
cancer-like
Pelka_2021_Cell.C145	tumor_epithelial	tumor	Epithelial cell	Pelka_2021_Cell	MSS	missing	24	-0.401279744233119	0.0721128672648633	-0.473392611497983	4	4	-0.280997100968503	-0.349977063371223	-0.28845470482067	Primary
epithelium
Pelka_2021_Cell.C146	tumor_cancer	tumor	Cancer cell	Pelka_2021_Cell	MSI-H	CMS1	100	-0.383258228082974	0.515216388077038	-0.782086999656657	4	4	-0.353722649303107	-0.451335693881293	-0.115335540167998	Primary
cancer-like
Pelka_2021_Cell.C146	tumor_epithelial	tumor	Epithelial cell	Pelka_2021_Cell	MSI-H	CMS1	9	-0.401279744233119	0.424243484929459	-0.825523229162578	4	4	-0.106826835385399	-0.534512291264643	-0.28845470482067	Primary
epithelium
Pelka_2021_Cell.C147	tumor_cancer	tumor	Cancer cell	Pelka_2021_Cell	MSI-H	CMS1	115	-0.27494506601761	0.578442736743386	-0.762095394879405	4	4	-0.244363314169803	-0.194155931591927	-0.0218051337342265	Primary
cancer-like
Pelka_2021_Cell.C149	tumor_cancer	tumor	Cancer cell	Pelka_2021_Cell	MSS	CMS2	83	-0.333926110254989	0.370233609070794	-0.706789432662685	4	4	-0.259481611594342	-0.462812476561084	-0.226601491667322	Primary
cancer-like
Pelka_2021_Cell.C149	tumor_epithelial	tumor	Epithelial cell	Pelka_2021_Cell	MSS	CMS2	1	-0.401279744233119	-0.475119622831053	0.0738398785979336	4	4	0.296473029222827	-0.534512291264643	-0.28845470482067	Primary
epithelium
Pelka_2021_Cell.C150	tumor_cancer	tumor	Cancer cell	Pelka_2021_Cell	MSS	CMS2	77	-0.252416464300007	0.093846776258737	-0.350871283540053	4	4	-0.127091893964659	-0.39884297288333	-0.218859363275183	Primary
cancer-like
Pelka_2021_Cell.C151	normal_epithelial	normal	Epithelial cell	Pelka_2021_Cell	missing	missing	108	-0.401279744233119	0.669355012270948	-1.03984597623936	4	4	-0.419742096199651	-0.534512291264643	-0.28845470482067	Normal
epithelium
Pelka_2021_Cell.C151	tumor_cancer	tumor	Cancer cell	Pelka_2021_Cell	MSI-H	missing	20	-0.178117551311379	0.0784178251153571	-0.222245588160582	4	4	-0.265622482616023	-0.278642131591048	0.264503174351319	Primary
cancer-like
Pelka_2021_Cell.C152	normal_epithelial	normal	Epithelial cell	Pelka_2021_Cell	missing	missing	66	-0.401279744233119	0.798499420257009	-1.09369807704763	4	4	-0.419742096199651	-0.534512291264643	-0.28845470482067	Normal
epithelium
Pelka_2021_Cell.C152	tumor_cancer	tumor	Cancer cell	Pelka_2021_Cell	MSI-H	CMS3	57	-0.401279744233119	0.0638673542482262	-0.399162684997035	4	4	-0.358799898715127	-0.452982998978117	-0.102678705610944	Primary
cancer-like
Pelka_2021_Cell.C152	tumor_epithelial	tumor	Epithelial cell	Pelka_2021_Cell	MSI-H	CMS3	1	-0.401279744233119	0.40381094280549	-0.805090687038609	4	4	-0.419742096199651	-0.534512291264643	-0.28845470482067	Primary
epithelium
Pelka_2021_Cell.C153	tumor_cancer	tumor	Cancer cell	Pelka_2021_Cell	MSS	CMS2	137	-0.196554426907801	0.420515407423147	-0.565711631208015	4	4	-0.241160770482751	-0.534512291264643	-0.202333498799982	Primary
cancer-like
Pelka_2021_Cell.C154	tumor_cancer	tumor	Cancer cell	Pelka_2021_Cell	MSI-H	CMS3	91	-0.30652349208364	0.188245359477296	-0.527332371952245	4	4	-0.304935018423033	-0.276011737129475	0.00890698297651161	Primary
cancer-like
Pelka_2021_Cell.C154	tumor_epithelial	tumor	Epithelial cell	Pelka_2021_Cell	MSI-H	CMS3	5	-0.401279744233119	0.392890105871207	-0.794169850104327	4	4	-0.270308814301386	-0.185834633502023	-0.183262676038036	Primary
epithelium
Pelka_2021_Cell.C155	normal_epithelial	normal	Epithelial cell	Pelka_2021_Cell	missing	missing	46	-0.401279744233119	0.380727094442305	-0.635395960101054	4	4	-0.419742096199651	-0.534512291264643	-0.28845470482067	Normal
epithelium
Pelka_2021_Cell.C155	tumor_cancer	tumor	Cancer cell	Pelka_2021_Cell	MSS	CMS3	69	0.00242225254941525	0.00415485185364109	0.133544844317057	4	4	-0.0613185138574469	-0.228837563441021	-0.0815264209163283	Primary
cancer-like
Pelka_2021_Cell.C155	tumor_epithelial	tumor	Epithelial cell	Pelka_2021_Cell	MSS	CMS3	7	-0.128008679612456	0.420813955821177	-0.548822635433633	4	4	-0.167660472567974	-0.117951397442197	-0.28845470482067	Primary
epithelium
Pelka_2021_Cell.C156	tumor_cancer	tumor	Cancer cell	Pelka_2021_Cell	MSI-H	CMS1	19	-0.325927545793905	0.302279535647861	-0.616526755424314	4	4	-0.1808413475953	-0.312339409881448	0.409477716094753	Primary
cancer-like
Pelka_2021_Cell.C156	tumor_epithelial	tumor	Epithelial cell	Pelka_2021_Cell	MSI-H	CMS1	21	-0.309838841872764	0.487519913464454	-0.738212501683149	4	4	-0.26396347412404	-0.432498223593222	-0.28845470482067	Primary
epithelium
Pelka_2021_Cell.C157	normal_epithelial	normal	Epithelial cell	Pelka_2021_Cell	missing	missing	68	-0.401279744233119	0.263164421213003	-0.583259274786055	4	4	-0.419742096199651	-0.534512291264643	-0.28845470482067	Normal
epithelium
Pelka_2021_Cell.C157	tumor_cancer	tumor	Cancer cell	Pelka_2021_Cell	MSS	CMS2	99	0.174396409790007	0.139350708983438	0.0172114416388503	4	4	0.143567785497927	0.01988805480144	-0.13489684291058	Primary
cancer-like
Pelka_2021_Cell.C157	tumor_epithelial	tumor	Epithelial cell	Pelka_2021_Cell	MSS	CMS2	6	-0.368468393927144	0.0995736156796181	-0.384756299043153	4	4	-0.216900309227506	-0.198499497125904	-0.212115768264272	Primary
epithelium
Pelka_2021_Cell.C158	tumor_cancer	tumor	Cancer cell	Pelka_2021_Cell	MSI-H	CMS3	44	0.398353092102436	0.139289406769848	0.324815806662746	4	4	-0.247414416384434	-0.30128282017728	-0.040268743734425	Primary
cancer-like
Pelka_2021_Cell.C158	tumor_epithelial	tumor	Epithelial cell	Pelka_2021_Cell	MSI-H	missing	2	-0.179400099096922	0.601148571953035	-0.780548671049957	4	4	0.224074101341477	0.486829115528707	-0.141035109311155	Primary
epithelium
Pelka_2021_Cell.C159	tumor_cancer	tumor	Cancer cell	Pelka_2021_Cell	MSS	CMS3	43	-0.156388618986003	0.251895418037899	-0.418621588415558	4	4	-0.0310898666568728	0.0999772863824447	0.00312441761241779	Primary
cancer-like
Pelka_2021_Cell.C159	tumor_epithelial	tumor	Epithelial cell	Pelka_2021_Cell	MSS	CMS3	16	-0.401279744233119	0.43347836991882	-0.801237899246105	4	4	-0.0897200563785196	-0.32754938634303	-0.237829773033736	Primary
epithelium
Pelka_2021_Cell.C160	tumor_cancer	tumor	Cancer cell	Pelka_2021_Cell	MSS	CMS1	107	-0.320780567063328	0.081410240122492	-0.400050297421437	4	4	-0.259270819397575	-0.229043773770737	0.15708605965756	Primary
cancer-like
Pelka_2021_Cell.C160	tumor_epithelial	tumor	Epithelial cell	Pelka_2021_Cell	MSS	CMS1	2	-0.401279744233119	0.879786503274352	-1.28106624750747	4	4	-0.196916039201296	-0.207159512529193	-0.28845470482067	Primary
epithelium
Pelka_2021_Cell.C161	tumor_cancer	tumor	Cancer cell	Pelka_2021_Cell	MSS	CMS2	99	0.25883111642486	-0.258368756672574	0.469557475667477	4	4	0.220342320478833	-0.117385494789985	-0.202692351411248	Primary
cancer-like
Pelka_2021_Cell.C161	tumor_epithelial	tumor	Epithelial cell	Pelka_2021_Cell	MSS	CMS2	1	-0.401279744233119	-0.390899887243925	-0.010379856989194	4	4	-0.121940078188315	-0.534512291264643	-0.111284522232857	Primary
epithelium
Pelka_2021_Cell.C162	normal_epithelial	normal	Epithelial cell	Pelka_2021_Cell	missing	missing	35	-0.401279744233119	0.314926360647318	-0.679626800382469	4	4	-0.419742096199651	-0.534512291264643	-0.28845470482067	Normal
epithelium
Pelka_2021_Cell.C162	tumor_cancer	tumor	Cancer cell	Pelka_2021_Cell	MSS	CMS2	349	0.0270397781693948	-0.148356797918571	0.182665915490787	4	4	0.170914530387816	0.0218683235200124	-0.179679562514721	Primary
cancer-like
Pelka_2021_Cell.C162	tumor_epithelial	tumor	Epithelial cell	Pelka_2021_Cell	MSS	CMS2	394	-0.401279744233119	0.283586667839399	-0.557977871512371	4	4	-0.173977292026902	-0.15544501646531	-0.28845470482067	Primary
epithelium
Pelka_2021_Cell.C163	tumor_cancer	tumor	Cancer cell	Pelka_2021_Cell	MSI-H	CMS3	96	-0.090985126027773	0.131043385171598	-0.135889792235136	4	4	0.0710317597301789	0.13508699875181	-0.158333059950896	Primary
cancer-like
Pelka_2021_Cell.C163	tumor_epithelial	tumor	Epithelial cell	Pelka_2021_Cell	MSI-H	CMS3	14	-0.401279744233119	0.233077010329038	-0.477423747924667	4	4	0.216884465067898	0.848713261553165	-0.28845470482067	Primary
epithelium
Pelka_2021_Cell.C164	tumor_cancer	tumor	Cancer cell	Pelka_2021_Cell	MSI-H	missing	67	-0.0321863735963761	0.676405090490626	-0.701833394996703	4	4	0.149482535804618	0.746779359575579	-0.0878600857751707	Primary
cancer-like
Pelka_2021_Cell.C164	tumor_epithelial	tumor	Epithelial cell	Pelka_2021_Cell	MSI-H	missing	4	-0.304395868814061	1.50425324463064	-1.68673592064741	4	4	-0.0153252110211071	0.0350617034935674	-0.28845470482067	Primary
epithelium
Pelka_2021_Cell.C165	normal_epithelial	normal	Epithelial cell	Pelka_2021_Cell	missing	missing	6	-0.401279744233119	-0.0458731603806984	-0.240128384148766	4	4	-0.419742096199651	-0.534512291264643	-0.28845470482067	Normal
epithelium
Pelka_2021_Cell.C165	tumor_cancer	tumor	Cancer cell	Pelka_2021_Cell	MSI-H	CMS3	48	1.54169196471119	0.158428603564252	1.3863952823068	4	4	-0.231158677308912	-0.122139761592668	-0.166086816729644	Primary
cancer-like
Pelka_2021_Cell.C166	tumor_cancer	tumor	Cancer cell	Pelka_2021_Cell	MSS	CMS2	251	0.276157989979764	0.147450669396755	0.143639595384875	4	4	0.249971719102857	0.0403660663632183	-0.0258153200056603	Primary
cancer-like
Pelka_2021_Cell.C166	tumor_epithelial	tumor	Epithelial cell	Pelka_2021_Cell	MSS	CMS2	33	-0.132211337582018	0.367580505073341	-0.470857762849238	4	4	-0.09486932587504	-0.260552964912396	-0.203242700739501	Primary
epithelium
Pelka_2021_Cell.C167	tumor_cancer	tumor	Cancer cell	Pelka_2021_Cell	MSI-H	CMS1	13	-0.401279744233119	-0.223052977833132	-0.178226766399988	4	4	-0.419742096199651	-0.534512291264643	-0.139996954762145	Primary
cancer-like
Pelka_2021_Cell.C168	tumor_cancer	tumor	Cancer cell	Pelka_2021_Cell	MSI-H	CMS1	33	-0.32366198064383	0.221141598552866	-0.503817384608556	4	4	-0.301946863020593	-0.328674018487566	0.615332552405179	Primary
cancer-like
Pelka_2021_Cell.C169	tumor_cancer	tumor	Cancer cell	Pelka_2021_Cell	MSI-H	CMS1	34	-0.268700893364722	-0.0277428410684273	-0.282441490004648	4	4	0.0826772524313363	0.542143978249128	0.17195324728884	Primary
cancer-like
Pelka_2021_Cell.C170	normal_epithelial	normal	Epithelial cell	Pelka_2021_Cell	missing	missing	1	-0.401279744233119	0.34713745237146	-0.748417196604579	4	4	-0.419742096199651	-0.534512291264643	-0.28845470482067	Normal
epithelium
Pelka_2021_Cell.C170	tumor_cancer	tumor	Cancer cell	Pelka_2021_Cell	MSI-H	CMS1	177	-0.181727392811441	0.159549205302776	-0.312553935968495	4	4	-0.148493869210355	-0.0207540379960598	0.00750249111756096	Primary
cancer-like
Pelka_2021_Cell.C171	tumor_cancer	tumor	Cancer cell	Pelka_2021_Cell	MSS	CMS3	202	-0.014109999258672	0.161956140486715	-0.10082635170516	4	4	0.142026157029183	0.0173158779491746	-0.19093550628907	Primary
cancer-like
Pelka_2021_Cell.C171	tumor_epithelial	tumor	Epithelial cell	Pelka_2021_Cell	MSS	CMS3	14	-0.237252462433109	0.109759667580626	-0.253080470098475	4	4	0.149501428513586	0.0535837926860692	-0.198486080571759	Primary
epithelium
Pelka_2021_Cell.C172	tumor_cancer	tumor	Cancer cell	Pelka_2021_Cell	MSS	missing	17	-0.145342945412329	-0.0509805997658961	-0.0622439660475095	4	4	-0.0737818282142318	0.0303543067526657	0.133743474827579	Primary
cancer-like
Pelka_2021_Cell.C172	tumor_epithelial	tumor	Epithelial cell	Pelka_2021_Cell	MSS	missing	4	-0.312221285123509	0.706784593890943	-1.01900587901445	4	4	-0.258310689710169	-0.35765801750384	-0.28845470482067	Primary
epithelium
Pelka_2021_Cell.C173	tumor_cancer	tumor	Cancer cell	Pelka_2021_Cell	MSI-H	CMS1	32	0.211069702088996	-0.201173130297919	0.451092780788734	4	4	-0.211187845950729	-0.295256816536363	-0.0865912459599232	Primary
cancer-like
Pelka_2021_Cell.C173	tumor_epithelial	tumor	Epithelial cell	Pelka_2021_Cell	MSI-H	CMS1	3	0.119319623005684	0.334652818148732	-0.215333195143048	4	4	-0.270613652585605	-0.186545922831868	-0.28845470482067	Primary
epithelium
Qi_2022_Nat_Commun.P1	normal_epithelial	normal	Epithelial cell	Qi_2022_Nat_Commun	missing	missing	3	1.43166701821317	0.383481448894844	1.11925339738207	4	4	-0.0263044665613054	-0.534512291264643	0.260245953360591	Normal
epithelium
Qi_2022_Nat_Commun.P1	tumor_cancer	tumor	Cancer cell	Qi_2022_Nat_Commun	missing	CMS4	20	0.546054995828611	0.153744996411639	0.759106364106378	4	4	-0.206308404569845	-0.12912170045712	-0.28845470482067	Primary
cancer-like
Qi_2022_Nat_Commun.P2	normal_epithelial	normal	Epithelial cell	Qi_2022_Nat_Commun	missing	missing	2	-0.401279744233119	-0.356316567814434	-0.0449631764186851	4	4	-0.190607715288411	0.000134597528251179	0.641842322817322	Normal
epithelium
Qi_2022_Nat_Commun.P2	tumor_cancer	tumor	Cancer cell	Qi_2022_Nat_Commun	missing	CMS4	50	-0.401279744233119	0.263916808779828	-0.48571770754992	4	4	-0.419742096199651	-0.534512291264643	-0.28845470482067	Primary
cancer-like
Qi_2022_Nat_Commun.P2	tumor_epithelial	tumor	Epithelial cell	Qi_2022_Nat_Commun	missing	CMS4	2	-0.2640979702296	0.309317011826244	-0.573414982055844	4	4	-0.0570494699372401	0.31177050334765	-0.193863191696454	Primary
epithelium
Qi_2022_Nat_Commun.P3	normal_epithelial	normal	Epithelial cell	Qi_2022_Nat_Commun	missing	missing	93	-0.280731436009121	0.236108338297969	-0.442794675638003	4	4	-0.161762461017391	-0.133433032171199	-0.234343349408615	Normal
epithelium
Qi_2022_Nat_Commun.P3	tumor_cancer	tumor	Cancer cell	Qi_2022_Nat_Commun	missing	CMS2	145	-0.401279744233119	0.0627709586508107	-0.159859503690411	4	4	-0.0876880554435475	-0.534512291264643	-0.246148626988825	Primary
cancer-like
Qi_2022_Nat_Commun.P4	normal_epithelial	normal	Epithelial cell	Qi_2022_Nat_Commun	missing	missing	13	-0.401279744233119	0.243135468761586	-0.338002899671345	4	4	-0.419742096199651	-0.534512291264643	-0.28845470482067	Normal
epithelium
Qi_2022_Nat_Commun.P4	tumor_cancer	tumor	Cancer cell	Qi_2022_Nat_Commun	missing	CMS4	77	-0.401279744233119	0.0327588482499031	-0.230157685265155	4	4	-0.213487410548638	-0.534512291264643	-0.28845470482067	Primary
cancer-like
Qi_2022_Nat_Commun.P4	tumor_epithelial	tumor	Epithelial cell	Qi_2022_Nat_Commun	missing	CMS4	9	-0.145605788193252	-0.128971193482545	-0.0135331153982274	4	4	-0.273642692748299	-0.350634089217661	-0.28845470482067	Primary
epithelium
Qi_2022_Nat_Commun.P5	normal_epithelial	normal	Epithelial cell	Qi_2022_Nat_Commun	missing	missing	12	-0.256989748061465	0.108996482858494	-0.1424237495262	4	4	-0.22178653887451	-0.318332883953113	-0.28845470482067	Normal
epithelium
Qi_2022_Nat_Commun.P5	tumor_cancer	tumor	Cancer cell	Qi_2022_Nat_Commun	missing	CMS4	37	-0.401279744233119	-0.41904107400275	0.176686716059987	4	4	-0.275614271203885	-0.534512291264643	-0.28845470482067	Primary
cancer-like
Qian_2020_Cell_Res.P31	normal_epithelial	normal	Epithelial cell	Qian_2020_Cell_Res	MSI-H	missing	19	-0.401279744233119	0.48225663134671	-0.850836101832357	4	4	-0.419742096199651	-0.534512291264643	-0.28845470482067	Normal
epithelium
Qian_2020_Cell_Res.P31	tumor_cancer	tumor	Cancer cell	Qian_2020_Cell_Res	MSI-H	CMS1	164	-0.401279744233119	0.714246225076008	-1.04271740744484	4	4	-0.419742096199651	-0.534512291264643	-0.28845470482067	Primary
cancer-like
Qian_2020_Cell_Res.P31	tumor_epithelial	tumor	Epithelial cell	Qian_2020_Cell_Res	MSI-H	CMS1	1	-0.401279744233119	1.27743634917123	-1.67871609340435	4	4	-0.290699512137784	-0.23341292845362	-0.10423405556211	Primary
epithelium
Qian_2020_Cell_Res.P32	normal_epithelial	normal	Epithelial cell	Qian_2020_Cell_Res	MSS	missing	30	-0.401279744233119	0.626790644430906	-0.90363325794116	4	4	-0.271268485059205	-0.339766783755893	-0.28845470482067	Normal
epithelium
Qian_2020_Cell_Res.P32	tumor_cancer	tumor	Cancer cell	Qian_2020_Cell_Res	MSS	CMS4	105	-0.401279744233119	-0.0270387430940741	-0.301679947967355	4	4	-0.419742096199651	-0.534512291264643	-0.28845470482067	Primary
cancer-like
Qian_2020_Cell_Res.P32	tumor_epithelial	tumor	Epithelial cell	Qian_2020_Cell_Res	MSS	CMS4	1	-0.321016379790579	0.521969803413944	-0.842986183204523	4	4	-0.0743847457886232	0.27132152636109	-0.028019175056401	Primary
epithelium
Qian_2020_Cell_Res.P33	normal_epithelial	normal	Epithelial cell	Qian_2020_Cell_Res	MSS	missing	32	-0.401279744233119	0.544228742478127	-0.835003844281266	4	4	-0.419742096199651	-0.534512291264643	-0.28845470482067	Normal
epithelium
Qian_2020_Cell_Res.P33	tumor_cancer	tumor	Cancer cell	Qian_2020_Cell_Res	MSS	CMS4	120	-0.401279744233119	0.439506543276962	-0.653505450406274	4	4	-0.259018883783726	-0.329984829302764	-0.28845470482067	Primary
cancer-like
Qian_2020_Cell_Res.P33	tumor_epithelial	tumor	Epithelial cell	Qian_2020_Cell_Res	MSS	CMS4	5	-0.401279744233119	1.20273421715696	-1.60401396139008	4	4	0.0418409536498463	-0.263692058649114	-0.28845470482067	Primary
epithelium
Qian_2020_Cell_Res.P35	normal_epithelial	normal	Epithelial cell	Qian_2020_Cell_Res	MSS	missing	22	-0.401279744233119	-0.127640662019195	-0.153882416518692	4	4	-0.354379183663199	-0.435313748081659	-0.28845470482067	Normal
epithelium
Qian_2020_Cell_Res.P35	tumor_cancer	tumor	Cancer cell	Qian_2020_Cell_Res	MSS	CMS4	86	-0.401279744233119	0.294760198902546	-0.44175339332573	4	4	-0.419742096199651	-0.534512291264643	-0.28845470482067	Primary
cancer-like
Qian_2020_Cell_Res.P36	normal_epithelial	normal	Epithelial cell	Qian_2020_Cell_Res	MSS	missing	4	-0.401279744233119	0.220878206291527	-0.622157950524646	4	4	-0.419742096199651	-0.534512291264643	-0.28845470482067	Normal
epithelium
Qian_2020_Cell_Res.P36	tumor_cancer	tumor	Cancer cell	Qian_2020_Cell_Res	MSS	CMS4	8	-0.401279744233119	0.119169688667208	-0.227092404802501	4	4	-0.334234118395291	-0.392621094918074	-0.28845470482067	Primary
cancer-like
Qian_2020_Cell_Res.P37	normal_epithelial	normal	Epithelial cell	Qian_2020_Cell_Res	MSS	missing	2	-0.401279744233119	0.857445605132472	-1.25872534936559	4	4	-0.0949324858693242	-0.121961675743628	0.208059222994574	Normal
epithelium
Qian_2020_Cell_Res.P37	tumor_cancer	tumor	Cancer cell	Qian_2020_Cell_Res	MSS	CMS4	9	-0.10210129598438	0.164332605552593	-0.293056761517812	4	4	0.127389438772957	0.0733296269553228	-0.123551969607564	Primary
cancer-like
Qian_2020_Cell_Res.P38	normal_epithelial	normal	Epithelial cell	Qian_2020_Cell_Res	MSS	missing	24	-0.300710600160273	0.182448814861072	-0.416854756098453	4	4	-0.268457664276214	-0.22041618170574	0.0529607574398956	Normal
epithelium
Qian_2020_Cell_Res.P38	tumor_cancer	tumor	Cancer cell	Qian_2020_Cell_Res	MSS	CMS2	24	-0.0591187945249413	0.0583866275779675	-0.02908986012162	4	4	-0.0830414595109297	-0.0222013212980724	-0.26641756312129	Primary
cancer-like
Sathe_2023_Clin_Cancer_Res.P5915	metastasis_cancer	metastasis	Cancer cell	Sathe_2023_Clin_Cancer_Res	MSS	missing	159	-0.401279744233119	-0.373836227345065	-0.0254593861835214	4	4	-0.419742096199651	-0.534512291264643	-0.28845470482067	Metastasis
cancer-like
Sathe_2023_Clin_Cancer_Res.P6198	metastasis_cancer	metastasis	Cancer cell	Sathe_2023_Clin_Cancer_Res	MSS	missing	749	-0.401279744233119	-0.300909349853661	-0.0161356493053026	4	4	-0.166625045843402	-0.534512291264643	-0.28845470482067	Metastasis
cancer-like
Sathe_2023_Clin_Cancer_Res.P6198	metastasis_epithelial	metastasis	Epithelial cell	Sathe_2023_Clin_Cancer_Res	MSS	missing	23	-0.401279744233119	0.0686869908357021	-0.352338534547488	4	4	0.199839037130885	-0.534512291264643	-0.28845470482067	Metastasis
epithelium
Sathe_2023_Clin_Cancer_Res.P6335	metastasis_cancer	metastasis	Cancer cell	Sathe_2023_Clin_Cancer_Res	MSS	missing	37	-0.169451909708019	-0.142736611418211	0.233172061049349	4	4	0.422774513803634	-0.269934520869401	-0.28845470482067	Metastasis
cancer-like
Sathe_2023_Clin_Cancer_Res.P6335	metastasis_epithelial	metastasis	Epithelial cell	Sathe_2023_Clin_Cancer_Res	MSS	missing	1	0.0389411968128673	1.30585836590763	-1.26691716909476	4	4	0.124433303613688	-0.534512291264643	-0.28845470482067	Metastasis
epithelium
Sathe_2023_Clin_Cancer_Res.P8640	metastasis_cancer	metastasis	Cancer cell	Sathe_2023_Clin_Cancer_Res	MSS	missing	1	-0.401279744233119	0.118823145108403	-0.520102889341522	4	4	1.3588090307721	1.05492677954613	-0.28845470482067	Metastasis
cancer-like
Smillie_2019_Cell.N10	normal_epithelial	normal	Epithelial cell	Smillie_2019_Cell	missing	missing	225	-0.401279744233119	0.869133178794434	-1.21315314803035	4	4	-0.419742096199651	-0.534512291264643	-0.131145205080329	Normal
epithelium
Smillie_2019_Cell.N11	normal_epithelial	normal	Epithelial cell	Smillie_2019_Cell	missing	missing	180	-0.401279744233119	0.649451457830561	-0.979857955287436	4	4	-0.419742096199651	-0.534512291264643	-0.28845470482067	Normal
epithelium
Smillie_2019_Cell.N13	normal_epithelial	normal	Epithelial cell	Smillie_2019_Cell	missing	missing	54	-0.401279744233119	0.698435482463422	-0.947127021515477	4	4	-0.419742096199651	-0.534512291264643	-0.28845470482067	Normal
epithelium
Smillie_2019_Cell.N15	normal_epithelial	normal	Epithelial cell	Smillie_2019_Cell	missing	missing	199	-0.401279744233119	0.925207341245179	-1.13286353795834	4	4	-0.419742096199651	-0.534512291264643	-0.28845470482067	Normal
epithelium
Smillie_2019_Cell.N16	normal_epithelial	normal	Epithelial cell	Smillie_2019_Cell	missing	missing	112	-0.401279744233119	0.690665207379413	-0.998702944526198	4	4	-0.419742096199651	-0.534512291264643	-0.28845470482067	Normal
epithelium
Smillie_2019_Cell.N17	normal_epithelial	normal	Epithelial cell	Smillie_2019_Cell	missing	missing	113	-0.401279744233119	0.88452647185094	-1.22904882157426	4	4	-0.419742096199651	-0.534512291264643	-0.28845470482067	Normal
epithelium
Smillie_2019_Cell.N18	normal_epithelial	normal	Epithelial cell	Smillie_2019_Cell	missing	missing	101	-0.401279744233119	0.757182107827159	-1.06063147620396	4	4	-0.360237674014467	-0.534512291264643	-0.28845470482067	Normal
epithelium
Smillie_2019_Cell.N20	normal_epithelial	normal	Epithelial cell	Smillie_2019_Cell	missing	missing	68	-0.401279744233119	0.736784710901504	-0.955444122105942	4	4	-0.419742096199651	-0.534512291264643	-0.28845470482067	Normal
epithelium
Smillie_2019_Cell.N21	normal_epithelial	normal	Epithelial cell	Smillie_2019_Cell	missing	missing	169	-0.401279744233119	0.899622252549259	-1.23700201300047	4	4	-0.419742096199651	-0.534512291264643	-0.28845470482067	Normal
epithelium
Smillie_2019_Cell.N46	normal_epithelial	normal	Epithelial cell	Smillie_2019_Cell	missing	missing	104	-0.401279744233119	0.961015504444214	-1.2778780320168	4	4	-0.419742096199651	-0.534512291264643	-0.28845470482067	Normal
epithelium
Smillie_2019_Cell.N51	normal_epithelial	normal	Epithelial cell	Smillie_2019_Cell	missing	missing	112	-0.325102895612797	1.29685386951281	-1.49449590822505	4	4	-0.291590052563526	-0.27421706372263	-0.164184994579132	Normal
epithelium
Smillie_2019_Cell.N8	normal_epithelial	normal	Epithelial cell	Smillie_2019_Cell	missing	missing	41	-0.401279744233119	0.726220946243323	-1.12750069047644	4	4	-0.419742096199651	-0.534512291264643	-0.28845470482067	Normal
epithelium
Thomas_2024_Nat_Med.MC_1	normal_epithelial	normal	Epithelial cell	Thomas_2024_Nat_Med	missing	missing	1	-0.401279744233119	-1.15242404249317	0.751144298260049	4	4	-0.419742096199651	-0.534512291264643	1.33108361923025	Normal
epithelium
Thomas_2024_Nat_Med.MC_2	normal_epithelial	normal	Epithelial cell	Thomas_2024_Nat_Med	missing	missing	1	-0.401279744233119	-0.173733431831175	-0.227546312401945	4	4	-0.419742096199651	-0.534512291264643	-0.28845470482067	Normal
epithelium
Thomas_2024_Nat_Med.SIC_13	normal_epithelial	normal	Epithelial cell	Thomas_2024_Nat_Med	missing	missing	1	-0.163851212330845	-0.416933402504648	0.253082190173803	4	4	-0.284068649398352	-0.217940915394943	-0.28845470482067	Normal
epithelium
Thomas_2024_Nat_Med.SIC_188	normal_epithelial	normal	Epithelial cell	Thomas_2024_Nat_Med	missing	missing	2	-0.178872675349515	0.212250423307287	-0.391123098656802	4	4	-0.238089862176197	-0.26145947253508	0.0236726286117791	Normal
epithelium
Thomas_2024_Nat_Med.SIC_196	normal_epithelial	normal	Epithelial cell	Thomas_2024_Nat_Med	missing	missing	1	-0.401279744233119	0.194491613873456	-0.595771358106576	4	4	-0.419742096199651	-0.534512291264643	-0.0228019455419714	Normal
epithelium
Tian_2023_Nat_Med.P02	metastasis_cancer	metastasis	Cancer cell	Tian_2023_Nat_Med	MSS	missing	135	-0.377034428052954	0.100587144487152	-0.446693645751421	4	4	-0.388309534710592	-0.492328274652401	-0.251592888046067	Metastasis
cancer-like
Tian_2023_Nat_Med.P03	metastasis_cancer	metastasis	Cancer cell	Tian_2023_Nat_Med	MSS	missing	52	-0.315838625371155	0.374331739246943	-0.702507657311981	4	4	-0.253955039321342	-0.410905661115956	-0.263503103278596	Metastasis
cancer-like
Tian_2023_Nat_Med.P07	metastasis_cancer	metastasis	Cancer cell	Tian_2023_Nat_Med	MSS	missing	65	-0.374008025279277	-0.627434090308276	0.26699904768521	4	4	-0.379164301941244	-0.447372206639391	-0.28845470482067	Metastasis
cancer-like
Tian_2023_Nat_Med.P10	metastasis_cancer	metastasis	Cancer cell	Tian_2023_Nat_Med	MSS	missing	444	-0.401279744233119	-0.289166786348893	-0.0960987078184687	4	4	-0.382436218276088	-0.482777142499209	-0.245799688533826	Metastasis
cancer-like
Tian_2023_Nat_Med.P10	metastasis_epithelial	metastasis	Epithelial cell	Tian_2023_Nat_Med	MSS	missing	22	-0.401279744233119	0.600530827530668	-0.985371625233303	4	4	-0.172263992596582	-0.298313469190556	-0.260979348300847	Metastasis
epithelium
Tian_2023_Nat_Med.P11	metastasis_cancer	metastasis	Cancer cell	Tian_2023_Nat_Med	MSI	missing	735	-0.401279744233119	-0.139185046000279	-0.256210738746171	4	4	-0.388157604175845	-0.475426329736525	-0.232141553567988	Metastasis
cancer-like
Tian_2023_Nat_Med.P11	metastasis_epithelial	metastasis	Epithelial cell	Tian_2023_Nat_Med	MSI	missing	1	-0.401279744233119	0.629123714908849	-1.03040345914197	4	4	-0.173683307357369	-0.178070535913652	-0.28845470482067	Metastasis
epithelium
Tian_2023_Nat_Med.P12	metastasis_cancer	metastasis	Cancer cell	Tian_2023_Nat_Med	MSS	missing	366	-0.357780229880822	0.088998351538603	-0.423701057269543	4	4	-0.360867898046264	-0.454724241624524	-0.263733949262219	Metastasis
cancer-like
Tian_2023_Nat_Med.P14	metastasis_cancer	metastasis	Cancer cell	Tian_2023_Nat_Med	MSI	missing	8	0.237360508292272	0.831647104766369	-0.593363025649892	4	4	-0.385838712208768	-0.455404395285915	-0.250767939845022	Metastasis
cancer-like
Tian_2023_Nat_Med.P15	metastasis_cancer	metastasis	Cancer cell	Tian_2023_Nat_Med	MSS	missing	11	-0.379407450740077	0.211429740655853	-0.465735802581871	4	4	-0.354242207057856	-0.421620982842521	-0.259782608823148	Metastasis
cancer-like
Tian_2023_Nat_Med.P18	metastasis_cancer	metastasis	Cancer cell	Tian_2023_Nat_Med	MSS	missing	305	-0.289412421436785	0.586321049729564	-0.833586022430785	4	4	-0.318938129215306	-0.39541206041849	-0.28845470482067	Metastasis
cancer-like
Tian_2023_Nat_Med.P19	metastasis_cancer	metastasis	Cancer cell	Tian_2023_Nat_Med	MSI	missing	121	-0.0385751802644185	0.155987266981044	-0.187137284417587	4	4	-0.269113710380677	-0.392420619808791	-0.169372793608484	Metastasis
cancer-like
Tian_2023_Nat_Med.P20	metastasis_cancer	metastasis	Cancer cell	Tian_2023_Nat_Med	MSS	missing	749	-0.401279744233119	0.76978937236405	-1.09644966547798	4	4	-0.381604162142672	-0.509447861825374	-0.244363502396166	Metastasis
cancer-like
Tian_2023_Nat_Med.P21	metastasis_cancer	metastasis	Cancer cell	Tian_2023_Nat_Med	MSS	missing	731	-0.36752201829831	-0.026801696163596	-0.336824871354268	4	4	-0.371034760934482	-0.445874400044789	-0.244654306740377	Metastasis
cancer-like
Tian_2023_Nat_Med.P23	metastasis_cancer	metastasis	Cancer cell	Tian_2023_Nat_Med	MSS	missing	71	-0.401279744233119	0.0638592265692657	-0.439888559605564	4	4	-0.358625449707563	-0.41412783700321	-0.28845470482067	Metastasis
cancer-like
Tian_2023_Nat_Med.P24	metastasis_cancer	metastasis	Cancer cell	Tian_2023_Nat_Med	MSS	missing	2456	-0.36649000517285	0.134357656875423	-0.468646154021788	4	4	-0.390016685381821	-0.534512291264643	-0.1470820618717	Metastasis
cancer-like
Tian_2023_Nat_Med.P25	metastasis_cancer	metastasis	Cancer cell	Tian_2023_Nat_Med	MSS	missing	57	-0.374930065500798	0.311924309669961	-0.676829973517502	4	4	-0.376279088138597	-0.499561224255018	-0.255941952991528	Metastasis
cancer-like
Tian_2023_Nat_Med.P26	metastasis_epithelial	metastasis	Epithelial cell	Tian_2023_Nat_Med	MSI	missing	1	-0.401279744233119	0.894157980801979	-1.2954377250351	4	4	-0.202845310933027	-0.366343623893464	-0.0149462348413416	Metastasis
epithelium
Tian_2023_Nat_Med.P27	metastasis_cancer	metastasis	Cancer cell	Tian_2023_Nat_Med	MSS	missing	1189	-0.401279744233119	0.181607159043966	-0.556951603832359	4	4	-0.32126211618281	-0.474579367831903	-0.173711360842754	Metastasis
cancer-like
Tian_2023_Nat_Med.P27	metastasis_epithelial	metastasis	Epithelial cell	Tian_2023_Nat_Med	MSS	missing	2	-0.27574241637094	-0.179164502536704	-0.0965779138342366	4	4	-0.133598495895727	-0.399594479559391	-0.209237245233535	Metastasis
epithelium
Tian_2023_Nat_Med.P28	metastasis_cancer	metastasis	Cancer cell	Tian_2023_Nat_Med	MSS	missing	1047	-0.356581443317802	0.313226882656939	-0.62861071529398	4	4	-0.246798729050445	-0.420711306643391	-0.270088370128498	Metastasis
cancer-like
Tian_2023_Nat_Med.P28	metastasis_epithelial	metastasis	Epithelial cell	Tian_2023_Nat_Med	MSS	missing	1	-0.401279744233119	0.738449616948434	-1.13972936118155	4	4	-0.26141519573363	-0.534512291264643	-0.18822205880841	Metastasis
epithelium
Tian_2023_Nat_Med.P29	metastasis_cancer	metastasis	Cancer cell	Tian_2023_Nat_Med	MSS	missing	174	-0.30163775168495	-0.43864318432385	0.144469601687127	4	4	-0.312091565300747	-0.480281363715429	-0.138924508289055	Metastasis
cancer-like
Tian_2023_Nat_Med.P29	metastasis_epithelial	metastasis	Epithelial cell	Tian_2023_Nat_Med	MSS	missing	2	-0.335426073354031	-0.325916653582485	-0.00950941977154592	4	4	-0.338838228468237	-0.504688333898602	-0.20782498539453	Metastasis
epithelium
Tian_2023_Nat_Med.P30	metastasis_cancer	metastasis	Cancer cell	Tian_2023_Nat_Med	MSS	missing	62	-0.243653042658697	0.05638707615218	-0.234339926666854	4	4	-0.265106417335472	-0.407372269381124	-0.262075159987616	Metastasis
cancer-like
Tian_2023_Nat_Med.P32	metastasis_cancer	metastasis	Cancer cell	Tian_2023_Nat_Med	MSS	missing	47	-0.339678947580785	-0.0951000429465943	-0.21658433956359	4	4	-0.198075948279783	-0.347648961278388	-0.270189430124667	Metastasis
cancer-like
Tian_2023_Nat_Med.P33	metastasis_cancer	metastasis	Cancer cell	Tian_2023_Nat_Med	MSS	missing	1498	-0.308266291876675	-0.136567630145912	-0.00158254272307178	4	4	-0.394092480113371	-0.534512291264643	-0.148889358275321	Metastasis
cancer-like
Tian_2023_Nat_Med.P34	metastasis_cancer	metastasis	Cancer cell	Tian_2023_Nat_Med	MSS	missing	547	-0.341396462609536	-0.566978287232566	0.234716100334822	4	4	-0.333920622618686	-0.460833909791891	-0.241912727755381	Metastasis
cancer-like
Tian_2023_Nat_Med.P34	metastasis_epithelial	metastasis	Epithelial cell	Tian_2023_Nat_Med	MSS	missing	1	-0.345131811081078	-0.449300993621432	0.104169182540354	4	4	-0.278355822429765	-0.377328013662262	-0.28845470482067	Metastasis
epithelium
Tian_2023_Nat_Med.P35	metastasis_cancer	metastasis	Cancer cell	Tian_2023_Nat_Med	MSS	missing	60	-0.367863216345903	-0.295171000663635	-0.0605857082255004	4	4	-0.372104852194797	-0.469957804050816	-0.219286648443254	Metastasis
cancer-like
Tian_2023_Nat_Med.P36	metastasis_cancer	metastasis	Cancer cell	Tian_2023_Nat_Med	MSS	missing	216	0.842186878756145	-0.107611495246644	0.960217352505453	4	4	-0.249666246535266	-0.434107306080986	-0.220265015918139	Metastasis
cancer-like
Uhlitz_2021_EMBO_Mol_Med.P007	normal_epithelial	normal	Epithelial cell	Uhlitz_2021_EMBO_Mol_Med	MSS	missing	28	-0.401279744233119	-0.36041794034493	-0.0408618038881893	4	4	-0.419742096199651	-0.534512291264643	-0.28845470482067	Normal
epithelium
Uhlitz_2021_EMBO_Mol_Med.P007	tumor_cancer	tumor	Cancer cell	Uhlitz_2021_EMBO_Mol_Med	MSS	CMS1	52	-0.401279744233119	-0.470881904955268	0.191450283368771	4	4	-0.0650168058291949	-0.0643908156266179	-0.166675217839153	Primary
cancer-like
Uhlitz_2021_EMBO_Mol_Med.P007	tumor_epithelial	tumor	Epithelial cell	Uhlitz_2021_EMBO_Mol_Med	MSS	CMS1	1	-0.401279744233119	-1.15242404249317	0.751144298260049	4	4	0.653772960773721	0.658121307347762	-0.28845470482067	Primary
epithelium
Uhlitz_2021_EMBO_Mol_Med.P008	normal_epithelial	normal	Epithelial cell	Uhlitz_2021_EMBO_Mol_Med	MSS	missing	46	-0.401279744233119	-0.307675676605986	0.0688682754087356	4	4	-0.242368562317467	-0.199662735822825	-0.28845470482067	Normal
epithelium
Uhlitz_2021_EMBO_Mol_Med.P008	tumor_cancer	tumor	Cancer cell	Uhlitz_2021_EMBO_Mol_Med	MSS	CMS4	25	-0.192987693201894	-0.439748020343756	0.352513851039842	4	4	-0.178656211688242	-0.120839441122164	-0.204728960544282	Primary
cancer-like
Uhlitz_2021_EMBO_Mol_Med.P008	tumor_epithelial	tumor	Epithelial cell	Uhlitz_2021_EMBO_Mol_Med	MSS	CMS4	12	-0.401279744233119	-0.319241645956884	-0.0662097449968176	4	4	-0.0334605876879229	-0.0875137722215563	-0.28845470482067	Primary
epithelium
Uhlitz_2021_EMBO_Mol_Med.P009	normal_epithelial	normal	Epithelial cell	Uhlitz_2021_EMBO_Mol_Med	MSS	missing	307	-0.401279744233119	-0.28046321636616	0.00534008853999066	4	4	-0.419742096199651	-0.534512291264643	-0.28845470482067	Normal
epithelium
Uhlitz_2021_EMBO_Mol_Med.P009	tumor_cancer	tumor	Cancer cell	Uhlitz_2021_EMBO_Mol_Med	MSS	CMS2	223	-0.0283466521515613	-0.340961070931754	0.368067843856698	4	4	-0.0932053633386886	0.0477255616607028	-0.155383931647877	Primary
cancer-like
Uhlitz_2021_EMBO_Mol_Med.P009	tumor_epithelial	tumor	Epithelial cell	Uhlitz_2021_EMBO_Mol_Med	MSS	CMS3	28	-0.401279744233119	-0.645007852817302	0.328268456230604	4	4	-0.0592704557060619	-0.0208491300530846	-0.28845470482067	Primary
epithelium
Uhlitz_2021_EMBO_Mol_Med.P012	normal_epithelial	normal	Epithelial cell	Uhlitz_2021_EMBO_Mol_Med	MSS	missing	51	-0.401279744233119	-0.0239506829090063	-0.227848961349697	4	4	-0.419742096199651	-0.534512291264643	-0.28845470482067	Normal
epithelium
Uhlitz_2021_EMBO_Mol_Med.P012	tumor_cancer	tumor	Cancer cell	Uhlitz_2021_EMBO_Mol_Med	MSS	CMS2	46	0.147800695624586	-0.451433637632308	0.618381134205621	4	4	-0.0269285200926093	0.311593849885457	-0.28845470482067	Primary
cancer-like
Uhlitz_2021_EMBO_Mol_Med.P012	tumor_epithelial	tumor	Epithelial cell	Uhlitz_2021_EMBO_Mol_Med	MSS	CMS2	3	-0.401279744233119	-0.599137581964965	0.197857837731846	4	4	-0.123110765258134	-0.204966385612065	0.0418009281876907	Primary
epithelium
Uhlitz_2021_EMBO_Mol_Med.P013	normal_epithelial	normal	Epithelial cell	Uhlitz_2021_EMBO_Mol_Med	MSS	missing	74	-0.401279744233119	-0.0876117381833992	-0.113885683064179	4	4	-0.419742096199651	-0.534512291264643	-0.28845470482067	Normal
epithelium
Uhlitz_2021_EMBO_Mol_Med.P013	tumor_cancer	tumor	Cancer cell	Uhlitz_2021_EMBO_Mol_Med	MSS	CMS2	60	-0.0868553519567973	-0.45206944464905	0.316383626665649	4	4	-0.0126489152288697	0.215995667729224	-0.28845470482067	Primary
cancer-like
Uhlitz_2021_EMBO_Mol_Med.P013	tumor_epithelial	tumor	Epithelial cell	Uhlitz_2021_EMBO_Mol_Med	MSS	CMS2	3	-0.401279744233119	-1.15242404249317	0.751144298260049	4	4	-0.0471639835701985	0.334836638204081	-0.28845470482067	Primary
epithelium
Uhlitz_2021_EMBO_Mol_Med.P014	normal_epithelial	normal	Epithelial cell	Uhlitz_2021_EMBO_Mol_Med	MSS	missing	86	-0.401279744233119	-0.196032291387696	-0.0446774883691017	4	4	-0.419742096199651	-0.534512291264643	-0.28845470482067	Normal
epithelium
Uhlitz_2021_EMBO_Mol_Med.P014	tumor_cancer	tumor	Cancer cell	Uhlitz_2021_EMBO_Mol_Med	MSS	CMS3	68	0.125081618268562	-0.538035436322794	0.711112491010956	4	4	0.154947095520269	0.464825574166907	-0.28845470482067	Primary
cancer-like
Uhlitz_2021_EMBO_Mol_Med.P014	tumor_epithelial	tumor	Epithelial cell	Uhlitz_2021_EMBO_Mol_Med	MSS	CMS3	13	-0.401279744233119	-0.324199780296452	0.24893279364748	4	4	-0.115223916792824	0.176030127351289	-0.28845470482067	Primary
epithelium
Uhlitz_2021_EMBO_Mol_Med.P016	normal_epithelial	normal	Epithelial cell	Uhlitz_2021_EMBO_Mol_Med	missing	missing	141	-0.401279744233119	-0.460691419325419	0.150442127344989	4	4	-0.363050703411002	-0.534512291264643	-0.28845470482067	Normal
epithelium
Uhlitz_2021_EMBO_Mol_Med.P016	tumor_cancer	tumor	Cancer cell	Uhlitz_2021_EMBO_Mol_Med	missing	CMS4	50	-0.0947164283898483	-0.199179539103342	0.0639868846680775	4	4	-8.56374490242322e-06	0.265468425606288	-0.150694590764934	Primary
cancer-like
Uhlitz_2021_EMBO_Mol_Med.P016	tumor_epithelial	tumor	Epithelial cell	Uhlitz_2021_EMBO_Mol_Med	missing	CMS4	6	-0.267743061518324	-0.310657902885286	0.0820866284233527	4	4	0.227666362685535	0.777930627118972	-0.237788438431818	Primary
epithelium
Uhlitz_2021_EMBO_Mol_Med.P017	normal_epithelial	normal	Epithelial cell	Uhlitz_2021_EMBO_Mol_Med	MSS	missing	87	-0.401279744233119	-0.178866711894494	-0.11540572847393	4	4	-0.419742096199651	-0.534512291264643	-0.28845470482067	Normal
epithelium
Uhlitz_2021_EMBO_Mol_Med.P017	tumor_cancer	tumor	Cancer cell	Uhlitz_2021_EMBO_Mol_Med	MSS	CMS3	92	-0.401279744233119	-0.183869336177652	0.0792254408437603	4	4	-0.281998919917197	-0.534512291264643	-0.28845470482067	Primary
cancer-like
Uhlitz_2021_EMBO_Mol_Med.P017	tumor_epithelial	tumor	Epithelial cell	Uhlitz_2021_EMBO_Mol_Med	MSS	CMS3	5	-0.401279744233119	-0.357122048289599	-0.0441576959435199	4	4	0.128793998174579	0.30343990231527	-0.28845470482067	Primary
epithelium
Uhlitz_2021_EMBO_Mol_Med.P020	normal_epithelial	normal	Epithelial cell	Uhlitz_2021_EMBO_Mol_Med	MSS	missing	31	-0.401279744233119	0.153480772535197	-0.554760516768316	4	4	-0.419742096199651	-0.534512291264643	-0.28845470482067	Normal
epithelium
Uhlitz_2021_EMBO_Mol_Med.P020	tumor_cancer	tumor	Cancer cell	Uhlitz_2021_EMBO_Mol_Med	MSS	CMS1	19	-0.401279744233119	-0.374912489063084	0.173822647736841	4	4	-0.0669588783711309	-0.0293711603802079	1.44088138471719	Primary
cancer-like
Uhlitz_2021_EMBO_Mol_Med.P021	normal_epithelial	normal	Epithelial cell	Uhlitz_2021_EMBO_Mol_Med	MSS	missing	59	-0.401279744233119	-0.215828854612733	-0.124580707945951	4	4	-0.419742096199651	-0.534512291264643	-0.28845470482067	Normal
epithelium
Uhlitz_2021_EMBO_Mol_Med.P021	tumor_cancer	tumor	Cancer cell	Uhlitz_2021_EMBO_Mol_Med	MSS	CMS4	5	1.35703315483867	-0.746826272171538	2.09464122821752	4	4	0.16900170843914	0.697454685652608	-0.28845470482067	Primary
cancer-like
Uhlitz_2021_EMBO_Mol_Med.P025	normal_epithelial	normal	Epithelial cell	Uhlitz_2021_EMBO_Mol_Med	MSS	missing	10	-0.401279744233119	-0.195227375113444	-0.182185271714538	4	4	-0.294482984513153	-0.41889172721639	-0.28845470482067	Normal
epithelium
Uhlitz_2021_EMBO_Mol_Med.P025	tumor_cancer	tumor	Cancer cell	Uhlitz_2021_EMBO_Mol_Med	MSS	CMS2	21	-0.131669927567611	-0.537761095492113	0.458930475027538	4	4	0.32126603542924	0.313098152477336	-0.230968801505368	Primary
cancer-like
Uhlitz_2021_EMBO_Mol_Med.P025	tumor_epithelial	tumor	Epithelial cell	Uhlitz_2021_EMBO_Mol_Med	MSS	CMS2	7	-0.401279744233119	-0.518009624368006	0.526422151749166	4	4	-0.0237582024533712	0.332392773930567	-0.28845470482067	Primary
epithelium
Uhlitz_2021_EMBO_Mol_Med.P026	tumor_cancer	tumor	Cancer cell	Uhlitz_2021_EMBO_Mol_Med	MSI	CMS1	42	-0.401279744233119	-0.3078417329709	0.199984278882972	4	4	-0.237481399807099	-0.191997652668242	-0.164808673696142	Primary
cancer-like
Uhlitz_2021_EMBO_Mol_Med.P026	tumor_epithelial	tumor	Epithelial cell	Uhlitz_2021_EMBO_Mol_Med	MSI	CMS1	2	-0.401279744233119	-0.872333167883173	0.471053423650053	4	4	0.141891149653643	0.775965282393045	-0.28845470482067	Primary
epithelium
Wang_2020_J_Exp_Med.SRR8513796	normal_epithelial	normal	Epithelial cell	Wang_2020_J_Exp_Med	missing	missing	94	-0.287743831935561	0.445243066456095	-0.699243449340197	4	4	-0.1748247589185	-0.0276041626284581	-0.28845470482067	Normal
epithelium
Wang_2020_J_Exp_Med.SRR8513797	normal_epithelial	normal	Epithelial cell	Wang_2020_J_Exp_Med	missing	missing	169	-0.401279744233119	0.49821182922147	-0.72597899260995	4	4	-0.419742096199651	-0.534512291264643	-0.28845470482067	Normal
epithelium
Wang_2020_J_Exp_Med.SRR8513798	normal_epithelial	normal	Epithelial cell	Wang_2020_J_Exp_Med	missing	missing	119	-0.25367247024031	0.379090598004041	-0.549270753157488	4	4	-0.306685677703577	-0.2951069434654	-0.28845470482067	Normal
epithelium
Wang_2020_J_Exp_Med.SRR8513799	normal_epithelial	normal	Epithelial cell	Wang_2020_J_Exp_Med	missing	missing	46	-0.208617169524827	0.25613240433699	-0.343852212811364	4	4	-0.248163726750734	-0.200897794901602	-0.28845470482067	Normal
epithelium
Wang_2021_Adv_Sci.col36-smartseq-smartseq	tumor_cancer	tumor	Cancer cell	Wang_2021_Adv_Sci	missing	missing	1	0.131871353424784	-0.309618081414168	0.441489434838953	4	4	0.189731030291645	-0.185792940421468	0.181929810510373	Primary
cancer-like
Wang_2021_Adv_Sci.col38-smartseq-smartseq	tumor_cancer	tumor	Cancer cell	Wang_2021_Adv_Sci	missing	CMS2	5	-0.141066689061107	0.680216264143142	0.0217630797276516	4	4	-0.133611900596402	0.129874078862887	-0.197709785147367	Primary
cancer-like
Wang_2021_Adv_Sci.col39-smartseq-smartseq	tumor_cancer	tumor	Cancer cell	Wang_2021_Adv_Sci	missing	CMS2	6	-0.2892512448573	0.121893087909814	-0.518191440148971	4	4	-0.262924815088902	-0.426684784128921	-0.0958998013888497	Primary
cancer-like
Wang_2021_Adv_Sci.col39-smartseq-smartseq	tumor_epithelial	tumor	Epithelial cell	Wang_2021_Adv_Sci	missing	CMS2	14	-0.264402647359304	-0.09804018333481	0.105780796814447	4	4	-0.246081477599435	-0.410968039770808	-0.0356764962106173	Primary
epithelium
Wang_2021_Adv_Sci.col40-smartseq-smartseq	tumor_cancer	tumor	Cancer cell	Wang_2021_Adv_Sci	missing	missing	1	-0.385061669631603	-0.10591629009543	-0.279145379536173	4	4	-0.386935997632957	-0.504883684597812	-0.24344265846627	Primary
cancer-like
Wang_2021_Adv_Sci.col40-smartseq-smartseq	tumor_epithelial	tumor	Epithelial cell	Wang_2021_Adv_Sci	missing	missing	3	-0.24909477814943	-0.141365740718849	-0.14660461743058	4	4	-0.306046178558543	-0.435400403032167	-0.118499880014684	Primary
epithelium
Wang_2021_Adv_Sci.col44-smartseq-smartseq	tumor_cancer	tumor	Cancer cell	Wang_2021_Adv_Sci	missing	CMS2	4	-0.298128238482189	-0.505856289511887	0.223600846539696	4	4	0.0301004286804851	-0.282557049758497	-0.20851321384638	Primary
cancer-like
Wang_2021_Adv_Sci.col44-smartseq-smartseq	tumor_epithelial	tumor	Epithelial cell	Wang_2021_Adv_Sci	missing	CMS2	54	0.0241741327625339	-0.848891163485258	0.931615846176678	4	4	-0.135196854387701	-0.316024638064998	-0.125184080140552	Primary
epithelium
Wang_2021_Adv_Sci.col45-smartseq-smartseq	tumor_cancer	tumor	Cancer cell	Wang_2021_Adv_Sci	missing	missing	2	0.516785029090993	0.465194932892653	0.0515900961983397	4	4	0.193065815053532	-0.254509068657053	-0.0269419277572736	Primary
cancer-like
Wang_2021_Adv_Sci.col45-smartseq-smartseq	tumor_epithelial	tumor	Epithelial cell	Wang_2021_Adv_Sci	missing	missing	9	-0.0590485164682603	-0.986927061573709	0.866602198989859	4	4	-0.220531668632534	-0.403341324328013	0.00634844548547106	Primary
epithelium
Wang_2021_Adv_Sci.col47-smartseq-smartseq	tumor_cancer	tumor	Cancer cell	Wang_2021_Adv_Sci	missing	missing	2	-0.36934892996616	-0.131412400334929	-0.237936529631231	4	4	-0.379569143380811	-0.49087022152485	-0.0904871986387197	Primary
cancer-like
Wang_2021_Adv_Sci.col47-smartseq-smartseq	tumor_epithelial	tumor	Epithelial cell	Wang_2021_Adv_Sci	missing	missing	3	-0.305609940100027	-0.589401753628923	0.283791813528896	4	4	-0.319265276601544	-0.435666892065842	-0.104955274732328	Primary
epithelium
Wang_2021_Adv_Sci.col48-smartseq-smartseq	tumor_cancer	tumor	Cancer cell	Wang_2021_Adv_Sci	missing	CMS4	2	-0.320016153125345	0.307311105004544	-0.627327258129889	4	4	-0.224924152522055	-0.388044864685921	-0.010751685212488	Primary
cancer-like
Wang_2021_Adv_Sci.col48-smartseq-smartseq	tumor_epithelial	tumor	Epithelial cell	Wang_2021_Adv_Sci	missing	CMS4	10	-0.333049687233518	-0.336843214839984	0.147577612019344	4	4	-0.309906958192242	-0.454733518894172	0.0764641358877986	Primary
epithelium
Wang_2023_Sci_Adv.P0107	metastasis_cancer	metastasis	Cancer cell	Wang_2023_Sci_Adv	missing	missing	17	-0.197952387450215	0.0325278520256418	-0.237756122828557	4	4	0.0710211352900703	0.562664416234862	-0.28845470482067	Metastasis
cancer-like
Wang_2023_Sci_Adv.P0107	metastasis_epithelial	metastasis	Epithelial cell	Wang_2023_Sci_Adv	missing	missing	3	-0.401279744233119	0.646079784578609	-1.04735952881173	4	4	-0.419742096199651	-0.534512291264643	-0.28845470482067	Metastasis
epithelium
Wang_2023_Sci_Adv.P0107	tumor_cancer	tumor	Cancer cell	Wang_2023_Sci_Adv	missing	missing	62	-0.401279744233119	0.0797345118540913	-0.250778559810046	4	4	0.202561589750685	0.558672358276998	-0.28845470482067	Primary
cancer-like
Wang_2023_Sci_Adv.P0107	tumor_epithelial	tumor	Epithelial cell	Wang_2023_Sci_Adv	missing	missing	13	-0.401279744233119	-0.0173390006681808	-0.383940743564939	4	4	-0.419742096199651	-0.534512291264643	-0.28845470482067	Primary
epithelium
Wang_2023_Sci_Adv.P0115	metastasis_cancer	metastasis	Cancer cell	Wang_2023_Sci_Adv	missing	missing	1	-0.401279744233119	-1.15242404249317	0.751144298260049	4	4	0.0429031075067021	0.544993184050182	-0.28845470482067	Metastasis
cancer-like
Wang_2023_Sci_Adv.P0115	tumor_cancer	tumor	Cancer cell	Wang_2023_Sci_Adv	missing	missing	5	-0.401279744233119	-0.50292946828319	0.560200311661766	4	4	0.0736139566810812	0.300734923037776	-0.28845470482067	Primary
cancer-like
Wang_2023_Sci_Adv.P0813	metastasis_cancer	metastasis	Cancer cell	Wang_2023_Sci_Adv	missing	missing	488	-0.183361660536512	0.425963461227646	-0.617755640333038	4	4	0.240763258108879	0.406846649923463	0.151685611070267	Metastasis
cancer-like
Wang_2023_Sci_Adv.P0813	metastasis_epithelial	metastasis	Epithelial cell	Wang_2023_Sci_Adv	missing	missing	8	-0.401279744233119	0.675430116502789	-1.04388740648832	4	4	0.0565935993559812	0.34678300831062	-0.205406929146295	Metastasis
epithelium
Wang_2023_Sci_Adv.P0813	tumor_cancer	tumor	Cancer cell	Wang_2023_Sci_Adv	missing	missing	85	-0.253172378051937	0.282813880286086	-0.554207764995538	4	4	0.128665294022521	0.421565536665325	-0.189736981075379	Primary
cancer-like
Wang_2023_Sci_Adv.P0813	tumor_epithelial	tumor	Epithelial cell	Wang_2023_Sci_Adv	missing	missing	10	-0.401279744233119	0.783099508819582	-1.16480292983394	4	4	0.143445034385854	0.681460397670533	-0.28845470482067	Primary
epithelium
Wang_2023_Sci_Adv.P0920	metastasis_cancer	metastasis	Cancer cell	Wang_2023_Sci_Adv	missing	missing	1403	-0.106899422133816	0.410900634592866	-0.494321900621296	4	4	0.799186433115724	0.354092569524272	-0.159236844475183	Metastasis
cancer-like
Wang_2023_Sci_Adv.P0920	metastasis_epithelial	metastasis	Epithelial cell	Wang_2023_Sci_Adv	missing	missing	2	-0.23367370797218	0.738545769969797	-0.972219477941977	4	4	0.475018610184899	0.0599159674724811	-0.28845470482067	Metastasis
epithelium
Wang_2023_Sci_Adv.P0920	tumor_cancer	tumor	Cancer cell	Wang_2023_Sci_Adv	missing	missing	331	-0.171224130829112	0.258971988338727	-0.443963411954712	4	4	0.505906484737761	0.311738437548265	-0.0710460277767771	Primary
cancer-like
Wang_2023_Sci_Adv.P0920	tumor_epithelial	tumor	Epithelial cell	Wang_2023_Sci_Adv	missing	missing	1	-0.401279744233119	-0.124225154505757	-0.277054589727362	4	4	-0.419742096199651	-0.534512291264643	-0.28845470482067	Primary
epithelium
Wang_2023_Sci_Adv.P1125	metastasis_cancer	metastasis	Cancer cell	Wang_2023_Sci_Adv	missing	missing	1	-0.401279744233119	-0.55940927422983	0.15812952999671	4	4	-0.419742096199651	-0.534512291264643	-0.28845470482067	Metastasis
cancer-like
Wang_2023_Sci_Adv.P1231	metastasis_cancer	metastasis	Cancer cell	Wang_2023_Sci_Adv	missing	missing	40	-0.401279744233119	-0.0844703906942959	-0.0465350983784253	4	4	0.100671902263859	0.192076091883633	-0.256162672038207	Metastasis
cancer-like
Wang_2023_Sci_Adv.P1231	metastasis_epithelial	metastasis	Epithelial cell	Wang_2023_Sci_Adv	missing	missing	404	-0.401279744233119	0.485111920878221	-0.798842713407561	4	4	0.0444092042468257	0.306319627787734	-0.28845470482067	Metastasis
epithelium
Wang_2023_Sci_Adv.P1231	tumor_cancer	tumor	Cancer cell	Wang_2023_Sci_Adv	missing	missing	13	-0.0989685090575058	-0.170929390634172	0.136085040980928	4	4	0.258173427245751	0.243569946657603	-0.0137318424254598	Primary
cancer-like
Wang_2023_Sci_Adv.P1231	tumor_epithelial	tumor	Epithelial cell	Wang_2023_Sci_Adv	missing	missing	19	-0.401279744233119	0.357943908846969	-0.759223653080088	4	4	0.0578821079369592	0.274972054211028	-0.28845470482067	Primary
epithelium
Wu_2022_Cancer_Discov.P15	tumor_cancer	tumor	Cancer cell	Wu_2022_Cancer_Discov	MSS	missing	2	0.0569112746790641	-0.0283750251284854	0.0852862998075496	4	4	-0.419742096199651	-0.534512291264643	-0.28845470482067	Primary
cancer-like
Wu_2022_Cancer_Discov.P20	normal_epithelial	normal	Epithelial cell	Wu_2022_Cancer_Discov	MSS	missing	4	0.51408926361301	-0.339843328950542	0.496022434121503	4	4	-0.419742096199651	-0.534512291264643	-0.28845470482067	Normal
epithelium
Wu_2024_Cell.COAD20	tumor_cancer	tumor	Cancer cell	Wu_2024_Cell	missing	missing	4	-0.401279744233119	-0.679134417995304	0.277854673762185	4	4	-0.419742096199651	-0.534512291264643	-0.28845470482067	Primary
cancer-like
Wu_2024_Cell.COAD20	tumor_epithelial	tumor	Epithelial cell	Wu_2024_Cell	missing	missing	3	-0.401279744233119	-0.571982704272262	0.170702960039143	4	4	-0.419742096199651	-0.534512291264643	-0.28845470482067	Primary
epithelium
Yang_2023_Front_Oncol.JCML	tumor_cancer	tumor	Cancer cell	Yang_2023_Front_Oncol	missing	CMS2	85	-0.0434668398341947	-0.0521891379078348	0.00707420080326537	4	4	-0.182324728988761	-0.187908985845647	-0.28845470482067	Primary
cancer-like
Yang_2023_Front_Oncol.JCML	tumor_epithelial	tumor	Epithelial cell	Yang_2023_Front_Oncol	missing	CMS3	26	-0.219268031600814	-0.268412973445145	-0.0143895420905877	4	4	-0.150798136382477	-0.00403051455723165	-0.28845470482067	Primary
epithelium
Zhang_2018_Nature.P1207-smartseq-smartseq	tumor_cancer	tumor	Cancer cell	Zhang_2018_Nature	MSS	missing	1	-0.401279744233119	0.624952581026136	-1.02623232525926	4	4	-0.419742096199651	-0.534512291264643	0.296105209652018	Primary
cancer-like
Zhang_2018_Nature.P1212-smartseq-smartseq	normal_epithelial	normal	Epithelial cell	Zhang_2018_Nature	MSS	missing	1	-0.401279744233119	0.525682484979168	-0.926962229212287	4	4	-0.419742096199651	-0.534512291264643	-0.28845470482067	Normal
epithelium
Zhang_2020_Cell.P0104-smartseq-smartseq	tumor_epithelial	tumor	Epithelial cell	Zhang_2020_Cell	MSS	missing	1	-0.401279744233119	-1.09685765727511	0.695577913041986	4	4	-0.419742096199651	-0.534512291264643	-0.28845470482067	Primary
epithelium
Zhang_2020_Cell.P0411-smartseq-smartseq	tumor_cancer	tumor	Cancer cell	Zhang_2020_Cell	MSS	missing	4	-0.360412917773368	-0.768305407115507	0.403379033631009	4	4	-0.128348682705216	-0.230431354919621	-0.267194531353747	Primary
cancer-like
Zhang_2020_Cell.P0413-smartseq-smartseq	tumor_cancer	tumor	Cancer cell	Zhang_2020_Cell	MSI	missing	4	-0.123321249587111	-0.532423263696397	0.533898516903928	4	4	-0.389674939191715	-0.464355591579459	0.647690740008422	Primary
cancer-like
Zhang_2020_Cell.P0720-smartseq-smartseq	normal_epithelial	normal	Epithelial cell	Zhang_2020_Cell	MSS	missing	1	-0.401279744233119	-0.361414454693594	-0.0398652895395253	4	4	-0.419742096199651	-0.534512291264643	0.535782535214417	Normal
epithelium
Zhang_2020_Cell.P0720-smartseq-smartseq	tumor_cancer	tumor	Cancer cell	Zhang_2020_Cell	MSS	missing	7	-0.401279744233119	-0.891010246542097	0.489730502308978	4	4	-0.416904719171808	-0.534512291264643	-0.28845470482067	Primary
cancer-like
Zhang_2020_Cell.P0728-smartseq-smartseq	normal_epithelial	normal	Epithelial cell	Zhang_2020_Cell	MSS	missing	1	-0.401279744233119	-0.820303504166056	0.419023759932937	4	4	-0.419742096199651	-0.534512291264643	-0.265738282561355	Normal
epithelium
Zhang_2020_Cell.P0728-smartseq-smartseq	tumor_cancer	tumor	Cancer cell	Zhang_2020_Cell	MSS	missing	2	-0.323603971633389	-0.862475894904954	0.538871923271564	4	4	0.220740605832397	0.686013745978032	-0.255170752615229	Primary
cancer-like
Zhang_2020_Cell.P0825-smartseq-smartseq	normal_epithelial	normal	Epithelial cell	Zhang_2020_Cell	MSI	missing	3	-0.401279744233119	-1.15242404249317	0.751144298260049	4	4	-0.419742096199651	-0.534512291264643	-0.28845470482067	Normal
epithelium
Zhang_2020_Cell.P0825-smartseq-smartseq	tumor_cancer	tumor	Cancer cell	Zhang_2020_Cell	MSI	missing	5	-0.401279744233119	-1.14874892394256	0.747469179709437	4	4	-0.419742096199651	-0.534512291264643	-0.28845470482067	Primary
cancer-like
Zhang_2020_Cell.P1212-smartseq-smartseq	tumor_cancer	tumor	Cancer cell	Zhang_2020_Cell	MSS	missing	6	-0.401279744233119	-0.539101461194161	0.151754438063403	4	4	-0.263250437834491	-0.169365088412601	-0.171461422583161	Primary
cancer-like
Zhang_2020_Cell.P1228-smartseq-smartseq	tumor_cancer	tumor	Cancer cell	Zhang_2020_Cell	MSS	missing	3	-0.401279744233119	-1.10767857022846	0.706398825995342	4	4	-0.419742096199651	-0.534512291264643	-0.28845470482067	Primary
cancer-like
Zheng_2022_Signal_Transduct_Target_Ther.P0	tumor_cancer	tumor	Cancer cell	Zheng_2022_Signal_Transduct_Target_Ther	missing	CMS3	104	-0.262488073282519	0.371102949236831	-0.612537783611118	4	4	0.181279206439385	0.333649269370636	-0.28845470482067	Primary
cancer-like
Zheng_2022_Signal_Transduct_Target_Ther.P0	tumor_epithelial	tumor	Epithelial cell	Zheng_2022_Signal_Transduct_Target_Ther	missing	CMS3	146	-0.401279744233119	0.576853850546799	-0.828271104286838	4	4	-0.0848553768781347	-0.27891811637004	-0.28845470482067	Primary
epithelium
Zheng_2022_Signal_Transduct_Target_Ther.P1	normal_epithelial	normal	Epithelial cell	Zheng_2022_Signal_Transduct_Target_Ther	MSS	missing	47	-0.401279744233119	0.76671843923256	-1.10899062159687	4	4	-0.419742096199651	-0.534512291264643	-0.28845470482067	Normal
epithelium
Zheng_2022_Signal_Transduct_Target_Ther.P1	polyp_cancer	polyp	Cancer cell	Zheng_2022_Signal_Transduct_Target_Ther	MSS	missing	1323	0.624568679097033	0.483642803209583	0.153830972985981	4	4	0.885417221077862	0.550887107075282	-0.207009413372817	Polyp
cancer-like
Zheng_2022_Signal_Transduct_Target_Ther.P1	polyp_epithelial	polyp	Epithelial cell	Zheng_2022_Signal_Transduct_Target_Ther	MSS	missing	117	-0.131759931705339	0.726957705405933	-0.693805480238752	4	4	0.0525131135005898	0.0429131244431741	-0.28845470482067	Polyp
epithelium
Zheng_2022_Signal_Transduct_Target_Ther.P1	tumor_cancer	tumor	Cancer cell	Zheng_2022_Signal_Transduct_Target_Ther	MSS	CMS3	125	-0.00445361458514054	0.574064378630949	-0.509843671628369	4	4	0.384741974053891	0.729083043853595	-0.190989806169535	Primary
cancer-like
Zheng_2022_Signal_Transduct_Target_Ther.P1	tumor_epithelial	tumor	Epithelial cell	Zheng_2022_Signal_Transduct_Target_Ther	MSS	CMS3	141	-0.139884840006286	0.598957765461067	-0.744999945681896	4	4	0.187022044968821	-0.0680302272756111	-0.28845470482067	Primary
epithelium
Zheng_2022_Signal_Transduct_Target_Ther.P2	normal_epithelial	normal	Epithelial cell	Zheng_2022_Signal_Transduct_Target_Ther	MSS	missing	152	-0.401279744233119	0.534573158000697	-0.802893567619975	4	4	-0.328599172168649	-0.423203747276604	-0.28845470482067	Normal
epithelium
Zheng_2022_Signal_Transduct_Target_Ther.P2	polyp_cancer	polyp	Cancer cell	Zheng_2022_Signal_Transduct_Target_Ther	MSS	missing	942	0.0612353188670958	0.561313787251266	-0.479850578464285	4	4	0.268916739518746	0.380865905571402	-0.14144397515331	Polyp
cancer-like
Zheng_2022_Signal_Transduct_Target_Ther.P2	polyp_epithelial	polyp	Epithelial cell	Zheng_2022_Signal_Transduct_Target_Ther	MSS	missing	171	0.00940593988683773	0.520319776097252	-0.381574627989851	4	4	0.188327427837721	0.45077117379836	0.064746054342016	Polyp
epithelium
Zheng_2022_Signal_Transduct_Target_Ther.P2	tumor_cancer	tumor	Cancer cell	Zheng_2022_Signal_Transduct_Target_Ther	MSS	CMS3	217	-0.200155001520748	0.277748174410688	-0.470141766094538	4	4	-0.155099901305539	-0.19657909489574	-0.28845470482067	Primary
cancer-like
Zheng_2022_Signal_Transduct_Target_Ther.P2	tumor_epithelial	tumor	Epithelial cell	Zheng_2022_Signal_Transduct_Target_Ther	MSS	CMS3	39	-0.401279744233119	0.209783368143276	-0.420120665313217	4	4	-0.279372185860303	-0.534512291264643	-0.28845470482067	Primary
epithelium
Zheng_2022_Signal_Transduct_Target_Ther.P3	normal_epithelial	normal	Epithelial cell	Zheng_2022_Signal_Transduct_Target_Ther	MSS	missing	6	-0.401279744233119	0.356828312252995	-0.729487070121388	4	4	-0.364005376962739	-0.534512291264643	-0.28845470482067	Normal
epithelium
Zheng_2022_Signal_Transduct_Target_Ther.P3	polyp_cancer	polyp	Cancer cell	Zheng_2022_Signal_Transduct_Target_Ther	MSS	missing	376	0.045483062844676	0.431789169602126	-0.348081295843399	4	4	0.525676919153554	0.646256337484219	-0.152528028832718	Polyp
cancer-like
Zheng_2022_Signal_Transduct_Target_Ther.P3	polyp_epithelial	polyp	Epithelial cell	Zheng_2022_Signal_Transduct_Target_Ther	MSS	missing	57	-0.0516082694432447	0.203216664053822	-0.246134507133107	4	4	0.170656844036103	0.151779971695574	-0.157423323668718	Polyp
epithelium
Zheng_2022_Signal_Transduct_Target_Ther.P3	tumor_cancer	tumor	Cancer cell	Zheng_2022_Signal_Transduct_Target_Ther	MSS	CMS2	14	-0.133643943137837	0.591352581867317	-0.620530485627681	4	4	0.0815895064331264	0.0977991892306473	-0.108861365982685	Primary
cancer-like
deVries_2023_Nature.HTO7	tumor_epithelial	tumor	Epithelial cell	deVries_2023_Nature	MSI	missing	1	-0.401279744233119	-1.15242404249317	0.751144298260049	4	4	0.309068165844643	1.16604498683871	-0.28845470482067	Primary
epithelium
