context	source	score	p_value	q_value	n_targets_measured
discovery_common	AHR	-1.82175428802339	0.0685286056114524	0.372277019673025	63
discovery_common	AP1	0.205321934934679	0.837325692257077	0.953417097889739	205
discovery_common	AR	-2.41258826943732	0.015861455853595	0.234317762637251	262
discovery_common	ASCL1	1.21582287256139	0.224087323093578	0.610761443820241	21
discovery_common	ATF1	-0.728523961435297	0.466313662416151	0.79830046097719	43
discovery_common	ATF2	1.04954704062414	0.293957276438679	0.667530797955604	46
discovery_common	ATF3	0.446229916258148	0.655442930447674	0.876399629694002	40
discovery_common	ATF4	1.38474478834591	0.166168106513671	0.552439025224644	53
discovery_common	ATF6	-1.89993233470032	0.0574769658722378	0.350086973949085	30
discovery_common	BCL6	0.121716106934489	0.903126832180459	0.973550750201072	31
discovery_common	BMAL1	1.0460399747223	0.295573338398252	0.667530797955604	27
discovery_common	BRCA1	1.65541549100713	0.097878423666693	0.420183522381051	26
discovery_common	CDX1	-1.91963627023724	0.0549384386929913	0.345082068040352	22
discovery_common	CDX2	-1.76302991182796	0.0779326009076052	0.399143031212107	35
discovery_common	CEBPA	0.167914819683216	0.866654422637529	0.953417097889739	70
discovery_common	CEBPB	-0.728091213714996	0.466578493835883	0.79830046097719	168
discovery_common	CEBPD	0.100946320920334	0.919595534372746	0.973550750201072	25
discovery_common	CEBPG	-1.97861014466385	0.0478932476442122	0.336734239024943	67
discovery_common	CLOCK	1.17532446615835	0.239898976147939	0.614532286909329	25
discovery_common	CREB1	-1.20476595538504	0.228328355324166	0.610761443820241	167
discovery_common	CREBBP	0.0878153458011133	0.930025580073464	0.973550750201072	20
discovery_common	CREM	0.0914614026821261	0.92712820276424	0.973550750201072	25
discovery_common	CTCF	0.138942997849813	0.889498597214048	0.971680532826215	66
discovery_common	CTNNB1	1.94268496910709	0.0520883407315485	0.337734080227137	125
discovery_common	CUX1	1.84693600145908	0.0647923372759234	0.361757216457239	49
discovery_common	DDIT3	-0.0696304001634639	0.944489533777159	0.973550750201072	52
discovery_common	DNMT1	1.4276537297604	0.153429542912137	0.531712726298956	76
discovery_common	DNMT3A	2.6305214477241	0.00854129909513628	0.156072828920218	25
discovery_common	DNMT3B	0.89241076277924	0.372198930838592	0.733450834299579	35
discovery_common	E2F1	0.25005922562894	0.80254779735982	0.948894748643082	147
discovery_common	E2F2	1.57070000041747	0.116290842722994	0.449508834371574	24
discovery_common	E2F3	0.724704437389995	0.468654001966709	0.79830046097719	32
discovery_common	E2F4	-3.70558471010584	0.000212288423703263	0.0142233243881186	81
discovery_common	E2F6	0.616467992126399	0.537602764471755	0.838106593135559	27
discovery_common	EGR1	-0.899512837489412	0.368405913766656	0.733164244228692	135
discovery_common	EGR2	0.476876773550321	0.633462550604724	0.869692781321787	25
discovery_common	ELF1	0.131716479805771	0.895211774106994	0.972635495110842	34
discovery_common	ELK1	0.543640286578555	0.586703775987632	0.851147232155166	33
discovery_common	EP300	1.18940452176794	0.234314881458677	0.611653132119405	23
discovery_common	EPAS1	-1.31684565182833	0.187927081838873	0.590208491400209	42
discovery_common	ESR1	0.258689576326041	0.79588124064867	0.946580647162028	277
discovery_common	ESR2	0.435225717712876	0.663410024991427	0.876399629694002	80
discovery_common	ETS1	0.0707020483417077	0.943636610729249	0.973550750201072	82
discovery_common	ETS2	0.994246423090103	0.320132181930352	0.696826839795774	38
discovery_common	ETV4	2.12471177496428	0.0336404289537672	0.271489555165744	22
discovery_common	EWSR1	-1.19804338078317	0.230934675275315	0.610761443820241	24
discovery_common	EZH2	-0.188303207785553	0.850643619731311	0.953417097889739	58
discovery_common	FLI1	1.42973827726055	0.152830159237456	0.531712726298956	29
discovery_common	FOS	-1.37102666698454	0.170404077432477	0.552439025224644	112
discovery_common	FOXA1	-1.85197017982858	0.0640659409573301	0.361757216457239	22
discovery_common	FOXA2	-4.61315090702027	4.02613337894632e-06	0.000404626404584105	37
discovery_common	FOXM1	-0.177869447542441	0.858829888946853	0.953417097889739	27
discovery_common	FOXN1	-0.498062849939964	0.618453070367897	0.85886523079055	24
discovery_common	FOXO1	-1.79823959363767	0.0721757292797394	0.381771620663885	117
discovery_common	FOXO3	-1.95804220655588	0.0502588416455139	0.336734239024943	98
discovery_common	GABPA	-0.943025224748618	0.345695718829977	0.703263765965043	20
discovery_common	GATA1	0.575680884723297	0.564846658970129	0.838106593135559	42
discovery_common	GATA2	-0.39028526952216	0.696335728829005	0.886214418198506	22
discovery_common	GATA3	0.675660175141686	0.499275435653225	0.821890528803682	65
discovery_common	GATA4	-0.850375639095536	0.395141047138512	0.741973973778967	45
discovery_common	GATA6	-1.29458231942724	0.195500723509837	0.600206516134143	26
discovery_common	GLI1	-0.760204695490124	0.447154044509439	0.7951575374185	66
discovery_common	GLI2	0.312356613772846	0.754777443219934	0.924643416253555	55
discovery_common	HBP1	0.418174367719798	0.675830560211793	0.876399629694002	20
discovery_common	HDAC1	1.033891736099	0.301217198342723	0.672718409632082	31
discovery_common	HES1	-1.37790998704287	0.168268593847777	0.552439025224644	34
discovery_common	HIF1A	-0.514896980301568	0.606638857461555	0.85886523079055	202
discovery_common	HMGA1	0.0839117222719972	0.933128663005227	0.973550750201072	26
discovery_common	HNF1A	-2.9643810595208	0.00304163028442441	0.119224566126005	39
discovery_common	HNF4A	0.767501669573258	0.442805348301698	0.794677455434298	97
discovery_common	HOXA9	0.632737467023488	0.526922701147469	0.838106593135559	22
discovery_common	HR	1.47075729621298	0.141395046580319	0.524701622698027	32
discovery_common	HSF1	-2.42133346077255	0.0154851940226842	0.234317762637251	38
discovery_common	ID1	1.58509977210559	0.112982138954497	0.445282547644196	27
discovery_common	IRF1	0.668457255361362	0.503860530465378	0.821890528803682	55
discovery_common	IRF2	0.0449127239601032	0.964177965917112	0.977358270152188	24
discovery_common	IRF3	0.534747598460728	0.592838868167777	0.851147232155166	28
discovery_common	IRF8	2.20769224462025	0.0272932526027372	0.271489555165744	22
discovery_common	JUN	-1.14872041575059	0.250704714062512	0.614532286909329	240
discovery_common	JUNB	0.819340071581497	0.412616173500804	0.753962280669651	31
discovery_common	JUND	1.6080686072657	0.1078585631189	0.433591423737978	26
discovery_common	KAT5	0.853593822984694	0.393354958374616	0.741973973778967	31
discovery_common	KAT7	-0.179833663665377	0.857287587932878	0.953417097889739	30
discovery_common	KLF4	-1.27825524846094	0.201195537955085	0.600206516134143	40
discovery_common	KLF5	2.65783779514781	0.00787959210353808	0.156072828920218	26
discovery_common	KLF6	-0.0341487261272013	0.972759382534411	0.977358270152188	25
discovery_common	KMT2A	-0.0609834449868347	0.951373876261174	0.975643618002531	40
discovery_common	LEF1	0.274885881133011	0.783410823976671	0.937295092972089	29
discovery_common	MAX	-1.74242407536688	0.0814716689193139	0.399409889092246	23
discovery_common	MBD2	0.0401389689522471	0.967983309012918	0.977358270152188	41
discovery_common	MEF2A	-2.12319447061	0.0337673576076796	0.271489555165744	37
discovery_common	MEF2C	0.0897080717636639	0.928521387313456	0.973550750201072	22
discovery_common	MITF	-0.572384606625035	0.567077097842966	0.838106593135559	35
discovery_common	MTA1	1.13265990962323	0.257390140583861	0.623318292257302	26
discovery_common	MYB	-1.71942636291073	0.0855744154981155	0.408164479202534	75
discovery_common	MYBL2	-0.819494996362023	0.41252781801739	0.753962280669651	21
discovery_common	MYC	-5.32316232470413	1.04671607211309e-07	2.10389930494732e-05	509
discovery_common	MYCN	1.63800700304234	0.101458511921223	0.424857518670122	54
discovery_common	MYOD1	0.968130035192099	0.333007918303269	0.703263765965043	59
discovery_common	NANOG	1.25305758921044	0.210220396020882	0.610761443820241	24
discovery_common	NCOA1	-0.506820551646121	0.612294331058087	0.85886523079055	31
discovery_common	NCOA2	0.675946957233525	0.49909334143696	0.821890528803682	27
discovery_common	NCOA3	1.15327446626885	0.248831284373614	0.614532286909329	36
discovery_common	NCOR1	2.86717275669216	0.00415209931782108	0.119224566126005	38
discovery_common	NCOR2	-0.467197728008707	0.640370804157335	0.869692781321787	31
discovery_common	NFATC1	-0.0283818736982479	0.977358270152188	0.977358270152188	36
discovery_common	NFATC2	0.0928952169390107	0.925989069799494	0.973550750201072	24
discovery_common	NFE2L2	-0.387584093609842	0.69833387847166	0.886214418198506	100
discovery_common	NFIA	-1.95941959206435	0.0500974196933202	0.336734239024943	29
discovery_common	NFIC	-0.213241619973398	0.831143795575836	0.953417097889739	24
discovery_common	NFKB	0.276546346144778	0.782135421651344	0.937295092972089	336
discovery_common	NFKB1	0.663487575419107	0.50703694314257	0.821890528803682	142
discovery_common	NFKB2	-0.580245776394824	0.56176479468037	0.838106593135559	26
discovery_common	NFYA	-2.30950303405274	0.020940349703129	0.234317762637251	39
discovery_common	NKX2-1	-0.175885040752249	0.860388590974039	0.953417097889739	21
discovery_common	NKX3-1	0.969127470217544	0.332510110479576	0.703263765965043	31
discovery_common	NOTCH1	0.782019704603444	0.434225521084821	0.786300267910351	22
discovery_common	NR0B1	-2.29510489342764	0.021752186898342	0.234317762637251	21
discovery_common	NR0B2	0.468347030493112	0.639548860922849	0.869692781321787	50
discovery_common	NR1H3	-0.34775829934988	0.728030614807977	0.905286998471453	41
discovery_common	NR1H4	-2.31664560318396	0.0205475091368046	0.234317762637251	45
discovery_common	NR1I2	1.27299748264631	0.2030549407817	0.600206516134143	104
discovery_common	NR1I3	-1.204461656552	0.228445876321161	0.610761443820241	24
discovery_common	NR2C2	0.554889167567617	0.578985571560462	0.849460583092356	21
discovery_common	NR2F2	0.185622305930251	0.852745540474996	0.953417097889739	22
discovery_common	NR3C1	-1.38952012578625	0.164712283949403	0.552439025224644	97
discovery_common	NR3C2	1.61291860660281	0.106800584260121	0.433591423737978	21
discovery_common	NR4A1	-0.941681031381411	0.346383645923081	0.703263765965043	33
discovery_common	NR5A1	-2.18706650969187	0.028765754265678	0.271489555165744	36
discovery_common	NRF1	-1.09384550059109	0.274054801159828	0.640523430617738	49
discovery_common	NRG1	1.6535760658917	0.0982518684174596	0.420183522381051	22
discovery_common	PAX3	-0.181127192347652	0.856272207333073	0.953417097889739	30
discovery_common	PAX5	1.49035193048203	0.136170098389809	0.516418675025501	28
discovery_common	PAX6	1.20073668277087	0.229887963595283	0.610761443820241	38
discovery_common	PDX1	-1.20066574377183	0.22991548963305	0.610761443820241	36
discovery_common	PGR	-0.627518016899824	0.530337162521626	0.838106593135559	41
discovery_common	PITX2	0.424691882591516	0.671072418770144	0.876399629694002	37
discovery_common	POU2F1	-0.536220518951846	0.591820665693242	0.851147232155166	23
discovery_common	POU5F1	-0.172856128191068	0.862768773441703	0.953417097889739	31
discovery_common	PPARA	-2.8811325735802	0.00397274369035053	0.119224566126005	103
discovery_common	PPARD	-2.13140807505311	0.0330851204133418	0.271489555165744	45
discovery_common	PPARG	-2.01175287919715	0.0442785681185024	0.32962934043774	128
discovery_common	PRDM1	-0.377994672595947	0.705444312993835	0.886214418198506	20
discovery_common	RARA	0.950205542277433	0.342035762617159	0.703263765965043	61
discovery_common	RBPJ	0.306757618680456	0.759035640208142	0.924643416253555	52
discovery_common	REL	0.753810067356777	0.450984871968702	0.7951575374185	37
discovery_common	RELA	1.16373799745468	0.244563987473024	0.614532286909329	191
discovery_common	RUNX1	0.496465364280892	0.619579395346417	0.85886523079055	62
discovery_common	RUNX2	-0.729864416765056	0.465493865210774	0.79830046097719	38
discovery_common	RUNX3	0.603686733259603	0.54606859633547	0.838106593135559	27
discovery_common	RXRA	-1.68789396186476	0.0914695262155561	0.408563883762817	32
discovery_common	SIRT1	-0.694799150435955	0.487200821079441	0.816061375308064	28
discovery_common	SMAD1	2.37801160520249	0.0174290060136851	0.234317762637251	23
discovery_common	SMAD2	-0.335971348539825	0.736901048595856	0.908693931090595	28
discovery_common	SMAD3	2.80303778890347	0.00507423391187147	0.125520016085126	47
discovery_common	SMAD4	0.598649089171754	0.54942341138951	0.838106593135559	51
discovery_common	SMAD7	-1.15922472973932	0.246398270669471	0.614532286909329	22
discovery_common	SMARCA1	0.345623807348913	0.729634297275499	0.905286998471453	26
discovery_common	SNAI1	1.46274621944511	0.14357507088752	0.524701622698027	44
discovery_common	SNAI2	3.09889851265211	0.00194897401030483	0.0979359440178177	24
discovery_common	SOX2	0.869658774996662	0.384512303736188	0.741973973778967	30
discovery_common	SOX9	-0.16615829970153	0.868036462257822	0.953417097889739	27
discovery_common	SP1	-2.28822927094809	0.0221494402492924	0.234317762637251	536
discovery_common	SP3	1.69904028259469	0.0893494382333905	0.408164479202534	167
discovery_common	SP4	0.437751469971971	0.661577957098171	0.876399629694002	22
discovery_common	SPI1	2.76987891651372	0.0056202992276922	0.125520016085126	112
discovery_common	SREBF1	-0.844038275197761	0.398672582926012	0.741973973778967	56
discovery_common	SREBF2	-0.625131374743074	0.531902192552844	0.838106593135559	37
discovery_common	SRF	-0.703262714691524	0.481911962196727	0.813985751273464	34
discovery_common	SSRP1	1.75421201881578	0.0794314489974343	0.399143031212107	48
discovery_common	STAT1	2.06084517104346	0.039349205226402	0.304199625019493	131
discovery_common	STAT3	0.389538058844319	0.696888255269873	0.886214418198506	169
discovery_common	STAT5A	-0.280683572869323	0.778960174172721	0.937295092972089	79
discovery_common	STAT5B	0.0789187081815096	0.937099203900428	0.973550750201072	40
discovery_common	STAT6	-0.431296204228015	0.666264321633259	0.876399629694002	31
discovery_common	TAF1	-1.01048818234205	0.312291205104452	0.689786068417526	24
discovery_common	TAL1	2.33027848707021	0.0198155152348569	0.234317762637251	39
discovery_common	TBP	-0.942760369304375	0.345831196788372	0.703263765965043	76
discovery_common	TCF12	0.855099827577769	0.392520810064514	0.741973973778967	22
discovery_common	TCF3	-1.70240186873135	0.0887178739520405	0.408164479202534	41
discovery_common	TCF4	-1.34380170519904	0.179049612910131	0.571253526903751	23
discovery_common	TCF7L2	1.28422085724699	0.199100887023737	0.600206516134143	44
discovery_common	TFAP2A	-0.590789280430106	0.554677863162377	0.838106593135559	117
discovery_common	TFCP2	0.211323648461128	0.832639970153586	0.953417097889739	21
discovery_common	THRA	0.861687182306571	0.388884819427686	0.741973973778967	31
discovery_common	THRB	0.612229342842396	0.540402966724368	0.838106593135559	21
discovery_common	TP53	-2.15218659888373	0.0314116901000121	0.271489555165744	485
discovery_common	TP63	1.10217622011845	0.270417341287417	0.6397775928223	99
discovery_common	TP73	1.05974240772431	0.289292945750481	0.667530797955604	61
discovery_common	TTF1	-1.22903543659124	0.219093705970998	0.610761443820241	21
discovery_common	TWIST1	-0.57843355644791	0.56298729292562	0.838106593135559	28
discovery_common	USF1	-0.989572151375188	0.32241241841297	0.696826839795774	78
discovery_common	USF2	-1.85594849275396	0.0634966677086978	0.361757216457239	45
discovery_common	VDR	0.506076298299685	0.612816661857935	0.85886523079055	45
discovery_common	WT1	-0.229199919285323	0.818719238227973	0.953417097889739	64
discovery_common	XBP1	-1.4279858779377	0.153333918598202	0.531712726298956	26
discovery_common	YBX1	-0.422652784466638	0.67255966559126	0.876399629694002	39
discovery_common	YY1	-1.1018648125253	0.270552713382565	0.6397775928223	110
discovery_common	ZBTB17	0.0491241900134101	0.960821519471538	0.977358270152188	27
discovery_common	ZEB1	0.924480235739551	0.355263477919286	0.714079590617764	24
discovery_common	ZNF699	-0.381968453414496	0.702494639417323	0.886214418198506	23
heldout_common	AHR	-1.42689919982242	0.153652844339452	0.537784955188083	58
heldout_common	AP1	-0.235181867045865	0.814074349401834	0.969818316248976	185
heldout_common	AR	-2.6512867259986	0.00803634723214207	0.155100589468686	242
heldout_common	ATF1	-0.501562974679806	0.615990492234454	0.888719107116884	39
heldout_common	ATF2	-0.348703128015322	0.727322516322115	0.961286402691467	42
heldout_common	ATF3	0.833163272340254	0.404780627732457	0.750034692563082	36
heldout_common	ATF4	1.23934676370039	0.215257997372491	0.645773992117472	47
heldout_common	ATF6	-2.42317708373235	0.0154102197581506	0.220710270496676	29
heldout_common	BCL6	0.479104559970729	0.631878974030343	0.892058402920772	29
heldout_common	BMAL1	-0.205910465342379	0.836866743305228	0.969818316248976	23
heldout_common	BRCA1	0.43788711436678	0.661481413100667	0.914886087271774	24
heldout_common	CDX1	-2.07493547818886	0.0380283816983675	0.287494565639658	21
heldout_common	CDX2	-2.38256567252445	0.0172185793694025	0.220710270496676	35
heldout_common	CEBPA	0.422253536328726	0.67285273085067	0.914886087271774	68
heldout_common	CEBPB	-0.962135372310902	0.33601431357937	0.72415042532666	154
heldout_common	CEBPD	-0.951620361446946	0.34132188533496	0.724829621666375	22
heldout_common	CEBPG	-2.26939232898385	0.0232742883835028	0.220710270496676	60
heldout_common	CLOCK	-0.341555809203704	0.732695287755657	0.961662565179299	20
heldout_common	CREB1	-1.79071817303837	0.0733810406480585	0.385250463402307	149
heldout_common	CREBBP	-0.37529647793571	0.707451175409179	0.941607550368555	20
heldout_common	CREM	0.549070388506437	0.582974380843757	0.861525552471584	22
heldout_common	CTCF	0.959966544260269	0.337104682421087	0.72415042532666	55
heldout_common	CTNNB1	2.3237352058266	0.0201677273321089	0.220710270496676	116
heldout_common	CUX1	2.22031936884132	0.0264284908021183	0.237856417219064	47
heldout_common	DDIT3	-1.72751142803241	0.0841192623707619	0.39746351470185	45
heldout_common	DNMT1	0.651769723923	0.514570793789746	0.824185423951373	70
heldout_common	DNMT3A	2.52847161833236	0.0114774842938101	0.19720404832092	21
heldout_common	DNMT3B	0.788196928660734	0.430607791542323	0.762997808535133	30
heldout_common	E2F1	0.784181786537878	0.4329595636121	0.762997808535133	132
heldout_common	E2F2	1.27931288795465	0.20082862580592	0.622239512742934	20
heldout_common	E2F3	1.07195560688274	0.283776340219155	0.708459670059811	27
heldout_common	E2F4	-1.1921987100926	0.233223110903241	0.667223840729026	65
heldout_common	E2F6	-0.18497608304091	0.85325306851981	0.969818316248976	20
heldout_common	EGR1	-1.90896976331889	0.0563061927635367	0.346934298848984	126
heldout_common	EGR2	0.233456599884797	0.815413584719414	0.969818316248976	21
heldout_common	ELF1	0.577433006544402	0.563665258792814	0.861525552471584	31
heldout_common	ELK1	0.779011683677791	0.435998747734362	0.762997808535133	29
heldout_common	EP300	1.58968229653061	0.11195087830043	0.450185446782579	23
heldout_common	EPAS1	-2.64420093049323	0.00820638039516856	0.155100589468686	33
heldout_common	ESR1	-1.29666417804186	0.194788822113939	0.622239512742934	252
heldout_common	ESR2	-1.27996020299246	0.200600875267863	0.622239512742934	65
heldout_common	ETS1	0.15940547828789	0.873353948925399	0.969818316248976	72
heldout_common	ETS2	0.121736383739314	0.903111236295342	0.969818316248976	34
heldout_common	EWSR1	-1.48680157911461	0.137111547420411	0.518281649249152	24
heldout_common	EZH2	0.703154566583563	0.481982442824897	0.799076155209698	52
heldout_common	FLI1	0.122468324018221	0.902531590702309	0.969818316248976	26
heldout_common	FOS	-1.74731296886796	0.0806262179866487	0.392067547910824	100
heldout_common	FOXA2	-5.57645746746688	2.54474380721745e-08	4.80956579564098e-06	34
heldout_common	FOXM1	-0.157994372564347	0.874465717920965	0.969818316248976	24
heldout_common	FOXN1	0.0191694792133404	0.984706442849347	0.996543721893864	20
heldout_common	FOXO1	-2.30343270691536	0.0212832099664067	0.220710270496676	101
heldout_common	FOXO3	-2.97844245452127	0.00290695179589125	0.0686767361779308	88
heldout_common	GATA1	-1.16263480294323	0.245016708788816	0.681002322957151	39
heldout_common	GATA2	-0.653846940024501	0.513231558127337	0.824185423951373	22
heldout_common	GATA3	1.46089345726456	0.144088851971245	0.523707558126254	59
heldout_common	GATA4	-0.788313397815252	0.430539683400531	0.762997808535133	43
heldout_common	GATA6	-2.07702871742798	0.037834714546344	0.287494565639658	25
heldout_common	GLI1	-0.0659452011275642	0.947423306872351	0.987170106580279	62
heldout_common	GLI2	1.02242831498923	0.306612995831293	0.708459670059811	49
heldout_common	HBP1	-0.332521172847724	0.73950555360002	0.96390723883037	20
heldout_common	HDAC1	1.69216869839529	0.090657610929665	0.401161347035655	29
heldout_common	HES1	-1.01824947431075	0.308594044971312	0.708459670059811	29
heldout_common	HIF1A	-1.52588462704545	0.127083060344217	0.49017751847055	182
heldout_common	HMGA1	-1.3054319559147	0.191788025483178	0.622239512742934	21
heldout_common	HNF1A	-3.21523873218987	0.00130918604686564	0.0412393604762676	35
heldout_common	HNF4A	-0.431415712298881	0.666179201863769	0.914886087271774	92
heldout_common	HOXA9	1.12063939958334	0.262479221079403	0.688137079688565	22
heldout_common	HR	0.0488320702579463	0.961054495295086	0.987170106580279	29
heldout_common	HSF1	-0.796969556337617	0.425495313091817	0.762997808535133	36
heldout_common	ID1	0.560265442311128	0.575316039741652	0.861525552471584	27
heldout_common	IRF1	-0.997368859284704	0.318619428333777	0.708459670059811	51
heldout_common	IRF2	-1.75345460618838	0.0795670741042225	0.392067547910824	24
heldout_common	IRF3	-0.0402100193155015	0.96792681834033	0.988854965763904	25
heldout_common	IRF8	1.6416641027798	0.100703843062353	0.422956140861883	20
heldout_common	JUN	-1.95466462362551	0.0506617861730833	0.341967056668312	213
heldout_common	JUNB	-0.0509956736616838	0.959330399893894	0.987170106580279	28
heldout_common	KAT5	1.68896736833007	0.0912695128176358	0.401161347035655	30
heldout_common	KAT7	-0.71062938017043	0.477337230706894	0.799076155209698	31
heldout_common	KLF4	-0.727881618576066	0.466710015113114	0.799076155209698	36
heldout_common	KLF5	-0.424983689229433	0.670861420252851	0.914886087271774	23
heldout_common	KLF6	-0.525479734542211	0.599266117305546	0.871240739774987	24
heldout_common	KMT2A	-0.0892557416408938	0.928881179561702	0.980773982889171	38
heldout_common	LEF1	1.24614453958661	0.212752375578493	0.645773992117472	26
heldout_common	MAX	-0.959835636595267	0.337170568406064	0.72415042532666	21
heldout_common	MBD2	0.205282105335147	0.837357598380601	0.969818316248976	36
heldout_common	MEF2A	-2.05311545443629	0.040097875210214	0.291480708258864	36
heldout_common	MEF2C	-0.563373372324461	0.573198423736067	0.861525552471584	21
heldout_common	MITF	0.309204735755876	0.757174848170845	0.966932745299255	31
heldout_common	MTA1	0.704320315799219	0.481256375060281	0.799076155209698	22
heldout_common	MYB	-1.65592144241852	0.0977818389849022	0.420017444730602	69
heldout_common	MYC	-0.540418879854206	0.588925110845418	0.862843767052589	457
heldout_common	MYCN	1.90435271398468	0.0569045675360767	0.346934298848984	46
heldout_common	MYOD1	1.04869177566715	0.294355630975893	0.708459670059811	57
heldout_common	NANOG	0.559016684768248	0.576167932116514	0.861525552471584	21
heldout_common	NCOA1	-1.38543724739466	0.165962249074176	0.570306637727622	28
heldout_common	NCOA2	0.210766298731091	0.833075674910552	0.969818316248976	25
heldout_common	NCOA3	0.150853041266094	0.880095921742779	0.969818316248976	33
heldout_common	NCOR1	2.32990557249228	0.0198389776022519	0.220710270496676	34
heldout_common	NCOR2	-0.48235075058405	0.629571643028836	0.892058402920772	30
heldout_common	NFATC1	-2.1434790659302	0.0321084628116588	0.275840885063796	34
heldout_common	NFATC2	-0.132199769023811	0.894830023019189	0.969818316248976	24
heldout_common	NFE2L2	-0.127564751021764	0.898497033791376	0.969818316248976	93
heldout_common	NFIA	-1.10748308292883	0.268122571369559	0.688137079688565	24
heldout_common	NFIC	-0.151881734538657	0.879284522327177	0.969818316248976	23
heldout_common	NFKB	-0.154789698347585	0.876991504642497	0.969818316248976	300
heldout_common	NFKB1	-0.93622963533325	0.349186752332951	0.72523402407613	131
heldout_common	NFKB2	-0.13964012747052	0.888948287590185	0.969818316248976	24
heldout_common	NFYA	-2.26805703424077	0.0233555841795425	0.220710270496676	33
heldout_common	NKX3-1	1.43021017679599	0.152700628980192	0.537784955188083	30
heldout_common	NR0B1	-1.8472909114921	0.0647464890987697	0.365316022806968	21
heldout_common	NR0B2	-0.0113625804512427	0.990934486224286	0.996543721893864	46
heldout_common	NR1H3	-1.31164496669588	0.189682286465851	0.622239512742934	38
heldout_common	NR1H4	-2.49673840007801	0.0125565813121269	0.197766155665999	41
heldout_common	NR1I2	0.70505925352862	0.480796448393042	0.799076155209698	94
heldout_common	NR1I3	-1.05431629280171	0.291773942528606	0.708459670059811	21
heldout_common	NR2C2	-0.225172608224314	0.821851466274668	0.969818316248976	20
heldout_common	NR2F2	0.0622304301531743	0.950381078164672	0.987170106580279	20
heldout_common	NR3C1	-3.13733652917321	0.00171186426576383	0.0462203351756234	84
heldout_common	NR3C2	-0.0586853136691579	0.953204405690829	0.987170106580279	20
heldout_common	NR4A1	-1.88804481911074	0.0590605968586741	0.348826650196544	31
heldout_common	NR5A1	-1.46952794480961	0.141733874178118	0.523707558126254	35
heldout_common	NRF1	-0.863723144403872	0.387769119682681	0.740286501212391	45
heldout_common	NRG1	1.03185874776968	0.302173376044867	0.708459670059811	20
heldout_common	PAX3	-0.637411343537892	0.523877457154345	0.832040667245136	28
heldout_common	PAX5	0.149056267285743	0.881513459553756	0.969818316248976	24
heldout_common	PAX6	0.877612551484862	0.380183656415459	0.733211337372672	35
heldout_common	PDX1	-0.941296977262885	0.346584657418216	0.72523402407613	33
heldout_common	PGR	-1.11966061189759	0.262896221561756	0.688137079688565	39
heldout_common	PITX2	0.560921960250551	0.574868407395728	0.861525552471584	32
heldout_common	POU5F1	0.227847012625304	0.819771725916158	0.969818316248976	30
heldout_common	PPARA	-4.91684302285157	8.99222471079503e-07	8.4976523517013e-05	97
heldout_common	PPARD	-4.7407263960888	2.17096107157255e-06	0.000136770547509071	39
heldout_common	PPARG	-2.11119158523492	0.0347906425071929	0.285888323211281	121
heldout_common	RARA	1.18380685684291	0.236529086396004	0.667223840729026	53
heldout_common	RBPJ	0.14668573926829	0.883384232258975	0.969818316248976	46
heldout_common	REL	-0.317832149201152	0.750621592530315	0.966932745299255	33
heldout_common	RELA	-0.00433196801584967	0.996543721893864	0.996543721893864	174
heldout_common	RUNX1	-0.184285957309338	0.853794383116676	0.969818316248976	54
heldout_common	RUNX2	-1.80433855267992	0.0712205322663801	0.384590874238452	30
heldout_common	RUNX3	-0.845351298253883	0.39794316176667	0.744665916573274	23
heldout_common	RXRA	-1.92192003320979	0.0546557240677841	0.346934298848984	32
heldout_common	SIRT1	-0.229560845211482	0.818439635830942	0.969818316248976	24
heldout_common	SMAD1	-0.903324078295724	0.366384511051197	0.733211337372672	21
heldout_common	SMAD2	0.164702532154027	0.869182803912735	0.969818316248976	24
heldout_common	SMAD3	0.548352577805983	0.583467040827316	0.861525552471584	44
heldout_common	SMAD4	-0.375368985029733	0.707397260266902	0.941607550368555	50
heldout_common	SMAD7	-1.1044638574193	0.269429332788116	0.688137079688565	21
heldout_common	SMARCA1	1.04869168556808	0.294355672454235	0.708459670059811	24
heldout_common	SNAI1	0.898302402200795	0.369054757900403	0.733211337372672	42
heldout_common	SNAI2	3.24945870130994	0.00116162265221561	0.0412393604762676	23
heldout_common	SOX2	1.00558453831872	0.314649670946339	0.708459670059811	27
heldout_common	SOX9	0.272125338654286	0.785533545330834	0.969818316248976	26
heldout_common	SP1	-3.696872885908	0.000219913532785934	0.0103909144241354	481
heldout_common	SP3	-0.813545757045992	0.415932454449615	0.762997808535133	147
heldout_common	SP4	-1.840624544739	0.065718226325063	0.365316022806968	20
heldout_common	SPI1	0.563207624483741	0.573311264114905	0.861525552471584	99
heldout_common	SREBF1	-1.70384360098126	0.0884539882565088	0.401161347035655	52
heldout_common	SREBF2	-2.01585371222651	0.0438528041947951	0.306969629363566	34
heldout_common	SRF	-0.673134495625611	0.500883598628041	0.816094828799136	31
heldout_common	SSRP1	-0.241457805540313	0.809207275398675	0.969818316248976	44
heldout_common	STAT1	-0.238889464289855	0.811198177550898	0.969818316248976	120
heldout_common	STAT3	-1.20686698729759	0.227523506999361	0.667223840729026	149
heldout_common	STAT5A	-0.746372074092534	0.455467350657608	0.789755314443009	71
heldout_common	STAT5B	-0.6734815253669	0.500662880267501	0.816094828799136	37
heldout_common	STAT6	-1.00326422469367	0.315767520223189	0.708459670059811	28
heldout_common	TAF1	-1.54303220303715	0.122867447698346	0.483790575312238	20
heldout_common	TAL1	1.74571980093151	0.0809028273466779	0.392067547910824	31
heldout_common	TBP	-1.00920910029018	0.312908691872698	0.708459670059811	69
heldout_common	TCF12	1.18686152980091	0.23532188083166	0.667223840729026	20
heldout_common	TCF3	-2.29898528689223	0.0215346207222207	0.220710270496676	38
heldout_common	TCF4	-0.851577294540717	0.394477414381545	0.744665916573274	22
heldout_common	TCF7L2	0.894196908917745	0.37124680039894	0.733211337372672	42
heldout_common	TFAP2A	-0.452883261765706	0.650646617465944	0.910905264452322	109
heldout_common	TFCP2	0.0981092613596706	0.921848297899101	0.978816451140057	20
heldout_common	THRA	0.478281321887246	0.632464687785097	0.892058402920772	30
heldout_common	TP53	-0.916200211270213	0.359592955086034	0.733211337372672	443
heldout_common	TP63	-0.00946750703080642	0.992446400664027	0.996543721893864	90
heldout_common	TP73	0.177603732200572	0.859039250465744	0.969818316248976	57
heldout_common	TWIST1	0.310500706504385	0.756189319751135	0.966932745299255	26
heldout_common	USF1	-0.881618795440398	0.378012777165553	0.733211337372672	68
heldout_common	USF2	-1.60614126499905	0.108287264054528	0.444919411006647	42
heldout_common	VDR	-1.12587071283056	0.260258232405232	0.688137079688565	44
heldout_common	WT1	0.114210008861352	0.909074541343511	0.970706713637986	59
heldout_common	XBP1	-1.28403619142559	0.19917111477667	0.622239512742934	24
heldout_common	YBX1	-0.3919094586832	0.695136854905502	0.938434754122428	37
heldout_common	YY1	-0.226616008054113	0.820728855381351	0.969818316248976	99
heldout_common	ZBTB17	0.886005451878409	0.375644541497746	0.733211337372672	23
heldout_common	ZEB1	1.10740029588226	0.268158344541165	0.688137079688565	22
heldout_common	ZNF699	-0.560534388705972	0.575132644623488	0.861525552471584	20
discovery_ABS	AHR	-1.48114105414296	0.138607323385951	0.517191170887769	63
discovery_ABS	AP1	-1.4867080165973	0.13713030292358	0.517191170887769	205
discovery_ABS	AR	-2.53756024521194	0.0111811337368731	0.162877363727238	262
discovery_ABS	ASCL1	0.197285918152803	0.84360867692191	0.963439454893772	21
discovery_ABS	ATF1	-1.13992716630134	0.254349864271969	0.719500434092267	43
discovery_ABS	ATF2	0.0820319392990328	0.934623312659398	0.988733083392311	46
discovery_ABS	ATF3	0.687540159066198	0.491761803793053	0.817687964618293	40
discovery_ABS	ATF4	1.10105713189918	0.270904036998485	0.733380676476691	53
discovery_ABS	ATF6	-2.81712343685267	0.00485714963875867	0.132087261872428	30
discovery_ABS	BCL6	0.360346404009467	0.718597361180256	0.918064342114616	31
discovery_ABS	BMAL1	0.721794161050192	0.470441573168076	0.817687964618293	27
discovery_ABS	BRCA1	2.23820999112963	0.0252340362349678	0.252460681711887	26
discovery_ABS	CDX1	-1.78274505838169	0.0746647114172528	0.433176866087149	22
discovery_ABS	CDX2	-1.62654122914122	0.103872905579561	0.453879435249821	35
discovery_ABS	CEBPA	0.80770533549306	0.419283606347029	0.817687964618293	70
discovery_ABS	CEBPB	-0.785099717970704	0.432417734491592	0.817687964618293	168
discovery_ABS	CEBPD	0.00534238885653102	0.995737540347152	0.998729286079061	25
discovery_ABS	CEBPG	-1.41841820398758	0.156106619230355	0.560311258308951	67
discovery_ABS	CLOCK	0.34000130326269	0.733864234895776	0.918064342114616	25
discovery_ABS	CREB1	-2.12141800645649	0.0339164863504773	0.296400598106345	167
discovery_ABS	CREBBP	-0.910918172388298	0.362365204142667	0.800389077282156	20
discovery_ABS	CREM	-0.395280247588163	0.692646333553688	0.918064342114616	25
discovery_ABS	CTCF	-0.635707401771605	0.524984850594826	0.824662173881995	66
discovery_ABS	CTNNB1	0.540187796504508	0.589082164004783	0.852982909483213	125
discovery_ABS	CUX1	1.47086213452566	0.141366686922338	0.517191170887769	49
discovery_ABS	DDIT3	-0.718006309747485	0.472773804190622	0.817687964618293	52
discovery_ABS	DNMT1	1.00751591149889	0.3137165752334	0.763301059116185	76
discovery_ABS	DNMT3A	1.8301900614765	0.0672577191960344	0.422462548700091	25
discovery_ABS	DNMT3B	-0.0283075965028125	0.977417509172287	0.992226865371867	35
discovery_ABS	E2F1	0.0352130898075146	0.971910679668862	0.992226865371867	147
discovery_ABS	E2F2	0.822487969402945	0.410823091601291	0.817687964618293	24
discovery_ABS	E2F3	0.60413808994769	0.545768512198152	0.850383495750609	32
discovery_ABS	E2F4	-5.07071143356655	4.04987671583968e-07	4.07012609941888e-05	81
discovery_ABS	E2F6	0.735666395788695	0.461954737858249	0.817687964618293	27
discovery_ABS	EGR1	-0.635441804502057	0.525158001278087	0.824662173881995	135
discovery_ABS	EGR2	-0.290075287886973	0.771765958595363	0.928891962141724	25
discovery_ABS	ELF1	0.00159265283846624	0.998729286079061	0.998729286079061	34
discovery_ABS	ELK1	-0.105200746822152	0.916219085276797	0.987904469088926	33
discovery_ABS	EP300	1.08648086217947	0.277298166229992	0.733380676476691	23
discovery_ABS	EPAS1	-1.65172808660263	0.0986281951769817	0.453879435249821	42
discovery_ABS	ESR1	-0.448418732671582	0.653862845615198	0.906389185990723	277
discovery_ABS	ESR2	0.539340829677067	0.589666310523376	0.852982909483213	80
discovery_ABS	ETS1	-0.799129690299487	0.424238307888694	0.817687964618293	82
discovery_ABS	ETS2	0.660651836100603	0.508854133881892	0.818237447282083	38
discovery_ABS	ETV4	1.24467132334464	0.213288080749846	0.660007099739469	22
discovery_ABS	EWSR1	-1.02019209056763	0.307667395832369	0.763301059116185	24
discovery_ABS	EZH2	-0.382695110333075	0.701955736399378	0.918064342114616	58
discovery_ABS	FLI1	1.05132203017837	0.293141621323086	0.755403408794108	29
discovery_ABS	FOS	-2.00103316619533	0.045421639167761	0.338138869359998	112
discovery_ABS	FOXA1	-2.22396302359699	0.02617800053556	0.252460681711887	22
discovery_ABS	FOXA2	-3.56936495831334	0.000359888963332399	0.018084420407453	37
discovery_ABS	FOXM1	-0.384221159476376	0.700824476546668	0.918064342114616	27
discovery_ABS	FOXN1	-0.22012152959177	0.825781974750496	0.960473191766198	24
discovery_ABS	FOXO1	-1.79624316671584	0.0724925624772312	0.433176866087149	117
discovery_ABS	FOXO3	-0.959359753954926	0.33740576266779	0.797865391720304	98
discovery_ABS	GABPA	-2.1346480570439	0.0328192653762825	0.296400598106345	20
discovery_ABS	GATA1	-0.774808869852349	0.438474896469538	0.817687964618293	42
discovery_ABS	GATA2	-0.94333505415834	0.345537278880904	0.800389077282156	22
discovery_ABS	GATA3	1.90219675259963	0.0571803594866006	0.392556556228365	65
discovery_ABS	GATA4	-0.765406507564768	0.444051497134142	0.817687964618293	45
discovery_ABS	GATA6	-1.26510198758486	0.205870636762207	0.656825364907993	26
discovery_ABS	GLI1	-0.667542653038085	0.504444316480937	0.817687964618293	66
discovery_ABS	GLI2	0.898165890060652	0.369123425261338	0.806454439973141	55
discovery_ABS	HBP1	0.325969271905461	0.744455902673563	0.918064342114616	20
discovery_ABS	HDAC1	0.0612363831374705	0.951172443469682	0.990599280504695	31
discovery_ABS	HES1	-1.16805604013654	0.24281804186033	0.706949180630173	34
discovery_ABS	HIF1A	-1.89151669217586	0.0585905307803529	0.392556556228365	202
discovery_ABS	HMGA1	0.398017701920369	0.690627474843307	0.918064342114616	26
discovery_ABS	HNF1A	-2.79986073488326	0.00512439436106318	0.132087261872428	39
discovery_ABS	HNF4A	0.1626268496688	0.870816243414523	0.983337443406287	97
discovery_ABS	HOXA9	0.670085652047421	0.50282201652663	0.817687964618293	22
discovery_ABS	HR	1.17064405384938	0.241775821988695	0.706949180630173	32
discovery_ABS	HSF1	-2.57979660781132	0.00990305399341019	0.162877363727238	38
discovery_ABS	ID1	0.206537137471191	0.83637647453241	0.96304035732107	27
discovery_ABS	IRF1	-0.0471835932669705	0.962368050011831	0.992226865371867	55
discovery_ABS	IRF2	0.249079203914349	0.803305739351151	0.952723391434414	24
discovery_ABS	IRF3	0.776650939508511	0.437387089308041	0.817687964618293	28
discovery_ABS	IRF8	1.64564117630708	0.0998758932876455	0.453879435249821	22
discovery_ABS	JUN	-1.74001317913797	0.0818941338871226	0.433176866087149	240
discovery_ABS	JUNB	0.752529424305903	0.451754293335812	0.817687964618293	31
discovery_ABS	JUND	0.572626385646074	0.566913353806012	0.852982909483213	26
discovery_ABS	KAT5	0.642937396148165	0.520282658266456	0.824662173881995	31
discovery_ABS	KAT7	0.539040146927102	0.589873753324212	0.852982909483213	30
discovery_ABS	KLF4	-1.52448089189836	0.127427101732412	0.51711531274669	40
discovery_ABS	KLF5	1.76145030055772	0.0781993935681286	0.433176866087149	26
discovery_ABS	KLF6	-0.0410803396069159	0.967232845916868	0.992226865371867	25
discovery_ABS	KMT2A	-0.467199457375352	0.640369567039462	0.900099880943579	40
discovery_ABS	LEF1	-0.0293739839973661	0.976567034800288	0.992226865371867	29
discovery_ABS	MAX	-1.74095471096835	0.0817289368236045	0.433176866087149	23
discovery_ABS	MBD2	0.203859972288949	0.838467972791976	0.96304035732107	41
discovery_ABS	MEF2A	-2.37777411007217	0.0174402267815054	0.217295601285259	37
discovery_ABS	MEF2C	-0.00910887865348491	0.992732487932827	0.998729286079061	22
discovery_ABS	MITF	0.176934300934651	0.859564355101123	0.976115454097885	35
discovery_ABS	MTA1	0.753523683519088	0.451156869411541	0.817687964618293	26
discovery_ABS	MYB	-1.39261576671056	0.163773683380385	0.56756052343892	75
discovery_ABS	MYBL2	-0.342674256176456	0.731852295010704	0.918064342114616	21
discovery_ABS	MYC	-8.74943850060434	2.57156859305484e-18	5.16885287204022e-16	509
discovery_ABS	MYCN	0.576677182349627	0.564173341963214	0.852982909483213	54
discovery_ABS	MYOD1	0.448584438750122	0.653743287090911	0.906389185990723	59
discovery_ABS	NANOG	0.917600222252646	0.358855126369754	0.800389077282156	24
discovery_ABS	NCOA1	0.314765799849656	0.752947470659371	0.918064342114616	31
discovery_ABS	NCOA2	1.47029567109131	0.141519972133469	0.517191170887769	27
discovery_ABS	NCOA3	0.571106533725951	0.56794304485946	0.852982909483213	36
discovery_ABS	NCOR1	2.22102395141081	0.0263764891340778	0.252460681711887	38
discovery_ABS	NCOR2	-0.548830707904322	0.583136542848559	0.852982909483213	31
discovery_ABS	NFATC1	-0.105121853880249	0.91628168368682	0.987904469088926	36
discovery_ABS	NFATC2	0.914356413134953	0.360556419599581	0.800389077282156	24
discovery_ABS	NFE2L2	-2.34517429888689	0.0190418431034557	0.217295601285259	100
discovery_ABS	NFIA	-1.29885002821519	0.194031839204573	0.633954872509424	29
discovery_ABS	NFIC	-0.390387391960876	0.696260226695488	0.918064342114616	24
discovery_ABS	NFKB	-1.13184768133726	0.25773149877932	0.719500434092267	336
discovery_ABS	NFKB1	0.69638291332878	0.486208753436468	0.817687964618293	142
discovery_ABS	NFKB2	-1.35226009513659	0.176329330380442	0.590703256774482	26
discovery_ABS	NFYA	-2.75321043368412	0.00591435500921319	0.132087261872428	39
discovery_ABS	NKX2-1	-0.856302770144477	0.391855293455118	0.817687964618293	21
discovery_ABS	NKX3-1	-0.31454625932604	0.753114172216084	0.918064342114616	31
discovery_ABS	NOTCH1	0.672017835536058	0.501591231250109	0.817687964618293	22
discovery_ABS	NR0B1	-2.04147940332876	0.0412350658175926	0.330159063282834	21
discovery_ABS	NR0B2	0.334714117893033	0.737849291808164	0.918064342114616	50
discovery_ABS	NR1H3	-0.808102600182865	0.419054908919477	0.817687964618293	41
discovery_ABS	NR1H4	-1.76047918478614	0.078363781554278	0.433176866087149	45
discovery_ABS	NR1I2	0.556287286344609	0.57802962115344	0.852982909483213	104
discovery_ABS	NR1I3	-0.997761676565068	0.318424311190461	0.763301059116185	24
discovery_ABS	NR2C2	0.931762453735876	0.351486670847339	0.800389077282156	21
discovery_ABS	NR2F2	0.24516288087493	0.806336436990253	0.952723391434414	22
discovery_ABS	NR3C1	-0.743727480171058	0.457062620870651	0.817687964618293	97
discovery_ABS	NR3C2	1.58174129947924	0.113747118336911	0.476316058035813	21
discovery_ABS	NR4A1	-0.859815604291921	0.389915774132322	0.817687964618293	33
discovery_ABS	NR5A1	-2.56884895632749	0.0102211807222374	0.162877363727238	36
discovery_ABS	NRF1	-1.51965707745735	0.128635649936988	0.51711531274669	49
discovery_ABS	NRG1	1.23539525432264	0.216718749168184	0.660007099739469	22
discovery_ABS	PAX3	0.360552627130097	0.718443173956298	0.918064342114616	30
discovery_ABS	PAX5	1.29444457354544	0.19554826913226	0.633954872509424	28
discovery_ABS	PAX6	1.03321307827412	0.301534594191249	0.763301059116185	38
discovery_ABS	PDX1	-1.38149560173364	0.167164181757444	0.569491534461801	36
discovery_ABS	PGR	0.737026262533188	0.46112741651333	0.817687964618293	41
discovery_ABS	PITX2	0.668407828594804	0.503892070201049	0.817687964618293	37
discovery_ABS	POU2F1	-1.15970847377327	0.246201207184637	0.706949180630173	23
discovery_ABS	POU5F1	-0.0701553467659077	0.94407172161318	0.990599280504695	31
discovery_ABS	PPARA	-2.98606733149442	0.00283423418062661	0.11393621406119	103
discovery_ABS	PPARD	-2.02687767029201	0.0427071425141975	0.330159063282834	45
discovery_ABS	PPARG	-2.75499915866272	0.00588214817879485	0.132087261872428	128
discovery_ABS	PRDM1	-0.72967884069392	0.465607312240398	0.817687964618293	20
discovery_ABS	RARA	-0.334213188792732	0.738227219695472	0.918064342114616	61
discovery_ABS	RBPJ	0.303530912314915	0.761492976218054	0.922048724215836	52
discovery_ABS	REL	-0.558655594392386	0.576412009628434	0.852982909483213	37
discovery_ABS	RELA	0.339656837808848	0.734123648447647	0.918064342114616	191
discovery_ABS	RUNX1	0.484112846753087	0.628318683348734	0.889380671500673	62
discovery_ABS	RUNX2	-0.363229388089652	0.716442877413773	0.918064342114616	38
discovery_ABS	RUNX3	1.05446080213809	0.291702993616236	0.755403408794108	27
discovery_ABS	RXRA	-2.59560167201032	0.00945933757702612	0.162877363727238	32
discovery_ABS	SIRT1	0.313860565229341	0.753634907706028	0.918064342114616	28
discovery_ABS	SMAD1	0.496450497359987	0.619589881634605	0.883245150415289	23
discovery_ABS	SMAD2	0.33737065850444	0.735846115653179	0.918064342114616	28
discovery_ABS	SMAD3	1.66992467359067	0.0949723474489775	0.453879435249821	47
discovery_ABS	SMAD4	-0.102517701637675	0.918348263987882	0.987904469088926	51
discovery_ABS	SMAD7	-0.699216466610549	0.484436547706354	0.817687964618293	22
discovery_ABS	SMARCA1	0.127276027660733	0.89872504673736	0.987904469088926	26
discovery_ABS	SNAI1	1.90575254498127	0.0567171718578826	0.392556556228365	44
discovery_ABS	SNAI2	2.33707236396087	0.0194593075777844	0.217295601285259	24
discovery_ABS	SOX2	1.47523154354947	0.140188608524656	0.517191170887769	30
discovery_ABS	SOX9	0.790946750468111	0.428997888214693	0.817687964618293	27
discovery_ABS	SP1	-3.60466039088552	0.000314411380812588	0.018084420407453	536
discovery_ABS	SP3	0.698400427322304	0.484946568573491	0.817687964618293	167
discovery_ABS	SP4	0.218973752541199	0.826675931221653	0.960473191766198	22
discovery_ABS	SPI1	2.09508768066628	0.0361937267625304	0.303122461636192	112
discovery_ABS	SREBF1	-1.695420719873	0.0900335143552602	0.452418409635182	56
discovery_ABS	SREBF2	-1.40024421693789	0.161477946407876	0.56756052343892	37
discovery_ABS	SRF	-1.00850340333982	0.313242543474127	0.763301059116185	34
discovery_ABS	SSRP1	0.996592910905314	0.318991487391839	0.763301059116185	48
discovery_ABS	STAT1	0.920522101753117	0.357327005399613	0.800389077282156	131
discovery_ABS	STAT3	-0.412122622485688	0.680260296033146	0.918064342114616	169
discovery_ABS	STAT5A	-0.0944424009700762	0.924760037389413	0.987904469088926	79
discovery_ABS	STAT5B	-0.0911391763561562	0.927384224929465	0.987904469088926	40
discovery_ABS	STAT6	-0.0623337363963262	0.950298578661005	0.990599280504695	31
discovery_ABS	TAF1	-0.732858628571581	0.463665558198893	0.817687964618293	24
discovery_ABS	TAL1	1.86028158754041	0.0628813897165007	0.407714817194085	39
discovery_ABS	TBP	-1.24166068746273	0.214397212523047	0.660007099739469	76
discovery_ABS	TCF12	-0.0931253878114262	0.925806218326135	0.987904469088926	22
discovery_ABS	TCF3	-1.67967508512045	0.0930585562307036	0.453879435249821	41
discovery_ABS	TCF4	-1.71443096951221	0.0864873048091996	0.445742263247413	23
discovery_ABS	TCF7L2	0.437932204548011	0.661446937820307	0.910622154122478	44
discovery_ABS	TFAP2A	-1.09259655809658	0.274602998506076	0.733380676476691	117
discovery_ABS	TFCP2	-0.155649421696359	0.876313189176405	0.984016486170153	21
discovery_ABS	THRA	1.18266181763381	0.23697741286309	0.706949180630173	31
discovery_ABS	THRB	-0.128320400484556	0.897898560865038	0.987904469088926	21
discovery_ABS	TP53	-2.40597663865704	0.0161512361431583	0.216426564318321	485
discovery_ABS	TP63	-0.789350110974676	0.429930175653499	0.817687964618293	99
discovery_ABS	TP73	1.10019262941963	0.271280423215348	0.733380676476691	61
discovery_ABS	TTF1	-0.0892000515264842	0.928925097800035	0.987904469088926	21
discovery_ABS	TWIST1	-0.805671441018614	0.420455628744307	0.817687964618293	28
discovery_ABS	USF1	-0.726686923277791	0.467438461267742	0.817687964618293	78
discovery_ABS	USF2	-2.53246903876316	0.0113446920009022	0.162877363727238	45
discovery_ABS	VDR	-0.252460122388368	0.800691746770641	0.952723391434414	45
discovery_ABS	WT1	-0.805874713022763	0.420338407698483	0.817687964618293	64
discovery_ABS	XBP1	-1.62667064198853	0.103845402048053	0.453879435249821	26
discovery_ABS	YBX1	-0.517627348054091	0.604732228109306	0.868222698928361	39
discovery_ABS	YY1	-1.60447254077096	0.108648353759497	0.464645087354446	110
discovery_ABS	ZBTB17	0.121616876986927	0.903205419929888	0.987904469088926	27
discovery_ABS	ZEB1	0.565031318409831	0.572067883922933	0.852982909483213	24
discovery_ABS	ZNF699	0.239755390566322	0.8105258703248	0.952723391434414	23
discovery_GOB	AHR	-0.973078388793112	0.330542980674701	0.698874050096227	63
discovery_GOB	AP1	0.88861230599469	0.374237480227781	0.730711986879856	205
discovery_GOB	AR	-1.90296779096882	0.0570796555325792	0.347666992789346	262
discovery_GOB	ASCL1	0.809775331569705	0.418092755986725	0.757086882462448	21
discovery_GOB	ATF1	-0.292082729804198	0.770230742915512	0.949793738196429	43
discovery_GOB	ATF2	1.77882737830342	0.0753050183942977	0.395317688948038	46
discovery_GOB	ATF3	-0.0826011460790503	0.934170701415031	0.976863303313642	40
discovery_GOB	ATF4	1.92856305386174	0.0538195284635457	0.347666992789346	53
discovery_GOB	ATF6	-1.1424199198833	0.253312793577436	0.644504702646388	30
discovery_GOB	BCL6	0.888227371463435	0.374444450988185	0.730711986879856	31
discovery_GOB	BMAL1	0.107189476456228	0.914641280113606	0.976863303313642	27
discovery_GOB	BRCA1	0.647965052589088	0.517025653893359	0.795058627202415	26
discovery_GOB	CDX1	-1.56701625492531	0.117149389337934	0.480551576671933	22
discovery_GOB	CDX2	-2.13997615480729	0.0323860490645889	0.283025907042711	35
discovery_GOB	CEBPA	0.623141820743985	0.533208620028206	0.799520608251101	70
discovery_GOB	CEBPB	-0.679835309325568	0.496627893266291	0.795058627202415	168
discovery_GOB	CEBPD	0.662281339890916	0.507809502690995	0.795058627202415	25
discovery_GOB	CEBPG	-1.71705861853821	0.086006136085288	0.395317688948038	67
discovery_GOB	CLOCK	0.310993923474431	0.755813127871886	0.94841157769002	25
discovery_GOB	CREB1	-0.6713160739355	0.502038063150529	0.795058627202415	167
discovery_GOB	CREBBP	-0.841267317077503	0.400222670707777	0.751820157123956	20
discovery_GOB	CREM	0.409824985320029	0.681945017387741	0.901782555887736	25
discovery_GOB	CTCF	0.485291684529636	0.627482388093936	0.875860833381119	66
discovery_GOB	CTNNB1	2.60052822556929	0.00932470049312042	0.156188733259767	125
discovery_GOB	CUX1	1.72783299693715	0.0840557328810945	0.395317688948038	49
discovery_GOB	DDIT3	-0.426539014308688	0.669726296792328	0.892993826198723	52
discovery_GOB	DNMT1	1.28714692316382	0.198079329637814	0.597065381921376	76
discovery_GOB	DNMT3A	2.32420202300634	0.0201389191764197	0.192758226402874	25
discovery_GOB	DNMT3B	1.51371976125234	0.130135382015627	0.48185438175189	35
discovery_GOB	E2F1	0.79069927557483	0.429142313266084	0.77015718720074	147
discovery_GOB	E2F2	1.52361421727809	0.127643583038831	0.48185438175189	24
discovery_GOB	E2F3	0.327372440897315	0.743394545617073	0.944217217217028	32
discovery_GOB	E2F4	-0.983078973641883	0.325597509150588	0.698874050096227	81
discovery_GOB	E2F6	0.187039021419274	0.8516346547226	0.976863303313642	27
discovery_GOB	EGR1	-0.925011456593472	0.354987105620376	0.713524082296956	135
discovery_GOB	EGR2	0.322716588130652	0.74691809720153	0.944217217217028	25
discovery_GOB	ELF1	-0.657889637349257	0.510627475019141	0.795058627202415	34
discovery_GOB	ELK1	-0.105509448175729	0.915974148034807	0.976863303313642	33
discovery_GOB	EP300	1.49770625858078	0.13424798695575	0.48185438175189	23
discovery_GOB	EPAS1	-1.24515550580094	0.213110093108141	0.620798966880237	42
discovery_GOB	ESR1	-0.687944326055022	0.491507255724423	0.795058627202415	277
discovery_GOB	ESR2	0.814063169245778	0.41563234791677	0.757086882462448	80
discovery_GOB	ETS1	-1.0663176158627	0.28631141037805	0.693356548023954	82
discovery_GOB	ETS2	0.701287838922276	0.483143256329029	0.795058627202415	38
discovery_GOB	ETV4	2.32493293136662	0.0200997762945712	0.192758226402874	22
discovery_GOB	EWSR1	-1.41338636713992	0.157580022731331	0.527893076149959	24
discovery_GOB	EZH2	-0.0735859396656722	0.9413416500094	0.976863303313642	58
discovery_GOB	FLI1	0.996694914515059	0.318941960961504	0.698874050096227	29
discovery_GOB	FOS	-1.62063167333227	0.10513501665509	0.449619964844109	112
discovery_GOB	FOXA1	-2.40989419646488	0.0159789773357019	0.192758226402874	22
discovery_GOB	FOXA2	-4.75942674183407	1.97458974718987e-06	0.000396892539185164	37
discovery_GOB	FOXM1	-0.862998390524601	0.388163532837016	0.744617476100513	27
discovery_GOB	FOXN1	-0.168446170821362	0.866236432740452	0.976863303313642	24
discovery_GOB	FOXO1	-1.53778525929278	0.124139623424147	0.48185438175189	117
discovery_GOB	FOXO3	-3.44835806722104	0.00056683401507408	0.0284834092574725	98
discovery_GOB	GABPA	-0.16753966869545	0.866949559415119	0.976863303313642	20
discovery_GOB	GATA1	0.496793298220233	0.619348108913855	0.870552237004789	42
discovery_GOB	GATA2	0.069516066180416	0.944580535784	0.976863303313642	22
discovery_GOB	GATA3	-0.0589218663330914	0.953015773951152	0.976863303313642	65
discovery_GOB	GATA4	-0.754382523502981	0.450641175473211	0.794551546229082	45
discovery_GOB	GATA6	-1.21819473531322	0.223184947667645	0.623543631385561	26
discovery_GOB	GLI1	-0.434418701684432	0.663995823651047	0.892993826198723	66
discovery_GOB	GLI2	1.50916022060235	0.131296282006929	0.48185438175189	55
discovery_GOB	HBP1	-0.0438767611707593	0.965003705231409	0.976863303313642	20
discovery_GOB	HDAC1	1.01369308125488	0.310759066303465	0.698874050096227	31
discovery_GOB	HES1	-0.646192808732074	0.518172538126947	0.795058627202415	34
discovery_GOB	HIF1A	-1.71473743643106	0.0864310735639582	0.395317688948038	202
discovery_GOB	HMGA1	0.041192704271137	0.96714327044485	0.976863303313642	26
discovery_GOB	HNF1A	-1.08254857982553	0.27904059988869	0.692434081205269	39
discovery_GOB	HNF4A	-0.179028901258846	0.857919421218617	0.976863303313642	97
discovery_GOB	HOXA9	0.968791829142936	0.332677571211008	0.698874050096227	22
discovery_GOB	HR	1.05111985549856	0.293234449246167	0.698874050096227	32
discovery_GOB	HSF1	-2.00725131499484	0.0447555897812514	0.340427667945238	38
discovery_GOB	ID1	1.81367920211253	0.0697635820955362	0.395317688948038	27
discovery_GOB	IRF1	-0.0828634091058622	0.933962167139943	0.976863303313642	55
discovery_GOB	IRF2	-1.3676004743002	0.171474561921588	0.565022736823594	24
discovery_GOB	IRF3	0.0760303817919081	0.939396777474559	0.976863303313642	28
discovery_GOB	IRF8	1.00047808272313	0.31710865270741	0.698874050096227	22
discovery_GOB	JUN	-1.84348810494821	0.0652937555904524	0.386001319814145	240
discovery_GOB	JUNB	0.2448959623781	0.80654310182644	0.964971211113777	31
discovery_GOB	JUND	0.71549668867801	0.474322511045778	0.795058627202415	26
discovery_GOB	KAT5	1.4172681623355	0.156442445073983	0.527893076149959	31
discovery_GOB	KAT7	-0.823678144617965	0.410146360559642	0.757086882462448	30
discovery_GOB	KLF4	-1.45287588320782	0.14629639419982	0.5069926764511	40
discovery_GOB	KLF5	0.95986709747063	0.337150343150267	0.698874050096227	26
discovery_GOB	KLF6	-0.183237512543636	0.854616181678312	0.976863303313642	25
discovery_GOB	KMT2A	-0.0911974142600492	0.92733795194464	0.976863303313642	40
discovery_GOB	LEF1	0.556489983544639	0.577891090531939	0.829613613296292	29
discovery_GOB	MAX	-1.1924761417543	0.233109026325565	0.634909280175254	23
discovery_GOB	MBD2	-0.382476615256071	0.702117760887946	0.912562734515745	41
discovery_GOB	MEF2A	-2.93187220301153	0.0033785438791031	0.0939439064147058	37
discovery_GOB	MEF2C	-0.172349382968186	0.863167106679946	0.976863303313642	22
discovery_GOB	MITF	-0.465216274076193	0.64178891092157	0.877548102688677	35
discovery_GOB	MTA1	0.582956669991833	0.559938463271996	0.81347142677969	26
discovery_GOB	MYB	-1.18774090505621	0.234969825466281	0.634909280175254	75
discovery_GOB	MYBL2	0.0276063866251061	0.977976758056458	0.982866641846741	21
discovery_GOB	MYC	0.726091709390055	0.467803226770853	0.795058627202415	509
discovery_GOB	MYCN	2.41420584046648	0.0157912596502896	0.192758226402874	54
discovery_GOB	MYOD1	1.26229624735702	0.206878022419511	0.611507095681202	59
discovery_GOB	NANOG	2.08840599868076	0.0367919255479681	0.295807081405664	24
discovery_GOB	NCOA1	-0.906555075591314	0.364668703791002	0.72572682635635	31
discovery_GOB	NCOA2	-0.549686718005258	0.58254920380867	0.829613613296292	27
discovery_GOB	NCOA3	0.9571248472268	0.338532395445957	0.698874050096227	36
discovery_GOB	NCOR1	2.12116107436845	0.0339381015640952	0.284231600599297	38
discovery_GOB	NCOR2	-0.123264726036516	0.901900486315054	0.976863303313642	31
discovery_GOB	NFATC1	-0.263348747240121	0.792288391943468	0.96237961013115	36
discovery_GOB	NFATC2	-0.0581008512352058	0.953669708784622	0.976863303313642	24
discovery_GOB	NFE2L2	1.21773694100117	0.223358912735126	0.623543631385561	100
discovery_GOB	NFIA	-1.18284083539197	0.236906447826587	0.634909280175254	29
discovery_GOB	NFIC	0.35411226899508	0.723263831607698	0.925961975497753	24
discovery_GOB	NFKB	0.754953212305022	0.450298687786885	0.794551546229082	336
discovery_GOB	NFKB1	-0.152117114236428	0.879098299810488	0.976863303313642	142
discovery_GOB	NFKB2	0.617394802347869	0.536991453302978	0.799520608251101	26
discovery_GOB	NFYA	-3.1369391174617	0.00171324454559689	0.068872430732995	39
discovery_GOB	NKX2-1	0.671651013769518	0.50182477100034	0.795058627202415	21
discovery_GOB	NKX3-1	0.61769300273951	0.536794838808275	0.799520608251101	31
discovery_GOB	NOTCH1	1.23615433350042	0.216436527534494	0.621482029063334	22
discovery_GOB	NR0B1	-1.30904831059725	0.190554583620404	0.597065381921376	21
discovery_GOB	NR0B2	1.06727648844139	0.28587834936718	0.693356548023954	50
discovery_GOB	NR1H3	-1.35742887120433	0.174682250229211	0.566308585420505	41
discovery_GOB	NR1H4	-2.90020587534191	0.00373906095182909	0.0939439064147058	45
discovery_GOB	NR1I2	0.186341009686863	0.852181948351647	0.976863303313642	104
discovery_GOB	NR1I3	-0.621559121440441	0.534249046732931	0.799520608251101	24
discovery_GOB	NR2C2	-0.67103993760295	0.50221394487362	0.795058627202415	21
discovery_GOB	NR2F2	-0.424988671572759	0.670856058487598	0.892993826198723	22
discovery_GOB	NR3C1	-2.34055281905399	0.0192790018819655	0.192758226402874	97
discovery_GOB	NR3C2	0.81449326530817	0.415386026971405	0.757086882462448	21
discovery_GOB	NR4A1	-1.94010303421709	0.0524013305758706	0.347666992789346	33
discovery_GOB	NR5A1	-0.604992548284265	0.545200650346232	0.805774490585239	36
discovery_GOB	NRF1	-0.57908173670446	0.562549892151129	0.81347142677969	49
discovery_GOB	NRG1	2.34133842030457	0.019238506243345	0.192758226402874	22
discovery_GOB	PAX3	0.593278064419233	0.553011401230054	0.811352493775481	30
discovery_GOB	PAX5	-0.10310900248362	0.917878975723074	0.976863303313642	28
discovery_GOB	PAX6	0.656120499118668	0.511764962979126	0.795058627202415	38
discovery_GOB	PDX1	-0.401656101856089	0.687947578672987	0.903774270021375	36
discovery_GOB	PGR	-1.08335401402899	0.278683098771906	0.692434081205269	41
discovery_GOB	PITX2	0.544524757004847	0.586095189492903	0.829613613296292	37
discovery_GOB	POU2F1	0.0438352158557951	0.965036820723025	0.976863303313642	23
discovery_GOB	POU5F1	0.860063394366534	0.389779184121074	0.744617476100513	31
discovery_GOB	PPARA	-4.09320680294792	4.29519547450849e-05	0.00431667145188103	103
discovery_GOB	PPARD	-2.70694671211073	0.00680454702107853	0.144619840081777	45
discovery_GOB	PPARG	-1.95962134924339	0.0500738114092349	0.347666992789346	128
discovery_GOB	PRDM1	-1.29804587266615	0.194307996695478	0.597065381921376	20
discovery_GOB	RARA	2.52156810289395	0.0117020538212018	0.180931755235504	61
discovery_GOB	RBPJ	-0.139558817084088	0.889012000776925	0.976863303313642	52
discovery_GOB	REL	1.02040269888051	0.307567548279689	0.698874050096227	37
discovery_GOB	RELA	0.702166593592697	0.482595160112839	0.795058627202415	191
discovery_GOB	RUNX1	0.732800014412119	0.463701310378024	0.795058627202415	62
discovery_GOB	RUNX2	-1.50560143281723	0.13220794872439	0.48185438175189	38
discovery_GOB	RUNX3	-0.854805328785772	0.392683843117683	0.744617476100513	27
discovery_GOB	RXRA	-1.75606261703702	0.0791149593724966	0.395317688948038	32
discovery_GOB	SIRT1	-1.00839799359293	0.313293121465276	0.698874050096227	28
discovery_GOB	SMAD1	0.00959520491877463	0.992344484490745	0.992344484490745	23
discovery_GOB	SMAD2	-0.260089734707135	0.794801071053586	0.96237961013115	28
discovery_GOB	SMAD3	1.99818874729078	0.0457290897239872	0.340427667945238	47
discovery_GOB	SMAD4	-0.35710984332169	0.721018744124329	0.925961975497753	51
discovery_GOB	SMAD7	-1.02172229102017	0.30694242958351	0.698874050096227	22
discovery_GOB	SMARCA1	0.468628950729624	0.639347308396554	0.877548102688677	26
discovery_GOB	SNAI1	0.938453622065312	0.348038916740679	0.706624467321985	44
discovery_GOB	SNAI2	3.45226785194941	0.000558694945139328	0.0284834092574725	24
discovery_GOB	SOX2	1.7141591393939	0.0865372055408641	0.395317688948038	30
discovery_GOB	SOX9	-0.296482315979225	0.766869261289934	0.949793738196429	27
discovery_GOB	SP1	-1.75774295980089	0.0788284761878256	0.395317688948038	536
discovery_GOB	SP3	1.28444701237923	0.199021793973792	0.597065381921376	167
discovery_GOB	SP4	-0.26608785598493	0.790178221911922	0.96237961013115	22
discovery_GOB	SPI1	2.99113582090807	0.00278766230314642	0.093386687155405	112
discovery_GOB	SREBF1	-2.23927894467075	0.0251644139685711	0.229911236712854	56
discovery_GOB	SREBF2	-1.73114513261188	0.0834634102039315	0.395317688948038	37
discovery_GOB	SRF	-1.16250297629311	0.245064969573647	0.639715050445495	34
discovery_GOB	SSRP1	1.64693953026659	0.0996087050352846	0.444918882490938	48
discovery_GOB	STAT1	1.54976419655601	0.121236625576625	0.48185438175189	131
discovery_GOB	STAT3	0.164595510515828	0.869266412720067	0.976863303313642	169
discovery_GOB	STAT5A	-0.380320252630259	0.703717531591744	0.912562734515745	79
discovery_GOB	STAT5B	0.249736289113624	0.802797533733915	0.964971211113777	40
discovery_GOB	STAT6	-1.93955567297596	0.0524678849984027	0.347666992789346	31
discovery_GOB	TAF1	-1.62745091179163	0.103679697436771	0.449619964844109	24
discovery_GOB	TAL1	2.68835311665634	0.00719501691949139	0.144619840081777	39
discovery_GOB	TBP	-1.00109828197436	0.31680876739175	0.698874050096227	76
discovery_GOB	TCF12	2.32453645832788	0.0201210006625742	0.192758226402874	22
discovery_GOB	TCF3	-1.30926773121487	0.190480276523134	0.597065381921376	41
discovery_GOB	TCF4	-0.679458434034464	0.496866570230051	0.795058627202415	23
discovery_GOB	TCF7L2	1.91179491972862	0.0559372387858123	0.347666992789346	44
discovery_GOB	TFAP2A	-0.231167236753449	0.817190636180744	0.971924957824435	117
discovery_GOB	TFCP2	0.952750412889949	0.340744561738459	0.698874050096227	21
discovery_GOB	THRA	0.155907505582882	0.876109757953304	0.976863303313642	31
discovery_GOB	THRB	0.0929321376602604	0.925959739116294	0.976863303313642	21
discovery_GOB	TP53	-1.16457347720335	0.244225485987322	0.639715050445495	485
discovery_GOB	TP63	1.14810211858818	0.25095982433144	0.644504702646388	99
discovery_GOB	TP73	0.984111631006016	0.325089596894037	0.698874050096227	61
discovery_GOB	TTF1	-2.33722814851324	0.0194512057352484	0.192758226402874	21
discovery_GOB	TWIST1	0.0690866796618464	0.944922304445476	0.976863303313642	28
discovery_GOB	USF1	-0.659247736438089	0.509755167136103	0.795058627202415	78
discovery_GOB	USF2	-1.76778296584103	0.0771342895159394	0.395317688948038	45
discovery_GOB	VDR	-0.448785674622932	0.653598105430161	0.8876568864288	45
discovery_GOB	WT1	-0.305920460391078	0.759672955264145	0.94841157769002	64
discovery_GOB	XBP1	-1.5893489930892	0.112020086018501	0.469084110202473	26
discovery_GOB	YBX1	-1.47064238818894	0.141426135203831	0.498713213613508	39
discovery_GOB	YY1	-0.195110363767244	0.845311372127094	0.976863303313642	110
discovery_GOB	ZBTB17	0.473477297360354	0.635885269506343	0.877548102688677	27
discovery_GOB	ZEB1	2.60963427864697	0.00908033717606878	0.156188733259767	24
discovery_GOB	ZNF699	-0.0923722402271133	0.926404545500089	0.976863303313642	23
discovery_TAC	AHR	-2.31575684405244	0.0205960380309099	0.165592145768516	63
discovery_TAC	AP1	1.08266969909996	0.27898681980328	0.56610789618122	205
discovery_TAC	AR	-1.40627343624601	0.159680750336665	0.439668915310545	262
discovery_TAC	ASCL1	1.85243640838838	0.0639990091064105	0.313751239765573	21
discovery_TAC	ATF1	0.468585192515375	0.639378590601185	0.873592573875654	43
discovery_TAC	ATF2	1.43033315338355	0.152659437809337	0.4261742638844	46
discovery_TAC	ATF3	0.147998138426376	0.882347867866296	0.948405997011366	40
discovery_TAC	ATF4	1.38579577722437	0.165846871350715	0.444469615219916	53
discovery_TAC	ATF6	-1.01771436871568	0.308843673056072	0.614629487963074	30
discovery_TAC	BCL6	-0.786548930307678	0.431568642301077	0.700646568050476	31
discovery_TAC	BMAL1	1.34915629394678	0.177323935039407	0.451165961302794	27
discovery_TAC	BRCA1	1.72787275386375	0.084048602861453	0.351953524482335	26
discovery_TAC	CDX1	-1.15361416704839	0.248691932888635	0.543337809897996	22
discovery_TAC	CDX2	-0.223128089085075	0.823441362411035	0.929841089014709	35
discovery_TAC	CEBPA	0.0453063837110037	0.963864199873611	0.986204259552396	70
discovery_TAC	CEBPB	0.314574984734188	0.753092359778285	0.914899608465623	168
discovery_TAC	CEBPD	-0.205440614191479	0.837232979181362	0.932879539220204	25
discovery_TAC	CEBPG	-1.62298206328168	0.104631590629894	0.389462031789051	67
discovery_TAC	CLOCK	1.7782639962357	0.0753974654199476	0.336775345542433	25
discovery_TAC	CREB1	0.472191961089183	0.636802313508129	0.873592573875654	167
discovery_TAC	CREBBP	1.78473711600597	0.0743408388430381	0.336775345542433	20
discovery_TAC	CREM	0.344643784046888	0.730371003395112	0.911829637778991	25
discovery_TAC	CTCF	0.776691087621103	0.437363397742487	0.700646568050476	66
discovery_TAC	CTNNB1	1.8532911304871	0.0638764550496535	0.313751239765573	125
discovery_TAC	CUX1	1.43408847591404	0.151585059363272	0.4261742638844	49
discovery_TAC	DDIT3	1.54227890003881	0.123044332498848	0.390800399891403	52
discovery_TAC	DNMT1	1.56837353640424	0.116832479293025	0.390800399891403	76
discovery_TAC	DNMT3A	2.46404501702463	0.0137582057616205	0.125699970822078	25
discovery_TAC	DNMT3B	0.962358676030264	0.335897775643782	0.649187047157694	35
discovery_TAC	E2F1	0.118297278633538	0.905835004447967	0.953260920911211	147
discovery_TAC	E2F2	2.14700903746208	0.031821730022486	0.220540008060837	24
discovery_TAC	E2F3	1.07670043642962	0.281645719493144	0.56610789618122	32
discovery_TAC	E2F4	-3.28183698911726	0.00103563472092131	0.026020322363148	81
discovery_TAC	E2F6	0.400238585535724	0.688991199311196	0.894336880905022	27
discovery_TAC	EGR1	0.198099336240271	0.842972243434524	0.932879539220204	135
discovery_TAC	EGR2	1.55907555261788	0.119017000967058	0.390800399891403	25
discovery_TAC	ELF1	1.00819348222517	0.313391266000058	0.615688213077544	34
discovery_TAC	ELK1	2.16762932796758	0.0302155141843482	0.216904226823357	33
discovery_TAC	EP300	0.901807834142713	0.367185383118363	0.670947836425372	23
discovery_TAC	EPAS1	-0.399326839545136	0.689662768857107	0.894336880905022	42
discovery_TAC	ESR1	1.37010567759799	0.170691339236433	0.451165961302794	277
discovery_TAC	ESR2	-0.196726936941246	0.84404609349511	0.932879539220204	80
discovery_TAC	ETS1	1.9770101898205	0.0480738450130822	0.281440926274909	82
discovery_TAC	ETS2	1.68212225113755	0.092583123530378	0.376166483738359	38
discovery_TAC	ETV4	2.1334614451468	0.0329164191135578	0.220540008060837	22
discovery_TAC	EWSR1	-0.662341789458889	0.507770771760297	0.797358790029842	24
discovery_TAC	EZH2	0.363901871686432	0.715940647284143	0.899400438150705	58
discovery_TAC	FLI1	2.21199177710988	0.0269946331479134	0.208537537207758	29
discovery_TAC	FOS	-0.13231407950321	0.894739110344151	0.951547942746954	112
discovery_TAC	FOXA1	-0.0741960950520376	0.940856158597393	0.979855377606611	22
discovery_TAC	FOXA2	-4.18678778301857	2.85881587503788e-05	0.00160925310578548	37
discovery_TAC	FOXM1	0.651501122276917	0.51474126857938	0.802038720809732	27
discovery_TAC	FOXN1	-0.614535910660394	0.538878261626752	0.814394966819377	24
discovery_TAC	FOXO1	-1.15539672543427	0.247961589570635	0.543337809897996	117
discovery_TAC	FOXO3	-0.872996103668952	0.382690705257397	0.686793140685149	98
discovery_TAC	GABPA	-0.281910175929187	0.778019484339681	0.914899608465623	20
discovery_TAC	GATA1	1.5286962746944	0.126378238770852	0.390800399891403	42
discovery_TAC	GATA2	-0.0190144760681729	0.984830018813793	0.987551561405965	22
discovery_TAC	GATA3	0.279562018562744	0.77982058499975	0.914899608465623	65
discovery_TAC	GATA4	-0.785565212890407	0.43214489602564	0.700646568050476	45
discovery_TAC	GATA6	-0.807947200439333	0.419144360738518	0.700646568050476	26
discovery_TAC	GLI1	-0.365331837280174	0.714873116541421	0.899400438150705	66
discovery_TAC	GLI2	-0.849048000002942	0.395879311948409	0.691928188709827	55
discovery_TAC	HBP1	0.302185341746167	0.762518424077008	0.914899608465623	20
discovery_TAC	HDAC1	1.25824333727004	0.208339508717098	0.486933037815544	31
discovery_TAC	HES1	-1.54858316163372	0.12152045809379	0.390800399891403	34
discovery_TAC	HIF1A	2.52022069718061	0.0117469118233481	0.118056463824648	202
discovery_TAC	HMGA1	-0.184049351553678	0.853979279684167	0.932879539220204	26
discovery_TAC	HNF1A	-3.55702103596492	0.000377196214969626	0.015163287841779	39
discovery_TAC	HNF4A	1.95767461474367	0.050301995003892	0.281440926274909	97
discovery_TAC	HOXA9	0.139950791085692	0.888702299918215	0.950155118529581	22
discovery_TAC	HR	1.78197673736762	0.0747899341989856	0.336775345542433	32
discovery_TAC	HSF1	-1.55183736049005	0.120739646583892	0.390800399891403	38
discovery_TAC	ID1	3.02488368745042	0.00249497383017939	0.0455899763514597	27
discovery_TAC	IRF1	1.96094048940045	0.0499196841684476	0.281440926274909	55
discovery_TAC	IRF2	2.10902204286849	0.0349728474215893	0.226759430056111	24
discovery_TAC	IRF3	1.45205668446751	0.146524015402348	0.4261742638844	28
discovery_TAC	IRF8	3.09099369247944	0.00200155155494034	0.0402311862543008	22
discovery_TAC	JUN	0.572981871315969	0.566672643491723	0.825371024216206	240
discovery_TAC	JUNB	1.58146157222797	0.113811017090119	0.390800399891403	31
discovery_TAC	JUND	2.54764261373132	0.0108634007761615	0.118056463824648	26
discovery_TAC	KAT5	0.642405462818324	0.520627871800444	0.804970786399148	31
discovery_TAC	KAT7	0.0264744274617744	0.978879573114183	0.987551561405965	30
discovery_TAC	KLF4	0.0419014175691939	0.966578304138418	0.986204259552396	40
discovery_TAC	KLF5	3.46213555248449	0.0005386347524419	0.0180442642068036	26
discovery_TAC	KLF6	0.174395073419436	0.861559281161348	0.935320269285808	25
discovery_TAC	KMT2A	0.237434304366305	0.812325797433452	0.922471668271886	40
discovery_TAC	LEF1	0.457131621314414	0.647588524912799	0.873592573875654	29
discovery_TAC	MAX	-1.57359706900879	0.115619121534896	0.390800399891403	23
discovery_TAC	MBD2	0.61490969876221	0.538631380591317	0.814394966819377	41
discovery_TAC	MEF2A	-0.0664263178797063	0.947040033487861	0.981211581087939	37
discovery_TAC	MEF2C	0.191468501789218	0.848163285558635	0.932879539220204	22
discovery_TAC	MITF	-0.594391665841446	0.552266542057827	0.822263518174986	35
discovery_TAC	MTA1	1.22687029290263	0.219906488551835	0.50228641135135	26
discovery_TAC	MYB	-1.64395463049538	0.100223820814075	0.382585201075228	75
discovery_TAC	MYBL2	-1.65587813913217	0.0977846744220068	0.382585201075228	21
discovery_TAC	MYC	-4.97814270587975	6.55024127712199e-07	6.5829924835076e-05	509
discovery_TAC	MYCN	1.79413879133592	0.0728277590347067	0.336775345542433	54
discovery_TAC	MYOD1	1.17920278438943	0.238351571079568	0.538299615584192	59
discovery_TAC	NANOG	0.503480984710556	0.614639639278209	0.863934038426014	24
discovery_TAC	NCOA1	-0.573122932618023	0.566577140118643	0.825371024216206	31
discovery_TAC	NCOA2	1.15886555463245	0.246544659838026	0.543337809897996	27
discovery_TAC	NCOA3	1.74715953053161	0.0806470175481146	0.351953524482335	36
discovery_TAC	NCOR1	3.19030182400219	0.00142658346599166	0.0318603640738138	38
discovery_TAC	NCOR2	-0.442329281840027	0.658262583732495	0.876230326690275	31
discovery_TAC	NFATC1	0.820333683690864	0.412049699199518	0.700646568050476	36
discovery_TAC	NFATC2	0.118351732223321	0.905791861204831	0.953260920911211	24
discovery_TAC	NFE2L2	-0.270648967566363	0.786667826228604	0.914899608465623	100
discovery_TAC	NFIA	-2.79500809308276	0.00520187511387301	0.0804289921452673	29
discovery_TAC	NFIC	-0.550463180431341	0.582016684254744	0.835609668108597	24
discovery_TAC	NFKB	1.11454512064093	0.265077988357906	0.56610789618122	336
discovery_TAC	NFKB1	1.60892377419584	0.107671416724496	0.390800399891403	142
discovery_TAC	NFKB2	-0.564180605215401	0.572646620268321	0.82807173146714	26
discovery_TAC	NFYA	-0.269631014113385	0.787450906788819	0.914899608465623	39
discovery_TAC	NKX2-1	-0.0946257387332683	0.924614411709336	0.967955712258212	21
discovery_TAC	NKX3-1	1.6407832772369	0.100880674910383	0.382585201075228	31
discovery_TAC	NOTCH1	1.00380550838931	0.315501920134264	0.615688213077544	22
discovery_TAC	NR0B1	-2.99827083347971	0.00272328637521915	0.0456150467849207	21
discovery_TAC	NR0B2	0.0185082211649711	0.985233868404154	0.987551561405965	50
discovery_TAC	NR1H3	0.466312157500241	0.641004436183919	0.873592573875654	41
discovery_TAC	NR1H4	-1.39726843465191	0.162370582153722	0.441033608282408	45
discovery_TAC	NR1I2	2.65940187652568	0.0078431329679273	0.105097981770226	104
discovery_TAC	NR1I3	-1.44089245070066	0.14965316316612	0.4261742638844	24
discovery_TAC	NR2C2	1.09530181535041	0.27341652715566	0.56610789618122	21
discovery_TAC	NR2F2	0.783382088437529	0.433425343835407	0.700646568050476	22
discovery_TAC	NR3C1	-0.461757197365233	0.644267669604356	0.873592573875654	97
discovery_TAC	NR3C2	2.33728621862348	0.019448186453928	0.163205115546273	21
discovery_TAC	NR4A1	0.376035475067827	0.706900228391965	0.899376213108694	33
discovery_TAC	NR5A1	-2.5870198183788	0.00969801613449622	0.118056463824648	36
discovery_TAC	NRF1	-0.421776557696315	0.673199148976095	0.884398881988203	49
discovery_TAC	NRG1	1.30702517457786	0.191240727483524	0.466184293975129	22
discovery_TAC	PAX3	-1.09958823723825	0.271543775590993	0.56610789618122	30
discovery_TAC	PAX5	1.95677845135187	0.0504073300790882	0.281440926274909	28
discovery_TAC	PAX6	1.86264160700217	0.0625483576902783	0.313751239765573	38
discovery_TAC	PDX1	-0.933389510597116	0.35064631335296	0.658690738167709	36
discovery_TAC	PGR	-1.28759979034507	0.197921566502503	0.468026292552977	41
discovery_TAC	PITX2	-0.332076055757272	0.73984029783552	0.914899608465623	37
discovery_TAC	POU2F1	0.675897023534666	0.499125044636895	0.789953810803275	23
discovery_TAC	POU5F1	-1.73229575277392	0.0832584331744957	0.351953524482335	31
discovery_TAC	PPARA	-0.608088270624313	0.543145733571118	0.814718600356677	103
discovery_TAC	PPARD	-1.47647968266966	0.139853476611989	0.425917406045601	45
discovery_TAC	PPARG	-0.275547089937979	0.78290287987502	0.914899608465623	128
discovery_TAC	PRDM1	1.53476292258555	0.124880564501143	0.390800399891403	20
discovery_TAC	RARA	0.375938464518396	0.706972346622754	0.899376213108694	61
discovery_TAC	RBPJ	1.35443175172059	0.175635906155006	0.451165961302794	52
discovery_TAC	REL	1.33893546867291	0.18062871129041	0.453829637117156	37
discovery_TAC	RELA	2.19750071233478	0.0280125049980571	0.208537537207758	191
discovery_TAC	RUNX1	0.422098842497228	0.672963913208325	0.884398881988203	62
discovery_TAC	RUNX2	-0.253975087305949	0.799521157737555	0.922471668271886	38
discovery_TAC	RUNX3	0.873562018299081	0.382382340116826	0.686793140685149	27
discovery_TAC	RXRA	-0.773563382123982	0.439211281464478	0.700646568050476	32
discovery_TAC	SIRT1	-1.67703455223698	0.0935737521737211	0.376166483738359	28
discovery_TAC	SMAD1	5.73449945797958	1.01261848630023e-08	2.03536315746346e-06	23
discovery_TAC	SMAD2	-0.47555825706011	0.634401758536101	0.873592573875654	28
discovery_TAC	SMAD3	4.16088281585421	3.20249374285667e-05	0.00160925310578548	47
discovery_TAC	SMAD4	2.53368971135912	0.0113052846733212	0.118056463824648	51
discovery_TAC	SMAD7	-1.32545385109645	0.185057507127401	0.459216776945772	22
discovery_TAC	SMARCA1	0.316486833114032	0.751641055037985	0.914899608465623	26
discovery_TAC	SNAI1	0.802900266072888	0.422055598977599	0.700646568050476	44
discovery_TAC	SNAI2	1.60133873794352	0.10934034452397	0.390800399891403	24
discovery_TAC	SOX2	-1.35738102619122	0.174697443645552	0.451165961302794	30
discovery_TAC	SOX9	-0.0156029117940521	0.987551561405965	0.987551561405965	27
discovery_TAC	SP1	-0.248668781604135	0.803623212135006	0.922471668271886	536
discovery_TAC	SP3	2.33653689642938	0.0194871779756743	0.163205115546273	167
discovery_TAC	SP4	1.12442305558125	0.260866433270013	0.563808097712609	22
discovery_TAC	SPI1	2.47351040008513	0.0133993499031272	0.125699970822078	112
discovery_TAC	SREBF1	0.798693474349486	0.424491249670727	0.700646568050476	56
discovery_TAC	SREBF2	0.85585170119844	0.392104762806331	0.6913426081059	37
discovery_TAC	SRF	0.51506322255116	0.60652269287418	0.858528600476833	34
discovery_TAC	SSRP1	2.69255165030457	0.00710512940348081	0.10200935786426	48
discovery_TAC	STAT1	3.40613259000462	0.000662057515101912	0.0190105086479263	131
discovery_TAC	STAT3	1.44205090233708	0.1493261166202	0.4261742638844	169
discovery_TAC	STAT5A	0.584240205884133	0.559074749535909	0.825371024216206	79
discovery_TAC	STAT5B	0.386834772231602	0.698888547820533	0.899376213108694	40
discovery_TAC	STAT6	1.9173392354479	0.0552294737161999	0.300030384242059	31
discovery_TAC	TAF1	-0.320926632816108	0.748274150124076	0.914899608465623	24
discovery_TAC	TAL1	1.88636900282653	0.0592804688722651	0.313562480087508	39
discovery_TAC	TBP	0.0488066699532582	0.961074552561719	0.986204259552396	76
discovery_TAC	TCF12	0.296112332449192	0.767151777394859	0.914899608465623	22
discovery_TAC	TCF3	-0.169356698093115	0.865520249189852	0.935320269285808	41
discovery_TAC	TCF4	-0.856095410386303	0.391969964412414	0.6913426081059	23
discovery_TAC	TCF7L2	1.22902906128702	0.21909609605238	0.50228641135135	44
discovery_TAC	TFAP2A	-0.184780191908907	0.85340600394888	0.932879539220204	117
discovery_TAC	TFCP2	-0.240347977105757	0.810066498789986	0.922471668271886	21
discovery_TAC	THRA	1.10138163538565	0.270762847435563	0.56610789618122	31
discovery_TAC	THRB	1.43932047461258	0.150097826946366	0.4261742638844	21
discovery_TAC	TP53	-1.08921774466743	0.276089810740684	0.56610789618122	485
discovery_TAC	TP63	2.55507185339551	0.0106344401256147	0.118056463824648	99
discovery_TAC	TP73	1.30331437837765	0.192503962188735	0.466184293975129	61
discovery_TAC	TTF1	-0.833327013779165	0.404684540654279	0.700646568050476	21
discovery_TAC	TWIST1	-0.633496742739377	0.526426934643541	0.80772376994925	28
discovery_TAC	USF1	-0.910163273150203	0.362763100186712	0.668948469151643	78
discovery_TAC	USF2	-0.934698955601723	0.349970925143377	0.658690738167709	45
discovery_TAC	VDR	2.0176733161585	0.0436577315208257	0.274225126115186	45
discovery_TAC	WT1	0.284640370215141	0.775926850271637	0.914899608465623	64
discovery_TAC	XBP1	-0.527499891771755	0.597860730273353	0.852269551666268	26
discovery_TAC	YBX1	1.28838619542133	0.19764782887485	0.468026292552977	39
discovery_TAC	YY1	-0.792506169897063	0.428088469620631	0.700646568050476	110
discovery_TAC	ZBTB17	-0.446189963104526	0.655471786601567	0.876230326690275	27
discovery_TAC	ZEB1	-0.951664655055204	0.341295064497265	0.653336266323337	24
discovery_TAC	ZNF699	-0.919004369264156	0.358120255877222	0.666501587327051	23
heldout_ABS	AHR	-1.08105994881589	0.27970709826857	0.528646415727598	58
heldout_ABS	AP1	-1.56455732425551	0.117731227007034	0.404159916443095	185
heldout_ABS	AR	-3.34822413808336	0.000817535933178863	0.0220734701958293	242
heldout_ABS	ATF1	-1.0465338698794	0.295350176509432	0.547266503532183	39
heldout_ABS	ATF2	-0.865715713444299	0.386675278540015	0.624629296103101	42
heldout_ABS	ATF3	0.567896731524848	0.570123016193574	0.780820652612938	36
heldout_ABS	ATF4	0.768587339248879	0.44216384082389	0.670533498473486	47
heldout_ABS	ATF6	-2.05090800737622	0.040312462596835	0.192248881533585	29
heldout_ABS	BCL6	1.46421947916767	0.143178181595162	0.404159916443095	29
heldout_ABS	BMAL1	-0.766381893158919	0.443474536027438	0.670533498473486	23
heldout_ABS	BRCA1	0.892764698988497	0.372013396241294	0.611395929474823	24
heldout_ABS	CDX1	-2.48189449007919	0.0130915088804092	0.107578051234667	21
heldout_ABS	CDX2	-2.62171981314364	0.00876736308562816	0.0852573623478487	35
heldout_ABS	CEBPA	0.130983641575828	0.895791952276595	0.968079262107366	68
heldout_ABS	CEBPB	-1.23521369866749	0.216791779588347	0.48320333185117	154
heldout_ABS	CEBPD	-1.76761088942666	0.0771688427238697	0.32400586666984	22
heldout_ABS	CEBPG	-2.31832214742438	0.0204600336519767	0.143220235563837	60
heldout_ABS	CLOCK	-0.9951294124445	0.319707178041931	0.575472920475476	20
heldout_ABS	CREB1	-1.4629020206804	0.143538374235875	0.404159916443095	149
heldout_ABS	CREBBP	-1.44623820108145	0.148154463123371	0.404159916443095	20
heldout_ABS	CREM	-0.758612586149189	0.448109476764579	0.672164215146868	22
heldout_ABS	CTCF	0.20204292729865	0.839888942973102	0.968079262107366	55
heldout_ABS	CTNNB1	2.04707288149968	0.040687593975362	0.192248881533585	116
heldout_ABS	CUX1	3.21062674034904	0.00133034673443282	0.0279372814230892	47
heldout_ABS	DDIT3	-2.72617217010127	0.00642304992338689	0.0758722772200077	45
heldout_ABS	DNMT1	1.21810607777151	0.223224067245903	0.48320333185117	70
heldout_ABS	DNMT3A	2.21283813897555	0.0269404409265326	0.159116979222333	21
heldout_ABS	DNMT3B	1.49078084450977	0.136063384796396	0.404159916443095	30
heldout_ABS	E2F1	0.69523442836001	0.486931110512868	0.710433235478968	132
heldout_ABS	E2F2	0.692481220603648	0.48865778101728	0.710433235478968	20
heldout_ABS	E2F3	1.42128742998674	0.155277055251002	0.404159916443095	27
heldout_ABS	E2F4	-1.41351721281447	0.157547464528511	0.404159916443095	65
heldout_ABS	E2F6	0.364213065701453	0.715709736991423	0.89582212113496	20
heldout_ABS	EGR1	-2.27553049849375	0.0229037357824565	0.149269174582216	126
heldout_ABS	EGR2	0.0313704649402727	0.974974975261747	0.98267991170488	21
heldout_ABS	ELF1	-0.0717120048577946	0.942833118415187	0.973745679674701	31
heldout_ABS	ELK1	0.341648586850604	0.732625460425542	0.899131246885892	29
heldout_ABS	EP300	0.788469805703216	0.430448229960525	0.664351408817628	23
heldout_ABS	EPAS1	-3.29072534627602	0.00100416095439443	0.0237233025475685	33
heldout_ABS	ESR1	-1.60179398050368	0.109245579606024	0.389573859349785	252
heldout_ABS	ESR2	-1.18963143038362	0.234230993937309	0.484078123248365	65
heldout_ABS	ETS1	-0.409411771187978	0.682249830333968	0.871251472521081	72
heldout_ABS	ETS2	-0.349845013370511	0.726465372943105	0.899131246885892	34
heldout_ABS	EWSR1	-1.63410643331535	0.102280758427965	0.379040457703634	24
heldout_ABS	EZH2	1.42526245095493	0.154125227252423	0.404159916443095	52
heldout_ABS	FLI1	0.207436943295609	0.835674571667741	0.968079262107366	26
heldout_ABS	FOS	-2.51663344570777	0.0118700205439349	0.101974267400168	100
heldout_ABS	FOXA2	-4.9096007448904	9.32957485815105e-07	5.87763216063516e-05	34
heldout_ABS	FOXM1	-0.532764472890983	0.594213272534174	0.790471400010837	24
heldout_ABS	FOXN1	-0.0282286898214757	0.977480547092685	0.98267991170488	20
heldout_ABS	FOXO1	-2.31942156249494	0.0204003676827275	0.143220235563837	101
heldout_ABS	FOXO3	-3.03881781149346	0.00238371009813261	0.0375434340455886	88
heldout_ABS	GATA1	-1.07400283276247	0.282857843889037	0.529308242525029	39
heldout_ABS	GATA2	-1.13609154815128	0.255956527362315	0.509218775489237	22
heldout_ABS	GATA3	1.37222129079044	0.17003783005251	0.428495331732326	59
heldout_ABS	GATA4	-0.0844974753885674	0.932663287962606	0.973745679674701	43
heldout_ABS	GATA6	-2.09961902026468	0.0357975089005746	0.182857545465097	25
heldout_ABS	GLI1	0.289569723257731	0.772153872208307	0.929535553167962	62
heldout_ABS	GLI2	2.28208390847253	0.022513783997828	0.149269174582216	49
heldout_ABS	HBP1	-0.643444781937163	0.51995627687544	0.733371166637748	20
heldout_ABS	HDAC1	1.43216014564635	0.152141935867004	0.404159916443095	29
heldout_ABS	HES1	-0.168101078462722	0.866508540142135	0.968079262107366	29
heldout_ABS	HIF1A	-2.37694736301419	0.0174828764816572	0.137677652293051	182
heldout_ABS	HMGA1	-0.555683638382548	0.578444620337405	0.786518224775321	21
heldout_ABS	HNF1A	-2.93376521785844	0.00335946997809876	0.0453528447043333	35
heldout_ABS	HNF4A	-1.24083452453793	0.214707807389886	0.48320333185117	92
heldout_ABS	HOXA9	1.45740823302611	0.145047870883526	0.404159916443095	22
heldout_ABS	HR	-0.402272991741018	0.68749521667988	0.872057690956358	29
heldout_ABS	HSF1	-1.51269608347641	0.130401301678282	0.404159916443095	36
heldout_ABS	ID1	0.125524154732167	0.900112150997915	0.968079262107366	27
heldout_ABS	IRF1	-2.58790912916464	0.00967567864149257	0.0870811077734331	51
heldout_ABS	IRF2	-2.32433182106757	0.0201357340684256	0.143220235563837	24
heldout_ABS	IRF3	0.344154868215879	0.73073999477541	0.899131246885892	25
heldout_ABS	IRF8	1.14353440020452	0.252855264202157	0.508400478023487	20
heldout_ABS	JUN	-3.11865128814632	0.00182406523505324	0.0344748329425063	213
heldout_ABS	JUNB	-0.482058775734094	0.629779025755013	0.820884385294465	28
heldout_ABS	KAT5	1.70751452777954	0.0877700987089005	0.345594763666296	30
heldout_ABS	KAT7	-1.11097462460677	0.266616823959661	0.51418958906506	31
heldout_ABS	KLF4	-0.89643985488431	0.370048226586956	0.611395929474823	36
heldout_ABS	KLF5	-0.648098311702055	0.516942285167773	0.733371166637748	23
heldout_ABS	KLF6	-0.8671307213323	0.385899640236713	0.624629296103101	24
heldout_ABS	KMT2A	-0.133921081857178	0.893468768272726	0.968079262107366	38
heldout_ABS	LEF1	2.1029036142282	0.0355092386466066	0.182857545465097	26
heldout_ABS	MAX	-0.144684979417246	0.884963698208125	0.968079262107366	21
heldout_ABS	MBD2	-0.155931897542499	0.876091127174942	0.968079262107366	36
heldout_ABS	MEF2A	-2.16488233215643	0.0304298467772833	0.16432117259733	36
heldout_ABS	MEF2C	-0.785211580951222	0.43235567875433	0.664351408817628	21
heldout_ABS	MITF	1.2692288703377	0.204400974550636	0.48320333185117	31
heldout_ABS	MTA1	1.00342381754393	0.315690550308241	0.573706865464016	22
heldout_ABS	MYB	-1.41239498130623	0.157877442279448	0.404159916443095	69
heldout_ABS	MYC	-0.694525734931422	0.48737525130536	0.710433235478968	457
heldout_ABS	MYCN	1.54765247546376	0.121750477891654	0.404159916443095	46
heldout_ABS	MYOD1	0.443139562213948	0.657678267625627	0.845586344090092	57
heldout_ABS	NANOG	0.575092903960598	0.565246656612763	0.780820652612938	21
heldout_ABS	NCOA1	-1.73191376701417	0.0833322705936075	0.335102109408337	28
heldout_ABS	NCOA2	0.56961210266351	0.568958805864529	0.780820652612938	25
heldout_ABS	NCOA3	-1.18606585099877	0.235635911845765	0.484078123248365	33
heldout_ABS	NCOR1	1.68024850229291	0.0929528867971925	0.3585325633606	34
heldout_ABS	NCOR2	-0.923238490848797	0.355914250070881	0.600605296994611	30
heldout_ABS	NFATC1	-1.53454009821431	0.124941312017753	0.404159916443095	34
heldout_ABS	NFATC2	-0.136861609103568	0.891144058127489	0.968079262107366	24
heldout_ABS	NFE2L2	-1.03220745066921	0.302010039524556	0.554173761846031	93
heldout_ABS	NFIA	-0.625574034536558	0.531614444375827	0.744260222126157	24
heldout_ABS	NFIC	0.329738506528223	0.741607265112392	0.904282407137045	23
heldout_ABS	NFKB	-1.11315365344469	0.265680059741848	0.51418958906506	300
heldout_ABS	NFKB1	-1.41115549023525	0.158242506967138	0.404159916443095	131
heldout_ABS	NFKB2	-0.0754825237495504	0.939832924629276	0.973745679674701	24
heldout_ABS	NFYA	-2.77167546539828	0.00559135834122048	0.070451115099378	33
heldout_ABS	NKX3-1	-0.290719202852353	0.771274559605256	0.929535553167962	30
heldout_ABS	NR0B1	-1.97863953867263	0.0478951179427822	0.220784811980142	21
heldout_ABS	NR0B2	0.0837429397241892	0.933263172634093	0.973745679674701	46
heldout_ABS	NR1H3	-1.42253007981405	0.154916276752496	0.404159916443095	38
heldout_ABS	NR1H4	-2.6119392639886	0.00902194310559245	0.0852573623478487	41
heldout_ABS	NR1I2	0.204122253783986	0.838263804128025	0.968079262107366	94
heldout_ABS	NR1I3	-1.48535993676242	0.137492818275355	0.404159916443095	21
heldout_ABS	NR2C2	0.500446507900409	0.616776195717518	0.809518756879242	20
heldout_ABS	NR2F2	-0.387657609369342	0.698281029521419	0.879834097196989	20
heldout_ABS	NR3C1	-3.06632758559767	0.00217519189789979	0.0373737517002781	84
heldout_ABS	NR3C2	0.527185043149391	0.598081535457935	0.790471400010837	20
heldout_ABS	NR4A1	-1.46019960089144	0.144279389733545	0.404159916443095	31
heldout_ABS	NR5A1	-1.75760019840327	0.0788585707238765	0.32400586666984	35
heldout_ABS	NRF1	-1.21965788550868	0.222635032093959	0.48320333185117	45
heldout_ABS	NRG1	0.819402895818332	0.412584036963708	0.655280529295301	20
heldout_ABS	PAX3	0.188101517032247	0.850802437641098	0.968079262107366	28
heldout_ABS	PAX5	-0.458994542447514	0.646252110306012	0.836586635944084	24
heldout_ABS	PAX6	0.182635306319579	0.855089384692813	0.968079262107366	35
heldout_ABS	PDX1	-1.21669935156932	0.223758995331116	0.48320333185117	33
heldout_ABS	PGR	-0.547495205937257	0.584055740989538	0.788475250335876	39
heldout_ABS	PITX2	0.650186080094446	0.515593029664158	0.733371166637748	32
heldout_ABS	POU5F1	-0.0990814101454515	0.921076424052252	0.973745679674701	30
heldout_ABS	PPARA	-5.0135074274641	5.47389282859731e-07	5.17282872302446e-05	97
heldout_ABS	PPARD	-4.326662929717	1.53455958548441e-05	0.000725079404141386	39
heldout_ABS	PPARG	-3.37580563198561	0.000739939677224905	0.0220734701958293	121
heldout_ABS	RARA	-0.195332804198689	0.845137996819267	0.968079262107366	53
heldout_ABS	RBPJ	-0.039076935332446	0.968830146517055	0.98267991170488	46
heldout_ABS	REL	-2.07935575984431	0.0376204014587258	0.187111996728926	33
heldout_ABS	RELA	-0.174245175138873	0.861677742704091	0.968079262107366	174
heldout_ABS	RUNX1	-0.943473715823402	0.345470697249173	0.599472587112327	54
heldout_ABS	RUNX2	-0.930640381494278	0.352071201954859	0.599472587112327	30
heldout_ABS	RUNX3	-1.23000047665215	0.218737605262372	0.48320333185117	23
heldout_ABS	RXRA	-2.1857336804681	0.0288675901579131	0.16432117259733	32
heldout_ABS	SIRT1	-0.123781472001101	0.901491799634372	0.968079262107366	24
heldout_ABS	SMAD1	-1.21077070294888	0.226023524479374	0.48320333185117	21
heldout_ABS	SMAD2	1.92595775788849	0.0541494577862258	0.243672560038016	24
heldout_ABS	SMAD3	-0.0161077868701515	0.987148853061898	0.987148853061898	44
heldout_ABS	SMAD4	-0.0953747183840411	0.924019882974516	0.973745679674701	50
heldout_ABS	SMAD7	-0.839718741203303	0.401094325496192	0.642430741684579	21
heldout_ABS	SMARCA1	0.793149491788467	0.427717185759937	0.664351408817628	24
heldout_ABS	SNAI1	1.91415775193837	0.0556400845334881	0.244557580856494	42
heldout_ABS	SNAI2	3.98454793282217	6.82839491574657e-05	0.0025811332781522	23
heldout_ABS	SOX2	1.12109150940892	0.26228675958393	0.51418958906506	27
heldout_ABS	SOX9	0.911660085744482	0.361978576568123	0.605433194436949	26
heldout_ABS	SP1	-5.16712581366063	2.44187637692707e-07	4.61514635239217e-05	481
heldout_ABS	SP3	-1.24746055988286	0.212269741658895	0.48320333185117	147
heldout_ABS	SP4	-1.87388557987643	0.0609871610074992	0.261967577964031	20
heldout_ABS	SPI1	-0.059155917600887	0.952829582561669	0.978721690783453	99
heldout_ABS	SREBF1	-2.21510081590127	0.0267847072410302	0.159116979222333	52
heldout_ABS	SREBF2	-2.1671905010595	0.0302534085413543	0.16432117259733	34
heldout_ABS	SRF	-1.26383085096766	0.206332161998563	0.48320333185117	31
heldout_ABS	SSRP1	-0.95399422044484	0.340118986108044	0.599472587112327	44
heldout_ABS	STAT1	-1.20682366443331	0.227540193305578	0.48320333185117	120
heldout_ABS	STAT3	-1.60573795377124	0.10837588901172	0.389573859349785	149
heldout_ABS	STAT5A	-0.099261564730474	0.920933391733896	0.973745679674701	71
heldout_ABS	STAT5B	0.190573355439292	0.848865305472124	0.968079262107366	37
heldout_ABS	STAT6	-1.29451567519345	0.195529380565081	0.473782729830774	28
heldout_ABS	TAF1	-0.937475913144963	0.348545637267551	0.599472587112327	20
heldout_ABS	TAL1	1.66082232007807	0.096793210445166	0.365878335482727	31
heldout_ABS	TBP	-1.09548461398458	0.273341472947072	0.521833721080774	69
heldout_ABS	TCF12	0.936341016186206	0.349129424902789	0.599472587112327	20
heldout_ABS	TCF3	-2.70154523883106	0.0069181714140403	0.0769137880737421	38
heldout_ABS	TCF4	-0.528218353474686	0.597364270783483	0.790471400010837	22
heldout_ABS	TCF7L2	1.43658820489582	0.15087901742361	0.404159916443095	42
heldout_ABS	TFAP2A	-0.940073676873933	0.347211692250765	0.599472587112327	109
heldout_ABS	TFCP2	0.127413233931831	0.898616944103946	0.968079262107366	20
heldout_ABS	THRA	0.70048982948783	0.483644365978015	0.710433235478968	30
heldout_ABS	TP53	-2.22793914386495	0.0259157237039026	0.159116979222333	443
heldout_ABS	TP63	-0.664324711944948	0.506504041995173	0.730757739977769	90
heldout_ABS	TP73	-0.0310382869269075	0.97523987663517	0.98267991170488	57
heldout_ABS	TWIST1	0.799920235580503	0.423783725919209	0.664351408817628	26
heldout_ABS	USF1	-1.46705240449476	0.142406010740955	0.404159916443095	68
heldout_ABS	USF2	-2.67331264540847	0.00752776938782011	0.0790415785721111	42
heldout_ABS	VDR	-2.95018732170005	0.00318616490854881	0.0453528447043333	44
heldout_ABS	WT1	-0.2407865761726	0.809727473897621	0.968079262107366	59
heldout_ABS	XBP1	-1.41227415325689	0.157913001415411	0.404159916443095	24
heldout_ABS	YBX1	-1.31327734249383	0.18913187208324	0.470341102943848	37
heldout_ABS	YY1	-1.15467244584675	0.248263377132028	0.504535250300573	99
heldout_ABS	ZBTB17	1.18730669714279	0.235146315689194	0.484078123248365	23
heldout_ABS	ZEB1	1.30208344067972	0.192930025191995	0.47355551638035	22
heldout_ABS	ZNF699	-0.227884662335963	0.819742456773936	0.968079262107366	20
heldout_GOB	AHR	-0.96016806107832	0.337003274946767	0.688543141871669	58
heldout_GOB	AP1	0.647362638756074	0.517418161708073	0.807259798956851	185
heldout_GOB	AR	-2.0479873304014	0.0405978798415352	0.29124526519074	242
heldout_GOB	ATF1	0.697435115684665	0.485553326733846	0.796087027239364	39
heldout_GOB	ATF2	0.010901702783462	0.991302177685411	0.994820298387872	42
heldout_GOB	ATF3	0.769706771848823	0.441499411954911	0.772903092641906	36
heldout_GOB	ATF4	1.28829558874713	0.197684992515796	0.587485744302409	47
heldout_GOB	ATF6	-2.18788060051092	0.028710727848377	0.262203912071481	29
heldout_GOB	BCL6	0.615320838161019	0.538362544104656	0.827240006794959	29
heldout_GOB	BMAL1	-0.294200473648261	0.768613303308715	0.948663577597828	23
heldout_GOB	BRCA1	-0.945760020704171	0.344303126683255	0.688543141871669	24
heldout_GOB	CDX1	-0.956573876495857	0.338814889079011	0.688543141871669	21
heldout_GOB	CDX2	-1.87356285460813	0.0610316721716791	0.36046831376398	35
heldout_GOB	CEBPA	1.08946309017851	0.275986630834177	0.652018415345744	68
heldout_GOB	CEBPB	-0.956685372872962	0.338758596619797	0.688543141871669	154
heldout_GOB	CEBPD	0.697531540056502	0.485493006649888	0.796087027239364	22
heldout_GOB	CEBPG	-1.33419430783589	0.18218289643448	0.587485744302409	60
heldout_GOB	CLOCK	-0.518661649961498	0.604012843788289	0.863466610254774	20
heldout_GOB	CREB1	-1.3456387435071	0.178461941183206	0.587485744302409	149
heldout_GOB	CREBBP	-0.500055157182086	0.617051709262903	0.863828146299523	20
heldout_GOB	CREM	0.409501914056389	0.682183693152726	0.898720139103502	22
heldout_GOB	CTCF	0.744893658952519	0.456360618971831	0.778573709650093	55
heldout_GOB	CTNNB1	2.40240720660934	0.016313034653223	0.237166426881473	116
heldout_GOB	CUX1	1.92983466824783	0.0536670444543057	0.327195851673025	47
heldout_GOB	DDIT3	-1.71906271485348	0.0856464616296741	0.415055929436113	45
heldout_GOB	DNMT1	0.359429846285248	0.719284219906904	0.924793997023162	70
heldout_GOB	DNMT3A	2.33599479962059	0.019519148535685	0.245941271549631	21
heldout_GOB	DNMT3B	0.562913209661384	0.573511726367357	0.85349382900339	30
heldout_GOB	E2F1	1.2647188843706	0.206013552934994	0.589947901586574	132
heldout_GOB	E2F2	1.38862680940056	0.164989740688137	0.587485744302409	20
heldout_GOB	E2F3	0.222534916597365	0.823903884434847	0.952557893828324	27
heldout_GOB	E2F4	0.291885357459351	0.770382791451275	0.948663577597828	65
heldout_GOB	E2F6	-0.686044887798177	0.492707163076782	0.796087027239364	20
heldout_GOB	EGR1	-1.02289606710144	0.306391775775924	0.684710268433644	126
heldout_GOB	EGR2	0.249611063474169	0.802895349764111	0.952557893828324	21
heldout_GOB	ELF1	0.316780273219366	0.751419630055494	0.940518609804559	31
heldout_GOB	ELK1	0.251276397229171	0.801607680712447	0.952557893828324	29
heldout_GOB	EP300	1.30439622644405	0.192140725050478	0.587485744302409	23
heldout_GOB	EPAS1	-1.61781042381255	0.105747798869369	0.475865094912161	33
heldout_GOB	ESR1	-1.49132372933339	0.135920866601866	0.576852839192031	252
heldout_GOB	ESR2	-1.45131623124814	0.146735923815697	0.576852839192031	65
heldout_GOB	ETS1	-0.524621948422176	0.599862374655542	0.863466610254774	72
heldout_GOB	ETS2	-0.00649206703764215	0.994820298387872	0.994820298387872	34
heldout_GOB	EWSR1	-0.823797196979967	0.410082420776133	0.761697823401331	24
heldout_GOB	EZH2	0.331148256401857	0.740542257390122	0.939345547964651	52
heldout_GOB	FLI1	-0.641700509598803	0.521088335834581	0.807259798956851	26
heldout_GOB	FOS	-1.6862586837915	0.0917898403278522	0.433706995549102	100
heldout_GOB	FOXA2	-4.78292340168549	1.76242332214704e-06	0.00033309800788579	34
heldout_GOB	FOXM1	-0.513489858806026	0.607624651660767	0.863466610254774	24
heldout_GOB	FOXN1	0.0688407633075157	0.945118305644334	0.986891490424194	20
heldout_GOB	FOXO1	-2.65458257006301	0.00795833949402734	0.141145928997142	101
heldout_GOB	FOXO3	-3.8736637164998	0.000108173395986642	0.00408895436829509	88
heldout_GOB	GATA1	-1.46705915615541	0.142404174267425	0.576852839192031	39
heldout_GOB	GATA2	-0.53731234546851	0.591068686824038	0.863466610254774	22
heldout_GOB	GATA3	0.815958144947265	0.414551397706533	0.761697823401331	59
heldout_GOB	GATA4	-0.141868577848325	0.887187832286401	0.964377611624483	43
heldout_GOB	GATA6	-0.576978773639459	0.56397205408672	0.85272574577912	25
heldout_GOB	GLI1	-0.123859895138355	0.901429707106863	0.973544083675412	62
heldout_GOB	GLI2	1.3533074847853	0.176000424478251	0.587485744302409	49
heldout_GOB	HBP1	-0.472656221044677	0.636472966834269	0.871691237186065	20
heldout_GOB	HDAC1	0.66432338844376	0.506504888843851	0.797745199929065	29
heldout_GOB	HES1	-1.39463854707854	0.163168416749519	0.587485744302409	29
heldout_GOB	HIF1A	-1.34057398954026	0.180101619593075	0.587485744302409	182
heldout_GOB	HMGA1	-0.4287029782388	0.668152374921864	0.889301400424171	21
heldout_GOB	HNF1A	-1.94512584962396	0.0517991851698079	0.327195851673025	35
heldout_GOB	HNF4A	-0.577061914374437	0.563915893650463	0.85272574577912	92
heldout_GOB	HOXA9	0.987505516150713	0.323428469337915	0.688543141871669	22
heldout_GOB	HR	0.0702553646761164	0.943992383498854	0.986891490424194	29
heldout_GOB	HSF1	-0.0443411254044387	0.964633735227691	0.990846608467574	36
heldout_GOB	ID1	0.863319034809746	0.387991189628678	0.748268722855307	27
heldout_GOB	IRF1	-0.69172102444138	0.489135117858739	0.796087027239364	51
heldout_GOB	IRF2	-2.28336746611169	0.0224380873307845	0.249458735618721	24
heldout_GOB	IRF3	-1.06027602692904	0.289055042753386	0.674461766424568	25
heldout_GOB	IRF8	1.03009878944269	0.302998658173263	0.684710268433644	20
heldout_GOB	JUN	-1.23082124905387	0.218430423984554	0.605591803105005	213
heldout_GOB	JUNB	0.197273474449989	0.843619172387479	0.952557893828324	28
heldout_GOB	KAT5	2.16102101727237	0.0307269854768188	0.263972738869035	30
heldout_GOB	KAT7	-0.78251604728562	0.433937407558249	0.772903092641906	31
heldout_GOB	KLF4	-0.440194610802257	0.659809538050837	0.889301400424171	36
heldout_GOB	KLF5	-1.20433249998553	0.228501162132877	0.608263656945264	23
heldout_GOB	KLF6	-0.679208472821267	0.49702787944045	0.796087027239364	24
heldout_GOB	KMT2A	-0.230905040524676	0.81739521578469	0.952557893828324	38
heldout_GOB	LEF1	0.985075934448494	0.324620278885935	0.688543141871669	26
heldout_GOB	MAX	-0.280028289101883	0.77946394412767	0.948663577597828	21
heldout_GOB	MBD2	0.177404943916414	0.859195375593011	0.952557893828324	36
heldout_GOB	MEF2A	-2.25882336971469	0.0239245274256583	0.251207537969412	36
heldout_GOB	MEF2C	-0.0334013966709512	0.973355433090155	0.99440095596778	21
heldout_GOB	MITF	-0.141043330156617	0.88783970594	0.964377611624483	31
heldout_GOB	MTA1	0.22865374289273	0.819144623317307	0.952557893828324	22
heldout_GOB	MYB	-0.53547140838622	0.592340664212024	0.863466610254774	69
heldout_GOB	MYC	4.40238954143034	1.0863036966124e-05	0.000684371328865813	457
heldout_GOB	MYCN	2.79926426544186	0.00513571942420857	0.138664424453631	46
heldout_GOB	MYOD1	0.743410776084076	0.457257575508785	0.778573709650093	57
heldout_GOB	NANOG	1.23111968311756	0.218318809307101	0.605591803105005	21
heldout_GOB	NCOA1	-1.30135768488444	0.1931781993363	0.587485744302409	28
heldout_GOB	NCOA2	-0.844786490321093	0.39825847175234	0.752708511611923	25
heldout_GOB	NCOA3	0.406021313592907	0.684739153602668	0.898720139103502	33
heldout_GOB	NCOR1	2.28955570367031	0.0220762389353511	0.249458735618721	34
heldout_GOB	NCOR2	-0.0936429112568954	0.925395458543231	0.984290965878568	30
heldout_GOB	NFATC1	-2.03780396628187	0.0416064664558201	0.29124526519074	34
heldout_GOB	NFATC2	-0.943252021862633	0.345584046062209	0.688543141871669	24
heldout_GOB	NFE2L2	0.942256930069128	0.346093113639198	0.688543141871669	93
heldout_GOB	NFIA	-1.10403525695581	0.269615190551857	0.652018415345744	24
heldout_GOB	NFIC	0.0257532691150743	0.979454857746835	0.994820298387872	23
heldout_GOB	NFKB	0.19542734276342	0.845063994826283	0.952557893828324	300
heldout_GOB	NFKB1	-0.906685568233281	0.364603810481448	0.71781375188535	131
heldout_GOB	NFKB2	0.796615654781076	0.425700869933138	0.770743707431466	24
heldout_GOB	NFYA	-2.63032666134353	0.00854866505302674	0.141145928997142	33
heldout_GOB	NKX3-1	1.46066653546102	0.144151145024544	0.576852839192031	30
heldout_GOB	NR0B1	-1.32759817575006	0.184353492216939	0.587485744302409	21
heldout_GOB	NR0B2	-0.360017338569026	0.718844856199435	0.924793997023162	46
heldout_GOB	NR1H3	-1.72569835092146	0.084445124720931	0.415055929436113	38
heldout_GOB	NR1H4	-2.04939622740453	0.0404599850340709	0.29124526519074	41
heldout_GOB	NR1I2	-0.116118092251332	0.907562228258892	0.974598074664379	94
heldout_GOB	NR1I3	-0.185056693300087	0.853189844674469	0.952557893828324	21
heldout_GOB	NR2C2	-1.10629221505244	0.268637473912179	0.652018415345744	20
heldout_GOB	NR2F2	-0.433287812441563	0.66481882969134	0.889301400424171	20
heldout_GOB	NR3C1	-2.61423327386736	0.00896164628553286	0.141145928997142	84
heldout_GOB	NR3C2	-0.73182380617647	0.464300226492654	0.783506632206354	20
heldout_GOB	NR4A1	-2.18211347445729	0.0291337680079423	0.262203912071481	31
heldout_GOB	NR5A1	-0.0535711202211756	0.95727837061363	0.99055671597315	35
heldout_GOB	NRF1	-0.505582633605883	0.613165341549208	0.863828146299523	45
heldout_GOB	NRG1	1.28470572674044	0.198936971615631	0.587485744302409	20
heldout_GOB	PAX3	-0.493618853535294	0.621590623792249	0.863828146299523	28
heldout_GOB	PAX5	-0.072051222872588	0.942563169520443	0.986891490424194	24
heldout_GOB	PAX6	-0.0124840186303156	0.99003980311788	0.994820298387872	35
heldout_GOB	PDX1	-1.43053807965035	0.152606571214823	0.576852839192031	33
heldout_GOB	PGR	-0.767376543230174	0.442883141460237	0.772903092641906	39
heldout_GOB	PITX2	1.22374474010087	0.221089070974843	0.605591803105005	32
heldout_GOB	POU5F1	1.65136539960333	0.0987081286572017	0.455020397956369	30
heldout_GOB	PPARA	-4.48694866892869	7.3386957706867e-06	0.000684371328865813	97
heldout_GOB	PPARD	-4.11964353655998	3.83761684476827e-05	0.00181327395915301	39
heldout_GOB	PPARG	-1.80569338337251	0.0710085064315631	0.372853037979336	121
heldout_GOB	RARA	2.09062366434818	0.036597219878441	0.288203106542723	53
heldout_GOB	RBPJ	-0.854960353875691	0.392601891651476	0.749512702243728	46
heldout_GOB	REL	0.17468991864993	0.861328261542485	0.952557893828324	33
heldout_GOB	RELA	-0.372420955727317	0.709590549255733	0.924793997023162	174
heldout_GOB	RUNX1	-0.191531927296271	0.848114336063664	0.952557893828324	54
heldout_GOB	RUNX2	-2.64465360940897	0.00819542222685682	0.141145928997142	30
heldout_GOB	RUNX3	-1.43238525396979	0.152077539553876	0.576852839192031	23
heldout_GOB	RXRA	-1.93916262866336	0.052521034422929	0.327195851673025	32
heldout_GOB	SIRT1	-0.319733409518478	0.749179821347739	0.940518609804559	24
heldout_GOB	SMAD1	-2.20949669752792	0.0271718526386053	0.262203912071481	21
heldout_GOB	SMAD2	-1.21110332939869	0.225896041627586	0.608263656945264	24
heldout_GOB	SMAD3	-0.0916179238657797	0.927004190086693	0.984290965878568	44
heldout_GOB	SMAD4	-1.15136048927012	0.249622660952153	0.646283327670642	50
heldout_GOB	SMAD7	-1.43693468586516	0.150780536355187	0.576852839192031	21
heldout_GOB	SMARCA1	1.27131924130333	0.203656669895728	0.589947901586574	24
heldout_GOB	SNAI1	-0.0512716839658787	0.959110471021621	0.99055671597315	42
heldout_GOB	SNAI2	3.05434269794244	0.00226388853272888	0.0713124887809599	23
heldout_GOB	SOX2	1.8085025224099	0.0705705360609419	0.372853037979336	27
heldout_GOB	SOX9	-0.180702902611505	0.856605928461134	0.952557893828324	26
heldout_GOB	SP1	-1.80562224591559	0.0710196262817783	0.372853037979336	481
heldout_GOB	SP3	-0.279438149743379	0.779916721962618	0.948663577597828	147
heldout_GOB	SP4	-1.11018254802353	0.266957900175896	0.652018415345744	20
heldout_GOB	SPI1	0.894835289423492	0.370905420906694	0.722692005684178	99
heldout_GOB	SREBF1	-1.76116938187121	0.0782526989023431	0.399723245744401	52
heldout_GOB	SREBF2	-2.34814545576486	0.0188943902633282	0.245941271549631	34
heldout_GOB	SRF	-1.18865998538716	0.234613175308333	0.615859585184373	31
heldout_GOB	SSRP1	0.156679736052515	0.875501704768014	0.962033850006713	44
heldout_GOB	STAT1	-0.352315223188833	0.724612310553363	0.925349504693145	120
heldout_GOB	STAT3	-1.09502517762437	0.273542682828128	0.652018415345744	149
heldout_GOB	STAT5A	-1.58344278121338	0.113365035671986	0.498278877721055	71
heldout_GOB	STAT5B	-1.0902222115317	0.275652202453871	0.652018415345744	37
heldout_GOB	STAT6	-1.81665074256377	0.0693126775471634	0.372853037979336	28
heldout_GOB	TAF1	-1.96400899836845	0.0495679335232002	0.327195851673025	20
heldout_GOB	TAL1	0.814990274949598	0.415105163017656	0.761697823401331	31
heldout_GOB	TBP	-1.10747618642229	0.268125551298851	0.652018415345744	69
heldout_GOB	TCF12	2.63752269322341	0.00836957392037342	0.141145928997142	20
heldout_GOB	TCF3	-1.2905425163719	0.196904307126703	0.587485744302409	38
heldout_GOB	TCF4	-0.568180299690283	0.56993048212158	0.85349382900339	22
heldout_GOB	TCF7L2	1.02334630697167	0.306178937962471	0.684710268433644	42
heldout_GOB	TFAP2A	0.275390937180126	0.783023905318842	0.948663577597828	109
heldout_GOB	TFCP2	0.480656472882413	0.630775454382884	0.870193875024563	20
heldout_GOB	THRA	-0.42919930544549	0.667791187279865	0.889301400424171	30
heldout_GOB	TP53	-0.257246549929522	0.79699589208553	0.952557893828324	443
heldout_GOB	TP63	-0.792336448532216	0.428190948573036	0.770743707431466	90
heldout_GOB	TP73	0.664448231068385	0.506425010960565	0.797745199929065	57
heldout_GOB	TWIST1	0.524781339012627	0.599751560044151	0.863466610254774	26
heldout_GOB	USF1	-0.234653493473648	0.814484440823971	0.952557893828324	68
heldout_GOB	USF2	-0.952980322251662	0.34063242315765	0.688543141871669	42
heldout_GOB	VDR	-1.29878535100313	0.194059704799546	0.587485744302409	44
heldout_GOB	WT1	-0.174041125942824	0.861838094416102	0.952557893828324	59
heldout_GOB	XBP1	-1.35167539835566	0.176522159873462	0.587485744302409	24
heldout_GOB	YBX1	-0.682576325725859	0.494896826055823	0.796087027239364	37
heldout_GOB	YY1	0.994185477194614	0.320166395661809	0.688543141871669	99
heldout_GOB	ZBTB17	1.01963035602773	0.307938480512485	0.684710268433644	23
heldout_GOB	ZEB1	2.10508887336859	0.0353185501520549	0.288203106542723	22
heldout_GOB	ZNF699	-0.76256467599259	0.445748344433692	0.772903092641906	20
heldout_TAC	AHR	-1.8716586681385	0.0612948510922976	0.373700866336911	58
heldout_TAC	AP1	0.466617947636644	0.640787534552505	0.852879183312841	185
heldout_TAC	AR	-1.00215427535076	0.316303177791977	0.657414117044977	242
heldout_TAC	ATF1	-0.331967844722574	0.739923320713043	0.889569844696375	39
heldout_TAC	ATF2	0.672537290175691	0.501263554832868	0.810494593523586	42
heldout_TAC	ATF3	0.873123493021967	0.382625243995008	0.71719090573221	36
heldout_TAC	ATF4	1.29142404666495	0.196598640686378	0.546428574848903	47
heldout_TAC	ATF6	-1.73576477136897	0.082648740306185	0.459429762290264	29
heldout_TAC	BCL6	-1.00167900670635	0.316532723021656	0.657414117044977	29
heldout_TAC	BMAL1	0.589297180857118	0.555680651005584	0.827296808094552	23
heldout_TAC	BRCA1	1.69960814075945	0.0892483809090591	0.466921095046785	24
heldout_TAC	CDX1	-1.46417168527806	0.143191236289375	0.492603896051992	21
heldout_TAC	CDX2	-0.152403069747374	0.878873358617509	0.938457993100052	35
heldout_TAC	CEBPA	0.30750708602249	0.758466433145415	0.901573307323795	68
heldout_TAC	CEBPB	0.389038669613443	0.697259186388771	0.879443541582387	154
heldout_TAC	CEBPD	-1.0256450067465	0.305093822471182	0.657414117044977	22
heldout_TAC	CEBPG	-2.18548452228703	0.0288858423259878	0.31701059804514	60
heldout_TAC	CLOCK	1.13615081091081	0.255931730012958	0.620142268877551	20
heldout_TAC	CREB1	-1.18379034775189	0.23653562265937	0.613530671045059	149
heldout_TAC	CREBBP	1.43895012623714	0.150208654509042	0.492603896051992	20
heldout_TAC	CREM	1.33800119097107	0.180938820947336	0.528903535315056	22
heldout_TAC	CTCF	1.56377715752979	0.117914396147857	0.492603896051992	55
heldout_TAC	CTNNB1	1.99763872640289	0.0457938590098725	0.31701059804514	116
heldout_TAC	CUX1	0.525095756883708	0.5995329915461	0.827296808094552	47
heldout_TAC	DDIT3	0.483075789831001	0.629056791405388	0.843203784224244	45
heldout_TAC	DNMT1	0.883645782519982	0.376917321239219	0.71719090573221	70
heldout_TAC	DNMT3A	1.65415799685531	0.0981395378593658	0.466921095046785	21
heldout_TAC	DNMT3B	0.350611903897579	0.725889907337844	0.879443541582387	30
heldout_TAC	E2F1	1.08241706182628	0.279103942657608	0.657414117044977	132
heldout_TAC	E2F2	1.96087402148389	0.0499326841339949	0.325423355218105	20
heldout_TAC	E2F3	1.63173566329708	0.10277945150365	0.466921095046785	27
heldout_TAC	E2F4	-1.62623144946442	0.103944726088824	0.466921095046785	65
heldout_TAC	E2F6	-0.543958835701441	0.58648684911204	0.827296808094552	20
heldout_TAC	EGR1	-1.4355673949219	0.151169449582093	0.492603896051992	126
heldout_TAC	EGR2	1.03324760299502	0.301523169162853	0.657414117044977	21
heldout_TAC	ELF1	1.3118105530981	0.189626399293854	0.534916260694604	31
heldout_TAC	ELK1	2.1638721047423	0.0305073470767866	0.31701059804514	29
heldout_TAC	EP300	2.04009547640261	0.0413776780470554	0.31701059804514	23
heldout_TAC	EPAS1	-2.08862035199039	0.0367773778835774	0.31701059804514	33
heldout_TAC	ESR1	-0.159091704613692	0.8736011404953	0.938457993100052	252
heldout_TAC	ESR2	-0.0184048592725123	0.985316392170365	0.990557436809569	65
heldout_TAC	ETS1	2.86849564555224	0.00413642750256184	0.130297466330698	72
heldout_TAC	ETS2	1.47288607092823	0.140826005344056	0.492603896051992	34
heldout_TAC	EWSR1	-1.50782811944064	0.131642934430929	0.492603896051992	24
heldout_TAC	EZH2	0.397050047420324	0.691342467567368	0.879443541582387	52
heldout_TAC	FLI1	1.48786203374292	0.136831610279964	0.492603896051992	26
heldout_TAC	FOS	-0.583639437085052	0.559481426995486	0.827296808094552	100
heldout_TAC	FOXA2	-4.40639494721196	1.06647240830881e-05	0.00100781642585183	34
heldout_TAC	FOXM1	1.14078194980131	0.253999080878877	0.620142268877551	24
heldout_TAC	FOXN1	-0.262685850437147	0.792800331270024	0.920591866904103	20
heldout_TAC	FOXO1	-0.373446576700206	0.708827228672496	0.879443541582387	101
heldout_TAC	FOXO3	-0.534816324977594	0.592793590471562	0.827296808094552	88
heldout_TAC	GATA1	-0.116701717642064	0.90709972378503	0.947192529256192	39
heldout_TAC	GATA2	0.156750525286555	0.875445914530088	0.938457993100052	22
heldout_TAC	GATA3	2.0911811712093	0.0365472172201372	0.31701059804514	59
heldout_TAC	GATA4	-1.5409642578395	0.123369968363095	0.492603896051992	43
heldout_TAC	GATA6	-1.98899576105181	0.046739915603374	0.31701059804514	25
heldout_TAC	GLI1	-0.218909500214181	0.826726826531114	0.934972385920022	62
heldout_TAC	GLI2	-0.865022867887641	0.38705540944278	0.71719090573221	49
heldout_TAC	HBP1	0.218149993738328	0.827318503854318	0.934972385920022	20
heldout_TAC	HDAC1	2.00564497267477	0.0449319443972509	0.31701059804514	29
heldout_TAC	HES1	-1.52714946172812	0.126768313015437	0.492603896051992	29
heldout_TAC	HIF1A	0.654442890700514	0.512847668543503	0.81251626727349	182
heldout_TAC	HMGA1	-1.41179029961553	0.15805545810695	0.501637709625938	21
heldout_TAC	HNF1A	-3.55984358726379	0.000373498024131845	0.0176477816402297	35
heldout_TAC	HNF4A	1.32656117815832	0.184696472649702	0.528903535315056	92
heldout_TAC	HOXA9	0.327021081202418	0.74366156329115	0.889569844696375	22
heldout_TAC	HR	0.15759425355826	0.874781005212862	0.938457993100052	29
heldout_TAC	HSF1	-1.0476944545839	0.294815001472168	0.657414117044977	36
heldout_TAC	ID1	1.4077457583968	0.159250066547917	0.501637709625938	27
heldout_TAC	IRF1	0.875395596144548	0.381388253673745	0.71719090573221	51
heldout_TAC	IRF2	0.82864755222308	0.407331675661235	0.740246987499744	24
heldout_TAC	IRF3	0.787318892744408	0.431121445415175	0.750224953455403	25
heldout_TAC	IRF8	2.2141395603342	0.0268507725041232	0.31701059804514	20
heldout_TAC	JUN	-0.905422843821822	0.365272085140314	0.71719090573221	213
heldout_TAC	JUNB	0.355967608323107	0.721875379892725	0.879443541582387	28
heldout_TAC	KAT5	0.595239883012389	0.551702070320476	0.827296808094552	30
heldout_TAC	KAT7	0.418636876612957	0.675494174244035	0.879443541582387	31
heldout_TAC	KLF4	-0.133451216304891	0.893840318051033	0.940615835050271	36
heldout_TAC	KLF5	1.46179330862963	0.143842034011553	0.492603896051992	23
heldout_TAC	KLF6	0.106833640591561	0.914923971711884	0.950113355239264	24
heldout_TAC	KMT2A	0.404302733046391	0.68600227171909	0.879443541582387	38
heldout_TAC	LEF1	1.36881004864059	0.171101883667764	0.521584774406569	26
heldout_TAC	MAX	-2.00466779468673	0.045036404142463	0.31701059804514	21
heldout_TAC	MBD2	0.141079301576347	0.887811290072756	0.940615835050271	36
heldout_TAC	MEF2A	-0.0761954993354078	0.939265706194079	0.964789230818918	36
heldout_TAC	MEF2C	-0.741716289004057	0.458283737028816	0.78741478453133	21
heldout_TAC	MITF	-0.178494559586973	0.858339676727172	0.938457993100052	31
heldout_TAC	MTA1	0.573933777571388	0.566030761808094	0.827296808094552	22
heldout_TAC	MYB	-2.21000595517307	0.027136473523765	0.31701059804514	69
heldout_TAC	MYC	-5.98065737460259	2.33002199955671e-09	4.40374157916219e-07	457
heldout_TAC	MYCN	0.490792344764536	0.62358846540814	0.841844428300989	46
heldout_TAC	MYOD1	1.87699249301201	0.0605600212934456	0.373700866336911	57
heldout_TAC	NANOG	-0.353858969223885	0.72345506587714	0.879443541582387	21
heldout_TAC	NCOA1	-0.408856173869207	0.68265752200866	0.879443541582387	28
heldout_TAC	NCOA2	2.02657775190993	0.0427428497670976	0.31701059804514	25
heldout_TAC	NCOA3	1.26615792033901	0.205498014097168	0.554844638062353	33
heldout_TAC	NCOR1	2.70571484414218	0.00683200244733955	0.161406057818397	34
heldout_TAC	NCOR2	-0.67546358736352	0.499403235427176	0.810494593523586	30
heldout_TAC	NFATC1	-1.16978992737468	0.242124713015579	0.613530671045059	34
heldout_TAC	NFATC2	0.835013099735177	0.403738377199021	0.740246987499744	24
heldout_TAC	NFE2L2	-0.268745728728282	0.78813315345901	0.920591866904103	93
heldout_TAC	NFIA	-1.53653188653023	0.124452461799673	0.492603896051992	24
heldout_TAC	NFIC	-0.784676463652778	0.432669417601264	0.750224953455403	23
heldout_TAC	NFKB	0.279785540679424	0.779650181093857	0.920591866904103	300
heldout_TAC	NFKB1	0.155885134351802	0.876127986714099	0.938457993100052	131
heldout_TAC	NFKB2	-1.20189630220761	0.229443719879066	0.610772719114697	24
heldout_TAC	NFYA	-0.0488516391274845	0.961038900759277	0.976539528190878	33
heldout_TAC	NKX3-1	2.30786597408708	0.0210351479185541	0.31701059804514	30
heldout_TAC	NR0B1	-1.62611308845805	0.10396989865046	0.466921095046785	21
heldout_TAC	NR0B2	0.130942363736094	0.895824604809782	0.940615835050271	46
heldout_TAC	NR1H3	-0.369497953166446	0.711767597819563	0.879443541582387	38
heldout_TAC	NR1H4	-1.79709984836486	0.0723621740158907	0.419617584843089	41
heldout_TAC	NR1I2	2.17858854438601	0.029394967893255	0.31701059804514	94
heldout_TAC	NR1I3	-1.47345682130052	0.140672148686519	0.492603896051992	21
heldout_TAC	NR2C2	0.502244041877356	0.615511413278244	0.836918396471857	20
heldout_TAC	NR2F2	1.15905488016028	0.24647272435966	0.613530671045059	20
heldout_TAC	NR3C1	-1.61557433998383	0.106230725328105	0.466921095046785	84
heldout_TAC	NR3C2	1.44637035312185	0.14811741434823	0.492603896051992	20
heldout_TAC	NR4A1	-0.578390015996758	0.563019144552933	0.827296808094552	31
heldout_TAC	NR5A1	-2.10497911540581	0.0353281068808456	0.31701059804514	35
heldout_TAC	NRF1	-0.206977302660728	0.836033509103089	0.934972385920022	45
heldout_TAC	NRG1	0.524883188575249	0.599680755073829	0.827296808094552	20
heldout_TAC	PAX3	-1.33318879552095	0.182512551079632	0.528903535315056	28
heldout_TAC	PAX5	0.808897434077044	0.418601199705205	0.746373837210225	24
heldout_TAC	PAX6	3.12480660494166	0.00178637830961668	0.0675251001035105	35
heldout_TAC	PDX1	-0.0354208578305751	0.971745146921299	0.982138143145056	33
heldout_TAC	PGR	-1.48488958988454	0.137617387566593	0.492603896051992	39
heldout_TAC	PITX2	-1.16142454380764	0.245508264845545	0.613530671045059	32
heldout_TAC	POU5F1	-1.03630706327566	0.300094140415568	0.657414117044977	30
heldout_TAC	PPARA	-2.62936747273264	0.00857279389308317	0.180028671754747	97
heldout_TAC	PPARD	-3.81003280314227	0.000140119497450602	0.00882752833938794	39
heldout_TAC	PPARG	-0.505826956929666	0.612993807532278	0.836918396471857	121
heldout_TAC	RARA	1.04941301129403	0.294023725857602	0.657414117044977	53
heldout_TAC	RBPJ	1.33349441322889	0.182412308334075	0.528903535315056	46
heldout_TAC	REL	0.877160298440146	0.380429201015917	0.71719090573221	33
heldout_TAC	RELA	0.969783803002248	0.332187242130256	0.675090201748584	174
heldout_TAC	RUNX1	0.161378798772292	0.871799647210038	0.938457993100052	54
heldout_TAC	RUNX2	-1.00539400524155	0.314741365211169	0.657414117044977	30
heldout_TAC	RUNX3	0.588206187961975	0.556412579282072	0.827296808094552	23
heldout_TAC	RXRA	-0.70418793210395	0.481338798085951	0.798009059984603	32
heldout_TAC	SIRT1	-0.704359991531978	0.481231674165027	0.798009059984603	24
heldout_TAC	SMAD1	2.79806131049068	0.00515486473514192	0.139181347848832	21
heldout_TAC	SMAD2	0.35574507102748	0.72204203775831	0.879443541582387	24
heldout_TAC	SMAD3	2.32534231792897	0.0200816476100767	0.31701059804514	44
heldout_TAC	SMAD4	1.79143157816853	0.0732665624329203	0.419617584843089	50
heldout_TAC	SMAD7	-0.937610170392938	0.348476616798556	0.700660431648161	21
heldout_TAC	SMARCA1	0.257961651574209	0.796443966224636	0.920591866904103	24
heldout_TAC	SNAI1	0.711304573661173	0.476918842710943	0.798009059984603	42
heldout_TAC	SNAI2	1.63652198389412	0.101774628456694	0.466921095046785	23
heldout_TAC	SOX2	-0.552945237119939	0.580318286497925	0.827296808094552	27
heldout_TAC	SOX9	0.21108706707496	0.832825378815267	0.934972385920022	26
heldout_TAC	SP1	-1.98696536324091	0.0469645330437244	0.31701059804514	481
heldout_TAC	SP3	0.904631224507056	0.365691425601969	0.71719090573221	147
heldout_TAC	SP4	-1.27933454770452	0.200821002015282	0.550074918563598	20
heldout_TAC	SPI1	0.35323431205632	0.723923254194643	0.879443541582387	99
heldout_TAC	SREBF1	-0.193398567926354	0.846652358916476	0.938457993100052	52
heldout_TAC	SREBF2	-0.449492737022846	0.653089942086585	0.86317481856199	34
heldout_TAC	SRF	0.671797013238046	0.501734748371744	0.810494593523586	31
heldout_TAC	SSRP1	1.37891575468368	0.167964088452082	0.520413323236778	44
heldout_TAC	STAT1	1.65056243867962	0.0988721027025709	0.466921095046785	120
heldout_TAC	STAT3	0.0593677184140739	0.952660892421285	0.973258965770934	149
heldout_TAC	STAT5A	0.532213009744101	0.594595096343172	0.827296808094552	71
heldout_TAC	STAT5B	-0.57908275757121	0.562551670892877	0.827296808094552	37
heldout_TAC	STAT6	2.1763286332108	0.0295634869288417	0.31701059804514	28
heldout_TAC	TAF1	-0.5528140231656	0.58040813694461	0.827296808094552	20
heldout_TAC	TAL1	1.49054131326976	0.136126303247176	0.492603896051992	31
heldout_TAC	TBP	-0.564158959417764	0.572663742967244	0.827296808094552	69
heldout_TAC	TCF12	-0.398167556858544	0.690518628985645	0.879443541582387	20
heldout_TAC	TCF3	-0.654119943234238	0.5130556808884	0.81251626727349	38
heldout_TAC	TCF4	-0.81221752717601	0.416694004961437	0.746373837210225	22
heldout_TAC	TCF7L2	0.254883491331898	0.798820455937952	0.920591866904103	42
heldout_TAC	TFAP2A	-0.868635441395013	0.385075869626337	0.71719090573221	109
heldout_TAC	TFCP2	-0.525169858837597	0.599481484611238	0.827296808094552	20
heldout_TAC	THRA	1.00196530042586	0.316394435802968	0.657414117044977	30
heldout_TAC	TP53	-0.00732098954989061	0.994158952952936	0.994158952952936	443
heldout_TAC	TP63	2.15918518556369	0.0308691295598285	0.31701059804514	90
heldout_TAC	TP73	0.569918030603904	0.568751294137827	0.827296808094552	57
heldout_TAC	TWIST1	0.23868201501675	0.811359039595697	0.929374899900526	26
heldout_TAC	USF1	-1.05977328571303	0.289283737542148	0.657414117044977	68
heldout_TAC	USF2	-0.977325630176391	0.328441205366144	0.674732476241317	42
heldout_TAC	VDR	1.68732798931935	0.0915841468932091	0.466921095046785	44
heldout_TAC	WT1	1.15847106464108	0.246710746028701	0.613530671045059	59
heldout_TAC	XBP1	-0.649736623136272	0.515883344300629	0.81251626727349	24
heldout_TAC	YBX1	0.800771842469749	0.423290488313622	0.747681329824996	37
heldout_TAC	YY1	-1.08871490787068	0.276316510793353	0.657414117044977	99
heldout_TAC	ZBTB17	0.0893823237659297	0.928780587302972	0.959232409837495	23
heldout_TAC	ZEB1	-1.06761911703884	0.285728589003799	0.657414117044977	22
heldout_TAC	ZNF699	-0.705088456739296	0.480778276767716	0.798009059984603	20
