group_id	donor_id	carrier_group	study_id	n_cells_sampled	M02	M03	M04	M05	M06	M09	M10
Borras_2023_Cell_Discov.SMC119__tumor_cancer	Borras_2023_Cell_Discov.SMC119	tumor_cancer	Borras_2023_Cell_Discov	2	-0.07318534236548392	-0.3311212912636773	0.21168218509051048	0.21235008494889554	-0.2988805726361949	-0.018910117355795036	-0.22968816217357685
Borras_2023_Cell_Discov.SMC125__tumor_cancer	Borras_2023_Cell_Discov.SMC125	tumor_cancer	Borras_2023_Cell_Discov	1	0.227751919191522	-0.02402154620765701	-0.3379116629102184	-0.15225201521000647	-0.02471053412081129	0.10991378581829654	0.20724443382689497
Borras_2023_Cell_Discov.SMC136__tumor_cancer	Borras_2023_Cell_Discov.SMC136	tumor_cancer	Borras_2023_Cell_Discov	1	-0.5103887010430852	-0.614240825751969	0.7977308674519782	0.46086732962887306	-0.45656510312681303	0.5982060911151439	1.0045707183002766
Burclaff_2022_Cell_Mol_Gastroenterol_Hepatol.Donor1__normal_epithelial	Burclaff_2022_Cell_Mol_Gastroenterol_Hepatol.Donor1	normal_epithelial	Burclaff_2022_Cell_Mol_Gastroenterol_Hepatol	69	-0.015502930578948786	-0.1013079313518701	-0.11145325580730149	-0.3188718591850124	-0.17511942228571475	-0.3227528785364108	-0.4369773157200024
Burclaff_2022_Cell_Mol_Gastroenterol_Hepatol.Donor2__normal_epithelial	Burclaff_2022_Cell_Mol_Gastroenterol_Hepatol.Donor2	normal_epithelial	Burclaff_2022_Cell_Mol_Gastroenterol_Hepatol	91	0.12616891691585244	-0.10884294687978015	-0.16093963625475866	-0.33328888780762084	-0.15116418015057656	-0.40066096946421603	-0.5545731576709833
Burclaff_2022_Cell_Mol_Gastroenterol_Hepatol.Donor3__normal_epithelial	Burclaff_2022_Cell_Mol_Gastroenterol_Hepatol.Donor3	normal_epithelial	Burclaff_2022_Cell_Mol_Gastroenterol_Hepatol	66	0.07772147392739966	-0.026563235098698044	-0.08652341467841275	-0.28274200554903944	-0.07445892955230202	-0.1645264221215574	-0.33883850652898595
Che_2021_Cell_Discov.COL07__tumor_cancer	Che_2021_Cell_Discov.COL07	tumor_cancer	Che_2021_Cell_Discov	264	-0.03711988378604203	0.17923830626490403	0.04717494110107036	0.014515673676622484	0.0007321903057864237	0.0434974312682996	-0.07032058255251811
Che_2021_Cell_Discov.COL07__tumor_epithelial	Che_2021_Cell_Discov.COL07	tumor_epithelial	Che_2021_Cell_Discov	1	-0.3228477779356902	-0.25293574497875565	0.5703547300310345	0.5362760343310456	-0.18343009109590233	0.7360769813839819	0.14165706698934058
Che_2021_Cell_Discov.COL07__metastasis_cancer	Che_2021_Cell_Discov.COL07	metastasis_cancer	Che_2021_Cell_Discov	259	-0.07528037762239503	0.19277480399918706	0.20346757902699936	0.1465911369913102	0.1232512712455276	0.22691685292824504	0.04808866316356394
Che_2021_Cell_Discov.COL07__metastasis_epithelial	Che_2021_Cell_Discov.COL07	metastasis_epithelial	Che_2021_Cell_Discov	1	-0.23476334100888216	-0.14992480022796414	0.4544563425854952	0.2829070287111847	-0.5109885801017369	0.3444220467022808	0.3845275505216952
Che_2021_Cell_Discov.COL12__tumor_cancer	Che_2021_Cell_Discov.COL12	tumor_cancer	Che_2021_Cell_Discov	10	0.035771199967014146	-0.0630698506967625	-0.22066753079801193	-0.17266658670380763	-0.11251831499907795	-0.1503962803267992	-0.24908019777123724
Che_2021_Cell_Discov.COL12__metastasis_cancer	Che_2021_Cell_Discov.COL12	metastasis_cancer	Che_2021_Cell_Discov	40	0.034861561845546944	0.039657673879701726	-0.11820261426686442	-0.11588242836457203	-0.055119000904919654	-0.16205168674036607	-0.1655010788157382
Che_2021_Cell_Discov.COL15__tumor_cancer	Che_2021_Cell_Discov.COL15	tumor_cancer	Che_2021_Cell_Discov	33	-0.0758328395520003	0.2741189054001395	0.1372869852539823	0.019326145436626505	0.08714384829673165	0.029538594090465563	0.030837995680832488
Che_2021_Cell_Discov.COL15__tumor_epithelial	Che_2021_Cell_Discov.COL15	tumor_epithelial	Che_2021_Cell_Discov	8	-0.49006668512967444	-0.012535899051901318	0.7918024617384039	0.6889544046521033	0.11863280333707647	0.8840118604651377	0.7276668014333844
Che_2021_Cell_Discov.COL15__metastasis_cancer	Che_2021_Cell_Discov.COL15	metastasis_cancer	Che_2021_Cell_Discov	169	-0.11018678012041647	0.5203938067139413	0.15006069255693955	-0.06248420652540408	0.2896622492002734	0.039815507115548154	-0.05679413301093858
Che_2021_Cell_Discov.COL16__tumor_cancer	Che_2021_Cell_Discov.COL16	tumor_cancer	Che_2021_Cell_Discov	103	-0.0736053981039535	0.05497663922811146	0.0874659755103551	0.012404977319859147	-0.058040114872233456	0.007438109983710031	-0.0066283775926992815
Che_2021_Cell_Discov.COL16__tumor_epithelial	Che_2021_Cell_Discov.COL16	tumor_epithelial	Che_2021_Cell_Discov	2	-0.4582207561164752	-0.5158562782975188	0.8231064954170101	0.7022322164338387	-0.5171850985934342	0.7531627407365037	0.7995977816247646
Che_2021_Cell_Discov.COL16__metastasis_cancer	Che_2021_Cell_Discov.COL16	metastasis_cancer	Che_2021_Cell_Discov	39	-0.29623217001819935	-0.5722571658169343	0.327987839045034	0.43783571732536436	-0.5501154421883351	0.3324504847324179	0.36780439410778826
Che_2021_Cell_Discov.COL17__tumor_cancer	Che_2021_Cell_Discov.COL17	tumor_cancer	Che_2021_Cell_Discov	7	-0.2447542821898965	-0.21133777101168383	0.501896705700024	0.4543428393949343	-0.15489768870365958	0.36249103608190025	0.21231935916375308
Che_2021_Cell_Discov.COL17__tumor_epithelial	Che_2021_Cell_Discov.COL17	tumor_epithelial	Che_2021_Cell_Discov	5	-0.48221689422902775	-0.23255697946597118	0.7732198450053867	0.6436551843528213	-0.11052493694587885	0.8045559673345765	0.7227444484425262
Che_2021_Cell_Discov.COL17__metastasis_cancer	Che_2021_Cell_Discov.COL17	metastasis_cancer	Che_2021_Cell_Discov	3	-0.11957814061341127	-0.0454367479696167	0.15930943542323991	0.14490164439759623	-0.26730807863338785	0.2812630602957267	-0.014817772511027033
Che_2021_Cell_Discov.COL18__tumor_cancer	Che_2021_Cell_Discov.COL18	tumor_cancer	Che_2021_Cell_Discov	7	-0.11306330350631313	0.3106648725636235	0.30162670551014115	0.24851074704347628	0.09716815809135802	0.2330391477318242	0.044551154292573225
Che_2021_Cell_Discov.COL18__metastasis_cancer	Che_2021_Cell_Discov.COL18	metastasis_cancer	Che_2021_Cell_Discov	34	-0.00025612053479508027	0.13971486539801892	0.021905257000200382	0.014689518940997438	-0.007256812107998758	0.04067138278130818	-0.15582685505841495
Che_2021_Cell_Discov.COL18__metastasis_epithelial	Che_2021_Cell_Discov.COL18	metastasis_epithelial	Che_2021_Cell_Discov	1	-0.34036172992219343	-0.43758020681837617	0.48662111443082895	0.603622502613271	-0.49650210299443115	0.5904426099954365	0.4525276974986661
Chen_2024_Cancer_Cell.P01__normal_epithelial	Chen_2024_Cancer_Cell.P01	normal_epithelial	Chen_2024_Cancer_Cell	119	-0.08280320689266821	-0.2156173895664259	0.23765751765069565	0.21693552894895607	-0.1659756071695281	0.18915808174409715	0.15375671626167284
Chen_2024_Cancer_Cell.P01__tumor_cancer	Chen_2024_Cancer_Cell.P01	tumor_cancer	Chen_2024_Cancer_Cell	318	-0.11925559638222286	-0.2887225233370629	0.2927949571518559	0.3348315200349504	-0.2181762273860648	0.2947214057310698	0.3308755497089995
Chen_2024_Cancer_Cell.P01__tumor_epithelial	Chen_2024_Cancer_Cell.P01	tumor_epithelial	Chen_2024_Cancer_Cell	156	-0.19875431003347546	-0.16096811400078664	0.33640706669769743	0.26702322130727013	-0.14923941253827513	0.291834072340368	0.35045215942236946
Chen_2024_Cancer_Cell.P02__normal_epithelial	Chen_2024_Cancer_Cell.P02	normal_epithelial	Chen_2024_Cancer_Cell	186	-0.10933692185168806	-0.15753634405138323	0.29708858873401417	0.22381965376981935	-0.0937921529111309	0.27954367236877187	0.26780005966932746
Chen_2024_Cancer_Cell.P02__tumor_cancer	Chen_2024_Cancer_Cell.P02	tumor_cancer	Chen_2024_Cancer_Cell	74	-0.09734315105759178	-0.24256417743524533	0.290860069568	0.2549653974646879	-0.22815795468336975	0.23783709439969108	0.3496407857981977
Chen_2024_Cancer_Cell.P02__tumor_epithelial	Chen_2024_Cancer_Cell.P02	tumor_epithelial	Chen_2024_Cancer_Cell	8	-0.11456259864227468	0.03796619547597644	0.20690685854371493	-0.06426703204979548	-0.08021238582546913	0.013488969588146257	0.2735836214207266
Chen_2024_Cancer_Cell.P03__normal_epithelial	Chen_2024_Cancer_Cell.P03	normal_epithelial	Chen_2024_Cancer_Cell	231	-0.09330924663683389	-0.22018935702026826	0.23974476845809325	0.24481440310633495	-0.13244506636511594	0.25006892894900373	0.3252801951684063
Chen_2024_Cancer_Cell.P03__tumor_cancer	Chen_2024_Cancer_Cell.P03	tumor_cancer	Chen_2024_Cancer_Cell	382	0.07088440638775192	-0.2346688518804943	-0.024991349542634315	0.038741414340985485	-0.15726000936328943	-0.04147307762805654	0.05002513355121667
Chen_2024_Cancer_Cell.P03__tumor_epithelial	Chen_2024_Cancer_Cell.P03	tumor_epithelial	Chen_2024_Cancer_Cell	27	-0.11727483864216169	-0.05513958559822518	0.25422540172375124	0.1365515726821388	-0.08545392709340947	0.13643794556228261	0.20998647234544932
Chen_2024_Cancer_Cell.P04__normal_epithelial	Chen_2024_Cancer_Cell.P04	normal_epithelial	Chen_2024_Cancer_Cell	105	-0.15038156505043865	-0.22456058171532503	0.2612388683133966	0.2503683497263146	-0.15762350646946532	0.27677117679261015	0.3016575926247287
Chen_2024_Cancer_Cell.P04__tumor_cancer	Chen_2024_Cancer_Cell.P04	tumor_cancer	Chen_2024_Cancer_Cell	97	-0.07035264000062011	-0.1289092044554799	0.1805823216174388	0.053680108459379296	-0.04709774208567997	0.06281078118483381	0.1347330728418039
Chen_2024_Cancer_Cell.P04__tumor_epithelial	Chen_2024_Cancer_Cell.P04	tumor_epithelial	Chen_2024_Cancer_Cell	8	-0.18003907780869643	-0.2016859157950577	0.2534087420746853	0.07274890229477826	-0.1226483512866671	0.058245884906100595	0.2191328712272989
Chen_2024_Cancer_Cell.P05__tumor_cancer	Chen_2024_Cancer_Cell.P05	tumor_cancer	Chen_2024_Cancer_Cell	201	-0.10790851386992824	-0.01279348706290527	0.29705694926218723	0.13222969386099212	-0.05480483476898842	0.10517107238476214	0.14027711603969154
Chen_2024_Cancer_Cell.P05__tumor_epithelial	Chen_2024_Cancer_Cell.P05	tumor_epithelial	Chen_2024_Cancer_Cell	56	-0.18949544622771283	-0.004235565212235877	0.35077475106475325	0.17762683754201217	-0.04388875956387539	0.2877833140599081	0.3218206148302358
Chen_2024_Cancer_Cell.P08__normal_epithelial	Chen_2024_Cancer_Cell.P08	normal_epithelial	Chen_2024_Cancer_Cell	424	-0.01907076524844212	-0.19844712294226136	0.13024256617871122	0.1301062105319151	-0.14312939379469936	0.12502359840566132	0.17156843442440908
Chen_2024_Cancer_Cell.P08__tumor_cancer	Chen_2024_Cancer_Cell.P08	tumor_cancer	Chen_2024_Cancer_Cell	218	-0.08750127887825829	-0.19663466794709666	0.2925206702071465	0.26974817387866135	-0.13251121449226666	0.28960185246915543	0.34763757688810054
Chen_2024_Cancer_Cell.P08__tumor_epithelial	Chen_2024_Cancer_Cell.P08	tumor_epithelial	Chen_2024_Cancer_Cell	48	-0.1950401557877981	-0.08635782301923832	0.35848846604485085	0.18925552382773483	-0.06328206779276367	0.21538499574817294	0.32149539140158534
Chen_2024_Cancer_Cell.P05__normal_epithelial	Chen_2024_Cancer_Cell.P05	normal_epithelial	Chen_2024_Cancer_Cell	86	-0.07117217064188044	-0.21409353604754233	0.17125238948680546	0.17342820314952773	-0.17528384176083409	0.13027934138916433	0.12505135261215797
Chen_2024_Cancer_Cell.P09__normal_epithelial	Chen_2024_Cancer_Cell.P09	normal_epithelial	Chen_2024_Cancer_Cell	102	-0.07922787920280909	-0.24925190351085977	0.23264237045626135	0.2090411912040134	-0.184176164210262	0.16375070461582783	0.27176818211791515
Chen_2024_Cancer_Cell.P09__tumor_cancer	Chen_2024_Cancer_Cell.P09	tumor_cancer	Chen_2024_Cancer_Cell	103	0.031204529700124717	-0.23868379081913943	0.08980369246538293	0.103559640752175	-0.12637156056570825	0.10421439054062177	0.1402220539136298
Chen_2024_Cancer_Cell.P09__tumor_epithelial	Chen_2024_Cancer_Cell.P09	tumor_epithelial	Chen_2024_Cancer_Cell	15	-0.018328925447725984	-0.06485626176014726	0.11968599698308276	-0.0072868739582015625	0.0682219435397321	0.11929324914569706	0.05464283632222063
Chen_2024_Cancer_Cell.P12__normal_epithelial	Chen_2024_Cancer_Cell.P12	normal_epithelial	Chen_2024_Cancer_Cell	50	-0.15687361159604396	-0.38331788731887245	0.32207620445802443	0.37234058396900255	-0.30791410369189226	0.32833995983557746	0.35447741057774895
Chen_2024_Cancer_Cell.P12__tumor_epithelial	Chen_2024_Cancer_Cell.P12	tumor_epithelial	Chen_2024_Cancer_Cell	3	-0.17633819776305737	-0.4112128753368407	0.40093573983001934	0.43163369042413263	-0.35465434842790244	0.21635937498605265	0.4844763921977896
Chen_2024_Cancer_Cell.P12__tumor_cancer	Chen_2024_Cancer_Cell.P12	tumor_cancer	Chen_2024_Cancer_Cell	33	-0.14983465422976766	-0.23381186605861048	0.3057893418184486	0.30827640533863127	-0.21283001977633995	0.2770172493613529	0.28787638057597087
Chen_2024_Cancer_Cell.P14__normal_epithelial	Chen_2024_Cancer_Cell.P14	normal_epithelial	Chen_2024_Cancer_Cell	287	-0.06959223461406695	-0.25568776195442244	0.2927563183209059	0.3352359239079855	-0.1708567078988993	0.2893216011469162	0.380646366622436
Chen_2024_Cancer_Cell.P14__tumor_cancer	Chen_2024_Cancer_Cell.P14	tumor_cancer	Chen_2024_Cancer_Cell	249	-0.07632547337414247	-0.2334549450521521	0.31995046235938684	0.30461748936071453	-0.14174457893678727	0.28572145729829934	0.34274540430734907
Chen_2024_Cancer_Cell.P14__tumor_epithelial	Chen_2024_Cancer_Cell.P14	tumor_epithelial	Chen_2024_Cancer_Cell	39	-0.16785820444699934	-0.16129445975397802	0.3256475635354973	0.19447100576740972	-0.12223717672428179	0.34716772121490236	0.28809254530128103
Chen_2024_Cancer_Cell.P15__normal_epithelial	Chen_2024_Cancer_Cell.P15	normal_epithelial	Chen_2024_Cancer_Cell	176	-0.14117775570907148	-0.19981548875007066	0.3483536460108896	0.3296893684079216	-0.1295866894894036	0.3220924687611389	0.3465372637875078
Chen_2024_Cancer_Cell.P15__tumor_epithelial	Chen_2024_Cancer_Cell.P15	tumor_epithelial	Chen_2024_Cancer_Cell	43	-0.15335513943369322	-0.03858114102462799	0.38803772996107894	0.2612543923318385	0.05943165242640122	0.3350069970641708	0.3732397795114306
Chen_2024_Cancer_Cell.P15__tumor_cancer	Chen_2024_Cancer_Cell.P15	tumor_cancer	Chen_2024_Cancer_Cell	185	-0.047406767668870385	-0.15418858424923645	0.30630438676288135	0.2568169675390527	-0.037004924790583746	0.2784519858472322	0.2484623324106117
Chen_2024_Cancer_Cell.P16__normal_epithelial	Chen_2024_Cancer_Cell.P16	normal_epithelial	Chen_2024_Cancer_Cell	117	-0.09811248416314386	-0.2016306768001905	0.25416138341319394	0.1764837320335869	-0.15346428658335465	0.13261229839122876	0.19337421178033545
Chen_2024_Cancer_Cell.P16__tumor_cancer	Chen_2024_Cancer_Cell.P16	tumor_cancer	Chen_2024_Cancer_Cell	69	-0.10084826871461323	-0.16841193141333125	0.28155856356038866	0.23201217168665791	-0.07204076883259855	0.20310232990069013	0.283467150415666
Chen_2024_Cancer_Cell.P16__tumor_epithelial	Chen_2024_Cancer_Cell.P16	tumor_epithelial	Chen_2024_Cancer_Cell	9	-0.2408818878407725	-0.10132413504022095	0.44293299671867736	0.19943568402657286	-0.29844294627425694	0.36107533203049	0.34057500789337347
Chen_2024_Cancer_Cell.P17__normal_epithelial	Chen_2024_Cancer_Cell.P17	normal_epithelial	Chen_2024_Cancer_Cell	94	-0.10493944193060684	-0.18768400903304813	0.33967340168597254	0.3507839680409311	-0.12323078262865227	0.2748211346099982	0.42107941683080735
Chen_2024_Cancer_Cell.P17__tumor_cancer	Chen_2024_Cancer_Cell.P17	tumor_cancer	Chen_2024_Cancer_Cell	106	-0.08478458875040545	-0.10873728050713696	0.37046091814266635	0.28702593042846025	0.02288119996271632	0.27975210032980735	0.3603313637662039
Chen_2024_Cancer_Cell.P17__tumor_epithelial	Chen_2024_Cancer_Cell.P17	tumor_epithelial	Chen_2024_Cancer_Cell	6	-0.07524479631546928	0.15924229685855637	0.3604714063933089	0.09877303223865855	0.14076941314222188	-0.021154080282979795	0.4657513526443034
Chen_2024_Cancer_Cell.P18__normal_epithelial	Chen_2024_Cancer_Cell.P18	normal_epithelial	Chen_2024_Cancer_Cell	228	-0.12773264033242618	-0.2867940371347388	0.27787197634153243	0.3136989100855812	-0.23192226578712394	0.3156106268079812	0.3334063961893665
Chen_2024_Cancer_Cell.P18__tumor_cancer	Chen_2024_Cancer_Cell.P18	tumor_cancer	Chen_2024_Cancer_Cell	241	-0.020584505158075393	-0.11150963117329095	0.0861035085813668	-0.13311892266221323	-0.12748562619841322	-0.22959430074529802	-0.06022294277378249
Chen_2024_Cancer_Cell.P19__normal_epithelial	Chen_2024_Cancer_Cell.P19	normal_epithelial	Chen_2024_Cancer_Cell	177	-0.17547490539135144	-0.2618355546554782	0.3060487767413098	0.317154123119407	-0.17428429523222153	0.3922858196823469	0.3254758622998368
Chen_2024_Cancer_Cell.P19__tumor_epithelial	Chen_2024_Cancer_Cell.P19	tumor_epithelial	Chen_2024_Cancer_Cell	12	-0.21785908504168783	-0.1597691088794184	0.3963715440012223	0.35922563140173075	-0.1006561740653921	0.3825039752454183	0.32494676855820004
Chen_2024_Cancer_Cell.P19__tumor_cancer	Chen_2024_Cancer_Cell.P19	tumor_cancer	Chen_2024_Cancer_Cell	249	-0.001917471857390558	-0.11109510310725487	0.20517817247478198	0.04107116397276908	-0.039076740718953416	0.09665216953832324	0.08216832335327615
Chen_2024_Cancer_Cell.P20__normal_epithelial	Chen_2024_Cancer_Cell.P20	normal_epithelial	Chen_2024_Cancer_Cell	199	-0.20109639102947374	-0.2659626873800622	0.29249554196915967	0.26911448201595756	-0.2169214304213743	0.3199217373076304	0.27085606374030907
Chen_2024_Cancer_Cell.P20__tumor_epithelial	Chen_2024_Cancer_Cell.P20	tumor_epithelial	Chen_2024_Cancer_Cell	9	-0.21685953502211436	-0.08225628113908838	0.4983591050296163	0.3079711238636229	-0.0064982700217336075	0.34661654669487496	0.3907537612398661
Chen_2024_Cancer_Cell.P20__tumor_cancer	Chen_2024_Cancer_Cell.P20	tumor_cancer	Chen_2024_Cancer_Cell	80	-0.005138986455163075	-0.19415994641263898	0.20292890080801226	0.03438922526203252	-0.13689428651436591	0.0590634140074362	0.12337266727246955
Chen_2024_Cancer_Cell.P21__tumor_cancer	Chen_2024_Cancer_Cell.P21	tumor_cancer	Chen_2024_Cancer_Cell	79	0.07551593306951754	-0.04988633775600802	-0.036918799830864726	-0.2636522712918433	0.0154608040966328	-0.30309565969481234	-0.1714748089930149
Chen_2024_Cancer_Cell.P21__tumor_epithelial	Chen_2024_Cancer_Cell.P21	tumor_epithelial	Chen_2024_Cancer_Cell	10	-0.11455102135420407	-0.12059791926964084	0.15828014194771584	0.027363664318616972	-0.10899321722314051	0.20930787030713802	-0.05290460626420522
Chen_2024_Cancer_Cell.P21__normal_epithelial	Chen_2024_Cancer_Cell.P21	normal_epithelial	Chen_2024_Cancer_Cell	67	-0.1344173328650554	-0.1011791764088534	0.2501963731034972	0.21792513585872395	-0.024096267981278757	0.31318809790922514	0.22795863633244032
Chen_2024_Cancer_Cell.P22__tumor_cancer	Chen_2024_Cancer_Cell.P22	tumor_cancer	Chen_2024_Cancer_Cell	122	-0.10288102657202243	-0.12261234706526361	0.31144725080415625	0.20355417050800115	-0.021858967108661406	0.2710548978566374	0.2763185353489199
Chen_2024_Cancer_Cell.P22__tumor_epithelial	Chen_2024_Cancer_Cell.P22	tumor_epithelial	Chen_2024_Cancer_Cell	16	-0.10913564555757774	0.07729563352270263	0.27113257833023996	0.04307555655413434	0.1372240625145364	0.11705573338134356	0.18263949664227386
Chen_2024_Cancer_Cell.P22__normal_epithelial	Chen_2024_Cancer_Cell.P22	normal_epithelial	Chen_2024_Cancer_Cell	132	-0.151675848215822	-0.16758212042810783	0.2882188464278951	0.24484800323203912	-0.11333705826340924	0.2834265657041097	0.35828665496490786
Chen_2024_Cancer_Cell.P23__tumor_cancer	Chen_2024_Cancer_Cell.P23	tumor_cancer	Chen_2024_Cancer_Cell	257	-0.0772655773669635	-0.1411084883127376	0.3409421609972057	0.2548332286172791	-0.024320537868381037	0.2787259057066502	0.3862052223823424
Chen_2024_Cancer_Cell.P23__tumor_epithelial	Chen_2024_Cancer_Cell.P23	tumor_epithelial	Chen_2024_Cancer_Cell	43	-0.2249492764708389	-0.08255763455484447	0.3760935840535083	0.21417325399130108	-0.04049678461879104	0.38089000933331196	0.2899561517025183
Chen_2024_Cancer_Cell.P23__normal_epithelial	Chen_2024_Cancer_Cell.P23	normal_epithelial	Chen_2024_Cancer_Cell	216	-0.15615384510186264	-0.17982924198015113	0.3283375601542189	0.2820109729958802	-0.10670080165326523	0.32516853182563643	0.36026692582653613
Chen_2024_Cancer_Cell.P25__tumor_cancer	Chen_2024_Cancer_Cell.P25	tumor_cancer	Chen_2024_Cancer_Cell	51	-0.2215423168720202	-0.3086808653751285	0.4151233118877745	0.33122223836406894	-0.32161992026748787	0.32478416019169054	0.26666994291962154
Chen_2024_Cancer_Cell.P25__tumor_epithelial	Chen_2024_Cancer_Cell.P25	tumor_epithelial	Chen_2024_Cancer_Cell	11	-0.0931868706560605	-0.015877278683965868	0.23966475833576237	-0.06460091335682513	-0.09189729522075464	0.008575870102541516	-0.05479681806241983
Chen_2024_Cancer_Cell.P25__normal_epithelial	Chen_2024_Cancer_Cell.P25	normal_epithelial	Chen_2024_Cancer_Cell	128	-0.14865852303334312	-0.24145917958934968	0.33331392142101096	0.23628280744095384	-0.1807504664302406	0.26722201464859524	0.318345062487587
Chen_2024_Cancer_Cell.P26__normal_epithelial	Chen_2024_Cancer_Cell.P26	normal_epithelial	Chen_2024_Cancer_Cell	204	-0.17270045430797337	-0.2890759462856184	0.16837463881192322	0.11555653538744866	-0.26252308766762633	0.1829594042965091	0.15778122567255562
Chen_2024_Cancer_Cell.P26__tumor_epithelial	Chen_2024_Cancer_Cell.P26	tumor_epithelial	Chen_2024_Cancer_Cell	3	-0.20066516894104044	0.02627357315389269	0.43708736975920426	0.28959828011112865	0.21391285056949336	0.1546026971795134	-0.07617953376987185
Chen_2024_Cancer_Cell.P26__tumor_cancer	Chen_2024_Cancer_Cell.P26	tumor_cancer	Chen_2024_Cancer_Cell	61	-0.14425008164988043	-0.11179246252536192	0.3508034214816552	0.1788837365111593	-0.060549905342731365	0.2799808275912992	0.30468080704468786
Chen_2024_Cancer_Cell.P18__tumor_epithelial	Chen_2024_Cancer_Cell.P18	tumor_epithelial	Chen_2024_Cancer_Cell	1	-0.22658762286892556	-0.1783817045859665	0.22599571871185223	0.33838454795173295	-0.0013314501187028096	0.19895034331281308	0.9795770172764462
Conde_2022_Science.A31__normal_epithelial	Conde_2022_Science.A31	normal_epithelial	Conde_2022_Science	20	-0.22740966347357203	0.09413967419393912	0.13471930294221143	0.09641251611382114	-0.05725661263184047	0.5152679018738945	-0.024447385562757686
Conde_2022_Science.A29__normal_epithelial	Conde_2022_Science.A29	normal_epithelial	Conde_2022_Science	59	-0.12033506642051407	0.03481723559152292	0.17034648833728153	0.2192433993142841	0.0980286294675829	0.5129183242476418	0.18001812131581352
Conde_2022_Science.A36__normal_epithelial	Conde_2022_Science.A36	normal_epithelial	Conde_2022_Science	6	-0.4436997058630494	0.11238275479552821	0.611669785289361	0.41402570198669614	0.03922619522028719	0.32195980076015934	0.7859763377281184
Conde_2022_Science.A35__normal_epithelial	Conde_2022_Science.A35	normal_epithelial	Conde_2022_Science	6	-0.29666569825855094	0.6297916765998103	0.3378745652055622	0.1349793885313585	0.4793370107077117	0.6336689763958022	0.2763336710085642
Elmentaite_2021_Nature.A33_414C__normal_epithelial	Elmentaite_2021_Nature.A33_414C	normal_epithelial	Elmentaite_2021_Nature	1533	-0.22786948856270153	-0.35518576593268164	0.09627894693031565	0.011493748543472435	-0.4196517916394384	-0.04681064041340019	0.05433638591544517
Elmentaite_2021_Nature.A30_398B__normal_epithelial	Elmentaite_2021_Nature.A30_398B	normal_epithelial	Elmentaite_2021_Nature	115	-0.02826573144742979	-0.4120337673510341	-0.11543470680023085	0.10545944339300509	-0.3159466965620442	0.16132969418188914	-0.011822125137334834
Elmentaite_2021_Nature.A38_432C__normal_epithelial	Elmentaite_2021_Nature.A38_432C	normal_epithelial	Elmentaite_2021_Nature	185	-0.0561127709326371	0.10308890811703944	-0.03305233846240868	-0.003985013711900985	0.06533885959596708	0.18294516082990583	-0.12567954031458153
Elmentaite_2021_Nature.A26_386C__normal_epithelial	Elmentaite_2021_Nature.A26_386C	normal_epithelial	Elmentaite_2021_Nature	191	-0.1608963449344324	0.18231138085353216	0.1741902754105615	0.17550446707660858	0.057861112708381825	0.4039554548663632	0.01602587830888694
Elmentaite_2021_Nature.A39_440C__normal_epithelial	Elmentaite_2021_Nature.A39_440C	normal_epithelial	Elmentaite_2021_Nature	130	-0.2782153725115604	-0.258065537311505	0.1567949704613336	0.2508863044724034	-0.24491752725934857	0.3792476438450629	0.20138729246422185
Elmentaite_2021_Nature.A34_417C__normal_epithelial	Elmentaite_2021_Nature.A34_417C	normal_epithelial	Elmentaite_2021_Nature	818	-0.23883689684258372	0.3932177645774548	0.2401198248960523	0.04436923322138388	0.08617821479487829	0.27254433035040343	-0.014128993958526617
Elmentaite_2021_Nature.A32_411C__normal_epithelial	Elmentaite_2021_Nature.A32_411C	normal_epithelial	Elmentaite_2021_Nature	390	-0.3478211633129696	-0.1694071110021152	0.28600295266862774	0.18251425444162964	-0.3596869242115346	0.21415077504475905	0.15359341497472503
GarridoTrigo_2023_Nat_Commun.HC1__normal_epithelial	GarridoTrigo_2023_Nat_Commun.HC1	normal_epithelial	GarridoTrigo_2023_Nat_Commun	22	-0.26396560935382807	0.13545641318897245	0.38842525887511165	0.3552534223139834	0.09636579190612504	0.45329696602615666	0.28188748017637616
GarridoTrigo_2023_Nat_Commun.HC2__normal_epithelial	GarridoTrigo_2023_Nat_Commun.HC2	normal_epithelial	GarridoTrigo_2023_Nat_Commun	85	-0.08543531339826953	0.5133926939738953	0.18689834770754465	0.08615621469277268	0.3755742364539403	0.3430052722056013	0.08270053404780156
GarridoTrigo_2023_Nat_Commun.HC3__normal_epithelial	GarridoTrigo_2023_Nat_Commun.HC3	normal_epithelial	GarridoTrigo_2023_Nat_Commun	107	-0.30948992541395387	0.32713377751803396	0.4544231978514272	0.28018755305272475	0.1407666973118367	0.4856315403380898	0.25017683927408063
GarridoTrigo_2023_Nat_Commun.HC4__normal_epithelial	GarridoTrigo_2023_Nat_Commun.HC4	normal_epithelial	GarridoTrigo_2023_Nat_Commun	107	-0.3751843905675433	0.2826375048579476	0.45802565346990404	0.3534081080336875	0.06498624656602088	0.5267485049561286	0.2952883390925358
GarridoTrigo_2023_Nat_Commun.HC5__normal_epithelial	GarridoTrigo_2023_Nat_Commun.HC5	normal_epithelial	GarridoTrigo_2023_Nat_Commun	97	-0.32925429528907385	0.2696555121159386	0.4119820820151987	0.2753807328120156	0.023093956395988588	0.503304341196045	0.16421953870981149
GarridoTrigo_2023_Nat_Commun.HC6__normal_epithelial	GarridoTrigo_2023_Nat_Commun.HC6	normal_epithelial	GarridoTrigo_2023_Nat_Commun	54	-0.31857944513148806	0.3826245394752634	0.3788829732249644	0.2365393613653909	0.1551589545439464	0.5455299711470822	0.12991835925532558
Giguelay_2022_Theranostics.P2__metastasis_cancer	Giguelay_2022_Theranostics.P2	metastasis_cancer	Giguelay_2022_Theranostics	80	0.04530584801390731	-0.26308712807424145	-0.1394483011127524	-0.1753395606059693	-0.2227247499776087	-0.2795704614664746	-0.16394808806364472
Giguelay_2022_Theranostics.P5__metastasis_cancer	Giguelay_2022_Theranostics.P5	metastasis_cancer	Giguelay_2022_Theranostics	2	-0.1163427930627184	-0.34618031762805607	0.036705978816769375	-0.020088736267187202	-0.3351977233394016	-0.06626143216650468	-0.08986691021598257
Giguelay_2022_Theranostics.P1__metastasis_cancer	Giguelay_2022_Theranostics.P1	metastasis_cancer	Giguelay_2022_Theranostics	111	0.06500727253923734	-0.3871469299133923	-0.20947977108883206	-0.08836024708599942	-0.3233352873589024	-0.28749223654213235	-0.11943070356201108
Giguelay_2022_Theranostics.P3__metastasis_epithelial	Giguelay_2022_Theranostics.P3	metastasis_epithelial	Giguelay_2022_Theranostics	7	-0.014776517972038558	-0.09138619523003878	-0.13882257227838787	-0.38727907933048816	-0.1730800051294089	-0.6769219968304934	-0.20888205693710823
Giguelay_2022_Theranostics.P3__metastasis_cancer	Giguelay_2022_Theranostics.P3	metastasis_cancer	Giguelay_2022_Theranostics	59	0.067551540272311	-0.23984117283181589	-0.17739799882440785	-0.26074141937987855	-0.19048394531855498	-0.48828396717540434	-0.2956609494508422
Giguelay_2022_Theranostics.P4__metastasis_cancer	Giguelay_2022_Theranostics.P4	metastasis_cancer	Giguelay_2022_Theranostics	228	0.057137506874924436	-0.15209070928980922	-0.16069025651525468	-0.2808322689346165	-0.11886686701784668	-0.328511412765771	-0.20665018688639708
Guo_2022_JCI_Insight.Left_CRC1__tumor_cancer	Guo_2022_JCI_Insight.Left_CRC1	tumor_cancer	Guo_2022_JCI_Insight	29	-0.08025917808793254	-0.025708826343282667	0.11667176910445805	0.06899924800652266	-0.07382738736237167	-0.08163671356546874	0.1702104527722013
Guo_2022_JCI_Insight.Left_CRC2__tumor_epithelial	Guo_2022_JCI_Insight.Left_CRC2	tumor_epithelial	Guo_2022_JCI_Insight	3	-0.28439690059403466	0.5938156935588377	0.7378967025942005	0.4047077224243006	0.5630673224729181	0.5391222371475652	0.5644329815586863
Guo_2022_JCI_Insight.Left_CRC2__tumor_cancer	Guo_2022_JCI_Insight.Left_CRC2	tumor_cancer	Guo_2022_JCI_Insight	59	0.005670385496489769	0.5882803870916872	0.11678358918836995	-0.07084161274847811	0.42471674292390094	0.16752357238753784	-0.2133722171714719
Guo_2022_JCI_Insight.Left_CRC3__tumor_cancer	Guo_2022_JCI_Insight.Left_CRC3	tumor_cancer	Guo_2022_JCI_Insight	8	-0.061565724542920315	0.009375975802786186	0.06663546962425035	0.08813973633594474	-0.10915656017837481	0.010988119211433237	-0.14442726426906943
Guo_2022_JCI_Insight.Right_CRC1__tumor_cancer	Guo_2022_JCI_Insight.Right_CRC1	tumor_cancer	Guo_2022_JCI_Insight	11	-0.0656677487366655	0.10243100991284486	-0.06401751566160774	-0.05830693840687998	-0.05742855204514723	0.13492819169962714	-0.1013960347948477
Guo_2022_JCI_Insight.Right_CRC1__tumor_epithelial	Guo_2022_JCI_Insight.Right_CRC1	tumor_epithelial	Guo_2022_JCI_Insight	8	-0.2256200465384291	1.369619039482541	0.501334566991858	-0.026635969376684512	0.6752705254686246	0.28214806267628945	0.40538112252216396
Guo_2022_JCI_Insight.Right_CRC2__tumor_cancer	Guo_2022_JCI_Insight.Right_CRC2	tumor_cancer	Guo_2022_JCI_Insight	15	-0.04762878320884925	-0.0802981623766682	-0.09400752074463584	-0.0758000191052643	-0.20273851733717738	-0.04435114984066539	-0.07043949005672709
Guo_2022_JCI_Insight.Right_CRC2__tumor_epithelial	Guo_2022_JCI_Insight.Right_CRC2	tumor_epithelial	Guo_2022_JCI_Insight	1	-0.2037758137195827	0.7752208623081167	0.366342349012936	0.35356784245149625	0.002532070381049594	0.6310925530784542	0.5224449892816317
Guo_2022_JCI_Insight.Right_CRC3__tumor_epithelial	Guo_2022_JCI_Insight.Right_CRC3	tumor_epithelial	Guo_2022_JCI_Insight	54	-0.29258251394768436	0.7470573278635443	0.40396526281624195	0.08929493628041729	0.1781459401016746	0.27035244721308854	0.02928282958611419
Guo_2022_JCI_Insight.Right_CRC3__tumor_cancer	Guo_2022_JCI_Insight.Right_CRC3	tumor_cancer	Guo_2022_JCI_Insight	59	-0.11649738188090979	0.16865875591349871	0.11418723488355174	-0.059000534454727166	-0.04270445410446431	-0.07664087061141144	-0.012967274844472333
Harmon_2023_Nat_Cancer.P2__tumor_cancer	Harmon_2023_Nat_Cancer.P2	tumor_cancer	Harmon_2023_Nat_Cancer	6	0.18143206317692112	-0.3677739111392101	-0.3478461125141451	-0.3486219345278693	-0.33022959182082134	-0.6709812638511601	-0.5071148269200887
Harmon_2023_Nat_Cancer.P2__tumor_epithelial	Harmon_2023_Nat_Cancer.P2	tumor_epithelial	Harmon_2023_Nat_Cancer	5	0.1210417687972154	-0.31734766137688725	-0.12366267232567696	-0.1320033374595188	-0.2626188248549794	-0.34082234675387935	-0.06652159626100693
He_2020_Genome_Biol.donor_1__normal_epithelial	He_2020_Genome_Biol.donor_1	normal_epithelial	He_2020_Genome_Biol	56	-0.0023677196021586674	0.24859396566767913	0.13432356316226007	0.02294302926194481	0.11896356056830296	0.08464695917903008	-0.008513865004292251
Huang_2024_Nat_Cancer.CRC2__tumor_cancer	Huang_2024_Nat_Cancer.CRC2	tumor_cancer	Huang_2024_Nat_Cancer	1	-0.34856012740580083	-0.706667581243249	0.46296709059422	0.47442443554057273	-0.4260465225579425	0.5226581859905891	0.5881582106791239
Huang_2024_Nat_Cancer.CRC1__tumor_cancer	Huang_2024_Nat_Cancer.CRC1	tumor_cancer	Huang_2024_Nat_Cancer	3	-0.38628540727825306	-0.47575290154726624	0.6140809316178231	0.4429392346328329	-0.39478704105582446	0.5780696299686416	0.3820746159289447
Huang_2024_Nat_Cancer.CRC2__normal_epithelial	Huang_2024_Nat_Cancer.CRC2	normal_epithelial	Huang_2024_Nat_Cancer	1	-0.5125924095444228	-0.596846655511361	0.6893910740769831	0.3631236744453255	-0.6734498690524472	0.8320011790341394	0.47630817138663223
James_2020_Nat_Immunol.298c__normal_epithelial	James_2020_Nat_Immunol.298c	normal_epithelial	James_2020_Nat_Immunol	3	-0.21903383944416074	-0.11861655752984218	0.22800679371074506	0.2024397597354096	-0.24582123912397696	0.22935728358619395	0.11199275393191861
James_2020_Nat_Immunol.390c__normal_epithelial	James_2020_Nat_Immunol.390c	normal_epithelial	James_2020_Nat_Immunol	53	-0.12410313549964815	0.08623999296456031	0.15717050192036275	0.20853255661860146	0.13532853330785263	0.5370267381438893	0.16219872262490997
James_2020_Nat_Immunol.417c__normal_epithelial	James_2020_Nat_Immunol.417c	normal_epithelial	James_2020_Nat_Immunol	202	-0.31544659158997257	0.3170638582823354	0.2694852944373635	0.13933016778729962	0.00754650111959626	0.3490905237862335	0.0016483690604472648
Ji_2024_PLoS_Genet.WHU1__tumor_cancer	Ji_2024_PLoS_Genet.WHU1	tumor_cancer	Ji_2024_PLoS_Genet	76	0.13807978977512736	-0.2191904995922932	-0.19377084407128806	-0.27893773875666905	-0.15280038913311098	-0.270508722834222	-0.3289443960666229
Ji_2024_PLoS_Genet.WHU1__tumor_epithelial	Ji_2024_PLoS_Genet.WHU1	tumor_epithelial	Ji_2024_PLoS_Genet	3	0.20213108025022938	-0.06594503733086401	-0.41818436396489467	-0.5332032394273905	-0.1592873881315699	-0.32476482783276717	-0.5910834671582094
Ji_2024_PLoS_Genet.WHU2__tumor_cancer	Ji_2024_PLoS_Genet.WHU2	tumor_cancer	Ji_2024_PLoS_Genet	157	0.10871803416326183	-0.18460444671281098	-0.28897458945735943	-0.38681844950024585	-0.21182345171681763	-0.4414319813400045	-0.42437185218153733
Ji_2024_PLoS_Genet.WHU3__tumor_cancer	Ji_2024_PLoS_Genet.WHU3	tumor_cancer	Ji_2024_PLoS_Genet	74	-0.15529003944329758	-0.3320091976617287	0.04594942721122604	0.024636069436626468	-0.3032095346886357	0.10823247122736487	-0.050247812402031765
Ji_2024_PLoS_Genet.WHU3__tumor_epithelial	Ji_2024_PLoS_Genet.WHU3	tumor_epithelial	Ji_2024_PLoS_Genet	1	-0.5374522107998365	-0.3714737767739832	0.6193307223657913	0.7007073474719088	-0.4541966408169196	0.40084192739570357	0.9326241997515499
Ji_2024_Cancer_Lett.sigmoid_03__normal_epithelial	Ji_2024_Cancer_Lett.sigmoid_03	normal_epithelial	Ji_2024_Cancer_Lett	75	-0.3351427740121606	0.49643136081613176	0.5446909495040113	0.37453345189605264	0.46842423191492666	0.5545914378064817	0.39458281184493244
Ji_2024_Cancer_Lett.sigmoid_03__tumor_cancer	Ji_2024_Cancer_Lett.sigmoid_03	tumor_cancer	Ji_2024_Cancer_Lett	133	-0.24392123891353013	0.2927721480970328	0.3580768636808972	0.1515790658290259	0.12252168820058863	0.27985553554577886	0.038963829653078146
Ji_2024_Cancer_Lett.sigmoid_03__tumor_epithelial	Ji_2024_Cancer_Lett.sigmoid_03	tumor_epithelial	Ji_2024_Cancer_Lett	21	-0.5175504686554883	0.5922643097427317	0.6547369230281712	0.4056296553421284	0.021430967543737425	0.5893796358237021	0.15412328676181528
Ji_2024_Cancer_Lett.rectum_03__metastasis_cancer	Ji_2024_Cancer_Lett.rectum_03	metastasis_cancer	Ji_2024_Cancer_Lett	443	-0.38756322939793997	0.6424615817228194	0.39662699312824673	-0.1483144219413753	0.018436576433854678	0.1789604497198823	-0.13508382454610865
Ji_2024_Cancer_Lett.rectum_03__metastasis_epithelial	Ji_2024_Cancer_Lett.rectum_03	metastasis_epithelial	Ji_2024_Cancer_Lett	217	-0.559942708180871	1.081988851750329	0.6717853472107592	0.0552744526142793	0.09450281937503004	0.4233359147325811	0.03938113410241767
Ji_2024_Cancer_Lett.rectum_03__normal_epithelial	Ji_2024_Cancer_Lett.rectum_03	normal_epithelial	Ji_2024_Cancer_Lett	191	-0.3591971078718598	0.6268992012291607	0.3046393090130048	-0.04464196627835899	0.0731598336578857	0.2939010544607998	-0.14895659480312368
Ji_2024_Cancer_Lett.rectum_03__tumor_cancer	Ji_2024_Cancer_Lett.rectum_03	tumor_cancer	Ji_2024_Cancer_Lett	229	-0.4198380901405373	0.3791730785230127	0.39447092396485645	-0.11744997984120645	-0.07446576020230637	0.17927752069907635	0.018923342948812386
Ji_2024_Cancer_Lett.rectum_03__tumor_epithelial	Ji_2024_Cancer_Lett.rectum_03	tumor_epithelial	Ji_2024_Cancer_Lett	41	-0.619943337075026	0.9630232106040565	0.7040392319870878	0.10559394330801652	-0.05252959101009008	0.3494524947115149	0.22404054706272616
Joanito_2022_Nat_Genet.SC035__tumor_cancer	Joanito_2022_Nat_Genet.SC035	tumor_cancer	Joanito_2022_Nat_Genet	63	0.8181121437482181	0.12422269836467728	-1.08026108010752	-1.077659332533573	0.3240749618153063	-1.2100205767154344	-0.9855088971584902
Joanito_2022_Nat_Genet.SC035__normal_epithelial	Joanito_2022_Nat_Genet.SC035	normal_epithelial	Joanito_2022_Nat_Genet	1	0.3759833809359236	0.3924193273442222	-0.5097793136983364	-0.555318741863737	0.25692696455002123	-0.9763817961596154	0.09302004559651689
Joanito_2022_Nat_Genet.SC040__tumor_cancer	Joanito_2022_Nat_Genet.SC040	tumor_cancer	Joanito_2022_Nat_Genet	42	0.6759765691351824	0.02891591441022283	-0.7909989909789767	-0.7184013762196731	0.29089310125214796	-0.8769485949239075	-0.6986461602071982
Joanito_2022_Nat_Genet.SC040__tumor_epithelial	Joanito_2022_Nat_Genet.SC040	tumor_epithelial	Joanito_2022_Nat_Genet	11	0.47115871845837265	0.32962416969009456	-0.4522514019757431	-0.6094789336929911	0.5240863455565147	-0.34874748312458886	-0.5893273750257746
Joanito_2022_Nat_Genet.SC041__tumor_cancer	Joanito_2022_Nat_Genet.SC041	tumor_cancer	Joanito_2022_Nat_Genet	12	0.5703244777629912	0.0008710641423154907	-0.7830386640719674	-0.6655481601980017	0.27399640065922454	-0.6975096121026758	-0.7289751267095353
Joanito_2022_Nat_Genet.SC041__normal_epithelial	Joanito_2022_Nat_Genet.SC041	normal_epithelial	Joanito_2022_Nat_Genet	1	0.23939678250511268	-0.08119928819362403	-0.38192771005227916	-0.056917126554413784	0.342907951633888	0.4522701875483371	-0.10097125585090476
Joanito_2022_Nat_Genet.SC043__tumor_cancer	Joanito_2022_Nat_Genet.SC043	tumor_cancer	Joanito_2022_Nat_Genet	32	0.512879394504706	0.08809668115269552	-0.8088007409225227	-0.8201325991932262	0.23868653775711002	-0.8013430184893021	-0.6992190345044775
Joanito_2022_Nat_Genet.SC043__normal_epithelial	Joanito_2022_Nat_Genet.SC043	normal_epithelial	Joanito_2022_Nat_Genet	3	0.6072423833210089	0.041398986086956115	-0.935312438888761	-0.7827265995960169	0.11916190082428656	-0.7460654010159975	-0.5569330626642447
Joanito_2022_Nat_Genet.SC044__tumor_cancer	Joanito_2022_Nat_Genet.SC044	tumor_cancer	Joanito_2022_Nat_Genet	25	0.6930118903802182	0.13456729037316809	-1.1036557293132871	-1.215541782747305	0.272991596802688	-1.1339368418055311	-1.0173371674563236
Joanito_2022_Nat_Genet.SC040__normal_epithelial	Joanito_2022_Nat_Genet.SC040	normal_epithelial	Joanito_2022_Nat_Genet	1	-0.07705105307711507	0.1966649447310738	0.5883654842420588	0.35203225266559646	0.742343333201671	0.40224193144597375	0.2993524513562969
Joanito_2022_Nat_Genet.CRC2794__tumor_cancer	Joanito_2022_Nat_Genet.CRC2794	tumor_cancer	Joanito_2022_Nat_Genet	18	0.5239108754200313	0.011031835018589422	-0.990348926428545	-1.016880138139725	0.10046935026818353	-1.3807863241821685	-1.0385895076013476
Joanito_2022_Nat_Genet.CRC2794__tumor_epithelial	Joanito_2022_Nat_Genet.CRC2794	tumor_epithelial	Joanito_2022_Nat_Genet	2	0.3772737295358712	0.10370475013660141	-0.7248131647024002	-0.9342395612305248	0.32012607569165763	-1.11545764763115	-0.6787946497875955
Joanito_2022_Nat_Genet.CRC2794__normal_epithelial	Joanito_2022_Nat_Genet.CRC2794	normal_epithelial	Joanito_2022_Nat_Genet	2	0.14994744125242976	-0.11450645353001032	-0.2939341622410833	-0.1614728874390033	0.1673613056509473	0.05195627990683464	-0.3085451991879839
Joanito_2022_Nat_Genet.CRC2795__tumor_epithelial	Joanito_2022_Nat_Genet.CRC2795	tumor_epithelial	Joanito_2022_Nat_Genet	3	0.2735247114336365	-0.09523228605087093	-0.4093181159875053	-0.3989280581832529	-0.03474023028719441	-0.4527047987068202	-0.1779258846428135
Joanito_2022_Nat_Genet.CRC2795__tumor_cancer	Joanito_2022_Nat_Genet.CRC2795	tumor_cancer	Joanito_2022_Nat_Genet	33	0.6052009148366143	0.028923965301737645	-0.9126420776403328	-0.8361608814709696	0.18047062655451293	-1.0526578410944931	-0.7651899143662669
Joanito_2022_Nat_Genet.CRC2801__tumor_cancer	Joanito_2022_Nat_Genet.CRC2801	tumor_cancer	Joanito_2022_Nat_Genet	10	0.5848254161826836	0.0952135853243939	-1.0288460428297652	-1.189854193924354	0.17150239092126238	-1.2707711093037786	-0.8378413953500118
Joanito_2022_Nat_Genet.CRC2801__normal_epithelial	Joanito_2022_Nat_Genet.CRC2801	normal_epithelial	Joanito_2022_Nat_Genet	8	0.5274720204062991	0.14786137975338465	-0.803062206435368	-0.7183148504050709	0.3718756642747279	-0.9968355418671015	-0.6564647592077377
Joanito_2022_Nat_Genet.CRC2803__tumor_cancer	Joanito_2022_Nat_Genet.CRC2803	tumor_cancer	Joanito_2022_Nat_Genet	74	0.7409158729711927	-0.0159562334134012	-0.8548550541222536	-0.6774275791798284	0.2180326772978465	-1.173187598937916	-0.6261873780089119
Joanito_2022_Nat_Genet.CRC2803__normal_epithelial	Joanito_2022_Nat_Genet.CRC2803	normal_epithelial	Joanito_2022_Nat_Genet	6	0.6501404726080797	0.055135695976318747	-0.7242059465487685	-0.43353853842333323	0.40157339606514275	-0.492849202373615	-0.39130168043045144
Joanito_2022_Nat_Genet.CRC2810__tumor_cancer	Joanito_2022_Nat_Genet.CRC2810	tumor_cancer	Joanito_2022_Nat_Genet	13	0.5944084478943912	-0.054246130804222935	-0.9559942157356475	-0.8157017546871792	0.13355057657906183	-0.9282904462413003	-0.8629285066399469
Joanito_2022_Nat_Genet.CRC2810__normal_epithelial	Joanito_2022_Nat_Genet.CRC2810	normal_epithelial	Joanito_2022_Nat_Genet	16	0.6534067529868245	0.031276231525852446	-0.8096790338823693	-0.6033308081317802	0.26607880357840563	-0.8186957317674712	-0.5987332543534304
Joanito_2022_Nat_Genet.CRC2811__tumor_cancer	Joanito_2022_Nat_Genet.CRC2811	tumor_cancer	Joanito_2022_Nat_Genet	70	0.5644746394543529	0.008334274862207492	-0.7883695927354113	-0.7842071337276298	0.13271109425534197	-1.154511224775367	-0.5692522697485837
Joanito_2022_Nat_Genet.CRC2811__normal_epithelial	Joanito_2022_Nat_Genet.CRC2811	normal_epithelial	Joanito_2022_Nat_Genet	3	0.5449071124049829	0.03219020574943547	-0.8262284813295229	-0.49209813643328465	0.2946025414632346	-0.651868502144466	-0.5503453524420656
Joanito_2022_Nat_Genet.CRC2816__tumor_cancer	Joanito_2022_Nat_Genet.CRC2816	tumor_cancer	Joanito_2022_Nat_Genet	60	0.4864353597144451	-0.04202767587966479	-0.8057595605779888	-0.7341388222155902	0.08909398383363461	-0.9848782483391197	-0.7564420235705444
Joanito_2022_Nat_Genet.CRC2816__normal_epithelial	Joanito_2022_Nat_Genet.CRC2816	normal_epithelial	Joanito_2022_Nat_Genet	4	0.5375215479832589	0.06264204233115624	-0.8824586145660143	-0.8097128387419877	0.19546019517675683	-1.3227111067457749	-0.8771532812417103
Joanito_2022_Nat_Genet.CRC2817__normal_epithelial	Joanito_2022_Nat_Genet.CRC2817	normal_epithelial	Joanito_2022_Nat_Genet	5	0.5174139303770298	0.09298594333561142	-0.8777669252841372	-0.9480277685748526	0.17075879048382825	-1.3286579307429436	-0.8571425883442649
Joanito_2022_Nat_Genet.CRC2817__tumor_cancer	Joanito_2022_Nat_Genet.CRC2817	tumor_cancer	Joanito_2022_Nat_Genet	68	0.3567334959063091	0.023205434389663902	-0.6242337302749735	-0.6419161824992139	0.15479268405363092	-0.4899027306006959	-0.5125953339149527
Joanito_2022_Nat_Genet.CRC2817__tumor_epithelial	Joanito_2022_Nat_Genet.CRC2817	tumor_epithelial	Joanito_2022_Nat_Genet	2	0.25657987967811374	0.020855348850720892	-0.734383072049707	-0.7960213715581496	-0.04398481572096039	-0.7046025421207291	-0.8244342336537609
Joanito_2022_Nat_Genet.CRC2821__tumor_cancer	Joanito_2022_Nat_Genet.CRC2821	tumor_cancer	Joanito_2022_Nat_Genet	67	0.5315189770672162	-0.08041007416291196	-0.722097771598467	-0.5901741210270653	0.019867943511078363	-0.8441880026903488	-0.4745657813381996
Joanito_2022_Nat_Genet.CRC2821__tumor_epithelial	Joanito_2022_Nat_Genet.CRC2821	tumor_epithelial	Joanito_2022_Nat_Genet	2	0.3253523348445509	-0.06419697690908589	-0.5920812575584804	-0.4702928234597981	0.14047580758580136	-0.6802793028474695	-0.09637502149464303
Joanito_2022_Nat_Genet.CRC2841__tumor_cancer	Joanito_2022_Nat_Genet.CRC2841	tumor_cancer	Joanito_2022_Nat_Genet	84	0.6647019615546231	0.033904724595820494	-0.908458157740751	-0.7557493229753044	0.2508373958827235	-0.9120578756926377	-0.7274330343305523
Joanito_2022_Nat_Genet.CRC2841__normal_epithelial	Joanito_2022_Nat_Genet.CRC2841	normal_epithelial	Joanito_2022_Nat_Genet	45	0.6395247611982763	0.0014542052367720172	-0.942704006313939	-0.6897083100481496	0.18123649913280765	-1.0255060267285856	-0.7182319710192397
Joanito_2022_Nat_Genet.CRC2841__tumor_epithelial	Joanito_2022_Nat_Genet.CRC2841	tumor_epithelial	Joanito_2022_Nat_Genet	3	0.3843451401316575	-0.06429112630132126	-0.845314389695724	-0.8945671923931201	0.06906623288590567	-0.9209312516650096	-0.4541632066512806
Joanito_2022_Nat_Genet.CRC2899__tumor_cancer	Joanito_2022_Nat_Genet.CRC2899	tumor_cancer	Joanito_2022_Nat_Genet	84	0.5546922927886504	-0.026710390121156332	-0.9174400637305752	-0.881418595408087	0.10843163595657915	-1.3499495799294028	-0.8117732072891666
Joanito_2022_Nat_Genet.CRC2899__tumor_epithelial	Joanito_2022_Nat_Genet.CRC2899	tumor_epithelial	Joanito_2022_Nat_Genet	5	0.3538369207832758	-0.02172673632216896	-0.8613625347853856	-1.048617342585598	-0.16341578613136012	-1.516687129185629	-1.1101708824957388
Joanito_2022_Nat_Genet.CRC2899__normal_epithelial	Joanito_2022_Nat_Genet.CRC2899	normal_epithelial	Joanito_2022_Nat_Genet	13	0.6917626355773505	0.09760266946511591	-0.9182243940085356	-0.88466880411971	0.2622007471002709	-1.2958269226102683	-0.5735384798949983
Joanito_2022_Nat_Genet.CRC2783__tumor_cancer	Joanito_2022_Nat_Genet.CRC2783	tumor_cancer	Joanito_2022_Nat_Genet	34	0.6291444422261644	0.25141314716080276	-0.8560302156516032	-1.0011242098818036	0.3568333720800822	-1.065366579332893	-0.8480490841726374
Joanito_2022_Nat_Genet.CRC2783__tumor_epithelial	Joanito_2022_Nat_Genet.CRC2783	tumor_epithelial	Joanito_2022_Nat_Genet	1	0.37053185207585027	0.1307252416991693	-0.9057607778869035	-1.20819448042592	0.00527018056082608	-1.13736248429569	-0.7943305762743373
Joanito_2022_Nat_Genet.CRC2783__normal_epithelial	Joanito_2022_Nat_Genet.CRC2783	normal_epithelial	Joanito_2022_Nat_Genet	7	0.7206541789566653	0.12227083866041914	-0.9361851623880038	-0.8434066250918675	0.3546754875857143	-0.9236873794880757	-0.6374276366492797
Joanito_2022_Nat_Genet.CRC2787__tumor_cancer	Joanito_2022_Nat_Genet.CRC2787	tumor_cancer	Joanito_2022_Nat_Genet	34	0.5204493916278937	0.03031997492040124	-0.8389412379592402	-0.8229324957521503	0.08334590604317971	-1.1252549124957554	-0.7951874977910048
Joanito_2022_Nat_Genet.CRC2787__tumor_epithelial	Joanito_2022_Nat_Genet.CRC2787	tumor_epithelial	Joanito_2022_Nat_Genet	3	0.3138467804702686	0.08396563292566576	-0.8543679773352203	-1.1220115709490572	-0.09417645743950614	-1.1784022842589592	-1.0528461255909134
Joanito_2022_Nat_Genet.CRC2786__tumor_cancer	Joanito_2022_Nat_Genet.CRC2786	tumor_cancer	Joanito_2022_Nat_Genet	46	0.44998513192919826	0.02767160820872766	-0.6125295396272975	-0.5921486650282578	0.15032946612497838	-0.7127552372076333	-0.6947893616091128
Joanito_2022_Nat_Genet.CRC2786__tumor_epithelial	Joanito_2022_Nat_Genet.CRC2786	tumor_epithelial	Joanito_2022_Nat_Genet	1	0.2675946447438676	-0.09878005676968235	-0.619948968273308	-0.5466349835664407	-0.5580953253230556	-0.6790149276575606	-0.3847890016645898
Joanito_2022_Nat_Genet.CRC2786__normal_epithelial	Joanito_2022_Nat_Genet.CRC2786	normal_epithelial	Joanito_2022_Nat_Genet	1	0.17200752546559772	-0.1511321956305675	-0.5364392923781582	-0.5528898640717995	-0.4008054313158954	-0.7420633994124141	-0.36523570287319246
Joanito_2022_Nat_Genet.CRC2816__tumor_epithelial	Joanito_2022_Nat_Genet.CRC2816	tumor_epithelial	Joanito_2022_Nat_Genet	1	-0.2726499703963181	0.20438630802596186	0.4546550173515386	0.12694566607436755	0.12911381443473996	-0.03155792929356382	0.9554614040355407
Joanito_2022_Nat_Genet.CRC_JSC_S02__tumor_cancer	Joanito_2022_Nat_Genet.CRC_JSC_S02	tumor_cancer	Joanito_2022_Nat_Genet	52	0.406096978891817	0.18532403494392352	-0.8408748173262623	-1.0610540369996777	0.18541362258738459	-0.9528406897773128	-1.1048269154202381
Joanito_2022_Nat_Genet.CRC_JSC_S02__tumor_epithelial	Joanito_2022_Nat_Genet.CRC_JSC_S02	tumor_epithelial	Joanito_2022_Nat_Genet	1	0.24416730496459618	0.4959548341715212	-0.7028017121855339	-1.2297303378350868	0.21670817667727607	-0.8109765548267635	-0.9513660332355245
Joanito_2022_Nat_Genet.CRC_JSC_S03__tumor_cancer	Joanito_2022_Nat_Genet.CRC_JSC_S03	tumor_cancer	Joanito_2022_Nat_Genet	7	0.5880751342618592	0.14008618516715188	-0.8660249755062067	-1.068391411587637	0.18839231435528442	-1.0970847441712743	-1.0141548025831162
Joanito_2022_Nat_Genet.CRC_JSC_S03__tumor_epithelial	Joanito_2022_Nat_Genet.CRC_JSC_S03	tumor_epithelial	Joanito_2022_Nat_Genet	3	0.28213768750105267	0.11068521139470301	-0.46236196581068045	-0.49827820081195123	0.20988819934302425	-0.6560985061400854	-0.5820753500487602
Joanito_2022_Nat_Genet.CRC_JSC_S04__tumor_cancer	Joanito_2022_Nat_Genet.CRC_JSC_S04	tumor_cancer	Joanito_2022_Nat_Genet	13	0.5308621698409762	0.12498675918657583	-0.9009414037045861	-1.0051604747291905	0.11084409014818875	-1.1596475811053857	-1.073513109083448
Joanito_2022_Nat_Genet.CRC_JSC_S05__tumor_cancer	Joanito_2022_Nat_Genet.CRC_JSC_S05	tumor_cancer	Joanito_2022_Nat_Genet	132	0.5627373240490761	0.2579957042512692	-0.862196322363141	-1.0285903361229662	0.25415399439160696	-1.0442414389081291	-0.9172764895925963
Joanito_2022_Nat_Genet.CRC_JSC_S05__tumor_epithelial	Joanito_2022_Nat_Genet.CRC_JSC_S05	tumor_epithelial	Joanito_2022_Nat_Genet	7	0.35640133655331274	0.3163206361768709	-0.7438053857436155	-0.9628458617680626	0.11659356439661687	-0.6542161477504299	-0.7822718954308439
Joanito_2022_Nat_Genet.CRC_JSC_S06__tumor_cancer	Joanito_2022_Nat_Genet.CRC_JSC_S06	tumor_cancer	Joanito_2022_Nat_Genet	48	0.6553909068017576	0.07084452626607561	-1.0443809668601414	-1.0224687459241952	0.13821806161540928	-1.3126101987104717	-1.0178269048939435
Joanito_2022_Nat_Genet.CRC_JSC_S07__tumor_cancer	Joanito_2022_Nat_Genet.CRC_JSC_S07	tumor_cancer	Joanito_2022_Nat_Genet	39	0.5919637042995549	0.27838210059712865	-1.0036381974363289	-1.2240907161369885	0.2864539885355567	-1.3277765931300585	-1.035731885956853
Joanito_2022_Nat_Genet.CRC_JSC_S07__tumor_epithelial	Joanito_2022_Nat_Genet.CRC_JSC_S07	tumor_epithelial	Joanito_2022_Nat_Genet	1	0.2515800627325274	0.10503456590178278	-0.2319045820773239	-0.6906685763435527	0.3476584442484905	-0.8173301881015148	-0.28009873721353995
Joanito_2022_Nat_Genet.CRC_JSC_S08__tumor_cancer	Joanito_2022_Nat_Genet.CRC_JSC_S08	tumor_cancer	Joanito_2022_Nat_Genet	35	0.5517047198410209	0.21752980867382635	-1.001098390534517	-1.2853278248795998	0.16769270511692252	-1.466965686826745	-1.292414981734331
Joanito_2022_Nat_Genet.CRC_JSC_S08__tumor_epithelial	Joanito_2022_Nat_Genet.CRC_JSC_S08	tumor_epithelial	Joanito_2022_Nat_Genet	3	0.19307557417774607	0.3975243584896244	-0.6418092365625686	-0.9696849420056542	0.14663587331657718	-0.8340658476065052	-1.1363925204679255
Joanito_2022_Nat_Genet.CRC_JSC_S10__tumor_cancer	Joanito_2022_Nat_Genet.CRC_JSC_S10	tumor_cancer	Joanito_2022_Nat_Genet	108	0.6390208829240926	0.09817144267045179	-0.9229690321938893	-0.9551342721031684	0.2736575408214062	-0.9694447339430933	-1.092463451301303
Joanito_2022_Nat_Genet.CRC_JSC_S12__tumor_cancer	Joanito_2022_Nat_Genet.CRC_JSC_S12	tumor_cancer	Joanito_2022_Nat_Genet	21	0.6785316388320664	0.23778651569107867	-1.0282309420743565	-1.076253732138936	0.334521558293922	-1.3138523948363474	-1.0806366974308257
Joanito_2022_Nat_Genet.CRC_JSC_S13__tumor_cancer	Joanito_2022_Nat_Genet.CRC_JSC_S13	tumor_cancer	Joanito_2022_Nat_Genet	26	0.6454066530925758	0.14297199387693812	-0.9686984253158285	-1.0874574597179383	0.27069089813278646	-1.1516225455942115	-0.9016352581497887
Joanito_2022_Nat_Genet.CRC_JSC_S14__tumor_cancer	Joanito_2022_Nat_Genet.CRC_JSC_S14	tumor_cancer	Joanito_2022_Nat_Genet	16	0.5942949766956754	0.1660438724454411	-0.8203311411668901	-0.949503104842143	0.2461281177634873	-1.0656179679880742	-0.735728079553992
Joanito_2022_Nat_Genet.CRC_JSC_S15__tumor_epithelial	Joanito_2022_Nat_Genet.CRC_JSC_S15	tumor_epithelial	Joanito_2022_Nat_Genet	1	0.18449358200391572	0.11292016752078737	-0.16906203529664524	-0.08140620403543014	0.0844934842289233	-0.11839487006979497	-0.2133376134659571
Joanito_2022_Nat_Genet.CRC_JSC_S15__tumor_cancer	Joanito_2022_Nat_Genet.CRC_JSC_S15	tumor_cancer	Joanito_2022_Nat_Genet	7	0.7467092445069307	0.31326764756222697	-0.6331380101312437	-0.7219224010025601	0.6109643632578224	-0.648584411619302	-0.5543416465535935
Khaliq_2022_Genome_Biol.CAC10__normal_epithelial	Khaliq_2022_Genome_Biol.CAC10	normal_epithelial	Khaliq_2022_Genome_Biol	21	-0.2406771925509455	-0.34264674264983513	0.47906017504575116	0.48416670437571463	-0.22902320086718678	0.48612509915402524	0.4452441781784913
Khaliq_2022_Genome_Biol.CAC11__normal_epithelial	Khaliq_2022_Genome_Biol.CAC11	normal_epithelial	Khaliq_2022_Genome_Biol	22	-0.15924953919418042	-0.1726586582549963	0.43241645399561035	0.41055821022280264	0.02474693224463762	0.3721222313113323	0.4428130082576614
Khaliq_2022_Genome_Biol.CAC14__normal_epithelial	Khaliq_2022_Genome_Biol.CAC14	normal_epithelial	Khaliq_2022_Genome_Biol	8	-0.21890667763009386	-0.395759531664447	0.38297425630836957	0.45215269365237715	-0.2087847527196634	0.374827679405074	0.6096635406202993
Khaliq_2022_Genome_Biol.CAC15__normal_epithelial	Khaliq_2022_Genome_Biol.CAC15	normal_epithelial	Khaliq_2022_Genome_Biol	31	-0.15098260898621682	-0.13513333771286123	0.3365541077177708	0.3292776153413419	-0.012157857736080744	0.46766663891586485	0.2055582409680503
Khaliq_2022_Genome_Biol.CAC4__normal_epithelial	Khaliq_2022_Genome_Biol.CAC4	normal_epithelial	Khaliq_2022_Genome_Biol	30	-0.16894527209971902	-0.19694897875954032	0.3982338898964515	0.3320954806756507	-0.03876568638287632	0.452409027374747	0.39186915359678637
Khaliq_2022_Genome_Biol.CAC6__normal_epithelial	Khaliq_2022_Genome_Biol.CAC6	normal_epithelial	Khaliq_2022_Genome_Biol	12	-0.16946828426257654	-0.11326754371268938	0.4340447279677895	0.2889335165276697	0.038347096939146286	0.20821042378295798	0.30094508740284426
Khaliq_2022_Genome_Biol.CAC7__normal_epithelial	Khaliq_2022_Genome_Biol.CAC7	normal_epithelial	Khaliq_2022_Genome_Biol	27	-0.2136096384214096	-0.28291156387445315	0.27954185283817073	0.22847551362448104	-0.19787205909010736	0.2235469528272722	0.23627083051136621
Khaliq_2022_Genome_Biol.CAC1__tumor_cancer	Khaliq_2022_Genome_Biol.CAC1	tumor_cancer	Khaliq_2022_Genome_Biol	89	-0.06042246077228311	-0.2725936673667981	0.14436675376527122	0.07946671858297237	-0.1472232557667908	0.038103589552369074	0.14935621572131758
Khaliq_2022_Genome_Biol.CAC10__tumor_epithelial	Khaliq_2022_Genome_Biol.CAC10	tumor_epithelial	Khaliq_2022_Genome_Biol	8	-0.1334127587453624	-0.22500460611068604	0.32907508184722645	0.313874619439808	0.032785346534253926	0.19741832684833566	0.1598249512250781
Khaliq_2022_Genome_Biol.CAC10__tumor_cancer	Khaliq_2022_Genome_Biol.CAC10	tumor_cancer	Khaliq_2022_Genome_Biol	4	-0.22580299376423596	-0.3285154251471585	0.45487482110212674	0.4768297976252517	-0.17298616702592223	0.3928581919523827	0.3876328278440806
Khaliq_2022_Genome_Biol.CAC11__tumor_epithelial	Khaliq_2022_Genome_Biol.CAC11	tumor_epithelial	Khaliq_2022_Genome_Biol	12	0.051147708518978506	-0.053559613843153366	-0.017664732653243226	-0.02402506913831474	-0.039295133447425676	0.018511988917287323	-0.06238091382146411
Khaliq_2022_Genome_Biol.CAC11__tumor_cancer	Khaliq_2022_Genome_Biol.CAC11	tumor_cancer	Khaliq_2022_Genome_Biol	44	0.11647814629982033	-0.1356902871148372	0.017432551763023482	0.05466330756584106	0.000915765216903902	0.014449053417413156	-0.02005378183690014
Khaliq_2022_Genome_Biol.CAC12__tumor_cancer	Khaliq_2022_Genome_Biol.CAC12	tumor_cancer	Khaliq_2022_Genome_Biol	25	-0.04019300750630241	-0.22162101847440555	0.17590452791839487	0.10657074741710663	-0.1300570384291178	0.12929238497832185	0.05991712050936222
Khaliq_2022_Genome_Biol.CAC12__tumor_epithelial	Khaliq_2022_Genome_Biol.CAC12	tumor_epithelial	Khaliq_2022_Genome_Biol	5	-0.3778806234048498	-0.30342368078191945	0.6173418700877398	0.598423633776177	-0.05566089016828694	0.6646507068181962	0.691098193333032
Khaliq_2022_Genome_Biol.CAC13__tumor_epithelial	Khaliq_2022_Genome_Biol.CAC13	tumor_epithelial	Khaliq_2022_Genome_Biol	2	-0.07459853075691918	-0.25936375783067384	0.1344315200356798	0.09488199345043047	-0.22166369867298008	0.2957243800168497	0.002584324760318278
Khaliq_2022_Genome_Biol.CAC13__tumor_cancer	Khaliq_2022_Genome_Biol.CAC13	tumor_cancer	Khaliq_2022_Genome_Biol	3	-0.2282649054072089	-0.29377069468121053	0.4435612558071628	0.35679100472361935	-0.20634973749011848	0.5167790431148949	0.30514850314489184
Khaliq_2022_Genome_Biol.CAC14__tumor_cancer	Khaliq_2022_Genome_Biol.CAC14	tumor_cancer	Khaliq_2022_Genome_Biol	52	-0.13242501641193383	-0.36521600544328686	0.4452982812070759	0.4555227339837858	-0.14647371917268165	0.3928412195299118	0.5455110656912218
Khaliq_2022_Genome_Biol.CAC14__tumor_epithelial	Khaliq_2022_Genome_Biol.CAC14	tumor_epithelial	Khaliq_2022_Genome_Biol	17	-0.13177560472321134	-0.10017545846260835	0.36128708485813216	0.3080825900937714	0.11690609750043236	0.333098295994218	0.18778001256477522
Khaliq_2022_Genome_Biol.CAC15__tumor_epithelial	Khaliq_2022_Genome_Biol.CAC15	tumor_epithelial	Khaliq_2022_Genome_Biol	5	-0.2903020499447204	-0.08333971193308051	0.5926409345822903	0.4123145471033843	0.1784761802367646	0.43012100904960165	0.5420198108299213
Khaliq_2022_Genome_Biol.CAC15__tumor_cancer	Khaliq_2022_Genome_Biol.CAC15	tumor_cancer	Khaliq_2022_Genome_Biol	3	-0.014365355145099764	-0.3417481079505891	0.16525927803327528	0.2932955576755517	-0.08038159549056387	0.21774530038361656	0.2089210957154311
Khaliq_2022_Genome_Biol.CAC16__tumor_epithelial	Khaliq_2022_Genome_Biol.CAC16	tumor_epithelial	Khaliq_2022_Genome_Biol	3	-0.2687232745403616	-0.0016972350385880443	0.5483817891648284	0.40185001111983953	0.21480798094967382	0.5516594108212518	0.6686398832847069
Khaliq_2022_Genome_Biol.CAC16__tumor_cancer	Khaliq_2022_Genome_Biol.CAC16	tumor_cancer	Khaliq_2022_Genome_Biol	4	-0.07038068473160076	-0.08244302775166494	0.29117452239991437	0.17979586470652215	0.204043273355275	0.0561246028076661	0.19967427658687212
Khaliq_2022_Genome_Biol.CAC2__tumor_cancer	Khaliq_2022_Genome_Biol.CAC2	tumor_cancer	Khaliq_2022_Genome_Biol	50	-0.07362064946790237	-0.29751155048759975	0.2677377788084075	0.19688858107238466	-0.2047949940938513	0.12404802414203196	0.23320663851475307
Khaliq_2022_Genome_Biol.CAC2__tumor_epithelial	Khaliq_2022_Genome_Biol.CAC2	tumor_epithelial	Khaliq_2022_Genome_Biol	3	-0.19876664064794672	-0.378102318473151	0.4423389281986215	0.40452283788600957	-0.22793249145384217	0.3327478101070695	0.2542889469802336
Khaliq_2022_Genome_Biol.CAC3__tumor_cancer	Khaliq_2022_Genome_Biol.CAC3	tumor_cancer	Khaliq_2022_Genome_Biol	31	0.05132771712815609	-0.2626497718998887	-0.06741129783322368	-0.09307672401024467	-0.18605000416364006	-0.20139784005785644	-0.12856662752648815
Khaliq_2022_Genome_Biol.CAC4__tumor_cancer	Khaliq_2022_Genome_Biol.CAC4	tumor_cancer	Khaliq_2022_Genome_Biol	4	-0.23634531972293712	-0.1338584585473765	0.5481981255053847	0.4027234307975853	-0.20843336890266106	0.5610550061011188	0.5708677929682177
Khaliq_2022_Genome_Biol.CAC4__tumor_epithelial	Khaliq_2022_Genome_Biol.CAC4	tumor_epithelial	Khaliq_2022_Genome_Biol	1	-0.468758208117335	-0.5027796709514564	0.6828305826634865	0.774133905935763	0.004775774782051675	0.5915851351170612	0.5649422181917094
Khaliq_2022_Genome_Biol.CAC5__tumor_epithelial	Khaliq_2022_Genome_Biol.CAC5	tumor_epithelial	Khaliq_2022_Genome_Biol	1	-0.18793065811740556	-0.6607621747105282	0.33280924870662904	0.7091525520213939	-0.28683902544293816	0.21389714917701624	0.7346330472308787
Khaliq_2022_Genome_Biol.CAC6__tumor_epithelial	Khaliq_2022_Genome_Biol.CAC6	tumor_epithelial	Khaliq_2022_Genome_Biol	2	-0.09320719889984103	-0.2617535432891545	0.11575394044547599	0.13855690189385508	-0.38569332298857234	0.077634097436096	0.14424684738059237
Khaliq_2022_Genome_Biol.CAC6__tumor_cancer	Khaliq_2022_Genome_Biol.CAC6	tumor_cancer	Khaliq_2022_Genome_Biol	3	0.18429954822407338	-0.3794114191125849	-0.3270417965278273	-0.25396112658198006	-0.30019968001300285	-0.6184165855694225	-0.34037613565018365
Khaliq_2022_Genome_Biol.CAC7__tumor_cancer	Khaliq_2022_Genome_Biol.CAC7	tumor_cancer	Khaliq_2022_Genome_Biol	62	-0.23846363516377783	-0.2441105427053317	0.5024139871259311	0.40337672221608645	-0.10478066974521404	0.35449237717141796	0.4724124844141311
Khaliq_2022_Genome_Biol.CAC7__tumor_epithelial	Khaliq_2022_Genome_Biol.CAC7	tumor_epithelial	Khaliq_2022_Genome_Biol	2	0.03282507461594033	-0.28790289767884086	-0.20526716440086215	-0.19703904206380543	-0.2136609914725783	-0.603020086937314	-0.4126441744623085
Khaliq_2022_Genome_Biol.CAC8__tumor_cancer	Khaliq_2022_Genome_Biol.CAC8	tumor_cancer	Khaliq_2022_Genome_Biol	14	-0.03456193129777604	-0.37619304110321206	0.2440892319150977	0.321388579334481	-0.22669950029739097	0.12902006012524364	0.32501502305893676
Khaliq_2022_Genome_Biol.CAC8__tumor_epithelial	Khaliq_2022_Genome_Biol.CAC8	tumor_epithelial	Khaliq_2022_Genome_Biol	4	-0.16565797669185175	-0.21272813527406986	0.2080670210988469	0.2502341459642619	-0.1649900287182868	-0.0151917805419488	0.15227296274413993
Khaliq_2022_Genome_Biol.CAC9__tumor_cancer	Khaliq_2022_Genome_Biol.CAC9	tumor_cancer	Khaliq_2022_Genome_Biol	12	0.09426518608598769	-0.3164769936183985	-0.09449111249131452	-0.20189761478368026	-0.20305572589991053	-0.5770087045699532	-0.21911257911617518
Khaliq_2022_Genome_Biol.CAC9__tumor_epithelial	Khaliq_2022_Genome_Biol.CAC9	tumor_epithelial	Khaliq_2022_Genome_Biol	2	0.20119025629511297	-0.11003310361803587	-0.3909263241776285	-0.6310387373678187	-0.10609202060358264	-0.48716618998477457	-0.6608663410015893
Kong_2023_Immunity.H197396__normal_epithelial	Kong_2023_Immunity.H197396	normal_epithelial	Kong_2023_Immunity	463	-0.18392629948879033	-0.5218921753919722	0.10904353352756234	0.2122613076586509	-0.47861496607209786	0.03400863427037855	0.05840797751272838
Kong_2023_Immunity.H139073__normal_epithelial	Kong_2023_Immunity.H139073	normal_epithelial	Kong_2023_Immunity	35	-0.22766961497683388	-0.5026675464391763	0.2176772148756629	0.2739599651764498	-0.4291495615596212	0.3752189104219464	0.10173554749894599
Kong_2023_Immunity.H180844__normal_epithelial	Kong_2023_Immunity.H180844	normal_epithelial	Kong_2023_Immunity	177	-0.33154206094364475	-0.4996495223711148	0.20296776148742227	0.220647852945872	-0.5089604352284293	0.13064546446791894	0.1358573111359892
Kong_2023_Immunity.H106265__normal_epithelial	Kong_2023_Immunity.H106265	normal_epithelial	Kong_2023_Immunity	33	-0.2951193601359051	-0.5747717765107692	0.3507783536566065	0.4509355528052703	-0.48258013727140847	0.3958409446672354	0.5278682516048985
Lee_2020_Nat_Genet.SC001__tumor_cancer	Lee_2020_Nat_Genet.SC001	tumor_cancer	Lee_2020_Nat_Genet	121	-0.0504885804439106	-0.007875262672277741	-0.012811852625856716	-0.0806493791299256	-0.1308392097834961	0.05050324560722471	-0.16369026590944064
Lee_2020_Nat_Genet.SC001__normal_epithelial	Lee_2020_Nat_Genet.SC001	normal_epithelial	Lee_2020_Nat_Genet	21	-0.19539823779531562	0.15942271301491057	0.28486887550968465	0.26851343629888125	-0.06526478182789666	0.331781511020062	0.13620189149459014
Lee_2020_Nat_Genet.SC019__tumor_cancer	Lee_2020_Nat_Genet.SC019	tumor_cancer	Lee_2020_Nat_Genet	79	-0.35480083009585606	-0.6100554029797746	0.32984548803225344	0.40394400628174165	-0.5625999598541264	0.2423079423121393	0.19998199957432983
Lee_2020_Nat_Genet.SC019__normal_epithelial	Lee_2020_Nat_Genet.SC019	normal_epithelial	Lee_2020_Nat_Genet	30	0.02052043828297761	0.03158736260616374	-0.1255089898354015	-0.030453312417678187	-0.10800136716507584	0.07909050988219965	-0.117142025963012
Lee_2020_Nat_Genet.SC021__tumor_cancer	Lee_2020_Nat_Genet.SC021	tumor_cancer	Lee_2020_Nat_Genet	67	-0.07030990747813096	0.26342652347957507	0.1661359388896424	0.05154186695509266	0.05080143466388513	0.2198271524030473	-0.0076017314822592885
Lee_2020_Nat_Genet.SC021__tumor_epithelial	Lee_2020_Nat_Genet.SC021	tumor_epithelial	Lee_2020_Nat_Genet	2	-0.03591813147363352	0.5117852207230554	-0.28908592474625244	-0.23223073680704984	-0.01607772176288846	0.2083388631342256	-0.9888287335011264
Lee_2020_Nat_Genet.SC021__normal_epithelial	Lee_2020_Nat_Genet.SC021	normal_epithelial	Lee_2020_Nat_Genet	34	-0.22608556499348445	-0.20150544669723885	0.15259728961790983	0.25689159505898657	-0.2381904659151267	0.3424736101994218	-0.0024106409723770234
Lee_2020_Nat_Genet.SC028__tumor_cancer	Lee_2020_Nat_Genet.SC028	tumor_cancer	Lee_2020_Nat_Genet	13	-0.35856765743403995	0.0860080651429726	0.21811624098196586	0.06564384372770296	-0.17541533589403904	0.09677574623060829	-0.20295824169319096
Lee_2020_Nat_Genet.SC028__normal_epithelial	Lee_2020_Nat_Genet.SC028	normal_epithelial	Lee_2020_Nat_Genet	5	-0.315286327557307	-0.08905238414680784	0.24313386811000795	0.16298026217782988	-0.215793724104807	0.49609269224211516	-0.26214334971914366
Lee_2020_Nat_Genet.SC030__tumor_cancer	Lee_2020_Nat_Genet.SC030	tumor_cancer	Lee_2020_Nat_Genet	29	-0.2081082864495171	0.38516377420558157	0.16912673763099492	0.011047776873103413	0.11356726638912948	0.22116673692912517	-0.21134798821751105
Lee_2020_Nat_Genet.SC030__normal_epithelial	Lee_2020_Nat_Genet.SC030	normal_epithelial	Lee_2020_Nat_Genet	25	-0.05389900834179514	0.5600987443997367	0.029541710507578294	-0.12706282151709197	0.21464573002032217	-0.08905567272063773	-0.27278733109409675
Lee_2020_Nat_Genet.SC031__tumor_cancer	Lee_2020_Nat_Genet.SC031	tumor_cancer	Lee_2020_Nat_Genet	31	-0.17212104668282394	0.004468552170956674	0.17567865279212572	0.1232272194400273	-0.17722217316780794	-0.014336414383441161	-0.0635955508768098
Lee_2020_Nat_Genet.SC031__normal_epithelial	Lee_2020_Nat_Genet.SC031	normal_epithelial	Lee_2020_Nat_Genet	33	-0.10572337213981398	0.049513026248881854	0.08709797388171832	0.09598535010577097	2.5785878101985812e-05	0.19134202078312468	-0.0678037734130117
Lee_2020_Nat_Genet.SC024__tumor_cancer	Lee_2020_Nat_Genet.SC024	tumor_cancer	Lee_2020_Nat_Genet	52	-0.18638551011890964	-0.059311831566239606	0.1599055345742892	0.09609263079835503	-0.2204455730849656	0.1620097519141551	-0.08427420248180746
Lee_2020_Nat_Genet.SC024__normal_epithelial	Lee_2020_Nat_Genet.SC024	normal_epithelial	Lee_2020_Nat_Genet	29	-0.004488462685340826	-0.09210957923194642	-0.012928320893029664	-0.009714600064406694	-0.1985193240382858	-0.14925921611677959	-0.14289309122613536
Lee_2020_Nat_Genet.SC024__tumor_epithelial	Lee_2020_Nat_Genet.SC024	tumor_epithelial	Lee_2020_Nat_Genet	23	-0.3906417176641713	0.5200986372028522	0.588017732276075	0.3287164826650454	0.186942069927824	0.5410197191491867	0.05780362817441152
Lee_2020_Nat_Genet.SC027__tumor_cancer	Lee_2020_Nat_Genet.SC027	tumor_cancer	Lee_2020_Nat_Genet	70	-0.1713215660098924	0.4249064101975775	0.1560534674873111	-0.09129397294768163	0.12146612171689616	-0.0702347740947863	-0.2645710771796976
Lee_2020_Nat_Genet.SC027__normal_epithelial	Lee_2020_Nat_Genet.SC027	normal_epithelial	Lee_2020_Nat_Genet	23	-0.2510538355206748	0.33021486090311053	0.3625427744781893	0.19343961296330725	0.2814133742710741	0.42277755087920343	0.11340049111523345
Lee_2020_Nat_Genet.SC029__tumor_cancer	Lee_2020_Nat_Genet.SC029	tumor_cancer	Lee_2020_Nat_Genet	22	-0.06478391784992392	0.3134823340604503	-0.00746978460962001	-0.31115659578296995	0.032409535256236674	-0.3176688300738045	-0.40090265709155554
Lee_2020_Nat_Genet.SC029__normal_epithelial	Lee_2020_Nat_Genet.SC029	normal_epithelial	Lee_2020_Nat_Genet	5	-0.36161698988818414	0.29196901313632373	0.12082319496551072	-0.05833958949603464	-0.07825252869879606	0.18767426723216182	-0.27490263550229516
Lee_2020_Nat_Genet.SMC01__tumor_cancer	Lee_2020_Nat_Genet.SMC01	tumor_cancer	Lee_2020_Nat_Genet	58	0.08382457706902427	-0.43233786400512825	-0.45936447297743627	-0.35848782395688733	-0.4051330896602948	-0.677120082539454	-0.5123235613466179
Lee_2020_Nat_Genet.SMC01__tumor_epithelial	Lee_2020_Nat_Genet.SMC01	tumor_epithelial	Lee_2020_Nat_Genet	1	0.01816561250496138	-0.18757107205775483	-0.5765145791582392	-0.5411121333177658	-0.36598027336023353	-0.4451239193868154	-0.6714670986456588
Lee_2020_Nat_Genet.SMC02__tumor_cancer	Lee_2020_Nat_Genet.SMC02	tumor_cancer	Lee_2020_Nat_Genet	11	0.0836685264315225	-0.4251127486971613	-0.24397520319422705	-0.07484602037230031	-0.34704146629628196	-0.21539944488387153	-0.17293319753265338
Lee_2020_Nat_Genet.SMC03__tumor_cancer	Lee_2020_Nat_Genet.SMC03	tumor_cancer	Lee_2020_Nat_Genet	43	0.1742287367873277	-0.3804906808551816	-0.4663296074519706	-0.3297851815998915	-0.3482648170977088	-0.40349028250496133	-0.30748028305929803
Lee_2020_Nat_Genet.SMC04__tumor_cancer	Lee_2020_Nat_Genet.SMC04	tumor_cancer	Lee_2020_Nat_Genet	19	-0.0371857385017152	-0.425046845289961	-0.1127826163953218	-0.035983421509720497	-0.3729753614145518	-0.19859460250383515	-0.04676089751359143
Lee_2020_Nat_Genet.SMC05__tumor_cancer	Lee_2020_Nat_Genet.SMC05	tumor_cancer	Lee_2020_Nat_Genet	2	0.07605422249671942	-0.36005673772528485	-0.30600258865137236	-0.2990858345753052	-0.26090719222727765	-0.3839207426899528	-0.2876386992446495
Lee_2020_Nat_Genet.SMC06__tumor_cancer	Lee_2020_Nat_Genet.SMC06	tumor_cancer	Lee_2020_Nat_Genet	12	0.14752369747282193	-0.34627357665865666	-0.27879712597328293	-0.2235178670531882	-0.26291337611839205	-0.3772401903659533	-0.280652111281469
Lee_2020_Nat_Genet.SMC06__tumor_epithelial	Lee_2020_Nat_Genet.SMC06	tumor_epithelial	Lee_2020_Nat_Genet	1	-0.15777471072610882	-0.4279590207853668	0.13991677162565083	0.20876843835589975	-0.26855616185505765	-0.04801054833466052	0.20172289201083346
Lee_2020_Nat_Genet.SMC07__tumor_cancer	Lee_2020_Nat_Genet.SMC07	tumor_cancer	Lee_2020_Nat_Genet	38	0.05554351446653123	-0.43449035712256584	-0.2910038768346046	-0.25696152215537044	-0.3868990908569995	-0.47720158946517194	-0.36138397918002824
Lee_2020_Nat_Genet.SMC07__tumor_epithelial	Lee_2020_Nat_Genet.SMC07	tumor_epithelial	Lee_2020_Nat_Genet	1	-0.2772518250190506	-0.37239642376405147	0.5852178305340282	0.584966660112737	-0.4129513165162695	0.7838864837396768	0.6363938202635407
Lee_2020_Nat_Genet.SMC08__tumor_cancer	Lee_2020_Nat_Genet.SMC08	tumor_cancer	Lee_2020_Nat_Genet	18	0.02471259123765836	-0.4206954526194389	-0.235706699665278	-0.20192617685664277	-0.36677110403616336	-0.43370407125859667	-0.2097037974894239
Lee_2020_Nat_Genet.SMC09__tumor_cancer	Lee_2020_Nat_Genet.SMC09	tumor_cancer	Lee_2020_Nat_Genet	114	0.07746031077579787	-0.44918375165775243	-0.22377775260357624	-0.14096329009727485	-0.3790274344436942	-0.3636707436194598	-0.173228444227165
Lee_2020_Nat_Genet.SMC09__tumor_epithelial	Lee_2020_Nat_Genet.SMC09	tumor_epithelial	Lee_2020_Nat_Genet	10	0.012094841988222003	-0.2990172668422635	-0.3828797205334791	-0.5161998038156385	-0.3177100433567158	-0.5094574465792994	-0.442551617706768
Lee_2020_Nat_Genet.SMC10__tumor_cancer	Lee_2020_Nat_Genet.SMC10	tumor_cancer	Lee_2020_Nat_Genet	41	0.021203819001366447	-0.43041238781007846	-0.07624194355484937	-0.018554328801430153	-0.33225759534301963	-0.031382073455996126	-0.025087148714519645
Lee_2020_Nat_Genet.SMC10__tumor_epithelial	Lee_2020_Nat_Genet.SMC10	tumor_epithelial	Lee_2020_Nat_Genet	4	0.007017822403668884	-0.3656177291247579	-0.13581840388460603	-0.04309050917936322	-0.29181155504228334	-0.1435079498623282	-0.08486524629195152
Lee_2020_Nat_Genet.SMC11__tumor_cancer	Lee_2020_Nat_Genet.SMC11	tumor_cancer	Lee_2020_Nat_Genet	18	-0.047741839848705565	-0.44140379797678575	-0.00839027658134118	-0.04233992415658334	-0.4148306449653467	-0.2002612198129488	-0.11291213209586241
Lee_2020_Nat_Genet.SMC11__tumor_epithelial	Lee_2020_Nat_Genet.SMC11	tumor_epithelial	Lee_2020_Nat_Genet	1	0.05823247270527503	-0.2603256562363872	-0.3141126590262137	-0.5195042688637643	-0.2243345168091113	-0.7850071454641767	-0.5895799413744252
Lee_2020_Nat_Genet.SMC14__tumor_cancer	Lee_2020_Nat_Genet.SMC14	tumor_cancer	Lee_2020_Nat_Genet	9	0.11112773550190468	-0.3540213447250938	-0.17837233336652372	-0.06392830503915829	-0.23988563435803845	-0.0504896102035596	-0.07304950676432027
Lee_2020_Nat_Genet.SMC15__tumor_cancer	Lee_2020_Nat_Genet.SMC15	tumor_cancer	Lee_2020_Nat_Genet	20	0.07515795468938312	-0.30140039896467735	-0.3037993995273188	-0.3255527932071317	-0.299749430499911	-0.3646373841150459	-0.397993815079346
Lee_2020_Nat_Genet.SMC16__tumor_epithelial	Lee_2020_Nat_Genet.SMC16	tumor_epithelial	Lee_2020_Nat_Genet	27	0.09805003014326003	-0.24971481652870578	-0.37241629995662495	-0.3712886654867713	-0.23324460088972673	-0.47910076844163585	-0.3999178804958356
Lee_2020_Nat_Genet.SMC16__tumor_cancer	Lee_2020_Nat_Genet.SMC16	tumor_cancer	Lee_2020_Nat_Genet	157	0.07752308501577398	-0.36891271335450143	-0.14952834987079608	-0.07500633015419579	-0.29736816227323637	-0.34346915794561567	-0.1303862860715258
Lee_2020_Nat_Genet.SMC17__tumor_cancer	Lee_2020_Nat_Genet.SMC17	tumor_cancer	Lee_2020_Nat_Genet	32	0.01758437118837165	-0.42928971546717926	-0.085543350196139	-0.015012262629781392	-0.3233603248263052	0.1033461699463861	-0.06194225510595919
Lee_2020_Nat_Genet.SMC18__tumor_cancer	Lee_2020_Nat_Genet.SMC18	tumor_cancer	Lee_2020_Nat_Genet	85	0.08708944045739477	-0.38675847921638673	-0.2296984732899652	-0.23896854759686614	-0.3173981486866604	-0.4474827305497645	-0.2941045859336883
Lee_2020_Nat_Genet.SMC18__tumor_epithelial	Lee_2020_Nat_Genet.SMC18	tumor_epithelial	Lee_2020_Nat_Genet	4	0.16116800303125065	-0.2845629013985315	-0.3110461747804595	-0.30982978051027366	-0.10595094248569308	-0.5849502977181016	-0.284925034563155
Lee_2020_Nat_Genet.SMC19__tumor_cancer	Lee_2020_Nat_Genet.SMC19	tumor_cancer	Lee_2020_Nat_Genet	21	-0.009830931264278784	-0.40119078169361916	-0.05822759825434984	-0.03478362523180404	-0.29314420569683464	-0.13151066728615454	-0.12896838624083473
Lee_2020_Nat_Genet.SMC19__tumor_epithelial	Lee_2020_Nat_Genet.SMC19	tumor_epithelial	Lee_2020_Nat_Genet	4	-0.20397169661045564	-0.39376446055855013	0.07760018064536152	0.0508646081994915	-0.23333807357074696	0.16037510995783624	0.04519706594535659
Lee_2020_Nat_Genet.SMC20__tumor_cancer	Lee_2020_Nat_Genet.SMC20	tumor_cancer	Lee_2020_Nat_Genet	25	0.1674745298667057	-0.3356297459266176	-0.31294013725057657	-0.2692008273997276	-0.19383023781960226	-0.10313963091507579	-0.17339395695548432
Lee_2020_Nat_Genet.SMC20__tumor_epithelial	Lee_2020_Nat_Genet.SMC20	tumor_epithelial	Lee_2020_Nat_Genet	2	0.08982081883068094	-0.25969116170012096	-0.08532620937934746	-0.236194689078358	0.0713230946059457	-0.030900833910923128	0.025142966871545762
Lee_2020_Nat_Genet.SMC21__tumor_cancer	Lee_2020_Nat_Genet.SMC21	tumor_cancer	Lee_2020_Nat_Genet	88	0.13500236215922348	-0.3539857194205503	-0.24805295182594622	-0.17562156195982245	-0.264070377834592	-0.3431105357985292	-0.2734214635649664
Lee_2020_Nat_Genet.SMC21__tumor_epithelial	Lee_2020_Nat_Genet.SMC21	tumor_epithelial	Lee_2020_Nat_Genet	2	0.17400040280274953	-0.22246490093455418	-0.24563917562852264	-0.277910201377101	-0.37429169125092004	-0.7255576172721758	-0.6444869006226767
Lee_2020_Nat_Genet.SMC22__tumor_cancer	Lee_2020_Nat_Genet.SMC22	tumor_cancer	Lee_2020_Nat_Genet	104	0.13786998006697776	-0.4275603065646086	-0.23581726410924758	-0.13384548807929722	-0.3153476739674165	-0.33941364076187086	-0.2755488769068789
Lee_2020_Nat_Genet.SMC22__tumor_epithelial	Lee_2020_Nat_Genet.SMC22	tumor_epithelial	Lee_2020_Nat_Genet	1	0.3120937624182927	-0.21408609444764654	-0.5870454982219383	-0.41450233248166	-0.283889853873604	-0.5328882856778258	-0.8514341822540359
Lee_2020_Nat_Genet.SMC23__tumor_cancer	Lee_2020_Nat_Genet.SMC23	tumor_cancer	Lee_2020_Nat_Genet	40	-0.1473848654079314	-0.4398515589347921	0.26132010755674867	0.2771361208111756	-0.32595624448749466	0.25314080397259897	0.33369525357225094
Lee_2020_Nat_Genet.SMC24__tumor_cancer	Lee_2020_Nat_Genet.SMC24	tumor_cancer	Lee_2020_Nat_Genet	13	0.1862596990181823	-0.36643204964377984	-0.3173518285730453	-0.2990284813448154	-0.25568781032196236	-0.2689085591827034	-0.2401011519163242
Lee_2020_Nat_Genet.SMC25__tumor_cancer	Lee_2020_Nat_Genet.SMC25	tumor_cancer	Lee_2020_Nat_Genet	20	-0.07159838240417678	-0.45128628945564625	-0.1172940650862645	-0.17107834769780964	-0.4189431436794615	-0.2980470745197293	-0.3252481409453963
Lee_2020_Nat_Genet.SMC01__normal_epithelial	Lee_2020_Nat_Genet.SMC01	normal_epithelial	Lee_2020_Nat_Genet	6	0.07458296760715735	-0.3554412644384599	-0.24540140369343824	-0.22688922008796644	-0.3172044291737755	-0.37554597066756984	-0.2888138394359036
Lee_2020_Nat_Genet.SMC02__normal_epithelial	Lee_2020_Nat_Genet.SMC02	normal_epithelial	Lee_2020_Nat_Genet	9	-0.1778668451929512	-0.4946898260028692	0.25998308339160014	0.3337753082772196	-0.4404407124120013	0.255935723449155	0.40644104114172097
Lee_2020_Nat_Genet.SMC03__normal_epithelial	Lee_2020_Nat_Genet.SMC03	normal_epithelial	Lee_2020_Nat_Genet	2	-0.27978177118261394	-0.36971478183054823	0.36152812226529946	0.2636860453416459	-0.33090663626126054	0.10081342904637487	0.3452177034376914
Lee_2020_Nat_Genet.SMC04__normal_epithelial	Lee_2020_Nat_Genet.SMC04	normal_epithelial	Lee_2020_Nat_Genet	9	-0.12856343338329165	-0.4688182874059043	0.17433749522055503	0.30235789320293716	-0.41101369624599	0.3186884738492976	0.307952568077565
Lee_2020_Nat_Genet.SMC05__normal_epithelial	Lee_2020_Nat_Genet.SMC05	normal_epithelial	Lee_2020_Nat_Genet	2	0.012998171585980252	-0.47886086380123655	-0.12669363051045138	0.01773879248019828	-0.4691994976197073	-0.15399876663769563	0.3659398090416791
Lee_2020_Nat_Genet.SMC06__normal_epithelial	Lee_2020_Nat_Genet.SMC06	normal_epithelial	Lee_2020_Nat_Genet	1	0.21805717780032893	-0.3087804934838147	-0.4302965978414872	-0.36716189375840047	-0.24148745098655933	-0.640727496723689	-0.43590410832184023
Lee_2020_Nat_Genet.SMC07__normal_epithelial	Lee_2020_Nat_Genet.SMC07	normal_epithelial	Lee_2020_Nat_Genet	11	-0.11027780135524405	-0.45139460222155703	0.09852531515937138	0.1317099475914686	-0.3510498557754767	0.1452000570406634	0.09897787773088168
Lee_2020_Nat_Genet.SMC09__normal_epithelial	Lee_2020_Nat_Genet.SMC09	normal_epithelial	Lee_2020_Nat_Genet	8	-0.20669293084855703	-0.568241997066577	0.28286521715222995	0.5365813312788377	-0.42537079398132066	0.6866904132593805	0.6040796057170348
Lee_2020_Nat_Genet.SMC10__normal_epithelial	Lee_2020_Nat_Genet.SMC10	normal_epithelial	Lee_2020_Nat_Genet	7	-0.056188479866684	-0.436661087860808	0.048132390192373385	0.1933852786091947	-0.33442299886277915	0.30950452312432297	-0.04251128781010833
Lee_2020_Nat_Genet.SMC13__normal_epithelial	Lee_2020_Nat_Genet.SMC13	normal_epithelial	Lee_2020_Nat_Genet	7	-0.27616645488735014	-0.5280930881617993	0.47237727820169484	0.6129268608642274	-0.40511045066447393	0.5321798418439484	0.6470547979242245
Lee_2020_Nat_Genet.SMC13__tumor_cancer	Lee_2020_Nat_Genet.SMC13	tumor_cancer	Lee_2020_Nat_Genet	98	-0.10604993905892987	-0.4893637513819747	0.014705499476927352	0.12606989980837632	-0.4323522994429353	-0.06816315947214317	0.011298388600999737
Lee_2020_Nat_Genet.SMC13__tumor_epithelial	Lee_2020_Nat_Genet.SMC13	tumor_epithelial	Lee_2020_Nat_Genet	2	-0.19118269500999488	-0.395738094999863	0.1510369092863755	0.08495799713770542	-0.46957561199508585	0.2053311358433094	0.14937302653508128
Lee_2020_Nat_Genet.SMC171__normal_epithelial	Lee_2020_Nat_Genet.SMC171	normal_epithelial	Lee_2020_Nat_Genet	41	-0.15568574749240977	-0.5272429386282302	0.10502032074634295	0.2841716739088546	-0.426271227563702	0.24186291983359678	0.17935182638362313
Lee_2020_Nat_Genet.SMC171__tumor_cancer	Lee_2020_Nat_Genet.SMC171	tumor_cancer	Lee_2020_Nat_Genet	74	0.011965899234138577	-0.41378168977609087	-0.062182048145132396	0.01590604887128285	-0.3378036414585515	-0.11871516522362666	-0.00941372179011102
Lee_2020_Nat_Genet.SMC171__tumor_epithelial	Lee_2020_Nat_Genet.SMC171	tumor_epithelial	Lee_2020_Nat_Genet	7	0.23857638271791587	-0.2188696630718263	-0.5637594638864027	-0.5276730214453874	-0.2449137142076273	-0.6767827038014443	-0.4509110114366844
Li_2017_Nat_Genet.CRC05__normal_epithelial	Li_2017_Nat_Genet.CRC05	normal_epithelial	Li_2017_Nat_Genet	1	-0.3853025977339423	-0.6032753351670341	0.06491489089699926	0.07064924955711051	-0.6799131365728602	-0.2652357283654884	0.05759796305930557
Li_2017_Nat_Genet.CRC01__tumor_cancer	Li_2017_Nat_Genet.CRC01	tumor_cancer	Li_2017_Nat_Genet	1	-0.5545746798862472	-0.66658969501937	0.5402180350320779	0.19504616175915154	-0.636364454043937	-0.015464447111374166	0.7234392033824418
Li_2017_Nat_Genet.CRC09__tumor_cancer	Li_2017_Nat_Genet.CRC09	tumor_cancer	Li_2017_Nat_Genet	1	-0.6613060071745588	-0.6742052075600008	0.505890178739334	0.383769378108949	-0.6252865688286586	0.6436799672900492	0.6592889919120102
Li_2017_Nat_Genet.CRC10__tumor_cancer	Li_2017_Nat_Genet.CRC10	tumor_cancer	Li_2017_Nat_Genet	1	-0.7106656603977577	-0.7252764920324789	0.6658361430204901	0.7845400412263213	-0.7318279523525456	0.5556133146479328	0.786594535236052
Li_2023_Cancer_Cell.P11__tumor_cancer	Li_2023_Cancer_Cell.P11	tumor_cancer	Li_2023_Cancer_Cell	7	-0.218826140678869	-0.4284547534924073	0.049428043738067494	0.06424077828451527	-0.4006659943636376	0.1493951463546133	0.023750839312696444
Li_2023_Cancer_Cell.P11__tumor_epithelial	Li_2023_Cancer_Cell.P11	tumor_epithelial	Li_2023_Cancer_Cell	2	-0.08598987652009159	-0.2932780487309541	0.23267332500740717	0.24935911726854385	-0.24453238931600885	-0.027659062828375484	0.40148208105487854
Li_2023_Cancer_Cell.P14__tumor_cancer	Li_2023_Cancer_Cell.P14	tumor_cancer	Li_2023_Cancer_Cell	98	-0.02433688954301705	-0.32471899646506197	-0.04709934116534204	-0.012851225787321069	-0.23624425474762198	-0.11420141568075749	-0.09708723299600773
Li_2023_Cancer_Cell.P14__tumor_epithelial	Li_2023_Cancer_Cell.P14	tumor_epithelial	Li_2023_Cancer_Cell	9	-0.12372350593224327	-0.3694123940270299	0.1606910219978614	0.07407891817620837	-0.16687551308199075	-0.0245874259026458	0.10418422832193015
Li_2023_Cancer_Cell.P18__tumor_cancer	Li_2023_Cancer_Cell.P18	tumor_cancer	Li_2023_Cancer_Cell	234	0.06858094250726951	-0.32019875561217653	-0.114791561188137	-0.15950601117499666	-0.23595315887959242	-0.1735787405994322	-0.17623039504940546
Li_2023_Cancer_Cell.P18__tumor_epithelial	Li_2023_Cancer_Cell.P18	tumor_epithelial	Li_2023_Cancer_Cell	14	-0.22724774718339158	-0.3717125522873399	0.1937504659415865	0.11605681852876304	-0.32534940921144423	0.12516505872748818	0.029770895034580632
Li_2023_Cancer_Cell.P18__normal_epithelial	Li_2023_Cancer_Cell.P18	normal_epithelial	Li_2023_Cancer_Cell	53	-0.22825305173343685	-0.44375712994127037	0.26526898710156527	0.2952673716548815	-0.3038796384447871	0.3043998869851832	0.33636168733245736
Li_2023_Cancer_Cell.P11__normal_epithelial	Li_2023_Cancer_Cell.P11	normal_epithelial	Li_2023_Cancer_Cell	3	-0.05506994771376558	-0.2922156304022523	-0.18717472100579147	-0.17214868321243576	-0.29318151734178755	0.08431800078414306	-0.33830640331825496
Li_2023_Cancer_Cell.P12__tumor_cancer	Li_2023_Cancer_Cell.P12	tumor_cancer	Li_2023_Cancer_Cell	77	0.07573604940896284	-0.19946395087909163	-0.16060867042581048	-0.24863443440761127	-0.16890977444909408	-0.38828890435927416	-0.23191351152313938
Li_2023_Cancer_Cell.P12__tumor_epithelial	Li_2023_Cancer_Cell.P12	tumor_epithelial	Li_2023_Cancer_Cell	2	-0.04350035451319752	-0.1460514859599313	-0.043087176415445946	-0.18807688123575794	-0.2384426335654238	-0.2352077879545229	0.2666137749175659
Li_2023_Cancer_Cell.P12__normal_epithelial	Li_2023_Cancer_Cell.P12	normal_epithelial	Li_2023_Cancer_Cell	25	0.027482788670438758	-0.10386364220655442	-0.15261822785469126	-0.30108249339784887	-0.12122880827462822	-0.42780790603006047	-0.31466207649467826
Li_2023_Cancer_Cell.P15__tumor_cancer	Li_2023_Cancer_Cell.P15	tumor_cancer	Li_2023_Cancer_Cell	33	-0.0672474048712013	-0.2599837869995415	-0.04991777014169406	-0.05136505572091912	-0.24954398508620057	-0.07002880291468708	-0.08550756227382607
Li_2023_Cancer_Cell.P15__tumor_epithelial	Li_2023_Cancer_Cell.P15	tumor_epithelial	Li_2023_Cancer_Cell	3	-0.02346303973607755	-0.10876200836677401	0.04012144565576036	-0.07514022171938756	0.03983095928930301	-0.09559484385737069	-0.23849737225713166
Li_2023_Cancer_Cell.P15__normal_epithelial	Li_2023_Cancer_Cell.P15	normal_epithelial	Li_2023_Cancer_Cell	52	-0.04736851252101208	-0.24220125995707917	-0.08014162716629762	-0.11294951935343793	-0.20579200643402737	-0.1816966981277596	-0.17487660034561914
Li_2023_Cancer_Cell.P17__tumor_epithelial	Li_2023_Cancer_Cell.P17	tumor_epithelial	Li_2023_Cancer_Cell	5	-0.2724487044559119	-0.14171527281154045	0.30264866395652756	-0.049769503063135774	-0.18353993855969747	-0.23092274254076944	0.06767299501818158
Li_2023_Cancer_Cell.P17__tumor_cancer	Li_2023_Cancer_Cell.P17	tumor_cancer	Li_2023_Cancer_Cell	2	-0.2694212214733767	-0.24699119282148488	-0.07415968526437854	0.0704432101843602	0.04924685884051034	0.46330763098897965	-0.20845541232623965
Li_2023_Cancer_Cell.P17__normal_epithelial	Li_2023_Cancer_Cell.P17	normal_epithelial	Li_2023_Cancer_Cell	15	-0.1294819650630194	-0.2162055155037005	0.1552044364739967	0.12301652584077817	-0.15319716149271428	0.1358603753592092	-0.02421791862838819
Li_2023_Cancer_Cell.P19__tumor_cancer	Li_2023_Cancer_Cell.P19	tumor_cancer	Li_2023_Cancer_Cell	53	-0.09881925943005494	-0.022785159522340465	0.1423841118741088	-0.05150755140470441	-0.13079820003780027	-0.07851540891745139	0.029170569023399037
Li_2023_Cancer_Cell.P19__tumor_epithelial	Li_2023_Cancer_Cell.P19	tumor_epithelial	Li_2023_Cancer_Cell	13	-0.31981101833421216	0.02929190355637908	0.3747340169374462	0.04251952677333985	-0.17187194559447858	0.21877399049070873	0.25457816873353717
Li_2023_Cancer_Cell.P19__normal_epithelial	Li_2023_Cancer_Cell.P19	normal_epithelial	Li_2023_Cancer_Cell	12	-0.2381175596367324	-0.06799889001289365	0.15274446302649244	-0.0074003761940698385	-0.10325491785824399	0.2915548182940969	0.01297326862879054
Li_2023_Cancer_Cell.P21__tumor_epithelial	Li_2023_Cancer_Cell.P21	tumor_epithelial	Li_2023_Cancer_Cell	6	-0.16803471555268903	0.13199499652087043	0.08766069063842734	-0.26584490284046414	-0.1407713524001973	-0.14482207012625498	-0.2819739094485781
Li_2023_Cancer_Cell.P21__tumor_cancer	Li_2023_Cancer_Cell.P21	tumor_cancer	Li_2023_Cancer_Cell	68	-0.02958548838306637	-0.11620676413507179	-0.008298901498130732	-0.13656862327625435	-0.1588098693393355	-0.2068587490241262	-0.12864192846219333
Li_2023_Cancer_Cell.P23__tumor_cancer	Li_2023_Cancer_Cell.P23	tumor_cancer	Li_2023_Cancer_Cell	198	-0.16121913246024908	-0.2490213892135475	0.013478424433064812	-0.26985116227905287	-0.3058585899150737	-0.29332084404511194	-0.2870142161694671
Li_2023_Cancer_Cell.P24__tumor_cancer	Li_2023_Cancer_Cell.P24	tumor_cancer	Li_2023_Cancer_Cell	142	-0.00099191768570972	-0.11565264646395983	-0.18854498504251227	-0.3580330677310439	-0.17582112991885301	-0.37381070872854805	-0.4301285311508734
Li_2023_Cancer_Cell.P24__tumor_epithelial	Li_2023_Cancer_Cell.P24	tumor_epithelial	Li_2023_Cancer_Cell	93	-0.25921100487338394	-0.1281585144473601	0.24449779900678417	-0.004793615308230884	-0.17506976011472816	0.13885971210923911	0.02007739633035334
Li_2023_Cancer_Cell.P25__tumor_cancer	Li_2023_Cancer_Cell.P25	tumor_cancer	Li_2023_Cancer_Cell	148	-0.05565892418119614	-0.10985590363637053	-0.17319044703425218	-0.4180796936684864	-0.21220051495291836	-0.5404708806000718	-0.3256549302407948
Li_2023_Cancer_Cell.P25__tumor_epithelial	Li_2023_Cancer_Cell.P25	tumor_epithelial	Li_2023_Cancer_Cell	58	-0.1382468089595737	-0.1271612868128992	0.10526649431825619	-0.026702387604058273	-0.19709482476571394	-0.041287826302192396	-0.07179117655196084
Li_2023_Cancer_Cell.P25__normal_epithelial	Li_2023_Cancer_Cell.P25	normal_epithelial	Li_2023_Cancer_Cell	25	-0.14341032945127474	-0.13125327707885467	-0.025069832414178112	-0.1224533573160488	-0.16776364783170827	-0.11597140911141408	-0.12360448948544904
Li_2023_Cancer_Cell.P26__tumor_cancer	Li_2023_Cancer_Cell.P26	tumor_cancer	Li_2023_Cancer_Cell	76	0.09168777439286512	-0.12621786408234784	-0.2168920106996015	-0.38265231092147384	-0.08848779003738444	-0.5174115378799875	-0.3042880845630593
Li_2023_Cancer_Cell.P26__tumor_epithelial	Li_2023_Cancer_Cell.P26	tumor_epithelial	Li_2023_Cancer_Cell	3	-0.15431861849785944	0.013991674809897171	0.1569207018994494	-0.3377200502194702	-0.10037656553932299	-0.21153110446979967	-0.08280620766045331
Li_2023_Cancer_Cell.P27__tumor_cancer	Li_2023_Cancer_Cell.P27	tumor_cancer	Li_2023_Cancer_Cell	198	0.0027709164021558867	-0.22933933871981102	-0.19774938201422043	-0.31220950052687557	-0.2381252500748187	-0.2737629877093538	-0.42708773545116574
Li_2023_Cancer_Cell.P27__tumor_epithelial	Li_2023_Cancer_Cell.P27	tumor_epithelial	Li_2023_Cancer_Cell	71	-0.15062271052863246	-0.1898521940336135	0.16517630278525836	0.05337516082469465	-0.21577742262460742	0.09018421272523451	-0.07567502367244533
Li_2023_Cancer_Cell.P27__normal_epithelial	Li_2023_Cancer_Cell.P27	normal_epithelial	Li_2023_Cancer_Cell	50	-0.07493554476654286	-0.3105992258944461	0.06918859378258864	0.13059491285184915	-0.2815384050140351	0.005794911516942578	0.09509861322812337
Li_2023_Cancer_Cell.P28__tumor_epithelial	Li_2023_Cancer_Cell.P28	tumor_epithelial	Li_2023_Cancer_Cell	75	-0.19462006094029388	-0.04623179376761617	0.11975187566220433	-0.16261635439836775	-0.1628463522623757	-0.019252663002287104	-0.2211866177718833
Li_2023_Cancer_Cell.P28__tumor_cancer	Li_2023_Cancer_Cell.P28	tumor_cancer	Li_2023_Cancer_Cell	104	-0.04013315307806763	-0.11821596971678065	-0.12603262898065937	-0.3867645439338723	-0.20301395215642382	-0.4386030883729769	-0.4282232767205224
Li_2023_Cancer_Cell.P28__normal_epithelial	Li_2023_Cancer_Cell.P28	normal_epithelial	Li_2023_Cancer_Cell	24	0.08168559185435485	-0.17301289623792304	-0.22047325678277177	-0.22633628965159852	-0.11581587691769712	-0.24045322852145246	-0.19792425432401972
Li_2023_Cancer_Cell.P29__tumor_cancer	Li_2023_Cancer_Cell.P29	tumor_cancer	Li_2023_Cancer_Cell	34	-0.010742607097297711	-0.19023939928217004	0.17904853461148137	0.19662524089589004	-0.12046523298890727	-0.013071887188087276	0.205715198625588
Li_2023_Cancer_Cell.P29__tumor_epithelial	Li_2023_Cancer_Cell.P29	tumor_epithelial	Li_2023_Cancer_Cell	6	-0.3587754864045471	-0.11216558801441628	0.5615450010374788	0.3691073173275638	-0.16107688619100835	0.33962502920863924	0.3931255934397229
Li_2023_Cancer_Cell.P29__normal_epithelial	Li_2023_Cancer_Cell.P29	normal_epithelial	Li_2023_Cancer_Cell	16	0.021402855750474126	-0.10636975609622956	0.026047823257703266	0.006697177264080623	-0.1403642201087404	-0.19286405172310334	-0.029549854338169486
Li_2023_Cancer_Cell.P30__tumor_cancer	Li_2023_Cancer_Cell.P30	tumor_cancer	Li_2023_Cancer_Cell	68	-0.03836886460614877	-0.15922320395313194	-0.22086078396146078	-0.45817906359920596	-0.20424292449486622	-0.5050950460876084	-0.4688047100049922
Li_2023_Cancer_Cell.P30__normal_epithelial	Li_2023_Cancer_Cell.P30	normal_epithelial	Li_2023_Cancer_Cell	17	-0.07050074796081582	-0.3407480405385885	0.010842035505352126	0.14169352379719516	-0.2906531372100113	0.11374649293716876	0.06896751924639567
Li_2023_Cancer_Cell.P30__tumor_epithelial	Li_2023_Cancer_Cell.P30	tumor_epithelial	Li_2023_Cancer_Cell	7	-0.3260808850069063	-0.16157736786385177	0.2809134946578809	-0.12385620704484293	-0.26845920052042216	-0.1123502601204917	-0.14362672735200302
Li_2023_Cancer_Cell.P31__tumor_cancer	Li_2023_Cancer_Cell.P31	tumor_cancer	Li_2023_Cancer_Cell	352	0.23231759034368438	-0.0359783269836509	-0.33784188111127933	-0.4882229605545684	-0.014074608114984566	-0.6444034063249646	-0.4354312168340442
Li_2023_Cancer_Cell.P31__normal_epithelial	Li_2023_Cancer_Cell.P31	normal_epithelial	Li_2023_Cancer_Cell	3	-0.08395859714378419	-0.2245194295014947	-0.1323852656329093	-0.08443669443350983	-0.07532416576224649	0.08640079700054791	-0.09278935354500885
Li_2023_Cancer_Cell.P31__tumor_epithelial	Li_2023_Cancer_Cell.P31	tumor_epithelial	Li_2023_Cancer_Cell	6	-0.17615870145718918	-0.08010590388732393	0.09320226575657245	-0.11449459418595573	-0.11695202575325919	-0.08456643281922295	-0.3258761555567573
Li_2023_Cancer_Cell.P32__tumor_cancer	Li_2023_Cancer_Cell.P32	tumor_cancer	Li_2023_Cancer_Cell	62	-0.023440131396558223	-0.15923958729046975	-0.15877789617913163	-0.3700101691192271	-0.15683461620010947	-0.44151544388177244	-0.4435039927018742
Li_2023_Cancer_Cell.P32__tumor_epithelial	Li_2023_Cancer_Cell.P32	tumor_epithelial	Li_2023_Cancer_Cell	40	-0.14708180173091837	-0.17920142556716054	0.13971612447161527	-0.05373276877015529	-0.17495647227939423	-0.0807775785159359	0.0309384423806582
Li_2023_Cancer_Cell.P32__normal_epithelial	Li_2023_Cancer_Cell.P32	normal_epithelial	Li_2023_Cancer_Cell	20	-0.06910057526006474	-0.21294289526990504	-0.06947107828182203	-0.2337888712033133	-0.20302795160249598	-0.34480089344998	-0.296849816318731
Li_2023_Cancer_Cell.P33__tumor_cancer	Li_2023_Cancer_Cell.P33	tumor_cancer	Li_2023_Cancer_Cell	109	-0.021023002497608093	-0.1468776185608736	-0.20225391971983858	-0.4074362975980794	-0.1820055969977727	-0.3245829437538578	-0.45457074952504767
Li_2023_Cancer_Cell.P33__tumor_epithelial	Li_2023_Cancer_Cell.P33	tumor_epithelial	Li_2023_Cancer_Cell	7	-0.20386923831883735	-0.054776928724188864	0.07349321016720459	-0.208628233839254	-0.20567921100438896	-0.34784209716815095	0.03571097060329139
Liu_2024_Cancer_Res.Pt01__tumor_cancer	Liu_2024_Cancer_Res.Pt01	tumor_cancer	Liu_2024_Cancer_Res	90	0.4269102543271925	0.2068812182173379	-0.5076896751665037	-0.7097932664067895	0.3223980705198729	-0.6644114382853564	-0.3822787737089871
Liu_2024_Cancer_Res.Pt01__metastasis_cancer	Liu_2024_Cancer_Res.Pt01	metastasis_cancer	Liu_2024_Cancer_Res	412	0.44151548482703673	0.20359420499746117	-0.3445938416081555	-0.4439529656864918	0.37006825045538044	-0.45553889055085317	-0.0935253210862623
Liu_2024_Cancer_Res.Pt01__metastasis_epithelial	Liu_2024_Cancer_Res.Pt01	metastasis_epithelial	Liu_2024_Cancer_Res	3	0.0025975360371530603	0.30571533134272133	0.3439397620375098	0.2637996093768156	0.23601560889817874	0.1551615871789441	0.5630479796711755
Liu_2024_Cancer_Res.Pt02__tumor_cancer	Liu_2024_Cancer_Res.Pt02	tumor_cancer	Liu_2024_Cancer_Res	55	0.667260359618008	0.31663861477244515	-0.7510580691830504	-0.953822751042038	0.43150942415116017	-1.0284914589971994	-0.6031931461878303
Liu_2024_Cancer_Res.Pt02__metastasis_cancer	Liu_2024_Cancer_Res.Pt02	metastasis_cancer	Liu_2024_Cancer_Res	344	0.6602931952619668	0.12347134750109524	-0.8075732704547981	-0.8876460665352932	0.2161726826672992	-1.0434173333917809	-0.5845609231111265
Liu_2024_Cancer_Res.Pt03__tumor_cancer	Liu_2024_Cancer_Res.Pt03	tumor_cancer	Liu_2024_Cancer_Res	91	0.5385257959665534	0.2664282997826722	-0.7348479312509468	-0.9312859926783431	0.3338424633573954	-0.7941464803944817	-0.5285848468118177
Liu_2024_Cancer_Res.Pt03__metastasis_cancer	Liu_2024_Cancer_Res.Pt03	metastasis_cancer	Liu_2024_Cancer_Res	354	0.42577411777613905	0.03105068370501359	-0.7166432387288614	-0.7852986634586041	0.01719971803557699	-0.9654042309732838	-0.6058888762708078
Liu_2024_Cancer_Res.Pt04__tumor_cancer	Liu_2024_Cancer_Res.Pt04	tumor_cancer	Liu_2024_Cancer_Res	21	0.6442912652463377	0.1781737642512815	-0.6695019318070716	-0.6266791950386095	0.43795751183183534	-0.7176658153823442	-0.4746701934668358
Liu_2024_Cancer_Res.Pt04__metastasis_cancer	Liu_2024_Cancer_Res.Pt04	metastasis_cancer	Liu_2024_Cancer_Res	435	0.40137609020127996	-0.004593080946946205	-0.2281833802698549	-0.12692010214072963	0.3229254109989565	-0.18314513682783606	-0.019838394779250663
Liu_2024_Cancer_Res.Pt05__tumor_cancer	Liu_2024_Cancer_Res.Pt05	tumor_cancer	Liu_2024_Cancer_Res	42	0.8095834875953213	0.21242682598079268	-0.8770812921136822	-1.0530263356508966	0.3509352122146268	-1.3519744615443279	-0.5966806597888537
Liu_2024_Cancer_Res.Pt05__metastasis_cancer	Liu_2024_Cancer_Res.Pt05	metastasis_cancer	Liu_2024_Cancer_Res	52	0.20018833828790258	-0.17244315671855898	-0.30340806844191626	-0.3888911183103378	-0.1114760961338811	-0.7298505556499648	-0.08956389345210124
Liu_2024_Cancer_Res.Pt06__tumor_cancer	Liu_2024_Cancer_Res.Pt06	tumor_cancer	Liu_2024_Cancer_Res	29	0.44860150785240643	0.33732766296891936	-0.3626646308409496	-0.5628148046517285	0.517551048739511	-0.6972022506491077	-0.2774988731414937
Liu_2024_Cancer_Res.Pt06__metastasis_cancer	Liu_2024_Cancer_Res.Pt06	metastasis_cancer	Liu_2024_Cancer_Res	176	0.4766519516980998	0.12264711383443888	-0.365002393806342	-0.34972602694475163	0.4259941632301418	-0.290270560762521	-0.20254889896507586
Liu_2024_Cancer_Res.Pt07__tumor_cancer	Liu_2024_Cancer_Res.Pt07	tumor_cancer	Liu_2024_Cancer_Res	23	0.19691316438135184	0.030321865630436283	-0.2306124288465027	-0.3118404229668251	0.0344488224497904	-0.3983097708633017	-0.06972359858993893
Liu_2024_Cancer_Res.Pt07__tumor_epithelial	Liu_2024_Cancer_Res.Pt07	tumor_epithelial	Liu_2024_Cancer_Res	1	-0.5942550631406261	-0.3995450108128851	0.7178279903035626	0.5698882028696202	-0.15626851232872482	0.7845582190817177	0.9481076792685382
Liu_2024_Cancer_Res.Pt07__metastasis_cancer	Liu_2024_Cancer_Res.Pt07	metastasis_cancer	Liu_2024_Cancer_Res	112	0.379063591263231	0.23010295785324505	-0.5854609655300353	-0.8162079243903093	0.2321785439102411	-0.7795764903967536	-0.6704146313851383
Liu_2024_Cancer_Res.Pt08__tumor_cancer	Liu_2024_Cancer_Res.Pt08	tumor_cancer	Liu_2024_Cancer_Res	53	0.33528273199444514	0.014443307683209531	-0.47553636430431767	-0.5102909952830534	0.13702291131182115	-0.43919906906976813	-0.3054524599186402
Liu_2024_Cancer_Res.Pt08__tumor_epithelial	Liu_2024_Cancer_Res.Pt08	tumor_epithelial	Liu_2024_Cancer_Res	5	-0.17437617154371177	0.08333524674954987	0.33048016601697294	0.10850376939993028	0.14290485712641626	0.210018027140982	0.35725236938919874
Liu_2024_Cancer_Res.Pt08__metastasis_cancer	Liu_2024_Cancer_Res.Pt08	metastasis_cancer	Liu_2024_Cancer_Res	941	0.1653327724530039	0.06219403857580983	-0.22933706607650578	-0.3348780887978006	0.17894798294562883	-0.35336650202626285	-0.2377854181686613
Liu_2024_Cancer_Res.Pt08__metastasis_epithelial	Liu_2024_Cancer_Res.Pt08	metastasis_epithelial	Liu_2024_Cancer_Res	194	-0.06714593872366574	0.19256461460232452	0.2902764643295567	0.07771978612742227	0.34059296178770787	0.14282789081380926	0.34121413286557145
Liu_2024_Cancer_Res.Pt09__tumor_cancer	Liu_2024_Cancer_Res.Pt09	tumor_cancer	Liu_2024_Cancer_Res	12	0.1542857095361052	0.04781422723404966	-0.08338573488512574	-0.2310161448434427	0.20491618509384216	-0.30859222995627195	0.13987351040585908
Liu_2024_Cancer_Res.Pt09__tumor_epithelial	Liu_2024_Cancer_Res.Pt09	tumor_epithelial	Liu_2024_Cancer_Res	2	-0.1568245991346407	-0.13278146107587394	-0.1847897642725783	-0.22256606353560063	-0.2671060951059667	0.007342424148668532	0.10554659685411391
Liu_2024_Cancer_Res.Pt10__tumor_cancer	Liu_2024_Cancer_Res.Pt10	tumor_cancer	Liu_2024_Cancer_Res	67	0.2643863430244839	0.12849404145284807	0.18088536769600166	0.08593903526977718	0.5071792638448985	0.11192316379367281	0.36344239413391954
Liu_2024_Cancer_Res.Pt10__tumor_epithelial	Liu_2024_Cancer_Res.Pt10	tumor_epithelial	Liu_2024_Cancer_Res	1	0.15159000911900136	0.3645295081299392	0.49062469708786194	0.4653069535932174	0.7353931315641313	0.11416349966363598	0.47802103989742734
Liu_2024_Cancer_Res.Pt11__tumor_cancer	Liu_2024_Cancer_Res.Pt11	tumor_cancer	Liu_2024_Cancer_Res	144	0.5259447905082048	0.15565351845801953	-0.5379267163242827	-0.5595383237948649	0.3395383028286641	-0.6764582099144145	-0.32826332772897376
Liu_2024_Cancer_Res.Pt11__metastasis_cancer	Liu_2024_Cancer_Res.Pt11	metastasis_cancer	Liu_2024_Cancer_Res	86	0.26425310510258454	0.2803630483767848	-0.3730698027762185	-0.5913260183632049	0.30932385028060577	-0.5675733913013385	-0.5435405984511467
Liu_2024_Cancer_Res.Pt13__tumor_cancer	Liu_2024_Cancer_Res.Pt13	tumor_cancer	Liu_2024_Cancer_Res	55	0.19387328794192019	0.18616296325166254	0.42381295749863956	0.32192482146265755	0.9103794489059834	0.27641736336257233	0.6180387377551304
Liu_2024_Cancer_Res.Pt13__normal_epithelial	Liu_2024_Cancer_Res.Pt13	normal_epithelial	Liu_2024_Cancer_Res	85	-0.026269360657024586	-0.016716984634124556	0.297732974263247	0.2649926151848491	0.18592972535671412	0.23437878912013077	0.2574378476694046
Liu_2024_Cancer_Res.Pt15__tumor_cancer	Liu_2024_Cancer_Res.Pt15	tumor_cancer	Liu_2024_Cancer_Res	31	0.3712059195268944	-0.18847199071970228	-0.46692122292240723	-0.36021883810048366	-0.11243532150705529	-0.589419434850519	0.013745410485702356
Liu_2024_Cancer_Res.Pt15__metastasis_cancer	Liu_2024_Cancer_Res.Pt15	metastasis_cancer	Liu_2024_Cancer_Res	769	0.45522302644012075	0.14192620098782543	-0.49990635891178214	-0.6328695841038487	0.1772008038938962	-0.6484818551526724	-0.20609378037366383
Liu_2024_Cancer_Res.Pt15__normal_epithelial	Liu_2024_Cancer_Res.Pt15	normal_epithelial	Liu_2024_Cancer_Res	235	0.24979785637029686	-0.21600825917627586	-0.11774379562982633	0.08481592742904832	-0.0071286206102481086	-0.04916155503738149	-0.035802387833899676
Liu_2024_Cancer_Res.Pt16__metastasis_cancer	Liu_2024_Cancer_Res.Pt16	metastasis_cancer	Liu_2024_Cancer_Res	6	0.5423704275427543	0.47932085419523257	-0.4377608131112907	-0.6561730296071759	0.571244627357979	-0.5025771018550542	-0.4443014562029998
Liu_2024_Cancer_Res.Pt17__metastasis_cancer	Liu_2024_Cancer_Res.Pt17	metastasis_cancer	Liu_2024_Cancer_Res	28	0.6452949458958341	0.223049470715643	-0.8118663032562353	-0.9777707461174328	0.27432717409035906	-0.8351932897455826	-0.6603643927338536
Liu_2024_Cancer_Res.Pt17__normal_epithelial	Liu_2024_Cancer_Res.Pt17	normal_epithelial	Liu_2024_Cancer_Res	26	0.27153805339863935	-0.21075824439501156	-0.3203777707013252	-0.1836890598617528	-0.044941556200514085	-0.28286699415743227	-0.16058552669274412
Liu_2024_Cancer_Res.Pt18__tumor_cancer	Liu_2024_Cancer_Res.Pt18	tumor_cancer	Liu_2024_Cancer_Res	112	0.4687264231117012	0.08376370891974642	-0.529860132135697	-0.658052282170485	0.19076854725707598	-0.7046718427533782	-0.4078575218975384
Liu_2024_Cancer_Res.Pt18__metastasis_cancer	Liu_2024_Cancer_Res.Pt18	metastasis_cancer	Liu_2024_Cancer_Res	776	0.3154614859694733	0.057152148158109074	-0.36759981617182147	-0.4699087543719763	0.13264595445832092	-0.4927793666020926	-0.20061501894780323
Liu_2024_Cancer_Res.Pt18__normal_epithelial	Liu_2024_Cancer_Res.Pt18	normal_epithelial	Liu_2024_Cancer_Res	28	-0.004751676306674614	-0.13300773401317892	0.0745166345336762	0.11196770420682091	-0.03402457640807133	0.2871283526588298	0.16698324416906157
MUI_Innsbruck.P11__normal_epithelial	MUI_Innsbruck.P11	normal_epithelial	MUI_Innsbruck	104	-0.09907195512249238	0.3274990028501672	-0.25911599463471024	-0.7085572218279448	-0.061073171526093026	-0.5001958898509699	-0.728462730920476
MUI_Innsbruck.P11__tumor_cancer	MUI_Innsbruck.P11	tumor_cancer	MUI_Innsbruck	63	-0.19164671547369289	0.48616511441575544	0.042783057352971825	-0.35655689369772825	0.033775388454605926	-0.25771319455983077	-0.36666892142815083
MUI_Innsbruck.P11__tumor_epithelial	MUI_Innsbruck.P11	tumor_epithelial	MUI_Innsbruck	12	-0.3761436209847122	0.9964857179781825	0.5619786792626651	0.2782322205934407	0.24948103883928205	0.6641947545309083	0.3176975878085562
MUI_Innsbruck.P12__tumor_cancer	MUI_Innsbruck.P12	tumor_cancer	MUI_Innsbruck	84	-0.10720121251386923	0.5607400308813452	0.04499911907533143	-0.36754143362002617	0.19671492020822143	-0.2086718822923751	-0.48256803187610087
MUI_Innsbruck.P12__normal_epithelial	MUI_Innsbruck.P12	normal_epithelial	MUI_Innsbruck	72	-0.05855446466863092	0.3882963026306462	-0.28910906837563866	-0.5288920533940078	0.07870080935948824	-0.22218371943987653	-0.7289985590871356
MUI_Innsbruck.P12__tumor_epithelial	MUI_Innsbruck.P12	tumor_epithelial	MUI_Innsbruck	4	-0.3103930415095577	1.3018431254518081	0.4157132595841356	-0.0019693972011541	0.516493964768909	0.39865615860665965	0.29066473884584554
MUI_Innsbruck.P13__normal_epithelial	MUI_Innsbruck.P13	normal_epithelial	MUI_Innsbruck	28	-0.2724665002961904	0.5598470849678798	0.33941639744533725	0.08688730014580816	0.17848359668512193	0.1689094130553326	0.058715414714954624
MUI_Innsbruck.P13__tumor_cancer	MUI_Innsbruck.P13	tumor_cancer	MUI_Innsbruck	88	-0.10170413341726592	0.3257741674038496	-0.14158194295241278	-0.48942242327844554	0.035616726651951716	-0.4346736964028851	-0.6592336780146794
MUI_Innsbruck.P13__tumor_epithelial	MUI_Innsbruck.P13	tumor_epithelial	MUI_Innsbruck	15	-0.42940357229281945	1.1708004798511098	0.7133042386789638	0.40154178576781	0.4031519608668782	0.5501094201714662	0.3718980154333631
MUI_Innsbruck.P14__tumor_epithelial	MUI_Innsbruck.P14	tumor_epithelial	MUI_Innsbruck	21	-0.42440378995462086	0.8444942044880278	0.6070129812310815	0.30643747630551565	0.31810331620117577	0.4484755974667041	0.1853825613868237
MUI_Innsbruck.P14__normal_epithelial	MUI_Innsbruck.P14	normal_epithelial	MUI_Innsbruck	43	-0.18883153140966466	0.5413688549541129	0.1859734647254173	0.09229681380309304	0.3210432481020684	0.3288513467955945	-0.09162277439992507
MUI_Innsbruck.P14__tumor_cancer	MUI_Innsbruck.P14	tumor_cancer	MUI_Innsbruck	56	-0.017789623953870893	0.42377125738194665	-0.12490468725661594	-0.40084331224445924	0.17344864136793056	-0.4123617622944743	-0.45866013832379593
MUI_Innsbruck.P15__tumor_cancer	MUI_Innsbruck.P15	tumor_cancer	MUI_Innsbruck	23	-0.10386836238651061	0.19704130476341983	-0.11265436639212399	-0.4053959991765356	-0.06753393720269235	-0.3061107102813164	-0.48442734018839917
MUI_Innsbruck.P15__normal_epithelial	MUI_Innsbruck.P15	normal_epithelial	MUI_Innsbruck	33	-0.18018386426183328	0.6189618445624542	0.025226315582830654	-0.3493853798370763	0.13704509158946593	-0.1999396892930606	-0.4228164264756221
MUI_Innsbruck.P15__tumor_epithelial	MUI_Innsbruck.P15	tumor_epithelial	MUI_Innsbruck	16	-0.36369656531818795	1.1896859082993052	0.6428609389571006	0.30442923860617127	0.4626270559955841	0.5845230892085492	0.24374309736060681
MUI_Innsbruck.P16__normal_epithelial	MUI_Innsbruck.P16	normal_epithelial	MUI_Innsbruck	44	-0.20277246152592546	0.6285851891726963	0.055432219293687204	-0.25954460602932833	0.18203847930777206	-0.18344331314346696	-0.3090185899473254
MUI_Innsbruck.P16__tumor_cancer	MUI_Innsbruck.P16	tumor_cancer	MUI_Innsbruck	83	-0.08800348418290185	0.46909388895064863	-0.12203442192981886	-0.5410757389120551	0.04387771108143888	-0.4212994585346765	-0.6293471228819358
MUI_Innsbruck.P16__tumor_epithelial	MUI_Innsbruck.P16	tumor_epithelial	MUI_Innsbruck	34	-0.39925502950465774	0.9692172062735404	0.5516065989453348	0.22889270667063316	0.3827741896226209	0.4963825032885211	0.2501885070701139
MUI_Innsbruck.P3__normal_epithelial	MUI_Innsbruck.P3	normal_epithelial	MUI_Innsbruck	61	-0.18678356654290104	0.7307183527939991	-0.039815323018330746	-0.44368837576341924	0.1600210789537759	-0.32844024590202153	-0.5747405371498766
MUI_Innsbruck.P3__tumor_cancer	MUI_Innsbruck.P3	tumor_cancer	MUI_Innsbruck	64	-0.015145887679504057	0.8755419404525315	-0.11732798499658491	-0.6603540677110779	0.2705308169042879	-0.3347292705803976	-0.5699103694483194
MUI_Innsbruck.P3__tumor_epithelial	MUI_Innsbruck.P3	tumor_epithelial	MUI_Innsbruck	7	-0.19649687870544583	1.047584343811575	0.12190475464449321	-0.4346309600249469	0.36259180393846346	-0.1466620034776449	-0.3999957600484932
MUI_Innsbruck.P4__normal_epithelial	MUI_Innsbruck.P4	normal_epithelial	MUI_Innsbruck	56	-0.15173234883782208	0.5822958532642969	0.16663187214087272	-0.06668696198870176	0.2566373185064952	0.02325831368539657	-0.17388590746806523
MUI_Innsbruck.P4__tumor_cancer	MUI_Innsbruck.P4	tumor_cancer	MUI_Innsbruck	35	-0.16490148404958618	0.4230174914754573	0.2604463637151966	-0.008511646097291319	0.28870291422432776	0.10714389816852378	-0.09442610305018347
MUI_Innsbruck.P4__tumor_epithelial	MUI_Innsbruck.P4	tumor_epithelial	MUI_Innsbruck	2	-0.3344458022106335	0.7980690385811828	0.7077176900125629	0.518642151901864	0.12444746550275063	0.6671888791201412	0.5283663046099357
MUI_Innsbruck.P5__tumor_epithelial	MUI_Innsbruck.P5	tumor_epithelial	MUI_Innsbruck	12	-0.11282003466152542	1.0557294287828725	-0.10229848565289362	-0.6876723158522964	0.2681640784060898	-0.5051154887126121	-0.6838317021145216
MUI_Innsbruck.P5__normal_epithelial	MUI_Innsbruck.P5	normal_epithelial	MUI_Innsbruck	32	-0.17054334259438333	0.5997341624784734	0.10916213018770762	-0.19237884201598845	0.20646869161799963	-0.08814013542984137	-0.26676342203774894
MUI_Innsbruck.P5__tumor_cancer	MUI_Innsbruck.P5	tumor_cancer	MUI_Innsbruck	17	-0.04070824494811959	0.5914582098780572	-0.3312028054753	-0.8219966232855891	0.15796703045174168	-0.7178974921423877	-0.8936268621767859
MUI_Innsbruck.P7__tumor_epithelial	MUI_Innsbruck.P7	tumor_epithelial	MUI_Innsbruck	45	-0.22762576854952773	0.5400532124764552	-0.07360023566376103	-0.46388185010726274	0.02675662151223134	-0.22389573052435577	-0.5225918134669935
MUI_Innsbruck.P7__tumor_cancer	MUI_Innsbruck.P7	tumor_cancer	MUI_Innsbruck	133	-0.23885421717095287	0.5434755066625552	0.10609876744446926	-0.2592993539858356	0.09907623283241776	-0.29186644362105263	-0.35697444970942077
MUI_Innsbruck.P7__normal_epithelial	MUI_Innsbruck.P7	normal_epithelial	MUI_Innsbruck	45	-0.29076131434218	0.5211057415836865	0.14408246449615464	-0.07110627557846255	0.1446222631254662	0.11772353601837347	-0.25911250973803973
MUI_Innsbruck.P8__tumor_cancer	MUI_Innsbruck.P8	tumor_cancer	MUI_Innsbruck	109	-0.06465046884341948	0.15684081064380465	-0.3049699745228927	-0.6400518478714506	-0.11237278166614217	-0.598539777087888	-0.7754222790713801
MUI_Innsbruck.P8__normal_epithelial	MUI_Innsbruck.P8	normal_epithelial	MUI_Innsbruck	48	-0.2963359627565275	0.5982364146093171	0.2530072070099108	-0.0010946552867390834	0.21406101568497243	0.15850918149334234	-0.1244138524201153
MUI_Innsbruck.P8__tumor_epithelial	MUI_Innsbruck.P8	tumor_epithelial	MUI_Innsbruck	30	-0.3727761477343043	1.2046336716687436	0.632527217655199	0.31471844669571947	0.5066906730832136	0.5578334621560379	0.25669897295807137
MUI_Innsbruck.P9__tumor_cancer	MUI_Innsbruck.P9	tumor_cancer	MUI_Innsbruck	99	0.0028542538553663287	0.22724491219579399	-0.5223033261913775	-1.0355636666765167	-0.13770364307575947	-0.8748094137694438	-1.0120122986813147
MUI_Innsbruck.P9__normal_epithelial	MUI_Innsbruck.P9	normal_epithelial	MUI_Innsbruck	32	-0.16128919862002347	0.2753920686660262	-0.16077713133108326	-0.4882788459457831	-0.08381223610104221	-0.5046506379816645	-0.5784053041520361
MUI_Innsbruck.P9__tumor_epithelial	MUI_Innsbruck.P9	tumor_epithelial	MUI_Innsbruck	8	-0.4318918120276506	1.0837137308720282	0.6236650039821053	0.27688554923329545	0.41297733670849046	0.5377073948811913	0.12602847266607167
Mazzurana_2021_Cell_Res.GNI2-smartseq-smartseq__normal_epithelial	Mazzurana_2021_Cell_Res.GNI2-smartseq-smartseq	normal_epithelial	Mazzurana_2021_Cell_Res	5	-0.6139935806378192	-0.6707838480154569	0.7022999021342818	0.6650671994513088	-0.6194399211307656	0.7260364188489241	0.6377642131552587
Mazzurana_2021_Cell_Res.GNI3-smartseq-smartseq__normal_epithelial	Mazzurana_2021_Cell_Res.GNI3-smartseq-smartseq	normal_epithelial	Mazzurana_2021_Cell_Res	1	-0.6559002016559242	-0.7054314614991898	0.6753284377922985	0.7404928325394612	-0.64420015140717	0.8714130796173585	0.9305907311306784
Parikh_2019_Nature.A_healthy__normal_epithelial	Parikh_2019_Nature.A_healthy	normal_epithelial	Parikh_2019_Nature	21	-0.05745452211100946	-0.3949680017787713	0.12526772834307426	0.24446396579839158	-0.31084010065329726	0.3365208170520239	0.04589276977235665
Parikh_2019_Nature.B_healthy__normal_epithelial	Parikh_2019_Nature.B_healthy	normal_epithelial	Parikh_2019_Nature	80	0.03413938556245842	-0.38804209933189293	-0.0812963995929435	0.06722262012090151	-0.23643585004394135	0.22136764707368425	-0.07761946772660068
Parikh_2019_Nature.C_healthy__normal_epithelial	Parikh_2019_Nature.C_healthy	normal_epithelial	Parikh_2019_Nature	100	-0.03687395960684258	-0.4752212197597903	0.09807489902924914	0.2738912439721148	-0.33212180983735684	0.35922687568717887	0.247650690665569
Pelka_2021_Cell.C103__tumor_cancer	Pelka_2021_Cell.C103	tumor_cancer	Pelka_2021_Cell	220	-0.08488752143651963	-0.4135678572659224	-0.07966320655105293	-0.11594580887921445	-0.3713235885590753	-0.32174232169866435	-0.29896755617082865
Pelka_2021_Cell.C104__tumor_cancer	Pelka_2021_Cell.C104	tumor_cancer	Pelka_2021_Cell	66	-0.20540342698505784	-0.500818336833044	0.2040235462250655	0.2412485080008231	-0.4416557803728902	0.15234285470976558	0.15790240910147427
Pelka_2021_Cell.C104__tumor_epithelial	Pelka_2021_Cell.C104	tumor_epithelial	Pelka_2021_Cell	6	-0.1679953873416346	-0.42969227511903446	0.1875773702200674	0.2546773161715801	-0.32278549637175885	0.24844090148722245	0.12612673823637024
Pelka_2021_Cell.C105__tumor_epithelial	Pelka_2021_Cell.C105	tumor_epithelial	Pelka_2021_Cell	4	0.005887799085572682	-0.2714838734877824	-0.2896480836804369	-0.3323857787615121	-0.21344198184178048	0.05428985856088855	-0.353300711855193
Pelka_2021_Cell.C105__tumor_cancer	Pelka_2021_Cell.C105	tumor_cancer	Pelka_2021_Cell	63	-0.04715654213318282	-0.4228169941676902	-0.020204550857092784	0.09009676147613903	-0.34912140041027717	-0.04361778122771366	-0.04016736022668462
Pelka_2021_Cell.C106__normal_epithelial	Pelka_2021_Cell.C106	normal_epithelial	Pelka_2021_Cell	40	-0.17378258225379561	-0.4263562846567738	-0.024373919059918623	0.10029094875887122	-0.3704339366635026	0.2527179710173755	-0.0720915376015604
Pelka_2021_Cell.C106__tumor_cancer	Pelka_2021_Cell.C106	tumor_cancer	Pelka_2021_Cell	53	-0.07206868222694665	-0.45411548548834557	0.06035039667190505	0.06256476790660391	-0.33044927590182105	0.05067494752390922	-0.011226082629897112
Pelka_2021_Cell.C106__tumor_epithelial	Pelka_2021_Cell.C106	tumor_epithelial	Pelka_2021_Cell	7	-0.08453056292679867	-0.3331120858915808	0.042569630710438885	-0.03338367628476087	-0.3912437522110583	-0.058341652552220756	0.029248627709088103
Pelka_2021_Cell.C107__normal_epithelial	Pelka_2021_Cell.C107	normal_epithelial	Pelka_2021_Cell	44	-0.15732119107963052	-0.4538207444044198	0.0558644114110947	0.1424135083121083	-0.3879003486698135	0.13005413692326365	-0.011197798002541013
Pelka_2021_Cell.C107__tumor_cancer	Pelka_2021_Cell.C107	tumor_cancer	Pelka_2021_Cell	133	0.09573941367404085	-0.40037635127436866	-0.23796615592255618	-0.12798931582136877	-0.2903733727381515	-0.31201298322134385	-0.2863603230536938
Pelka_2021_Cell.C107__tumor_epithelial	Pelka_2021_Cell.C107	tumor_epithelial	Pelka_2021_Cell	41	-0.2300013000631649	-0.39054449479321635	0.31616383915187535	0.29562604816495275	-0.22642674499586632	0.35297210256596784	0.2852337369902486
Pelka_2021_Cell.C109__normal_epithelial	Pelka_2021_Cell.C109	normal_epithelial	Pelka_2021_Cell	58	-0.09970800156401623	-0.4369407486105627	0.0003149677867427214	0.15928448810926688	-0.34116101047484754	0.25793831193955924	-0.09336731472497466
Pelka_2021_Cell.C109__tumor_cancer	Pelka_2021_Cell.C109	tumor_cancer	Pelka_2021_Cell	83	-0.158043129231655	-0.5489105797716595	0.05490613172837625	0.13223748885034278	-0.48347702322852354	-0.1152383848273667	-0.04099274837155887
Pelka_2021_Cell.C110__normal_epithelial	Pelka_2021_Cell.C110	normal_epithelial	Pelka_2021_Cell	26	-0.11276258379942868	-0.4779926507360519	0.022579865698606576	0.16360502962240944	-0.36949907081839567	0.18136265701121995	-0.06415837615454299
Pelka_2021_Cell.C110__tumor_cancer	Pelka_2021_Cell.C110	tumor_cancer	Pelka_2021_Cell	49	0.12673771585421387	-0.36253427196616433	-0.27105302988316454	-0.16462120180115486	-0.24462025238991053	-0.06849046149361455	-0.1947288767354115
Pelka_2021_Cell.C110__tumor_epithelial	Pelka_2021_Cell.C110	tumor_epithelial	Pelka_2021_Cell	1	-0.5888349573176394	-0.6447356165559762	0.2580342009240306	0.22626474208519387	-0.5912127756725594	0.2808517246838066	-0.005219263947188687
Pelka_2021_Cell.C111__normal_epithelial	Pelka_2021_Cell.C111	normal_epithelial	Pelka_2021_Cell	25	-0.11680406928337297	-0.42654782804006536	-0.10372397842790097	0.04264057423749716	-0.39129096618992776	0.07220822240301998	-0.1381617525710669
Pelka_2021_Cell.C111__tumor_cancer	Pelka_2021_Cell.C111	tumor_cancer	Pelka_2021_Cell	39	0.0607946309811416	-0.33157488705372246	-0.060379614304301533	-0.038245732844115705	-0.20822708495399367	-0.07245150906605329	-0.11670563886508326
Pelka_2021_Cell.C111__tumor_epithelial	Pelka_2021_Cell.C111	tumor_epithelial	Pelka_2021_Cell	1	0.14838688166765795	-0.1757436881674159	-0.37295091281570425	-0.4774630774382371	0.018823497706890013	-0.3569810113232861	-0.055485439477895145
Pelka_2021_Cell.C112__tumor_cancer	Pelka_2021_Cell.C112	tumor_cancer	Pelka_2021_Cell	76	-0.08361215868363216	-0.4279545774256127	-0.019065483572621455	0.048429992350247295	-0.3852717009224284	-0.11637079946173659	-0.06360803744620368
Pelka_2021_Cell.C112__tumor_epithelial	Pelka_2021_Cell.C112	tumor_epithelial	Pelka_2021_Cell	2	-0.42595513056542134	-0.6061587547854848	0.6151315835599076	0.5802344124366402	-0.5492904674522087	0.4302290383852437	0.6604678420813506
Pelka_2021_Cell.C113__normal_epithelial	Pelka_2021_Cell.C113	normal_epithelial	Pelka_2021_Cell	9	-0.18105092894166092	-0.38724102390758114	0.2441147780937579	0.32153000138937127	-0.3566876639661401	0.2904096735713891	0.29709597934137577
Pelka_2021_Cell.C113__tumor_cancer	Pelka_2021_Cell.C113	tumor_cancer	Pelka_2021_Cell	145	-0.06368414799315635	-0.4545709008603649	0.11691979413080204	0.16300150207186748	-0.32417903575333795	0.04324054622459923	0.05665811431738553
Pelka_2021_Cell.C113__tumor_epithelial	Pelka_2021_Cell.C113	tumor_epithelial	Pelka_2021_Cell	7	-0.01593281895443742	-0.3514846897992422	0.0024065030159935662	0.028842124800937504	-0.25831215643641925	-0.09256861118029357	0.08763341447490922
Pelka_2021_Cell.C114__tumor_cancer	Pelka_2021_Cell.C114	tumor_cancer	Pelka_2021_Cell	71	0.004886133770974434	-0.4005033409112135	0.0063082905955129534	0.04958967049172832	-0.272341684931153	-0.012308087751660994	0.0015477961442261082
Pelka_2021_Cell.C114__tumor_epithelial	Pelka_2021_Cell.C114	tumor_epithelial	Pelka_2021_Cell	5	-0.20950121346993844	-0.3692454383812809	0.370667962004862	0.3349973438325928	-0.3192137938441661	0.3096300912583661	0.3186286896928391
Pelka_2021_Cell.C116__tumor_cancer	Pelka_2021_Cell.C116	tumor_cancer	Pelka_2021_Cell	43	-0.018393258205609452	-0.4026295583772824	-0.011907492160878866	0.09074119853940092	-0.3198060764100515	0.07674369990231261	-0.034817135833975686
Pelka_2021_Cell.C116__tumor_epithelial	Pelka_2021_Cell.C116	tumor_epithelial	Pelka_2021_Cell	3	-0.2574615479327884	-0.36919582096895615	0.265571266115779	0.308314383660169	-0.37131339323003393	0.3858798325000703	0.5574795392069078
Pelka_2021_Cell.C119__normal_epithelial	Pelka_2021_Cell.C119	normal_epithelial	Pelka_2021_Cell	1	0.16374296140074157	-0.08952312789475268	-0.4477046955411356	-0.2779479262610484	0.08937279799134397	-0.07185023124952071	-0.7585396179234837
Pelka_2021_Cell.C119__tumor_cancer	Pelka_2021_Cell.C119	tumor_cancer	Pelka_2021_Cell	55	-0.09665214518668398	-0.5124126601612043	-0.02359258609469039	0.0018030141680458656	-0.4631478858295484	-0.16134286466007935	-0.004595933993309781
Pelka_2021_Cell.C119__tumor_epithelial	Pelka_2021_Cell.C119	tumor_epithelial	Pelka_2021_Cell	3	-0.14340219743578453	-0.43854774707191535	0.11447406972855943	0.12374353352533764	-0.35572718376546325	0.16963189343504423	-0.23170423934919077
Pelka_2021_Cell.C122__normal_epithelial	Pelka_2021_Cell.C122	normal_epithelial	Pelka_2021_Cell	113	-0.13662609296623546	-0.41189588074070843	-5.366706679585459e-05	0.07568204618186976	-0.33957213403233455	0.13738761107811154	-0.05154570910361784
Pelka_2021_Cell.C122__tumor_cancer	Pelka_2021_Cell.C122	tumor_cancer	Pelka_2021_Cell	99	-0.020723727784130428	-0.4144103240113411	-0.034451212607057906	-0.006379062770657041	-0.3520796579325983	-0.10919898227005702	-0.10070128662206644
Pelka_2021_Cell.C122__tumor_epithelial	Pelka_2021_Cell.C122	tumor_epithelial	Pelka_2021_Cell	3	-0.041803630339161235	-0.2693001567869901	0.004974130881635818	-0.1316301866985045	-0.07790003671393253	-0.12607094339282662	-0.2449030819059873
Pelka_2021_Cell.C123__normal_epithelial	Pelka_2021_Cell.C123	normal_epithelial	Pelka_2021_Cell	98	-0.145845489755982	-0.43110937769832564	0.08308738824476593	0.10254949952378875	-0.3698548441164533	0.10364597971103756	-0.09306731494432008
Pelka_2021_Cell.C123__tumor_epithelial	Pelka_2021_Cell.C123	tumor_epithelial	Pelka_2021_Cell	47	-0.048886241145876745	-0.3437885683719171	-0.10096632539275908	-0.195177861936066	-0.3566009643907185	-0.25425773414875025	-0.2971211979943526
Pelka_2021_Cell.C123__tumor_cancer	Pelka_2021_Cell.C123	tumor_cancer	Pelka_2021_Cell	156	0.014472414814644619	-0.42093501913392806	-0.12588354615210548	-0.07357176253801267	-0.35880806185756625	0.005602046854439606	-0.18147688269450696
Pelka_2021_Cell.C124__normal_epithelial	Pelka_2021_Cell.C124	normal_epithelial	Pelka_2021_Cell	388	-0.07156413552172793	-0.4007536705973483	-0.08792281471116521	0.019923736124387977	-0.2990414576184921	0.29083001508753104	-0.1321124491613364
Pelka_2021_Cell.C124__tumor_cancer	Pelka_2021_Cell.C124	tumor_cancer	Pelka_2021_Cell	40	-0.0860780971134278	-0.4158204910395968	0.042968677189764104	0.0959524497218014	-0.34606443024175354	0.22562758574792535	-0.009922500252622497
Pelka_2021_Cell.C124__tumor_epithelial	Pelka_2021_Cell.C124	tumor_epithelial	Pelka_2021_Cell	6	-0.23374504515422478	-0.5492772126880981	0.30339714820031355	0.3592970492815378	-0.45213718874941045	0.34022794096373005	0.4223288612333678
Pelka_2021_Cell.C125__normal_epithelial	Pelka_2021_Cell.C125	normal_epithelial	Pelka_2021_Cell	183	-0.15819498404528545	-0.42668299602638854	0.09134728994693615	0.1822273774831895	-0.35909107482405356	0.18049252766161317	-0.04584159283379642
Pelka_2021_Cell.C125__tumor_cancer	Pelka_2021_Cell.C125	tumor_cancer	Pelka_2021_Cell	88	0.030879690584012826	-0.4002601309348653	-0.1911228675535492	-0.11343816960306259	-0.3457597722067635	-0.3399211626492402	-0.224276262257123
Pelka_2021_Cell.C125__tumor_epithelial	Pelka_2021_Cell.C125	tumor_epithelial	Pelka_2021_Cell	2	-0.2952826285942286	-0.5934696911972787	0.5151349475375533	0.6696818594902081	-0.45808521270551605	0.5488230411273146	0.8698630805508637
Pelka_2021_Cell.C126__normal_epithelial	Pelka_2021_Cell.C126	normal_epithelial	Pelka_2021_Cell	157	-0.18240177622672143	-0.3836527611054628	0.08479478312921036	0.08730063342864322	-0.334980571012468	0.13304482047206345	-0.05465535470801855
Pelka_2021_Cell.C126__tumor_cancer	Pelka_2021_Cell.C126	tumor_cancer	Pelka_2021_Cell	56	-0.08043777379715834	-0.42043018414492395	0.020769957823339076	-0.007618084312269628	-0.35611530003100583	-0.1289295543124477	-0.1486527065212835
Pelka_2021_Cell.C129__normal_epithelial	Pelka_2021_Cell.C129	normal_epithelial	Pelka_2021_Cell	49	-0.23585579434274423	-0.46858548296510066	0.303263197311001	0.3249504810083081	-0.35631270492757927	0.29860304232081625	0.1741770742635068
Pelka_2021_Cell.C129__tumor_cancer	Pelka_2021_Cell.C129	tumor_cancer	Pelka_2021_Cell	160	-0.010617545486254138	-0.4065484788725691	-0.11936612592783623	-0.027177314609731457	-0.3348599808131864	-0.12986947461907072	-0.1147887944498895
Pelka_2021_Cell.C129__tumor_epithelial	Pelka_2021_Cell.C129	tumor_epithelial	Pelka_2021_Cell	4	-0.17621428217003476	-0.4849674751466448	0.3693244687821761	0.4387628259271883	-0.46988807136983174	0.3741779997792104	0.2666728802438021
Pelka_2021_Cell.C130__normal_epithelial	Pelka_2021_Cell.C130	normal_epithelial	Pelka_2021_Cell	82	-0.10484365443560525	-0.4652945689237578	0.080766336247799	0.15431137822758648	-0.4107595086474758	0.06229495939311754	-0.01859500806517109
Pelka_2021_Cell.C130__tumor_cancer	Pelka_2021_Cell.C130	tumor_cancer	Pelka_2021_Cell	146	0.1474284256113392	-0.3671241799095944	-0.24603352495815234	-0.1700358171499154	-0.24658193935208697	-0.12035106444175743	-0.3000112283097115
Pelka_2021_Cell.C130__tumor_epithelial	Pelka_2021_Cell.C130	tumor_epithelial	Pelka_2021_Cell	2	-0.1476685305809782	-0.4376239211109184	0.31714231057158226	0.170342616756527	-0.30153942353131297	0.33216122489937056	0.21200202507432164
Pelka_2021_Cell.C132__normal_epithelial	Pelka_2021_Cell.C132	normal_epithelial	Pelka_2021_Cell	36	-0.3157481907096072	-0.5977316212424245	0.22789035268925095	0.3400330062936223	-0.5486272380588695	0.23607002096063606	-0.023450214541601656
Pelka_2021_Cell.C132__tumor_cancer	Pelka_2021_Cell.C132	tumor_cancer	Pelka_2021_Cell	79	0.0729746159296462	-0.4759307523193691	-0.16046669872862715	-0.11985136664572114	-0.3876753116173953	-0.26170975665467744	-0.16412373673483813
Pelka_2021_Cell.C133__normal_epithelial	Pelka_2021_Cell.C133	normal_epithelial	Pelka_2021_Cell	28	-0.16085956381931552	-0.3877608885657788	0.03552903823882878	0.07354383408431356	-0.2142907056198847	0.4332590737610203	0.0804469346769291
Pelka_2021_Cell.C133__tumor_cancer	Pelka_2021_Cell.C133	tumor_cancer	Pelka_2021_Cell	54	0.11251603007009463	-0.3281522023104694	-0.23128295808025287	-0.2074861447320467	-0.2339199935998679	-0.3001797369914041	-0.2521328860100134
Pelka_2021_Cell.C133__tumor_epithelial	Pelka_2021_Cell.C133	tumor_epithelial	Pelka_2021_Cell	17	0.02554150178368305	-0.3013809165894873	-0.2031777620359539	-0.3093049465018388	-0.3287532999392319	-0.37281884439618385	-0.35006177026589447
Pelka_2021_Cell.C134__normal_epithelial	Pelka_2021_Cell.C134	normal_epithelial	Pelka_2021_Cell	67	-0.041161636809869506	-0.3977538561927209	-0.1513314363717523	-0.04678038474157303	-0.3132219709181222	0.19141214267499815	-0.2522147822109078
Pelka_2021_Cell.C134__tumor_cancer	Pelka_2021_Cell.C134	tumor_cancer	Pelka_2021_Cell	72	-0.16446908759414272	-0.46516903066723597	0.07190998298791598	0.033263826835999516	-0.4744918374918878	-0.2546188029732926	-0.12172513132105975
Pelka_2021_Cell.C135__normal_epithelial	Pelka_2021_Cell.C135	normal_epithelial	Pelka_2021_Cell	27	-0.12377267624291977	-0.37887599451242426	0.0514688891753202	0.11510797670681167	-0.28805349073150105	0.13508532314862898	0.008730649598434665
Pelka_2021_Cell.C135__tumor_cancer	Pelka_2021_Cell.C135	tumor_cancer	Pelka_2021_Cell	56	-0.14993224037490685	-0.4482381222140997	0.1971526235681687	0.16647442612897687	-0.361113599837679	0.001183931378482779	0.12944954996757788
Pelka_2021_Cell.C135__tumor_epithelial	Pelka_2021_Cell.C135	tumor_epithelial	Pelka_2021_Cell	6	-0.1569731696690173	-0.4314949422765684	0.1008831776971373	-0.05005727988866426	-0.42507668973814616	-0.06343937209879849	-0.22220329221225477
Pelka_2021_Cell.C136__normal_epithelial	Pelka_2021_Cell.C136	normal_epithelial	Pelka_2021_Cell	104	-0.11166601085617574	-0.43318058330943743	0.04824563043745338	0.1569153046780171	-0.30438262722509485	0.24633322849057537	0.0176049405810277
Pelka_2021_Cell.C136__tumor_cancer	Pelka_2021_Cell.C136	tumor_cancer	Pelka_2021_Cell	69	0.016939536360325122	-0.41963130882681104	-0.171919488179655	-0.21154138401985764	-0.38412450841704626	-0.44470635263653474	-0.4071436538679782
Pelka_2021_Cell.C137__normal_epithelial	Pelka_2021_Cell.C137	normal_epithelial	Pelka_2021_Cell	33	-0.14415122462979296	-0.4390393182311807	0.04246863806109978	0.10614422502872645	-0.3617769157222287	0.10681232595506474	-0.033352866889917704
Pelka_2021_Cell.C137__tumor_cancer	Pelka_2021_Cell.C137	tumor_cancer	Pelka_2021_Cell	25	0.13093313573745402	-0.4065984455569828	-0.26082093328488176	-0.22256373793669829	-0.3192694954944598	-0.2390130792186913	-0.42307054052285675
Pelka_2021_Cell.C138__normal_epithelial	Pelka_2021_Cell.C138	normal_epithelial	Pelka_2021_Cell	27	-0.1300819864018319	-0.35050379899017015	0.02329036142531414	0.03628120361998783	-0.2372790804060107	0.33615163007337456	-0.06771082423694798
Pelka_2021_Cell.C138__tumor_cancer	Pelka_2021_Cell.C138	tumor_cancer	Pelka_2021_Cell	28	-0.1282818621501063	-0.4099225011367692	0.12993374698364105	0.07623141519510211	-0.3756204491990398	-0.10162893341156738	0.021328241716942205
Pelka_2021_Cell.C138__tumor_epithelial	Pelka_2021_Cell.C138	tumor_epithelial	Pelka_2021_Cell	6	-0.03829263700939096	-0.29541720396925547	-0.2556174192644367	-0.2633593828110335	-0.37327915641265375	-0.2245576913972891	-0.6504710900025636
Pelka_2021_Cell.C139__normal_epithelial	Pelka_2021_Cell.C139	normal_epithelial	Pelka_2021_Cell	51	-0.10559733329919145	-0.4302658989953737	-0.03399656664474171	0.1384160598211347	-0.3848351648203585	0.10707747297042058	-0.0639526029352155
Pelka_2021_Cell.C139__tumor_cancer	Pelka_2021_Cell.C139	tumor_cancer	Pelka_2021_Cell	174	-0.02012812954593808	-0.35886570814929947	-0.2531524865287032	-0.2796224414122711	-0.3702914729241791	-0.19341907673139141	-0.3898548300049496
Pelka_2021_Cell.C139__tumor_epithelial	Pelka_2021_Cell.C139	tumor_epithelial	Pelka_2021_Cell	5	-0.17195228970714227	-0.32533959790657097	-0.13210619367709925	-0.4842472553981553	-0.3289743777837774	-0.5504365425036455	-0.4684482341211353
Pelka_2021_Cell.C140__normal_epithelial	Pelka_2021_Cell.C140	normal_epithelial	Pelka_2021_Cell	55	-0.2630160940299057	-0.5207720453596203	0.329872464788389	0.44197235145846686	-0.43215269587799193	0.38810062623609376	0.39156160977468435
Pelka_2021_Cell.C140__tumor_cancer	Pelka_2021_Cell.C140	tumor_cancer	Pelka_2021_Cell	135	-0.004867373291764811	-0.45697598472675144	-0.06284219994410213	0.029277210735394	-0.3799363658201241	-0.3436955727654484	-0.08228358062107143
Pelka_2021_Cell.C140__tumor_epithelial	Pelka_2021_Cell.C140	tumor_epithelial	Pelka_2021_Cell	3	-0.07808381844509478	-0.41960307860121726	0.01077038667759979	-0.039491490835766835	-0.47244266876313173	-0.32216791485808577	-0.2943548576040955
Pelka_2021_Cell.C142__normal_epithelial	Pelka_2021_Cell.C142	normal_epithelial	Pelka_2021_Cell	66	-0.09257569408365049	-0.40316002563171843	-0.00352538251780847	0.1161578932367058	-0.303035320979169	0.1674307663311994	0.02472362744184891
Pelka_2021_Cell.C142__tumor_cancer	Pelka_2021_Cell.C142	tumor_cancer	Pelka_2021_Cell	54	-0.008664796580004618	-0.4002971399770924	0.0037436868316650953	0.09814571882818712	-0.27171572398606875	0.17662712979405215	0.0790889446915263
Pelka_2021_Cell.C142__tumor_epithelial	Pelka_2021_Cell.C142	tumor_epithelial	Pelka_2021_Cell	5	-0.28050299910043786	-0.422247722958313	0.48702796766566364	0.568901531392801	-0.2131142309412355	0.5649336856843475	0.5242061984408586
Pelka_2021_Cell.C143__normal_epithelial	Pelka_2021_Cell.C143	normal_epithelial	Pelka_2021_Cell	74	-0.13502373035522178	-0.4480451990229269	0.02874982590867344	0.14086464359924866	-0.3813946218516055	0.19672782652065415	-0.034471643142005653
Pelka_2021_Cell.C143__tumor_cancer	Pelka_2021_Cell.C143	tumor_cancer	Pelka_2021_Cell	66	-0.025816397519059214	-0.482517564079815	-0.10836533195155924	0.031109551580503436	-0.40793697141243807	-0.14645129979765603	-0.09799686895123487
Pelka_2021_Cell.C143__tumor_epithelial	Pelka_2021_Cell.C143	tumor_epithelial	Pelka_2021_Cell	1	-0.21487527041895094	-0.5488302563769898	0.39424218104729647	0.44189383294661455	-0.3434586403472462	0.1141411192708559	0.647436933712916
Pelka_2021_Cell.C144__tumor_cancer	Pelka_2021_Cell.C144	tumor_cancer	Pelka_2021_Cell	51	-0.0728956099559447	-0.4580956415252173	-0.0006503439463899114	0.06930344126351086	-0.3476189829472256	0.16144238887192122	-0.055757095920007736
Pelka_2021_Cell.C144__tumor_epithelial	Pelka_2021_Cell.C144	tumor_epithelial	Pelka_2021_Cell	3	-0.27052138356326993	-0.40670807988702734	0.4667909311859982	0.4757387462407318	-0.3613293331652699	0.4341796611681404	0.5655993134336612
Pelka_2021_Cell.C145__tumor_cancer	Pelka_2021_Cell.C145	tumor_cancer	Pelka_2021_Cell	112	-0.012647880855906775	-0.4399899057459205	0.004834748744088457	0.10731712110124395	-0.3655074137552045	-0.12378211795072197	-0.001958470326403009
Pelka_2021_Cell.C145__tumor_epithelial	Pelka_2021_Cell.C145	tumor_epithelial	Pelka_2021_Cell	24	-0.01192668110196609	-0.42896461049069906	-0.026709262047923774	-0.009835929687593963	-0.37556873851071515	-0.3017309137005336	-0.044340451012466774
Pelka_2021_Cell.C146__tumor_cancer	Pelka_2021_Cell.C146	tumor_cancer	Pelka_2021_Cell	100	0.14752595641744629	-0.43781151758066345	-0.2769897083781775	-0.17407885670463605	-0.32920396353117964	-0.09575397598239309	-0.2442116908612221
Pelka_2021_Cell.C146__tumor_epithelial	Pelka_2021_Cell.C146	tumor_epithelial	Pelka_2021_Cell	9	-0.03429526237801885	-0.463306344008357	-0.07647269417194033	-0.0641888232423289	-0.42427814309809175	0.09140342719786176	-0.006153681899825281
Pelka_2021_Cell.C147__tumor_cancer	Pelka_2021_Cell.C147	tumor_cancer	Pelka_2021_Cell	115	0.07732763423247424	-0.398934392130805	-0.20509814366195184	-0.13449893791808734	-0.3116801668546387	-0.1623859605929399	-0.33249962619831963
Pelka_2021_Cell.C149__tumor_cancer	Pelka_2021_Cell.C149	tumor_cancer	Pelka_2021_Cell	83	-0.08831631803191485	-0.49432496501938733	-0.037396818822182286	0.12461719929514668	-0.4268332906095596	-0.04150927155406327	-0.08224696343129934
Pelka_2021_Cell.C149__tumor_epithelial	Pelka_2021_Cell.C149	tumor_epithelial	Pelka_2021_Cell	1	-0.4602124080231269	-0.6203463270818674	0.6833579699938306	0.82100720979163	-0.7570605936469318	0.4646458915820403	0.2840289712926477
Pelka_2021_Cell.C150__tumor_cancer	Pelka_2021_Cell.C150	tumor_cancer	Pelka_2021_Cell	77	-0.050438440478135754	-0.4786761139912665	-0.06900850451348735	0.005659995772787982	-0.4117532939093597	-0.1389782610394776	-0.1311856547104041
Pelka_2021_Cell.C151__normal_epithelial	Pelka_2021_Cell.C151	normal_epithelial	Pelka_2021_Cell	108	-0.13253393504469524	-0.3987198584392994	-0.03362150450939591	0.02461717137127167	-0.30579204158417006	0.25871381380171327	-0.11777172705572521
Pelka_2021_Cell.C151__tumor_cancer	Pelka_2021_Cell.C151	tumor_cancer	Pelka_2021_Cell	20	0.23509329731802925	-0.37080171486512026	-0.3692130630478427	-0.32009233633279355	-0.25180354976793673	-0.4142044953625004	-0.3189506081047257
Pelka_2021_Cell.C152__normal_epithelial	Pelka_2021_Cell.C152	normal_epithelial	Pelka_2021_Cell	66	-0.17950880454533738	-0.46129309085551945	0.13997971248477847	0.2261331759466718	-0.35514879124436244	0.3746282251415068	0.09359826121212247
Pelka_2021_Cell.C152__tumor_cancer	Pelka_2021_Cell.C152	tumor_cancer	Pelka_2021_Cell	57	0.03210400793992266	-0.4512148378681642	-0.053438572381721255	0.047275379831754984	-0.36916695196914534	0.04202461883855125	-0.022403868822480053
Pelka_2021_Cell.C152__tumor_epithelial	Pelka_2021_Cell.C152	tumor_epithelial	Pelka_2021_Cell	1	-0.4675920049919045	-0.6394238134690459	0.5063449464375473	0.5748155269758977	-0.3769138714509984	0.35405490877275647	0.7062617300400607
Pelka_2021_Cell.C153__tumor_cancer	Pelka_2021_Cell.C153	tumor_cancer	Pelka_2021_Cell	137	0.0471058347711166	-0.45077286370137976	-0.14439862319721217	-0.04295203946099875	-0.39269873440117076	-0.2724312340924647	-0.15790875784117644
Pelka_2021_Cell.C162__normal_epithelial	Pelka_2021_Cell.C162	normal_epithelial	Pelka_2021_Cell	35	-0.1972256197532697	-0.38299778652522565	0.06609245547902282	0.10859607878392805	-0.3170465367077445	0.28674203334512455	0.01260377002968105
Pelka_2021_Cell.C162__tumor_cancer	Pelka_2021_Cell.C162	tumor_cancer	Pelka_2021_Cell	349	-0.048181741395127625	-0.3366729827104292	-0.15954287279633536	-0.17325399302605135	-0.3232645347452447	-0.1960594073225197	-0.3164985337471513
Pelka_2021_Cell.C162__tumor_epithelial	Pelka_2021_Cell.C162	tumor_epithelial	Pelka_2021_Cell	394	-0.1004218048781302	-0.30605684899874713	-0.20207398680226116	-0.24267175477855524	-0.2901993555091342	-0.017595871676388628	-0.29956418664835616
Pelka_2021_Cell.C112__normal_epithelial	Pelka_2021_Cell.C112	normal_epithelial	Pelka_2021_Cell	39	-0.12101509103904827	-0.45872814059042727	-0.01877840519958452	0.15148422810724976	-0.36090794935054055	0.16610923937926436	-0.01692207095902433
Pelka_2021_Cell.C114__normal_epithelial	Pelka_2021_Cell.C114	normal_epithelial	Pelka_2021_Cell	19	-0.06897590886876126	-0.4062454354068371	-0.08959013303443833	0.0708800620029583	-0.3295948963008048	0.10589172371056566	-0.08065378063508469
Pelka_2021_Cell.C115__normal_epithelial	Pelka_2021_Cell.C115	normal_epithelial	Pelka_2021_Cell	18	-0.248677996581562	-0.4420235752380384	0.2783536977608247	0.30352112378006796	-0.30184221062551	0.4683376908531287	0.24329345157274743
Pelka_2021_Cell.C115__tumor_cancer	Pelka_2021_Cell.C115	tumor_cancer	Pelka_2021_Cell	22	0.035808263642028895	-0.3779563284056919	-0.030810027510603293	-0.029505280904367368	-0.2682971694094463	-0.09676179531858754	-0.019375955602381298
Pelka_2021_Cell.C115__tumor_epithelial	Pelka_2021_Cell.C115	tumor_epithelial	Pelka_2021_Cell	1	-0.4332624165373405	-0.5606305979319102	0.781378826819686	0.833404552046321	-0.5754636785535385	0.9401813146545943	0.5572492164804576
Pelka_2021_Cell.C116__normal_epithelial	Pelka_2021_Cell.C116	normal_epithelial	Pelka_2021_Cell	52	-0.08973564466929268	-0.4620908015609389	-0.07852736475608056	0.10018947437001445	-0.3703508553326038	0.1249749954459671	-0.17345842704211462
Pelka_2021_Cell.C118__tumor_cancer	Pelka_2021_Cell.C118	tumor_cancer	Pelka_2021_Cell	54	0.03302814971643292	-0.3786271009151849	-0.09133035406603617	0.020872954166612657	-0.2912110758626476	-0.03786480078182709	-0.11490216688340751
Pelka_2021_Cell.C118__tumor_epithelial	Pelka_2021_Cell.C118	tumor_epithelial	Pelka_2021_Cell	1	0.1506289800745181	-0.3754656596246606	-0.4867572137610428	-0.2227187508922415	-0.24786835326113163	-0.24370756069578978	-0.4128855338966027
Pelka_2021_Cell.C154__tumor_cancer	Pelka_2021_Cell.C154	tumor_cancer	Pelka_2021_Cell	91	0.08415069240194024	-0.2558770200310388	-0.15453846619317743	-0.27545038266633765	-0.21217211276745473	-0.2663391811574045	-0.442687655891113
Pelka_2021_Cell.C154__tumor_epithelial	Pelka_2021_Cell.C154	tumor_epithelial	Pelka_2021_Cell	5	-0.07523201512257247	-0.11672497465913988	-0.08782559683818103	-0.4048563035788026	-0.18155092614311227	-0.38576010013136425	-0.36775932066512845
Pelka_2021_Cell.C155__normal_epithelial	Pelka_2021_Cell.C155	normal_epithelial	Pelka_2021_Cell	46	-0.1826261855120866	-0.33149770084975405	0.004288155018337017	0.006211421539180016	-0.2420293640026367	0.24579467050633996	-0.11203585901673413
Pelka_2021_Cell.C155__tumor_cancer	Pelka_2021_Cell.C155	tumor_cancer	Pelka_2021_Cell	69	-0.022245974071957057	-0.3069474784859664	-0.10445125836529291	-0.1746788169030885	-0.27951867315026024	-0.16462065385815097	-0.28060067525189025
Pelka_2021_Cell.C155__tumor_epithelial	Pelka_2021_Cell.C155	tumor_epithelial	Pelka_2021_Cell	7	-0.16160176567584217	-0.1437724526988568	-0.03757618837384063	-0.12609756663190952	-0.20321346367931983	0.08908298844383895	-0.2548347738838823
Pelka_2021_Cell.C156__tumor_epithelial	Pelka_2021_Cell.C156	tumor_epithelial	Pelka_2021_Cell	21	0.05619715873983183	-0.037336890138425886	-0.17482840017462195	-0.35571080192635707	-0.07643067106718501	-0.192364073577769	-0.33372937464525704
Pelka_2021_Cell.C156__tumor_cancer	Pelka_2021_Cell.C156	tumor_cancer	Pelka_2021_Cell	19	0.04488502128252369	-0.3001724285240508	-0.2074724781471778	-0.22886362169096697	-0.24505452723320897	-0.1561971717084243	-0.4008569662211778
Pelka_2021_Cell.C157__normal_epithelial	Pelka_2021_Cell.C157	normal_epithelial	Pelka_2021_Cell	68	-0.17749022114494348	-0.2463233037320137	0.016563786423459712	-0.0958156079627287	-0.18352203245009055	0.309871299020321	-0.21865254065869844
Pelka_2021_Cell.C157__tumor_cancer	Pelka_2021_Cell.C157	tumor_cancer	Pelka_2021_Cell	99	0.04897670289769335	-0.15262461952535594	-0.21994035576413104	-0.316430032025013	-0.122041917284444	-0.3515603114117425	-0.4396480937035224
Pelka_2021_Cell.C157__tumor_epithelial	Pelka_2021_Cell.C157	tumor_epithelial	Pelka_2021_Cell	6	-0.15540296976586182	-0.24457260351649235	0.2438956280750344	0.16100886754110527	-0.15785002541668242	0.3457709782638308	-0.013324669004073664
Pelka_2021_Cell.C158__tumor_cancer	Pelka_2021_Cell.C158	tumor_cancer	Pelka_2021_Cell	44	0.08040083537707854	-0.18774355853613953	-0.26922812299676413	-0.42945797077006254	-0.18645649891566216	-0.39663733812162183	-0.44921903890316445
Pelka_2021_Cell.C159__tumor_cancer	Pelka_2021_Cell.C159	tumor_cancer	Pelka_2021_Cell	43	-0.057647282228301525	-0.28500999760429974	-0.1027258199843054	-0.14817686858174492	-0.29470331637148317	-0.3254745979733906	-0.29119594688020056
Pelka_2021_Cell.C159__tumor_epithelial	Pelka_2021_Cell.C159	tumor_epithelial	Pelka_2021_Cell	16	-0.09535163570817662	-0.13890825993232056	-0.1013895722227489	-0.28500863131965537	-0.23390596193699317	-0.2750308195404166	-0.3062930901752707
Pelka_2021_Cell.C160__tumor_cancer	Pelka_2021_Cell.C160	tumor_cancer	Pelka_2021_Cell	107	0.07116903546984218	-0.2471621919494363	-0.2845184846276521	-0.45383327130506734	-0.24542321958696608	-0.44605740429490626	-0.524744863512418
Pelka_2021_Cell.C160__tumor_epithelial	Pelka_2021_Cell.C160	tumor_epithelial	Pelka_2021_Cell	2	-0.014059264751791232	0.05412062633187802	-0.12303725435317055	-0.4549681020091682	-0.15217513766587173	-0.3169330653324298	-0.21045158709680784
Pelka_2021_Cell.C161__tumor_cancer	Pelka_2021_Cell.C161	tumor_cancer	Pelka_2021_Cell	99	0.02105771939832865	-0.26536967336394546	-0.23536383842302175	-0.2806395666839144	-0.2660095277136877	-0.45126204409970794	-0.45496729179285095
Pelka_2021_Cell.C161__tumor_epithelial	Pelka_2021_Cell.C161	tumor_epithelial	Pelka_2021_Cell	1	0.06548842614962638	-0.14614665045854608	-0.36436274307115957	-0.32288067459526915	-0.15076498120584456	-0.9555438706976739	-0.5792462539691737
Pelka_2021_Cell.C163__tumor_cancer	Pelka_2021_Cell.C163	tumor_cancer	Pelka_2021_Cell	96	0.04670588648985461	-0.19935240778623914	-0.08383205468385138	-0.3030023002618168	-0.17654780110190746	-0.22863399504473172	-0.3835879999088234
Pelka_2021_Cell.C163__tumor_epithelial	Pelka_2021_Cell.C163	tumor_epithelial	Pelka_2021_Cell	14	-0.07045229612117676	-0.28066719806887186	0.2721835560873641	0.11136996665461492	0.07335926955889364	0.2700950865328568	0.03751367415881333
Pelka_2021_Cell.C164__tumor_cancer	Pelka_2021_Cell.C164	tumor_cancer	Pelka_2021_Cell	67	0.07210792181285118	-0.23767422208923436	-0.2769179642163898	-0.3850566595229638	-0.1958822117442125	-0.23256588366916445	-0.5016565282718456
Pelka_2021_Cell.C164__tumor_epithelial	Pelka_2021_Cell.C164	tumor_epithelial	Pelka_2021_Cell	4	0.14902188779083034	-0.07033353655816661	-0.38213232295282823	-0.47604092924556884	0.08661192680451439	0.041577825047029796	-0.6860946093653632
Pelka_2021_Cell.C165__normal_epithelial	Pelka_2021_Cell.C165	normal_epithelial	Pelka_2021_Cell	6	-0.3076206189567445	-0.3492480382594091	0.3411530002302063	0.24189888479034288	-0.29625052932170537	0.3268422704103881	0.4560919903515576
Pelka_2021_Cell.C165__tumor_cancer	Pelka_2021_Cell.C165	tumor_cancer	Pelka_2021_Cell	48	-0.03562559456378835	-0.241056990448727	-0.09473219971521304	-0.24502618435358828	-0.26001037345935485	-0.13784357793355945	-0.19766084468683198
Pelka_2021_Cell.C166__tumor_cancer	Pelka_2021_Cell.C166	tumor_cancer	Pelka_2021_Cell	251	0.09600329585949074	-0.1256810869517482	-0.2319654428499309	-0.5272562087866767	-0.16086311306833986	-0.6787206360418436	-0.5708941896198035
Pelka_2021_Cell.C166__tumor_epithelial	Pelka_2021_Cell.C166	tumor_epithelial	Pelka_2021_Cell	33	0.06544418229266936	0.039910077816134516	-0.22040424155885427	-0.6045284837362455	-0.09778983177614456	-0.6577955383768755	-0.586045568483789
Pelka_2021_Cell.C167__tumor_cancer	Pelka_2021_Cell.C167	tumor_cancer	Pelka_2021_Cell	13	0.007025555017719571	-0.2547390244065917	0.10741989117444416	-0.005278343030843709	-0.08109136297700295	0.2053835979878491	-0.011829217713385423
Pelka_2021_Cell.C168__tumor_cancer	Pelka_2021_Cell.C168	tumor_cancer	Pelka_2021_Cell	33	0.07906908620189419	-0.31502513045836006	-0.26817484905100947	-0.3573539642324677	-0.2762693848467397	-0.24160630262045846	-0.4384250467616314
Pelka_2021_Cell.C169__tumor_cancer	Pelka_2021_Cell.C169	tumor_cancer	Pelka_2021_Cell	34	0.015902041111936084	-0.3689244341785362	-0.24565300846799376	-0.2602998208969443	-0.3500907128518253	-0.2999668126843732	-0.4539680398078471
Pelka_2021_Cell.C170__normal_epithelial	Pelka_2021_Cell.C170	normal_epithelial	Pelka_2021_Cell	1	-0.404351814477851	-0.7238888636875958	0.1967648173735132	0.5187431181230678	-0.5477841389216377	0.8828953611305455	0.8028652327346804
Pelka_2021_Cell.C170__tumor_cancer	Pelka_2021_Cell.C170	tumor_cancer	Pelka_2021_Cell	177	-0.12365344871358715	-0.39173449691736084	-0.03132503746133892	-0.16936629604524955	-0.4121694479077326	-0.16658311473640217	-0.3617092458879271
Pelka_2021_Cell.C171__tumor_cancer	Pelka_2021_Cell.C171	tumor_cancer	Pelka_2021_Cell	202	-0.011682354937570071	-0.20127169113211746	-0.04214531469839278	-0.1286451367144313	-0.17056852953163287	-0.13255595181843718	-0.26467050490169275
Pelka_2021_Cell.C171__tumor_epithelial	Pelka_2021_Cell.C171	tumor_epithelial	Pelka_2021_Cell	14	-0.022002711363375053	-0.05950347299814047	-0.0970659189121595	-0.2677111639973571	-0.1853987933079164	-0.10991245624198658	-0.26885339380329715
Pelka_2021_Cell.C172__tumor_epithelial	Pelka_2021_Cell.C172	tumor_epithelial	Pelka_2021_Cell	4	0.04902994071762525	-0.19128102490759172	-0.4089451422494025	-0.5556867366600448	-0.2562164497511054	-0.2593658946234593	-0.7489870308167261
Pelka_2021_Cell.C172__tumor_cancer	Pelka_2021_Cell.C172	tumor_cancer	Pelka_2021_Cell	17	0.06071254752420445	-0.3270263114128326	-0.2104708168747282	-0.2772136659424038	-0.32603663201146277	-0.33869751793769887	-0.5307707772930638
Pelka_2021_Cell.C173__tumor_epithelial	Pelka_2021_Cell.C173	tumor_epithelial	Pelka_2021_Cell	3	-0.20689875259879564	-0.12327695831916918	0.012831718417053058	-0.12615443191766165	-0.3532408127754517	0.25330724187154136	-0.007151334483968978
Pelka_2021_Cell.C173__tumor_cancer	Pelka_2021_Cell.C173	tumor_cancer	Pelka_2021_Cell	32	-0.13013413260192844	-0.30323419479934544	0.12013012089580448	-0.002554887456016179	-0.2866781575329816	-0.021792543349610023	-0.07850175782656794
Pelka_2021_Cell.C158__tumor_epithelial	Pelka_2021_Cell.C158	tumor_epithelial	Pelka_2021_Cell	2	0.070141724838817	0.1703796930914549	-0.38838729449991016	-0.9704906352916556	-0.03368352738053605	-0.49098335077340394	-0.747173731180365
Qi_2022_Nat_Commun.P1__normal_epithelial	Qi_2022_Nat_Commun.P1	normal_epithelial	Qi_2022_Nat_Commun	3	-0.3858214698834913	-0.5897760114412218	0.2609065781044016	0.3891281458400496	-0.44700900260664767	0.5216227424989727	0.0042284159466728375
Qi_2022_Nat_Commun.P2__normal_epithelial	Qi_2022_Nat_Commun.P2	normal_epithelial	Qi_2022_Nat_Commun	2	-0.47353465081810586	-0.5086979035546351	0.28142393220359685	0.43085191228107383	-0.6107512066106785	0.2945717015403059	0.31003120099504067
Qi_2022_Nat_Commun.P3__normal_epithelial	Qi_2022_Nat_Commun.P3	normal_epithelial	Qi_2022_Nat_Commun	93	-0.07299705549981991	-0.3429053356930843	-0.07021541205663989	-0.0847169618236915	-0.3644901746973745	-0.2702376832083631	-0.11552501441099908
Qi_2022_Nat_Commun.P4__normal_epithelial	Qi_2022_Nat_Commun.P4	normal_epithelial	Qi_2022_Nat_Commun	13	-0.22091656107944016	-0.5284054666629999	0.10753178126948057	0.19169901199081943	-0.5178553818851175	0.01030874200205029	0.035338164677140384
Qi_2022_Nat_Commun.P5__normal_epithelial	Qi_2022_Nat_Commun.P5	normal_epithelial	Qi_2022_Nat_Commun	12	-0.14378162790073365	-0.31730436217498426	0.042725617126117284	-0.08370835409269765	-0.36195274056123866	-0.11394097293606029	-0.15979315879655062
Qi_2022_Nat_Commun.P1__tumor_cancer	Qi_2022_Nat_Commun.P1	tumor_cancer	Qi_2022_Nat_Commun	20	-0.03297440454583897	-0.19258445002308325	0.05578409631032859	0.036597464776780476	-0.10006075798173542	-0.01148155665928829	0.13143455223577752
Qi_2022_Nat_Commun.P2__tumor_cancer	Qi_2022_Nat_Commun.P2	tumor_cancer	Qi_2022_Nat_Commun	50	-0.19021872472507673	-0.40875051734518936	0.09952993509335778	0.09019207178602676	-0.3388560637471619	0.14853813114620207	0.12056011348068287
Qi_2022_Nat_Commun.P2__tumor_epithelial	Qi_2022_Nat_Commun.P2	tumor_epithelial	Qi_2022_Nat_Commun	2	-0.17827093045614298	-0.20464718083998773	0.3617758953597237	0.06759988944085762	-0.01809734674251059	-0.09610149937202123	0.5673907651581829
Qi_2022_Nat_Commun.P3__tumor_cancer	Qi_2022_Nat_Commun.P3	tumor_cancer	Qi_2022_Nat_Commun	145	-0.1858275005120707	-0.47781196998790254	0.09531703198565515	0.09014364994497208	-0.4605866894312429	-0.14723664561814895	0.03376173512968952
Qi_2022_Nat_Commun.P4__tumor_cancer	Qi_2022_Nat_Commun.P4	tumor_cancer	Qi_2022_Nat_Commun	77	-0.2545316742454345	-0.3953171936927523	0.12394163827571103	0.024206241685981338	-0.4489730836760584	0.014946461225499568	-0.028641622952613945
Qi_2022_Nat_Commun.P4__tumor_epithelial	Qi_2022_Nat_Commun.P4	tumor_epithelial	Qi_2022_Nat_Commun	9	-0.27330168412406025	-0.10996200328001869	0.28472904574308167	0.13986777852698654	-0.1903152238361551	0.32757806548657004	0.1487564605981044
Qi_2022_Nat_Commun.P5__tumor_cancer	Qi_2022_Nat_Commun.P5	tumor_cancer	Qi_2022_Nat_Commun	37	-0.14736511392041782	-0.3391172618248649	0.10820775361451163	-0.020682047989098163	-0.284313688981986	0.009885655653439771	0.04299384505433862
Qian_2020_Cell_Res.P31__tumor_cancer	Qian_2020_Cell_Res.P31	tumor_cancer	Qian_2020_Cell_Res	164	-0.013294813243277236	-0.4437506118217576	-0.09579198028262113	-0.01017618128756012	-0.3531324916468165	0.017109155364862124	-0.09493244259573129
Qian_2020_Cell_Res.P31__tumor_epithelial	Qian_2020_Cell_Res.P31	tumor_epithelial	Qian_2020_Cell_Res	1	0.17326497396420723	-0.31598570665249304	-0.43042116808156405	-0.5004166322360117	-0.23017693222321167	-0.734576239288147	-0.6762039632471468
Qian_2020_Cell_Res.P31__normal_epithelial	Qian_2020_Cell_Res.P31	normal_epithelial	Qian_2020_Cell_Res	19	-0.27690448888291563	-0.5371750438120909	0.2442960288501525	0.36171890564077597	-0.4990087398870234	0.39377495241725946	0.09538235028904328
Qian_2020_Cell_Res.P32__tumor_cancer	Qian_2020_Cell_Res.P32	tumor_cancer	Qian_2020_Cell_Res	105	-0.3628419263750375	-0.6377096295238187	0.38327739726028554	0.4267223927084761	-0.5985143878068747	0.23873676618059927	0.35552685624358493
Qian_2020_Cell_Res.P32__tumor_epithelial	Qian_2020_Cell_Res.P32	tumor_epithelial	Qian_2020_Cell_Res	1	0.3194099121273602	-0.32625697637483253	-0.4159968163980152	-0.215323902136485	-0.19287345146833648	-0.23805569794477782	-0.5782814689459117
Qian_2020_Cell_Res.P32__normal_epithelial	Qian_2020_Cell_Res.P32	normal_epithelial	Qian_2020_Cell_Res	30	-0.05731812892144154	-0.4251211865127426	0.009957867097559935	0.10023242694992249	-0.30794798626554354	0.16223271583222496	0.0265462456847048
Qian_2020_Cell_Res.P33__tumor_cancer	Qian_2020_Cell_Res.P33	tumor_cancer	Qian_2020_Cell_Res	120	0.008597493330793928	-0.3477621113870323	0.07767446589977547	0.04024955221765223	-0.2679189182872782	0.07777056949464044	-0.047288511987347494
Qian_2020_Cell_Res.P33__tumor_epithelial	Qian_2020_Cell_Res.P33	tumor_epithelial	Qian_2020_Cell_Res	5	0.027651057679146124	-0.3188587171006924	-0.13892009825193474	-0.08017701800087469	-0.3431487678858852	-0.1124378104338884	-0.2313320675616633
Qian_2020_Cell_Res.P33__normal_epithelial	Qian_2020_Cell_Res.P33	normal_epithelial	Qian_2020_Cell_Res	32	-0.2716011809472472	-0.5714507421390285	0.18244745138215882	0.3344575607145789	-0.5261672009123519	0.31629999539329356	0.021338143552247203
Qian_2020_Cell_Res.P35__tumor_cancer	Qian_2020_Cell_Res.P35	tumor_cancer	Qian_2020_Cell_Res	86	-0.3416903597626425	-0.510660968326189	0.2648739055449203	0.19626074095800358	-0.47297264474627293	0.22993569078435633	0.054737121130534444
Qian_2020_Cell_Res.P35__normal_epithelial	Qian_2020_Cell_Res.P35	normal_epithelial	Qian_2020_Cell_Res	22	-0.1598533252944641	-0.3251070551934773	0.21105075491157385	0.15768708480478644	-0.27231837840160683	0.153669684142664	0.16731405189524695
Qian_2020_Cell_Res.P36__tumor_cancer	Qian_2020_Cell_Res.P36	tumor_cancer	Qian_2020_Cell_Res	8	-0.21183811626428647	-0.4212264225127457	0.021201665665613243	0.003658142283237457	-0.38134282811285747	-0.14790949097540554	-0.17532116650478355
Qian_2020_Cell_Res.P36__normal_epithelial	Qian_2020_Cell_Res.P36	normal_epithelial	Qian_2020_Cell_Res	4	-0.3903725888383421	-0.6022832907465265	0.4651269154075932	0.5002946211388773	-0.5526491422665031	0.5999280739621243	-0.24671820824988214
Qian_2020_Cell_Res.P37__tumor_cancer	Qian_2020_Cell_Res.P37	tumor_cancer	Qian_2020_Cell_Res	9	-0.023283600415282445	-0.22177672429658823	-0.1788593244068401	-0.36789319385696095	-0.2612054723417677	-0.34935027167504346	-0.5957276878161261
Qian_2020_Cell_Res.P37__normal_epithelial	Qian_2020_Cell_Res.P37	normal_epithelial	Qian_2020_Cell_Res	2	-0.3565755423034419	-0.48966921150267306	0.2035057345843487	0.1210831374727974	-0.5586625425376233	0.17126654707258404	-0.4010487151871324
Qian_2020_Cell_Res.P38__tumor_cancer	Qian_2020_Cell_Res.P38	tumor_cancer	Qian_2020_Cell_Res	24	-0.13811641871892116	-0.3976216703139965	0.05664364666277478	0.03951318020564097	-0.4099068526594596	-0.041637111281814285	-0.10648012331004776
Qian_2020_Cell_Res.P38__normal_epithelial	Qian_2020_Cell_Res.P38	normal_epithelial	Qian_2020_Cell_Res	24	-0.10158218165930273	-0.38892618728327955	0.03598550163159924	0.03375920181831166	-0.36817083595317246	-0.11252159816691733	-0.13100792038424527
Sathe_2023_Clin_Cancer_Res.P5915__metastasis_cancer	Sathe_2023_Clin_Cancer_Res.P5915	metastasis_cancer	Sathe_2023_Clin_Cancer_Res	159	-0.4798362142494265	-0.7015740360149563	0.4874181706403814	0.5374569498569635	-0.70258879522099	0.31594026312098566	0.32110004538445946
Sathe_2023_Clin_Cancer_Res.P6198__metastasis_cancer	Sathe_2023_Clin_Cancer_Res.P6198	metastasis_cancer	Sathe_2023_Clin_Cancer_Res	749	-0.18470204005035962	-0.465905320723283	0.20242263739543126	0.18071304945163297	-0.4440158808905337	-0.1083737525189596	0.23497235942893754
Sathe_2023_Clin_Cancer_Res.P6198__metastasis_epithelial	Sathe_2023_Clin_Cancer_Res.P6198	metastasis_epithelial	Sathe_2023_Clin_Cancer_Res	23	-0.08046516490574072	-0.4916748868103245	0.12019110789466582	0.13081617078654606	-0.43078287148826183	-0.08420930736993816	0.15371725045159032
Sathe_2023_Clin_Cancer_Res.P6335__metastasis_epithelial	Sathe_2023_Clin_Cancer_Res.P6335	metastasis_epithelial	Sathe_2023_Clin_Cancer_Res	1	-0.08654801118510508	-0.2099045503759211	-0.4442234348622129	-0.6639573062491522	-0.34295297799288676	-0.724612761788414	-0.5620912379440496
Sathe_2023_Clin_Cancer_Res.P6335__metastasis_cancer	Sathe_2023_Clin_Cancer_Res.P6335	metastasis_cancer	Sathe_2023_Clin_Cancer_Res	37	-0.3015171671744067	-0.5335342236163099	0.1927333979464619	0.19413873697726328	-0.5255896099266818	-0.004022084355885791	0.15832392126543207
Sathe_2023_Clin_Cancer_Res.P8640__metastasis_cancer	Sathe_2023_Clin_Cancer_Res.P8640	metastasis_cancer	Sathe_2023_Clin_Cancer_Res	1	-0.38563278307292675	-0.6190584950735438	0.25842995334553814	0.09135004321084966	-0.3099599393397917	0.5169243301087858	0.5221528135152782
Smillie_2019_Cell.N10__normal_epithelial	Smillie_2019_Cell.N10	normal_epithelial	Smillie_2019_Cell	225	-0.004934940878598509	-0.5391437013434727	-0.12900665976211623	0.23810358846096105	-0.40312884960075135	0.034531728356174386	0.2754860052766487
Smillie_2019_Cell.N11__normal_epithelial	Smillie_2019_Cell.N11	normal_epithelial	Smillie_2019_Cell	180	-0.058183303724951695	-0.5441399601199965	0.04414227444365039	0.34480674647927034	-0.3687811500276401	0.27254691977075507	0.4559540441328192
Smillie_2019_Cell.N13__normal_epithelial	Smillie_2019_Cell.N13	normal_epithelial	Smillie_2019_Cell	54	-0.2984274274439779	-0.54513963322689	0.17388726394706222	0.3013670255789969	-0.4988757677218048	0.32051367642494594	0.15071728449488164
Smillie_2019_Cell.N15__normal_epithelial	Smillie_2019_Cell.N15	normal_epithelial	Smillie_2019_Cell	199	0.04962599484887685	-0.5434262328557117	-0.17669914681764368	0.1918275612279528	-0.38352948490529415	0.10429747536088822	0.23530646755140663
Smillie_2019_Cell.N16__normal_epithelial	Smillie_2019_Cell.N16	normal_epithelial	Smillie_2019_Cell	112	0.007636867535230589	-0.5061014374220304	-0.01879202360137301	0.312400339482053	-0.315143766535491	0.18858160430047272	0.4241385745720794
Smillie_2019_Cell.N17__normal_epithelial	Smillie_2019_Cell.N17	normal_epithelial	Smillie_2019_Cell	113	-0.14949681862653294	-0.5665546905763568	0.10705770792294543	0.38599007191860746	-0.4254629440334555	0.3687932868203517	0.48635706914941096
Smillie_2019_Cell.N18__normal_epithelial	Smillie_2019_Cell.N18	normal_epithelial	Smillie_2019_Cell	101	0.04679920845992122	-0.5113502089108862	-0.055107078097488174	0.323470845832285	-0.3461443567128234	0.15375206691465151	0.39553587842549043
Smillie_2019_Cell.N20__normal_epithelial	Smillie_2019_Cell.N20	normal_epithelial	Smillie_2019_Cell	68	-0.013508846165295718	-0.5728552331596904	-0.05738438929616539	0.29141840073629993	-0.43629051130054763	0.11393597766449017	0.37936492900062074
Smillie_2019_Cell.N21__normal_epithelial	Smillie_2019_Cell.N21	normal_epithelial	Smillie_2019_Cell	169	-0.028391904297935106	-0.5324052090375578	-0.057814568759750364	0.3254151632335894	-0.35758386881784165	0.2953372460170221	0.38504383007351617
Smillie_2019_Cell.N8__normal_epithelial	Smillie_2019_Cell.N8	normal_epithelial	Smillie_2019_Cell	41	-0.18786422735664732	-0.6038442519710036	0.035816484213626154	0.3173660166389611	-0.4746965330469571	0.22937440600561543	0.33033396239889257
Smillie_2019_Cell.N46__normal_epithelial	Smillie_2019_Cell.N46	normal_epithelial	Smillie_2019_Cell	104	-0.1965695701812149	-0.4910869667051587	0.03237619317453075	0.15079018961440052	-0.4544382226961804	0.13551628998666937	-0.007324011515500024
Smillie_2019_Cell.N51__normal_epithelial	Smillie_2019_Cell.N51	normal_epithelial	Smillie_2019_Cell	112	-0.05089944121297383	-0.3975363347261563	-0.2656712007231528	-0.1083756989278199	-0.3768165572367058	-0.0664572159926751	-0.2856377331004017
Thomas_2024_Nat_Med.MC_1__normal_epithelial	Thomas_2024_Nat_Med.MC_1	normal_epithelial	Thomas_2024_Nat_Med	1	-0.4451952892643575	-0.613995422105935	0.13476318400655202	0.5054713655997298	-0.6504594814771651	-0.26063362810913904	0.8340038528698044
Thomas_2024_Nat_Med.MC_2__normal_epithelial	Thomas_2024_Nat_Med.MC_2	normal_epithelial	Thomas_2024_Nat_Med	1	-0.41526096984567235	0.06052006970719746	0.26598953895923616	0.2607661879144531	0.049519717666998454	0.22668634774836494	-0.15807325731902877
Thomas_2024_Nat_Med.SIC_13__normal_epithelial	Thomas_2024_Nat_Med.SIC_13	normal_epithelial	Thomas_2024_Nat_Med	1	-0.14694009610462055	-0.4068183531634159	0.23164932928652468	0.19752895709304613	-0.4281506905624711	0.09657520133524765	0.19946435088824682
Thomas_2024_Nat_Med.SIC_188__normal_epithelial	Thomas_2024_Nat_Med.SIC_188	normal_epithelial	Thomas_2024_Nat_Med	2	-0.06404148773694837	-0.2789008036821142	-0.15019618693004191	-0.06896829463009282	-0.2599701825810589	-0.07245559271712529	-0.22287736755804707
Thomas_2024_Nat_Med.SIC_196__normal_epithelial	Thomas_2024_Nat_Med.SIC_196	normal_epithelial	Thomas_2024_Nat_Med	1	-0.07557507832679493	-0.37933780826769803	0.01974200329719598	-0.004656100255607933	-0.3510746616925462	0.0036671501877637742	-0.11183842503872922
Tian_2023_Nat_Med.P02__metastasis_cancer	Tian_2023_Nat_Med.P02	metastasis_cancer	Tian_2023_Nat_Med	135	-0.31551901861319886	-0.5630182336276379	0.32944205953867617	0.396099992807541	-0.5052225811912036	0.34452143966045895	0.3286833631798883
Tian_2023_Nat_Med.P03__metastasis_cancer	Tian_2023_Nat_Med.P03	metastasis_cancer	Tian_2023_Nat_Med	52	-0.22402587798797344	-0.37875789755223827	0.18399642811355627	0.16308527877758766	-0.3433642073535523	0.21143082428056253	0.11206119958324344
Tian_2023_Nat_Med.P07__metastasis_cancer	Tian_2023_Nat_Med.P07	metastasis_cancer	Tian_2023_Nat_Med	65	-0.21800590561813296	-0.3655077524879745	0.12951892951038158	0.15040102804383904	-0.2581737960207976	0.297789609584293	0.11929400167428589
Tian_2023_Nat_Med.P10__metastasis_cancer	Tian_2023_Nat_Med.P10	metastasis_cancer	Tian_2023_Nat_Med	444	-0.3543869693119053	-0.5185095010189608	0.4148626763334146	0.44752137797969865	-0.46082930194212296	0.37020022352453164	0.362981750805571
Tian_2023_Nat_Med.P10__metastasis_epithelial	Tian_2023_Nat_Med.P10	metastasis_epithelial	Tian_2023_Nat_Med	22	-0.27929482926756116	-0.5037456767499352	0.2412554440817398	0.301632513383636	-0.42687103589071845	0.3110277576094007	0.2017835594977878
Tian_2023_Nat_Med.P11__metastasis_cancer	Tian_2023_Nat_Med.P11	metastasis_cancer	Tian_2023_Nat_Med	735	-0.37129582803269484	-0.6068636743672048	0.3965042382943509	0.4280254535382104	-0.5480661126162248	0.427266319308428	0.3915414561307591
Tian_2023_Nat_Med.P11__metastasis_epithelial	Tian_2023_Nat_Med.P11	metastasis_epithelial	Tian_2023_Nat_Med	1	-0.3244951619115483	-0.5594278534004458	0.10656705743258682	0.3314747087273764	-0.579955292424447	0.36129639244289247	0.29936774601294364
Tian_2023_Nat_Med.P12__metastasis_cancer	Tian_2023_Nat_Med.P12	metastasis_cancer	Tian_2023_Nat_Med	366	-0.3376749619214043	-0.545584097357848	0.32727648743284654	0.3477109635267485	-0.5130315125619976	0.32824641297775065	0.2957904519505864
Tian_2023_Nat_Med.P14__metastasis_cancer	Tian_2023_Nat_Med.P14	metastasis_cancer	Tian_2023_Nat_Med	8	-0.16625926452416415	-0.2691015719913069	0.08759884461183372	-0.032506821195101	-0.2943213828903706	0.23076037001401883	0.044170737711901435
Tian_2023_Nat_Med.P15__metastasis_cancer	Tian_2023_Nat_Med.P15	metastasis_cancer	Tian_2023_Nat_Med	11	-0.2343928128780363	-0.47924395143990295	0.2025323549748023	0.30032672049097175	-0.42076011969842186	0.23899629330212865	0.24161429840486356
Tian_2023_Nat_Med.P18__metastasis_cancer	Tian_2023_Nat_Med.P18	metastasis_cancer	Tian_2023_Nat_Med	305	-0.22656481753821106	-0.4399666906759251	0.18926676586091298	0.15956774785725722	-0.36012736868986334	0.17402723904165515	0.13228131366155885
Tian_2023_Nat_Med.P19__metastasis_cancer	Tian_2023_Nat_Med.P19	metastasis_cancer	Tian_2023_Nat_Med	121	-0.29229120846269596	-0.5312754122618799	0.3734738316687083	0.382523261100328	-0.491260976444476	0.30027796138489227	0.3306687269281119
Tian_2023_Nat_Med.P20__metastasis_cancer	Tian_2023_Nat_Med.P20	metastasis_cancer	Tian_2023_Nat_Med	749	-0.3459330633328805	-0.5708013618367125	0.38697083637728596	0.43061532069052744	-0.5115685852737473	0.30267529290078854	0.3322523391211082
Tian_2023_Nat_Med.P21__metastasis_cancer	Tian_2023_Nat_Med.P21	metastasis_cancer	Tian_2023_Nat_Med	731	-0.2894920600139755	-0.47298909977074177	0.2617899908130734	0.25805739486178164	-0.43584603580095416	0.2538974677826454	0.13232711910815373
Tian_2023_Nat_Med.P23__metastasis_cancer	Tian_2023_Nat_Med.P23	metastasis_cancer	Tian_2023_Nat_Med	71	-0.24516181564066405	-0.5265079499859415	0.34174974883287823	0.3702044691109822	-0.44507142263965815	0.32856815361532304	0.41823473740043443
Tian_2023_Nat_Med.P24__metastasis_cancer	Tian_2023_Nat_Med.P24	metastasis_cancer	Tian_2023_Nat_Med	2456	-0.29694537660544656	-0.5873017130486838	0.32250502328930675	0.3922674633593617	-0.5531240476874952	0.3040975376789713	0.3135696178956083
Tian_2023_Nat_Med.P25__metastasis_cancer	Tian_2023_Nat_Med.P25	metastasis_cancer	Tian_2023_Nat_Med	57	-0.22136517687997825	-0.44231108253424734	0.24270371239364377	0.2779187020193601	-0.3502006950754895	0.38038826181215474	0.2814189376732504
Tian_2023_Nat_Med.P26__metastasis_epithelial	Tian_2023_Nat_Med.P26	metastasis_epithelial	Tian_2023_Nat_Med	1	-0.2298008949775983	-0.5629242681210602	0.21018659542093493	0.2860419744022148	-0.4497421222642871	0.31630222078598175	0.3396011956896553
Tian_2023_Nat_Med.P27__metastasis_cancer	Tian_2023_Nat_Med.P27	metastasis_cancer	Tian_2023_Nat_Med	1189	-0.37429163704811447	-0.5525625563247462	0.36612071737514157	0.3675605067783233	-0.5417013701661116	0.24195161310937147	0.2916617196673935
Tian_2023_Nat_Med.P27__metastasis_epithelial	Tian_2023_Nat_Med.P27	metastasis_epithelial	Tian_2023_Nat_Med	2	-0.3631227273472296	-0.4230312733844032	0.4010911676289302	0.31815483308352166	-0.47275051260106865	0.23581420584027954	0.25427751026676254
Tian_2023_Nat_Med.P28__metastasis_cancer	Tian_2023_Nat_Med.P28	metastasis_cancer	Tian_2023_Nat_Med	1047	-0.24256591529053426	-0.4937292537669194	0.25588032519218135	0.3305703462380583	-0.42860756704609015	0.2151418371558778	0.17468961539852557
Tian_2023_Nat_Med.P28__metastasis_epithelial	Tian_2023_Nat_Med.P28	metastasis_epithelial	Tian_2023_Nat_Med	1	-0.2998892523407115	-0.5955870868939668	0.35739622390657444	0.3716573981847457	-0.525383830535177	0.4635337939997327	0.46403742306352186
Tian_2023_Nat_Med.P29__metastasis_cancer	Tian_2023_Nat_Med.P29	metastasis_cancer	Tian_2023_Nat_Med	174	-0.2636469476320617	-0.4645223788319596	0.18552434834911238	0.18310315703798558	-0.46051790073261195	0.05976375642381028	0.20492413490616188
Tian_2023_Nat_Med.P29__metastasis_epithelial	Tian_2023_Nat_Med.P29	metastasis_epithelial	Tian_2023_Nat_Med	2	-0.22723713486591018	-0.502870304274145	0.047075734954699404	0.042265442325842825	-0.4745887263825231	-0.10040641937045823	0.05439830355576792
Tian_2023_Nat_Med.P30__metastasis_cancer	Tian_2023_Nat_Med.P30	metastasis_cancer	Tian_2023_Nat_Med	62	-0.28630172784742486	-0.487727504134514	0.3055653900149886	0.32254830210813407	-0.43043006011394747	0.2882574411542809	0.2472530905140202
Tian_2023_Nat_Med.P32__metastasis_cancer	Tian_2023_Nat_Med.P32	metastasis_cancer	Tian_2023_Nat_Med	47	-0.34532279365867513	-0.5521240594707222	0.37149562752292753	0.4400371708153641	-0.48851221688028157	0.42539261351128116	0.3165927826558023
Tian_2023_Nat_Med.P33__metastasis_cancer	Tian_2023_Nat_Med.P33	metastasis_cancer	Tian_2023_Nat_Med	1498	-0.3356634975964616	-0.5866375521044097	0.31393121501515464	0.3758568824553768	-0.5361745576582916	0.22690409430287042	0.34063975044076605
Tian_2023_Nat_Med.P34__metastasis_cancer	Tian_2023_Nat_Med.P34	metastasis_cancer	Tian_2023_Nat_Med	547	-0.3758984871750576	-0.594358630876141	0.4493984331693177	0.5183282718273404	-0.5128689711272518	0.43090676960209184	0.47711399276854516
Tian_2023_Nat_Med.P34__metastasis_epithelial	Tian_2023_Nat_Med.P34	metastasis_epithelial	Tian_2023_Nat_Med	1	-0.4450094077216793	-0.4542894244094899	0.4379412414490348	0.3735380052816775	-0.5426529747165034	0.15856591088206717	0.3595084092677534
Tian_2023_Nat_Med.P35__metastasis_cancer	Tian_2023_Nat_Med.P35	metastasis_cancer	Tian_2023_Nat_Med	60	-0.2917376478233816	-0.5461821963520651	0.34492443099872616	0.41370681676095583	-0.4774916984421692	0.31538400833998215	0.340966755092902
Tian_2023_Nat_Med.P36__metastasis_cancer	Tian_2023_Nat_Med.P36	metastasis_cancer	Tian_2023_Nat_Med	216	-0.3781440940303446	-0.5476469249205993	0.420863770379092	0.4155712125670995	-0.5164024323744689	0.3029169296542081	0.39504125985525046
Uhlitz_2021_EMBO_Mol_Med.P007__normal_epithelial	Uhlitz_2021_EMBO_Mol_Med.P007	normal_epithelial	Uhlitz_2021_EMBO_Mol_Med	28	-0.015176054517952153	-0.09706224449976938	0.20007408009658542	0.18820197299599997	0.06411516880523074	0.2821108855184585	0.3330612592617645
Uhlitz_2021_EMBO_Mol_Med.P007__tumor_cancer	Uhlitz_2021_EMBO_Mol_Med.P007	tumor_cancer	Uhlitz_2021_EMBO_Mol_Med	52	0.10299885200024377	0.0031867395794442028	-0.01215341388406658	-0.16554003731308473	0.07913188752008793	-0.10275130164778803	-0.04377465947801529
Uhlitz_2021_EMBO_Mol_Med.P007__tumor_epithelial	Uhlitz_2021_EMBO_Mol_Med.P007	tumor_epithelial	Uhlitz_2021_EMBO_Mol_Med	1	-0.2827799511143225	-0.19495983302356384	0.5313497918989473	0.2704104224091844	-0.2500711799985877	0.1819947708647898	0.6609907098442647
Uhlitz_2021_EMBO_Mol_Med.P008__normal_epithelial	Uhlitz_2021_EMBO_Mol_Med.P008	normal_epithelial	Uhlitz_2021_EMBO_Mol_Med	46	0.18662647953351527	-0.19263588930789882	0.1281730332498231	0.22742759658557307	0.049907343007202405	0.1509480408917104	0.2822127493247189
Uhlitz_2021_EMBO_Mol_Med.P008__tumor_cancer	Uhlitz_2021_EMBO_Mol_Med.P008	tumor_cancer	Uhlitz_2021_EMBO_Mol_Med	25	0.26667644233785676	0.025772328920376744	-0.24391172045362725	-0.3411768632093684	0.14417485363343738	-0.4332268492542921	-0.06700766329245804
Uhlitz_2021_EMBO_Mol_Med.P008__tumor_epithelial	Uhlitz_2021_EMBO_Mol_Med.P008	tumor_epithelial	Uhlitz_2021_EMBO_Mol_Med	12	0.2558776847095088	-0.10863140464677222	-0.2838394610656661	-0.350163131404875	0.050177470986687726	-0.28879566109167004	0.14152604949206005
Uhlitz_2021_EMBO_Mol_Med.P009__normal_epithelial	Uhlitz_2021_EMBO_Mol_Med.P009	normal_epithelial	Uhlitz_2021_EMBO_Mol_Med	307	0.10957649449195855	0.0038076521408576328	-0.04192875099054142	-0.08355103213882967	0.1185394257505941	0.13217642236768143	-0.053875350053080306
Uhlitz_2021_EMBO_Mol_Med.P009__tumor_cancer	Uhlitz_2021_EMBO_Mol_Med.P009	tumor_cancer	Uhlitz_2021_EMBO_Mol_Med	223	0.1755676252422998	0.08278172096012032	-0.22835993478713096	-0.40351877292673316	0.10893257458150672	-0.3616489813439039	-0.3124431931250217
Uhlitz_2021_EMBO_Mol_Med.P009__tumor_epithelial	Uhlitz_2021_EMBO_Mol_Med.P009	tumor_epithelial	Uhlitz_2021_EMBO_Mol_Med	28	-0.06699952584592932	0.07095467189796945	0.190860963615843	-0.07567572466950252	-0.026729334505993768	0.0785831817779626	0.08647247503425631
Uhlitz_2021_EMBO_Mol_Med.P012__normal_epithelial	Uhlitz_2021_EMBO_Mol_Med.P012	normal_epithelial	Uhlitz_2021_EMBO_Mol_Med	51	0.02620714168060322	-0.15225760639204727	-0.05609658165025174	-0.0038053030989441054	-0.006280834368075393	0.19209039607573472	0.0036602262673749524
Uhlitz_2021_EMBO_Mol_Med.P012__tumor_cancer	Uhlitz_2021_EMBO_Mol_Med.P012	tumor_cancer	Uhlitz_2021_EMBO_Mol_Med	46	0.10752816994284144	-0.09242143144808207	-0.06592302813985225	-0.1916062684838162	0.006523260607937434	-0.1910182073408964	-0.14030247161624063
Uhlitz_2021_EMBO_Mol_Med.P012__tumor_epithelial	Uhlitz_2021_EMBO_Mol_Med.P012	tumor_epithelial	Uhlitz_2021_EMBO_Mol_Med	3	-0.05359794724238662	0.028585298502688258	0.08022192564916752	-0.25311731231321616	-0.21567150743552738	-0.34080434285706956	-0.02998343073366915
Uhlitz_2021_EMBO_Mol_Med.P013__normal_epithelial	Uhlitz_2021_EMBO_Mol_Med.P013	normal_epithelial	Uhlitz_2021_EMBO_Mol_Med	74	0.0909914853643865	-0.09919189258094671	-0.09227523629876919	-0.09668874254695443	0.04407110134875788	0.19700694274445285	0.01723233648640657
Uhlitz_2021_EMBO_Mol_Med.P013__tumor_cancer	Uhlitz_2021_EMBO_Mol_Med.P013	tumor_cancer	Uhlitz_2021_EMBO_Mol_Med	60	0.16175324846486716	-0.014900049415760588	-0.19641701946418882	-0.3439819856428688	0.024830452902173557	-0.2546327123134951	-0.1509754721524652
Uhlitz_2021_EMBO_Mol_Med.P013__tumor_epithelial	Uhlitz_2021_EMBO_Mol_Med.P013	tumor_epithelial	Uhlitz_2021_EMBO_Mol_Med	3	-0.04670430538198416	-0.09532576489405478	0.3330314235560662	0.257909818947479	-0.25418808016138705	0.21296978400024846	0.34120582522499443
Uhlitz_2021_EMBO_Mol_Med.P014__normal_epithelial	Uhlitz_2021_EMBO_Mol_Med.P014	normal_epithelial	Uhlitz_2021_EMBO_Mol_Med	86	0.04401119454611007	-0.029842862934458772	0.012987112185646753	-0.05519697438788234	0.11091580519050745	0.24905195591944707	0.19392035649166725
Uhlitz_2021_EMBO_Mol_Med.P014__tumor_cancer	Uhlitz_2021_EMBO_Mol_Med.P014	tumor_cancer	Uhlitz_2021_EMBO_Mol_Med	68	0.11642820910639794	0.06606947983003544	0.023574565467494146	-0.18069367133409378	0.030170456248810817	-0.15257957131770059	0.026522564217192148
Uhlitz_2021_EMBO_Mol_Med.P014__tumor_epithelial	Uhlitz_2021_EMBO_Mol_Med.P014	tumor_epithelial	Uhlitz_2021_EMBO_Mol_Med	13	-0.046939735771815864	-0.010246946831867174	0.27373084031990963	0.168996438182757	0.11119844606578246	0.28367368652282854	0.2545357941279051
Uhlitz_2021_EMBO_Mol_Med.P016__normal_epithelial	Uhlitz_2021_EMBO_Mol_Med.P016	normal_epithelial	Uhlitz_2021_EMBO_Mol_Med	141	-0.009444352724406553	-0.008501097088518282	0.013390206345155108	-0.07632470963879788	-0.021699651160340706	-0.006536653178183807	0.10294067716697274
Uhlitz_2021_EMBO_Mol_Med.P016__tumor_cancer	Uhlitz_2021_EMBO_Mol_Med.P016	tumor_cancer	Uhlitz_2021_EMBO_Mol_Med	50	0.12190292711118025	-0.003286519174730725	-0.18055819843430018	-0.36107358955946606	0.006040230919933623	-0.3543011144371258	-0.15044757752903426
Uhlitz_2021_EMBO_Mol_Med.P016__tumor_epithelial	Uhlitz_2021_EMBO_Mol_Med.P016	tumor_epithelial	Uhlitz_2021_EMBO_Mol_Med	6	0.03959030945790347	0.05914556451798574	-0.22668081181003918	-0.5435594563002611	0.00560758463325022	-0.5915988883316274	-0.0041388790337246505
Uhlitz_2021_EMBO_Mol_Med.P017__normal_epithelial	Uhlitz_2021_EMBO_Mol_Med.P017	normal_epithelial	Uhlitz_2021_EMBO_Mol_Med	87	0.035365564524941696	-0.14690032606294515	-0.0017169593802886002	0.016043788016934384	-0.026355231541193593	0.11672637240774446	0.0046867614287692564
Uhlitz_2021_EMBO_Mol_Med.P017__tumor_cancer	Uhlitz_2021_EMBO_Mol_Med.P017	tumor_cancer	Uhlitz_2021_EMBO_Mol_Med	92	0.06368871607229654	-0.17706983062222972	-0.03342035668895816	-0.06742843086840389	-0.07518678600031282	0.032000790482321545	-0.0297188089897566
Uhlitz_2021_EMBO_Mol_Med.P017__tumor_epithelial	Uhlitz_2021_EMBO_Mol_Med.P017	tumor_epithelial	Uhlitz_2021_EMBO_Mol_Med	5	-0.0962975910944076	-0.15152701880270816	0.10136185985486323	-0.077203994196364	-0.14783233699406212	0.06524419338888582	0.013745796776831506
Uhlitz_2021_EMBO_Mol_Med.P020__normal_epithelial	Uhlitz_2021_EMBO_Mol_Med.P020	normal_epithelial	Uhlitz_2021_EMBO_Mol_Med	31	0.05978465277947334	-0.1987760899606684	-0.10324534416086217	0.03701093302045212	-0.0338751841911047	0.32612471161597645	0.028944299804095994
Uhlitz_2021_EMBO_Mol_Med.P020__tumor_cancer	Uhlitz_2021_EMBO_Mol_Med.P020	tumor_cancer	Uhlitz_2021_EMBO_Mol_Med	19	0.45394243826396113	0.044612849989515674	-0.2314056685427906	-0.3426989610269042	0.19842477190771823	-0.206257054727658	-0.12102584382874912
Uhlitz_2021_EMBO_Mol_Med.P021__normal_epithelial	Uhlitz_2021_EMBO_Mol_Med.P021	normal_epithelial	Uhlitz_2021_EMBO_Mol_Med	59	0.03454432001493961	-0.06086259645411818	0.05775456747481785	0.12656766465827438	0.08961197594044484	0.2858246386303714	0.15752860598660004
Uhlitz_2021_EMBO_Mol_Med.P021__tumor_cancer	Uhlitz_2021_EMBO_Mol_Med.P021	tumor_cancer	Uhlitz_2021_EMBO_Mol_Med	5	0.08641442502299541	0.0581332839821886	0.27105093800176716	0.05635872941758881	0.15233529974952417	0.06330554721563686	0.3440653034537214
Uhlitz_2021_EMBO_Mol_Med.P025__normal_epithelial	Uhlitz_2021_EMBO_Mol_Med.P025	normal_epithelial	Uhlitz_2021_EMBO_Mol_Med	10	0.1497621728796003	-0.08787303106962145	-0.06979999438185638	0.013529645709058942	0.08583381041617284	0.12944910867837436	-0.007928108669433274
Uhlitz_2021_EMBO_Mol_Med.P025__tumor_cancer	Uhlitz_2021_EMBO_Mol_Med.P025	tumor_cancer	Uhlitz_2021_EMBO_Mol_Med	21	0.09479634967263854	-0.09584852946460147	-0.06442864238874184	-0.21115505379630173	-0.052183476253244876	-0.28192650654542484	-0.07158956408369511
Uhlitz_2021_EMBO_Mol_Med.P025__tumor_epithelial	Uhlitz_2021_EMBO_Mol_Med.P025	tumor_epithelial	Uhlitz_2021_EMBO_Mol_Med	7	-0.061220117905894156	0.02292843947595526	0.14106465871014065	-0.13768189778164439	0.1667847779599133	0.0018420774409492878	0.08043637531369857
Uhlitz_2021_EMBO_Mol_Med.P026__tumor_cancer	Uhlitz_2021_EMBO_Mol_Med.P026	tumor_cancer	Uhlitz_2021_EMBO_Mol_Med	42	0.08577380162009057	-0.01850878163573389	-0.07402176399536017	-0.2598059342890307	0.008010890095818487	-0.18393803138608988	-0.11030892293554713
Uhlitz_2021_EMBO_Mol_Med.P026__tumor_epithelial	Uhlitz_2021_EMBO_Mol_Med.P026	tumor_epithelial	Uhlitz_2021_EMBO_Mol_Med	2	-0.1487523466707999	-0.07364308038693824	0.5530081355374725	0.40389490289813224	-0.04929365900788903	0.5926393391740163	0.6241493816928503
Chen_2021_Cell.HTA11_99999971662__tumor_cancer	Chen_2021_Cell.HTA11_99999971662	tumor_cancer	Chen_2021_Cell	150	0.4386798561150665	0.38847573167921756	-0.3413596416701121	-0.14288149396836147	0.41150787271503664	-0.45367238219676187	-0.10622614516475395
Chen_2021_Cell.HTA11_99999974143__tumor_cancer	Chen_2021_Cell.HTA11_99999974143	tumor_cancer	Chen_2021_Cell	59	0.3969772806232692	0.3711450974286804	0.06855972552305267	0.2819301040864651	0.6418624405413691	0.01885833429410012	0.25871142371764383
Chen_2021_Cell.HTA11_99999974143__tumor_epithelial	Chen_2021_Cell.HTA11_99999974143	tumor_epithelial	Chen_2021_Cell	1	0.2530229359221581	0.22469163740139206	0.2994669075212993	0.26861296509055976	0.36385450668019864	0.2379919888393794	0.40991533006044806
Chen_2021_Cell.HTA11_99999973458__tumor_cancer	Chen_2021_Cell.HTA11_99999973458	tumor_cancer	Chen_2021_Cell	10	0.559925922967973	0.7373139400151834	-0.4340571506596359	-0.07184070071814622	0.8657826656772311	0.01784440548105761	0.1076509315491307
Chen_2021_Cell.HTA11_99999973899__tumor_cancer	Chen_2021_Cell.HTA11_99999973899	tumor_cancer	Chen_2021_Cell	64	0.4469835098438442	0.5211117108179844	-0.25777090076765924	0.04136506001748702	0.7711334208336463	-0.1493405319504673	0.10143364159823853
Chen_2021_Cell.HTA11_99999973899__tumor_epithelial	Chen_2021_Cell.HTA11_99999973899	tumor_epithelial	Chen_2021_Cell	2	0.18651699356237375	0.20937593007943894	0.07745247359826622	0.3311836018270637	0.40404969208627195	0.1500249024052616	0.1458282186186251
Chen_2021_Cell.HTA11_99999965062__tumor_cancer	Chen_2021_Cell.HTA11_99999965062	tumor_cancer	Chen_2021_Cell	42	0.2969685452535781	0.7235867127045857	-0.13171686415668263	-0.05364028148092377	0.6600509092642386	-0.044568189730684674	-0.04511664960043131
Chen_2021_Cell.HTA11_99999965062__tumor_epithelial	Chen_2021_Cell.HTA11_99999965062	tumor_epithelial	Chen_2021_Cell	1	0.28245346241850544	0.7984203817262888	0.04361721318649663	0.08119037543897971	0.7964562859377354	0.0928493281232517	0.10896524769471454
Chen_2021_Cell.HTA11_99999965104__tumor_cancer	Chen_2021_Cell.HTA11_99999965104	tumor_cancer	Chen_2021_Cell	11	0.06076235017036655	1.0397846073142716	-0.0692858832884032	-0.19620732447715572	0.518555846059001	-0.2522533570165632	-0.21026476011871278
Chen_2021_Cell.HTA11_99999970781__tumor_cancer	Chen_2021_Cell.HTA11_99999970781	tumor_cancer	Chen_2021_Cell	18	0.0351159581253977	0.15339074657896315	-0.34636670245365436	-0.4810231077869335	-0.11598872196269942	-0.6924875980547138	-0.35170578471951935
Chen_2021_Cell.HTA11_8930__normal_epithelial	Chen_2021_Cell.HTA11_8930	normal_epithelial	Chen_2021_Cell	92	0.10553545430228539	0.3552218647797522	-0.27184213426865284	-0.12605751811001029	0.25124131724854537	-0.16924449177077242	-0.06075823177255554
Chen_2021_Cell.HTA11_8471__polyp_cancer	Chen_2021_Cell.HTA11_8471	polyp_cancer	Chen_2021_Cell	299	0.08235466543786532	0.6870469182341906	-0.1020835448228541	-0.1739321895031019	0.41672939628132744	-0.34592129213717104	-0.17957964553127176
Chen_2021_Cell.HTA11_8471__polyp_epithelial	Chen_2021_Cell.HTA11_8471	polyp_epithelial	Chen_2021_Cell	146	0.09943666393450994	0.7318809955738077	-0.13614985920307032	-0.1103063802558877	0.4617247358167289	-0.10407831491349823	-0.12620973849529774
Chen_2021_Cell.HTA11_8471__normal_epithelial	Chen_2021_Cell.HTA11_8471	normal_epithelial	Chen_2021_Cell	8	0.16623896652422426	0.9163100433431685	-0.06445268714837696	-0.03767984568036904	0.70784355248499	-0.12304392368403118	-0.2403771351261016
Chen_2021_Cell.HTA11_8890__polyp_cancer	Chen_2021_Cell.HTA11_8890	polyp_cancer	Chen_2021_Cell	26	-0.03952905661470237	0.2266362255391603	-0.15314319450812564	-0.3173152522364074	0.03672081729874249	-0.38236838339288565	-0.2831611227301493
Chen_2021_Cell.HTA11_8890__polyp_epithelial	Chen_2021_Cell.HTA11_8890	polyp_epithelial	Chen_2021_Cell	329	0.0207868649662656	0.28778627760445996	-0.36250880749369835	-0.3328148685878662	0.06037662289199043	-0.3650532181323699	-0.3637294130735398
Chen_2021_Cell.HTA11_8890__normal_epithelial	Chen_2021_Cell.HTA11_8890	normal_epithelial	Chen_2021_Cell	149	0.26674078924155403	0.5904809620154304	-0.14457649554135818	0.08030697595374056	0.5781131379473472	-0.0002068568237200626	0.16939723999224252
Chen_2021_Cell.HTA11_9226__polyp_epithelial	Chen_2021_Cell.HTA11_9226	polyp_epithelial	Chen_2021_Cell	171	0.09318787069847949	0.3047211857406563	-0.3161819211480456	-0.09826422233885602	0.2099516024373986	0.05830851492391712	0.08602118468742039
Chen_2021_Cell.HTA11_9226__polyp_cancer	Chen_2021_Cell.HTA11_9226	polyp_cancer	Chen_2021_Cell	49	0.24349654808674287	0.2646086325367496	-0.32775447806722374	-0.13537848373921604	0.24663656601572492	-0.1293624852739841	0.03935244078122022
Chen_2021_Cell.HTA11_9226__normal_epithelial	Chen_2021_Cell.HTA11_9226	normal_epithelial	Chen_2021_Cell	100	0.19184538220073213	0.5283856975143468	-0.2007663079624651	0.053234142321903266	0.521470160160927	0.17812276685801834	0.023280919902203448
Chen_2021_Cell.HTA11_6407__polyp_cancer	Chen_2021_Cell.HTA11_6407	polyp_cancer	Chen_2021_Cell	153	0.16127929336623828	0.6129390766926082	-0.10470756363947475	0.08344534063414084	0.5208855323483682	0.13733684891999257	-0.027276643880867084
Chen_2021_Cell.HTA11_6407__polyp_epithelial	Chen_2021_Cell.HTA11_6407	polyp_epithelial	Chen_2021_Cell	445	0.17689584811727893	0.7266983210870073	-0.07206952173077029	0.06187326868318527	0.5464781132124026	0.12739763895638975	0.029471304619820258
Chen_2021_Cell.HTA11_7821__polyp_cancer	Chen_2021_Cell.HTA11_7821	polyp_cancer	Chen_2021_Cell	203	0.3446433329507265	0.7801727105901671	-0.13216961486656373	0.015756185379545366	0.6969416678199944	-0.1428306719803445	0.19490260363479495
Chen_2021_Cell.HTA11_7821__polyp_epithelial	Chen_2021_Cell.HTA11_7821	polyp_epithelial	Chen_2021_Cell	317	0.3477696264425063	0.6939100242000483	-0.17488137879754492	0.06458056019768287	0.6319837967263782	-0.027642191642751855	0.17805076747827592
Chen_2021_Cell.HTA11_6407__normal_epithelial	Chen_2021_Cell.HTA11_6407	normal_epithelial	Chen_2021_Cell	79	0.1374169630268591	0.4169138838216299	-0.17487203375260554	0.012902722071243121	0.3421367388918134	-0.0853593834413636	0.05670648178948915
Chen_2021_Cell.HTA11_8755__polyp_cancer	Chen_2021_Cell.HTA11_8755	polyp_cancer	Chen_2021_Cell	957	0.1105109459944987	0.2932615715200459	-0.30646382351573626	-0.09134011036048056	0.2618853321372385	0.11734326642817344	-0.20014091916863125
Chen_2021_Cell.HTA11_8755__polyp_epithelial	Chen_2021_Cell.HTA11_8755	polyp_epithelial	Chen_2021_Cell	219	0.1221503084039505	0.73758666111764	-0.08848243580178528	-0.03749525206239274	0.5152183904569619	0.0002863694517670032	-0.1651630742567774
Chen_2021_Cell.HTA11_8755__normal_epithelial	Chen_2021_Cell.HTA11_8755	normal_epithelial	Chen_2021_Cell	98	0.22505662085849606	0.4281710442700093	-0.22733367869240512	0.16807229868391244	0.5538460920805929	0.30178892165649346	0.1462788278327579
Chen_2021_Cell.HTA11_7821__normal_epithelial	Chen_2021_Cell.HTA11_7821	normal_epithelial	Chen_2021_Cell	77	0.1376062200701491	0.23096772176963878	-0.3301300074778349	-0.14293974381799238	0.11395584722318344	-0.2692921688975905	0.14582529327787933
Chen_2021_Cell.HTA11_9829__polyp_cancer	Chen_2021_Cell.HTA11_9829	polyp_cancer	Chen_2021_Cell	159	0.19333225796359532	0.6823722553227866	-0.09585026342623434	-0.11884568066779122	0.49491088829691693	-0.2612751493807095	-0.0003004783828228113
Chen_2021_Cell.HTA11_9829__polyp_epithelial	Chen_2021_Cell.HTA11_9829	polyp_epithelial	Chen_2021_Cell	138	0.18124423198669942	0.6093783301224039	-0.09093875780832802	0.10963532219575585	0.5245016708113247	0.15869375337260713	0.12209626754297197
Chen_2021_Cell.HTA11_9829__normal_epithelial	Chen_2021_Cell.HTA11_9829	normal_epithelial	Chen_2021_Cell	15	0.21500659314501946	0.4313666867724976	-0.07599872836001018	0.32144795660862374	0.5365336930450907	0.293700786552543	0.19628245815712914
Chen_2021_Cell.HTA11_8930__polyp_cancer	Chen_2021_Cell.HTA11_8930	polyp_cancer	Chen_2021_Cell	672	0.1993130292916114	0.10732438391960511	-0.3797294525702397	-0.017411823609329947	0.15274376574112739	0.0575859054721092	-0.09128217316044579
Chen_2021_Cell.HTA11_8930__polyp_epithelial	Chen_2021_Cell.HTA11_8930	polyp_epithelial	Chen_2021_Cell	274	0.08312501049978734	0.26203592792862046	-0.15004405129486767	-0.01664136936928722	0.1758002499996164	0.016996090831230607	0.03165957697899448
Chen_2021_Cell.HTA11_14651__polyp_epithelial	Chen_2021_Cell.HTA11_14651	polyp_epithelial	Chen_2021_Cell	111	0.12063377056351447	0.1311884487968421	-0.17911273162015973	0.11837452657675464	0.1426379556394392	0.11977960788947246	-0.03971417817324591
Chen_2021_Cell.HTA11_14651__polyp_cancer	Chen_2021_Cell.HTA11_14651	polyp_cancer	Chen_2021_Cell	27	0.023303611748095088	0.5119538044602833	0.11468148270404867	0.12678645518564569	0.34457889802103125	0.06395899979307766	0.14996337778704708
Chen_2021_Cell.HTA11_10466__polyp_cancer	Chen_2021_Cell.HTA11_10466	polyp_cancer	Chen_2021_Cell	400	0.17539471157013684	0.4239012195571865	-0.17164276788551167	-0.042946370667636374	0.3431596628434029	-0.11982702189776614	-0.004729681987016266
Chen_2021_Cell.HTA11_10466__polyp_epithelial	Chen_2021_Cell.HTA11_10466	polyp_epithelial	Chen_2021_Cell	623	0.041573047314208036	0.3839208962330081	-0.08457253339923848	0.06693346256690998	0.27061965409282995	0.09938558607741606	0.09862501174015542
Chen_2021_Cell.HTA11_10466__normal_epithelial	Chen_2021_Cell.HTA11_10466	normal_epithelial	Chen_2021_Cell	9	0.08594842539719377	0.09438655952653455	-0.19037056645180228	0.31534695416394093	0.24973234642895437	0.5023186483585654	0.4849048442679764
Chen_2021_Cell.HTA11_3997__polyp_epithelial	Chen_2021_Cell.HTA11_3997	polyp_epithelial	Chen_2021_Cell	129	0.08332280947176714	0.5261267913583394	0.14699068409036156	0.3849948966398731	0.37659847010436587	0.44615580307062064	0.42376866032670335
Chen_2021_Cell.HTA11_3997__polyp_cancer	Chen_2021_Cell.HTA11_3997	polyp_cancer	Chen_2021_Cell	35	0.11776107484888683	0.38262284013221015	0.16355926851679878	0.4204254146595993	0.35523415101997924	0.41086820234465	0.5082797014386184
Chen_2021_Cell.HTA11_3997__normal_epithelial	Chen_2021_Cell.HTA11_3997	normal_epithelial	Chen_2021_Cell	5	-0.36933620377267623	0.5538788493755307	0.5190956454967757	0.4007631549438345	0.2811852564425716	0.43294004745885006	0.0621015277223872
Chen_2021_Cell.HTA11_11045__polyp_epithelial	Chen_2021_Cell.HTA11_11045	polyp_epithelial	Chen_2021_Cell	401	0.07814327741322688	0.17892016011551157	-0.3526790718576219	-0.09087627303960633	0.07745419029323973	-0.06097026876632591	-0.17247729109077883
Chen_2021_Cell.HTA11_11045__polyp_cancer	Chen_2021_Cell.HTA11_11045	polyp_cancer	Chen_2021_Cell	20	0.10919534629316383	0.16037028552407115	-0.26959581946279104	-0.14098500545753193	0.04374861480638633	-0.3045651015444813	-0.1772127534112103
Chen_2021_Cell.HTA11_10557__polyp_epithelial	Chen_2021_Cell.HTA11_10557	polyp_epithelial	Chen_2021_Cell	1122	0.153967784930997	0.3682067776394165	-0.07662143663409737	0.23615599967023668	0.40576152109583613	0.2287516070563576	0.20808881784617908
Chen_2021_Cell.HTA11_10557__polyp_cancer	Chen_2021_Cell.HTA11_10557	polyp_cancer	Chen_2021_Cell	281	0.11598109868430147	0.43403998081803524	0.14194617958909952	0.2926402949769788	0.4737232333921681	0.14480721057706156	0.25060890056392043
Chen_2021_Cell.HTA11_10719__polyp_epithelial	Chen_2021_Cell.HTA11_10719	polyp_epithelial	Chen_2021_Cell	765	0.10715094548092413	0.2921595654516548	-0.028750089956140996	0.3248503607249587	0.447040006727011	0.4200367658779957	0.24193320526838813
Chen_2021_Cell.HTA11_10719__polyp_cancer	Chen_2021_Cell.HTA11_10719	polyp_cancer	Chen_2021_Cell	21	-0.053628873931998396	0.2414337421685464	0.2743596032799295	0.39056043807705837	0.29476102179634156	0.4022053884912897	0.36715598264602844
Chen_2021_Cell.HTA11_9014__polyp_cancer	Chen_2021_Cell.HTA11_9014	polyp_cancer	Chen_2021_Cell	157	0.17059469555889362	0.21009025800365025	-0.04026724955722795	0.27124529857622703	0.3706413426829526	0.283439605567424	0.2618592881126645
Chen_2021_Cell.HTA11_9014__polyp_epithelial	Chen_2021_Cell.HTA11_9014	polyp_epithelial	Chen_2021_Cell	219	0.08505594922128838	0.28863300151759314	0.07151395564406067	0.34029241400461124	0.41524667244360947	0.3505555581823145	0.29842099024815716
Chen_2021_Cell.HTA11_10888__polyp_cancer	Chen_2021_Cell.HTA11_10888	polyp_cancer	Chen_2021_Cell	10	-0.14293853726395708	0.10173299633642463	0.4330506268096085	0.5382426949553489	0.2615020212196785	0.433993224703467	0.3950196006877862
Chen_2021_Cell.HTA11_10888__polyp_epithelial	Chen_2021_Cell.HTA11_10888	polyp_epithelial	Chen_2021_Cell	10	-0.07276057894861158	0.4002225655256417	0.35231508672039663	0.40176929678975315	0.4709017879835631	0.5878109373061042	0.3407194151413671
Chen_2021_Cell.HTA11_11092__polyp_cancer	Chen_2021_Cell.HTA11_11092	polyp_cancer	Chen_2021_Cell	312	0.10898264803919987	0.32459023019531563	-0.3705445474352015	-0.19133831498990106	0.31679210183658957	-0.02337363550224559	-0.5544774705716365
Chen_2021_Cell.HTA11_11092__polyp_epithelial	Chen_2021_Cell.HTA11_11092	polyp_epithelial	Chen_2021_Cell	265	-0.061525950139507214	0.4885206183832936	-0.12645398108861935	-0.01309666180498031	0.30460812317204056	0.09545218807014993	-0.3048446425790577
Chen_2021_Cell.HTA11_5679__polyp_cancer	Chen_2021_Cell.HTA11_5679	polyp_cancer	Chen_2021_Cell	238	0.46856413073337705	-0.15972221840072265	-0.1685042940235773	0.3834674724917372	0.2108271250880131	0.34071900125261595	0.5557839824061693
Chen_2021_Cell.HTA11_5679__polyp_epithelial	Chen_2021_Cell.HTA11_5679	polyp_epithelial	Chen_2021_Cell	68	0.3172501527027138	-0.10958811116701651	0.0791231635271608	0.47064993810249184	0.2284954277418857	0.3585405055308618	0.5489740383975822
Chen_2021_Cell.HTA11_9014__normal_epithelial	Chen_2021_Cell.HTA11_9014	normal_epithelial	Chen_2021_Cell	178	-0.034828814477283525	0.275779351851258	-0.07099475914070087	0.1041587463938471	0.12086906124863442	0.07511937957015953	0.19059669338458954
Chen_2021_Cell.HTA11_9827__polyp_epithelial	Chen_2021_Cell.HTA11_9827	polyp_epithelial	Chen_2021_Cell	35	0.20223668245957388	0.3184655304493501	0.07193466747102883	0.29015875317858036	0.5055068724042392	0.23474742029405113	0.36051266734014276
Chen_2021_Cell.HTA11_9827__polyp_cancer	Chen_2021_Cell.HTA11_9827	polyp_cancer	Chen_2021_Cell	6	-0.1318537604487378	0.4783626509347428	0.4879048109501304	0.33439039404478826	0.4070717959098892	0.6602299185305601	0.628132777471895
Chen_2021_Cell.HTA11_9827__normal_epithelial	Chen_2021_Cell.HTA11_9827	normal_epithelial	Chen_2021_Cell	108	0.14784664043692905	0.23121533102676092	-0.22151766519117963	0.2060286534942501	0.3552761462855413	0.31171632749934597	0.24287057734652615
Chen_2021_Cell.HTA11_10034__polyp_epithelial	Chen_2021_Cell.HTA11_10034	polyp_epithelial	Chen_2021_Cell	279	0.17554765780885684	0.7230017905420915	0.10073721161903083	0.3026311862729569	0.6516712508514185	0.29296325644114807	0.18688005202011373
Chen_2021_Cell.HTA11_10034__polyp_cancer	Chen_2021_Cell.HTA11_10034	polyp_cancer	Chen_2021_Cell	85	0.22911387951773404	0.766420542126379	0.1277084966203011	0.2595317026740259	0.716460997286084	0.16112541328464927	0.126038576516839
Chen_2021_Cell.HTA11_10034__normal_epithelial	Chen_2021_Cell.HTA11_10034	normal_epithelial	Chen_2021_Cell	136	0.05315538437677344	0.40900130602270124	-0.10333038450327672	0.12541688716878335	0.28907450838922033	0.24239555342279778	0.12006628032112876
Chen_2021_Cell.HTA11_2334__polyp_epithelial	Chen_2021_Cell.HTA11_2334	polyp_epithelial	Chen_2021_Cell	417	0.05168859965218723	0.5013696772600217	0.062314959285367025	0.24415337002821827	0.4113507886653569	0.24736468235516776	0.22861725485557474
Chen_2021_Cell.HTA11_2334__polyp_cancer	Chen_2021_Cell.HTA11_2334	polyp_cancer	Chen_2021_Cell	163	0.09464875171144262	0.4314263742377944	0.08231464795556462	0.1553202067127151	0.37844858850139207	0.019199279354899918	0.2660814887261936
Chen_2021_Cell.HTA11_12542__polyp_cancer	Chen_2021_Cell.HTA11_12542	polyp_cancer	Chen_2021_Cell	362	0.13321054666095752	0.01395036910075	-0.2544511223432807	0.21463092719381796	0.16651203050528632	0.28534006674717877	0.12577158427807597
Chen_2021_Cell.HTA11_12542__polyp_epithelial	Chen_2021_Cell.HTA11_12542	polyp_epithelial	Chen_2021_Cell	164	0.06804311552259373	0.19885431169483567	-0.12219003327937389	0.2056510984444632	0.20204320203708812	0.171831886702022	0.10774767902318942
Chen_2021_Cell.HTA11_12480__polyp_epithelial	Chen_2021_Cell.HTA11_12480	polyp_epithelial	Chen_2021_Cell	448	0.09149207052692117	0.2956350702404697	0.19999851643255093	0.41333708966806887	0.4230097288487396	0.3445709415939664	0.3567927935773556
Chen_2021_Cell.HTA11_12480__polyp_cancer	Chen_2021_Cell.HTA11_12480	polyp_cancer	Chen_2021_Cell	459	0.10608501871521522	0.2821435782203206	0.2240286289398888	0.4126076406160011	0.40342899668573584	0.30093387464146604	0.40568931846675577
Chen_2021_Cell.HTA11_6436__polyp_epithelial	Chen_2021_Cell.HTA11_6436	polyp_epithelial	Chen_2021_Cell	249	0.09624507076917042	0.3879812438448924	0.2070222886812362	0.3825409360678409	0.4654066016927231	0.34021614758146307	0.4549740030430437
Chen_2021_Cell.HTA11_6436__polyp_cancer	Chen_2021_Cell.HTA11_6436	polyp_cancer	Chen_2021_Cell	262	0.05484543360410616	0.48675113369038886	0.2523569055113468	0.26774355328740007	0.5025037128914589	0.23029469491941873	0.3275157977566337
Chen_2021_Cell.HTA11_12910__polyp_cancer	Chen_2021_Cell.HTA11_12910	polyp_cancer	Chen_2021_Cell	508	0.05379005353187443	0.28643098172974796	0.2755080026803683	0.4002410177697878	0.43910064946427674	0.33775937464698125	0.2983653457017685
Chen_2021_Cell.HTA11_12910__polyp_epithelial	Chen_2021_Cell.HTA11_12910	polyp_epithelial	Chen_2021_Cell	675	0.029591210210364136	0.2913075793508695	0.08982445482907941	0.3091041313464293	0.3588379644837489	0.3307401657165751	0.22163057103870534
Chen_2021_Cell.HTA11_12900__polyp_cancer	Chen_2021_Cell.HTA11_12900	polyp_cancer	Chen_2021_Cell	247	0.09994531432175133	0.4102054097124764	0.2862808950892467	0.3759422149502309	0.527685290432494	0.3023952983136632	0.3051317511170518
Chen_2021_Cell.HTA11_12900__polyp_epithelial	Chen_2021_Cell.HTA11_12900	polyp_epithelial	Chen_2021_Cell	290	0.07992120727961431	0.45006588406702097	0.2570162936399598	0.4050652850777628	0.5384145997763495	0.4198598920697536	0.3169191227227489
Chen_2021_Cell.HTA11_6862__polyp_cancer	Chen_2021_Cell.HTA11_6862	polyp_cancer	Chen_2021_Cell	44	0.16938120991739455	0.23204150234157808	0.23636197671211545	0.4160064950984965	0.4462622150318731	0.3837086401333509	0.5476499003845875
Chen_2021_Cell.HTA11_6862__polyp_epithelial	Chen_2021_Cell.HTA11_6862	polyp_epithelial	Chen_2021_Cell	63	0.17178521167082272	0.16051176436431722	0.18639210554079852	0.4593959550941132	0.43984911382315767	0.32665315216933255	0.40623729975107514
Chen_2021_Cell.HTA11_10573__polyp_epithelial	Chen_2021_Cell.HTA11_10573	polyp_epithelial	Chen_2021_Cell	61	-0.00856879128888934	0.07829637816899739	0.14758606187491233	0.3141919985277375	0.12540716738497645	0.33249810213579867	0.43670929565994315
Chen_2021_Cell.HTA11_10573__polyp_cancer	Chen_2021_Cell.HTA11_10573	polyp_cancer	Chen_2021_Cell	7	0.0030385090301425113	0.19923195287416834	0.19335558648252518	0.3375123853762523	0.16230957824847994	0.1478864541786535	0.5918476260703994
Chen_2021_Cell.HTA11_11543__polyp_epithelial	Chen_2021_Cell.HTA11_11543	polyp_epithelial	Chen_2021_Cell	164	0.001125083729885017	0.36910078026948345	0.2514734290288037	0.36365282868382764	0.41794022579575774	0.32747570252790953	0.30735396302453893
Chen_2021_Cell.HTA11_11543__polyp_cancer	Chen_2021_Cell.HTA11_11543	polyp_cancer	Chen_2021_Cell	275	0.016873761255726816	0.41189872584386694	0.24712709543188305	0.32221715659992567	0.3894571801728948	0.1952997300959903	0.3071270310578863
Chen_2021_Cell.HTA11_12090__polyp_cancer	Chen_2021_Cell.HTA11_12090	polyp_cancer	Chen_2021_Cell	142	0.23072337931660794	0.07079458055275481	0.1811971872613989	0.5234763844325594	0.3987605978093593	0.550670250921991	0.528133461264906
Chen_2021_Cell.HTA11_12090__polyp_epithelial	Chen_2021_Cell.HTA11_12090	polyp_epithelial	Chen_2021_Cell	22	0.0674041615683954	0.13048875852196762	0.30926401252814245	0.5494468394577539	0.31878189722329464	0.6407115578617707	0.5459768074530027
Chen_2021_Cell.HTA11_12399__polyp_epithelial	Chen_2021_Cell.HTA11_12399	polyp_epithelial	Chen_2021_Cell	114	0.14220655142118765	0.2798325869973002	0.19736201442037615	0.4231166452006653	0.4867934499055197	0.3198816654544381	0.42704023346614495
Chen_2021_Cell.HTA11_12399__polyp_cancer	Chen_2021_Cell.HTA11_12399	polyp_cancer	Chen_2021_Cell	87	0.15857257450897003	0.33210637321556163	0.18243303891366885	0.34869475860493154	0.6032271059260075	0.15168734350469873	0.36268780723037647
Chen_2021_Cell.HTA11_12167__polyp_cancer	Chen_2021_Cell.HTA11_12167	polyp_cancer	Chen_2021_Cell	236	0.18942098694579965	0.19898207341775548	0.13837745043276367	0.3803715008758932	0.3839004302943929	0.2730820123850877	0.3492753314885158
Chen_2021_Cell.HTA11_12167__polyp_epithelial	Chen_2021_Cell.HTA11_12167	polyp_epithelial	Chen_2021_Cell	155	0.15757547911111372	0.2875019523464704	0.12946545881058605	0.3863511600858584	0.4778904700879417	0.3728380992638939	0.33084599213134763
Chen_2021_Cell.HTA11_12187__polyp_epithelial	Chen_2021_Cell.HTA11_12187	polyp_epithelial	Chen_2021_Cell	266	0.0114374933076097	0.49262011260959243	0.046293713915233126	0.19685291905895175	0.45350117585096433	0.32517494332611496	-0.015272540097879785
Chen_2021_Cell.HTA11_12187__polyp_cancer	Chen_2021_Cell.HTA11_12187	polyp_cancer	Chen_2021_Cell	117	-0.021413933514853937	0.511346890713369	0.06138256248950466	0.2263298055304218	0.4290235839476002	0.4193989888745664	0.0027782659197260065
Chen_2021_Cell.HTA11_13678__polyp_cancer	Chen_2021_Cell.HTA11_13678	polyp_cancer	Chen_2021_Cell	27	0.23642781626688084	0.10109529584340017	-0.16923553065277835	0.09245505245209121	0.2321010537293556	0.09108345225443631	0.22007763037165204
Chen_2021_Cell.HTA11_13678__polyp_epithelial	Chen_2021_Cell.HTA11_13678	polyp_epithelial	Chen_2021_Cell	75	0.09937248078531374	0.1367572979744773	-0.03514880231574106	0.29978262444920584	0.21396172007957243	0.34380904279052676	0.40492564758403915
Chen_2021_Cell.HTA11_3372__polyp_epithelial	Chen_2021_Cell.HTA11_3372	polyp_epithelial	Chen_2021_Cell	63	0.10791611690294846	0.05614873644818192	0.09946671285039017	0.41583688268998065	0.08116560595231002	0.3670703107529117	0.27281462108543697
Chen_2021_Cell.HTA11_3372__polyp_cancer	Chen_2021_Cell.HTA11_3372	polyp_cancer	Chen_2021_Cell	10	0.0598851842735847	-0.15210865463770343	0.28209399770255145	0.4705858523486868	0.07296860672950987	0.4434260177790091	0.26517492131795367
Chen_2021_Cell.HTA11_11275__polyp_epithelial	Chen_2021_Cell.HTA11_11275	polyp_epithelial	Chen_2021_Cell	42	0.19489413315386117	0.17179039511328575	0.1654319039118492	0.4081860073495781	0.20921920867932575	0.4269279909480609	0.38364622409904486
Chen_2021_Cell.HTA11_11275__polyp_cancer	Chen_2021_Cell.HTA11_11275	polyp_cancer	Chen_2021_Cell	33	0.1540786532186472	0.02188778695900463	0.18270926972194018	0.44783105586437594	0.11362942748275212	0.34322986265158345	0.32411085916879084
Chen_2021_Cell.HTA11_14015__polyp_cancer	Chen_2021_Cell.HTA11_14015	polyp_cancer	Chen_2021_Cell	83	0.39484108058257333	0.2554616133855854	-0.19301767409221854	0.1339008813426608	0.3522919119392227	0.041836550547054756	0.07672173602737911
Chen_2021_Cell.HTA11_14015__polyp_epithelial	Chen_2021_Cell.HTA11_14015	polyp_epithelial	Chen_2021_Cell	25	0.3921441337790929	0.30571710723255346	-0.09405700987242342	0.1606393310610026	0.4015100571523056	0.13027318146999736	0.2693269987127196
Chen_2021_Cell.HTA11_9531__polyp_cancer	Chen_2021_Cell.HTA11_9531	polyp_cancer	Chen_2021_Cell	227	0.13860278351945787	0.0624297002075964	0.02907638366020576	0.1972266519047957	0.13786013107374936	-0.11541810455409773	0.2627460455459412
Chen_2021_Cell.HTA11_9531__polyp_epithelial	Chen_2021_Cell.HTA11_9531	polyp_epithelial	Chen_2021_Cell	176	0.15754272419033521	0.13441397559068402	-0.03366167912907778	0.22148655288186728	0.19372101015963203	0.09573558247052122	0.25875212439465456
Chen_2021_Cell.HTA11_9700__polyp_cancer	Chen_2021_Cell.HTA11_9700	polyp_cancer	Chen_2021_Cell	366	0.03993444670225976	0.12303389105788654	-0.5080568134342179	-0.175457084403826	0.06473408357917569	0.1981054415090701	-0.3641332407379256
Chen_2021_Cell.HTA11_9700__polyp_epithelial	Chen_2021_Cell.HTA11_9700	polyp_epithelial	Chen_2021_Cell	294	-0.017608015822200916	0.1371884399894068	-0.25865071567349845	-0.0413662959515067	0.028738223907838544	0.0514398764188368	-0.10736877791732802
Chen_2021_Cell.HTA11_9998__polyp_epithelial	Chen_2021_Cell.HTA11_9998	polyp_epithelial	Chen_2021_Cell	116	0.011718248317332796	0.32901123941221844	0.06446613619771317	0.24319365736790335	0.31258721275862855	0.2988713628831899	0.115360700766616
Chen_2021_Cell.HTA11_9998__polyp_cancer	Chen_2021_Cell.HTA11_9998	polyp_cancer	Chen_2021_Cell	84	-0.0425131842548814	0.24891793681908359	0.13233606978047838	0.23656904809911936	0.2792183511397789	0.1537611692728133	0.09847160763922179
Chen_2021_Cell.HTA11_13109__polyp_cancer	Chen_2021_Cell.HTA11_13109	polyp_cancer	Chen_2021_Cell	219	0.0978554807012172	0.18414362659067854	0.14723924397732024	0.32959861045416156	0.3190274698406047	0.14574353272267726	0.3901137719241544
Chen_2021_Cell.HTA11_13109__polyp_epithelial	Chen_2021_Cell.HTA11_13109	polyp_epithelial	Chen_2021_Cell	128	0.04726373401039832	0.14758271632411724	0.17880205684611644	0.3780911826394378	0.2576622660916406	0.27531549088071955	0.4582825656535307
Chen_2021_Cell.HTA11_13708__polyp_cancer	Chen_2021_Cell.HTA11_13708	polyp_cancer	Chen_2021_Cell	416	0.10090486253232275	0.16437879360966262	-0.1985954283453782	0.10594369186438654	0.20701198685355368	0.17438839500987316	0.12515330049346948
Chen_2021_Cell.HTA11_13708__polyp_epithelial	Chen_2021_Cell.HTA11_13708	polyp_epithelial	Chen_2021_Cell	163	-0.013857596230408277	0.30692867617721886	7.16366536181812e-05	0.20151590199654704	0.17993633899870842	0.1670449081017207	0.19804202463320691
Chen_2021_Cell.HTA11_13701__polyp_epithelial	Chen_2021_Cell.HTA11_13701	polyp_epithelial	Chen_2021_Cell	485	-0.06258707364446936	0.21134841383843872	-0.25709700876003194	-0.042634454755244675	0.04519448797362489	0.1385194630283703	-0.20993408314280446
Chen_2021_Cell.HTA11_13701__polyp_cancer	Chen_2021_Cell.HTA11_13701	polyp_cancer	Chen_2021_Cell	82	0.10331984742905496	0.14972407122271866	-0.36399177043429287	-0.11775649030751215	0.07532877869259415	-0.009116178355875958	-0.2728104207002819
Chen_2021_Cell.HTA11_13794__polyp_epithelial	Chen_2021_Cell.HTA11_13794	polyp_epithelial	Chen_2021_Cell	72	0.03460331681936116	0.29111720201893104	0.2023456769065192	0.41753601663409495	0.3629818832062625	0.47049101014713435	0.283099603618688
Chen_2021_Cell.HTA11_13794__polyp_cancer	Chen_2021_Cell.HTA11_13794	polyp_cancer	Chen_2021_Cell	16	0.018412025546042647	0.21844720488445876	0.3284645795631306	0.46610088119461257	0.20975358913416797	0.5311188255179984	0.36477257663762386
Chen_2021_Cell.HTA11_99999965062__normal_epithelial	Chen_2021_Cell.HTA11_99999965062	normal_epithelial	Chen_2021_Cell	51	0.022089643042702393	0.8441097656933921	-0.10488397221200786	-0.252103557315288	0.3692817773130325	-0.23548670160921953	-0.40575052339334033
Chen_2021_Cell.HTA11_99999965104__normal_epithelial	Chen_2021_Cell.HTA11_99999965104	normal_epithelial	Chen_2021_Cell	52	-0.16241325560520697	0.9222093620454975	0.0507179860335466	-0.14891249708217	0.30327151748297265	-0.026589678319273894	-0.282142579537605
Chen_2021_Cell.HTA11_99999970781__normal_epithelial	Chen_2021_Cell.HTA11_99999970781	normal_epithelial	Chen_2021_Cell	31	0.10540466341220793	-0.10382338135578686	-0.6434392216449298	-0.41185140952353816	-0.15124401297286225	-0.4830965965675878	-0.4814911951593025
Chen_2021_Cell.HTA11_347__polyp_epithelial	Chen_2021_Cell.HTA11_347	polyp_epithelial	Chen_2021_Cell	475	0.03737345042562369	1.092004215884775	-0.09143215082372631	-0.1814872938181437	0.5292058160982015	-0.13061619566056978	-0.04485084549608963
Chen_2021_Cell.HTA11_347__polyp_cancer	Chen_2021_Cell.HTA11_347	polyp_cancer	Chen_2021_Cell	32	0.006156266296217586	0.9178654535307406	-0.035158860941834236	-0.2961549540572564	0.3719237735599493	-0.5780249130356861	-0.09502302536730844
Chen_2021_Cell.HTA11_78__polyp_cancer	Chen_2021_Cell.HTA11_78	polyp_cancer	Chen_2021_Cell	331	-0.06949808734991024	0.9191271404007689	-0.025855540459218507	-0.3398424918863063	0.40033661328073994	-0.3734756139109835	-0.5407485631426103
Chen_2021_Cell.HTA11_78__polyp_epithelial	Chen_2021_Cell.HTA11_78	polyp_epithelial	Chen_2021_Cell	233	-0.11012228697417255	0.8593319349093989	-0.00620801061144788	-0.2573192435498376	0.3544045375487267	-0.2975102396330324	-0.38458394675143576
Chen_2021_Cell.HTA11_696__normal_epithelial	Chen_2021_Cell.HTA11_696	normal_epithelial	Chen_2021_Cell	128	0.031012370986419846	0.9180056512435826	-0.0416392468849824	-0.09859887339199204	0.5444311614432595	-0.004761491611922931	0.06524373551434302
Chen_2021_Cell.HTA11_83__polyp_epithelial	Chen_2021_Cell.HTA11_83	polyp_epithelial	Chen_2021_Cell	278	0.1385388354274734	0.9633083579708002	-0.08560994748389406	0.10049313114952611	0.7385265618723896	0.2289051415026591	-0.11637961522226263
Chen_2021_Cell.HTA11_83__polyp_cancer	Chen_2021_Cell.HTA11_83	polyp_cancer	Chen_2021_Cell	27	0.03703361462288428	1.1323341788644419	0.1165734214398304	0.13327581084143592	0.7348961157652784	0.24732930613982237	0.014304927713086432
Chen_2021_Cell.HTA11_83__normal_epithelial	Chen_2021_Cell.HTA11_83	normal_epithelial	Chen_2021_Cell	50	-0.0006073078118096887	0.8108117252912531	-0.12891608391193246	-0.1744998750498771	0.38153432525807257	-0.00430826445046837	-0.3149148847259149
Chen_2021_Cell.HTA11_78__normal_epithelial	Chen_2021_Cell.HTA11_78	normal_epithelial	Chen_2021_Cell	21	-0.06183396264775914	0.43396673128688723	-0.20798050996802994	-0.23668776020903706	-0.016466895346177585	-0.16589236925488346	-0.4218053124355096
Chen_2021_Cell.HTA11_104__polyp_epithelial	Chen_2021_Cell.HTA11_104	polyp_epithelial	Chen_2021_Cell	14	-0.042932937933908885	0.8314674768219932	-0.12428244747175787	-0.30648347942063286	0.3013780165068093	-0.22234751651468534	-0.588306675885973
Chen_2021_Cell.HTA11_104__polyp_cancer	Chen_2021_Cell.HTA11_104	polyp_cancer	Chen_2021_Cell	8	-0.09700640018868978	0.9394657634266242	0.06389395733674239	-0.19783173240030955	0.41968587316962436	-0.24959595428581163	-0.45537240530230266
Chen_2021_Cell.HTA11_104__normal_epithelial	Chen_2021_Cell.HTA11_104	normal_epithelial	Chen_2021_Cell	66	0.11473135679152048	1.027849657661684	-0.03963433600421921	0.05204143888519535	0.8244629658093432	0.17160076033957633	0.11953524097078
Chen_2021_Cell.HTA11_411__polyp_epithelial	Chen_2021_Cell.HTA11_411	polyp_epithelial	Chen_2021_Cell	283	0.2215544560029114	0.8995533196499851	-0.0320518040896446	0.09243625814931794	0.7376497593539543	0.20895954765280594	0.20605980112830247
Chen_2021_Cell.HTA11_411__polyp_cancer	Chen_2021_Cell.HTA11_411	polyp_cancer	Chen_2021_Cell	257	0.28183215652534455	0.5815055842041207	-0.17679350249064577	0.07827422940490172	0.6985063546948288	0.3260566613506336	0.1808633955246723
Chen_2021_Cell.HTA11_411__normal_epithelial	Chen_2021_Cell.HTA11_411	normal_epithelial	Chen_2021_Cell	112	0.09021918712554934	1.0757484225122806	0.06178109698204073	0.09040915460204793	0.8541366631537408	0.15639992350171517	0.16434173859828274
Chen_2021_Cell.HTA11_377__normal_epithelial	Chen_2021_Cell.HTA11_377	normal_epithelial	Chen_2021_Cell	34	-0.04162240845858332	1.1614320745154976	-0.07265224825158088	-0.031675656807807234	0.6520692655760817	0.2914568939942054	-0.05639663229256489
Chen_2021_Cell.HTA11_392__polyp_cancer	Chen_2021_Cell.HTA11_392	polyp_cancer	Chen_2021_Cell	91	0.49889028802064533	0.6751139482978129	0.02581719989597367	0.2312225920365778	0.931678145015905	0.2753448360825069	0.2700405849011188
Chen_2021_Cell.HTA11_392__polyp_epithelial	Chen_2021_Cell.HTA11_392	polyp_epithelial	Chen_2021_Cell	31	0.41756447008735026	0.9128637940091384	0.1257523945238531	0.2446211057889625	1.1218780383650555	0.32726764653173135	0.3811337696298211
Chen_2021_Cell.HTA11_696__polyp_cancer	Chen_2021_Cell.HTA11_696	polyp_cancer	Chen_2021_Cell	324	0.30507912268314097	0.8675448850603964	0.12017499164755734	0.27316016927218584	0.976922656237509	0.20189465248866217	0.3166591150391312
Chen_2021_Cell.HTA11_696__polyp_epithelial	Chen_2021_Cell.HTA11_696	polyp_epithelial	Chen_2021_Cell	586	0.3194375747134986	0.9624527834063209	0.06927141070624764	0.27944119071291834	1.0309408279554864	0.3463251425487379	0.3143803303520328
Chen_2021_Cell.HTA11_866__polyp_epithelial	Chen_2021_Cell.HTA11_866	polyp_epithelial	Chen_2021_Cell	851	0.25725144699163477	1.1451943268939255	0.0809913304212675	0.16268928645619418	1.075400311744404	0.22512015961514797	0.19467003622422918
Chen_2021_Cell.HTA11_866__polyp_cancer	Chen_2021_Cell.HTA11_866	polyp_cancer	Chen_2021_Cell	577	0.2501127292004167	1.0329290390838115	0.03195335483223478	0.07267081657897516	0.9636471873343402	0.01641349379302453	0.15706240452969747
Chen_2021_Cell.HTA11_392__normal_epithelial	Chen_2021_Cell.HTA11_392	normal_epithelial	Chen_2021_Cell	31	0.06666658073759953	0.7446257305324343	0.020101965243461136	-0.04250114268307433	0.5021300736705927	-0.15191790105583924	0.15864585897480774
Chen_2021_Cell.HTA11_1391__polyp_cancer	Chen_2021_Cell.HTA11_1391	polyp_cancer	Chen_2021_Cell	319	0.45325619901753783	1.1534229798555287	-0.25779923083651163	-0.13591605526863607	0.9456145536665665	-0.11770228292757554	0.12492860671201916
Chen_2021_Cell.HTA11_1391__polyp_epithelial	Chen_2021_Cell.HTA11_1391	polyp_epithelial	Chen_2021_Cell	151	0.4291881432620765	1.0855095740809417	-0.24957106791178	-0.09595699858839307	0.8869913131280112	-0.04495921116677188	0.1935135287247144
Chen_2021_Cell.HTA11_546__polyp_epithelial	Chen_2021_Cell.HTA11_546	polyp_epithelial	Chen_2021_Cell	211	0.18008606449328615	1.1133514200012524	0.23897242985046727	0.314112028769091	1.00564464730119	0.407019226694792	0.21553891495491823
Chen_2021_Cell.HTA11_546__polyp_cancer	Chen_2021_Cell.HTA11_546	polyp_cancer	Chen_2021_Cell	100	0.11480367162653327	1.0266161954266744	0.3623359664638024	0.36038039427020774	0.8875892494620413	0.4246687687210042	0.3365714436254089
Chen_2021_Cell.HTA11_546__normal_epithelial	Chen_2021_Cell.HTA11_546	normal_epithelial	Chen_2021_Cell	55	0.07389306669968912	0.8135379861721928	-0.05514212618018829	-0.0651881015493191	0.46723188027656415	-0.005611311802173347	0.13051038785239477
Chen_2021_Cell.HTA11_2487__polyp_cancer	Chen_2021_Cell.HTA11_2487	polyp_cancer	Chen_2021_Cell	667	0.36162292051021955	0.2329139753763271	-0.19455735062126503	0.18157389775505434	0.4414562915255194	0.2738324201261704	0.2921189299201064
Chen_2021_Cell.HTA11_2487__polyp_epithelial	Chen_2021_Cell.HTA11_2487	polyp_epithelial	Chen_2021_Cell	142	0.16335126338247924	0.41832949545061876	-0.061653807372768606	0.1259935117610936	0.3951037186153152	0.1899557786391694	0.26338947291914944
Chen_2021_Cell.HTA11_2487__normal_epithelial	Chen_2021_Cell.HTA11_2487	normal_epithelial	Chen_2021_Cell	16	0.04095868730358289	-0.037048692255406517	-0.1414808470946637	-0.10617293961556425	-0.052203575937904534	-0.2478297512190921	0.418043771843064
Chen_2021_Cell.HTA11_2992__polyp_epithelial	Chen_2021_Cell.HTA11_2992	polyp_epithelial	Chen_2021_Cell	17	0.13242813494553868	0.1655612618231926	-0.18021459123065744	0.12027826672737653	0.16282300484240445	0.1055111337372744	-0.07660642052205374
Chen_2021_Cell.HTA11_2992__polyp_cancer	Chen_2021_Cell.HTA11_2992	polyp_cancer	Chen_2021_Cell	3	0.11946258196486442	-0.10803461094872548	-0.03925113189891357	0.09778647646321256	0.04482877522174647	-0.3414087885743121	0.059548766350687815
Chen_2021_Cell.HTA11_5212__polyp_epithelial	Chen_2021_Cell.HTA11_5212	polyp_epithelial	Chen_2021_Cell	1	-0.027232063912323367	0.43522454977547714	0.28364955980108153	0.3887974944298709	0.07309780952097711	0.35357387805140744	-0.13502954563510564
Chen_2021_Cell.HTA11_5212__polyp_cancer	Chen_2021_Cell.HTA11_5212	polyp_cancer	Chen_2021_Cell	1	-0.27500114093456135	-0.45100706566281723	0.12190240567750166	0.2693509258051224	-0.36772417919271405	0.37780131035421377	0.12824797089477294
Chen_2021_Cell.HTA11_5212__normal_epithelial	Chen_2021_Cell.HTA11_5212	normal_epithelial	Chen_2021_Cell	6	0.04095776705251805	0.004296357612933401	-0.2583661568782563	0.11492170005043152	0.021331684812800924	0.25990420751430965	-0.020347567223742327
Chen_2021_Cell.HTA11_5216__polyp_epithelial	Chen_2021_Cell.HTA11_5216	polyp_epithelial	Chen_2021_Cell	55	0.136046427090413	0.30268774869195414	0.018316523895949594	0.2303104115898496	0.31472310443781487	0.17399633789454835	0.09637050408599204
Chen_2021_Cell.HTA11_5216__polyp_cancer	Chen_2021_Cell.HTA11_5216	polyp_cancer	Chen_2021_Cell	3	0.06928587635041455	0.5962722353764729	0.28168131838601695	0.41252078177297125	0.27080866594995945	0.5164473161177995	0.18841071728452113
Chen_2021_Cell.HTA11_5216__normal_epithelial	Chen_2021_Cell.HTA11_5216	normal_epithelial	Chen_2021_Cell	35	0.19691443386558696	0.4116306840805971	0.07825115502931637	0.33724925622863067	0.516139191455059	0.34334053100216444	0.2331690253279814
Chen_2021_Cell.HTA11_3252__normal_epithelial	Chen_2021_Cell.HTA11_3252	normal_epithelial	Chen_2021_Cell	31	-0.030272262923822887	0.11022274525527725	-0.5110441344297411	-0.3277524156459709	-0.04492187076336544	-0.29225114179616263	-0.2698078184392064
Chen_2021_Cell.HTA11_3361__polyp_epithelial	Chen_2021_Cell.HTA11_3361	polyp_epithelial	Chen_2021_Cell	576	0.24967985325428665	0.6412608471780452	0.19852585443126866	0.4131254872889714	0.8130964714014312	0.4601464465351648	0.4082257607182532
Chen_2021_Cell.HTA11_3361__polyp_cancer	Chen_2021_Cell.HTA11_3361	polyp_cancer	Chen_2021_Cell	257	0.3172892811369449	0.5514998061372097	0.13530052412095164	0.33504296887164053	0.727648968671674	0.30196564745627164	0.3809379378616232
Chen_2021_Cell.HTA11_3361__normal_epithelial	Chen_2021_Cell.HTA11_3361	normal_epithelial	Chen_2021_Cell	32	0.04175678972749249	0.18945723055967895	-0.275323640290352	-0.08465260940580353	0.1161535058617424	-0.04105260564264241	0.16080680112584408
Chen_2021_Cell.HTA11_2112__polyp_cancer	Chen_2021_Cell.HTA11_2112	polyp_cancer	Chen_2021_Cell	132	0.331459398551097	0.42960715239299574	-0.1525109239575506	0.2613596598567045	0.5526827822463125	0.46240510719848116	0.29739862699791375
Chen_2021_Cell.HTA11_2112__polyp_epithelial	Chen_2021_Cell.HTA11_2112	polyp_epithelial	Chen_2021_Cell	209	0.18976467220078946	0.4993156837752343	0.08691058509699895	0.36258944861084635	0.619959768521658	0.5922232341413287	0.3543718556606427
Chen_2021_Cell.HTA11_2112__normal_epithelial	Chen_2021_Cell.HTA11_2112	normal_epithelial	Chen_2021_Cell	11	0.44149081881471836	0.0880760120505008	-0.23526447168591108	0.29313390932426825	0.32237428711685095	0.2586844786384819	0.4558353176307965
Chen_2021_Cell.HTA11_1938__polyp_cancer	Chen_2021_Cell.HTA11_1938	polyp_cancer	Chen_2021_Cell	338	0.1918246797592036	0.6738929529349649	-0.18289427757343654	-0.1291297474507236	0.4732596054763446	-0.10932294629631924	-0.019317662850078538
Chen_2021_Cell.HTA11_1938__polyp_epithelial	Chen_2021_Cell.HTA11_1938	polyp_epithelial	Chen_2021_Cell	66	0.14849733686727676	0.6322282889881736	-0.1334525730486346	-0.12148624916870773	0.39592967687197633	-0.15066227747834027	0.01601641040793621
Chen_2021_Cell.HTA11_1938__normal_epithelial	Chen_2021_Cell.HTA11_1938	normal_epithelial	Chen_2021_Cell	7	0.33194616681684247	0.2061996359859595	-0.2894200920425081	-0.0572945260296023	0.13822050172724248	-0.3261345166660652	0.15406068112670707
Chen_2021_Cell.HTA11_3331__polyp_cancer	Chen_2021_Cell.HTA11_3331	polyp_cancer	Chen_2021_Cell	63	0.16232314721684454	0.28780091767792615	-0.518803940926676	-0.147545633467026	0.3934531699559828	0.18375757565614767	-0.19749554357739915
Chen_2021_Cell.HTA11_3331__polyp_epithelial	Chen_2021_Cell.HTA11_3331	polyp_epithelial	Chen_2021_Cell	35	0.06321194159094765	0.5327604699807074	-0.29205005463851735	0.008104226478994555	0.41783942184742145	0.1285233173542306	-0.12727075163328003
Chen_2021_Cell.HTA11_5363__polyp_cancer	Chen_2021_Cell.HTA11_5363	polyp_cancer	Chen_2021_Cell	6	0.16009735489596957	0.48749973201681807	-0.15654038199084447	0.06186211636105606	0.393187772382082	0.08469386048764094	0.23093966602545699
Chen_2021_Cell.HTA11_5363__polyp_epithelial	Chen_2021_Cell.HTA11_5363	polyp_epithelial	Chen_2021_Cell	7	0.20563661636827302	0.28996733615425335	-0.19072504380577845	0.05672202184210022	0.3428948258076127	-0.06318224386959724	0.02962635291551746
Chen_2021_Cell.HTA11_2235__normal_epithelial	Chen_2021_Cell.HTA11_2235	normal_epithelial	Chen_2021_Cell	19	0.07596072879787867	0.3240823748311146	-0.1041952419820139	0.01677482834603608	0.2307425685239401	-0.11060508722501457	-0.1324947956883308
Chen_2021_Cell.HTA11_5994__polyp_epithelial	Chen_2021_Cell.HTA11_5994	polyp_epithelial	Chen_2021_Cell	127	0.279126081427604	0.6252059102054195	-0.010838175606774962	0.2974049975743872	0.651441422323916	0.31711228176630424	0.34677348409155134
Chen_2021_Cell.HTA11_5994__polyp_cancer	Chen_2021_Cell.HTA11_5994	polyp_cancer	Chen_2021_Cell	249	0.3575846543468319	0.3456507407611629	-0.1809305488707126	0.2481509804926323	0.4876150969958565	0.35620620309716644	0.31236957904350793
Chen_2021_Cell.HTA11_6134__polyp_cancer	Chen_2021_Cell.HTA11_6134	polyp_cancer	Chen_2021_Cell	168	0.4958828239945855	0.21117372242561364	-0.2625545484281892	0.19179934587622025	0.3995861021817605	0.16114393492859408	0.1743039535003726
Chen_2021_Cell.HTA11_6134__polyp_epithelial	Chen_2021_Cell.HTA11_6134	polyp_epithelial	Chen_2021_Cell	53	0.34455301446529135	0.4361401552769771	-0.07039354409030309	0.273785907053915	0.4575538395567717	0.2501889270005572	0.299636162135193
Chen_2021_Cell.HTA11_6134__normal_epithelial	Chen_2021_Cell.HTA11_6134	normal_epithelial	Chen_2021_Cell	4	-0.15002024148825202	0.5089008867442757	0.23201210252345478	0.16432129527989747	0.27233161921512894	0.16149825149124705	-0.11255904051147685
Chen_2021_Cell.HTA11_6310__polyp_cancer	Chen_2021_Cell.HTA11_6310	polyp_cancer	Chen_2021_Cell	37	0.33827506956384923	0.22501646824943136	-0.3129114119091017	0.015444520003763606	0.3144615438372572	0.061087561134739995	0.06650940453072289
Chen_2021_Cell.HTA11_6310__polyp_epithelial	Chen_2021_Cell.HTA11_6310	polyp_epithelial	Chen_2021_Cell	26	0.10538987133186893	0.3133992787409	-0.1550550469793019	0.052597365447252145	0.22382933313477205	0.08288947445542891	0.10282956982271686
Chen_2021_Cell.HTA11_6310__normal_epithelial	Chen_2021_Cell.HTA11_6310	normal_epithelial	Chen_2021_Cell	7	0.3071534519769361	0.14611590091691665	-0.06607553244456058	0.2390618024331183	0.27360612095339104	0.13239285533217915	0.22780640784332506
Chen_2021_Cell.HTA11_6147__polyp_cancer	Chen_2021_Cell.HTA11_6147	polyp_cancer	Chen_2021_Cell	14	0.08908753367454281	0.21347721874624387	-0.23929642194673564	-0.16494463219468444	0.10313801142632698	-0.25122965295305405	-0.43490795819617073
Chen_2021_Cell.HTA11_6147__polyp_epithelial	Chen_2021_Cell.HTA11_6147	polyp_epithelial	Chen_2021_Cell	3	-0.049234144222701524	0.17634322223761004	-0.06646408711935109	-0.19771152807844683	-0.06517585778093661	-0.3908146728036567	-0.3524986066556421
Chen_2021_Cell.HTA11_3077__normal_epithelial	Chen_2021_Cell.HTA11_3077	normal_epithelial	Chen_2021_Cell	28	0.2820852051305506	0.12659443947568663	-0.13115166725966904	0.285494949406618	0.2496420810160031	0.2800396532844199	0.31786844668241293
Chen_2021_Cell.HTA11_6147__normal_epithelial	Chen_2021_Cell.HTA11_6147	normal_epithelial	Chen_2021_Cell	12	0.1683307690179546	0.24437224565492233	-0.20290629294996004	0.1299933612772157	0.32215236651356555	0.18559363490980552	0.2073245504902468
Chen_2021_Cell.HTA11_2951__polyp_cancer	Chen_2021_Cell.HTA11_2951	polyp_cancer	Chen_2021_Cell	114	0.2470997630880486	0.3461160032615395	0.19127841781810384	0.40535779984808196	0.5481989775344229	0.25638272274725726	0.40716055253621897
Chen_2021_Cell.HTA11_2951__polyp_epithelial	Chen_2021_Cell.HTA11_2951	polyp_epithelial	Chen_2021_Cell	59	0.2777711458555559	0.3980823957500059	0.11360037430440555	0.39970481050890894	0.6387102205554722	0.35973434978486934	0.37914654132598
Chen_2021_Cell.HTA11_2951__normal_epithelial	Chen_2021_Cell.HTA11_2951	normal_epithelial	Chen_2021_Cell	67	0.17538297729897556	0.36988411130790994	-0.15362318210621312	0.1584348543080908	0.3684656656089305	0.15488838632477425	0.20927031052864012
Chen_2021_Cell.HTA11_3410__polyp_epithelial	Chen_2021_Cell.HTA11_3410	polyp_epithelial	Chen_2021_Cell	86	0.15393519142680626	0.47544353137382744	0.08496556656615245	0.2608775927282784	0.4021058049870106	0.12697410087297623	0.44989716473431834
Chen_2021_Cell.HTA11_3410__polyp_cancer	Chen_2021_Cell.HTA11_3410	polyp_cancer	Chen_2021_Cell	109	0.18019516390314583	0.48763292059365393	0.030853987925011275	0.20354912427399782	0.43252091782284074	0.030076461520847895	0.3051727444328008
Chen_2021_Cell.HTA11_3410__normal_epithelial	Chen_2021_Cell.HTA11_3410	normal_epithelial	Chen_2021_Cell	91	0.36745802944475553	0.73954201648778	0.0750939321405994	0.33389339374022026	0.8890884738549868	0.28871097857969724	0.3166344218484108
Chen_2021_Cell.HTA11_6025__polyp_epithelial	Chen_2021_Cell.HTA11_6025	polyp_epithelial	Chen_2021_Cell	3	0.014725261425657115	0.31732048176860017	-0.044447265042144475	-0.007952957367091833	0.1568134718116029	-0.06930403362091152	0.2949321060020518
Chen_2021_Cell.HTA11_6025__polyp_cancer	Chen_2021_Cell.HTA11_6025	polyp_cancer	Chen_2021_Cell	1	-0.10598133729732125	0.5377562043362856	0.06455432010679946	0.03737600037954646	0.2767336427523186	-0.23497691027148335	0.15906683881896988
Chen_2021_Cell.HTA11_2235__polyp_epithelial	Chen_2021_Cell.HTA11_2235	polyp_epithelial	Chen_2021_Cell	21	0.20437452118691574	0.5696323342749735	-0.06662375549692144	0.13522096146153817	0.5037338422553103	0.14542696018021473	-0.08350286324472542
Chen_2021_Cell.HTA11_2235__polyp_cancer	Chen_2021_Cell.HTA11_2235	polyp_cancer	Chen_2021_Cell	49	0.1480687059888866	0.5433189492036775	0.02829374637708195	0.14817935589974823	0.5194974950971413	0.00599673648940438	-0.022900631820631668
Chen_2021_Cell.HTA11_7956__polyp_epithelial	Chen_2021_Cell.HTA11_7956	polyp_epithelial	Chen_2021_Cell	358	0.15550368006180024	0.3201106226628551	-0.3451151498226198	-0.15698507222428496	0.2354632012770857	-0.22072124918981978	0.09710409025260332
Chen_2021_Cell.HTA11_7956__polyp_cancer	Chen_2021_Cell.HTA11_7956	polyp_cancer	Chen_2021_Cell	10	0.025765270187984947	0.4658509829384066	-0.1200681803586783	-0.31296649691166323	0.38640688392371053	-0.447277840523173	-0.02134317851372265
Chen_2021_Cell.HTA11_7956__normal_epithelial	Chen_2021_Cell.HTA11_7956	normal_epithelial	Chen_2021_Cell	85	0.11380926377565274	0.23655082232511895	-0.3768609051719768	-0.07447048841127078	0.1641970212194458	-0.08429730523689949	0.17339884228944197
Chen_2021_Cell.HTA11_8099__polyp_cancer	Chen_2021_Cell.HTA11_8099	polyp_cancer	Chen_2021_Cell	172	0.277393924795621	0.2966012602968162	-0.2276311317194248	0.13011748245003524	0.4032309047737363	0.20366057226066336	0.24150024621928365
Chen_2021_Cell.HTA11_8099__polyp_epithelial	Chen_2021_Cell.HTA11_8099	polyp_epithelial	Chen_2021_Cell	139	0.09325884410283175	0.5102880650625546	-0.07998194446360431	0.10040365355306631	0.44612240476291704	0.18528987099322922	0.19825192569580424
Chen_2021_Cell.HTA11_8099__normal_epithelial	Chen_2021_Cell.HTA11_8099	normal_epithelial	Chen_2021_Cell	76	-0.028073730101279577	0.3103833326182589	-0.3186261920988903	-0.18842567400071883	0.09110708594171642	-0.08328633069717814	0.059899082433301776
Chen_2021_Cell.HTA11_866__normal_epithelial	Chen_2021_Cell.HTA11_866	normal_epithelial	Chen_2021_Cell	65	0.08784087348983734	0.3749903385725186	-0.3753807100376182	-0.17887725334366744	0.21979018536015213	-0.08344311971412313	-0.031005529163752987
Chen_2021_Cell.HTA11_9341__polyp_cancer	Chen_2021_Cell.HTA11_9341	polyp_cancer	Chen_2021_Cell	36	0.2570592512293597	0.5208303585661598	-0.12364966320332028	0.22850072327615514	0.6474762821463915	0.2902230834991391	0.21504107863391755
Chen_2021_Cell.HTA11_9341__polyp_epithelial	Chen_2021_Cell.HTA11_9341	polyp_epithelial	Chen_2021_Cell	156	0.18939926174131783	0.7868016128452909	-0.046219642913371196	0.27097526604464256	0.7866458280988541	0.40445367498553203	0.1583592178508711
Chen_2021_Cell.HTA11_8920__polyp_epithelial	Chen_2021_Cell.HTA11_8920	polyp_epithelial	Chen_2021_Cell	140	0.15164397839322993	0.6042624456038764	-0.1739330422327658	0.14846568419638986	0.6274023412043054	0.24952143815221525	0.14026059410153133
Chen_2021_Cell.HTA11_8920__polyp_cancer	Chen_2021_Cell.HTA11_8920	polyp_cancer	Chen_2021_Cell	43	0.1932784417038727	0.5395117674677435	-0.2152330403844345	0.12880293889426267	0.5563782546595066	0.2314419356056375	-0.005975488157764741
Chen_2021_Cell.HTA11_8920__normal_epithelial	Chen_2021_Cell.HTA11_8920	normal_epithelial	Chen_2021_Cell	51	0.27293301206108833	0.5774464075061874	-0.16653665432067646	0.18905237497002714	0.5979225045906884	0.2337737696279083	0.17044928943249144
Chen_2021_Cell.HTA11_10167__polyp_epithelial	Chen_2021_Cell.HTA11_10167	polyp_epithelial	Chen_2021_Cell	130	0.10946674857547413	0.5511035919074292	-0.2505869646862927	-0.04780541651283422	0.4010201288849952	0.017631137548683756	0.08886902713215834
Chen_2021_Cell.HTA11_10167__polyp_cancer	Chen_2021_Cell.HTA11_10167	polyp_cancer	Chen_2021_Cell	15	0.25583091030055494	0.33710530563872226	-0.3240832193806517	-0.023893848541066517	0.5558181020539036	0.062302881739047015	0.16124475726702414
Chen_2021_Cell.HTA11_10167__normal_epithelial	Chen_2021_Cell.HTA11_10167	normal_epithelial	Chen_2021_Cell	34	0.11667182217971366	0.4578436330553842	-0.3578011471643314	-0.19792850030861314	0.2747336245602443	-0.19902018209805317	-0.017240922946477766
Chen_2021_Cell.HTA11_6298__polyp_epithelial	Chen_2021_Cell.HTA11_6298	polyp_epithelial	Chen_2021_Cell	102	0.19980879842447571	0.43433064803018473	-0.13392498770993327	0.04083208310587264	0.4358192102853042	-0.08009587918879787	0.16402818055496943
Chen_2021_Cell.HTA11_6298__polyp_cancer	Chen_2021_Cell.HTA11_6298	polyp_cancer	Chen_2021_Cell	141	0.1527989737412473	0.46354354981312745	-0.04736640007339447	0.050042518959966975	0.4572925625110981	-0.16053483989268386	0.17558528032905546
Chen_2021_Cell.HTA11_6298__normal_epithelial	Chen_2021_Cell.HTA11_6298	normal_epithelial	Chen_2021_Cell	51	0.22797827840974544	0.17284749906185212	-0.4277461789388105	-0.02117184994898895	0.15043864889529837	-0.15113499632356528	0.139722498706649
Chen_2021_Cell.HTA11_7862__polyp_epithelial	Chen_2021_Cell.HTA11_7862	polyp_epithelial	Chen_2021_Cell	214	0.05901637859815707	0.5900879767168976	-0.1648648782329316	-0.006398361262759682	0.3324774037655572	-0.010568501021074254	0.16858250189064494
Chen_2021_Cell.HTA11_7862__polyp_cancer	Chen_2021_Cell.HTA11_7862	polyp_cancer	Chen_2021_Cell	22	-0.01730171772751739	0.5627447935719426	0.01884088521244437	0.030294881579427425	0.24888382165622033	-0.0450364842124516	0.33413584764285537
Chen_2021_Cell.HTA11_7862__normal_epithelial	Chen_2021_Cell.HTA11_7862	normal_epithelial	Chen_2021_Cell	54	0.08679990108104058	0.43789666684586365	-0.23855449789877906	0.0016045630894070228	0.3668126779559534	0.1444233207213165	0.14653335787293537
Chen_2021_Cell.HTA11_8622__polyp_cancer	Chen_2021_Cell.HTA11_8622	polyp_cancer	Chen_2021_Cell	1108	0.4152037471413591	0.2656071385795373	-0.28237001217489344	0.21354939333611248	0.5921904029626321	0.31693306312184455	0.2699655033027286
Chen_2021_Cell.HTA11_8622__polyp_epithelial	Chen_2021_Cell.HTA11_8622	polyp_epithelial	Chen_2021_Cell	277	0.3780449536622573	0.5735944284203562	-0.17299638491857358	0.18301314504163063	0.7684325913911829	0.1865265898500136	0.21315376452906115
Chen_2021_Cell.HTA11_3918__normal_epithelial	Chen_2021_Cell.HTA11_3918	normal_epithelial	Chen_2021_Cell	109	0.13556624134297424	0.8992751703808111	-0.020514407564312793	0.09608536672076291	0.7035129165654478	0.16164726224050677	0.1323296527750185
Chen_2021_Cell.HTA11_4255__polyp_cancer	Chen_2021_Cell.HTA11_4255	polyp_cancer	Chen_2021_Cell	397	0.38450810561727994	0.5808472552824486	-0.2464751070720154	0.12013601876275685	0.6775875699604547	0.19057417342611263	0.020854954191279775
Chen_2021_Cell.HTA11_4255__polyp_epithelial	Chen_2021_Cell.HTA11_4255	polyp_epithelial	Chen_2021_Cell	127	0.20480837102864027	0.695943930608034	-0.111766588263393	0.15026430069934738	0.6155854875519708	0.2172660895285542	0.050205737239868695
Chen_2021_Cell.HTA11_4255__normal_epithelial	Chen_2021_Cell.HTA11_4255	normal_epithelial	Chen_2021_Cell	80	0.1154960507572039	0.4846908344029086	-0.3214364889952387	0.06455184935671801	0.4598738134613111	0.3017586053772659	-0.0825885069306575
Chen_2021_Cell.HTA11_9408__polyp_cancer	Chen_2021_Cell.HTA11_9408	polyp_cancer	Chen_2021_Cell	49	0.5342348233359242	0.7813488796346796	0.2889567312439469	0.4885495215197053	1.0521231155942705	0.43594581139422217	0.5057729445299316
Chen_2021_Cell.HTA11_9408__polyp_epithelial	Chen_2021_Cell.HTA11_9408	polyp_epithelial	Chen_2021_Cell	21	0.5166699335049454	0.8744065024960758	0.24382899010763381	0.4655924685739591	1.0677297381356277	0.5672675040264433	0.4827508306983213
Chen_2021_Cell.HTA11_9408__normal_epithelial	Chen_2021_Cell.HTA11_9408	normal_epithelial	Chen_2021_Cell	43	0.3513271215961628	0.24896274908131183	-0.23607808277822936	0.17116027569241954	0.5277114027275605	0.08888035556134928	0.22310317054147288
Chen_2021_Cell.HTA11_7179__polyp_cancer	Chen_2021_Cell.HTA11_7179	polyp_cancer	Chen_2021_Cell	51	0.5214011798600842	0.8554468608647453	0.15839593652216802	0.2835682030349145	1.2743459893022493	0.2714974680754045	0.28881837015590356
Chen_2021_Cell.HTA11_7179__polyp_epithelial	Chen_2021_Cell.HTA11_7179	polyp_epithelial	Chen_2021_Cell	81	0.44062049173989365	0.7712767825375061	0.08320847622838981	0.3116699564196912	1.036438092329174	0.3891156156523827	0.2769956339982274
Chen_2021_Cell.HTA11_10623__polyp_epithelial	Chen_2021_Cell.HTA11_10623	polyp_epithelial	Chen_2021_Cell	189	0.17077103255372034	0.7935904301244274	0.02300787875734382	0.12930930999436696	0.7060092830118018	0.20065690082631762	0.17288030344588465
Chen_2021_Cell.HTA11_10623__polyp_cancer	Chen_2021_Cell.HTA11_10623	polyp_cancer	Chen_2021_Cell	43	0.17375349086080424	0.8588943241708681	0.17004194468688472	0.16833640888060236	0.7728600490981595	0.18221847586146922	0.21002800145810263
Chen_2021_Cell.HTA11_10711__polyp_cancer	Chen_2021_Cell.HTA11_10711	polyp_cancer	Chen_2021_Cell	126	0.2813872373030239	0.8494270454484352	0.19788981099075167	0.2625362504189659	0.9499866698317866	0.13381656696662897	0.31013598259124325
Chen_2021_Cell.HTA11_10711__polyp_epithelial	Chen_2021_Cell.HTA11_10711	polyp_epithelial	Chen_2021_Cell	78	0.29030379676254586	0.7603205762834238	0.1053620151156977	0.2384263345207135	0.8677652377131287	0.16836372599838448	0.18855447942313344
Chen_2021_Cell.HTA11_6801__polyp_epithelial	Chen_2021_Cell.HTA11_6801	polyp_epithelial	Chen_2021_Cell	475	0.30238790885388095	0.32474066603459145	-0.27645175299346575	0.06630746335013381	0.4493191966079806	0.12551320654644688	0.1803625340907493
Chen_2021_Cell.HTA11_6801__polyp_cancer	Chen_2021_Cell.HTA11_6801	polyp_cancer	Chen_2021_Cell	305	0.2918251126214375	0.14702287492246127	-0.3511427960171161	0.010669029337290005	0.30879205819571764	0.10781260770697867	0.1402430382654449
Chen_2021_Cell.HTA11_8622__normal_epithelial	Chen_2021_Cell.HTA11_8622	normal_epithelial	Chen_2021_Cell	169	0.11398231661058238	0.17117723891109168	-0.4181581018069311	-0.2432246581559497	0.09665581546343789	-0.2047412290577968	0.02754436646401747
Chen_2021_Cell.HTA11_7663__polyp_epithelial	Chen_2021_Cell.HTA11_7663	polyp_epithelial	Chen_2021_Cell	569	0.22184203444066417	0.7683887425376152	-0.22032207585599933	0.008160803565760917	0.6056180556592315	0.09714943256968812	0.043854271857827025
Chen_2021_Cell.HTA11_7663__polyp_cancer	Chen_2021_Cell.HTA11_7663	polyp_cancer	Chen_2021_Cell	38	0.139398225284835	1.0810254987230983	-3.102039616243142e-05	0.03143568637469739	0.7869005351316033	0.07622930681896184	0.16275590504681453
Chen_2021_Cell.HTA11_7663__normal_epithelial	Chen_2021_Cell.HTA11_7663	normal_epithelial	Chen_2021_Cell	147	0.22788569256256225	0.6277140398896103	-0.17520867124145864	0.01563545832743184	0.52543825609009	-0.028088723229568718	0.16761365833850497
Chen_2021_Cell.HTA11_6801__normal_epithelial	Chen_2021_Cell.HTA11_6801	normal_epithelial	Chen_2021_Cell	62	0.2981680980432368	0.13990751221478995	-0.2852750819625722	0.09545448790957138	0.2704508797785321	0.19254626932501911	0.2555064914514926
Chen_2021_Cell.HTA11_6818__normal_epithelial	Chen_2021_Cell.HTA11_6818	normal_epithelial	Chen_2021_Cell	151	0.35711158210616095	0.3651631721139904	-0.3265365709778644	-0.0466156468699696	0.3041673915084742	-0.06573961112744425	0.05501581609350591
Chen_2021_Cell.HTA11_6818__polyp_cancer	Chen_2021_Cell.HTA11_6818	polyp_cancer	Chen_2021_Cell	935	0.39680550849315965	0.9167605503176326	-0.11317250698642753	0.03564681600661473	0.8944962803722111	-0.009039922141921583	0.03879603917484107
Chen_2021_Cell.HTA11_6818__polyp_epithelial	Chen_2021_Cell.HTA11_6818	polyp_epithelial	Chen_2021_Cell	374	0.5061063861458925	0.8659791881649539	-0.173986928683998	0.07556977515848594	0.9530980639675442	0.04550202888366886	0.012152457569133059
Chen_2021_Cell.HTA11_7469__polyp_epithelial	Chen_2021_Cell.HTA11_7469	polyp_epithelial	Chen_2021_Cell	237	0.17783290475459235	0.26309624068742316	-0.47076298670711303	-0.18640517911053292	0.2020129007178187	-0.09532232644726873	-0.24509473594595338
Chen_2021_Cell.HTA11_7469__polyp_cancer	Chen_2021_Cell.HTA11_7469	polyp_cancer	Chen_2021_Cell	2	-0.21287418638451314	1.8778824781129682	0.3491333021590151	0.2955443400251633	1.1487898637156295	0.6440801442991764	0.42734433788935283
Chen_2021_Cell.HTA11_7469__normal_epithelial	Chen_2021_Cell.HTA11_7469	normal_epithelial	Chen_2021_Cell	131	0.13701440332859635	0.3388013937205036	-0.48035919354918427	-0.2211633223514159	0.24989090703593195	0.022795769756151846	-0.24456772065408375
Chen_2021_Cell.HTA11_8504__normal_epithelial	Chen_2021_Cell.HTA11_8504	normal_epithelial	Chen_2021_Cell	120	0.38185821907133805	0.5045741425729386	-0.10162129802869228	0.28934346737090766	0.6615145669596522	0.2818291056650848	0.2593689742894653
Chen_2021_Cell.HTA11_11167__polyp_cancer	Chen_2021_Cell.HTA11_11167	polyp_cancer	Chen_2021_Cell	67	0.39032312520015044	0.36614369680545644	0.04461835855828375	0.33833900750249307	0.5112215088825515	0.24760476094750006	0.398816323981469
Chen_2021_Cell.HTA11_11167__polyp_epithelial	Chen_2021_Cell.HTA11_11167	polyp_epithelial	Chen_2021_Cell	177	0.4459243224405222	0.3409572712261563	-0.029203504178677377	0.313494123864501	0.49342759283704984	0.18145861449594602	0.4125001623065763
Chen_2021_Cell.HTA11_11156__polyp_epithelial	Chen_2021_Cell.HTA11_11156	polyp_epithelial	Chen_2021_Cell	92	0.45144682145574816	0.5621043830316773	-0.002490557977468986	0.3564858860830386	0.8295017267433652	0.3579372200683344	0.45381892625972314
Chen_2021_Cell.HTA11_11156__polyp_cancer	Chen_2021_Cell.HTA11_11156	polyp_cancer	Chen_2021_Cell	64	0.44617793259778954	0.5756773464488708	0.08147524840999162	0.36630694559276034	0.7401643619226882	0.2344039760329993	0.4805042168065387
Chen_2021_Cell.HTA11_7128__polyp_cancer	Chen_2021_Cell.HTA11_7128	polyp_cancer	Chen_2021_Cell	84	0.2958939432389018	0.6055646998948206	0.30202981594199757	0.43514894139840454	0.7701353400939566	0.4038766771700058	0.4686851244574933
Chen_2021_Cell.HTA11_7128__polyp_epithelial	Chen_2021_Cell.HTA11_7128	polyp_epithelial	Chen_2021_Cell	14	0.356816246677844	0.7120249184841424	0.30119657817686846	0.41743700559324765	0.9093437139132966	0.25807537750344844	0.341922650721779
Chen_2021_Cell.HTA11_7029__polyp_cancer	Chen_2021_Cell.HTA11_7029	polyp_cancer	Chen_2021_Cell	207	0.5077536244993572	0.6671583372868557	0.02864963921210851	0.2728883156197102	1.0146780536053974	0.1019104578180602	0.2389141214784474
Chen_2021_Cell.HTA11_7029__polyp_epithelial	Chen_2021_Cell.HTA11_7029	polyp_epithelial	Chen_2021_Cell	126	0.4971495823626031	0.6480583256785555	0.030517592823702894	0.26332952127239473	0.9929226623588847	0.17357904232469204	0.19660395772258754
Chen_2021_Cell.HTA11_7029__normal_epithelial	Chen_2021_Cell.HTA11_7029	normal_epithelial	Chen_2021_Cell	42	0.13726124465193154	0.4132100334950348	-0.3826179229323713	-0.22479038813209748	0.23092070983709959	-0.13461730384497483	-0.3940052249045715
Chen_2021_Cell.HTA11_7696__polyp_cancer	Chen_2021_Cell.HTA11_7696	polyp_cancer	Chen_2021_Cell	398	0.34725924010669756	0.7109163825010765	0.01914779075462654	0.17104162447304896	0.882309132154519	0.058504239714754436	0.11192543251813274
Chen_2021_Cell.HTA11_7696__polyp_epithelial	Chen_2021_Cell.HTA11_7696	polyp_epithelial	Chen_2021_Cell	160	0.2906796063764523	0.7666232888524427	0.031138632906906983	0.1879312977081443	0.8950584783114808	0.1982163624927326	0.13307300937367048
Chen_2021_Cell.HTA11_7696__normal_epithelial	Chen_2021_Cell.HTA11_7696	normal_epithelial	Chen_2021_Cell	35	0.2776374646518952	0.5022602104919647	-0.23221770088961124	0.014687300149264912	0.5028266294646354	0.1227618248846171	0.054264650703144075
Chen_2021_Cell.HTA11_6182__polyp_cancer	Chen_2021_Cell.HTA11_6182	polyp_cancer	Chen_2021_Cell	187	0.040906249616211664	1.3418033217483472	0.2759406723269239	0.18855430146358274	1.0313965768003341	0.3234303657183004	0.1641616234587074
Chen_2021_Cell.HTA11_6182__polyp_epithelial	Chen_2021_Cell.HTA11_6182	polyp_epithelial	Chen_2021_Cell	27	0.11483503966484321	1.0161525328733154	0.16953600394839838	0.14233638660470552	0.7393537348483613	0.2904109007064787	0.33907392171232276
Chen_2021_Cell.HTA11_6182__normal_epithelial	Chen_2021_Cell.HTA11_6182	normal_epithelial	Chen_2021_Cell	4	0.10112319286157424	0.6168058463407379	0.13374076706574586	0.2362745166816107	0.4450293180706577	0.14608230362153266	-0.010394038150706667
Wang_2020_J_Exp_Med.SRR8513796__normal_epithelial	Wang_2020_J_Exp_Med.SRR8513796	normal_epithelial	Wang_2020_J_Exp_Med	94	-0.07250292166310861	-0.07350315319496797	0.007729894550697542	0.041313878120394894	-0.20019029617081527	-0.020527085819383808	-0.1520798461649865
Wang_2020_J_Exp_Med.SRR8513797__normal_epithelial	Wang_2020_J_Exp_Med.SRR8513797	normal_epithelial	Wang_2020_J_Exp_Med	169	-0.12163885434609056	-0.060712629521237994	0.028115143578782444	0.048627562848555336	-0.21235925802680522	0.09843131582752955	-0.1666398733168194
Wang_2020_J_Exp_Med.SRR8513798__normal_epithelial	Wang_2020_J_Exp_Med.SRR8513798	normal_epithelial	Wang_2020_J_Exp_Med	119	-0.08650801301627709	0.04258864627804463	-0.00014782577195181503	0.014202414706170433	-0.13055944872965689	-0.01029632216006825	-0.15715669295124154
Wang_2020_J_Exp_Med.SRR8513799__normal_epithelial	Wang_2020_J_Exp_Med.SRR8513799	normal_epithelial	Wang_2020_J_Exp_Med	46	-0.06221224057079517	0.328301224506998	0.09789799535954091	0.0440417679812379	0.07088107914378755	0.12541557125946562	-0.022489236147160478
Wang_2021_Adv_Sci.col39-smartseq-smartseq__tumor_epithelial	Wang_2021_Adv_Sci.col39-smartseq-smartseq	tumor_epithelial	Wang_2021_Adv_Sci	14	0.008306708402806359	0.30328444963617057	0.10556898287983028	-0.16376219116444246	0.26454277452721026	-0.0016437194929512851	0.013809010640125938
Wang_2021_Adv_Sci.col39-smartseq-smartseq__tumor_cancer	Wang_2021_Adv_Sci.col39-smartseq-smartseq	tumor_cancer	Wang_2021_Adv_Sci	6	-0.12319262152267006	-0.010128548394484372	-0.1466086937719783	-0.47364787162138117	-0.051371778806378755	-0.14407925921228837	-0.3164108129410666
Wang_2021_Adv_Sci.col44-smartseq-smartseq__tumor_epithelial	Wang_2021_Adv_Sci.col44-smartseq-smartseq	tumor_epithelial	Wang_2021_Adv_Sci	54	-0.044862495527739486	0.26786909043623613	0.35560050897039786	0.11942141605126613	0.30958172836792636	0.1677017578396471	0.11076186605159231
Wang_2021_Adv_Sci.col38-smartseq-smartseq__tumor_cancer	Wang_2021_Adv_Sci.col38-smartseq-smartseq	tumor_cancer	Wang_2021_Adv_Sci	5	-0.2888842512895599	-0.16973874143580536	-0.07729470526263972	-0.3623648428168762	-0.3954619950028163	-0.22666414534822701	-0.36108829789479535
Wang_2021_Adv_Sci.col44-smartseq-smartseq__tumor_cancer	Wang_2021_Adv_Sci.col44-smartseq-smartseq	tumor_cancer	Wang_2021_Adv_Sci	4	-0.17615572412719585	0.0004627761176788249	0.24752653273798655	-0.0015526797803725044	-0.10611839637794165	0.07731418454263363	-0.32402764512376864
Wang_2021_Adv_Sci.col40-smartseq-smartseq__tumor_epithelial	Wang_2021_Adv_Sci.col40-smartseq-smartseq	tumor_epithelial	Wang_2021_Adv_Sci	3	0.071219102417419	0.5742049397926136	0.009100437393911004	-0.3110751993814743	0.40828170850317724	-0.09536615834491408	-0.031804455997772055
Wang_2021_Adv_Sci.col36-smartseq-smartseq__tumor_cancer	Wang_2021_Adv_Sci.col36-smartseq-smartseq	tumor_cancer	Wang_2021_Adv_Sci	1	-0.3521720392856314	-0.3215565431137654	0.13472348231884926	0.11937683133506367	-0.24915243676807006	-0.38646068911362685	-0.2943244222721633
Wang_2021_Adv_Sci.col40-smartseq-smartseq__tumor_cancer	Wang_2021_Adv_Sci.col40-smartseq-smartseq	tumor_cancer	Wang_2021_Adv_Sci	1	-0.43710322542810803	-0.2592727591199757	0.3885175352431628	0.18723979283418504	-0.3098663182233919	0.6555714211586507	0.8012233619080674
Wang_2021_Adv_Sci.col45-smartseq-smartseq__tumor_epithelial	Wang_2021_Adv_Sci.col45-smartseq-smartseq	tumor_epithelial	Wang_2021_Adv_Sci	9	-0.002710634616470282	0.25589642914820415	0.3655389044937494	0.09838041522849605	0.4089283271204353	0.3117297832726365	0.32146449918091907
Wang_2021_Adv_Sci.col48-smartseq-smartseq__tumor_epithelial	Wang_2021_Adv_Sci.col48-smartseq-smartseq	tumor_epithelial	Wang_2021_Adv_Sci	10	-0.011838218332495102	0.289325238111845	0.23065393631618553	-0.01409200825413742	0.3961146938867418	0.09897980375985013	-0.10845550335762635
Wang_2021_Adv_Sci.col48-smartseq-smartseq__tumor_cancer	Wang_2021_Adv_Sci.col48-smartseq-smartseq	tumor_cancer	Wang_2021_Adv_Sci	2	-0.09151663173062972	0.23027798026006044	-0.42444775187063827	-0.9093750348260254	-0.0444196932916549	-0.6032945384385621	-0.6698054394532613
Wang_2021_Adv_Sci.col47-smartseq-smartseq__tumor_epithelial	Wang_2021_Adv_Sci.col47-smartseq-smartseq	tumor_epithelial	Wang_2021_Adv_Sci	3	-0.19499178002574252	0.08961134530874533	0.485544649970087	0.23857845046532394	0.1828446636666888	0.523802114808496	0.07013942873278696
Wang_2021_Adv_Sci.col47-smartseq-smartseq__tumor_cancer	Wang_2021_Adv_Sci.col47-smartseq-smartseq	tumor_cancer	Wang_2021_Adv_Sci	2	-0.36561393922260893	0.002489013253888232	0.2572210813916558	-0.09496346667688675	-0.23859012871241725	0.28365384118472514	-0.02027413555855802
Wang_2021_Adv_Sci.col45-smartseq-smartseq__tumor_cancer	Wang_2021_Adv_Sci.col45-smartseq-smartseq	tumor_cancer	Wang_2021_Adv_Sci	2	-0.05037156439949683	0.10901713519674126	-0.4923048483933645	-1.0107256935481985	-0.06761938273460927	-1.042948128140685	-0.8576589066533529
Wang_2023_Sci_Adv.P1231__metastasis_cancer	Wang_2023_Sci_Adv.P1231	metastasis_cancer	Wang_2023_Sci_Adv	40	0.03905556543627278	-0.135072513920472	-0.18748316037949814	-0.3916133495012907	-0.13503409699357266	-0.28371993953330105	-0.2783100293406678
Wang_2023_Sci_Adv.P1231__metastasis_epithelial	Wang_2023_Sci_Adv.P1231	metastasis_epithelial	Wang_2023_Sci_Adv	404	0.03330228967449721	0.006382568251748575	-0.20443544862009652	-0.5205205711964918	-0.03826954923256468	-0.2182777255096355	-0.27619219290916025
Wang_2023_Sci_Adv.P1231__tumor_cancer	Wang_2023_Sci_Adv.P1231	tumor_cancer	Wang_2023_Sci_Adv	13	0.05453282943555791	-0.23494375100421974	-0.01228965751596775	-0.1280655920018658	-0.15499334233806195	-0.23970824132898927	-0.16124545526116293
Wang_2023_Sci_Adv.P1231__tumor_epithelial	Wang_2023_Sci_Adv.P1231	tumor_epithelial	Wang_2023_Sci_Adv	19	0.019011008968870702	0.003258932599843342	-0.16541880872317216	-0.4238617792665062	-0.05318431486059409	-0.19053304454805303	-0.23723970981561993
Wang_2023_Sci_Adv.P0920__metastasis_cancer	Wang_2023_Sci_Adv.P0920	metastasis_cancer	Wang_2023_Sci_Adv	1403	-0.055178892352159725	-0.10613891330831252	-0.2748384466557203	-0.6722270715683116	-0.2704744365839746	-0.7822607436131582	-0.41700180334655895
Wang_2023_Sci_Adv.P0920__tumor_cancer	Wang_2023_Sci_Adv.P0920	tumor_cancer	Wang_2023_Sci_Adv	331	-0.05248591719397506	-0.12386217809626364	-0.24922457158535782	-0.5508000070379464	-0.23231847709367837	-0.7052428659168946	-0.37428729089596835
Wang_2023_Sci_Adv.P0920__metastasis_epithelial	Wang_2023_Sci_Adv.P0920	metastasis_epithelial	Wang_2023_Sci_Adv	2	-0.11585374190257382	-0.036597016694514914	-0.20487208375123334	-0.6420702713587408	-0.1804789933592904	-0.6349395929434803	-0.6563315958246945
Wang_2023_Sci_Adv.P0920__tumor_epithelial	Wang_2023_Sci_Adv.P0920	tumor_epithelial	Wang_2023_Sci_Adv	1	-0.32532531070939597	-0.23796883029856492	0.33984456634002524	0.2363774943613133	-0.30217106078488554	0.04221279489161932	0.6918973094684447
Wang_2023_Sci_Adv.P0813__metastasis_cancer	Wang_2023_Sci_Adv.P0813	metastasis_cancer	Wang_2023_Sci_Adv	488	-0.03363654226771037	-0.22460079094320512	-0.3475233583604378	-0.5054560047248818	-0.2703227131657527	-0.6645946606679468	-0.5086331171016113
Wang_2023_Sci_Adv.P0813__tumor_cancer	Wang_2023_Sci_Adv.P0813	tumor_cancer	Wang_2023_Sci_Adv	85	-0.06941001151167824	-0.2709080881020758	-0.2286718802628064	-0.36755945011983254	-0.24827487282446664	-0.4308140264739401	-0.4434600847994767
Wang_2023_Sci_Adv.P0813__tumor_epithelial	Wang_2023_Sci_Adv.P0813	tumor_epithelial	Wang_2023_Sci_Adv	10	-0.1967839593929743	-0.1775854099008884	-0.006612876913736684	-0.2077946746434968	-0.15890425851931098	0.025434483911439085	-0.1631859510900561
Wang_2023_Sci_Adv.P0813__metastasis_epithelial	Wang_2023_Sci_Adv.P0813	metastasis_epithelial	Wang_2023_Sci_Adv	8	-0.13607123260039147	-0.09976018016048774	-0.2540661301914834	-0.555997206580689	-0.20734808880963665	-0.14608506528102985	-0.602434417159317
Wang_2023_Sci_Adv.P0115__tumor_cancer	Wang_2023_Sci_Adv.P0115	tumor_cancer	Wang_2023_Sci_Adv	5	0.3318564502885521	0.048075675347340835	0.3614154521019909	0.2535227270871735	0.6152170389472568	0.16511764512396276	0.29746748302456494
Wang_2023_Sci_Adv.P0115__metastasis_cancer	Wang_2023_Sci_Adv.P0115	metastasis_cancer	Wang_2023_Sci_Adv	1	-0.34840047671201696	0.18450785088454988	0.5543925955416287	0.24350290854787002	-0.3378802502438903	-0.32664433439625773	-0.36828969813849977
Wang_2023_Sci_Adv.P0107__tumor_cancer	Wang_2023_Sci_Adv.P0107	tumor_cancer	Wang_2023_Sci_Adv	62	0.03312006195475363	-0.16780748134090143	-0.09722517832102599	-0.21973597927212854	-0.05368182587477893	-0.13035993803308	-0.1456871040322855
Wang_2023_Sci_Adv.P0107__metastasis_cancer	Wang_2023_Sci_Adv.P0107	metastasis_cancer	Wang_2023_Sci_Adv	17	0.006373038698509271	-0.14763092032789524	-0.20578108351077395	-0.38127861287637144	-0.20012566919741914	-0.42790648222954486	-0.2694314685624863
Wang_2023_Sci_Adv.P0107__tumor_epithelial	Wang_2023_Sci_Adv.P0107	tumor_epithelial	Wang_2023_Sci_Adv	13	-0.05332553018636702	-0.1358708058480072	0.17355035515304196	0.05711003834804629	-0.06808225604140931	-0.007931744094689271	0.13871188093819004
Wang_2023_Sci_Adv.P0107__metastasis_epithelial	Wang_2023_Sci_Adv.P0107	metastasis_epithelial	Wang_2023_Sci_Adv	3	-0.1535013226629627	-0.24866333873879293	0.3579797755512119	0.3294212340321363	-0.045751650911382606	0.363731529070414	0.6039810656440227
Wang_2023_Sci_Adv.P1125__metastasis_cancer	Wang_2023_Sci_Adv.P1125	metastasis_cancer	Wang_2023_Sci_Adv	1	-0.17425122952004043	-0.3352571104326949	0.25099433170060753	0.1063146379733502	-0.17929301030359995	-0.14592699487116584	0.01909244874169522
Wu_2022_Cancer_Discov.P20__normal_epithelial	Wu_2022_Cancer_Discov.P20	normal_epithelial	Wu_2022_Cancer_Discov	4	-0.48590907211768597	-0.5293104093301777	0.46241159211681	0.5119311210258466	-0.5876415748802867	0.44479927918908785	0.45752057506908295
Wu_2022_Cancer_Discov.P15__tumor_cancer	Wu_2022_Cancer_Discov.P15	tumor_cancer	Wu_2022_Cancer_Discov	2	-0.40086630158278375	-0.39107847978060956	0.37254655372963735	0.430230796222976	-0.47370748667248613	0.16043318798560155	-0.02671074598429433
Wu_2024_Cell.COAD20__tumor_epithelial	Wu_2024_Cell.COAD20	tumor_epithelial	Wu_2024_Cell	3	-0.2925022910994135	-0.41879592170538	0.2612484835441962	0.3401074469679214	-0.5639688543366572	0.4277936178888742	0.3095608912663918
Wu_2024_Cell.COAD20__tumor_cancer	Wu_2024_Cell.COAD20	tumor_cancer	Wu_2024_Cell	4	-0.44443153731958246	-0.6579933917742302	0.41584635493143174	0.48948365833830715	-0.6522490934432198	0.3141938046800711	0.5643083136117112
Yang_2023_Front_Oncol.JCML__tumor_cancer	Yang_2023_Front_Oncol.JCML	tumor_cancer	Yang_2023_Front_Oncol	85	-0.11572251011518095	0.530666367077463	0.11086775670662112	-0.09192453309105432	0.19831368260210427	0.024603514523534608	-0.16604563328171276
Yang_2023_Front_Oncol.JCML__tumor_epithelial	Yang_2023_Front_Oncol.JCML	tumor_epithelial	Yang_2023_Front_Oncol	26	-0.08832766880862863	1.1728667686711969	0.27007130686699626	-0.09354647371645711	0.7717330962389917	0.18647139049235226	-0.03949184240556709
Zhang_2018_Nature.P1207-smartseq-smartseq__tumor_cancer	Zhang_2018_Nature.P1207-smartseq-smartseq	tumor_cancer	Zhang_2018_Nature	1	-0.08566950940654423	-0.5219235972605465	-0.10320861783666431	0.1399696270118582	-0.12079704150021588	0.4049955283556203	0.1403445858608779
Zhang_2018_Nature.P1212-smartseq-smartseq__normal_epithelial	Zhang_2018_Nature.P1212-smartseq-smartseq	normal_epithelial	Zhang_2018_Nature	1	-0.16167781296471878	-0.6003292744914277	0.2255715650753945	0.08282392938500141	-0.4314360661530632	-0.4803559874827767	0.6271525668852181
Zhang_2020_Cell.P0104-smartseq-smartseq__tumor_epithelial	Zhang_2020_Cell.P0104-smartseq-smartseq	tumor_epithelial	Zhang_2020_Cell	1	-0.4482769316660612	-0.5548195866702272	0.6280740904651853	0.6513635337059565	0.09696073767895881	0.7463256474096612	0.8203414069684736
Zhang_2020_Cell.P0411-smartseq-smartseq__tumor_cancer	Zhang_2020_Cell.P0411-smartseq-smartseq	tumor_cancer	Zhang_2020_Cell	4	-0.3580126950924409	-0.7016473700509268	0.30341722230680296	0.4081774513668389	-0.6200055556123011	0.3452763554541534	0.5801602792685362
Zhang_2020_Cell.P0413-smartseq-smartseq__tumor_cancer	Zhang_2020_Cell.P0413-smartseq-smartseq	tumor_cancer	Zhang_2020_Cell	4	-0.16528048613310872	-0.6716929589172518	0.05903930310195288	0.14529031981157337	-0.6255265642374146	-0.023815270755000284	0.4307117001899492
Zhang_2020_Cell.P0720-smartseq-smartseq__normal_epithelial	Zhang_2020_Cell.P0720-smartseq-smartseq	normal_epithelial	Zhang_2020_Cell	1	-0.4840934576436599	-0.6509045222395854	0.7202534856379555	0.6981152727965254	-0.6280705584114586	0.7134784388198355	0.7786062504123864
Zhang_2020_Cell.P0720-smartseq-smartseq__tumor_cancer	Zhang_2020_Cell.P0720-smartseq-smartseq	tumor_cancer	Zhang_2020_Cell	7	-0.5109912977518682	-0.6782250368952842	0.6700634114848665	0.7394193609689736	-0.6171326642092468	0.6627160112939647	0.829882021937705
Zhang_2020_Cell.P0728-smartseq-smartseq__normal_epithelial	Zhang_2020_Cell.P0728-smartseq-smartseq	normal_epithelial	Zhang_2020_Cell	1	-0.21719412937132485	-0.46580826365630945	0.5040690528915966	0.44067858891334916	0.1261164752280229	0.7615815738031192	0.9257380477889536
Zhang_2020_Cell.P0728-smartseq-smartseq__tumor_cancer	Zhang_2020_Cell.P0728-smartseq-smartseq	tumor_cancer	Zhang_2020_Cell	2	-0.31982715738163014	-0.7192106832814404	0.2061148339176364	0.3874792289109016	-0.6435118318760087	0.06724518250465775	0.6414675467818532
Zhang_2020_Cell.P0825-smartseq-smartseq__normal_epithelial	Zhang_2020_Cell.P0825-smartseq-smartseq	normal_epithelial	Zhang_2020_Cell	3	-0.5288357838172504	-0.6533969889246604	0.8244479535106388	0.8132203485649078	-0.47116088181775195	0.7723355598931444	0.7725797874155484
Zhang_2020_Cell.P0825-smartseq-smartseq__tumor_cancer	Zhang_2020_Cell.P0825-smartseq-smartseq	tumor_cancer	Zhang_2020_Cell	5	-0.7388580801408536	-0.7274565285062324	0.924264639432562	0.8557792804631459	-0.6814522817539038	0.8267049806703998	0.9053507071909976
Zhang_2020_Cell.P1212-smartseq-smartseq__tumor_cancer	Zhang_2020_Cell.P1212-smartseq-smartseq	tumor_cancer	Zhang_2020_Cell	6	-0.20444322809063836	-0.6328411299316223	0.05412773655595682	0.22455098278424693	-0.5828854818879284	0.1941984230029643	0.42181748542026054
Zhang_2020_Cell.P1228-smartseq-smartseq__tumor_cancer	Zhang_2020_Cell.P1228-smartseq-smartseq	tumor_cancer	Zhang_2020_Cell	3	-0.3378011094882666	-0.7025849854211734	0.4509142464633733	0.5465918667105224	-0.6474360854681818	0.5786360666616691	0.5445792036589133
Zheng_2022_Signal_Transduct_Target_Ther.P0__tumor_epithelial	Zheng_2022_Signal_Transduct_Target_Ther.P0	tumor_epithelial	Zheng_2022_Signal_Transduct_Target_Ther	146	-0.12407972226741616	-0.3398158792610503	-0.07994611770131885	-0.06094092677227172	-0.30391189224175164	0.006698490181109155	-0.12800527225965014
Zheng_2022_Signal_Transduct_Target_Ther.P0__tumor_cancer	Zheng_2022_Signal_Transduct_Target_Ther.P0	tumor_cancer	Zheng_2022_Signal_Transduct_Target_Ther	104	-0.03552122451907493	-0.38975003905086497	-0.14856927412570814	-0.05483937766985586	-0.30465994603692853	-0.022165447575599042	-0.2384630658112261
Zheng_2022_Signal_Transduct_Target_Ther.P1__polyp_cancer	Zheng_2022_Signal_Transduct_Target_Ther.P1	polyp_cancer	Zheng_2022_Signal_Transduct_Target_Ther	1323	0.1369416607969396	-0.2162750760206898	-0.25018637991123194	-0.2867776301194764	-0.1829920867695855	-0.41615565237975255	-0.46989259013581247
Zheng_2022_Signal_Transduct_Target_Ther.P1__polyp_epithelial	Zheng_2022_Signal_Transduct_Target_Ther.P1	polyp_epithelial	Zheng_2022_Signal_Transduct_Target_Ther	117	0.04959713897207786	-0.24467486136949795	-0.14128721850063383	-0.10434767753284067	-0.2014193339966319	-0.11431844696288473	-0.25024375327184106
Zheng_2022_Signal_Transduct_Target_Ther.P1__tumor_epithelial	Zheng_2022_Signal_Transduct_Target_Ther.P1	tumor_epithelial	Zheng_2022_Signal_Transduct_Target_Ther	141	0.12527691384243456	-0.07372098813524801	-0.40354161321744275	-0.6149455236400302	-0.1522056745106272	-0.5464040905615016	-0.5438696760222383
Zheng_2022_Signal_Transduct_Target_Ther.P1__tumor_cancer	Zheng_2022_Signal_Transduct_Target_Ther.P1	tumor_cancer	Zheng_2022_Signal_Transduct_Target_Ther	125	0.18605929923618614	-0.2043867307678483	-0.45688210102532767	-0.5215126010663769	-0.1969035854667042	-0.5315074505002789	-0.5866587688091278
Zheng_2022_Signal_Transduct_Target_Ther.P1__normal_epithelial	Zheng_2022_Signal_Transduct_Target_Ther.P1	normal_epithelial	Zheng_2022_Signal_Transduct_Target_Ther	47	-0.05716001086162684	-0.2948149437882011	-0.07408086181108428	0.0057965150294123175	-0.18765015526609216	0.22764127816778806	-0.10813621995428616
Zheng_2022_Signal_Transduct_Target_Ther.P2__polyp_cancer	Zheng_2022_Signal_Transduct_Target_Ther.P2	polyp_cancer	Zheng_2022_Signal_Transduct_Target_Ther	942	0.07408633833717983	-0.3029755837925325	-0.2163356559725249	-0.22584813008788693	-0.2781108682619897	-0.32447556501357977	-0.3506887819128514
Zheng_2022_Signal_Transduct_Target_Ther.P2__polyp_epithelial	Zheng_2022_Signal_Transduct_Target_Ther.P2	polyp_epithelial	Zheng_2022_Signal_Transduct_Target_Ther	171	0.037784941263579196	-0.306649503720163	-0.13692577273279977	-0.1337399392264229	-0.2749211766780339	-0.2520955504339999	-0.23598473573015957
Zheng_2022_Signal_Transduct_Target_Ther.P2__tumor_cancer	Zheng_2022_Signal_Transduct_Target_Ther.P2	tumor_cancer	Zheng_2022_Signal_Transduct_Target_Ther	217	0.006879997899555418	-0.28433328417372056	-0.11809795796988727	-0.10758432812243646	-0.25383780564365793	-0.1978052409253788	-0.18657365374393672
Zheng_2022_Signal_Transduct_Target_Ther.P2__tumor_epithelial	Zheng_2022_Signal_Transduct_Target_Ther.P2	tumor_epithelial	Zheng_2022_Signal_Transduct_Target_Ther	39	-0.2780411737104003	-0.3339217440046454	0.37773564001091803	0.27499683648171414	-0.2904386919274782	0.2865651959540968	0.36688795399210483
Zheng_2022_Signal_Transduct_Target_Ther.P2__normal_epithelial	Zheng_2022_Signal_Transduct_Target_Ther.P2	normal_epithelial	Zheng_2022_Signal_Transduct_Target_Ther	152	-0.06561431039452424	-0.3454870936711744	-0.04800754735107538	0.020010401398857895	-0.2824218533715967	0.11071900384426468	-0.10381014775871894
Zheng_2022_Signal_Transduct_Target_Ther.P3__polyp_cancer	Zheng_2022_Signal_Transduct_Target_Ther.P3	polyp_cancer	Zheng_2022_Signal_Transduct_Target_Ther	376	0.09814233835975972	-0.2928239472500772	-0.2214108870009623	-0.3375930465012363	-0.2654888383843321	-0.6014820481296839	-0.539802508586499
Zheng_2022_Signal_Transduct_Target_Ther.P3__polyp_epithelial	Zheng_2022_Signal_Transduct_Target_Ther.P3	polyp_epithelial	Zheng_2022_Signal_Transduct_Target_Ther	57	0.01364772525263354	-0.2698973334928438	-0.018229303471155655	-0.13644923237439174	-0.24258049028946568	-0.36028658889755716	-0.2945835104403701
Zheng_2022_Signal_Transduct_Target_Ther.P3__tumor_cancer	Zheng_2022_Signal_Transduct_Target_Ther.P3	tumor_cancer	Zheng_2022_Signal_Transduct_Target_Ther	14	-0.07078516048077364	-0.36951248895217365	-0.12384896988338388	-0.2650474913385359	-0.40330758016938845	-0.545745351662538	-0.4585695041392995
Zheng_2022_Signal_Transduct_Target_Ther.P3__normal_epithelial	Zheng_2022_Signal_Transduct_Target_Ther.P3	normal_epithelial	Zheng_2022_Signal_Transduct_Target_Ther	6	-0.10925264613779304	-0.3701213059857852	0.0369249705639894	0.08924043824452065	-0.22600720246596895	0.3879590075621382	-0.052262531584640816
deVries_2023_Nature.HTO7__tumor_epithelial	deVries_2023_Nature.HTO7	tumor_epithelial	deVries_2023_Nature	1	-0.11433253770163607	0.08771587872662444	0.3529254371725536	0.27463911166167737	0.17925351371067952	0.12775506533730624	0.6248027426832541
