gene	platform	feature_present	eligibility_information
LGALS3	GSE8671	True	feature availability only; labels not accessed
SRI	GSE8671	True	feature availability only; labels not accessed
RNF43	GSE8671	True	feature availability only; labels not accessed
IL27RA	GSE8671	False	feature availability only; labels not accessed
SOX4	GSE8671	True	feature availability only; labels not accessed
ASCL2	GSE8671	True	feature availability only; labels not accessed
CHP2	GSE8671	True	feature availability only; labels not accessed
SLC6A6	GSE8671	True	feature availability only; labels not accessed
ATP5MC3	GSE8671	False	feature availability only; labels not accessed
LHFPL7	GSE8671	False	feature availability only; labels not accessed
C15orf48	GSE8671	True	feature availability only; labels not accessed
TMEM171	GSE8671	False	feature availability only; labels not accessed
CYP4X1	GSE8671	True	feature availability only; labels not accessed
CNTN4-AS1	GSE8671	False	feature availability only; labels not accessed
FABP1	GSE8671	True	feature availability only; labels not accessed
LGALS4	GSE8671	True	feature availability only; labels not accessed
CEMIP	GSE8671	True	feature availability only; labels not accessed
ZNRF3	GSE8671	True	feature availability only; labels not accessed
AXIN2	GSE8671	True	feature availability only; labels not accessed
CYCS	GSE8671	True	feature availability only; labels not accessed
DPEP1	GSE8671	True	feature availability only; labels not accessed
SDC3	GSE8671	True	feature availability only; labels not accessed
DHRS11	GSE8671	True	feature availability only; labels not accessed
CA2	GSE8671	True	feature availability only; labels not accessed
EPHB3	GSE8671	True	feature availability only; labels not accessed
COX5A	GSE8671	True	feature availability only; labels not accessed
LGR5	GSE8671	True	feature availability only; labels not accessed
CD9	GSE8671	True	feature availability only; labels not accessed
NDUFA1	GSE8671	True	feature availability only; labels not accessed
MPC2	GSE8671	False	feature availability only; labels not accessed
TSPAN7	GSE8671	False	feature availability only; labels not accessed
LTBP1	GSE8671	True	feature availability only; labels not accessed
MOCS1	GSE8671	False	feature availability only; labels not accessed
AKR1B1	GSE8671	False	feature availability only; labels not accessed
BSG	GSE8671	True	feature availability only; labels not accessed
ARF3	GSE8671	False	feature availability only; labels not accessed
CALM1	GSE8671	True	feature availability only; labels not accessed
LRRC36	GSE8671	True	feature availability only; labels not accessed
ZNF503	GSE8671	True	feature availability only; labels not accessed
CTTNBP2	GSE8671	False	feature availability only; labels not accessed
STBD1	GSE8671	False	feature availability only; labels not accessed
SLC25A5	GSE8671	True	feature availability only; labels not accessed
NDRG1	GSE8671	True	feature availability only; labels not accessed
ZNF703	GSE8671	True	feature availability only; labels not accessed
SQOR	GSE8671	False	feature availability only; labels not accessed
HSPA1A	GSE8671	True	feature availability only; labels not accessed
TMEM158	GSE8671	False	feature availability only; labels not accessed
APLP2	GSE8671	False	feature availability only; labels not accessed
NDUFAB1	GSE8671	False	feature availability only; labels not accessed
IMPA2	GSE8671	False	feature availability only; labels not accessed
UQCRFS1	GSE8671	False	feature availability only; labels not accessed
GLRX2	GSE8671	False	feature availability only; labels not accessed
MSX2	GSE8671	True	feature availability only; labels not accessed
TUSC1	GSE8671	False	feature availability only; labels not accessed
LRRC19	GSE8671	True	feature availability only; labels not accessed
CCL14	GSE8671	False	feature availability only; labels not accessed
ENC1	GSE8671	True	feature availability only; labels not accessed
SLC17A1	GSE8671	False	feature availability only; labels not accessed
KIF3C	GSE8671	False	feature availability only; labels not accessed
DRD2	GSE8671	False	feature availability only; labels not accessed
ITGA9	GSE8671	False	feature availability only; labels not accessed
ETHE1	GSE8671	True	feature availability only; labels not accessed
GDF15	GSE8671	True	feature availability only; labels not accessed
ATP5MG	GSE8671	False	feature availability only; labels not accessed
SLC7A5	GSE8671	True	feature availability only; labels not accessed
FAM162A	GSE8671	False	feature availability only; labels not accessed
RBKS	GSE8671	False	feature availability only; labels not accessed
TBX3	GSE8671	True	feature availability only; labels not accessed
GHITM	GSE8671	False	feature availability only; labels not accessed
SEMA3F	GSE8671	True	feature availability only; labels not accessed
LZTS3	GSE8671	True	feature availability only; labels not accessed
PKIB	GSE8671	True	feature availability only; labels not accessed
PDLIM1	GSE8671	False	feature availability only; labels not accessed
SLC22A5	GSE8671	False	feature availability only; labels not accessed
SLC20A1	GSE8671	False	feature availability only; labels not accessed
CPNE7	GSE8671	True	feature availability only; labels not accessed
PCK1	GSE8671	True	feature availability only; labels not accessed
CAMK2N1	GSE8671	True	feature availability only; labels not accessed
L1TD1	GSE8671	True	feature availability only; labels not accessed
CHP1	GSE8671	True	feature availability only; labels not accessed
TRIP6	GSE8671	True	feature availability only; labels not accessed
ATP5PD	GSE8671	False	feature availability only; labels not accessed
AK2	GSE8671	False	feature availability only; labels not accessed
DBNDD2	GSE8671	False	feature availability only; labels not accessed
CBX6	GSE8671	False	feature availability only; labels not accessed
ANKRD13B	GSE8671	False	feature availability only; labels not accessed
KRT10-AS1	GSE8671	False	feature availability only; labels not accessed
ARL14	GSE8671	False	feature availability only; labels not accessed
COX6C	GSE8671	True	feature availability only; labels not accessed
MYL12A	GSE8671	True	feature availability only; labels not accessed
CLCA4	GSE8671	False	feature availability only; labels not accessed
SDHD	GSE8671	False	feature availability only; labels not accessed
DAB2	GSE8671	True	feature availability only; labels not accessed
HADH	GSE8671	False	feature availability only; labels not accessed
MYORG	GSE8671	False	feature availability only; labels not accessed
UBE2A	GSE8671	False	feature availability only; labels not accessed
DPP10-AS1	GSE8671	False	feature availability only; labels not accessed
FGFRL1	GSE8671	False	feature availability only; labels not accessed
ISL2	GSE8671	False	feature availability only; labels not accessed
TST	GSE8671	True	feature availability only; labels not accessed
CYFIP2	GSE8671	False	feature availability only; labels not accessed
SPIB	GSE8671	False	feature availability only; labels not accessed
PXMP2	GSE8671	False	feature availability only; labels not accessed
SIPA1	GSE8671	False	feature availability only; labels not accessed
NKD1	GSE8671	True	feature availability only; labels not accessed
TPT1	GSE8671	True	feature availability only; labels not accessed
FABP5	GSE8671	False	feature availability only; labels not accessed
PHGR1	GSE8671	True	feature availability only; labels not accessed
FCGRT	GSE8671	True	feature availability only; labels not accessed
PDZD11	GSE8671	False	feature availability only; labels not accessed
SNX7-DT	GSE8671	False	feature availability only; labels not accessed
MPC1	GSE8671	False	feature availability only; labels not accessed
DYNLL1	GSE8671	False	feature availability only; labels not accessed
NDUFA6	GSE8671	False	feature availability only; labels not accessed
GRIN2B	GSE8671	True	feature availability only; labels not accessed
CHASERR	GSE8671	False	feature availability only; labels not accessed
LINC01411	GSE8671	False	feature availability only; labels not accessed
MYL6	GSE8671	True	feature availability only; labels not accessed
LGALS9B	GSE8671	False	feature availability only; labels not accessed
FOXD2	GSE8671	False	feature availability only; labels not accessed
MAD2L1BP	GSE8671	False	feature availability only; labels not accessed
COL9A3	GSE8671	False	feature availability only; labels not accessed
HSBP1	GSE8671	False	feature availability only; labels not accessed
MEX3A	GSE8671	False	feature availability only; labels not accessed
SLC23A1	GSE8671	False	feature availability only; labels not accessed
LINC01315	GSE8671	False	feature availability only; labels not accessed
LINC02563	GSE8671	False	feature availability only; labels not accessed
NOL4L	GSE8671	False	feature availability only; labels not accessed
LRRC2	GSE8671	False	feature availability only; labels not accessed
PATZ1	GSE8671	False	feature availability only; labels not accessed
SLC9A3-OT1	GSE8671	False	feature availability only; labels not accessed
ATP5F1B	GSE8671	False	feature availability only; labels not accessed
WDR1	GSE8671	False	feature availability only; labels not accessed
MRPL34	GSE8671	False	feature availability only; labels not accessed
EPCAM	GSE8671	True	feature availability only; labels not accessed
UGDH	GSE8671	False	feature availability only; labels not accessed
CITED2	GSE8671	False	feature availability only; labels not accessed
LINC02441	GSE8671	False	feature availability only; labels not accessed
COX6A1	GSE8671	True	feature availability only; labels not accessed
NDUFC1	GSE8671	False	feature availability only; labels not accessed
FH	GSE8671	False	feature availability only; labels not accessed
SF3B6	GSE8671	False	feature availability only; labels not accessed
ZNF579	GSE8671	False	feature availability only; labels not accessed
SPOCD1	GSE8671	False	feature availability only; labels not accessed
GNA11	GSE8671	False	feature availability only; labels not accessed
COX7C	GSE8671	False	feature availability only; labels not accessed
DBI	GSE8671	False	feature availability only; labels not accessed
ISCA2	GSE8671	False	feature availability only; labels not accessed
TTC39C	GSE8671	False	feature availability only; labels not accessed
BMP3	GSE8671	False	feature availability only; labels not accessed
PROX1	GSE8671	False	feature availability only; labels not accessed
NDUFB6	GSE8671	False	feature availability only; labels not accessed
KLF4	GSE8671	False	feature availability only; labels not accessed
CDKN2B	GSE8671	False	feature availability only; labels not accessed
LCN15	GSE8671	False	feature availability only; labels not accessed
CDKN2C	GSE8671	False	feature availability only; labels not accessed
HINT1	GSE8671	False	feature availability only; labels not accessed
KLF10	GSE8671	False	feature availability only; labels not accessed
UGT2A3	GSE8671	True	feature availability only; labels not accessed
DGUOK	GSE8671	False	feature availability only; labels not accessed
ARF6	GSE8671	False	feature availability only; labels not accessed
ABRACL	GSE8671	False	feature availability only; labels not accessed
PRDX6	GSE8671	True	feature availability only; labels not accessed
SPMIP2	GSE8671	False	feature availability only; labels not accessed
CA7	GSE8671	False	feature availability only; labels not accessed
SLC25A51	GSE8671	False	feature availability only; labels not accessed
TP53INP2	GSE8671	False	feature availability only; labels not accessed
HUNK	GSE8671	False	feature availability only; labels not accessed
COL4A5	GSE8671	False	feature availability only; labels not accessed
BEX4	GSE8671	False	feature availability only; labels not accessed
NXPE4	GSE8671	False	feature availability only; labels not accessed
PLEKHG4	GSE8671	False	feature availability only; labels not accessed
KCNG1	GSE8671	False	feature availability only; labels not accessed
FKBP1A	GSE8671	False	feature availability only; labels not accessed
MGAT4B	GSE8671	False	feature availability only; labels not accessed
SPINT2	GSE8671	False	feature availability only; labels not accessed
DEFB1	GSE8671	False	feature availability only; labels not accessed
DNAI3	GSE8671	False	feature availability only; labels not accessed
LRRC32	GSE8671	False	feature availability only; labels not accessed
LINC00507	GSE8671	False	feature availability only; labels not accessed
LNC-LBCS	GSE8671	False	feature availability only; labels not accessed
WSCD1	GSE8671	False	feature availability only; labels not accessed
TRIM22	GSE8671	False	feature availability only; labels not accessed
PCK2	GSE8671	False	feature availability only; labels not accessed
CIB2	GSE8671	False	feature availability only; labels not accessed
PTP4A3	GSE8671	False	feature availability only; labels not accessed
MIER3	GSE8671	False	feature availability only; labels not accessed
SLC22A11	GSE8671	False	feature availability only; labels not accessed
SLC40A1	GSE8671	True	feature availability only; labels not accessed
LEF1	GSE8671	False	feature availability only; labels not accessed
GSTM4	GSE8671	False	feature availability only; labels not accessed
GTF2A2	GSE8671	False	feature availability only; labels not accessed
MAP2K5-DT	GSE8671	False	feature availability only; labels not accessed
NDUFB9	GSE8671	False	feature availability only; labels not accessed
FZD5	GSE8671	False	feature availability only; labels not accessed
GON7	GSE8671	False	feature availability only; labels not accessed
ATP5PO	GSE8671	False	feature availability only; labels not accessed
PPIC	GSE8671	False	feature availability only; labels not accessed
DHRS2	GSE8671	False	feature availability only; labels not accessed
ACAA2	GSE8671	True	feature availability only; labels not accessed
ACOX1	GSE8671	False	feature availability only; labels not accessed
OLFM4	GSE8671	True	feature availability only; labels not accessed
PGGHG	GSE8671	False	feature availability only; labels not accessed
TMEM183A	GSE8671	False	feature availability only; labels not accessed
SPINK2	GSE8671	False	feature availability only; labels not accessed
SLC2A5	GSE8671	False	feature availability only; labels not accessed
URAD	GSE8671	False	feature availability only; labels not accessed
CALM2	GSE8671	True	feature availability only; labels not accessed
AQP8	GSE8671	True	feature availability only; labels not accessed
GNG5	GSE8671	False	feature availability only; labels not accessed
RETSAT	GSE8671	False	feature availability only; labels not accessed
NOB1	GSE8671	False	feature availability only; labels not accessed
KAT2A	GSE8671	False	feature availability only; labels not accessed
COL4A2	GSE8671	False	feature availability only; labels not accessed
AATBC	GSE8671	False	feature availability only; labels not accessed
MDS2	GSE8671	False	feature availability only; labels not accessed
B4GALT1-AS1	GSE8671	False	feature availability only; labels not accessed
LINC02100	GSE8671	False	feature availability only; labels not accessed
LRRC8D-DT	GSE8671	False	feature availability only; labels not accessed
RCAN2	GSE8671	False	feature availability only; labels not accessed
B2M	GSE8671	True	feature availability only; labels not accessed
EDA	GSE8671	False	feature availability only; labels not accessed
C16orf74	GSE8671	False	feature availability only; labels not accessed
APCDD1	GSE8671	True	feature availability only; labels not accessed
SMDT1	GSE8671	False	feature availability only; labels not accessed
ITM2C	GSE8671	True	feature availability only; labels not accessed
CDC42	GSE8671	False	feature availability only; labels not accessed
ABCG2	GSE8671	False	feature availability only; labels not accessed
EIF1B	GSE8671	False	feature availability only; labels not accessed
MT3	GSE8671	False	feature availability only; labels not accessed
POFUT1	GSE8671	False	feature availability only; labels not accessed
NDUFS2	GSE8671	False	feature availability only; labels not accessed
CPT1A	GSE8671	False	feature availability only; labels not accessed
VENTX	GSE8671	False	feature availability only; labels not accessed
LINC00524	GSE8671	False	feature availability only; labels not accessed
SLC51B	GSE8671	False	feature availability only; labels not accessed
CBS	GSE8671	False	feature availability only; labels not accessed
LINC01996	GSE8671	False	feature availability only; labels not accessed
COX8A	GSE8671	False	feature availability only; labels not accessed
NEURL1B	GSE8671	False	feature availability only; labels not accessed
BPGM	GSE8671	False	feature availability only; labels not accessed
RAB6B	GSE8671	False	feature availability only; labels not accessed
GFI1B	GSE8671	False	feature availability only; labels not accessed
MRPS6	GSE8671	False	feature availability only; labels not accessed
CRTAP	GSE8671	False	feature availability only; labels not accessed
ALDH18A1	GSE8671	False	feature availability only; labels not accessed
RNF5	GSE8671	False	feature availability only; labels not accessed
SLC19A3	GSE8671	False	feature availability only; labels not accessed
ITM2B	GSE8671	False	feature availability only; labels not accessed
ABCA4	GSE8671	False	feature availability only; labels not accessed
PPIF	GSE8671	False	feature availability only; labels not accessed
CLDN2	GSE8671	True	feature availability only; labels not accessed
F2RL1	GSE8671	False	feature availability only; labels not accessed
ODAM	GSE8671	False	feature availability only; labels not accessed
SOCS2	GSE8671	False	feature availability only; labels not accessed
SSTR1	GSE8671	False	feature availability only; labels not accessed
VDAC2	GSE8671	False	feature availability only; labels not accessed
EMP1	GSE8671	False	feature availability only; labels not accessed
MYZAP	GSE8671	False	feature availability only; labels not accessed
IGFL4	GSE8671	False	feature availability only; labels not accessed
CMAS	GSE8671	False	feature availability only; labels not accessed
HS3ST4	GSE8671	False	feature availability only; labels not accessed
SSTR2	GSE8671	False	feature availability only; labels not accessed
LINC02026	GSE8671	False	feature availability only; labels not accessed
NEURL3	GSE8671	False	feature availability only; labels not accessed
CNR1	GSE8671	False	feature availability only; labels not accessed
PHYH	GSE8671	False	feature availability only; labels not accessed
ZNF671	GSE8671	False	feature availability only; labels not accessed
CIAO2A	GSE8671	False	feature availability only; labels not accessed
CNPPD1	GSE8671	False	feature availability only; labels not accessed
NDUFB1	GSE8671	False	feature availability only; labels not accessed
MIR513A1	GSE8671	False	feature availability only; labels not accessed
TMEM74B	GSE8671	False	feature availability only; labels not accessed
USP2	GSE8671	False	feature availability only; labels not accessed
TMEM177	GSE8671	False	feature availability only; labels not accessed
C1orf115	GSE8671	False	feature availability only; labels not accessed
NDUFB5	GSE8671	False	feature availability only; labels not accessed
RUBCNL	GSE8671	False	feature availability only; labels not accessed
FHL1	GSE8671	False	feature availability only; labels not accessed
PXDC1	GSE8671	False	feature availability only; labels not accessed
ARMC3	GSE8671	False	feature availability only; labels not accessed
TARBP2	GSE8671	False	feature availability only; labels not accessed
SHISA9	GSE8671	True	feature availability only; labels not accessed
CEACAM1	GSE8671	False	feature availability only; labels not accessed
LINC01029	GSE8671	False	feature availability only; labels not accessed
UBQLN2	GSE8671	False	feature availability only; labels not accessed
LAMTOR3	GSE8671	False	feature availability only; labels not accessed
LGALS3	GSE50114	True	feature availability only; labels not accessed
SRI	GSE50114	True	feature availability only; labels not accessed
RNF43	GSE50114	True	feature availability only; labels not accessed
IL27RA	GSE50114	True	feature availability only; labels not accessed
SOX4	GSE50114	True	feature availability only; labels not accessed
ASCL2	GSE50114	True	feature availability only; labels not accessed
CHP2	GSE50114	True	feature availability only; labels not accessed
SLC6A6	GSE50114	True	feature availability only; labels not accessed
ATP5MC3	GSE50114	False	feature availability only; labels not accessed
LHFPL7	GSE50114	False	feature availability only; labels not accessed
C15orf48	GSE50114	True	feature availability only; labels not accessed
TMEM171	GSE50114	True	feature availability only; labels not accessed
CYP4X1	GSE50114	True	feature availability only; labels not accessed
CNTN4-AS1	GSE50114	False	feature availability only; labels not accessed
FABP1	GSE50114	True	feature availability only; labels not accessed
LGALS4	GSE50114	True	feature availability only; labels not accessed
CEMIP	GSE50114	True	feature availability only; labels not accessed
ZNRF3	GSE50114	True	feature availability only; labels not accessed
AXIN2	GSE50114	True	feature availability only; labels not accessed
CYCS	GSE50114	True	feature availability only; labels not accessed
DPEP1	GSE50114	True	feature availability only; labels not accessed
SDC3	GSE50114	True	feature availability only; labels not accessed
DHRS11	GSE50114	True	feature availability only; labels not accessed
CA2	GSE50114	True	feature availability only; labels not accessed
EPHB3	GSE50114	True	feature availability only; labels not accessed
COX5A	GSE50114	True	feature availability only; labels not accessed
LGR5	GSE50114	True	feature availability only; labels not accessed
CD9	GSE50114	True	feature availability only; labels not accessed
NDUFA1	GSE50114	True	feature availability only; labels not accessed
MPC2	GSE50114	True	feature availability only; labels not accessed
TSPAN7	GSE50114	True	feature availability only; labels not accessed
LTBP1	GSE50114	True	feature availability only; labels not accessed
MOCS1	GSE50114	True	feature availability only; labels not accessed
AKR1B1	GSE50114	True	feature availability only; labels not accessed
BSG	GSE50114	True	feature availability only; labels not accessed
ARF3	GSE50114	True	feature availability only; labels not accessed
CALM1	GSE50114	True	feature availability only; labels not accessed
LRRC36	GSE50114	True	feature availability only; labels not accessed
ZNF503	GSE50114	True	feature availability only; labels not accessed
CTTNBP2	GSE50114	True	feature availability only; labels not accessed
STBD1	GSE50114	True	feature availability only; labels not accessed
SLC25A5	GSE50114	True	feature availability only; labels not accessed
NDRG1	GSE50114	True	feature availability only; labels not accessed
ZNF703	GSE50114	True	feature availability only; labels not accessed
SQOR	GSE50114	False	feature availability only; labels not accessed
HSPA1A	GSE50114	True	feature availability only; labels not accessed
TMEM158	GSE50114	True	feature availability only; labels not accessed
APLP2	GSE50114	True	feature availability only; labels not accessed
NDUFAB1	GSE50114	True	feature availability only; labels not accessed
IMPA2	GSE50114	True	feature availability only; labels not accessed
UQCRFS1	GSE50114	True	feature availability only; labels not accessed
GLRX2	GSE50114	True	feature availability only; labels not accessed
MSX2	GSE50114	True	feature availability only; labels not accessed
TUSC1	GSE50114	True	feature availability only; labels not accessed
LRRC19	GSE50114	True	feature availability only; labels not accessed
CCL14	GSE50114	True	feature availability only; labels not accessed
ENC1	GSE50114	True	feature availability only; labels not accessed
SLC17A1	GSE50114	True	feature availability only; labels not accessed
KIF3C	GSE50114	True	feature availability only; labels not accessed
DRD2	GSE50114	True	feature availability only; labels not accessed
ITGA9	GSE50114	True	feature availability only; labels not accessed
ETHE1	GSE50114	True	feature availability only; labels not accessed
GDF15	GSE50114	True	feature availability only; labels not accessed
ATP5MG	GSE50114	False	feature availability only; labels not accessed
SLC7A5	GSE50114	True	feature availability only; labels not accessed
FAM162A	GSE50114	True	feature availability only; labels not accessed
RBKS	GSE50114	True	feature availability only; labels not accessed
TBX3	GSE50114	True	feature availability only; labels not accessed
GHITM	GSE50114	True	feature availability only; labels not accessed
SEMA3F	GSE50114	True	feature availability only; labels not accessed
LZTS3	GSE50114	False	feature availability only; labels not accessed
PKIB	GSE50114	True	feature availability only; labels not accessed
PDLIM1	GSE50114	True	feature availability only; labels not accessed
SLC22A5	GSE50114	True	feature availability only; labels not accessed
SLC20A1	GSE50114	True	feature availability only; labels not accessed
CPNE7	GSE50114	True	feature availability only; labels not accessed
PCK1	GSE50114	True	feature availability only; labels not accessed
CAMK2N1	GSE50114	True	feature availability only; labels not accessed
L1TD1	GSE50114	True	feature availability only; labels not accessed
CHP1	GSE50114	True	feature availability only; labels not accessed
TRIP6	GSE50114	True	feature availability only; labels not accessed
ATP5PD	GSE50114	False	feature availability only; labels not accessed
AK2	GSE50114	True	feature availability only; labels not accessed
DBNDD2	GSE50114	True	feature availability only; labels not accessed
CBX6	GSE50114	True	feature availability only; labels not accessed
ANKRD13B	GSE50114	True	feature availability only; labels not accessed
KRT10-AS1	GSE50114	False	feature availability only; labels not accessed
ARL14	GSE50114	True	feature availability only; labels not accessed
COX6C	GSE50114	True	feature availability only; labels not accessed
MYL12A	GSE50114	True	feature availability only; labels not accessed
CLCA4	GSE50114	True	feature availability only; labels not accessed
SDHD	GSE50114	True	feature availability only; labels not accessed
DAB2	GSE50114	True	feature availability only; labels not accessed
HADH	GSE50114	True	feature availability only; labels not accessed
MYORG	GSE50114	False	feature availability only; labels not accessed
UBE2A	GSE50114	True	feature availability only; labels not accessed
DPP10-AS1	GSE50114	True	feature availability only; labels not accessed
FGFRL1	GSE50114	True	feature availability only; labels not accessed
ISL2	GSE50114	True	feature availability only; labels not accessed
TST	GSE50114	True	feature availability only; labels not accessed
CYFIP2	GSE50114	False	feature availability only; labels not accessed
SPIB	GSE50114	True	feature availability only; labels not accessed
PXMP2	GSE50114	True	feature availability only; labels not accessed
SIPA1	GSE50114	True	feature availability only; labels not accessed
NKD1	GSE50114	True	feature availability only; labels not accessed
TPT1	GSE50114	True	feature availability only; labels not accessed
FABP5	GSE50114	True	feature availability only; labels not accessed
PHGR1	GSE50114	False	feature availability only; labels not accessed
FCGRT	GSE50114	True	feature availability only; labels not accessed
PDZD11	GSE50114	True	feature availability only; labels not accessed
SNX7-DT	GSE50114	False	feature availability only; labels not accessed
MPC1	GSE50114	True	feature availability only; labels not accessed
DYNLL1	GSE50114	True	feature availability only; labels not accessed
NDUFA6	GSE50114	True	feature availability only; labels not accessed
GRIN2B	GSE50114	True	feature availability only; labels not accessed
CHASERR	GSE50114	False	feature availability only; labels not accessed
LINC01411	GSE50114	False	feature availability only; labels not accessed
MYL6	GSE50114	True	feature availability only; labels not accessed
LGALS9B	GSE50114	False	feature availability only; labels not accessed
FOXD2	GSE50114	True	feature availability only; labels not accessed
MAD2L1BP	GSE50114	True	feature availability only; labels not accessed
COL9A3	GSE50114	True	feature availability only; labels not accessed
HSBP1	GSE50114	True	feature availability only; labels not accessed
MEX3A	GSE50114	True	feature availability only; labels not accessed
SLC23A1	GSE50114	True	feature availability only; labels not accessed
LINC01315	GSE50114	False	feature availability only; labels not accessed
LINC02563	GSE50114	False	feature availability only; labels not accessed
NOL4L	GSE50114	True	feature availability only; labels not accessed
LRRC2	GSE50114	True	feature availability only; labels not accessed
PATZ1	GSE50114	True	feature availability only; labels not accessed
SLC9A3-OT1	GSE50114	False	feature availability only; labels not accessed
ATP5F1B	GSE50114	False	feature availability only; labels not accessed
WDR1	GSE50114	True	feature availability only; labels not accessed
MRPL34	GSE50114	True	feature availability only; labels not accessed
EPCAM	GSE50114	True	feature availability only; labels not accessed
UGDH	GSE50114	True	feature availability only; labels not accessed
CITED2	GSE50114	True	feature availability only; labels not accessed
LINC02441	GSE50114	False	feature availability only; labels not accessed
COX6A1	GSE50114	True	feature availability only; labels not accessed
NDUFC1	GSE50114	True	feature availability only; labels not accessed
FH	GSE50114	True	feature availability only; labels not accessed
SF3B6	GSE50114	True	feature availability only; labels not accessed
ZNF579	GSE50114	True	feature availability only; labels not accessed
SPOCD1	GSE50114	True	feature availability only; labels not accessed
GNA11	GSE50114	True	feature availability only; labels not accessed
COX7C	GSE50114	True	feature availability only; labels not accessed
DBI	GSE50114	True	feature availability only; labels not accessed
ISCA2	GSE50114	True	feature availability only; labels not accessed
TTC39C	GSE50114	True	feature availability only; labels not accessed
BMP3	GSE50114	True	feature availability only; labels not accessed
PROX1	GSE50114	True	feature availability only; labels not accessed
NDUFB6	GSE50114	True	feature availability only; labels not accessed
KLF4	GSE50114	True	feature availability only; labels not accessed
CDKN2B	GSE50114	True	feature availability only; labels not accessed
LCN15	GSE50114	True	feature availability only; labels not accessed
CDKN2C	GSE50114	True	feature availability only; labels not accessed
HINT1	GSE50114	True	feature availability only; labels not accessed
KLF10	GSE50114	True	feature availability only; labels not accessed
UGT2A3	GSE50114	True	feature availability only; labels not accessed
DGUOK	GSE50114	True	feature availability only; labels not accessed
ARF6	GSE50114	True	feature availability only; labels not accessed
ABRACL	GSE50114	True	feature availability only; labels not accessed
PRDX6	GSE50114	True	feature availability only; labels not accessed
SPMIP2	GSE50114	False	feature availability only; labels not accessed
CA7	GSE50114	True	feature availability only; labels not accessed
SLC25A51	GSE50114	True	feature availability only; labels not accessed
TP53INP2	GSE50114	True	feature availability only; labels not accessed
HUNK	GSE50114	True	feature availability only; labels not accessed
COL4A5	GSE50114	True	feature availability only; labels not accessed
BEX4	GSE50114	True	feature availability only; labels not accessed
NXPE4	GSE50114	True	feature availability only; labels not accessed
PLEKHG4	GSE50114	False	feature availability only; labels not accessed
KCNG1	GSE50114	True	feature availability only; labels not accessed
FKBP1A	GSE50114	True	feature availability only; labels not accessed
MGAT4B	GSE50114	True	feature availability only; labels not accessed
SPINT2	GSE50114	True	feature availability only; labels not accessed
DEFB1	GSE50114	True	feature availability only; labels not accessed
DNAI3	GSE50114	False	feature availability only; labels not accessed
LRRC32	GSE50114	True	feature availability only; labels not accessed
LINC00507	GSE50114	False	feature availability only; labels not accessed
LNC-LBCS	GSE50114	False	feature availability only; labels not accessed
WSCD1	GSE50114	True	feature availability only; labels not accessed
TRIM22	GSE50114	True	feature availability only; labels not accessed
PCK2	GSE50114	True	feature availability only; labels not accessed
CIB2	GSE50114	True	feature availability only; labels not accessed
PTP4A3	GSE50114	True	feature availability only; labels not accessed
MIER3	GSE50114	True	feature availability only; labels not accessed
SLC22A11	GSE50114	True	feature availability only; labels not accessed
SLC40A1	GSE50114	True	feature availability only; labels not accessed
LEF1	GSE50114	True	feature availability only; labels not accessed
GSTM4	GSE50114	True	feature availability only; labels not accessed
GTF2A2	GSE50114	True	feature availability only; labels not accessed
MAP2K5-DT	GSE50114	False	feature availability only; labels not accessed
NDUFB9	GSE50114	True	feature availability only; labels not accessed
FZD5	GSE50114	True	feature availability only; labels not accessed
GON7	GSE50114	True	feature availability only; labels not accessed
ATP5PO	GSE50114	False	feature availability only; labels not accessed
PPIC	GSE50114	True	feature availability only; labels not accessed
DHRS2	GSE50114	True	feature availability only; labels not accessed
ACAA2	GSE50114	True	feature availability only; labels not accessed
ACOX1	GSE50114	True	feature availability only; labels not accessed
OLFM4	GSE50114	True	feature availability only; labels not accessed
PGGHG	GSE50114	True	feature availability only; labels not accessed
TMEM183A	GSE50114	True	feature availability only; labels not accessed
SPINK2	GSE50114	True	feature availability only; labels not accessed
SLC2A5	GSE50114	True	feature availability only; labels not accessed
URAD	GSE50114	False	feature availability only; labels not accessed
CALM2	GSE50114	True	feature availability only; labels not accessed
AQP8	GSE50114	True	feature availability only; labels not accessed
GNG5	GSE50114	True	feature availability only; labels not accessed
RETSAT	GSE50114	True	feature availability only; labels not accessed
NOB1	GSE50114	True	feature availability only; labels not accessed
KAT2A	GSE50114	True	feature availability only; labels not accessed
COL4A2	GSE50114	True	feature availability only; labels not accessed
AATBC	GSE50114	True	feature availability only; labels not accessed
MDS2	GSE50114	True	feature availability only; labels not accessed
B4GALT1-AS1	GSE50114	True	feature availability only; labels not accessed
LINC02100	GSE50114	False	feature availability only; labels not accessed
LRRC8D-DT	GSE50114	False	feature availability only; labels not accessed
RCAN2	GSE50114	True	feature availability only; labels not accessed
B2M	GSE50114	True	feature availability only; labels not accessed
EDA	GSE50114	True	feature availability only; labels not accessed
C16orf74	GSE50114	True	feature availability only; labels not accessed
APCDD1	GSE50114	True	feature availability only; labels not accessed
SMDT1	GSE50114	True	feature availability only; labels not accessed
ITM2C	GSE50114	True	feature availability only; labels not accessed
CDC42	GSE50114	True	feature availability only; labels not accessed
ABCG2	GSE50114	True	feature availability only; labels not accessed
EIF1B	GSE50114	True	feature availability only; labels not accessed
MT3	GSE50114	True	feature availability only; labels not accessed
POFUT1	GSE50114	True	feature availability only; labels not accessed
NDUFS2	GSE50114	True	feature availability only; labels not accessed
CPT1A	GSE50114	True	feature availability only; labels not accessed
VENTX	GSE50114	True	feature availability only; labels not accessed
LINC00524	GSE50114	False	feature availability only; labels not accessed
SLC51B	GSE50114	True	feature availability only; labels not accessed
CBS	GSE50114	True	feature availability only; labels not accessed
LINC01996	GSE50114	False	feature availability only; labels not accessed
COX8A	GSE50114	True	feature availability only; labels not accessed
NEURL1B	GSE50114	True	feature availability only; labels not accessed
BPGM	GSE50114	True	feature availability only; labels not accessed
RAB6B	GSE50114	True	feature availability only; labels not accessed
GFI1B	GSE50114	True	feature availability only; labels not accessed
MRPS6	GSE50114	True	feature availability only; labels not accessed
CRTAP	GSE50114	True	feature availability only; labels not accessed
ALDH18A1	GSE50114	True	feature availability only; labels not accessed
RNF5	GSE50114	True	feature availability only; labels not accessed
SLC19A3	GSE50114	True	feature availability only; labels not accessed
ITM2B	GSE50114	True	feature availability only; labels not accessed
ABCA4	GSE50114	True	feature availability only; labels not accessed
PPIF	GSE50114	True	feature availability only; labels not accessed
CLDN2	GSE50114	True	feature availability only; labels not accessed
F2RL1	GSE50114	True	feature availability only; labels not accessed
ODAM	GSE50114	True	feature availability only; labels not accessed
SOCS2	GSE50114	True	feature availability only; labels not accessed
SSTR1	GSE50114	True	feature availability only; labels not accessed
VDAC2	GSE50114	True	feature availability only; labels not accessed
EMP1	GSE50114	True	feature availability only; labels not accessed
MYZAP	GSE50114	True	feature availability only; labels not accessed
IGFL4	GSE50114	False	feature availability only; labels not accessed
CMAS	GSE50114	True	feature availability only; labels not accessed
HS3ST4	GSE50114	True	feature availability only; labels not accessed
SSTR2	GSE50114	True	feature availability only; labels not accessed
LINC02026	GSE50114	False	feature availability only; labels not accessed
NEURL3	GSE50114	False	feature availability only; labels not accessed
CNR1	GSE50114	True	feature availability only; labels not accessed
PHYH	GSE50114	True	feature availability only; labels not accessed
ZNF671	GSE50114	True	feature availability only; labels not accessed
CIAO2A	GSE50114	False	feature availability only; labels not accessed
CNPPD1	GSE50114	True	feature availability only; labels not accessed
NDUFB1	GSE50114	True	feature availability only; labels not accessed
MIR513A1	GSE50114	False	feature availability only; labels not accessed
TMEM74B	GSE50114	True	feature availability only; labels not accessed
USP2	GSE50114	True	feature availability only; labels not accessed
TMEM177	GSE50114	True	feature availability only; labels not accessed
C1orf115	GSE50114	True	feature availability only; labels not accessed
NDUFB5	GSE50114	True	feature availability only; labels not accessed
RUBCNL	GSE50114	False	feature availability only; labels not accessed
FHL1	GSE50114	True	feature availability only; labels not accessed
PXDC1	GSE50114	True	feature availability only; labels not accessed
ARMC3	GSE50114	True	feature availability only; labels not accessed
TARBP2	GSE50114	True	feature availability only; labels not accessed
SHISA9	GSE50114	True	feature availability only; labels not accessed
CEACAM1	GSE50114	True	feature availability only; labels not accessed
LINC01029	GSE50114	False	feature availability only; labels not accessed
UBQLN2	GSE50114	True	feature availability only; labels not accessed
LAMTOR3	GSE50114	True	feature availability only; labels not accessed
LGALS3	GSE41657	True	feature availability only; labels not accessed
SRI	GSE41657	True	feature availability only; labels not accessed
RNF43	GSE41657	True	feature availability only; labels not accessed
IL27RA	GSE41657	True	feature availability only; labels not accessed
SOX4	GSE41657	True	feature availability only; labels not accessed
ASCL2	GSE41657	True	feature availability only; labels not accessed
CHP2	GSE41657	True	feature availability only; labels not accessed
SLC6A6	GSE41657	True	feature availability only; labels not accessed
ATP5MC3	GSE41657	False	feature availability only; labels not accessed
LHFPL7	GSE41657	False	feature availability only; labels not accessed
C15orf48	GSE41657	True	feature availability only; labels not accessed
TMEM171	GSE41657	True	feature availability only; labels not accessed
CYP4X1	GSE41657	True	feature availability only; labels not accessed
CNTN4-AS1	GSE41657	False	feature availability only; labels not accessed
FABP1	GSE41657	True	feature availability only; labels not accessed
LGALS4	GSE41657	True	feature availability only; labels not accessed
CEMIP	GSE41657	True	feature availability only; labels not accessed
ZNRF3	GSE41657	True	feature availability only; labels not accessed
AXIN2	GSE41657	True	feature availability only; labels not accessed
CYCS	GSE41657	True	feature availability only; labels not accessed
DPEP1	GSE41657	True	feature availability only; labels not accessed
SDC3	GSE41657	True	feature availability only; labels not accessed
DHRS11	GSE41657	True	feature availability only; labels not accessed
CA2	GSE41657	True	feature availability only; labels not accessed
EPHB3	GSE41657	True	feature availability only; labels not accessed
COX5A	GSE41657	True	feature availability only; labels not accessed
LGR5	GSE41657	True	feature availability only; labels not accessed
CD9	GSE41657	True	feature availability only; labels not accessed
NDUFA1	GSE41657	True	feature availability only; labels not accessed
MPC2	GSE41657	True	feature availability only; labels not accessed
TSPAN7	GSE41657	True	feature availability only; labels not accessed
LTBP1	GSE41657	True	feature availability only; labels not accessed
MOCS1	GSE41657	True	feature availability only; labels not accessed
AKR1B1	GSE41657	True	feature availability only; labels not accessed
BSG	GSE41657	True	feature availability only; labels not accessed
ARF3	GSE41657	True	feature availability only; labels not accessed
CALM1	GSE41657	True	feature availability only; labels not accessed
LRRC36	GSE41657	True	feature availability only; labels not accessed
ZNF503	GSE41657	True	feature availability only; labels not accessed
CTTNBP2	GSE41657	True	feature availability only; labels not accessed
STBD1	GSE41657	True	feature availability only; labels not accessed
SLC25A5	GSE41657	True	feature availability only; labels not accessed
NDRG1	GSE41657	True	feature availability only; labels not accessed
ZNF703	GSE41657	True	feature availability only; labels not accessed
SQOR	GSE41657	False	feature availability only; labels not accessed
HSPA1A	GSE41657	True	feature availability only; labels not accessed
TMEM158	GSE41657	True	feature availability only; labels not accessed
APLP2	GSE41657	True	feature availability only; labels not accessed
NDUFAB1	GSE41657	True	feature availability only; labels not accessed
IMPA2	GSE41657	True	feature availability only; labels not accessed
UQCRFS1	GSE41657	True	feature availability only; labels not accessed
GLRX2	GSE41657	True	feature availability only; labels not accessed
MSX2	GSE41657	True	feature availability only; labels not accessed
TUSC1	GSE41657	True	feature availability only; labels not accessed
LRRC19	GSE41657	True	feature availability only; labels not accessed
CCL14	GSE41657	True	feature availability only; labels not accessed
ENC1	GSE41657	True	feature availability only; labels not accessed
SLC17A1	GSE41657	True	feature availability only; labels not accessed
KIF3C	GSE41657	True	feature availability only; labels not accessed
DRD2	GSE41657	True	feature availability only; labels not accessed
ITGA9	GSE41657	True	feature availability only; labels not accessed
ETHE1	GSE41657	True	feature availability only; labels not accessed
GDF15	GSE41657	True	feature availability only; labels not accessed
ATP5MG	GSE41657	False	feature availability only; labels not accessed
SLC7A5	GSE41657	True	feature availability only; labels not accessed
FAM162A	GSE41657	True	feature availability only; labels not accessed
RBKS	GSE41657	True	feature availability only; labels not accessed
TBX3	GSE41657	True	feature availability only; labels not accessed
GHITM	GSE41657	True	feature availability only; labels not accessed
SEMA3F	GSE41657	True	feature availability only; labels not accessed
LZTS3	GSE41657	False	feature availability only; labels not accessed
PKIB	GSE41657	True	feature availability only; labels not accessed
PDLIM1	GSE41657	True	feature availability only; labels not accessed
SLC22A5	GSE41657	True	feature availability only; labels not accessed
SLC20A1	GSE41657	True	feature availability only; labels not accessed
CPNE7	GSE41657	True	feature availability only; labels not accessed
PCK1	GSE41657	True	feature availability only; labels not accessed
CAMK2N1	GSE41657	True	feature availability only; labels not accessed
L1TD1	GSE41657	True	feature availability only; labels not accessed
CHP1	GSE41657	True	feature availability only; labels not accessed
TRIP6	GSE41657	True	feature availability only; labels not accessed
ATP5PD	GSE41657	False	feature availability only; labels not accessed
AK2	GSE41657	True	feature availability only; labels not accessed
DBNDD2	GSE41657	True	feature availability only; labels not accessed
CBX6	GSE41657	True	feature availability only; labels not accessed
ANKRD13B	GSE41657	True	feature availability only; labels not accessed
KRT10-AS1	GSE41657	False	feature availability only; labels not accessed
ARL14	GSE41657	True	feature availability only; labels not accessed
COX6C	GSE41657	True	feature availability only; labels not accessed
MYL12A	GSE41657	True	feature availability only; labels not accessed
CLCA4	GSE41657	True	feature availability only; labels not accessed
SDHD	GSE41657	True	feature availability only; labels not accessed
DAB2	GSE41657	True	feature availability only; labels not accessed
HADH	GSE41657	True	feature availability only; labels not accessed
MYORG	GSE41657	False	feature availability only; labels not accessed
UBE2A	GSE41657	True	feature availability only; labels not accessed
DPP10-AS1	GSE41657	True	feature availability only; labels not accessed
FGFRL1	GSE41657	True	feature availability only; labels not accessed
ISL2	GSE41657	True	feature availability only; labels not accessed
TST	GSE41657	True	feature availability only; labels not accessed
CYFIP2	GSE41657	False	feature availability only; labels not accessed
SPIB	GSE41657	True	feature availability only; labels not accessed
PXMP2	GSE41657	True	feature availability only; labels not accessed
SIPA1	GSE41657	True	feature availability only; labels not accessed
NKD1	GSE41657	True	feature availability only; labels not accessed
TPT1	GSE41657	True	feature availability only; labels not accessed
FABP5	GSE41657	True	feature availability only; labels not accessed
PHGR1	GSE41657	False	feature availability only; labels not accessed
FCGRT	GSE41657	True	feature availability only; labels not accessed
PDZD11	GSE41657	True	feature availability only; labels not accessed
SNX7-DT	GSE41657	False	feature availability only; labels not accessed
MPC1	GSE41657	True	feature availability only; labels not accessed
DYNLL1	GSE41657	True	feature availability only; labels not accessed
NDUFA6	GSE41657	True	feature availability only; labels not accessed
GRIN2B	GSE41657	True	feature availability only; labels not accessed
CHASERR	GSE41657	False	feature availability only; labels not accessed
LINC01411	GSE41657	False	feature availability only; labels not accessed
MYL6	GSE41657	True	feature availability only; labels not accessed
LGALS9B	GSE41657	False	feature availability only; labels not accessed
FOXD2	GSE41657	True	feature availability only; labels not accessed
MAD2L1BP	GSE41657	True	feature availability only; labels not accessed
COL9A3	GSE41657	True	feature availability only; labels not accessed
HSBP1	GSE41657	True	feature availability only; labels not accessed
MEX3A	GSE41657	True	feature availability only; labels not accessed
SLC23A1	GSE41657	True	feature availability only; labels not accessed
LINC01315	GSE41657	False	feature availability only; labels not accessed
LINC02563	GSE41657	False	feature availability only; labels not accessed
NOL4L	GSE41657	True	feature availability only; labels not accessed
LRRC2	GSE41657	True	feature availability only; labels not accessed
PATZ1	GSE41657	True	feature availability only; labels not accessed
SLC9A3-OT1	GSE41657	False	feature availability only; labels not accessed
ATP5F1B	GSE41657	False	feature availability only; labels not accessed
WDR1	GSE41657	True	feature availability only; labels not accessed
MRPL34	GSE41657	True	feature availability only; labels not accessed
EPCAM	GSE41657	True	feature availability only; labels not accessed
UGDH	GSE41657	True	feature availability only; labels not accessed
CITED2	GSE41657	True	feature availability only; labels not accessed
LINC02441	GSE41657	False	feature availability only; labels not accessed
COX6A1	GSE41657	True	feature availability only; labels not accessed
NDUFC1	GSE41657	True	feature availability only; labels not accessed
FH	GSE41657	True	feature availability only; labels not accessed
SF3B6	GSE41657	True	feature availability only; labels not accessed
ZNF579	GSE41657	True	feature availability only; labels not accessed
SPOCD1	GSE41657	True	feature availability only; labels not accessed
GNA11	GSE41657	True	feature availability only; labels not accessed
COX7C	GSE41657	True	feature availability only; labels not accessed
DBI	GSE41657	True	feature availability only; labels not accessed
ISCA2	GSE41657	True	feature availability only; labels not accessed
TTC39C	GSE41657	True	feature availability only; labels not accessed
BMP3	GSE41657	True	feature availability only; labels not accessed
PROX1	GSE41657	True	feature availability only; labels not accessed
NDUFB6	GSE41657	True	feature availability only; labels not accessed
KLF4	GSE41657	True	feature availability only; labels not accessed
CDKN2B	GSE41657	True	feature availability only; labels not accessed
LCN15	GSE41657	True	feature availability only; labels not accessed
CDKN2C	GSE41657	True	feature availability only; labels not accessed
HINT1	GSE41657	True	feature availability only; labels not accessed
KLF10	GSE41657	True	feature availability only; labels not accessed
UGT2A3	GSE41657	True	feature availability only; labels not accessed
DGUOK	GSE41657	True	feature availability only; labels not accessed
ARF6	GSE41657	True	feature availability only; labels not accessed
ABRACL	GSE41657	True	feature availability only; labels not accessed
PRDX6	GSE41657	True	feature availability only; labels not accessed
SPMIP2	GSE41657	False	feature availability only; labels not accessed
CA7	GSE41657	True	feature availability only; labels not accessed
SLC25A51	GSE41657	True	feature availability only; labels not accessed
TP53INP2	GSE41657	True	feature availability only; labels not accessed
HUNK	GSE41657	True	feature availability only; labels not accessed
COL4A5	GSE41657	True	feature availability only; labels not accessed
BEX4	GSE41657	True	feature availability only; labels not accessed
NXPE4	GSE41657	True	feature availability only; labels not accessed
PLEKHG4	GSE41657	False	feature availability only; labels not accessed
KCNG1	GSE41657	True	feature availability only; labels not accessed
FKBP1A	GSE41657	True	feature availability only; labels not accessed
MGAT4B	GSE41657	True	feature availability only; labels not accessed
SPINT2	GSE41657	True	feature availability only; labels not accessed
DEFB1	GSE41657	True	feature availability only; labels not accessed
DNAI3	GSE41657	False	feature availability only; labels not accessed
LRRC32	GSE41657	True	feature availability only; labels not accessed
LINC00507	GSE41657	False	feature availability only; labels not accessed
LNC-LBCS	GSE41657	False	feature availability only; labels not accessed
WSCD1	GSE41657	True	feature availability only; labels not accessed
TRIM22	GSE41657	True	feature availability only; labels not accessed
PCK2	GSE41657	True	feature availability only; labels not accessed
CIB2	GSE41657	True	feature availability only; labels not accessed
PTP4A3	GSE41657	True	feature availability only; labels not accessed
MIER3	GSE41657	True	feature availability only; labels not accessed
SLC22A11	GSE41657	True	feature availability only; labels not accessed
SLC40A1	GSE41657	True	feature availability only; labels not accessed
LEF1	GSE41657	True	feature availability only; labels not accessed
GSTM4	GSE41657	True	feature availability only; labels not accessed
GTF2A2	GSE41657	True	feature availability only; labels not accessed
MAP2K5-DT	GSE41657	False	feature availability only; labels not accessed
NDUFB9	GSE41657	True	feature availability only; labels not accessed
FZD5	GSE41657	True	feature availability only; labels not accessed
GON7	GSE41657	True	feature availability only; labels not accessed
ATP5PO	GSE41657	False	feature availability only; labels not accessed
PPIC	GSE41657	True	feature availability only; labels not accessed
DHRS2	GSE41657	True	feature availability only; labels not accessed
ACAA2	GSE41657	True	feature availability only; labels not accessed
ACOX1	GSE41657	True	feature availability only; labels not accessed
OLFM4	GSE41657	True	feature availability only; labels not accessed
PGGHG	GSE41657	True	feature availability only; labels not accessed
TMEM183A	GSE41657	True	feature availability only; labels not accessed
SPINK2	GSE41657	True	feature availability only; labels not accessed
SLC2A5	GSE41657	True	feature availability only; labels not accessed
URAD	GSE41657	False	feature availability only; labels not accessed
CALM2	GSE41657	True	feature availability only; labels not accessed
AQP8	GSE41657	True	feature availability only; labels not accessed
GNG5	GSE41657	True	feature availability only; labels not accessed
RETSAT	GSE41657	True	feature availability only; labels not accessed
NOB1	GSE41657	True	feature availability only; labels not accessed
KAT2A	GSE41657	True	feature availability only; labels not accessed
COL4A2	GSE41657	True	feature availability only; labels not accessed
AATBC	GSE41657	True	feature availability only; labels not accessed
MDS2	GSE41657	True	feature availability only; labels not accessed
B4GALT1-AS1	GSE41657	True	feature availability only; labels not accessed
LINC02100	GSE41657	False	feature availability only; labels not accessed
LRRC8D-DT	GSE41657	False	feature availability only; labels not accessed
RCAN2	GSE41657	True	feature availability only; labels not accessed
B2M	GSE41657	True	feature availability only; labels not accessed
EDA	GSE41657	True	feature availability only; labels not accessed
C16orf74	GSE41657	True	feature availability only; labels not accessed
APCDD1	GSE41657	True	feature availability only; labels not accessed
SMDT1	GSE41657	True	feature availability only; labels not accessed
ITM2C	GSE41657	True	feature availability only; labels not accessed
CDC42	GSE41657	True	feature availability only; labels not accessed
ABCG2	GSE41657	True	feature availability only; labels not accessed
EIF1B	GSE41657	True	feature availability only; labels not accessed
MT3	GSE41657	True	feature availability only; labels not accessed
POFUT1	GSE41657	True	feature availability only; labels not accessed
NDUFS2	GSE41657	True	feature availability only; labels not accessed
CPT1A	GSE41657	True	feature availability only; labels not accessed
VENTX	GSE41657	True	feature availability only; labels not accessed
LINC00524	GSE41657	False	feature availability only; labels not accessed
SLC51B	GSE41657	True	feature availability only; labels not accessed
CBS	GSE41657	True	feature availability only; labels not accessed
LINC01996	GSE41657	False	feature availability only; labels not accessed
COX8A	GSE41657	True	feature availability only; labels not accessed
NEURL1B	GSE41657	True	feature availability only; labels not accessed
BPGM	GSE41657	True	feature availability only; labels not accessed
RAB6B	GSE41657	True	feature availability only; labels not accessed
GFI1B	GSE41657	True	feature availability only; labels not accessed
MRPS6	GSE41657	True	feature availability only; labels not accessed
CRTAP	GSE41657	True	feature availability only; labels not accessed
ALDH18A1	GSE41657	True	feature availability only; labels not accessed
RNF5	GSE41657	True	feature availability only; labels not accessed
SLC19A3	GSE41657	True	feature availability only; labels not accessed
ITM2B	GSE41657	True	feature availability only; labels not accessed
ABCA4	GSE41657	True	feature availability only; labels not accessed
PPIF	GSE41657	True	feature availability only; labels not accessed
CLDN2	GSE41657	True	feature availability only; labels not accessed
F2RL1	GSE41657	True	feature availability only; labels not accessed
ODAM	GSE41657	True	feature availability only; labels not accessed
SOCS2	GSE41657	True	feature availability only; labels not accessed
SSTR1	GSE41657	True	feature availability only; labels not accessed
VDAC2	GSE41657	True	feature availability only; labels not accessed
EMP1	GSE41657	True	feature availability only; labels not accessed
MYZAP	GSE41657	True	feature availability only; labels not accessed
IGFL4	GSE41657	False	feature availability only; labels not accessed
CMAS	GSE41657	True	feature availability only; labels not accessed
HS3ST4	GSE41657	True	feature availability only; labels not accessed
SSTR2	GSE41657	True	feature availability only; labels not accessed
LINC02026	GSE41657	False	feature availability only; labels not accessed
NEURL3	GSE41657	False	feature availability only; labels not accessed
CNR1	GSE41657	True	feature availability only; labels not accessed
PHYH	GSE41657	True	feature availability only; labels not accessed
ZNF671	GSE41657	True	feature availability only; labels not accessed
CIAO2A	GSE41657	False	feature availability only; labels not accessed
CNPPD1	GSE41657	True	feature availability only; labels not accessed
NDUFB1	GSE41657	True	feature availability only; labels not accessed
MIR513A1	GSE41657	False	feature availability only; labels not accessed
TMEM74B	GSE41657	True	feature availability only; labels not accessed
USP2	GSE41657	True	feature availability only; labels not accessed
TMEM177	GSE41657	True	feature availability only; labels not accessed
C1orf115	GSE41657	True	feature availability only; labels not accessed
NDUFB5	GSE41657	True	feature availability only; labels not accessed
RUBCNL	GSE41657	False	feature availability only; labels not accessed
FHL1	GSE41657	True	feature availability only; labels not accessed
PXDC1	GSE41657	True	feature availability only; labels not accessed
ARMC3	GSE41657	True	feature availability only; labels not accessed
TARBP2	GSE41657	True	feature availability only; labels not accessed
SHISA9	GSE41657	True	feature availability only; labels not accessed
CEACAM1	GSE41657	True	feature availability only; labels not accessed
LINC01029	GSE41657	False	feature availability only; labels not accessed
UBQLN2	GSE41657	True	feature availability only; labels not accessed
LAMTOR3	GSE41657	True	feature availability only; labels not accessed
LGALS3	GSE40362	True	feature availability only; labels not accessed
SRI	GSE40362	True	feature availability only; labels not accessed
RNF43	GSE40362	True	feature availability only; labels not accessed
IL27RA	GSE40362	True	feature availability only; labels not accessed
SOX4	GSE40362	True	feature availability only; labels not accessed
ASCL2	GSE40362	True	feature availability only; labels not accessed
CHP2	GSE40362	True	feature availability only; labels not accessed
SLC6A6	GSE40362	True	feature availability only; labels not accessed
ATP5MC3	GSE40362	False	feature availability only; labels not accessed
LHFPL7	GSE40362	False	feature availability only; labels not accessed
C15orf48	GSE40362	True	feature availability only; labels not accessed
TMEM171	GSE40362	True	feature availability only; labels not accessed
CYP4X1	GSE40362	True	feature availability only; labels not accessed
CNTN4-AS1	GSE40362	False	feature availability only; labels not accessed
FABP1	GSE40362	True	feature availability only; labels not accessed
LGALS4	GSE40362	True	feature availability only; labels not accessed
CEMIP	GSE40362	False	feature availability only; labels not accessed
ZNRF3	GSE40362	False	feature availability only; labels not accessed
AXIN2	GSE40362	True	feature availability only; labels not accessed
CYCS	GSE40362	True	feature availability only; labels not accessed
DPEP1	GSE40362	True	feature availability only; labels not accessed
SDC3	GSE40362	True	feature availability only; labels not accessed
DHRS11	GSE40362	False	feature availability only; labels not accessed
CA2	GSE40362	True	feature availability only; labels not accessed
EPHB3	GSE40362	True	feature availability only; labels not accessed
COX5A	GSE40362	True	feature availability only; labels not accessed
LGR5	GSE40362	True	feature availability only; labels not accessed
CD9	GSE40362	True	feature availability only; labels not accessed
NDUFA1	GSE40362	True	feature availability only; labels not accessed
MPC2	GSE40362	False	feature availability only; labels not accessed
TSPAN7	GSE40362	True	feature availability only; labels not accessed
LTBP1	GSE40362	True	feature availability only; labels not accessed
MOCS1	GSE40362	True	feature availability only; labels not accessed
AKR1B1	GSE40362	True	feature availability only; labels not accessed
BSG	GSE40362	True	feature availability only; labels not accessed
ARF3	GSE40362	True	feature availability only; labels not accessed
CALM1	GSE40362	True	feature availability only; labels not accessed
LRRC36	GSE40362	True	feature availability only; labels not accessed
ZNF503	GSE40362	True	feature availability only; labels not accessed
CTTNBP2	GSE40362	True	feature availability only; labels not accessed
STBD1	GSE40362	True	feature availability only; labels not accessed
SLC25A5	GSE40362	True	feature availability only; labels not accessed
NDRG1	GSE40362	True	feature availability only; labels not accessed
ZNF703	GSE40362	True	feature availability only; labels not accessed
SQOR	GSE40362	False	feature availability only; labels not accessed
HSPA1A	GSE40362	True	feature availability only; labels not accessed
TMEM158	GSE40362	True	feature availability only; labels not accessed
APLP2	GSE40362	True	feature availability only; labels not accessed
NDUFAB1	GSE40362	True	feature availability only; labels not accessed
IMPA2	GSE40362	True	feature availability only; labels not accessed
UQCRFS1	GSE40362	True	feature availability only; labels not accessed
GLRX2	GSE40362	True	feature availability only; labels not accessed
MSX2	GSE40362	True	feature availability only; labels not accessed
TUSC1	GSE40362	True	feature availability only; labels not accessed
LRRC19	GSE40362	True	feature availability only; labels not accessed
CCL14	GSE40362	False	feature availability only; labels not accessed
ENC1	GSE40362	True	feature availability only; labels not accessed
SLC17A1	GSE40362	True	feature availability only; labels not accessed
KIF3C	GSE40362	True	feature availability only; labels not accessed
DRD2	GSE40362	True	feature availability only; labels not accessed
ITGA9	GSE40362	False	feature availability only; labels not accessed
ETHE1	GSE40362	True	feature availability only; labels not accessed
GDF15	GSE40362	True	feature availability only; labels not accessed
ATP5MG	GSE40362	False	feature availability only; labels not accessed
SLC7A5	GSE40362	True	feature availability only; labels not accessed
FAM162A	GSE40362	True	feature availability only; labels not accessed
RBKS	GSE40362	True	feature availability only; labels not accessed
TBX3	GSE40362	True	feature availability only; labels not accessed
GHITM	GSE40362	True	feature availability only; labels not accessed
SEMA3F	GSE40362	True	feature availability only; labels not accessed
LZTS3	GSE40362	False	feature availability only; labels not accessed
PKIB	GSE40362	True	feature availability only; labels not accessed
PDLIM1	GSE40362	True	feature availability only; labels not accessed
SLC22A5	GSE40362	True	feature availability only; labels not accessed
SLC20A1	GSE40362	True	feature availability only; labels not accessed
CPNE7	GSE40362	True	feature availability only; labels not accessed
PCK1	GSE40362	True	feature availability only; labels not accessed
CAMK2N1	GSE40362	True	feature availability only; labels not accessed
L1TD1	GSE40362	True	feature availability only; labels not accessed
CHP1	GSE40362	False	feature availability only; labels not accessed
TRIP6	GSE40362	True	feature availability only; labels not accessed
ATP5PD	GSE40362	False	feature availability only; labels not accessed
AK2	GSE40362	True	feature availability only; labels not accessed
DBNDD2	GSE40362	True	feature availability only; labels not accessed
CBX6	GSE40362	True	feature availability only; labels not accessed
ANKRD13B	GSE40362	True	feature availability only; labels not accessed
KRT10-AS1	GSE40362	False	feature availability only; labels not accessed
ARL14	GSE40362	True	feature availability only; labels not accessed
COX6C	GSE40362	True	feature availability only; labels not accessed
MYL12A	GSE40362	False	feature availability only; labels not accessed
CLCA4	GSE40362	True	feature availability only; labels not accessed
SDHD	GSE40362	True	feature availability only; labels not accessed
DAB2	GSE40362	True	feature availability only; labels not accessed
HADH	GSE40362	True	feature availability only; labels not accessed
MYORG	GSE40362	False	feature availability only; labels not accessed
UBE2A	GSE40362	True	feature availability only; labels not accessed
DPP10-AS1	GSE40362	False	feature availability only; labels not accessed
FGFRL1	GSE40362	True	feature availability only; labels not accessed
ISL2	GSE40362	True	feature availability only; labels not accessed
TST	GSE40362	True	feature availability only; labels not accessed
CYFIP2	GSE40362	True	feature availability only; labels not accessed
SPIB	GSE40362	True	feature availability only; labels not accessed
PXMP2	GSE40362	True	feature availability only; labels not accessed
SIPA1	GSE40362	True	feature availability only; labels not accessed
NKD1	GSE40362	True	feature availability only; labels not accessed
TPT1	GSE40362	True	feature availability only; labels not accessed
FABP5	GSE40362	True	feature availability only; labels not accessed
PHGR1	GSE40362	False	feature availability only; labels not accessed
FCGRT	GSE40362	True	feature availability only; labels not accessed
PDZD11	GSE40362	True	feature availability only; labels not accessed
SNX7-DT	GSE40362	False	feature availability only; labels not accessed
MPC1	GSE40362	False	feature availability only; labels not accessed
DYNLL1	GSE40362	True	feature availability only; labels not accessed
NDUFA6	GSE40362	False	feature availability only; labels not accessed
GRIN2B	GSE40362	True	feature availability only; labels not accessed
CHASERR	GSE40362	False	feature availability only; labels not accessed
LINC01411	GSE40362	False	feature availability only; labels not accessed
MYL6	GSE40362	True	feature availability only; labels not accessed
LGALS9B	GSE40362	True	feature availability only; labels not accessed
FOXD2	GSE40362	True	feature availability only; labels not accessed
MAD2L1BP	GSE40362	True	feature availability only; labels not accessed
COL9A3	GSE40362	True	feature availability only; labels not accessed
HSBP1	GSE40362	True	feature availability only; labels not accessed
MEX3A	GSE40362	False	feature availability only; labels not accessed
SLC23A1	GSE40362	True	feature availability only; labels not accessed
LINC01315	GSE40362	False	feature availability only; labels not accessed
LINC02563	GSE40362	False	feature availability only; labels not accessed
NOL4L	GSE40362	False	feature availability only; labels not accessed
LRRC2	GSE40362	True	feature availability only; labels not accessed
PATZ1	GSE40362	True	feature availability only; labels not accessed
SLC9A3-OT1	GSE40362	False	feature availability only; labels not accessed
ATP5F1B	GSE40362	False	feature availability only; labels not accessed
WDR1	GSE40362	True	feature availability only; labels not accessed
MRPL34	GSE40362	True	feature availability only; labels not accessed
EPCAM	GSE40362	False	feature availability only; labels not accessed
UGDH	GSE40362	True	feature availability only; labels not accessed
CITED2	GSE40362	True	feature availability only; labels not accessed
LINC02441	GSE40362	False	feature availability only; labels not accessed
COX6A1	GSE40362	True	feature availability only; labels not accessed
NDUFC1	GSE40362	True	feature availability only; labels not accessed
FH	GSE40362	True	feature availability only; labels not accessed
SF3B6	GSE40362	False	feature availability only; labels not accessed
ZNF579	GSE40362	True	feature availability only; labels not accessed
SPOCD1	GSE40362	True	feature availability only; labels not accessed
GNA11	GSE40362	True	feature availability only; labels not accessed
COX7C	GSE40362	True	feature availability only; labels not accessed
DBI	GSE40362	True	feature availability only; labels not accessed
ISCA2	GSE40362	True	feature availability only; labels not accessed
TTC39C	GSE40362	True	feature availability only; labels not accessed
BMP3	GSE40362	True	feature availability only; labels not accessed
PROX1	GSE40362	True	feature availability only; labels not accessed
NDUFB6	GSE40362	True	feature availability only; labels not accessed
KLF4	GSE40362	True	feature availability only; labels not accessed
CDKN2B	GSE40362	True	feature availability only; labels not accessed
LCN15	GSE40362	False	feature availability only; labels not accessed
CDKN2C	GSE40362	True	feature availability only; labels not accessed
HINT1	GSE40362	True	feature availability only; labels not accessed
KLF10	GSE40362	True	feature availability only; labels not accessed
UGT2A3	GSE40362	True	feature availability only; labels not accessed
DGUOK	GSE40362	True	feature availability only; labels not accessed
ARF6	GSE40362	True	feature availability only; labels not accessed
ABRACL	GSE40362	False	feature availability only; labels not accessed
PRDX6	GSE40362	True	feature availability only; labels not accessed
SPMIP2	GSE40362	False	feature availability only; labels not accessed
CA7	GSE40362	True	feature availability only; labels not accessed
SLC25A51	GSE40362	False	feature availability only; labels not accessed
TP53INP2	GSE40362	True	feature availability only; labels not accessed
HUNK	GSE40362	True	feature availability only; labels not accessed
COL4A5	GSE40362	True	feature availability only; labels not accessed
BEX4	GSE40362	True	feature availability only; labels not accessed
NXPE4	GSE40362	False	feature availability only; labels not accessed
PLEKHG4	GSE40362	True	feature availability only; labels not accessed
KCNG1	GSE40362	True	feature availability only; labels not accessed
FKBP1A	GSE40362	True	feature availability only; labels not accessed
MGAT4B	GSE40362	True	feature availability only; labels not accessed
SPINT2	GSE40362	True	feature availability only; labels not accessed
DEFB1	GSE40362	True	feature availability only; labels not accessed
DNAI3	GSE40362	False	feature availability only; labels not accessed
LRRC32	GSE40362	True	feature availability only; labels not accessed
LINC00507	GSE40362	False	feature availability only; labels not accessed
LNC-LBCS	GSE40362	False	feature availability only; labels not accessed
WSCD1	GSE40362	True	feature availability only; labels not accessed
TRIM22	GSE40362	True	feature availability only; labels not accessed
PCK2	GSE40362	True	feature availability only; labels not accessed
CIB2	GSE40362	True	feature availability only; labels not accessed
PTP4A3	GSE40362	True	feature availability only; labels not accessed
MIER3	GSE40362	True	feature availability only; labels not accessed
SLC22A11	GSE40362	True	feature availability only; labels not accessed
SLC40A1	GSE40362	True	feature availability only; labels not accessed
LEF1	GSE40362	True	feature availability only; labels not accessed
GSTM4	GSE40362	True	feature availability only; labels not accessed
GTF2A2	GSE40362	True	feature availability only; labels not accessed
MAP2K5-DT	GSE40362	False	feature availability only; labels not accessed
NDUFB9	GSE40362	False	feature availability only; labels not accessed
FZD5	GSE40362	True	feature availability only; labels not accessed
GON7	GSE40362	False	feature availability only; labels not accessed
ATP5PO	GSE40362	False	feature availability only; labels not accessed
PPIC	GSE40362	True	feature availability only; labels not accessed
DHRS2	GSE40362	True	feature availability only; labels not accessed
ACAA2	GSE40362	True	feature availability only; labels not accessed
ACOX1	GSE40362	True	feature availability only; labels not accessed
OLFM4	GSE40362	True	feature availability only; labels not accessed
PGGHG	GSE40362	False	feature availability only; labels not accessed
TMEM183A	GSE40362	True	feature availability only; labels not accessed
SPINK2	GSE40362	True	feature availability only; labels not accessed
SLC2A5	GSE40362	True	feature availability only; labels not accessed
URAD	GSE40362	False	feature availability only; labels not accessed
CALM2	GSE40362	True	feature availability only; labels not accessed
AQP8	GSE40362	True	feature availability only; labels not accessed
GNG5	GSE40362	True	feature availability only; labels not accessed
RETSAT	GSE40362	True	feature availability only; labels not accessed
NOB1	GSE40362	True	feature availability only; labels not accessed
KAT2A	GSE40362	True	feature availability only; labels not accessed
COL4A2	GSE40362	True	feature availability only; labels not accessed
AATBC	GSE40362	False	feature availability only; labels not accessed
MDS2	GSE40362	False	feature availability only; labels not accessed
B4GALT1-AS1	GSE40362	False	feature availability only; labels not accessed
LINC02100	GSE40362	False	feature availability only; labels not accessed
LRRC8D-DT	GSE40362	False	feature availability only; labels not accessed
RCAN2	GSE40362	True	feature availability only; labels not accessed
B2M	GSE40362	True	feature availability only; labels not accessed
EDA	GSE40362	True	feature availability only; labels not accessed
C16orf74	GSE40362	True	feature availability only; labels not accessed
APCDD1	GSE40362	True	feature availability only; labels not accessed
SMDT1	GSE40362	False	feature availability only; labels not accessed
ITM2C	GSE40362	True	feature availability only; labels not accessed
CDC42	GSE40362	True	feature availability only; labels not accessed
ABCG2	GSE40362	True	feature availability only; labels not accessed
EIF1B	GSE40362	True	feature availability only; labels not accessed
MT3	GSE40362	True	feature availability only; labels not accessed
POFUT1	GSE40362	True	feature availability only; labels not accessed
NDUFS2	GSE40362	True	feature availability only; labels not accessed
CPT1A	GSE40362	True	feature availability only; labels not accessed
VENTX	GSE40362	True	feature availability only; labels not accessed
LINC00524	GSE40362	False	feature availability only; labels not accessed
SLC51B	GSE40362	False	feature availability only; labels not accessed
CBS	GSE40362	True	feature availability only; labels not accessed
LINC01996	GSE40362	False	feature availability only; labels not accessed
COX8A	GSE40362	True	feature availability only; labels not accessed
NEURL1B	GSE40362	False	feature availability only; labels not accessed
BPGM	GSE40362	True	feature availability only; labels not accessed
RAB6B	GSE40362	True	feature availability only; labels not accessed
GFI1B	GSE40362	True	feature availability only; labels not accessed
MRPS6	GSE40362	True	feature availability only; labels not accessed
CRTAP	GSE40362	True	feature availability only; labels not accessed
ALDH18A1	GSE40362	True	feature availability only; labels not accessed
RNF5	GSE40362	True	feature availability only; labels not accessed
SLC19A3	GSE40362	True	feature availability only; labels not accessed
ITM2B	GSE40362	True	feature availability only; labels not accessed
ABCA4	GSE40362	True	feature availability only; labels not accessed
PPIF	GSE40362	True	feature availability only; labels not accessed
CLDN2	GSE40362	True	feature availability only; labels not accessed
F2RL1	GSE40362	True	feature availability only; labels not accessed
ODAM	GSE40362	True	feature availability only; labels not accessed
SOCS2	GSE40362	True	feature availability only; labels not accessed
SSTR1	GSE40362	True	feature availability only; labels not accessed
VDAC2	GSE40362	True	feature availability only; labels not accessed
EMP1	GSE40362	True	feature availability only; labels not accessed
MYZAP	GSE40362	False	feature availability only; labels not accessed
IGFL4	GSE40362	True	feature availability only; labels not accessed
CMAS	GSE40362	True	feature availability only; labels not accessed
HS3ST4	GSE40362	True	feature availability only; labels not accessed
SSTR2	GSE40362	True	feature availability only; labels not accessed
LINC02026	GSE40362	False	feature availability only; labels not accessed
NEURL3	GSE40362	False	feature availability only; labels not accessed
CNR1	GSE40362	True	feature availability only; labels not accessed
PHYH	GSE40362	True	feature availability only; labels not accessed
ZNF671	GSE40362	True	feature availability only; labels not accessed
CIAO2A	GSE40362	False	feature availability only; labels not accessed
CNPPD1	GSE40362	False	feature availability only; labels not accessed
NDUFB1	GSE40362	True	feature availability only; labels not accessed
MIR513A1	GSE40362	False	feature availability only; labels not accessed
TMEM74B	GSE40362	False	feature availability only; labels not accessed
USP2	GSE40362	True	feature availability only; labels not accessed
TMEM177	GSE40362	True	feature availability only; labels not accessed
C1orf115	GSE40362	True	feature availability only; labels not accessed
NDUFB5	GSE40362	True	feature availability only; labels not accessed
RUBCNL	GSE40362	False	feature availability only; labels not accessed
FHL1	GSE40362	True	feature availability only; labels not accessed
PXDC1	GSE40362	False	feature availability only; labels not accessed
ARMC3	GSE40362	False	feature availability only; labels not accessed
TARBP2	GSE40362	True	feature availability only; labels not accessed
SHISA9	GSE40362	False	feature availability only; labels not accessed
CEACAM1	GSE40362	True	feature availability only; labels not accessed
LINC01029	GSE40362	False	feature availability only; labels not accessed
UBQLN2	GSE40362	True	feature availability only; labels not accessed
LAMTOR3	GSE40362	False	feature availability only; labels not accessed
LGALS3	GSE72820	True	feature availability only; labels not accessed
SRI	GSE72820	True	feature availability only; labels not accessed
RNF43	GSE72820	True	feature availability only; labels not accessed
IL27RA	GSE72820	True	feature availability only; labels not accessed
SOX4	GSE72820	True	feature availability only; labels not accessed
ASCL2	GSE72820	True	feature availability only; labels not accessed
CHP2	GSE72820	True	feature availability only; labels not accessed
SLC6A6	GSE72820	True	feature availability only; labels not accessed
ATP5MC3	GSE72820	False	feature availability only; labels not accessed
LHFPL7	GSE72820	False	feature availability only; labels not accessed
C15orf48	GSE72820	True	feature availability only; labels not accessed
TMEM171	GSE72820	True	feature availability only; labels not accessed
CYP4X1	GSE72820	True	feature availability only; labels not accessed
CNTN4-AS1	GSE72820	False	feature availability only; labels not accessed
FABP1	GSE72820	True	feature availability only; labels not accessed
LGALS4	GSE72820	True	feature availability only; labels not accessed
CEMIP	GSE72820	False	feature availability only; labels not accessed
ZNRF3	GSE72820	True	feature availability only; labels not accessed
AXIN2	GSE72820	True	feature availability only; labels not accessed
CYCS	GSE72820	True	feature availability only; labels not accessed
DPEP1	GSE72820	True	feature availability only; labels not accessed
SDC3	GSE72820	True	feature availability only; labels not accessed
DHRS11	GSE72820	True	feature availability only; labels not accessed
CA2	GSE72820	True	feature availability only; labels not accessed
EPHB3	GSE72820	True	feature availability only; labels not accessed
COX5A	GSE72820	True	feature availability only; labels not accessed
LGR5	GSE72820	True	feature availability only; labels not accessed
CD9	GSE72820	True	feature availability only; labels not accessed
NDUFA1	GSE72820	True	feature availability only; labels not accessed
MPC2	GSE72820	True	feature availability only; labels not accessed
TSPAN7	GSE72820	True	feature availability only; labels not accessed
LTBP1	GSE72820	True	feature availability only; labels not accessed
MOCS1	GSE72820	True	feature availability only; labels not accessed
AKR1B1	GSE72820	True	feature availability only; labels not accessed
BSG	GSE72820	True	feature availability only; labels not accessed
ARF3	GSE72820	True	feature availability only; labels not accessed
CALM1	GSE72820	True	feature availability only; labels not accessed
LRRC36	GSE72820	True	feature availability only; labels not accessed
ZNF503	GSE72820	True	feature availability only; labels not accessed
CTTNBP2	GSE72820	True	feature availability only; labels not accessed
STBD1	GSE72820	True	feature availability only; labels not accessed
SLC25A5	GSE72820	True	feature availability only; labels not accessed
NDRG1	GSE72820	True	feature availability only; labels not accessed
ZNF703	GSE72820	True	feature availability only; labels not accessed
SQOR	GSE72820	False	feature availability only; labels not accessed
HSPA1A	GSE72820	True	feature availability only; labels not accessed
TMEM158	GSE72820	True	feature availability only; labels not accessed
APLP2	GSE72820	True	feature availability only; labels not accessed
NDUFAB1	GSE72820	True	feature availability only; labels not accessed
IMPA2	GSE72820	True	feature availability only; labels not accessed
UQCRFS1	GSE72820	True	feature availability only; labels not accessed
GLRX2	GSE72820	True	feature availability only; labels not accessed
MSX2	GSE72820	True	feature availability only; labels not accessed
TUSC1	GSE72820	True	feature availability only; labels not accessed
LRRC19	GSE72820	True	feature availability only; labels not accessed
CCL14	GSE72820	True	feature availability only; labels not accessed
ENC1	GSE72820	True	feature availability only; labels not accessed
SLC17A1	GSE72820	True	feature availability only; labels not accessed
KIF3C	GSE72820	True	feature availability only; labels not accessed
DRD2	GSE72820	True	feature availability only; labels not accessed
ITGA9	GSE72820	True	feature availability only; labels not accessed
ETHE1	GSE72820	True	feature availability only; labels not accessed
GDF15	GSE72820	True	feature availability only; labels not accessed
ATP5MG	GSE72820	False	feature availability only; labels not accessed
SLC7A5	GSE72820	True	feature availability only; labels not accessed
FAM162A	GSE72820	True	feature availability only; labels not accessed
RBKS	GSE72820	True	feature availability only; labels not accessed
TBX3	GSE72820	True	feature availability only; labels not accessed
GHITM	GSE72820	True	feature availability only; labels not accessed
SEMA3F	GSE72820	True	feature availability only; labels not accessed
LZTS3	GSE72820	False	feature availability only; labels not accessed
PKIB	GSE72820	True	feature availability only; labels not accessed
PDLIM1	GSE72820	True	feature availability only; labels not accessed
SLC22A5	GSE72820	True	feature availability only; labels not accessed
SLC20A1	GSE72820	True	feature availability only; labels not accessed
CPNE7	GSE72820	True	feature availability only; labels not accessed
PCK1	GSE72820	True	feature availability only; labels not accessed
CAMK2N1	GSE72820	True	feature availability only; labels not accessed
L1TD1	GSE72820	True	feature availability only; labels not accessed
CHP1	GSE72820	True	feature availability only; labels not accessed
TRIP6	GSE72820	True	feature availability only; labels not accessed
ATP5PD	GSE72820	False	feature availability only; labels not accessed
AK2	GSE72820	True	feature availability only; labels not accessed
DBNDD2	GSE72820	True	feature availability only; labels not accessed
CBX6	GSE72820	True	feature availability only; labels not accessed
ANKRD13B	GSE72820	True	feature availability only; labels not accessed
KRT10-AS1	GSE72820	False	feature availability only; labels not accessed
ARL14	GSE72820	True	feature availability only; labels not accessed
COX6C	GSE72820	True	feature availability only; labels not accessed
MYL12A	GSE72820	True	feature availability only; labels not accessed
CLCA4	GSE72820	True	feature availability only; labels not accessed
SDHD	GSE72820	True	feature availability only; labels not accessed
DAB2	GSE72820	True	feature availability only; labels not accessed
HADH	GSE72820	True	feature availability only; labels not accessed
MYORG	GSE72820	False	feature availability only; labels not accessed
UBE2A	GSE72820	True	feature availability only; labels not accessed
DPP10-AS1	GSE72820	False	feature availability only; labels not accessed
FGFRL1	GSE72820	True	feature availability only; labels not accessed
ISL2	GSE72820	True	feature availability only; labels not accessed
TST	GSE72820	True	feature availability only; labels not accessed
CYFIP2	GSE72820	True	feature availability only; labels not accessed
SPIB	GSE72820	True	feature availability only; labels not accessed
PXMP2	GSE72820	True	feature availability only; labels not accessed
SIPA1	GSE72820	True	feature availability only; labels not accessed
NKD1	GSE72820	True	feature availability only; labels not accessed
TPT1	GSE72820	True	feature availability only; labels not accessed
FABP5	GSE72820	True	feature availability only; labels not accessed
PHGR1	GSE72820	True	feature availability only; labels not accessed
FCGRT	GSE72820	True	feature availability only; labels not accessed
PDZD11	GSE72820	True	feature availability only; labels not accessed
SNX7-DT	GSE72820	False	feature availability only; labels not accessed
MPC1	GSE72820	True	feature availability only; labels not accessed
DYNLL1	GSE72820	True	feature availability only; labels not accessed
NDUFA6	GSE72820	True	feature availability only; labels not accessed
GRIN2B	GSE72820	True	feature availability only; labels not accessed
CHASERR	GSE72820	False	feature availability only; labels not accessed
LINC01411	GSE72820	False	feature availability only; labels not accessed
MYL6	GSE72820	True	feature availability only; labels not accessed
LGALS9B	GSE72820	True	feature availability only; labels not accessed
FOXD2	GSE72820	True	feature availability only; labels not accessed
MAD2L1BP	GSE72820	True	feature availability only; labels not accessed
COL9A3	GSE72820	True	feature availability only; labels not accessed
HSBP1	GSE72820	True	feature availability only; labels not accessed
MEX3A	GSE72820	True	feature availability only; labels not accessed
SLC23A1	GSE72820	True	feature availability only; labels not accessed
LINC01315	GSE72820	False	feature availability only; labels not accessed
LINC02563	GSE72820	False	feature availability only; labels not accessed
NOL4L	GSE72820	False	feature availability only; labels not accessed
LRRC2	GSE72820	True	feature availability only; labels not accessed
PATZ1	GSE72820	True	feature availability only; labels not accessed
SLC9A3-OT1	GSE72820	False	feature availability only; labels not accessed
ATP5F1B	GSE72820	False	feature availability only; labels not accessed
WDR1	GSE72820	True	feature availability only; labels not accessed
MRPL34	GSE72820	True	feature availability only; labels not accessed
EPCAM	GSE72820	True	feature availability only; labels not accessed
UGDH	GSE72820	True	feature availability only; labels not accessed
CITED2	GSE72820	True	feature availability only; labels not accessed
LINC02441	GSE72820	False	feature availability only; labels not accessed
COX6A1	GSE72820	True	feature availability only; labels not accessed
NDUFC1	GSE72820	True	feature availability only; labels not accessed
FH	GSE72820	True	feature availability only; labels not accessed
SF3B6	GSE72820	False	feature availability only; labels not accessed
ZNF579	GSE72820	True	feature availability only; labels not accessed
SPOCD1	GSE72820	True	feature availability only; labels not accessed
GNA11	GSE72820	True	feature availability only; labels not accessed
COX7C	GSE72820	True	feature availability only; labels not accessed
DBI	GSE72820	True	feature availability only; labels not accessed
ISCA2	GSE72820	True	feature availability only; labels not accessed
TTC39C	GSE72820	True	feature availability only; labels not accessed
BMP3	GSE72820	True	feature availability only; labels not accessed
PROX1	GSE72820	True	feature availability only; labels not accessed
NDUFB6	GSE72820	True	feature availability only; labels not accessed
KLF4	GSE72820	True	feature availability only; labels not accessed
CDKN2B	GSE72820	True	feature availability only; labels not accessed
LCN15	GSE72820	True	feature availability only; labels not accessed
CDKN2C	GSE72820	True	feature availability only; labels not accessed
HINT1	GSE72820	True	feature availability only; labels not accessed
KLF10	GSE72820	True	feature availability only; labels not accessed
UGT2A3	GSE72820	True	feature availability only; labels not accessed
DGUOK	GSE72820	True	feature availability only; labels not accessed
ARF6	GSE72820	True	feature availability only; labels not accessed
ABRACL	GSE72820	True	feature availability only; labels not accessed
PRDX6	GSE72820	True	feature availability only; labels not accessed
SPMIP2	GSE72820	False	feature availability only; labels not accessed
CA7	GSE72820	True	feature availability only; labels not accessed
SLC25A51	GSE72820	True	feature availability only; labels not accessed
TP53INP2	GSE72820	True	feature availability only; labels not accessed
HUNK	GSE72820	True	feature availability only; labels not accessed
COL4A5	GSE72820	True	feature availability only; labels not accessed
BEX4	GSE72820	True	feature availability only; labels not accessed
NXPE4	GSE72820	True	feature availability only; labels not accessed
PLEKHG4	GSE72820	True	feature availability only; labels not accessed
KCNG1	GSE72820	True	feature availability only; labels not accessed
FKBP1A	GSE72820	True	feature availability only; labels not accessed
MGAT4B	GSE72820	True	feature availability only; labels not accessed
SPINT2	GSE72820	True	feature availability only; labels not accessed
DEFB1	GSE72820	True	feature availability only; labels not accessed
DNAI3	GSE72820	False	feature availability only; labels not accessed
LRRC32	GSE72820	True	feature availability only; labels not accessed
LINC00507	GSE72820	True	feature availability only; labels not accessed
LNC-LBCS	GSE72820	False	feature availability only; labels not accessed
WSCD1	GSE72820	True	feature availability only; labels not accessed
TRIM22	GSE72820	True	feature availability only; labels not accessed
PCK2	GSE72820	True	feature availability only; labels not accessed
CIB2	GSE72820	True	feature availability only; labels not accessed
PTP4A3	GSE72820	True	feature availability only; labels not accessed
MIER3	GSE72820	True	feature availability only; labels not accessed
SLC22A11	GSE72820	True	feature availability only; labels not accessed
SLC40A1	GSE72820	True	feature availability only; labels not accessed
LEF1	GSE72820	True	feature availability only; labels not accessed
GSTM4	GSE72820	True	feature availability only; labels not accessed
GTF2A2	GSE72820	True	feature availability only; labels not accessed
MAP2K5-DT	GSE72820	False	feature availability only; labels not accessed
NDUFB9	GSE72820	True	feature availability only; labels not accessed
FZD5	GSE72820	True	feature availability only; labels not accessed
GON7	GSE72820	False	feature availability only; labels not accessed
ATP5PO	GSE72820	False	feature availability only; labels not accessed
PPIC	GSE72820	True	feature availability only; labels not accessed
DHRS2	GSE72820	True	feature availability only; labels not accessed
ACAA2	GSE72820	True	feature availability only; labels not accessed
ACOX1	GSE72820	True	feature availability only; labels not accessed
OLFM4	GSE72820	True	feature availability only; labels not accessed
PGGHG	GSE72820	False	feature availability only; labels not accessed
TMEM183A	GSE72820	True	feature availability only; labels not accessed
SPINK2	GSE72820	True	feature availability only; labels not accessed
SLC2A5	GSE72820	True	feature availability only; labels not accessed
URAD	GSE72820	False	feature availability only; labels not accessed
CALM2	GSE72820	True	feature availability only; labels not accessed
AQP8	GSE72820	True	feature availability only; labels not accessed
GNG5	GSE72820	True	feature availability only; labels not accessed
RETSAT	GSE72820	True	feature availability only; labels not accessed
NOB1	GSE72820	True	feature availability only; labels not accessed
KAT2A	GSE72820	True	feature availability only; labels not accessed
COL4A2	GSE72820	True	feature availability only; labels not accessed
AATBC	GSE72820	False	feature availability only; labels not accessed
MDS2	GSE72820	True	feature availability only; labels not accessed
B4GALT1-AS1	GSE72820	False	feature availability only; labels not accessed
LINC02100	GSE72820	False	feature availability only; labels not accessed
LRRC8D-DT	GSE72820	False	feature availability only; labels not accessed
RCAN2	GSE72820	True	feature availability only; labels not accessed
B2M	GSE72820	True	feature availability only; labels not accessed
EDA	GSE72820	True	feature availability only; labels not accessed
C16orf74	GSE72820	True	feature availability only; labels not accessed
APCDD1	GSE72820	True	feature availability only; labels not accessed
SMDT1	GSE72820	False	feature availability only; labels not accessed
ITM2C	GSE72820	True	feature availability only; labels not accessed
CDC42	GSE72820	True	feature availability only; labels not accessed
ABCG2	GSE72820	True	feature availability only; labels not accessed
EIF1B	GSE72820	True	feature availability only; labels not accessed
MT3	GSE72820	True	feature availability only; labels not accessed
POFUT1	GSE72820	True	feature availability only; labels not accessed
NDUFS2	GSE72820	True	feature availability only; labels not accessed
CPT1A	GSE72820	True	feature availability only; labels not accessed
VENTX	GSE72820	True	feature availability only; labels not accessed
LINC00524	GSE72820	False	feature availability only; labels not accessed
SLC51B	GSE72820	True	feature availability only; labels not accessed
CBS	GSE72820	True	feature availability only; labels not accessed
LINC01996	GSE72820	False	feature availability only; labels not accessed
COX8A	GSE72820	True	feature availability only; labels not accessed
NEURL1B	GSE72820	True	feature availability only; labels not accessed
BPGM	GSE72820	True	feature availability only; labels not accessed
RAB6B	GSE72820	True	feature availability only; labels not accessed
GFI1B	GSE72820	True	feature availability only; labels not accessed
MRPS6	GSE72820	True	feature availability only; labels not accessed
CRTAP	GSE72820	True	feature availability only; labels not accessed
ALDH18A1	GSE72820	True	feature availability only; labels not accessed
RNF5	GSE72820	True	feature availability only; labels not accessed
SLC19A3	GSE72820	True	feature availability only; labels not accessed
ITM2B	GSE72820	True	feature availability only; labels not accessed
ABCA4	GSE72820	True	feature availability only; labels not accessed
PPIF	GSE72820	True	feature availability only; labels not accessed
CLDN2	GSE72820	True	feature availability only; labels not accessed
F2RL1	GSE72820	True	feature availability only; labels not accessed
ODAM	GSE72820	True	feature availability only; labels not accessed
SOCS2	GSE72820	True	feature availability only; labels not accessed
SSTR1	GSE72820	True	feature availability only; labels not accessed
VDAC2	GSE72820	True	feature availability only; labels not accessed
EMP1	GSE72820	True	feature availability only; labels not accessed
MYZAP	GSE72820	True	feature availability only; labels not accessed
IGFL4	GSE72820	True	feature availability only; labels not accessed
CMAS	GSE72820	True	feature availability only; labels not accessed
HS3ST4	GSE72820	True	feature availability only; labels not accessed
SSTR2	GSE72820	True	feature availability only; labels not accessed
LINC02026	GSE72820	False	feature availability only; labels not accessed
NEURL3	GSE72820	True	feature availability only; labels not accessed
CNR1	GSE72820	True	feature availability only; labels not accessed
PHYH	GSE72820	True	feature availability only; labels not accessed
ZNF671	GSE72820	True	feature availability only; labels not accessed
CIAO2A	GSE72820	False	feature availability only; labels not accessed
CNPPD1	GSE72820	True	feature availability only; labels not accessed
NDUFB1	GSE72820	True	feature availability only; labels not accessed
MIR513A1	GSE72820	True	feature availability only; labels not accessed
TMEM74B	GSE72820	True	feature availability only; labels not accessed
USP2	GSE72820	True	feature availability only; labels not accessed
TMEM177	GSE72820	True	feature availability only; labels not accessed
C1orf115	GSE72820	True	feature availability only; labels not accessed
NDUFB5	GSE72820	True	feature availability only; labels not accessed
RUBCNL	GSE72820	False	feature availability only; labels not accessed
FHL1	GSE72820	True	feature availability only; labels not accessed
PXDC1	GSE72820	True	feature availability only; labels not accessed
ARMC3	GSE72820	True	feature availability only; labels not accessed
TARBP2	GSE72820	True	feature availability only; labels not accessed
SHISA9	GSE72820	True	feature availability only; labels not accessed
CEACAM1	GSE72820	True	feature availability only; labels not accessed
LINC01029	GSE72820	False	feature availability only; labels not accessed
UBQLN2	GSE72820	True	feature availability only; labels not accessed
LAMTOR3	GSE72820	True	feature availability only; labels not accessed
LGALS3	GSE117606	True	feature availability only; labels not accessed
SRI	GSE117606	True	feature availability only; labels not accessed
RNF43	GSE117606	True	feature availability only; labels not accessed
IL27RA	GSE117606	True	feature availability only; labels not accessed
SOX4	GSE117606	True	feature availability only; labels not accessed
ASCL2	GSE117606	True	feature availability only; labels not accessed
CHP2	GSE117606	True	feature availability only; labels not accessed
SLC6A6	GSE117606	True	feature availability only; labels not accessed
ATP5MC3	GSE117606	True	feature availability only; labels not accessed
LHFPL7	GSE117606	False	feature availability only; labels not accessed
C15orf48	GSE117606	True	feature availability only; labels not accessed
TMEM171	GSE117606	True	feature availability only; labels not accessed
CYP4X1	GSE117606	True	feature availability only; labels not accessed
CNTN4-AS1	GSE117606	False	feature availability only; labels not accessed
FABP1	GSE117606	True	feature availability only; labels not accessed
LGALS4	GSE117606	True	feature availability only; labels not accessed
CEMIP	GSE117606	True	feature availability only; labels not accessed
ZNRF3	GSE117606	True	feature availability only; labels not accessed
AXIN2	GSE117606	True	feature availability only; labels not accessed
CYCS	GSE117606	True	feature availability only; labels not accessed
DPEP1	GSE117606	True	feature availability only; labels not accessed
SDC3	GSE117606	True	feature availability only; labels not accessed
DHRS11	GSE117606	True	feature availability only; labels not accessed
CA2	GSE117606	True	feature availability only; labels not accessed
EPHB3	GSE117606	True	feature availability only; labels not accessed
COX5A	GSE117606	True	feature availability only; labels not accessed
LGR5	GSE117606	True	feature availability only; labels not accessed
CD9	GSE117606	True	feature availability only; labels not accessed
NDUFA1	GSE117606	True	feature availability only; labels not accessed
MPC2	GSE117606	True	feature availability only; labels not accessed
TSPAN7	GSE117606	True	feature availability only; labels not accessed
LTBP1	GSE117606	True	feature availability only; labels not accessed
MOCS1	GSE117606	True	feature availability only; labels not accessed
AKR1B1	GSE117606	True	feature availability only; labels not accessed
BSG	GSE117606	True	feature availability only; labels not accessed
ARF3	GSE117606	True	feature availability only; labels not accessed
CALM1	GSE117606	True	feature availability only; labels not accessed
LRRC36	GSE117606	True	feature availability only; labels not accessed
ZNF503	GSE117606	True	feature availability only; labels not accessed
CTTNBP2	GSE117606	True	feature availability only; labels not accessed
STBD1	GSE117606	False	feature availability only; labels not accessed
SLC25A5	GSE117606	False	feature availability only; labels not accessed
NDRG1	GSE117606	True	feature availability only; labels not accessed
ZNF703	GSE117606	True	feature availability only; labels not accessed
SQOR	GSE117606	True	feature availability only; labels not accessed
HSPA1A	GSE117606	True	feature availability only; labels not accessed
TMEM158	GSE117606	True	feature availability only; labels not accessed
APLP2	GSE117606	True	feature availability only; labels not accessed
NDUFAB1	GSE117606	True	feature availability only; labels not accessed
IMPA2	GSE117606	True	feature availability only; labels not accessed
UQCRFS1	GSE117606	False	feature availability only; labels not accessed
GLRX2	GSE117606	True	feature availability only; labels not accessed
MSX2	GSE117606	True	feature availability only; labels not accessed
TUSC1	GSE117606	True	feature availability only; labels not accessed
LRRC19	GSE117606	True	feature availability only; labels not accessed
CCL14	GSE117606	False	feature availability only; labels not accessed
ENC1	GSE117606	True	feature availability only; labels not accessed
SLC17A1	GSE117606	True	feature availability only; labels not accessed
KIF3C	GSE117606	True	feature availability only; labels not accessed
DRD2	GSE117606	True	feature availability only; labels not accessed
ITGA9	GSE117606	True	feature availability only; labels not accessed
ETHE1	GSE117606	True	feature availability only; labels not accessed
GDF15	GSE117606	True	feature availability only; labels not accessed
ATP5MG	GSE117606	True	feature availability only; labels not accessed
SLC7A5	GSE117606	True	feature availability only; labels not accessed
FAM162A	GSE117606	True	feature availability only; labels not accessed
RBKS	GSE117606	True	feature availability only; labels not accessed
TBX3	GSE117606	True	feature availability only; labels not accessed
GHITM	GSE117606	True	feature availability only; labels not accessed
SEMA3F	GSE117606	True	feature availability only; labels not accessed
LZTS3	GSE117606	True	feature availability only; labels not accessed
PKIB	GSE117606	True	feature availability only; labels not accessed
PDLIM1	GSE117606	True	feature availability only; labels not accessed
SLC22A5	GSE117606	True	feature availability only; labels not accessed
SLC20A1	GSE117606	True	feature availability only; labels not accessed
CPNE7	GSE117606	True	feature availability only; labels not accessed
PCK1	GSE117606	True	feature availability only; labels not accessed
CAMK2N1	GSE117606	True	feature availability only; labels not accessed
L1TD1	GSE117606	True	feature availability only; labels not accessed
CHP1	GSE117606	True	feature availability only; labels not accessed
TRIP6	GSE117606	True	feature availability only; labels not accessed
ATP5PD	GSE117606	False	feature availability only; labels not accessed
AK2	GSE117606	True	feature availability only; labels not accessed
DBNDD2	GSE117606	False	feature availability only; labels not accessed
CBX6	GSE117606	True	feature availability only; labels not accessed
ANKRD13B	GSE117606	True	feature availability only; labels not accessed
KRT10-AS1	GSE117606	True	feature availability only; labels not accessed
ARL14	GSE117606	True	feature availability only; labels not accessed
COX6C	GSE117606	True	feature availability only; labels not accessed
MYL12A	GSE117606	True	feature availability only; labels not accessed
CLCA4	GSE117606	True	feature availability only; labels not accessed
SDHD	GSE117606	True	feature availability only; labels not accessed
DAB2	GSE117606	True	feature availability only; labels not accessed
HADH	GSE117606	True	feature availability only; labels not accessed
MYORG	GSE117606	True	feature availability only; labels not accessed
UBE2A	GSE117606	True	feature availability only; labels not accessed
DPP10-AS1	GSE117606	True	feature availability only; labels not accessed
FGFRL1	GSE117606	True	feature availability only; labels not accessed
ISL2	GSE117606	True	feature availability only; labels not accessed
TST	GSE117606	True	feature availability only; labels not accessed
CYFIP2	GSE117606	True	feature availability only; labels not accessed
SPIB	GSE117606	True	feature availability only; labels not accessed
PXMP2	GSE117606	True	feature availability only; labels not accessed
SIPA1	GSE117606	True	feature availability only; labels not accessed
NKD1	GSE117606	True	feature availability only; labels not accessed
TPT1	GSE117606	True	feature availability only; labels not accessed
FABP5	GSE117606	False	feature availability only; labels not accessed
PHGR1	GSE117606	False	feature availability only; labels not accessed
FCGRT	GSE117606	True	feature availability only; labels not accessed
PDZD11	GSE117606	True	feature availability only; labels not accessed
SNX7-DT	GSE117606	False	feature availability only; labels not accessed
MPC1	GSE117606	True	feature availability only; labels not accessed
DYNLL1	GSE117606	True	feature availability only; labels not accessed
NDUFA6	GSE117606	True	feature availability only; labels not accessed
GRIN2B	GSE117606	True	feature availability only; labels not accessed
CHASERR	GSE117606	True	feature availability only; labels not accessed
LINC01411	GSE117606	False	feature availability only; labels not accessed
MYL6	GSE117606	True	feature availability only; labels not accessed
LGALS9B	GSE117606	False	feature availability only; labels not accessed
FOXD2	GSE117606	True	feature availability only; labels not accessed
MAD2L1BP	GSE117606	True	feature availability only; labels not accessed
COL9A3	GSE117606	True	feature availability only; labels not accessed
HSBP1	GSE117606	True	feature availability only; labels not accessed
MEX3A	GSE117606	True	feature availability only; labels not accessed
SLC23A1	GSE117606	True	feature availability only; labels not accessed
LINC01315	GSE117606	True	feature availability only; labels not accessed
LINC02563	GSE117606	False	feature availability only; labels not accessed
NOL4L	GSE117606	True	feature availability only; labels not accessed
LRRC2	GSE117606	True	feature availability only; labels not accessed
PATZ1	GSE117606	True	feature availability only; labels not accessed
SLC9A3-OT1	GSE117606	False	feature availability only; labels not accessed
ATP5F1B	GSE117606	True	feature availability only; labels not accessed
WDR1	GSE117606	True	feature availability only; labels not accessed
MRPL34	GSE117606	True	feature availability only; labels not accessed
EPCAM	GSE117606	True	feature availability only; labels not accessed
UGDH	GSE117606	True	feature availability only; labels not accessed
CITED2	GSE117606	True	feature availability only; labels not accessed
LINC02441	GSE117606	False	feature availability only; labels not accessed
COX6A1	GSE117606	False	feature availability only; labels not accessed
NDUFC1	GSE117606	True	feature availability only; labels not accessed
FH	GSE117606	True	feature availability only; labels not accessed
SF3B6	GSE117606	True	feature availability only; labels not accessed
ZNF579	GSE117606	True	feature availability only; labels not accessed
SPOCD1	GSE117606	True	feature availability only; labels not accessed
GNA11	GSE117606	True	feature availability only; labels not accessed
COX7C	GSE117606	True	feature availability only; labels not accessed
DBI	GSE117606	True	feature availability only; labels not accessed
ISCA2	GSE117606	True	feature availability only; labels not accessed
TTC39C	GSE117606	True	feature availability only; labels not accessed
BMP3	GSE117606	True	feature availability only; labels not accessed
PROX1	GSE117606	True	feature availability only; labels not accessed
NDUFB6	GSE117606	True	feature availability only; labels not accessed
KLF4	GSE117606	True	feature availability only; labels not accessed
CDKN2B	GSE117606	True	feature availability only; labels not accessed
LCN15	GSE117606	True	feature availability only; labels not accessed
CDKN2C	GSE117606	True	feature availability only; labels not accessed
HINT1	GSE117606	True	feature availability only; labels not accessed
KLF10	GSE117606	True	feature availability only; labels not accessed
UGT2A3	GSE117606	True	feature availability only; labels not accessed
DGUOK	GSE117606	True	feature availability only; labels not accessed
ARF6	GSE117606	True	feature availability only; labels not accessed
ABRACL	GSE117606	True	feature availability only; labels not accessed
PRDX6	GSE117606	True	feature availability only; labels not accessed
SPMIP2	GSE117606	True	feature availability only; labels not accessed
CA7	GSE117606	True	feature availability only; labels not accessed
SLC25A51	GSE117606	True	feature availability only; labels not accessed
TP53INP2	GSE117606	True	feature availability only; labels not accessed
HUNK	GSE117606	True	feature availability only; labels not accessed
COL4A5	GSE117606	True	feature availability only; labels not accessed
BEX4	GSE117606	True	feature availability only; labels not accessed
NXPE4	GSE117606	True	feature availability only; labels not accessed
PLEKHG4	GSE117606	True	feature availability only; labels not accessed
KCNG1	GSE117606	True	feature availability only; labels not accessed
FKBP1A	GSE117606	True	feature availability only; labels not accessed
MGAT4B	GSE117606	True	feature availability only; labels not accessed
SPINT2	GSE117606	True	feature availability only; labels not accessed
DEFB1	GSE117606	True	feature availability only; labels not accessed
DNAI3	GSE117606	True	feature availability only; labels not accessed
LRRC32	GSE117606	True	feature availability only; labels not accessed
LINC00507	GSE117606	True	feature availability only; labels not accessed
LNC-LBCS	GSE117606	False	feature availability only; labels not accessed
WSCD1	GSE117606	True	feature availability only; labels not accessed
TRIM22	GSE117606	True	feature availability only; labels not accessed
PCK2	GSE117606	True	feature availability only; labels not accessed
CIB2	GSE117606	True	feature availability only; labels not accessed
PTP4A3	GSE117606	True	feature availability only; labels not accessed
MIER3	GSE117606	True	feature availability only; labels not accessed
SLC22A11	GSE117606	True	feature availability only; labels not accessed
SLC40A1	GSE117606	True	feature availability only; labels not accessed
LEF1	GSE117606	True	feature availability only; labels not accessed
GSTM4	GSE117606	True	feature availability only; labels not accessed
GTF2A2	GSE117606	True	feature availability only; labels not accessed
MAP2K5-DT	GSE117606	False	feature availability only; labels not accessed
NDUFB9	GSE117606	True	feature availability only; labels not accessed
FZD5	GSE117606	True	feature availability only; labels not accessed
GON7	GSE117606	True	feature availability only; labels not accessed
ATP5PO	GSE117606	True	feature availability only; labels not accessed
PPIC	GSE117606	True	feature availability only; labels not accessed
DHRS2	GSE117606	True	feature availability only; labels not accessed
ACAA2	GSE117606	True	feature availability only; labels not accessed
ACOX1	GSE117606	True	feature availability only; labels not accessed
OLFM4	GSE117606	True	feature availability only; labels not accessed
PGGHG	GSE117606	True	feature availability only; labels not accessed
TMEM183A	GSE117606	True	feature availability only; labels not accessed
SPINK2	GSE117606	True	feature availability only; labels not accessed
SLC2A5	GSE117606	True	feature availability only; labels not accessed
URAD	GSE117606	False	feature availability only; labels not accessed
CALM2	GSE117606	True	feature availability only; labels not accessed
AQP8	GSE117606	True	feature availability only; labels not accessed
GNG5	GSE117606	True	feature availability only; labels not accessed
RETSAT	GSE117606	True	feature availability only; labels not accessed
NOB1	GSE117606	True	feature availability only; labels not accessed
KAT2A	GSE117606	True	feature availability only; labels not accessed
COL4A2	GSE117606	True	feature availability only; labels not accessed
AATBC	GSE117606	True	feature availability only; labels not accessed
MDS2	GSE117606	True	feature availability only; labels not accessed
B4GALT1-AS1	GSE117606	False	feature availability only; labels not accessed
LINC02100	GSE117606	False	feature availability only; labels not accessed
LRRC8D-DT	GSE117606	False	feature availability only; labels not accessed
RCAN2	GSE117606	True	feature availability only; labels not accessed
B2M	GSE117606	True	feature availability only; labels not accessed
EDA	GSE117606	True	feature availability only; labels not accessed
C16orf74	GSE117606	True	feature availability only; labels not accessed
APCDD1	GSE117606	True	feature availability only; labels not accessed
SMDT1	GSE117606	True	feature availability only; labels not accessed
ITM2C	GSE117606	True	feature availability only; labels not accessed
CDC42	GSE117606	True	feature availability only; labels not accessed
ABCG2	GSE117606	True	feature availability only; labels not accessed
EIF1B	GSE117606	True	feature availability only; labels not accessed
MT3	GSE117606	True	feature availability only; labels not accessed
POFUT1	GSE117606	True	feature availability only; labels not accessed
NDUFS2	GSE117606	True	feature availability only; labels not accessed
CPT1A	GSE117606	True	feature availability only; labels not accessed
VENTX	GSE117606	True	feature availability only; labels not accessed
LINC00524	GSE117606	False	feature availability only; labels not accessed
SLC51B	GSE117606	True	feature availability only; labels not accessed
CBS	GSE117606	False	feature availability only; labels not accessed
LINC01996	GSE117606	False	feature availability only; labels not accessed
COX8A	GSE117606	True	feature availability only; labels not accessed
NEURL1B	GSE117606	True	feature availability only; labels not accessed
BPGM	GSE117606	True	feature availability only; labels not accessed
RAB6B	GSE117606	True	feature availability only; labels not accessed
GFI1B	GSE117606	True	feature availability only; labels not accessed
MRPS6	GSE117606	True	feature availability only; labels not accessed
CRTAP	GSE117606	True	feature availability only; labels not accessed
ALDH18A1	GSE117606	True	feature availability only; labels not accessed
RNF5	GSE117606	False	feature availability only; labels not accessed
SLC19A3	GSE117606	True	feature availability only; labels not accessed
ITM2B	GSE117606	True	feature availability only; labels not accessed
ABCA4	GSE117606	True	feature availability only; labels not accessed
PPIF	GSE117606	True	feature availability only; labels not accessed
CLDN2	GSE117606	True	feature availability only; labels not accessed
F2RL1	GSE117606	True	feature availability only; labels not accessed
ODAM	GSE117606	True	feature availability only; labels not accessed
SOCS2	GSE117606	True	feature availability only; labels not accessed
SSTR1	GSE117606	True	feature availability only; labels not accessed
VDAC2	GSE117606	False	feature availability only; labels not accessed
EMP1	GSE117606	True	feature availability only; labels not accessed
MYZAP	GSE117606	True	feature availability only; labels not accessed
IGFL4	GSE117606	False	feature availability only; labels not accessed
CMAS	GSE117606	True	feature availability only; labels not accessed
HS3ST4	GSE117606	True	feature availability only; labels not accessed
SSTR2	GSE117606	True	feature availability only; labels not accessed
LINC02026	GSE117606	True	feature availability only; labels not accessed
NEURL3	GSE117606	True	feature availability only; labels not accessed
CNR1	GSE117606	True	feature availability only; labels not accessed
PHYH	GSE117606	True	feature availability only; labels not accessed
ZNF671	GSE117606	True	feature availability only; labels not accessed
CIAO2A	GSE117606	True	feature availability only; labels not accessed
CNPPD1	GSE117606	True	feature availability only; labels not accessed
NDUFB1	GSE117606	True	feature availability only; labels not accessed
MIR513A1	GSE117606	False	feature availability only; labels not accessed
TMEM74B	GSE117606	True	feature availability only; labels not accessed
USP2	GSE117606	True	feature availability only; labels not accessed
TMEM177	GSE117606	True	feature availability only; labels not accessed
C1orf115	GSE117606	True	feature availability only; labels not accessed
NDUFB5	GSE117606	True	feature availability only; labels not accessed
RUBCNL	GSE117606	True	feature availability only; labels not accessed
FHL1	GSE117606	True	feature availability only; labels not accessed
PXDC1	GSE117606	True	feature availability only; labels not accessed
ARMC3	GSE117606	True	feature availability only; labels not accessed
TARBP2	GSE117606	True	feature availability only; labels not accessed
SHISA9	GSE117606	True	feature availability only; labels not accessed
CEACAM1	GSE117606	True	feature availability only; labels not accessed
LINC01029	GSE117606	True	feature availability only; labels not accessed
UBQLN2	GSE117606	True	feature availability only; labels not accessed
LAMTOR3	GSE117606	True	feature availability only; labels not accessed
