gene	x	module
RPA2	1	grey
PUS1	2	grey
ANAPC7	3	grey
ZNF7	4	grey
CDK14	5	grey
ZFYVE26	6	grey
RNF19B	7	M07
DDX3X	8	grey
KATNA1	9	grey
NAA40	10	grey
COQ7	11	grey
SLC35E1	12	grey
ISG20L2	13	grey
TLCD3A	14	grey
CASP8	15	grey
SRR	16	grey
RPL7L1	17	grey
ZNF429	18	grey
USP30	19	grey
TTL	20	grey
RBBP5	21	grey
INPP1	22	grey
COPS4	23	grey
ARL3	24	grey
FN3KRP	25	grey
SETD4	26	grey
RPS6KA2	27	grey
BNIP3L	28	grey
DIDO1	29	grey
YBX1	30	M09
ILF3	31	grey
POLB	32	grey
STK38	33	grey
CBX1	34	grey
SP1	35	grey
SORD	36	M05
PARP9	37	grey
CHSY1	38	M01
PANK1	39	grey
MCOLN2	40	M01
COQ5	41	grey
NCOA5	42	grey
PTPN14	43	grey
SESTD1	44	grey
PTGFRN	45	M05
ENSG00000232063	46	grey
PEX11A	47	grey
SLC31A1	48	grey
HMGN3	49	grey
TPD52L1	50	grey
GOT1	51	grey
EEF1E1	52	grey
ZBTB5	53	grey
JAG1	54	grey
TDP1	55	M04
GLIDR	56	M02
CORO1C	57	M05
NSUN2	58	M09
ASB3	59	grey
DMGDH	60	grey
SIRT5	61	grey
BLOC1S5	62	grey
CYP3A5	63	M10
EEPD1	64	grey
EPSTI1	65	grey
PPP2R5A	66	grey
ABHD2	67	M01
IRS2	68	grey
SIAH2	69	grey
CPT1A	70	grey
BCAS2	71	grey
SKIL	72	grey
EPB41L2	73	M05
METTL21A	74	M05
HARS2	75	grey
PTGR1	76	M05
OXR1	77	grey
USP28	78	M05
CSE1L	79	grey
ACP6	80	M09
EIF2S3	81	M05
SMYD2	82	grey
ELOVL7	83	M01
UTP25	84	M05
PIGM	85	M05
RGMB	86	grey
NAP1L1	87	M09
CLNS1A	88	M05
MCCC1	89	M01
DIS3L	90	grey
PAICS	91	M05
GART	92	M05
C6orf62	93	M01
CEP63	94	grey
MTPAP	95	M05
TBPL1	96	M05
UTP4	97	grey
HNRNPH1	98	M09
ZNF121	99	M05
CPSF7	100	M05
ZW10	101	grey
MKKS	102	M08
UBE2F	103	grey
LDLR	104	grey
FDFT1	105	M07
SC5D	106	M01
SIAE	107	M05
INSIG1	108	M01
HMGCR	109	M05
IDI1	110	M01
MSMO1	111	M05
TOR1B	112	M04
YIPF5	113	M01
TMED5	114	grey
EFR3A	115	grey
APIP	116	M05
PSMD12	117	M05
NUDT5	118	M05
HOMEZ	119	grey
PLBD1	120	grey
TCTN3	121	M01
TBX3	122	grey
PLEK2	123	M04
GLE1	124	grey
PAM	125	M01
TAF11	126	M05
ANKRD23	127	M05
TSPAN12	128	M05
GPC4	129	grey
FAM3C	130	M05
CNEP1R1	131	grey
HYCC2	132	M05
DCAF12	133	M05
ELOA	134	M05
TMEM60	135	grey
ZNF451	136	M09
SPRYD7	137	grey
PDXDC1	138	grey
ENSG00000271254	139	M05
MFAP3	140	grey
METTL5	141	grey
MAIP1	142	grey
CASP4	143	grey
MPZL1	144	grey
AMMECR1L	145	grey
ADH1C	146	M04
GOLM1	147	M04
ARHGEF35	148	M05
SDE2	149	M05
UXS1	150	M05
TMEM242	151	grey
CNIH4	152	M04
SAR1A	153	M04
COMMD2	154	M05
PDE1A	155	M05
HUS1	156	M07
C1orf174	157	M05
CAMLG	158	M05
C8orf76	159	M05
VANGL1	160	M05
WASHC3	161	M01
DENND10	162	M05
PTS	163	M04
BAG3	164	grey
KAT7	165	M05
RPP30	166	M08
ADAR	167	M04
NCOA7	168	M05
RBM17	169	M05
ATG5	170	M10
CAB39	171	M10
GPD1L	172	M04
KANSL2	173	M04
GNE	174	M01
BRPF3	175	M05
ARNT	176	M05
RALB	177	M05
GTF2E2	178	grey
AP3M1	179	M01
SLC27A2	180	M10
ZMPSTE24	181	M01
GLUD1	182	M01
ATP10B	183	M01
CAND1	184	M01
CSNK2A1	185	M01
UBE2R2	186	M10
DNAJC10	187	M01
FBXO3	188	M05
KDSR	189	M01
MITD1	190	grey
MAPK6	191	M01
PDCD10	192	M05
BTBD3	193	M05
RAB7A	194	M04
DERA	195	M01
SLC35A5	196	M05
THBS1	197	M01
ENDOD1	198	grey
CAPN2	199	M01
BTG1	200	grey
CHMP2B	201	M05
NEU3	202	M05
AQR	203	M05
USP7	204	M05
MRPS27	205	M05
CCNB1IP1	206	M05
PPP1R2	207	M05
SMIM19	208	M08
ZCCHC9	209	M05
NAT1	210	M05
PSMD1	211	M05
FAM120AOS	212	M05
WLS	213	grey
ARF4	214	M05
TSHZ1	215	grey
BZW1	216	M10
DCAF10	217	grey
LMO4	218	M05
CNN3	219	M05
WTAP	220	M04
ASNS	221	M04
YTHDF1	222	M04
PITHD1	223	M04
SETD7	224	M04
ASB8	225	grey
SERPINB1	226	M04
IDS	227	M02
SYAP1	228	M04
PDK1	229	M05
NETO2	230	M05
LGALS8	231	M05
AREL1	232	M05
CROT	233	M04
MED10	234	M05
TGFBRAP1	235	M05
SLC39A14	236	M05
MTHFS	237	grey
AXIN2	238	M05
TRIM26	239	M04
FOXJ2	240	M04
UTP6	241	M05
FASTKD2	242	M08
LACTB	243	M05
SCAF4	244	M05
SMARCE1	245	M05
REXO2	246	M05
JMY	247	M02
PAIP1	248	M01
TRIM13	249	M01
NCBP1	250	M01
MTARC1	251	M05
MED30	252	M02
TXNRD1	253	M05
DYNC1I2	254	M05
RP2	255	M05
DTX3L	256	M05
LYPLAL1	257	M05
CCDC90B	258	M05
CRLS1	259	M05
HSPA1B	260	M02
PCK1	261	grey
CA2	262	M04
NAAA	263	grey
CTNNA1	264	M05
PARM1	265	M05
PLEKHB2	266	M04
MKRN1	267	M04
TXNIP	268	M04
MTMR11	269	M04
AKR1B10	270	M07
SLC22A5	271	grey
MEP1A	272	M07
AMACR	273	M04
SLC20A1	274	M04
SIAH1	275	M05
GLRX3	276	M05
ENSG00000243004	277	M05
ZMAT3	278	M05
COPS8	279	M05
NOA1	280	M09
IPO5	281	M05
RSL1D1	282	M08
EID1	283	M05
TXNL1	284	M05
CWH43	285	M05
UTP18	286	M05
BCL9	287	M01
DPH5	288	M05
PTPN1	289	M05
GORASP2	290	M01
RDH11	291	M05
MAP2K1	292	M05
PEX7	293	M05
ASNSD1	294	M01
ZFP36L1	295	M01
TRIM44	296	M01
OSBP	297	M01
CMC2	298	M05
ZCRB1	299	M05
TARS1	300	M01
VEZF1	301	M05
SRSF5	302	M04
NRDC	303	M05
FAM91A1	304	M05
TRAM1	305	M05
DNAJB6	306	M05
GARS1	307	M04
AKIRIN1	308	M05
ODC1	309	grey
MIPEP	310	M05
MAPK9	311	M04
FRG1	312	M05
TRAPPC2	313	M04
TMEM68	314	M05
SOWAHC	315	M05
CASP2	316	M05
ERI1	317	M10
NBPF10	318	M05
SS18	319	M05
FLVCR1	320	M05
CAPZA2	321	M05
PHYH	322	M05
ZFAND5	323	M05
TMEM128	324	M05
CCDC50	325	M05
PAPSS1	326	M05
SMIM20	327	M04
MIEF1	328	M04
TIAL1	329	M04
CPSF3	330	M04
PRCP	331	M05
NADK2	332	M09
PIGP	333	M05
NFU1	334	M05
GGPS1	335	M05
MIA3	336	M04
ACO1	337	M05
TNFRSF21	338	M07
TJP1	339	M05
ATP6V1D	340	M05
PIGX	341	M05
BEX4	342	M05
SPAG16	343	M05
TRAM2	344	M05
CSNK2A2	345	M05
YRDC	346	M05
PGM2	347	M05
PABIR2	348	M05
PCGF5	349	M05
SVIP	350	M05
TRAK2	351	M09
ANXA5	352	M05
TM7SF3	353	M05
SMU1	354	M05
STT3A	355	M05
TXNDC5	356	M05
GNL2	357	M05
ALG5	358	M05
TIMM21	359	M05
CSTF1	360	M09
MRPL15	361	M04
LAPTM4B	362	M08
NUDT9	363	M05
PRDM4	364	M05
BRI3BP	365	M05
KBTBD11	366	M04
ATP1B3	367	M10
SMAD4	368	M05
CGGBP1	369	M05
C5orf15	370	M05
PATL1	371	M05
COPA	372	M05
BIRC2	373	M05
EFCAB6	374	M05
AZIN1	375	M05
ARL6IP1	376	M05
LRATD1	377	M09
LSM14B	378	M05
PHF6	379	M05
MRAP2	380	M05
ARL5A	381	M05
ING3	382	M05
UBE2N	383	M05
UBE2V2	384	M05
SRSF7	385	M05
YTHDF2	386	M05
PLSCR1	387	M05
RNF145	388	M05
MAOA	389	M01
SUDS3	390	M05
SIKE1	391	M05
IFRD1	392	M05
CHUK	393	M05
FBXW2	394	M05
OCRL	395	M05
CCDC25	396	M10
ZNF24	397	M05
TMEM167A	398	M05
TMX4	399	M05
AP1G1	400	M01
IARS2	401	M01
KRCC1	402	M01
TMCO1	403	M05
DSC2	404	M01
UAP1	405	M01
SLC35D1	406	M01
NUP50	407	M05
F2RL1	408	M05
TAX1BP1	409	M05
ACTR3	410	M05
RAB14	411	M10
LMO7	412	M01
CXADR	413	M01
TFRC	414	M05
TOB1	415	M05
PSMC6	416	M01
CAPZA1	417	M05
ATP6AP2	418	M05
TMEM30A	419	M05
TMED7	420	M05
TDP2	421	M05
PGM3	422	M01
HIRA	423	M05
ETFA	424	M05
SUGT1	425	M05
SUMO1	426	M05
TAF7	427	M05
RPIA	428	M05
NUDCD2	429	M05
STEAP2	430	M05
NT5E	431	M05
API5	432	M05
UBE2D3	433	M05
SOD2	434	M05
RNF141	435	M05
GTF3A	436	M05
ERLIN2	437	M05
PNRC1	438	M05
HIPK1	439	M05
GALNT4	440	M05
SLAIN2	441	M05
GCA	442	M05
NSA2	443	M05
KIAA1143	444	M05
DNAJC3	445	M05
GBP3	446	M05
RBM18	447	M05
C11orf54	448	M05
RRM1	449	M05
MBD2	450	M05
ASAH1	451	M05
DCTN6	452	M05
AK6	453	M05
YWHAG	454	M05
RHEB	455	M05
SEC23B	456	M05
ATMIN	457	M05
PPA1	458	M05
CHAMP1	459	M05
RPF1	460	M05
PSMA8	461	M05
ZNF28	462	M05
RTCA	463	M05
UBE2D1	464	M05
PRRC1	465	M01
ERCC5	466	M01
COPB2	467	M05
SLU7	468	M01
SMIM14	469	M05
KRAS	470	M01
EFCAB14	471	M05
FYCO1	472	M01
PANK3	473	M05
PPP2R1B	474	M05
COG3	475	M01
TM9SF2	476	M05
CDKN1B	477	M05
SH3GLB1	478	M05
ERP44	479	M05
XRCC5	480	M05
FGD5-AS1	481	M05
SELENOT	482	M05
GAREM1	483	M05
ACTR2	484	M05
FYTTD1	485	M05
SEPTIN2	486	M05
INTS14	487	M05
CPNE3	488	M05
OAT	489	M05
IRF2BPL	490	M05
MTRR	491	M05
HSPA9	492	M05
PPP1CC	493	M05
UBQLN1	494	M05
RNF128	495	M05
BRD7	496	M05
PROSER1	497	M05
CMPK1	498	M05
PRKAR1A	499	M05
PURB	500	M05
SLC5A3	501	M05
ETF1	502	M05
HDAC2	503	M05
IDH1	504	M05
TMEM30B	505	M05
NCOA4	506	M05
SEC22B	507	M05
CD164	508	M05
MARCKS	509	M05
NARS1	510	M05
AP3S1	511	M05
CCNG2	512	M05
ARPC5	513	M05
TSC22D1	514	M05
DR1	515	M05
CDH17	516	M05
MAPK1IP1L	517	M05
SBDS	518	M05
GSKIP	519	M05
NPTN	520	M05
SAR1B	521	M05
NDFIP2	522	M05
RMND5A	523	M05
SERINC1	524	M05
SH3BGRL2	525	M05
LEPROT	526	M05
SCARB2	527	M05
PPM1A	528	M05
YWHAZ	529	M05
XBP1	530	M05
PSMD14	531	M05
NUDT15	532	M05
CHMP4C	533	M05
RAP2B	534	M05
HERPUD1	535	M05
NUDT4	536	M05
DPM1	537	M05
NOL7	538	M05
SNW1	539	M05
GLOD4	540	M05
HTATSF1	541	M05
CNOT7	542	M05
MRPS35	543	M05
DDX1	544	M05
RBBP7	545	M05
GSPT1	546	M05
CREG1	547	M05
HSD17B12	548	M05
MAGOH	549	M05
TM2D3	550	M05
KLHL12	551	M05
HINT3	552	M05
RAB4A	553	M05
FKBP1A	554	M05
CMAS	555	M05
HNRNPH2	556	M05
BPNT2	557	M05
WBP11	558	M05
MRPS10	559	M05
DUSP11	560	M05
C1D	561	M05
EIF2S2	562	M05
PRPF38A	563	M05
MMADHC	564	M05
NDUFB5	565	M05
SRP9	566	M05
ALDH9A1	567	M05
ERH	568	M05
DNAJA1	569	M05
TFG	570	M05
METTL9	571	M05
SPCS3	572	M05
CSDE1	573	M05
MSL1	574	M05
HADHB	575	M05
SRSF1	576	M05
NAA20	577	M05
RABGGTB	578	M05
DNAJA2	579	M05
PRELID3B	580	M05
USP38	581	M05
MAT2B	582	M05
DDX5	583	M05
IER3IP1	584	M05
CDV3	585	M05
SARAF	586	M05
SPCS2	587	M05
TMED10	588	M05
NIPSNAP3A	589	M05
SRSF3	590	M05
OSTC	591	M05
PABPC1	592	M05
HNRNPK	593	M05
MRPL3	594	M05
ADH5	595	M05
PGRMC2	596	M05
ISOC1	597	M05
DECR1	598	M05
CNIH1	599	M05
SMIM15	600	M05
YWHAQ	601	M05
EIF4B	602	M05
EIF4A2	603	M05
HSPA5	604	M05
MRPL47	605	M05
LAPTM4A	606	M05
ARL1	607	M05
TSPAN13	608	M05
SDCBP	609	M05
TMEM33	610	M05
POLR2M	611	M05
PEX2	612	M05
IVNS1ABP	613	M05
SPTSSA	614	M05
SERINC3	615	M05
ZNF664	616	M05
VPS35	617	M05
SCP2	618	M05
TMED2	619	M05
YWHAE	620	M05
EIF4G2	621	M05
CLTC	622	M05
NRAS	623	M05
NET1	624	M05
CBX3	625	M05
DLD	626	M05
EIF2A	627	M05
CNBP	628	M05
THOC7	629	M05
PRPS2	630	M05
COX18	631	M05
ERO1A	632	M05
FOXA1	633	M05
SMS	634	M05
MCCC2	635	M05
RAD23B	636	M05
METAP1	637	M05
EPM2AIP1	638	M05
C2orf69	639	M05
PAPOLA	640	M05
IMPACT	641	M05
CLPX	642	M05
UGT2A3	643	M05
MGST1	644	M05
PRKRA	645	M05
PMPCB	646	M05
GRSF1	647	M05
NCBP2	648	M05
LEO1	649	M05
PPP1R15B	650	M05
DNAJB11	651	M05
NORAD	652	M05
ADGRE3	653	M05
SELENOF	654	M05
MORF4L2	655	M05
BAG5	656	M05
CCDC47	657	M05
GLO1	658	M05
HSP90B1	659	M05
PDIA3	660	M05
ARPP19	661	M05
SSR1	662	M05
GNAI3	663	M05
SNX7	664	M05
DSG2	665	M05
RPRD1B	666	M05
PON2	667	M05
TRA2B	668	M05
PTGER4	669	M05
ACADSB	670	M05
RO60	671	M05
TMX1	672	M05
TMEM230	673	M05
ME2	674	M05
UBE2E3	675	M05
OCIAD1	676	M05
MORF4L1	677	M05
OIP5-AS1	678	M05
EBAG9	679	M05
DHX9	680	M05
BLOC1S6	681	M05
EIF2S1	682	M05
CANX	683	M05
EPRS1	684	M05
SET	685	M05
GAR1	686	M05
CCND2	687	M05
HNRNPD	688	M05
CCT6A	689	M05
LRPPRC	690	M05
G3BP1	691	M05
HNRNPA3	692	M05
SFPQ	693	M05
HSPD1	694	M05
GLT8D1	695	M10
PCTP	696	M10
KPNB1	697	M10
MTCH2	698	M10
SLC35A1	699	M10
TAF9	700	M10
MRPL13	701	M10
GTF2H5	702	M10
PSMA4	703	M10
MT-ND4L	704	M10
MT-ND3	705	M10
COX7B	706	M10
ATP5MJ	707	M10
LHFPL3	708	M10
CCNI	709	M10
AIMP1	710	M10
AHCYL1	711	M10
CNOT2	712	M10
YIPF6	713	M10
CMTM6	714	M10
COPB1	715	M10
FAM111A	716	M10
NDFIP1	717	M10
TSPAN8	718	M10
MAN2A1	719	M10
EIF3E	720	M10
NOL11	721	M10
ZDHHC6	722	M10
GDI2	723	M10
ESD	724	M10
RTN4	725	M10
TUG1	726	M10
NDUFA5	727	M10
DSTN	728	M10
PTP4A2	729	M10
ZNF286B	730	M04
DRAM2	731	M05
NLN	732	M05
ANP32A	733	M05
AGA	734	M04
CAT	735	M05
TCEAL8	736	M04
FAM136A	737	M08
NCL	738	M05
RBM3	739	M08
ACP1	740	M08
SEC11C	741	M04
COPS3	742	M05
MED6	743	M05
METTL13	744	M04
MOCS2	745	M04
PRDX4	746	M04
UBFD1	747	M04
CEP43	748	M04
TPRKB	749	M04
LEPROTL1	750	M05
PCYT1A	751	M04
HEXB	752	M04
PFKFB2	753	M05
EMC4	754	M04
ALDH1A1	755	M05
CTSS	756	M04
CITED2	757	M04
SETD3	758	M04
CDH12	759	M04
HMGN2	760	M04
HNRNPUL2	761	M04
PIGK	762	M08
CISD1	763	grey
TMEM126B	764	M04
COPS5	765	M09
CHASERR	766	M05
PPCS	767	M05
NIF3L1	768	M08
HOXA10	769	M04
TRMT5	770	M04
COX15	771	M04
GGH	772	M09
RIDA	773	M09
ACTR10	774	M09
STRAP	775	M09
LINC01492	776	M09
SRSF6	777	M09
TMT1A	778	M09
ALDH3A2	779	M09
NXPE4	780	M09
TSPYL1	781	M09
TSN	782	M09
ANKRD10	783	M09
HSD17B4	784	M09
C9orf152	785	M09
CREBZF	786	M09
WDR41	787	M09
FAM210B	788	M09
SCCPDH	789	M09
TMEM14A	790	M09
MRPS30	791	M09
DNAJC19	792	M09
TCEAL9	793	M09
PRDX3	794	M09
DUT	795	M09
BOD1	796	M09
YBX3	797	M09
HNRNPDL	798	M09
MTHFD2	799	M09
NUDT21	800	M09
ISCA1	801	M09
TCP1	802	M09
STMP1	803	M09
MEAF6	804	M09
COX16	805	M09
TMEM14B	806	M09
SRSF8	807	M09
SEC11A	808	M09
GLUL	809	M09
SRSF2	810	M09
SNHG1	811	M09
SKIC8	812	M09
LTA4H	813	M09
IRF2BP2	814	M09
NPM1	815	M09
CLVS1	816	M09
TOMM20	817	M09
ANP32B	818	M09
ST13	819	M09
HS3ST4	820	M09
PDCD2	821	M09
PSMG1	822	M09
DKC1	823	M09
UNG	824	M09
CCT2	825	M09
SOX9	826	M09
SPG21	827	M09
UFM1	828	M09
SNX5	829	M09
WDR82	830	M04
VCF2	831	M04
TIMM10B	832	M04
REEP5	833	M04
SLC35A2	834	M04
DNAI3	835	M04
BCL2L2	836	M04
TAF13	837	M04
FDX1	838	M04
PIGC	839	M04
ATP6V1G1	840	M04
CHMP1B	841	M04
PGAM1	842	M04
VEGFA	843	M04
TMEM98	844	M04
CHRAC1	845	M04
MT-TP	846	M04
STBD1	847	M04
HSD17B2	848	M04
HDAC9	849	M04
GTF2A2	850	M04
JAGN1	851	M04
PAFAH1B2	852	M04
NDRG1	853	M04
ACAA2	854	M04
SEPHS2	855	M04
CDC42	856	M04
TMBIM4	857	M04
CHP1	858	M04
PTTG1IP	859	M04
H1-0	860	M04
CFAP20	861	M04
PRR15	862	M04
TMEM106C	863	M04
DNAJB1	864	M04
TXNDC12	865	M04
RIC8A	866	M04
PIM1	867	M04
TOB2	868	M04
SELENOS	869	M04
IER5	870	M04
ZFP36	871	M04
HDDC2	872	M04
ZNF330	873	M04
CADM2	874	M04
MRPL18	875	M04
BTG2	876	M04
CISD2	877	M04
PSMD6	878	M04
SSR3	879	M04
CACYBP	880	M04
FUT4	881	M04
CTSC	882	M04
PEX11B	883	M04
MANSC1	884	M04
ERLIN1	885	M04
EMC7	886	M04
EIF1B	887	M04
ELOC	888	M04
TMEM50B	889	M04
PDCD6IP	890	M04
UBR7	891	M04
NEDD9	892	M04
ECI2	893	M04
BUB3	894	M04
SCO1	895	M04
RAP1A	896	M04
PSMA3	897	M04
EIF2AK1	898	M04
TPMT	899	M04
EIF4H	900	M04
SNX12	901	M04
PERP	902	M04
CEBPG	903	M04
VAMP3	904	M04
LSM3	905	M04
UNC50	906	M04
CHCHD7	907	M04
FILIP1	908	M04
SRP19	909	M04
LAMP2	910	M04
PGAP4	911	M04
SNX3	912	M04
MRFAP1L1	913	M04
C18orf32	914	M04
APOL6	915	M04
GNAS	916	M04
ACAT1	917	M04
ANXA7	918	M04
MPC1	919	M04
VPS26C	920	M04
SFT2D1	921	M04
CD24	922	M04
CYCS	923	M04
BCL10	924	M04
TOR1AIP2	925	M04
CASP7	926	M04
RFK	927	M04
FANCF	928	M04
TBCA	929	M04
GNG10	930	M04
LAP3	931	M04
SUMO2	932	M04
HNRNPF	933	M04
DTWD2	934	M04
PTMA	935	M04
ATL3	936	M04
ADIPOR1	937	M04
TES	938	M04
TMEM50A	939	M04
RAB9A	940	M04
RBM22	941	M04
SYPL1	942	M04
ABT1	943	M04
TPP1	944	M04
MAP1LC3B	945	M04
PSMG2	946	M04
LSM6	947	M04
MAPRE1	948	M04
CAP1	949	M04
PSMD11	950	M04
ARF6	951	M04
CYP2J2	952	M04
TSPAN7	953	M04
PCMT1	954	M04
CTNND1	955	M04
CHMP3	956	M04
EI24	957	M04
ABHD10	958	M04
FH	959	M04
ATP5MK	960	M04
KLHL9	961	M04
VDAC3	962	M04
SNRPB2	963	M04
ATG3	964	M04
LSM5	965	M04
SSBP1	966	M04
RPL7	967	M04
SLC25A3	968	M04
CSF1R	969	M04
CCT8	970	M04
UQCRC2	971	M04
CS	972	M04
ATP6V1B2	973	M04
SKP1	974	M04
RNF103	975	M04
MAL2	976	M04
EIF4EBP2	977	M04
RHOA	978	M04
TMBIM6	979	M04
C17orf58	980	M04
MAGEF1	981	M04
COMMD3	982	M04
ITM2B	983	M04
TMEM59	984	M04
CD59	985	M04
LRRC19	986	M04
UBE2A	987	M04
KIAA1191	988	M04
MRPL35	989	M04
HNRNPH3	990	M04
PDHB	991	M04
MRPS6	992	M04
MGST2	993	M04
TMEM14C	994	M04
EIF3H	995	M04
GMPR2	996	M04
SNRPG	997	M04
SPCS1	998	M04
RTRAF	999	M04
EDEM1	1000	M04
CHMP5	1001	M04
TSPAN6	1002	M04
FUCA1	1003	M04
IRF6	1004	M04
CALM1	1005	M04
FZD5	1006	M04
MDH1	1007	M04
MACROH2A1	1008	M04
LAMTOR3	1009	M04
GHITM	1010	M04
MOB1A	1011	M04
LIN7C	1012	M04
VDAC2	1013	M04
SAP30L	1014	M04
PPP2CA	1015	M04
HMGN1	1016	M04
VDAC1	1017	M04
SDHD	1018	M04
EPCAM	1019	M04
DERL1	1020	M04
PSMC2	1021	M04
HIGD1A	1022	M04
DAZAP2	1023	M04
PGRMC1	1024	M04
CDH1	1025	M04
TSPAN3	1026	M04
TMEM9B	1027	M04
KLF4	1028	M04
GABARAPL2	1029	M04
B2M	1030	M04
LDHA	1031	M04
PTP4A1	1032	M04
ARCN1	1033	M04
YWHAB	1034	M04
H3-3B	1035	M04
RAB11A	1036	M04
SEC61G	1037	M04
CALM2	1038	M04
SUB1	1039	M04
TRIB1	1040	M04
CD9	1041	M04
ZNF706	1042	M04
UBE2V1	1043	M04
PAQR8	1044	M04
UBE2Q1	1045	M04
YWHAH	1046	M04
WRNIP1	1047	M04
TMEM248	1048	M04
HTATIP2	1049	M04
MCL1	1050	M04
DYNLT1	1051	M04
ARPC3	1052	M04
COX6C	1053	M04
ENSG00000235419	1054	M04
TXN	1055	M04
ABRACL	1056	M04
GLRX5	1057	M04
ACTG1	1058	M04
GID8	1059	M04
WDR45B	1060	M04
SF3B6	1061	M04
TMEM183A	1062	M04
GTF3C6	1063	M04
GGCT	1064	M04
HNRNPA2B1	1065	M04
TARDBP	1066	M04
ATP5F1C	1067	M04
BTF3	1068	M04
MRFAP1	1069	M04
ATP5F1A	1070	M04
C1orf43	1071	M04
ATP5PB	1072	M04
ALG2	1073	M04
PGK1	1074	M04
PFN2	1075	M04
COX7A2L	1076	M04
STARD7	1077	M04
PRPSAP1	1078	grey
STX18	1079	grey
CERK	1080	grey
GNG4	1081	grey
GATB	1082	grey
GLIPR2	1083	grey
TUBD1	1084	grey
IL3RA	1085	grey
NF2	1086	M03
ZNF496	1087	grey
RNF216	1088	grey
USP36	1089	grey
RIC1	1090	grey
CAPN13	1091	grey
HOTTIP	1092	grey
DENND2D	1093	grey
LIMCH1	1094	grey
BACE2	1095	grey
GPT2	1096	grey
ANXA3	1097	grey
SKA2	1098	grey
CYB561	1099	grey
FOXA2	1100	grey
AGR2	1101	grey
ST6GALNAC1	1102	grey
ZNF529	1103	grey
ERCC3	1104	M08
MRM2	1105	grey
MAML1	1106	grey
PTGES3	1107	grey
ALDH1L1	1108	grey
ARHGAP4	1109	grey
IL1R2	1110	grey
RFWD3	1111	grey
TRMO	1112	grey
PSMF1	1113	grey
ME1	1114	grey
DOCK8	1115	grey
EML6	1116	grey
CADPS	1117	grey
MAGI2	1118	grey
DCTN5	1119	grey
PCGF3	1120	grey
ZC3H7B	1121	M02
CAMTA2	1122	grey
LMF1	1123	grey
HSCB	1124	grey
TNFRSF10D	1125	grey
PARP16	1126	grey
PPME1	1127	grey
RNF157	1128	grey
PHF8	1129	grey
ACYP1	1130	grey
DLL4	1131	grey
RRP12	1132	M02
SLC35E3	1133	grey
PIGG	1134	grey
PANK2	1135	grey
NSUN4	1136	grey
ZNF875	1137	grey
PAAF1	1138	grey
AFMID	1139	M02
GSTO2	1140	M02
DHX33	1141	grey
ARSL	1142	grey
TIMM44	1143	grey
MLEC	1144	M02
DDX39B	1145	grey
GFOD1	1146	grey
LGALS9C	1147	grey
PDE9A	1148	grey
NOPCHAP1	1149	grey
SLC22A4	1150	grey
ID2	1151	grey
BRD8	1152	grey
MALSU1	1153	grey
MAP3K15	1154	grey
SCUBE2	1155	grey
SMARCC2	1156	grey
PRUNE1	1157	grey
NUDT19	1158	grey
CCNB2	1159	grey
MKI67	1160	grey
MMS19	1161	M02
CRKL	1162	grey
ZBTB4	1163	grey
DNAAF10	1164	M02
DCPS	1165	M02
CDK5RAP1	1166	grey
EARS2	1167	grey
YARS2	1168	grey
CARS2	1169	M02
TMEM161A	1170	M02
CDCA8	1171	grey
BCL2L15	1172	grey
AKIRIN2	1173	M07
AGMAT	1174	grey
DHRS7B	1175	grey
ZNF236-DT	1176	grey
ENSG00000281593	1177	grey
NPHP3	1178	grey
NDRG3	1179	grey
NPAS2	1180	M06
KIAA0319L	1181	M06
DHX8	1182	M06
GALNT6	1183	M06
MAP3K3	1184	M06
GTF3C2	1185	M06
CRK	1186	M06
COG7	1187	M06
ACOT7	1188	M06
FAM83F	1189	M06
KSR2	1190	M06
CHCHD6	1191	M06
NUDT2	1192	M06
DPF2	1193	M06
NUP210	1194	M06
TBC1D16	1195	M06
YJU2B	1196	M06
DNMT3A	1197	M06
ELAPOR1	1198	M06
CCDC137	1199	M06
SPSB1	1200	M06
ERICH1	1201	M06
ENSG00000270149	1202	M06
USP20	1203	M06
PPP1R10	1204	M06
KPNA6	1205	M06
RCC1	1206	M06
TARS2	1207	M06
ANKRD13D	1208	M06
ELP6	1209	M06
DHX34	1210	M06
FBXL18	1211	M06
HSH2D	1212	M06
TFEB	1213	M06
ABCC6	1214	M06
GGA3	1215	M06
ILKAP	1216	M06
GRIPAP1	1217	M06
BMP1	1218	M06
PSKH1	1219	M06
NADSYN1	1220	M06
MARS1	1221	M06
PPP5C	1222	M06
TBC1D2	1223	M06
SLC25A42	1224	M06
AKAP8	1225	M06
DHX37	1226	M06
RHPN2	1227	M06
AP4M1	1228	M06
ARHGAP35	1229	M06
CNNM4	1230	M06
PACSIN2	1231	M06
PPCDC	1232	M06
ZNF611	1233	M06
SELENOO	1234	M06
NAPA	1235	M06
CREB3L1	1236	M06
TEAD3	1237	M06
CRY2	1238	M06
AGPAT3	1239	M06
MYO18A	1240	M06
SQSTM1	1241	M06
BAZ2A	1242	M06
ENSG00000279738	1243	M06
RPAP1	1244	M06
ASCC2	1245	M06
MTG2	1246	M06
ADGRL1	1247	M06
PI4KB	1248	M06
ZNF592	1249	M06
PLEKHG6	1250	M06
BICDL2	1251	M06
ADAMTSL4-AS1	1252	M06
ZER1	1253	M06
TOM1L2	1254	M06
SLC37A1	1255	M06
SEMA4B	1256	M06
IL4R	1257	M06
FA2H	1258	M06
ZNRF1	1259	M06
MARK2	1260	M06
CLSTN1	1261	M06
P2RX4	1262	M06
MOGAT3	1263	M06
ENSG00000205236	1264	M06
SPDYE6	1265	M06
SPDYE16	1266	M06
POLR2J3	1267	M06
POLR2J2-UPK3BL1	1268	M06
NPIPA6	1269	M06
TRPM4	1270	M06
ZNF282	1271	M06
SH2D3A	1272	M06
LINC01843	1273	M06
ATG2A	1274	M06
PAK4	1275	M06
TEN1	1276	M06
EXOC7	1277	M06
ERBB2	1278	M06
ARHGEF2	1279	M06
CCDC142	1280	M06
ECHDC2	1281	M06
RUFY1	1282	M06
POLM	1283	M06
PLD3	1284	M06
RABEP2	1285	M06
PNKP	1286	M06
TMEM44	1287	M06
STX5	1288	M06
ENSG00000273599	1289	M06
CC2D1A	1290	M06
PCSK7	1291	M06
CAMK2G	1292	M06
CEACAM16-AS1	1293	M06
PGS1	1294	M06
CORO7	1295	M06
ELMOD3	1296	M06
MED15	1297	M06
WDTC1	1298	M06
LRP5	1299	M06
RPH3AL	1300	M06
DAGLB	1301	M06
SUN2	1302	M06
EEF2K	1303	M06
DHDDS	1304	M06
SH3PXD2A	1305	M06
CFLAR	1306	M06
NPLOC4	1307	M06
ATP2A3	1308	M06
TTLL3	1309	M06
CASZ1	1310	M06
ACOT11	1311	M06
IP6K1	1312	M06
ACO2	1313	M06
PPARA	1314	M06
HSPG2	1315	M06
KDM2A	1316	M06
MYH14	1317	M06
MYO9B	1318	M06
ENSG00000279110	1319	M06
KIAA1671	1320	M06
MICAL3	1321	M06
SIPA1L3	1322	M06
BRD4	1323	M06
MAP3K14	1324	M06
GUSBP11	1325	M06
OGDH	1326	M06
BSDC1	1327	M06
SPIRE2	1328	M06
KDM4B	1329	M06
TNRC18	1330	M06
EXD3	1331	M06
SFI1	1332	M06
CLIP2	1333	M06
DNM2	1334	M06
RAB40C	1335	M06
LLGL2	1336	M06
MAD1L1	1337	M06
HSF1	1338	M06
ABCC3	1339	M06
RNF213	1340	M06
ZMIZ1	1341	M06
CTNNBIP1	1342	M06
OSBPL5	1343	M06
BRF1	1344	M06
TIMM22	1345	M06
PSD4	1346	M06
ACSF3	1347	M06
SORCS2	1348	M06
ENSG00000278996	1349	M06
HFM1	1350	M06
EXOSC7	1351	M06
ZNF142	1352	M06
ZNF623	1353	M06
ADGRE5	1354	M06
ENSG00000226963	1355	M06
CEP164	1356	M06
TRNAU1AP	1357	M06
RAD54L2	1358	M06
EDEM2	1359	M06
AIMP2	1360	M06
KPNB1-DT	1361	M06
CROCC	1362	M06
LHPP	1363	M06
ABLIM2	1364	M06
EML2	1365	M06
ATAD3B	1366	M06
ADCY6	1367	M06
D2HGDH	1368	M06
SFXN4	1369	M06
EVPL	1370	M06
FCSK	1371	M06
EEFSEC	1372	M06
CCDC200	1373	M06
TMEM63A	1374	M06
LRP5L	1375	M06
ARHGAP8	1376	M06
MACROD1	1377	M06
GTF2IRD1	1378	M06
ARHGEF10L	1379	M06
ZSWIM4	1380	M06
NPRL3	1381	M06
DCAKD	1382	M06
PDE4A	1383	M06
HNF1A-AS1	1384	M06
RAD9A	1385	M06
ZNF814	1386	M06
COG4	1387	M06
QRICH1	1388	M06
AP2A1	1389	M06
CRTC1	1390	M06
TAB1	1391	M06
PPP6R1	1392	M06
MAPK8IP3	1393	M06
KLHL22	1394	M06
SUFU	1395	M06
PGAP2	1396	M06
RIN3	1397	M06
FOXK2	1398	M06
NOXA1	1399	M06
PRKCZ	1400	M06
DNAJC17	1401	M06
SUGP1	1402	M06
SYMPK	1403	M06
SPG7	1404	M06
RAI1	1405	M06
MIRLET7BHG	1406	M06
TIAM1	1407	grey
LDHB	1408	M08
HAUS1	1409	grey
GPATCH4	1410	M02
TYMS	1411	M02
SOX4	1412	grey
HNRNPC	1413	M08
EBPL	1414	M08
PARP1	1415	grey
TFCP2L1	1416	grey
TGS1	1417	M11
MYLIP	1418	grey
PSME3IP1	1419	grey
SOX13	1420	grey
VAV2	1421	grey
PDP2	1422	grey
OSTM1	1423	grey
KCNK6	1424	M07
SLC35D2	1425	M07
OPTN	1426	M07
SMAD3	1427	M07
EZR	1428	M07
NEAT1	1429	M07
TNFRSF1A	1430	M07
CDHR2	1431	M07
PTPRJ	1432	M03
LASP1	1433	grey
MICAL2	1434	M07
AAK1	1435	grey
ZFYVE28	1436	grey
UNC5B	1437	M07
PLCXD1	1438	M07
RABL2B	1439	M02
DET1	1440	grey
TCEAL4	1441	M02
CASP6	1442	grey
NDUFS4	1443	grey
WDR55	1444	grey
CLK2	1445	M02
PIP4K2B	1446	grey
FAM98C	1447	grey
ERCC2	1448	grey
AACS	1449	grey
UBAC1	1450	grey
AATF	1451	grey
APOO	1452	M08
CDHR1	1453	grey
MLH1	1454	M02
PAX8-AS1	1455	grey
FAHD1	1456	grey
LINC01106	1457	grey
TIMM29	1458	grey
NPIPA7	1459	M02
LRCH3	1460	M08
SNRPA1	1461	grey
POLR2D	1462	M02
ANGEL1	1463	M02
MFSD11	1464	grey
PLIN2	1465	grey
MLPH	1466	M02
RNF24	1467	grey
CNTN5	1468	grey
SDK1	1469	grey
ROBO1	1470	grey
ARHGAP19	1471	grey
RASAL1	1472	M02
SLC25A37	1473	grey
ANKZF1	1474	grey
OSGEP	1475	grey
CRYL1	1476	M07
ZBTB7A	1477	grey
UBN1	1478	grey
PBX4	1479	grey
LRP4	1480	grey
SNX1	1481	grey
TLE3	1482	grey
PIAS4	1483	grey
VPS39	1484	grey
BTN3A2	1485	grey
MT-ND5	1486	M02
MT-ND6	1487	grey
ZNF746	1488	M04
RGPD2	1489	grey
IFT25	1490	grey
MIR17HG	1491	grey
SHROOM2	1492	grey
ALKBH3	1493	grey
PLPBP	1494	grey
IQSEC2	1495	M02
GALNT2	1496	grey
HINFP	1497	grey
TPST1	1498	grey
NPIPB13	1499	grey
NPIPB5	1500	M02
NPIPB12	1501	M02
SOX6	1502	grey
ROBO2	1503	M04
RPN2	1504	M04
CTNNB1	1505	grey
EYS	1506	grey
LUZP2	1507	M04
SCAF8	1508	grey
AFG3L2	1509	grey
ANTXR1	1510	grey
MT-TE	1511	M04
KIAA0825	1512	M04
NCKAP5	1513	grey
MCTP1	1514	M04
FLT1	1515	M04
CNKSR2	1516	M04
LINC02511	1517	M04
GRAMD1C	1518	grey
LINC02755	1519	M04
MCC	1520	M04
AS3MT	1521	M04
ATP11B	1522	M04
RNF180	1523	M04
EPHA6	1524	M04
ATAT1	1525	M02
ZNF444	1526	M02
P4HTM	1527	M02
TMEM38A	1528	M02
UQCRB	1529	M11
RPL39	1530	M11
NRXN3	1531	grey
SNAP29	1532	grey
RNF114	1533	M04
CEACAM7	1534	M07
C2orf72	1535	grey
ZNF618	1536	grey
TRIM8	1537	grey
RNF185	1538	grey
WBP1L	1539	grey
ERGIC1	1540	grey
NKIRAS2	1541	grey
PTPRF	1542	grey
ATP9A	1543	grey
FAM200B	1544	grey
CCDC28A	1545	M04
DLGAP1	1546	grey
OLFM4	1547	grey
LIPE-AS1	1548	grey
NEURL1	1549	grey
ENSA	1550	grey
LINC01123	1551	M02
TRIM65	1552	M02
SNHG16	1553	M08
NOP56	1554	M02
SNHG3	1555	M02
JRK	1556	M02
POM121	1557	M02
FAHD2A	1558	M02
NYNRIN	1559	grey
PPP2R2D	1560	M07
KIF9	1561	grey
RSAD1	1562	grey
NDEL1	1563	M04
MARVELD3	1564	M07
VPS29	1565	grey
RAB11FIP3	1566	M02
SUMF2	1567	M02
BAHD1	1568	M07
B3GALT5	1569	M07
IRAK4	1570	M07
MRPL45	1571	M04
BDH1	1572	grey
RRP7A	1573	M02
HDAC7	1574	grey
RAB15	1575	M02
CYTH3	1576	M02
KLF13	1577	M04
DENND3	1578	M07
MCM3	1579	M02
ANAPC16	1580	grey
SND1	1581	M02
WDR4	1582	M02
RFT1	1583	M02
APOBEC3C	1584	M11
REG4	1585	grey
CD27-AS1	1586	grey
IGHMBP2	1587	grey
ALAD	1588	grey
HIF1AN	1589	M04
PAN2	1590	M02
ATP2C2-AS1	1591	M02
RNF40	1592	M02
COQ8A	1593	M02
MAPKAPK5-AS1	1594	grey
RNF34	1595	M04
ZDHHC9	1596	grey
NOTCH1	1597	M02
TOX4	1598	M04
ATG16L2	1599	grey
NPIPA1	1600	M02
NAXD	1601	M02
DHX30	1602	M02
RDH13	1603	M02
XPO5	1604	grey
RNASE1	1605	M02
ALDH7A1	1606	grey
DQX1	1607	grey
ARPIN	1608	M04
UROS	1609	grey
NPIPA5	1610	M07
NUP85	1611	M02
NDE1	1612	grey
DDX11	1613	M02
CHST12	1614	M02
SGSM2	1615	M02
FBXW4	1616	grey
SSBP3	1617	M02
DDB2	1618	grey
DCAF15	1619	M02
TMEM143	1620	M02
SLC12A9	1621	M02
CCHCR1	1622	grey
FAM53B	1623	grey
ADD1	1624	M02
PLGRKT	1625	M02
XPNPEP1	1626	M04
UBTF	1627	M02
KCTD10	1628	grey
POLR3H	1629	grey
LPAR5	1630	grey
ILF3-DT	1631	M02
GTF3C1	1632	grey
GTF2B	1633	grey
DDX42	1634	M02
ACOT9	1635	grey
NDUFAF4	1636	M04
ZC3H4	1637	M02
ZNF260	1638	grey
YARS1	1639	M02
RASSF1	1640	M02
EDC3	1641	M02
ADCY3	1642	M02
ASIC2	1643	M11
DPYD	1644	M02
HAAO	1645	M02
ANKRD40	1646	M04
STX3	1647	M04
SORT1	1648	M04
KCTD5	1649	M04
RNF10	1650	M04
TBL2	1651	M04
DMPK	1652	M02
SNX27	1653	M04
PEX6	1654	M02
ZDHHC24	1655	M02
RBM19	1656	M02
MARK4	1657	M02
CHKB	1658	M02
CCDC92	1659	grey
MADD	1660	M02
ERAP2	1661	M04
EMC1	1662	M04
MAP2K4	1663	M04
KGD4	1664	M04
RABIF	1665	M07
CCSER1	1666	M04
RAB20	1667	grey
BLCAP	1668	M02
TPGS2	1669	M02
TRIM16	1670	M02
ACTN1	1671	M02
ATIC	1672	M02
TMEM223	1673	grey
BORCS7	1674	grey
ARHGEF1	1675	M02
ERI3	1676	M02
BAIAP2-DT	1677	M02
HPSE2	1678	M02
MAFG	1679	M04
NEK6	1680	M02
NFIC	1681	M02
RIPK1	1682	M07
SF3A3	1683	grey
DDC	1684	M04
FARSB	1685	M02
POLE3	1686	M04
MED28	1687	M04
DPY30	1688	M02
PCNA	1689	M04
QDPR	1690	M04
ZNF395	1691	M09
CCDC115	1692	M04
APEX1	1693	M02
PGM1	1694	M04
COA5	1695	M04
AMZ2	1696	M04
ATXN1L	1697	M04
GNS	1698	M04
LINC00869	1699	M02
BAHCC1	1700	M02
MED27	1701	M02
FOSL2	1702	M07
CLRN3	1703	M04
TGOLN2	1704	M04
PRSS23	1705	M04
AHNAK	1706	M04
FGFR3	1707	M04
LGALS2	1708	grey
CA1	1709	grey
B3GNT7	1710	grey
CA7	1711	M02
BEST4	1712	M02
TAPBPL	1713	M07
CHAF1A	1714	M02
MARCHF9	1715	M02
RGS10	1716	M02
LEFTY1	1717	grey
NMRAL1	1718	M02
IQCE	1719	M07
AZIN2	1720	M04
ASCC1	1721	M04
CYP4F12	1722	M02
CCDC112	1723	M02
ZC3H13	1724	M02
IGKC	1725	grey
IGHA1	1726	M02
IGHA2	1727	M02
IGLC2	1728	M02
IGLC3	1729	M02
EMP2	1730	M02
AOAH	1731	grey
EXOSC1	1732	M02
MACROH2A2	1733	M02
NUB1	1734	M02
SLC26A3	1735	grey
DSCAM	1736	M02
UHRF2	1737	grey
SLBP	1738	grey
TERF2	1739	M02
CSMD1	1740	M02
IRAK3	1741	grey
INO80D	1742	grey
ENSG00000245768	1743	grey
LINGO1	1744	M02
RASGEF1B	1745	M02
IGF2R	1746	M02
PDCL	1747	M04
RNF41	1748	grey
SUPT7L	1749	M04
HLA-DRB1	1750	M02
EXTL3	1751	M02
PHF2	1752	M02
TCEA3	1753	M02
RUNX1	1754	M02
LGMN	1755	M04
SLC45A4	1756	M02
HADHA	1757	grey
LRP1	1758	M02
CDC25B	1759	M02
STMN1	1760	M04
HES1	1761	M04
HOXB5	1762	M02
CACNA1A	1763	grey
IVD	1764	M02
ZG16	1765	M02
SAE1	1766	M02
REG1A	1767	M02
ZFPM2	1768	grey
GRAMD4	1769	M07
TMEM18	1770	M04
NOMO1	1771	grey
NOMO2	1772	M02
CAMKK2	1773	M02
NBDY	1774	M02
SNUPN	1775	grey
SEC16A	1776	M04
MCF2L	1777	M02
TMEM229B	1778	M02
ENSG00000259992	1779	M02
CCAR2	1780	M07
CNOT11	1781	M04
COPS7A	1782	M04
DNMT1	1783	M02
FLCN	1784	M02
TAC3	1785	M02
SKI	1786	M02
KMT2D	1787	M02
PEMT	1788	M02
UGT2B17	1789	grey
ZP3	1790	M02
BMS1	1791	M02
TMPRSS4	1792	M02
PIK3C2B	1793	M02
RTN3	1794	M04
PAFAH2	1795	M07
NELFA	1796	grey
GLRX2	1797	M04
IWS1	1798	M04
CBR1	1799	M04
MIR4300HG	1800	M02
NOLC1	1801	M02
CDC123	1802	M02
CFAP298	1803	M04
TMEM216	1804	grey
NFRKB	1805	M02
PDE6D	1806	M02
WDR5	1807	M02
DROSHA	1808	M04
SGPL1	1809	M04
EXOSC6	1810	M02
DPAGT1	1811	M04
TTC7A	1812	M02
OAF	1813	M02
ARID3B	1814	M07
PRSS3	1815	M07
CGN	1816	M07
PTK2B	1817	M02
MYO15B	1818	M07
RBM23	1819	M02
RECQL5	1820	M07
TRIP10	1821	M02
TMPRSS2	1822	M02
GOLGA3	1823	M04
PCGF2	1824	M02
PRCC	1825	M02
FAM88B	1826	M02
NELFCD	1827	M02
ZFYVE19	1828	grey
MALRD1	1829	M04
LSAMP	1830	M04
LRP1B	1831	M02
NEGR1	1832	M04
SRPRA	1833	M04
TNFAIP1	1834	M04
LINC02320	1835	grey
ZNF317	1836	M04
MRPL32	1837	M08
PABPC4	1838	M02
MID1IP1	1839	M04
C1orf198	1840	M02
GOT2	1841	M04
FFAR4	1842	M07
ZSWIM3	1843	M02
COMMD7	1844	M04
MPLKIP	1845	M04
USP39	1846	M04
ZNF862	1847	grey
STAT2	1848	M02
NUDCD3	1849	M02
GDE1	1850	grey
ANPEP	1851	M07
EIF2B1	1852	M04
ZDHHC3	1853	M04
IST1	1854	M04
TUFT1	1855	M02
HECA	1856	M02
SRD5A3	1857	M02
QPRT	1858	M02
H2BC5	1859	M07
NUP93	1860	M02
RPL22L1	1861	M02
ACOX3	1862	M02
TNK2	1863	M02
HDAC5	1864	M02
SPINK4	1865	M02
LTO1	1866	M02
IL18	1867	M02
PLEKHM1	1868	M02
CBX5	1869	grey
HMGB3	1870	M04
MS4A12	1871	M07
PEX26	1872	M07
COL17A1	1873	M07
PARL	1874	M02
WFDC2	1875	M02
C19orf48P	1876	M02
MRPL58	1877	M02
PHF12	1878	M04
DUSP22	1879	M02
RCC2	1880	M02
RABEPK	1881	M02
RSU1	1882	M04
VIL1	1883	M07
DNAH11	1884	M02
LRRC28	1885	M02
HNRNPUL1	1886	M02
PTPRM	1887	M02
MYADM	1888	M02
RAE1	1889	M02
EIF3M	1890	M02
SRP68	1891	M04
NAGA	1892	M02
ZNF212	1893	M02
SNX15	1894	M04
KAT8	1895	M02
XYLT2	1896	M02
TLDC2	1897	M02
ITPKA	1898	M02
MED29	1899	M02
BANP	1900	M02
ACIN1	1901	M02
TNPO2	1902	M02
LRRC57	1903	M02
SEMA4D	1904	M02
MRPS23	1905	M04
EMC8	1906	M04
PGAM5	1907	M02
UCHL3	1908	M04
GRPEL1	1909	M04
SAYSD1	1910	M04
TFDP1	1911	M04
AXIN1	1912	M02
BAIAP2L2	1913	M02
DUSP3	1914	M07
TMEM184B	1915	M02
HDGF	1916	M04
RPL34	1917	M11
MT-ATP6	1918	M11
TCF3	1919	M02
VWA3B	1920	M02
POFUT1	1921	M02
SCARB1	1922	M02
NASP	1923	M02
NDUFV3	1924	M02
SLC39A7	1925	M02
ZG16B	1926	M02
RETNLB	1927	M02
KMT5A	1928	M02
CEP250	1929	M02
ISY1	1930	M02
MMAB	1931	M02
METTL8	1932	M02
MBD1	1933	M04
SYF2	1934	M04
AKAP1	1935	M04
CIRBP	1936	M04
POMGNT1	1937	M02
DNAJC15	1938	M02
ZNF771	1939	M02
ZNF76	1940	M02
PRMT2	1941	M04
GPRC5A	1942	M04
PRSS16	1943	M04
CRYM	1944	M02
KDM7A-DT	1945	M04
CYFIP1	1946	M02
FUT2	1947	M02
KCNIP4	1948	M02
SLC50A1	1949	M02
DGKA	1950	M07
PLEKHG3	1951	M02
CNTNAP2	1952	M04
PTCHD1-AS	1953	M04
CYB561D1	1954	M02
JADE2	1955	M02
TEF	1956	M02
ALDH1B1	1957	M02
ZDHHC7	1958	M04
HOXB6	1959	M04
BAIAP2L1	1960	M02
RAP1B	1961	M07
EHMT2	1962	M02
CLASRP	1963	M02
SMARCA4	1964	M02
STAT5A	1965	M02
CDK10	1966	M02
NARF	1967	M02
POMZP3	1968	M02
SENP3	1969	M02
SNHG5	1970	M02
TTC1	1971	M02
CACNA1C	1972	M02
AKAP17A	1973	M04
GEMIN8	1974	M02
NMT1	1975	M02
CHD1L	1976	M04
BSPRY	1977	M02
RBMS2	1978	M07
UNC5D	1979	M04
GRIK2	1980	M04
LHFPL6	1981	M04
MRPS22	1982	M04
CTNNBL1	1983	M02
ENSG00000275234	1984	M04
CDKN2AIPNL	1985	M02
MCM4	1986	M02
CAMTA1	1987	M04
UBE2Z	1988	M04
C2orf68	1989	M02
CSNK1E	1990	M02
GCAT	1991	M02
TMEM39B	1992	M02
ZNF557	1993	M02
MRPL21	1994	M02
RAB13	1995	M02
RTKN	1996	M02
NCAPD2	1997	M02
TMEM171	1998	M02
SNHG18	1999	M02
FGD1	2000	M02
TMEM41A	2001	M04
CTC1	2002	M02
VPS33B	2003	M02
THOC5	2004	M02
BTD	2005	M02
S100P	2006	M02
TCOF1	2007	M02
IMP3	2008	M02
MRPL49	2009	M04
FHIP1B	2010	M07
ZNFX1	2011	M07
ELF4	2012	M07
HLA-C	2013	M07
HSPA4	2014	M02
AMPD2	2015	M02
NOP2	2016	M02
UBAP2L	2017	M02
HMBS	2018	M02
TXNL4A	2019	M02
PRKAR1B	2020	M02
LINC00963	2021	M02
RBM4B	2022	M02
ENSG00000213121	2023	M02
TRPM3	2024	M02
CLDN15	2025	M02
GNB1	2026	M02
CALR	2027	M02
HDAC3	2028	M02
IPP	2029	M02
DELE1	2030	M02
AARS1	2031	M02
TCTA	2032	M02
ALDH3B1	2033	M02
CCDC88B	2034	M02
EPPK1	2035	M04
RNASEH1	2036	M02
HPCAL1	2037	M02
DENND4B	2038	M02
KCNN4	2039	M02
KCNQ1	2040	M02
SLC35C2	2041	M02
PLA2G2A	2042	M02
PTTG1	2043	M02
HMGB2	2044	M02
RCCD1	2045	M02
BID	2046	M02
ZNF576	2047	M02
KANK1	2048	M02
FRA10AC1	2049	M11
GATC	2050	M04
CASP1	2051	M04
SEPTIN8	2052	M04
MYORG	2053	M04
WWTR1	2054	M04
ZMAT2	2055	M04
GLRX	2056	M04
APP	2057	M04
TSG101	2058	M04
TIMMDC1	2059	M04
ADI1	2060	M04
CIAO2A	2061	M04
RNF7	2062	M04
VWA5A	2063	M04
IGBP1	2064	M04
PBDC1	2065	M04
VPS26B	2066	M04
HM13	2067	M02
FOXRED1	2068	M02
DGCR2	2069	M02
DUS2	2070	M02
IL17RC	2071	M02
UBIAD1	2072	M02
HMGXB3	2073	M02
S100A13	2074	M02
QSOX1	2075	M02
CAPN5	2076	M02
IL10RB	2077	M07
ZPR1	2078	M02
PKD1	2079	M02
CPSF1	2080	M02
C8orf33	2081	M02
CNTROB	2082	M02
VRK3	2083	M02
TRAFD1	2084	M02
FLYWCH2	2085	M02
GSR	2086	grey
DEDD	2087	M02
ACTMAP	2088	M02
ZFYVE1	2089	M02
EXOC3	2090	M02
LRRC8A	2091	M02
GPANK1	2092	M02
ALS2CL	2093	M02
GALM	2094	M02
ACTN4	2095	M02
GGT6	2096	M02
RGS3	2097	M07
GTPBP1	2098	M07
SLC25A23	2099	M07
SLC25A25	2100	M02
ZFYVE27	2101	M02
ARRB1	2102	M02
ITGA3	2103	M02
HDHD3	2104	M02
STAP2	2105	M02
FBLIM1	2106	M02
ZBTB7B	2107	M02
PPARD	2108	M02
STARD3	2109	M02
ATG13	2110	M02
AGFG2	2111	M02
MAVS	2112	M02
C6orf132	2113	M02
PYGB	2114	M02
PLA2G10	2115	M02
PGPEP1	2116	M02
DHRS3	2117	M02
MARCHF2	2118	M02
PHLDB1	2119	M02
GNAI2	2120	M02
DMWD	2121	M02
CDK18	2122	M02
DOCK6	2123	M02
CCS	2124	M02
SUPT6H	2125	M02
RFX1	2126	M02
COX19	2127	M02
SLC43A2	2128	M02
LINC03057	2129	M02
ENDOV	2130	M02
TM9SF4	2131	M02
FAM83E	2132	M06
SMG5	2133	M02
DOT1L	2134	M02
DLGAP4	2135	M02
ZNF335	2136	M02
MVK	2137	M02
RMND5B	2138	M02
TOM1	2139	M02
ATP6V0A1	2140	M02
STK11	2141	M02
STYXL1	2142	M02
IL17RA	2143	M02
MGRN1	2144	M02
NLRX1	2145	M02
MAP2K7	2146	M02
SLC38A10	2147	M02
LTBP4	2148	M02
ZC3H3	2149	M02
PACS2	2150	M02
FUT6	2151	M02
DPP9	2152	M02
PRKD2	2153	M02
SEPTIN9	2154	M02
CAPN15	2155	M02
SPPL2B	2156	M02
CCDC9	2157	M02
SBNO2	2158	M02
MYPOP	2159	M02
MOB3A	2160	M02
INPP5D	2161	M02
TLE2	2162	M02
NIPSNAP1	2163	M02
FAM156B	2164	M02
PNPLA4	2165	M02
AARSD1	2166	M02
CIAPIN1	2167	M02
TRMU	2168	M02
LAS1L	2169	M02
HDAC6	2170	M02
ANKRD52	2171	M02
C1orf35	2172	M02
LPIN3	2173	M02
DENND2A	2174	M02
NAT9	2175	M02
SMIM24	2176	M02
MNX1	2177	M02
RAB32	2178	M04
BLOC1S4	2179	M04
C16orf96	2180	M04
POLR3GL	2181	M04
BDH2	2182	M04
C9orf78	2183	M04
MRPS14	2184	M04
HDGFL2	2185	M02
STK40	2186	M02
MICALL1	2187	M02
GALNS	2188	M02
SYS1	2189	M02
CRELD1	2190	M02
PPIC	2191	M04
NOL4L	2192	M07
PPP1R11	2193	M04
MRPL34	2194	M04
LRSAM1	2195	M02
ELL	2196	M02
LIG3	2197	M02
ANKS4B	2198	M07
IL17RB	2199	M04
NDUFAF1	2200	M02
NPIPA2	2201	M02
EPHX2	2202	M02
BTN3A1	2203	M02
IFITM2	2204	M02
MYO1A	2205	M02
HCP5	2206	M02
ZNF629	2207	M02
TFF1	2208	M02
EIF1AD	2209	M04
YJU2	2210	M02
MEGF8	2211	M02
KIF3B	2212	M07
PLAUR	2213	M07
IRF1	2214	M02
DNAJC5	2215	M02
DAB2IP	2216	M02
CAD	2217	M02
ACAD8	2218	M04
NISCH	2219	M02
IFI27L1	2220	M02
NTPCR	2221	M02
LINC00970	2222	M02
C7orf50	2223	M02
TNS4	2224	M02
ATG4B	2225	M02
RAB11B-AS1	2226	M02
MED19	2227	M02
ACBD5	2228	M02
DTX4	2229	M04
SLC2A1	2230	M07
COTL1	2231	M02
NDST1	2232	M02
CKAP4	2233	M04
FBXL12	2234	M02
ENSG00000243797	2235	M02
SPINK1	2236	M02
H6PD	2237	M02
KLHL36	2238	M02
ABCD4	2239	M02
DAB1	2240	M02
SUOX	2241	M02
GRB2	2242	M07
DHCR24	2243	M07
KCNK5	2244	M07
MGLL	2245	M02
SLC9A1	2246	M07
FLNB	2247	M07
B3GNT3	2248	M02
INAVA	2249	M07
LAMB3	2250	M02
ACVRL1	2251	M02
WIPF2	2252	M07
MCRS1	2253	M02
ANO7	2254	M02
HID1	2255	M02
RAP1GAP	2256	M02
ITLN1	2257	M02
RAB26	2258	M02
FCGBP	2259	M07
KLK1	2260	M02
SPDEF	2261	M02
TFF3	2262	M02
MUC2	2263	M02
EPHA10	2264	M02
MLXIP	2265	M02
PCCB	2266	M04
HNRNPAB	2267	M04
TBCC	2268	M04
NECAP2	2269	M04
TRIM56	2270	M02
PTPN6	2271	M02
NECTIN1	2272	M02
PITPNA	2273	M02
RHBDL3	2274	M02
OTUD5	2275	M02
TRAF2	2276	M02
FBP1	2277	M02
PHRF1	2278	M02
MRPS5	2279	M02
MARCKSL1	2280	M02
AMPD3	2281	M02
THG1L	2282	M02
EIF4EBP1	2283	M02
DDX10	2284	M04
POLR3B	2285	M02
DOCK3	2286	M04
MPI	2287	M02
CDC42SE1	2288	M02
PWP2	2289	M02
MIDN	2290	M02
LINC02899	2291	M11
NOTCH2	2292	M02
C1orf87	2293	M02
LGALS12	2294	M02
ADAMTS9-AS2	2295	M02
TMCC2	2296	M02
LINC00658	2297	M02
GALT	2298	M02
PRKAB1	2299	M02
FUNDC2	2300	M04
COA6	2301	M08
TMEM126A	2302	M08
EFCAB10	2303	M08
C1QBP	2304	M08
MRPL22	2305	M08
RPA1	2306	M08
JPT2	2307	M08
PROM2	2308	M08
TOMM22	2309	M08
ZNF833P	2310	M08
SDHC	2311	M08
PRKAG1	2312	M08
KRT10	2313	M08
SRPRB	2314	M08
SELENOK	2315	M08
ILF2	2316	M08
HSPA8	2317	M08
MGC4859	2318	M08
SNRPD1	2319	M08
RAN	2320	M08
THAP11	2321	M08
POLR1D	2322	M08
NONO	2323	M08
NGDN	2324	M08
ENSG00000236935	2325	M08
TGIF1	2326	M08
MRPL33	2327	M08
SNRPE	2328	M08
MRPL43	2329	M08
MRPL16	2330	M08
MLLT1	2331	M08
KARS1	2332	M08
GAS5	2333	M08
EPB42	2334	M08
LINC03111	2335	M08
ENSG00000266953	2336	M08
SURF6	2337	M08
RPL21	2338	M08
HNRNPA1	2339	M08
RPL9	2340	M08
RPS3A	2341	M08
RPL5	2342	M08
RPL22	2343	M08
RPL6	2344	M08
EEF1A1	2345	M08
STEAP1B	2346	M08
RPL4	2347	M08
GM2A	2348	M08
SNHG32	2349	M08
NOB1	2350	M08
TSFM	2351	M08
SNHG6	2352	M08
MRPL57	2353	M08
RPS13	2354	M08
SNHG8	2355	M08
EEF1B2	2356	M08
RPS27A	2357	M08
PRPF19	2358	M08
RPS6	2359	M08
NACA	2360	M08
RPL26	2361	M08
ENSG00000258472	2362	M08
RPS7	2363	M08
RPL17	2364	M08
RPS24	2365	M08
RPS15A	2366	M08
RPL10A	2367	M08
BEX3	2368	M08
COMMD6	2369	M08
FRAS1	2370	M04
PHLDA2	2371	M02
RAC1	2372	M04
TOR1A	2373	M04
CNOT9	2374	M02
EEIG1	2375	M02
DANCR	2376	M02
SNHG19	2377	M02
CCND3	2378	M02
PODXL2	2379	M02
IAH1	2380	M04
NIT2	2381	M02
FUS	2382	M02
NEU4	2383	M02
SEMA3E	2384	M02
FAM227B	2385	M02
NPAS3	2386	M02
HES6	2387	M02
MANF	2388	M04
TMED4	2389	M04
ARID3A	2390	M02
RPN1	2391	M04
RABL3	2392	M02
LAMA2	2393	M02
SNRPN	2394	M02
FAM177A1	2395	M02
RNF44	2396	M04
TYSND1	2397	M02
HDHD5	2398	M02
PLOD1	2399	M02
FAM156A	2400	M02
CLN8	2401	M02
KMT5C	2402	M02
TAFAZZIN	2403	M02
ZC3H18	2404	M02
DYRK4	2405	M02
TRAF3IP2	2406	M04
MRPS7	2407	M02
MUC12	2408	M02
ARHGAP27P1-BPTFP1-KPNA2P3	2409	M02
DEAF1	2410	M02
NCOR2	2411	M02
PPP1R13L	2412	M02
DGKZ	2413	M02
HIP1R	2414	M02
CAPZB	2415	M02
PFKM	2416	M02
SLC8B1	2417	M02
LCN2	2418	M02
KDM1A	2419	M02
SLC7A8	2420	M02
ARRDC1-AS1	2421	M02
BRAT1	2422	M02
WDR45	2423	M02
CMTR1	2424	M02
GMEB2	2425	M02
SERPINB6	2426	M02
ZDHHC5	2427	M02
MAPK10	2428	M02
TSPAN15	2429	M02
COQ4	2430	M02
ING4	2431	M02
TBC1D9B	2432	M02
MUC5B	2433	M02
SPRING1	2434	M02
ZNF575	2435	M02
PGP	2436	M02
TXNRD2	2437	M02
GATD1	2438	M02
CHD3	2439	M02
MRPS25	2440	M02
ENSG00000279483	2441	M02
IMPA2	2442	M02
STK19	2443	M02
PPIH	2444	M02
PTDSS1	2445	M02
CEBPD	2446	M02
GNPDA1	2447	M02
PLCD1	2448	M02
ME3	2449	M02
CCNDBP1	2450	M02
NPDC1	2451	M02
CYFIP2	2452	M02
BCAT2	2453	M02
ERCC1	2454	M02
SNHG11	2455	M02
LRRC59	2456	M04
WDR47	2457	M02
HMGCS2	2458	M04
ALDH18A1	2459	M04
AKR1C3	2460	M02
RFLNA	2461	M02
RAB11FIP5	2462	M02
ENTR1	2463	M02
DLG3	2464	M02
RBM38	2465	M02
BAG1	2466	M04
ACSS1	2467	M02
DPM2	2468	M02
MOB2	2469	M02
LRG1	2470	M02
MRPL20	2471	M02
MEF2D	2472	M04
FRMD8	2473	M04
PSMG4	2474	M02
FAM3D	2475	M02
PMEPA1	2476	M02
MANBAL	2477	M02
MPV17	2478	M02
LRRC41	2479	M02
TOP1MT	2480	M02
SEPHS1	2481	M02
LGALS9B	2482	M02
UBALD1	2483	M02
BLTP2	2484	M02
TLNRD1	2485	M04
SLC27A3	2486	M02
MT1E	2487	M02
MT1M	2488	M02
MT1H	2489	M02
MT1F	2490	M02
MT1G	2491	M02
MT2A	2492	M02
MT1X	2493	M02
FTSJ3	2494	M02
PRPF3	2495	M02
RABL6	2496	M02
RANBP3	2497	M02
ENSG00000263798	2498	M02
PDZD2	2499	M02
WWC3	2500	M04
ZBED1	2501	M04
HEBP1	2502	M04
NFKBIA	2503	M04
FUCA2	2504	M04
NFS1	2505	M04
PPFIBP2	2506	M02
SMG9	2507	M02
SLC41A3	2508	M02
BRI3	2509	grey
VWA1	2510	M02
RAB35	2511	M02
HES2	2512	M02
MNT	2513	M02
NR1H3	2514	M02
SMTN	2515	M02
BCL7C	2516	M02
MAP1LC3A	2517	M02
SGF29	2518	M02
ASPSCR1	2519	M02
TCF25	2520	M02
URM1	2521	M02
ORAI1	2522	M02
RCC1L	2523	M02
PPFIA3	2524	M02
SUPT5H	2525	M02
BTBD2	2526	M02
PAM16	2527	M02
ECSIT	2528	M02
DHCR7	2529	M02
PKDCC	2530	M02
RNF135	2531	M02
ALYREF	2532	M02
SNHG25	2533	M02
DNAJC30	2534	M02
CALCOCO1	2535	M02
MUC3A	2536	M02
OSBPL7	2537	M02
SIDT2	2538	M02
DYNC1H1	2539	M02
KLC1	2540	M02
AQP8	2541	M07
IL32	2542	M02
ECE1	2543	M02
MALL	2544	M07
GUCA2A	2545	M02
CA4	2546	M02
SOD3	2547	M02
SESN2	2548	M02
EHD4	2549	M02
PIGR	2550	M02
GATD3	2551	M04
CBX4	2552	M02
CINP	2553	M02
PLEKHA7	2554	M02
LRRC47	2555	M04
COMMD5	2556	M04
SMCO4	2557	M04
AP2B1	2558	M04
CTNNA3	2559	M02
SMUG1	2560	M02
TRIM21	2561	M04
MT-RNR1	2562	M07
PRKCD	2563	M02
KHSRP	2564	M02
SF3B3	2565	M02
IGFBP2	2566	M02
ELK1	2567	M02
PCDH11X	2568	M02
ELP5	2569	M02
EIF3F	2570	M02
NDUFAF8	2571	M02
ARPC5L	2572	M04
CCNL2	2573	M02
PIEZO1	2574	M02
IK	2575	M04
CARD16	2576	M04
POLE	2577	M02
MOGAT2	2578	M02
GORASP1	2579	M02
POR	2580	M02
ABHD12	2581	M02
SULT1A1	2582	M02
ITPA	2583	M02
RETSAT	2584	M04
SPATA2	2585	M04
RTCB	2586	M04
CORIN	2587	M02
COPS7B	2588	M02
DMAC2	2589	M02
NFE2L1	2590	M04
CFDP1	2591	M07
TTC22	2592	M02
CHP2	2593	M04
PRDX6	2594	M04
DBNDD2	2595	M04
SRI	2596	M04
LGALS3	2597	M02
C1orf210	2598	M04
EXOSC5	2599	M02
ASCL2	2600	M02
EPHB3	2601	M02
TMEM175	2602	M02
SIN3B	2603	M02
TBC1D19	2604	M02
TECPR1	2605	M02
GPC5	2606	M02
GTF3C5	2607	M02
STING1	2608	M02
ERG28	2609	M04
AMFR	2610	M02
ENSG00000224272	2611	M02
USP22	2612	M02
PRXL2A	2613	M04
DTYMK	2614	M02
PCBP2	2615	M02
GPRC5C	2616	M02
ACP2	2617	M02
ACE	2618	M02
HELZ2	2619	M02
SMIM7	2620	M04
LCMT1	2621	M02
RNF186	2622	M02
PYM1	2623	M02
KHDRBS3	2624	M02
AP3D1	2625	M02
MOV10	2626	M02
AP2A2	2627	M02
BRD9	2628	M02
ANKRD54	2629	M02
MRPL4	2630	M02
JUNB	2631	M02
PMF1	2632	M02
MYRF	2633	M02
PSMB9	2634	M02
TMUB2	2635	M02
CASP3	2636	M02
LRRC61	2637	M02
POMT1	2638	M02
PCDH1	2639	M02
ARAF	2640	M02
LSS	2641	M02
PFDN1	2642	M02
TAFA2	2643	M02
PEDS1	2644	M02
MIR194-2HG	2645	M02
PITRM1	2646	M02
GSDMB	2647	M02
HLA-F	2648	M02
SH3GL1	2649	M02
SH3BP2	2650	M02
RAPGEFL1	2651	M02
HLA-B	2652	M02
PFKP	2653	M02
TMEM63B	2654	M02
ASS1	2655	M07
ALAS1	2656	M02
HKDC1	2657	M07
ACOX1	2658	M07
GCNT3	2659	M07
C11orf24	2660	M04
OAS1	2661	M07
SDCBP2	2662	M07
ID1	2663	M04
B4GALT1	2664	M07
ENSG00000267881	2665	M07
CEACAM1	2666	M07
NHERF1	2667	M07
SGK2	2668	M07
EP400P1	2669	M07
C1orf115	2670	M02
MIR4435-2HG	2671	M07
MUC13	2672	M07
PLAC8	2673	M07
TP53INP2	2674	M07
LYPD8	2675	M07
TMEM127	2676	M02
TNIP2	2677	M02
RAB8A	2678	M02
TRIM11	2679	M02
ZNF606	2680	M02
SCNM1	2681	M02
MMP14	2682	M02
MIR3681HG	2683	M02
PCDH15	2684	M02
GCN1	2685	M02
TMEM94	2686	M02
GTPBP2	2687	M02
EFNA1	2688	M02
IFNGR2	2689	M04
AAR2	2690	M02
ICMT	2691	M04
SLC9A3-OT1	2692	M04
JOSD1	2693	M07
TADA2B	2694	M04
PIP4K2C	2695	M07
GLB1	2696	M04
RER1	2697	M02
NADK	2698	M04
FURIN	2699	M02
ELOF1	2700	M02
GABRB3	2701	M02
EPB41L4A-AS1	2702	M02
AHCY	2703	M02
DDX24	2704	M02
CACNB3	2705	M02
MRPL11	2706	M02
RNF43	2707	M02
CNPY2	2708	M02
INO80C	2709	M04
GDF15	2710	M02
TGFA	2711	M02
ERBB4	2712	M02
FXR2	2713	M02
ZC3H12A	2714	M02
HNRNPL	2715	M02
SERF1A	2716	M02
RBM15B	2717	M04
STRIP1	2718	M02
PXMP4	2719	M02
AP3S2	2720	M02
SETD1B	2721	M04
C15orf48	2722	M04
SVBP	2723	M04
CHMP7	2724	M02
CCL15	2725	M02
NEURL1B	2726	M02
NME4	2727	M02
HNRNPM	2728	M02
POLR3K	2729	M02
MTHFD1	2730	M02
H2AZ2	2731	M04
H2AZ1	2732	M04
EMG1	2733	M02
MRPL24	2734	M02
COA4	2735	M02
EIF2D	2736	M02
CRTAP	2737	M02
COPRS	2738	M04
HSPE1	2739	M04
TEX261	2740	M04
POP4	2741	M04
CKS1B	2742	M04
PIM3	2743	M04
FAM83H	2744	M04
DCAF8	2745	M04
CRELD2	2746	M04
SDF2L1	2747	M04
PDIA4	2748	M04
PSMA5	2749	M04
MED8	2750	M04
VCP	2751	M04
ZNF394	2752	M04
TINF2	2753	M04
DAP	2754	M04
SNRPC	2755	M04
APMAP	2756	M04
DNAJC8	2757	M04
SF3A1	2758	M04
ELAVL1	2759	M04
HNRNPA0	2760	M04
DHRS4L2	2761	M04
PDCD6	2762	M04
ENSG00000275895	2763	M04
MAEA	2764	M04
DGUOK	2765	M04
PCBD1	2766	M04
ATRAID	2767	M04
COPZ1	2768	M04
HADH	2769	M04
ARPC1A	2770	M04
RPA3	2771	M04
SQOR	2772	M04
APLP2	2773	M04
CWC15	2774	M04
SYVN1	2775	M04
ATP6V1E1	2776	M04
SS18L2	2777	M04
TPT1	2778	M04
PDZD11	2779	M04
ISCA2	2780	M04
DNAL4	2781	M04
MPC2	2782	M04
ISCU	2783	M04
RRAGA	2784	M04
HEBP2	2785	M04
ENY2	2786	M04
ALDH2	2787	M04
MAX	2788	M04
OCIAD2	2789	M04
NQO1	2790	M04
ATP6V0E1	2791	M04
SERP1	2792	M04
CHCHD1	2793	M04
SLC25A4	2794	M04
PSMB2	2795	M04
SNRPF	2796	M04
C4orf3	2797	M04
SUPT4H1	2798	M04
RPS27L	2799	M04
PRR13	2800	M04
NDUFC2	2801	M04
NCBP2AS2	2802	M04
COX7C	2803	M04
NDUFB6	2804	M04
PSME3	2805	M04
ACSL5	2806	M04
SUMO3	2807	M04
CEBPB	2808	M04
BRK1	2809	M04
MYD88	2810	M04
UQCRFS1	2811	M04
TMSB4X	2812	M04
GLT8D2	2813	M04
ACTB	2814	M04
ANXA2	2815	M04
ARF3	2816	M04
F11R	2817	M04
ARPC2	2818	M04
WDR1	2819	M04
MYL12A	2820	M04
MYL12B	2821	M04
ATP5PD	2822	M04
PIGS	2823	M04
NDUFAB1	2824	M04
IL1RAPL1	2825	M04
TPRG1L	2826	M04
PHF5A	2827	M04
MAD2L1BP	2828	M04
MRPL51	2829	M04
PHF23	2830	M04
SLC39A1	2831	M04
EIF4A3	2832	M04
FAM32A	2833	M04
GUCD1	2834	M04
APH1A	2835	M04
DDR1	2836	M04
KDELR2	2837	M04
FBXO7	2838	M04
ATP5PO	2839	M04
LAMTOR5	2840	M04
SURF4	2841	M04
AK2	2842	M04
NDUFB3	2843	M04
POMP	2844	M04
COX5A	2845	M04
SLC25A5	2846	M04
NDUFC1	2847	M04
ATP5MC3	2848	M04
GNG5	2849	M04
ENSG00000236449	2850	M04
HINT1	2851	M04
NDUFA4	2852	M04
SEM1	2853	M04
MRPS33	2854	M04
SAP18	2855	M04
SRP14	2856	M04
CNDP2	2857	M04
PATZ1	2858	M02
TRPT1	2859	M02
TOR4A	2860	M04
LPCAT4	2861	M02
GYS1	2862	M02
LONP1	2863	M02
HEMK1	2864	M02
SRRM2	2865	M02
AIFM3	2866	M02
ZNF580	2867	M02
SAP30BP	2868	M02
KDM4A	2869	M02
TEX264	2870	M02
MIGA2	2871	M02
TBC1D20	2872	M02
DNAJB12	2873	M02
UCKL1	2874	M02
ITGB5	2875	M02
ZNF316	2876	M02
SLC25A38	2877	M02
DMTN	2878	M02
GRIN2D	2879	M02
GMPPB	2880	M02
SNORC	2881	M02
GPX2	2882	M02
EFTUD2	2883	M02
ARFGAP2	2884	M02
INTS11	2885	M02
TRIP6	2886	M02
POLR1C	2887	M02
EPHA5	2888	M02
LDHD	2889	M02
CD82	2890	M02
SYNPO	2891	M02
IFI27L2	2892	M02
DDX27	2893	M02
CHTOP	2894	M04
IER2	2895	M04
POLR2H	2896	M02
MARVELD1	2897	M04
C22orf39	2898	M02
CKB	2899	M02
MST1R	2900	M02
TMEM238L	2901	M02
CIAO1	2902	M02
SERF1B	2903	M02
TTC38	2904	M02
RPP25L	2905	M02
GUSB	2906	M04
BCL7B	2907	M04
SLC16A5	2908	M02
RPS23	2909	M02
CFAP61	2910	M02
BAALC-AS2	2911	M02
MT-RNR2	2912	M02
CPSF4	2913	M02
B4GALT7	2914	M02
TK2	2915	M02
MAGED2	2916	M02
PCBD2	2917	M02
CES3	2918	M02
EIF3B	2919	M02
IMP4	2920	M02
NUDT8	2921	M02
C1orf226	2922	M04
NUDT16	2923	M02
SLC39A5	2924	M02
YPEL3	2925	M02
KIAA0930	2926	M02
WIPI2	2927	M02
ARHGEF5	2928	M02
VPS37C	2929	M02
EIF4E2	2930	M02
ATPAF2	2931	M02
NUPR1	2932	M02
RALGDS	2933	M02
INPPL1	2934	M02
ADSL	2935	M02
CNKSR1	2936	M02
TRAPPC4	2937	M04
ZFP36L2	2938	M02
SLC25A25-AS1	2939	M02
SPRYD4	2940	M04
TJAP1	2941	M02
VASP	2942	M02
PSMD9	2943	M02
DMD	2944	M04
CHDH	2945	M02
EHBP1L1	2946	M02
SLC66A2	2947	M02
CARD19	2948	M02
CTTN	2949	M02
GSN	2950	M07
SORBS3	2951	M02
IP6K2	2952	M02
HOXB9	2953	M02
PABPN1	2954	M02
DDB1	2955	M04
PIN4	2956	M02
MAPKAPK3	2957	M02
PIGO	2958	M02
UCP2	2959	M02
HSD11B2	2960	M02
HSPA1A	2961	M02
JUND	2962	M02
ATN1	2963	M02
MCTS1	2964	M04
NUP62	2965	M02
BOLA3	2966	M02
OAZ2	2967	M02
CUEDC2	2968	M02
CA5A	2969	M02
TSC2	2970	M02
MBOAT7	2971	M02
RANGAP1	2972	M02
PRR5	2973	M02
SH2B1	2974	M02
R3HCC1	2975	M02
KEAP1	2976	M02
DISC1FP1	2977	M02
XRCC1	2978	M02
AIFM1	2979	M02
SDHA	2980	M04
DOLPP1	2981	M04
PVR	2982	M02
KHNYN	2983	M02
UPF1	2984	M02
FBRSL1	2985	M02
NDUFA10	2986	M02
GSTO1	2987	M04
SLC37A4	2988	M02
NOP16	2989	M02
EBNA1BP2	2990	M02
GARIN2	2991	M02
CCDC12	2992	M02
ZCCHC3	2993	M04
NAGK	2994	M02
BUD23	2995	M02
MKS1	2996	M02
PLEKHM2	2997	M02
TMEM266	2998	M02
BCL2L1	2999	M02
CD320	3000	M02
HRAS	3001	M02
CYP2S1	3002	M02
TAF10	3003	M02
TMEM138	3004	M02
MUTYH	3005	M02
CARD10	3006	M02
SRRT	3007	M02
PRDX2	3008	M02
MUC20	3009	M02
ARSA	3010	M02
SAMM50	3011	M02
CREB3	3012	M02
THYN1	3013	M02
ZDHHC16	3014	M02
INTS15	3015	M02
FRAT2	3016	M04
ANG	3017	M02
VAMP2	3018	M02
NT5C	3019	M02
EIF4G1	3020	M02
WASH9P	3021	M02
AGAP3	3022	M02
PIP5K1C	3023	M02
LFNG	3024	M02
PEPD	3025	M02
NME1	3026	M02
B4GALT2	3027	M02
ZNF141	3028	M02
ULK1	3029	M02
ARPC1B	3030	M02
SMIM12	3031	M04
BCAS4	3032	M04
ATF5	3033	M02
ARL16	3034	M02
METRNL	3035	M02
TBC1D10A	3036	M02
COLGALT1	3037	M02
GPAT4	3038	M04
SNRNP35	3039	M02
HSD3B7	3040	M02
EPHB4	3041	M02
NUBP2	3042	M02
ESYT1	3043	M02
TMEM222	3044	M02
EIF2B4	3045	M02
COL24A1	3046	M02
TRADD	3047	M02
INTS1	3048	M02
NUTF2	3049	M02
RAB11FIP4	3050	M02
APRT	3051	M02
TYK2	3052	M02
SAT2	3053	M02
UBQLN4	3054	M02
IFI35	3055	M02
SCNN1A	3056	M02
GBA1	3057	M02
RAB17	3058	M02
ENSG00000274993	3059	M02
SDC4	3060	M02
FABP1	3061	M04
SLC29A2	3062	M02
CYP27A1	3063	M02
CASC3	3064	M02
DPH7	3065	M02
THOC3	3066	M02
MRPS2	3067	M02
POLR2A	3068	M02
UNC45A	3069	M02
SERPINA1	3070	M02
DTX2	3071	M02
INPP5K	3072	M02
ASL	3073	M02
DEF8	3074	M02
ENSG00000258199	3075	M02
ZNF511	3076	M02
PEA15	3077	M02
YIF1B	3078	M02
GSS	3079	M02
CXCL16	3080	M02
SCAMP4	3081	M02
ENGASE	3082	M02
SLC35B2	3083	M02
PTBP1	3084	M02
PDHA1	3085	M04
C14orf119	3086	M02
SDHB	3087	M04
MRPS16	3088	M04
TUSC1	3089	M04
RPUSD4	3090	M02
C15orf61	3091	M02
DCTD	3092	M02
DAZAP1	3093	M02
RPL26L1	3094	M02
PML	3095	M02
COMMD9	3096	M02
BRD2	3097	M02
CDC42EP5	3098	M02
SAFB	3099	M02
ALKBH7	3100	M02
RALY	3101	M02
WASF2	3102	M02
CAMSAP3	3103	M02
ARHGAP1	3104	M02
FAH	3105	M02
TSR2	3106	M02
TRIOBP	3107	M02
PTK6	3108	M02
VILL	3109	M02
ESPN	3110	M02
TMEM80	3111	M02
ZYX	3112	M02
RELB	3113	M02
STAT6	3114	M02
MRPS15	3115	M02
ENSG00000255872	3116	M02
PEBP1	3117	M02
ATXN7L3B	3118	M04
CYB5A	3119	M04
PRXL2B	3120	M04
TRIM25	3121	M04
TTYH3	3122	M02
CCNQ	3123	M04
EMC6	3124	M04
SPOUT1	3125	M02
DRG1	3126	M02
RBM10	3127	M02
MRPL52	3128	M02
HS1BP3	3129	M02
GPKOW	3130	M02
URAD	3131	M02
DGKQ	3132	M02
FLOT2	3133	M02
SCAF1	3134	M02
INO80B	3135	M02
METTL25B	3136	M02
DOK4	3137	M02
HOXB7	3138	M02
CTDSP2	3139	M02
SLC12A7	3140	M02
PLXNA4	3141	M02
MT-CO1	3142	M02
BTBD6	3143	M04
CDIPT	3144	M04
LRRTM4	3145	M02
CDH18	3146	M02
ARRB2	3147	M02
IFT27	3148	M02
PMPCA	3149	M02
TOMM34	3150	M02
SRF	3151	M02
CD74	3152	M02
RPUSD3	3153	M02
MUC1	3154	M02
CD99	3155	M02
PPIE	3156	M02
SSH3	3157	M02
KDM5C	3158	M02
LDLRAP1	3159	M02
P4HB	3160	M02
SEC61A1	3161	M02
SLC27A4	3162	M02
FUT3	3163	M02
TRPC4	3164	M02
SLC2A1-DT	3165	M02
RUSC2	3166	M02
CCDC181	3167	M02
H3-5	3168	M04
LINC00486	3169	M04
IGSF1	3170	M02
AMPD1	3171	M02
SNHG7	3172	M02
PIGQ	3173	M02
SNX11	3174	M02
IFI27	3175	M02
CTSA	3176	M02
NXF1	3177	M02
TUT1	3178	M02
PES1	3179	M02
TMEM11	3180	M04
TRAPPC6A	3181	M02
ARRDC1	3182	M02
PAF1	3183	M02
ATF6B	3184	M02
FKBP9	3185	M02
KXD1	3186	M02
WRAP73	3187	M02
APEX2	3188	M02
UBL4A	3189	M04
FOXD2	3190	M02
ZNF622	3191	M02
MAP3K11	3192	M02
IFITM3	3193	M02
DESI1	3194	M02
MRPS18B	3195	M02
HAGH	3196	M02
MUL1	3197	M02
DHRS1	3198	M02
ENSG00000228566	3199	M02
TKFC	3200	M02
SLC3A2	3201	M02
NSMCE1	3202	M02
PSMG3	3203	M02
ATP5PF	3204	M04
PSMA7	3205	M04
FOXA3	3206	M02
SELENBP1	3207	M02
NAGLU	3208	M02
ATP6V0D1	3209	M02
TNIP1	3210	M02
SIRT7	3211	M02
PLEC	3212	M02
GIPC1	3213	M02
SIRT6	3214	M02
LETM1	3215	M02
ZNF865	3216	M02
H3-3A	3217	M02
PGAP3	3218	M02
JAK2	3219	M02
WSCD1	3220	M02
DYNC2H1	3221	M02
BAIAP2	3222	M02
PNPLA2	3223	M02
DDOST	3224	M04
RXRA	3225	M02
TMEM129	3226	M02
EWSR1	3227	M02
GTPBP6	3228	M02
TBRG4	3229	M02
RUVBL1	3230	M02
TP53	3231	M02
PCED1A	3232	M02
SRM	3233	M02
CNPY3	3234	M02
NBEAL2	3235	M02
NOSIP	3236	M02
MTA1	3237	M02
TSEN54	3238	M02
ARHGAP27	3239	M02
MAP2K3	3240	M02
MRPL23	3241	M02
FBXO46	3242	M02
ENSG00000272141	3243	M02
AAMDC	3244	M02
TIMM50	3245	M02
TACO1	3246	M02
UQCC5	3247	M02
ARFIP2	3248	M02
TOR3A	3249	M02
SRC	3250	M02
MAP7D1	3251	M02
AVPI1	3252	M02
RUNDC1	3253	M02
ARL2	3254	M02
MUS81	3255	M02
SGCZ	3256	M02
PWWP2B	3257	M02
MFN2	3258	M02
PHPT1	3259	M02
TM4SF5	3260	M02
PDXK	3261	M02
STX10	3262	M02
PTMS	3263	M02
GRK6	3264	M02
TPRA1	3265	M02
ADGRL3-AS1	3266	M02
ENSG00000257407	3267	M02
ABHD11	3268	M02
FPGS	3269	M02
PTPN23	3270	M02
MLLT6	3271	M02
TMEM8B	3272	M02
DECR2	3273	M02
BBC3	3274	M04
SDHAF2	3275	M04
AP1S1	3276	M04
TIMP1	3277	M02
RNF126	3278	M02
GAPDH	3279	M02
OCEL1	3280	M02
SNHG31	3281	M02
DLST	3282	M02
SMIM26	3283	M04
ULK3	3284	M02
EOLA1	3285	M04
TUSC2	3286	M04
OXA1L	3287	M02
DYNLL2	3288	M04
CTBP1	3289	M02
MIB2	3290	M02
AKT2	3291	M02
PLCD3	3292	M02
DHRS11	3293	M02
IGSF9	3294	M02
HCFC1R1	3295	M02
SHARPIN	3296	M02
MCRIP2	3297	M02
TAP2	3298	M04
MPDU1	3299	M02
PPP1CA	3300	M02
RPS26	3301	M02
DAD1	3302	M02
SHMT2	3303	M02
ATP6V1F	3304	M02
RRP8	3305	M02
GGA1	3306	M02
IRF3	3307	M02
FOXP4	3308	M02
SF3B4	3309	M02
ITPK1	3310	M02
PRPF8	3311	M02
ZNF787	3312	M02
MAN1B1	3313	M02
SGSM3	3314	M02
YY1AP1	3315	M02
GRB7	3316	M02
TMEFF1	3317	M02
NRXN1	3318	M02
GIGYF1	3319	M02
ZDHHC8	3320	M02
SLC35F3	3321	M02
GRIK4	3322	M11
ENSG00000253288	3323	M11
MT-ND2	3324	M11
COL4A2	3325	M11
MT-CO2	3326	M11
LHX4	3327	M11
NAT8L	3328	M11
ESPL1	3329	M11
ADD3-AS1	3330	M11
CTNNA2	3331	M11
TMC1	3332	M11
KIAA1549L	3333	M11
TBL1X	3334	M11
LMX1B	3335	M11
PLCXD2	3336	M11
LINC01726	3337	M11
CACNA1E	3338	M11
WNT5B	3339	M11
BCR	3340	M11
INPP4A	3341	M11
BTBD16	3342	M11
TTC16	3343	M11
LINC02008	3344	M11
MYO16	3345	M11
CPQ	3346	M11
ANKFN1	3347	M11
SPICE1	3348	M11
NTRK1	3349	M11
NMT2	3350	M11
ATL2	3351	M11
N4BP3	3352	M11
TRIM28	3353	M11
FGD2	3354	M11
TAOK2	3355	M02
STK25	3356	M02
STARD10	3357	M02
PAFAH1B3	3358	M02
TPD52L2	3359	M02
ADCK2	3360	M02
CPNE1	3361	M02
PTGES2	3362	M02
PRMT8	3363	M02
DAG1	3364	M02
MFSD10	3365	M02
KATNB1	3366	M02
VPS11	3367	M02
GNB1L	3368	M02
SLC38A6	3369	M02
ENSG00000250697	3370	M02
LSM2	3371	M02
PXMP2	3372	M02
IL6ST	3373	M02
COPG1	3374	M02
TRUB2	3375	M02
DNTTIP1	3376	M02
RUSC1	3377	M04
NDUFA6	3378	M04
BORCS6	3379	M04
PIGT	3380	M04
ID3	3381	M04
TMED9	3382	M04
MVB12A	3383	M02
GPT	3384	M02
TMEM53	3385	M02
ACADS	3386	M02
PNPLA6	3387	M02
TJP3	3388	M02
SCAP	3389	M02
RPS6KA1	3390	M02
NFKBIB	3391	M02
TMEM104	3392	M02
GAA	3393	M02
AKR7A3	3394	M02
MYH9	3395	M02
EHD1	3396	M02
RTF2	3397	M02
TNKS1BP1	3398	M02
HECTD3	3399	M02
TRAPPC3	3400	M02
ARMC6	3401	M02
ARMC9	3402	M02
PDZK1IP1	3403	M02
TEPSIN	3404	M02
RNASEK	3405	M02
SULT1A4	3406	M02
ATG9A	3407	M02
NDUFV1	3408	M02
GSTM4	3409	M02
SAMD1	3410	M02
PHB2	3411	M02
FKBP4	3412	M04
PPIF	3413	M02
TTLL12	3414	M02
PHETA1	3415	M02
TMEM109	3416	M02
ABHD14A	3417	M02
WBP1	3418	M02
FLAD1	3419	M02
TRIM41	3420	M02
SLC35F6	3421	M02
CSNK1G2	3422	M02
SNRPA	3423	M02
UBE2J2	3424	M02
PDZRN4	3425	M02
IDH2	3426	M02
BAD	3427	M02
PRPF6	3428	M02
KLC4	3429	M02
SLC39A4	3430	M02
FBRS	3431	M02
SKIC2	3432	M02
RBM14	3433	M02
NABP2	3434	M02
MDK	3435	M02
CNP	3436	M02
FMC1	3437	M04
TRMT112	3438	M02
HSP90AB1	3439	M02
SLC35B1	3440	M04
PSMB1	3441	M04
PLPP3	3442	M02
NDUFA9	3443	M04
PARK7	3444	M04
UFC1	3445	M02
RPL36AL	3446	M02
GRAP2	3447	M02
UBE2I	3448	M02
AHSA1	3449	M02
MRPS21	3450	M02
SLIRP	3451	M02
PPP1R7	3452	M04
SMPDL3B	3453	M02
TXLNA	3454	M02
SART1	3455	M02
PCIF1	3456	M02
MTLN	3457	M02
FAAP20	3458	M02
REEP4	3459	M02
TARBP2	3460	M02
TK1	3461	M02
COMT	3462	M02
GPI	3463	M02
BIN1	3464	M02
VARS1	3465	M02
BOP1	3466	M02
NENF	3467	M02
CTDP1	3468	M02
BET1L	3469	M02
MCM5	3470	M02
SLC35F1	3471	M02
SREBF1	3472	M02
ARFRP1	3473	M02
CRB3	3474	M02
LINC01090	3475	M02
NHSL3	3476	M02
PRR15L	3477	M02
HDAC1	3478	M02
SZRD1	3479	M02
KIF22	3480	M02
SLC25A28	3481	M02
SLC44A4	3482	M02
CHCHD10	3483	M02
DGAT1	3484	M02
SLC22A18	3485	M02
TPRN	3486	M02
CORO1B	3487	M02
RBCK1	3488	M02
NCSTN	3489	M02
SH3BGRL3	3490	M02
DNASE2	3491	M02
NCLN	3492	M02
NTHL1	3493	M02
HMGCL	3494	M02
SLX1B	3495	M02
PIP4P1	3496	M02
KDF1	3497	M04
RNPS1	3498	M02
PLP2	3499	M02
RNASET2	3500	M02
ACOT1	3501	M02
ZNF574	3502	M02
MRPL10	3503	M02
MDH2	3504	M02
TUBB4B	3505	M02
POLR2C	3506	M02
GPR35	3507	M02
TLN1	3508	M02
FZR1	3509	M02
PTOV1	3510	M02
OGFOD3	3511	M02
NME3	3512	M02
CHID1	3513	M02
HDLBP	3514	M02
GMPPA	3515	M02
PGLS	3516	M02
MED25	3517	M02
JOSD2	3518	M02
GJB1	3519	M02
NECTIN2	3520	M02
SULT1A3	3521	M02
DCTN2	3522	M02
EIF3CL	3523	M02
FCGRT	3524	M02
MSRB1	3525	M02
MAPKAPK2	3526	M02
CLK3	3527	M02
WDR46	3528	M02
DDX56	3529	M02
CRAT	3530	M02
NDRG2	3531	M02
SLC48A1	3532	M02
TMEM9	3533	M02
ADAP1	3534	M02
THOP1	3535	M02
GSTZ1	3536	M02
PNKD	3537	M02
TUBA4A	3538	M02
GPA33	3539	M04
IL2RG	3540	M02
CYSTM1	3541	M02
SPINT2	3542	M02
CNPPD1	3543	M02
EPHX1	3544	M02
AMN	3545	M02
GTF2F1	3546	M02
FASN	3547	M02
CBY1	3548	M02
EIF2B5	3549	M02
EIF4EBP3	3550	M02
C19orf33	3551	M02
VIPR1	3552	M02
HR	3553	M02
ADGRG1	3554	M02
DNPEP	3555	M02
GPR108	3556	M02
UBE2M	3557	M02
SNX17	3558	M02
RNF220	3559	M02
TINAGL1	3560	M02
RILP	3561	M02
SHROOM1	3562	M02
PSMD2	3563	M02
BAK1	3564	M02
MTA2	3565	M02
TIMM10	3566	M02
IDH3B	3567	M02
AGBL5	3568	M02
ALG3	3569	M02
YDJC	3570	M02
THRA	3571	M02
RANBP1	3572	M02
TUBB	3573	M04
LMNB2	3574	M02
ZNF672	3575	M02
EIF3I	3576	M02
STIP1	3577	M02
MCRIP1	3578	M02
BRPF1	3579	M02
MOSPD3	3580	M02
DAXX	3581	M02
MYDGF	3582	M02
SCYL1	3583	M02
THAP4	3584	M02
ZDHHC12	3585	M02
KRT18	3586	M02
U2AF2	3587	M02
NUDT16L1	3588	M02
NAA38	3589	M02
KRTCAP3	3590	M02
AKT1S1	3591	M02
ENTREP3	3592	M02
FAM89B	3593	M02
HOOK2	3594	M02
RTL8C	3595	M02
E2F4	3596	M02
AAMP	3597	M02
TSEN34	3598	M04
AKR7A2	3599	M04
HMOX2	3600	M02
STK16	3601	M02
MXD4	3602	M02
FAM3A	3603	M02
GAK	3604	M02
PIN1	3605	M02
AKR1A1	3606	M02
TRABD	3607	M02
TRAF7	3608	M02
POLR2G	3609	M02
CLPTM1L	3610	M04
PSMB5	3611	M02
MKNK2	3612	M02
SCHLAP1	3613	M02
CDX1	3614	M02
B4GALT3	3615	M02
LAGE3	3616	M02
SNRNP25	3617	M02
TIMM8B	3618	M02
IGSF8	3619	M02
VEGFB	3620	M02
INAFM1	3621	M02
EFNB1	3622	M02
RABAC1	3623	M02
ANTKMT	3624	M02
MYO1C	3625	M02
TOMM40	3626	M02
PRPF31	3627	M02
CLUH	3628	M02
NSFL1C	3629	M02
DMAC1	3630	M02
CTSB	3631	M02
USP21	3632	M02
NANS	3633	M02
LEMD2	3634	M02
VSIG2	3635	M02
AP5Z1	3636	M02
SMARCD1	3637	M02
CD276	3638	M02
SLC2A4RG	3639	M02
ARHGEF16	3640	M02
COASY	3641	M02
TBC1D13	3642	M02
LINC02985	3643	M02
PLPP2	3644	M02
DOCK11	3645	M02
MT-ND4	3646	M02
MT-CYB	3647	M02
GDI1	3648	M02
ENSG00000230021	3649	M02
ZNF350	3650	M02
ENSG00000248964	3651	M02
LINC01470	3652	M02
MT-ND1	3653	M02
MT-TT	3654	M02
INTS6-AS1	3655	M02
EPM2A	3656	M02
MT-TS1	3657	M02
MT-CO3	3658	M02
SDC1	3659	M02
BCL6	3660	M02
TENM3-AS1	3661	M02
SCML2	3662	M02
ELOVL5	3663	M02
C9	3664	M02
MARCHF1	3665	M02
HERC6	3666	M02
ENSG00000250049	3667	M02
SPAM1	3668	M02
CEP85L	3669	M02
CDC40	3670	M02
OTOA	3671	M02
ZFAS1	3672	M02
LINC02027	3673	M02
LINC01456	3674	M02
DAPK3	3675	M02
ATR	3676	M02
MAN2B2	3677	M02
SCAMP1-AS1	3678	M02
ENSG00000253322	3679	M02
ENSG00000278791	3680	M02
TAFA5	3681	M02
EIF5A	3682	M02
TMEM208	3683	M02
PPP1R14D	3684	M02
SH3BP5L	3685	M02
LTBR	3686	M02
DDX23	3687	M02
EIF5AL1	3688	M02
NICOL1	3689	M02
VPS16	3690	M02
HLA-E	3691	M02
ELOVL1	3692	M04
BCL3	3693	M02
COMTD1	3694	M02
RETREG3	3695	M02
PSMD13	3696	M02
DUSP23	3697	M02
TKT	3698	M02
RASSF7	3699	M02
SNRNP200	3700	M02
SMDT1	3701	M04
ATP1A1	3702	M04
SEC13	3703	M04
USP11	3704	M02
SPATA20	3705	M02
DVL3	3706	M02
TSSC4	3707	M02
DHFR	3708	M02
MT-TY	3709	M02
MT-TL1	3710	M02
SLX1A	3711	M02
TP53I3	3712	M02
EPS8L2	3713	M02
CKMT1B	3714	M02
UBA7	3715	M02
MSRB2	3716	M02
FAM234A	3717	M02
NAA60	3718	M02
FAM50A	3719	M02
DBNL	3720	M02
GPR15LG	3721	M02
UBE2L3	3722	M02
FXYD3	3723	M07
AGPAT2	3724	M07
KRT8	3725	M07
DPP3	3726	M07
MMP15	3727	M07
SPTAN1	3728	M07
CDHR5	3729	M07
TMBIM1	3730	M07
SLC35C1	3731	M07
CDC42EP4	3732	M07
TWF2	3733	M07
SLC26A6	3734	M07
MRPL14	3735	M07
PLEKHJ1	3736	M07
TMEM54	3737	M07
BSG	3738	M07
PGAP6	3739	M07
GALE	3740	M07
CLDN4	3741	M07
TICAM1	3742	M07
INF2	3743	M07
MISP	3744	M07
SMIM22	3745	M07
GNA11	3746	M07
PTPRH	3747	M07
SFN	3748	M07
GSDMD	3749	M07
TAX1BP3	3750	M07
CDKN1A	3751	M07
TSPAN1	3752	M07
CHMP4B	3753	M07
RAB5C	3754	M07
S100A14	3755	M07
CD63	3756	M07
LRP10	3757	M07
S100A16	3758	M07
JPT1	3759	M07
DNAJC4	3760	M02
PFDN6	3761	M02
SSRP1	3762	M02
TP53TG1	3763	M02
ENSG00000276345	3764	M02
CDC42EP1	3765	M02
TMED3	3766	M02
NSUN5	3767	M02
NAA10	3768	M02
ISOC2	3769	M02
TMEM176B	3770	M02
POLR2J	3771	M02
CDC34	3772	M02
DRAP1	3773	M02
TLE5	3774	M02
VPS25	3775	M02
VKORC1	3776	M02
METTL26	3777	M02
POLD2	3778	M02
DDX54	3779	M02
SIGMAR1	3780	M02
SF3A2	3781	M02
SGTA	3782	M02
LINC02742	3783	M02
NRBP1	3784	M02
RHBDD2	3785	M02
TNFRSF14	3786	M02
CYTH2	3787	M02
ACTR1B	3788	M02
CDK5RAP3	3789	M02
NOP53	3790	M02
RPL30	3791	M02
GRHPR	3792	M02
TMEM115	3793	M02
RFNG	3794	M02
SLC1A5	3795	M02
NR1H2	3796	M02
FLII	3797	M02
PEX16	3798	M02
TMUB1	3799	M02
ZNF581	3800	M02
LGALS9	3801	M02
TBC1D10B	3802	M02
SARS1	3803	M02
ZNF414	3804	M02
EIF3G	3805	M02
SCRIB	3806	M02
RING1	3807	M02
CYB5R3	3808	M02
ANKRD9	3809	M02
DDRGK1	3810	M02
PMVK	3811	M02
ZFPM1	3812	M02
MZT2A	3813	M02
CIC	3814	M02
SLC2A8	3815	M02
HMCES	3816	M02
TRAPPC2L	3817	M02
TADA3	3818	M02
ITM2C	3819	M02
EBP	3820	M02
TMEM176A	3821	M02
ALKBH5	3822	M02
PPP1R14B	3823	M02
GPX4	3824	M02
MRPL40	3825	M02
NPRL2	3826	M02
SF3B2	3827	M02
UROD	3828	M02
CALM3	3829	M02
HPS6	3830	M02
POLR1H	3831	M02
LAMTOR2	3832	M04
PDCD5	3833	M04
NDUFB8	3834	M04
PSME1	3835	M02
GFUS	3836	M02
GSTK1	3837	M02
COPS9	3838	M02
TMEM256	3839	M02
HLA-A	3840	M02
TOLLIP	3841	M02
ACOT2	3842	M02
CPNE2	3843	M02
TMEM125	3844	M02
NR2F6	3845	M02
PMM1	3846	M02
STRN4	3847	M02
ATXN7L3	3848	M02
OST4	3849	M04
POLE4	3850	M04
PSMB7	3851	M04
REPIN1	3852	M04
NDUFB2	3853	M04
NDUFA12	3854	M04
FAM162A	3855	M04
ORMDL3	3856	M04
MGAT4B	3857	M04
SDF2	3858	M04
CDX2	3859	M04
RTL8A	3860	M04
UFD1	3861	M04
SERPINH1	3862	M04
RAB5B	3863	M04
LAMP1	3864	M04
ARF1	3865	M04
COX7A2	3866	M04
RBM8A	3867	M04
SMARCD2	3868	M04
CSNK1D	3869	M04
USB1	3870	M04
PDLIM1	3871	M04
ECHS1	3872	M04
EIF1	3873	M04
TXNDC17	3874	M04
COX14	3875	M04
MT-TA	3876	M04
SF1	3877	M04
MAPK13	3878	M04
COX17	3879	M04
DBI	3880	M04
SEC61B	3881	M04
NDUFA8	3882	M04
BAX	3883	M04
PFDN2	3884	M04
YKT6	3885	M04
DYNLL1	3886	M04
MGST3	3887	M04
ATP5MC1	3888	M04
ATG10	3889	M04
CCT7	3890	M04
RETREG2	3891	M04
NPC2	3892	M04
SSU72	3893	M04
COA3	3894	M04
MTCH1	3895	M04
ATP5F1B	3896	M04
CEP170B	3897	M04
MFSD5	3898	M04
ATP5F1E	3899	M04
MRPS24	3900	M04
ATP5IF1	3901	M04
PPIA	3902	M04
NDUFB4	3903	M04
PYCR2	3904	M04
C1orf122	3905	M04
PSMC5	3906	M04
NOP10	3907	M04
NDUFB1	3908	M04
POP7	3909	M04
ATP5MG	3910	M04
HSBP1	3911	M04
CLTA	3912	M04
UQCR10	3913	M04
JTB	3914	M04
ATP5MF	3915	M04
UQCRH	3916	M04
RPL27	3917	M04
SF3B5	3918	M04
TMEM258	3919	M04
CHCHD2	3920	M04
NDUFA1	3921	M04
SOD1	3922	M04
TMA7	3923	M04
PSMB4	3924	M04
SELENON	3925	M02
GPX1	3926	M02
MRPL27	3927	M02
S100A11	3928	M02
TMEM134	3929	M02
PRMT1	3930	M02
BCL2L12	3931	M02
ERAL1	3932	M02
MCM7	3933	M02
PLXNB1	3934	M02
DEGS2	3935	M02
TMEM101	3936	M02
CYBA	3937	M02
MICOS13	3938	M02
IGFBP4	3939	M02
MRPS26	3940	M02
MRPL55	3941	M02
MISP3	3942	M02
NUDT14	3943	M02
SEZ6L2	3944	M02
CSK	3945	M02
TUBG1	3946	M02
SHISA5	3947	M02
PPP1R37	3948	M02
GRINA	3949	M02
RELA	3950	M02
ZNF428	3951	M02
ANKRD31	3952	M02
PPM1G	3953	M02
SLC25A11	3954	M02
SNRNP70	3955	M02
TUBGCP2	3956	M02
PRRC2A	3957	M02
REX1BD	3958	M02
CCDC124	3959	M02
HMG20B	3960	M02
MRPS12	3961	M02
LRPAP1	3962	M02
TMEM250	3963	M02
PYGO2	3964	M02
RBX1	3965	M02
ZNF703	3966	M02
VPS72	3967	M02
PHC2	3968	M02
SPINT1-AS1	3969	M02
GAS6	3970	M02
PBXIP1	3971	M02
MBD3	3972	M02
TSPAN9	3973	M02
HEXA	3974	M02
MED24	3975	M02
RPL10	3976	M02
PELP1	3977	M02
MOGS	3978	M02
TTC7B	3979	M02
HCFC1	3980	M02
DHRS4	3981	M02
MRPL17	3982	M02
PRDX5	3983	M02
MYG1	3984	M02
FARSA	3985	M02
RUVBL2	3986	M02
RPL18A	3987	M02
PPP1R1B	3988	M02
MRPL2	3989	M02
NME2	3990	M02
RPS4X	3991	M02
C12orf57	3992	M02
SNU13	3993	M02
DNPH1	3994	M02
HMGA1	3995	M02
DPM3	3996	M02
PGD	3997	M02
LSM7	3998	M02
PDAP1	3999	M02
TIMM13	4000	M02
RPL29	4001	M02
CD81	4002	M02
IMPDH2	4003	M02
SNRPD3	4004	M02
CCT3	4005	M02
RPSA	4006	M02
RPS20	4007	M02
RPL23	4008	M02
RPL7A	4009	M02
RPL3	4010	M02
RPL15	4011	M02
RPS12	4012	M02
RPS8	4013	M02
ATP5F1EP2	4014	M02
ENSG00000267924	4015	M02
ECH1	4016	M02
RPL14	4017	M02
NUCB2	4018	M02
RPL12	4019	M02
ENSG00000258077	4020	M02
PTRHD1	4021	M02
EIF3D	4022	M02
DUS1L	4023	M02
CSNK2B	4024	M02
SLC25A6	4025	M02
QTRT1	4026	M02
ASTN2	4027	M02
MZT2B	4028	M02
SIVA1	4029	M02
RPS16	4030	M02
EEF2	4031	M02
RPS28	4032	M02
FBL	4033	M02
RPL41	4034	M02
ENSG00000235979	4035	M02
RPL27A	4036	M02
CHCHD3	4037	M02
CHTF8	4038	M02
RPS5	4039	M02
PSMD4	4040	M02
QARS1	4041	M02
SSR2	4042	M02
UXT	4043	M02
RPLP0	4044	M02
TOMM7	4045	M02
RPS25	4046	M02
STOML2	4047	M02
RPL35	4048	M02
WDR83OS	4049	M02
RPL38	4050	M02
RPS19	4051	M02
RBFOX2	4052	M02
MICOS10	4053	M02
RACK1	4054	M02
RPL37	4055	M02
RPL23A	4056	M02
PFDN5	4057	M02
RPL11	4058	M02
RPL36A	4059	M02
RPL32	4060	M02
RPS9	4061	M02
RPL36	4062	M02
RPL31	4063	M02
RPS29	4064	M02
RPL35A	4065	M02
RPS2	4066	M02
RPS27	4067	M02
RPS10	4068	M02
RPL13	4069	M02
RPL24	4070	M02
RPL8	4071	M02
PCNP	4072	M02
FAU	4073	M02
RPS18	4074	M02
RPS11	4075	M02
RPS15	4076	M02
RPLP1	4077	M02
RPL19	4078	M02
RPS21	4079	M02
RPS17	4080	M02
RPL18	4081	M02
RPL28	4082	M02
RPS14	4083	M02
RPL37A	4084	M02
RPLP2	4085	M02
RPS3	4086	M02
RPL13A	4087	M02
SNRPD2	4088	M02
BANF1	4089	M02
SYNGR2	4090	M02
XRCC6	4091	M02
CBX7	4092	M02
SPAG7	4093	M02
EMC10	4094	M02
TMSB10	4095	M02
PRADC1	4096	M02
LAMTOR1	4097	M02
MMP24OS	4098	M02
SH3BP1	4099	M02
SELENOW	4100	M02
TMEM141	4101	M02
FLOT1	4102	M02
C8orf82	4103	M02
PSMC3	4104	M02
PSMB8	4105	M02
PSME2	4106	M02
IHH	4107	M02
TMEM214	4108	M02
LMF2	4109	M02
MEPCE	4110	M02
POLDIP3	4111	M02
ETFB	4112	M02
DDA1	4113	M02
ATP13A2	4114	M02
CIAO2B	4115	M02
AKT1	4116	M02
SLC35A4	4117	M02
TNFSF13	4118	M02
H1-10	4119	M02
LAMTOR4	4120	M02
HPS1	4121	M02
PRKACA	4122	M02
AAAS	4123	M02
NUDC	4124	M02
SLC52A2	4125	M02
BCAR1	4126	M02
OGFR	4127	M02
MRPL54	4128	M02
EIF3C	4129	M02
ADAM15	4130	M02
SLC25A10	4131	M02
PQBP1	4132	M02
GPS1	4133	M02
FAM174C	4134	M02
UQCC2	4135	M02
SNF8	4136	M02
RPP21	4137	M02
CRACR2B	4138	M02
PYCARD	4139	M02
SHKBP1	4140	M02
RRAS	4141	M02
AKAP6	4142	M02
RXRB	4143	M02
TMC4	4144	M02
BRMS1	4145	M02
MPND	4146	M02
ANO9	4147	M02
ELF3	4148	M02
SERINC2	4149	M02
SPINT1	4150	M02
DDAH2	4151	M02
UBXN6	4152	M02
SNX33	4153	M02
DCTN1	4154	M02
TMEM205	4155	M02
ABHD14B	4156	M02
MRPL37	4157	M02
GNL1	4158	M02
BBLN	4159	M02
CIZ1	4160	M02
DDX41	4161	M02
CDK2AP2	4162	M02
STX4	4163	M02
CAPG	4164	M02
MPST	4165	M02
CLIC1	4166	M02
DYNLRB1	4167	M02
ZNF768	4168	M02
CARHSP1	4169	M02
ABHD17A	4170	M02
BCKDK	4171	M02
FIBP	4172	M02
TSC22D4	4173	M02
HSPB1	4174	M02
WDR13	4175	M02
AIP	4176	M02
CENPB	4177	M02
TSKU	4178	M02
ATOX1	4179	M02
PPP1R16A	4180	M02
RNASEH2C	4181	M02
MAF1	4182	M02
ZFAND2B	4183	M02
APOBR	4184	M02
R3HDM4	4185	M02
MGAT1	4186	M02
YIF1A	4187	M02
CANT1	4188	M02
ACTR1A	4189	M02
MFSD3	4190	M02
CLPP	4191	M02
TIMM17B	4192	M02
EPN1	4193	M02
FAAH	4194	M02
ZMIZ2	4195	M02
PTPA	4196	M02
PLOD3	4197	M02
S100A10	4198	M02
EFHD2	4199	M02
FBXW5	4200	M02
BLVRB	4201	M02
SCAMP3	4202	M02
CXXC1	4203	M02
MEN1	4204	M02
IFT172	4205	M02
MRPL12	4206	M02
CISD3	4207	M02
PLCB3	4208	M02
GIT1	4209	M02
TSTD1	4210	M02
RBM4	4211	M02
GSK3A	4212	M02
TAPBP	4213	M02
APEH	4214	M02
AUP1	4215	M02
RHOT2	4216	M02
HAX1	4217	M02
NDUFS8	4218	M02
IRAK1	4219	M02
HSPBP1	4220	M02
USP5	4221	M02
DCTPP1	4222	M02
MRPS34	4223	M02
TMEM147	4224	M02
RNPEPL1	4225	M02
WDR18	4226	M02
RAB11B	4227	M02
GRK2	4228	M02
G6PC3	4229	M02
RBM42	4230	M02
ILVBL	4231	M02
CD2BP2	4232	M02
SMAGP	4233	M02
DCTN3	4234	M02
C6orf136	4235	M02
FTL	4236	M02
ATF4	4237	M02
LSM4	4238	M02
PEF1	4239	M02
ATP6AP1	4240	M02
TP53I13	4241	M02
KDELR1	4242	M02
PPDPF	4243	M02
CLPTM1	4244	M02
MRPL41	4245	M02
GNB2	4246	M02
NELFB	4247	M02
MVP	4248	M02
PSENEN	4249	M02
ATP13A1	4250	M02
HINT2	4251	M02
GANAB	4252	M02
RPS19BP1	4253	M02
TMEM120A	4254	M02
PUF60	4255	M02
TECR	4256	M02
PRKCSH	4257	M02
POLR2I	4258	M02
FIS1	4259	M02
TMEM160	4260	M02
NDUFB11	4261	M02
ITGB4	4262	M02
SCAMP2	4263	M02
TMEM219	4264	M02
KLHDC3	4265	M02
ECI1	4266	M02
BAP1	4267	M02
USF2	4268	M02
TRAPPC1	4269	M02
RNH1	4270	M02
SSR4	4271	M02
PSMD8	4272	M02
HSD17B10	4273	M02
PCK2	4274	M02
PTPN18	4275	M02
BLOC1S1	4276	M02
ZNHIT1	4277	M02
SURF1	4278	M02
CD151	4279	M02
AURKAIP1	4280	M02
KRT19	4281	M02
IDH3G	4282	M02
AP1M2	4283	M02
GET3	4284	M02
DCAF11	4285	M02
KIF1C	4286	M02
FIZ1	4287	M02
UBXN1	4288	M02
POLR2E	4289	M02
C11orf68	4290	M02
POLDIP2	4291	M02
COPS6	4292	M02
NDUFS6	4293	M02
ENO1	4294	M02
EMD	4295	M02
AP2S1	4296	M02
NEDD8	4297	M02
RNF187	4298	M02
SPR	4299	M02
TAGLN2	4300	M02
PSMD3	4301	M02
LMAN2	4302	M02
UQCR11	4303	M02
ATP5ME	4304	M02
UBB	4305	M02
NDUFB10	4306	M02
GUK1	4307	M02
MT-TC	4308	M02
SDF4	4309	M02
CHMP2A	4310	M02
UBL5	4311	M02
KIAA2013	4312	M02
NDUFS2	4313	M02
VAMP8	4314	M02
CIB1	4315	M02
CLDN7	4316	M02
CSTB	4317	M02
OAZ1	4318	M02
UBC	4319	M02
NDUFA3	4320	M02
STXBP2	4321	M02
SLC44A2	4322	M02
NDUFB7	4323	M02
NIBAN2	4324	M02
PPP4C	4325	M02
UBL7	4326	M02
CDK16	4327	M02
SH3GLB2	4328	M02
SIGIRR	4329	M02
CTDSP1	4330	M02
CLDN3	4331	M02
VPS28	4332	M02
AP1B1	4333	M02
ATP6V0B	4334	M02
FKBP2	4335	M02
TUFM	4336	M02
SLC25A1	4337	M02
NDUFS3	4338	M02
SSNA1	4339	M02
RHOG	4340	M02
RNF181	4341	M02
CSRP1	4342	M02
BSCL2	4343	M02
COMMD4	4344	M02
CUTA	4345	M02
USP19	4346	M02
SLC35F2	4347	M02
ATP5MC2	4348	M02
ERGIC3	4349	M02
OTUB1	4350	M02
ST14	4351	M02
NDUFA11	4352	M02
ACADVL	4353	M02
ATP5F1D	4354	M02
BAG6	4355	M02
TBCB	4356	M02
SCAND1	4357	M02
NDUFA13	4358	M02
TMEM238	4359	M02
HIGD2A	4360	M02
NBL1	4361	M02
CDC37	4362	M02
NDUFS5	4363	M02
POLR2L	4364	M02
CKMT1A	4365	M02
TXN2	4366	M02
SLC25A39	4367	M02
RAB25	4368	M02
PSMB6	4369	M02
C19orf53	4370	M02
NDUFAF3	4371	M02
UBA52	4372	M02
TRIR	4373	M02
SNRPB	4374	M02
DCXR	4375	M02
EIF6	4376	M02
TALDO1	4377	M02
BABAM1	4378	M02
GSTP1	4379	M02
NDUFA2	4380	M02
RNF167	4381	M02
GRN	4382	M02
CACFD1	4383	M02
USH1C	4384	M02
LMNA	4385	M02
PKM	4386	M02
GPAA1	4387	M02
PIH1D1	4388	M02
FASTK	4389	M02
NELFE	4390	M02
ACY1	4391	M02
RNF5	4392	M02
MIEN1	4393	M02
PKP3	4394	M02
CHMP1A	4395	M02
MAPK3	4396	M02
PHGR1	4397	M02
CLTB	4398	M02
PSAP	4399	M02
RHOC	4400	M02
JUP	4401	M02
PLXNB2	4402	M02
ANXA11	4403	M02
LSR	4404	M02
LAD1	4405	M02
ETHE1	4406	M02
CYC1	4407	M02
UQCRC1	4408	M02
UBA1	4409	M02
RNPEP	4410	M02
PSMB3	4411	M02
WBP2	4412	M02
S100A6	4413	M02
VPS4A	4414	M02
UBALD2	4415	M02
ELOB	4416	M02
LGALS4	4417	M02
LYPLA2	4418	M02
COPE	4419	M02
CENPX	4420	M02
MAP2K2	4421	M02
H2AJ	4422	M02
UQCRQ	4423	M02
ROMO1	4424	M02
BOLA2B	4425	M02
TSPO	4426	M02
NAXE	4427	M02
MLF2	4428	M02
LGALS3BP	4429	M02
EIF3K	4430	M02
BCAP31	4431	M02
COX4I1	4432	M02
ANAPC11	4433	M02
NDUFB9	4434	M02
COX5B	4435	M02
TPI1	4436	M02
CST3	4437	M02
NUCB1	4438	M02
MYL6	4439	M02
ARPC4	4440	M02
PFKL	4441	M02
CAPN1	4442	M02
EDF1	4443	M02
ALDOA	4444	M02
TST	4445	M02
CTSD	4446	M02
AP2M1	4447	M02
YIPF3	4448	M02
SERF2	4449	M02
PPP2R1A	4450	M02
COX6B1	4451	M02
COX8A	4452	M02
CAPNS1	4453	M02
PFN1	4454	M02
COX6A1	4455	M02
CFL1	4456	M02
ERP29	4457	M02
EPS8L3	4458	M02
AOC1	4459	M02
PSMC4	4460	M02
SDSL	4461	M02
GAB2	4462	grey
TBXAS1	4463	grey
TTTY14	4464	grey
USP9Y	4465	grey
ZFY	4466	grey
EIF1AY	4467	grey
KDM5D	4468	grey
UTY	4469	grey
LINC00278	4470	grey
RPS4Y1	4471	grey
IFT52	4472	grey
RNF4	4473	grey
SLC35E2B	4474	grey
PLCB1	4475	grey
RPS6KB1	4476	grey
LTBP1	4477	grey
TLE1	4478	grey
NPC1	4479	grey
PDE4C	4480	grey
OTUD7B	4481	grey
MPRIP	4482	grey
ACOT8	4483	grey
NR1I2	4484	M07
MKNK1	4485	grey
OSBPL2	4486	M06
IMMT	4487	grey
UBE3B	4488	grey
U2AF1	4489	grey
BCL2L13	4490	grey
KCNE3	4491	M08
ATP2B4	4492	grey
UBXN8	4493	grey
PRPS1	4494	grey
PLPP5	4495	M05
ZBED3	4496	M02
SLC36A1	4497	grey
TMEM164	4498	grey
TRPM6	4499	grey
FUT11	4500	grey
YIPF4	4501	grey
PPP1R14C	4502	grey
GLTP	4503	grey
BPNT1	4504	M07
XPO6	4505	grey
ZCCHC17	4506	grey
PITPNC1	4507	grey
NR3C1	4508	grey
TENM2	4509	grey
DNAH3	4510	grey
ZFAND1	4511	grey
HPS4	4512	grey
DTD1	4513	grey
MSRA	4514	grey
DHTKD1	4515	grey
B3GNT6	4516	grey
DNAAF5	4517	grey
NOL9	4518	grey
SNRNP40	4519	grey
GAU1	4520	grey
ATOH1	4521	grey
CLCA1	4522	grey
KCNH8	4523	grey
CCDC138	4524	grey
BCOR	4525	grey
NUDT16-DT	4526	grey
MS4A8	4527	grey
GCNT1	4528	grey
TIMM23	4529	M10
TRIM35	4530	grey
BARD1	4531	grey
RBMX2	4532	grey
LINC00685	4533	grey
ENSG00000224363	4534	grey
TAF12	4535	grey
TTC39A	4536	grey
PPM1H	4537	grey
PPRC1	4538	grey
AHSA2P	4539	grey
HK1	4540	grey
LPIN1	4541	grey
OLMALINC	4542	grey
MYOF	4543	grey
ACLY	4544	grey
MRPL48	4545	grey
COQ9	4546	grey
WSB2	4547	grey
SLC25A20	4548	M07
TBC1D1	4549	grey
PRKCB	4550	grey
SEC14L1	4551	grey
POLR3E	4552	grey
ZNF791	4553	grey
RMDN3	4554	M02
AGFG1	4555	grey
STAMBP	4556	grey
MEMO1	4557	grey
PTRH2	4558	grey
RNF11	4559	grey
PCBP1-AS1	4560	grey
ABO	4561	grey
SAMD12-AS1	4562	grey
LINC02568	4563	grey
IL17RE	4564	grey
ARHGAP44	4565	grey
THSD4	4566	grey
NBPF11	4567	grey
CHGA	4568	grey
ST6GAL1	4569	grey
ECT2L	4570	grey
MFAP1	4571	grey
C15orf40	4572	grey
ENSG00000279095	4573	M03
SRA1	4574	grey
HTT	4575	M03
GGT7	4576	grey
ARHGEF40	4577	grey
ULK2	4578	grey
PPL	4579	grey
TIPIN	4580	M03
SMAP2	4581	grey
TAF4	4582	grey
GNGT1	4583	grey
SCLY	4584	grey
SFXN2	4585	grey
NAT10	4586	grey
WDR31	4587	grey
TSC1	4588	grey
YIPF2	4589	grey
BCAR3	4590	grey
FRMD4A	4591	grey
PDPK1	4592	grey
YBEY	4593	grey
NACC2	4594	grey
ITPKB	4595	grey
KLHDC4	4596	grey
IL15RA	4597	grey
TMEM254	4598	M05
UTP20	4599	grey
RFX2	4600	grey
ATP11C	4601	grey
PHF7	4602	grey
PDE4DIP	4603	grey
NUP98	4604	grey
MAPKBP1	4605	grey
UCK2	4606	grey
ZNF433-AS1	4607	grey
DIAPH3	4608	grey
ENSG00000267383	4609	grey
TSPAN5	4610	grey
MOB4	4611	grey
CYB5B	4612	grey
MTF1	4613	grey
EEF1AKMT1	4614	grey
PTPN11	4615	grey
CCDC192	4616	grey
PRAC1	4617	M11
XKR6	4618	grey
ATP6V0A2	4619	grey
NBPF15	4620	grey
NBPF9	4621	M01
PPP1R15B-AS1	4622	grey
FNTB	4623	grey
ADPGK	4624	grey
APOLD1	4625	grey
ODF2	4626	grey
PA2G4	4627	grey
GMCL1	4628	grey
CCDC88C	4629	grey
MOCOS	4630	grey
LYN	4631	grey
ATP11A	4632	grey
SLC3A1	4633	M03
IFT43	4634	grey
STIM1	4635	grey
MTMR14	4636	grey
CARINH	4637	M03
TSPAN14	4638	grey
PDPR	4639	grey
EXT2	4640	grey
LYRM2	4641	grey
AGO1	4642	M01
NKAIN2	4643	grey
STPG2	4644	grey
ZNF655	4645	M01
NBR1	4646	M01
RETREG1	4647	grey
ZFYVE21	4648	grey
ICA1	4649	grey
FHDC1	4650	grey
CORO2A	4651	grey
TLCD2	4652	grey
VDR	4653	grey
CTSZ	4654	M07
C12orf75	4655	grey
PAPSS2	4656	grey
COQ10B	4657	grey
GABRB1	4658	grey
ETNK1	4659	M01
TLCD4	4660	M01
ATP1B1	4661	grey
ANXA4	4662	grey
BICDL1	4663	grey
KIAA0232	4664	grey
LINC01133	4665	M07
ERBB3	4666	grey
EPAS1	4667	M04
C2orf88	4668	grey
SAT1	4669	grey
CALCOCO2	4670	grey
EPB41L4B	4671	grey
CA12	4672	grey
SORL1	4673	M10
HHLA2	4674	M04
BTNL8	4675	M07
BTNL3	4676	M07
BCL2L11	4677	grey
KCMF1	4678	M01
HK2	4679	M01
UGDH	4680	M01
ATP2A2	4681	M01
XDH	4682	grey
CDCP1	4683	grey
LAMA3	4684	M07
TMEM45B	4685	M07
TMCC3	4686	M07
GDA	4687	M07
EGLN3	4688	grey
IL15	4689	grey
SLC17A4	4690	grey
APPL2	4691	grey
PKIB	4692	grey
PAG1	4693	grey
CNKSR3	4694	grey
ABHD5	4695	M01
CAMK2N1	4696	grey
SFXN1	4697	M01
ARHGAP17	4698	grey
AHCYL2	4699	M01
RIOK3	4700	M01
HPGD	4701	grey
MXI1	4702	M05
MXD1	4703	M04
LPIN2	4704	M05
VAPA	4705	M05
SNX9	4706	grey
PPP2CB	4707	M05
LITAF	4708	M05
SUSD6	4709	grey
TPM3	4710	M05
GNG12	4711	M05
SPATS2L	4712	grey
FOXO3	4713	grey
CPNE8	4714	M01
CLIC5	4715	grey
UGCG	4716	M01
MIDEAS	4717	M01
TJP2	4718	M01
ADIPOR2	4719	grey
KCNK1	4720	M03
STX12	4721	M01
PARP4	4722	M01
B4GALT5	4723	M01
SHROOM3	4724	M03
LHFPL2	4725	M01
ABHD3	4726	grey
MGAT5	4727	M01
SP100	4728	M01
DST	4729	M01
B4GALT4	4730	grey
CEMIP2	4731	grey
PARP14	4732	grey
SPTBN1	4733	M05
SLC9C1	4734	grey
C6orf89	4735	grey
MON1B	4736	M04
FHL2	4737	M04
JUN	4738	M07
TNFSF10	4739	grey
TRANK1	4740	M07
FBXO32	4741	M07
MCUR1	4742	M04
DHRS9	4743	M07
KRT20	4744	M04
CEACAM5	4745	M07
STK17B	4746	M04
BRD1	4747	grey
TFAP4	4748	grey
TWSG1	4749	grey
MANBA	4750	grey
PRPF4	4751	grey
CNOT8	4752	M01
AP1S3	4753	grey
CARS1	4754	M03
ZNF274	4755	grey
UGDH-AS1	4756	grey
SULF2	4757	grey
STK35	4758	grey
CD99L2	4759	grey
ANKLE2	4760	grey
FCF1	4761	grey
CEBPZOS	4762	grey
SLC12A2	4763	grey
RBMX	4764	M09
GID4	4765	grey
ZC3HC1	4766	grey
SMCHD1	4767	grey
SLC1A1	4768	M01
TOR1AIP1	4769	grey
SGO1-AS1	4770	grey
KIAA0513	4771	M07
PPP1R26-AS1	4772	grey
LETMD1	4773	grey
TMTC4	4774	grey
SPDYE3	4775	grey
TBCD	4776	M03
ANKS6	4777	grey
SLC7A6	4778	M03
FOXK1	4779	M03
GGA2	4780	M03
DCLRE1C	4781	grey
MTRF1L	4782	grey
SATB2-AS1	4783	grey
GTF2H3	4784	grey
NUP188	4785	grey
EXOSC10	4786	grey
PDE7A	4787	grey
ISX	4788	grey
SRPX2	4789	M03
ACVR1B	4790	M06
PADI2	4791	M07
LIPH	4792	M01
ACSF2	4793	grey
DSCAML1	4794	grey
ZNF43	4795	M03
ZNF718	4796	M03
CRYZL1	4797	M05
NBEA	4798	grey
NPIPB11	4799	grey
PCGF6	4800	grey
IDNK	4801	grey
HOXA5	4802	grey
ZFX	4803	M01
PRKX	4804	M01
PUDP	4805	grey
XIST	4806	grey
ARSD	4807	grey
PCSK6	4808	grey
SH2B3	4809	grey
ENSG00000279789	4810	grey
TMEM220	4811	grey
IFNAR1	4812	grey
GNA12	4813	grey
LDAF1	4814	grey
ACADM	4815	M01
GOLGA7	4816	M05
TTC4	4817	M01
NUP50-DT	4818	grey
STAM	4819	grey
ZNF302	4820	grey
MB21D2	4821	grey
SLC17A5	4822	grey
GRM8	4823	grey
FRMD3	4824	grey
N4BP1	4825	grey
SCIN	4826	grey
ITCH	4827	M03
RRP36	4828	grey
PDIA5	4829	grey
SOCS7	4830	grey
FAM182B	4831	M03
XXYLT1	4832	M03
ZNF565	4833	grey
CTIF	4834	grey
CHD4	4835	grey
SEPTIN6	4836	grey
LINC00668	4837	grey
DHRS4-AS1	4838	M01
ARHGAP24	4839	grey
ACOT13	4840	grey
ZYG11B	4841	grey
POLA1	4842	grey
RAB3IP	4843	grey
SIRT1	4844	grey
NEDD4	4845	grey
FBXO25	4846	grey
HIKESHI	4847	grey
MEAK7	4848	grey
C3orf38	4849	grey
G2E3	4850	grey
MTRFR	4851	grey
ARHGEF7	4852	grey
CALN1	4853	grey
SYT17	4854	grey
SVIL-AS1	4855	grey
ENSG00000257178	4856	grey
ANKRD10-IT1	4857	grey
ANXA13	4858	grey
PFKFB4	4859	grey
PTPRN2	4860	grey
SLC24A3	4861	grey
FGFR2	4862	M03
GALNT8	4863	M03
KCNMA1	4864	grey
ENSG00000255191	4865	M03
ANO1	4866	grey
ADCK1	4867	grey
PAXIP1-DT	4868	grey
SMPD4	4869	grey
ZNF250	4870	M03
NTAQ1	4871	M03
AKNA	4872	grey
EXOG	4873	M03
ASMTL	4874	grey
SMAD6	4875	grey
MED9	4876	M03
MECR	4877	M03
HNF1B	4878	M01
SDHAF3	4879	grey
BEND7	4880	M01
MBTPS1	4881	grey
OR2A1-AS1	4882	grey
TENT4A	4883	grey
CXXC5	4884	grey
THUMPD3-AS1	4885	grey
SIRT3	4886	M03
UBTD2	4887	grey
PRAG1	4888	grey
AGMO	4889	grey
GSTA4	4890	grey
FAN1	4891	grey
STX16	4892	grey
RPP14	4893	grey
LSG1	4894	grey
TTF1	4895	grey
FUBP3	4896	grey
NMI	4897	M01
MAGED1	4898	grey
BCCIP	4899	grey
GCLM	4900	M05
ENSG00000246250	4901	M01
DNAAF2	4902	grey
FOCAD	4903	M01
HOXA9	4904	M05
MPHOSPH6	4905	M01
POLD3	4906	grey
LSM8	4907	M01
CD55	4908	M01
MTMR10	4909	M01
UGGT1	4910	M01
EIF1AX	4911	M01
SUN1	4912	grey
COX11	4913	M01
LINC00938	4914	M05
SLC30A5	4915	M01
LZIC	4916	M05
FXR1	4917	M01
DYNC2LI1	4918	grey
ITGB1BP1	4919	M05
MEST	4920	M01
PCID2	4921	M05
WDR11	4922	M05
KANSL3	4923	M01
LIPG	4924	grey
MAP3K20	4925	grey
CA13	4926	grey
CENPK	4927	grey
FERMT1	4928	grey
LARP1	4929	grey
DISC1	4930	grey
SFXN5	4931	grey
NFATC2	4932	grey
TNFRSF11A	4933	grey
HUNK	4934	grey
MCMBP	4935	M05
LRRC69	4936	grey
SLC11A2	4937	grey
ZNF430	4938	grey
PHKA2	4939	grey
SORBS1	4940	grey
VCF1	4941	grey
OGFOD1	4942	grey
ZNF670	4943	grey
ACAD9	4944	M03
WWC1	4945	grey
ENSG00000254929	4946	M03
TGDS	4947	M01
NIPA1	4948	grey
LRIG2	4949	grey
CYP2R1	4950	grey
STK10	4951	M03
TAF8	4952	grey
GPATCH1	4953	grey
UBE2G2	4954	grey
URB1	4955	grey
CCL28	4956	M01
PLXNC1	4957	M01
RABGAP1	4958	grey
DLC1	4959	grey
PITX2	4960	grey
AGBL4	4961	M03
ESRRG	4962	grey
LINC-PINT	4963	M03
GLIS3	4964	M03
FTCDNL1	4965	grey
ANKDD1A	4966	grey
PTPN9	4967	grey
ANKHD1-DT	4968	grey
GRK5	4969	grey
EAPP	4970	grey
MTARC2	4971	grey
CDKL5	4972	M03
CWC25	4973	M03
CHEK2	4974	M01
BRCA1	4975	M03
SATB1	4976	M01
RLIM	4977	M01
TIPRL	4978	grey
ZNF264	4979	grey
PSMD5	4980	M01
TPST2	4981	grey
ATP6V1H	4982	M01
EBLN2	4983	grey
ENOPH1	4984	M05
PIK3R4	4985	M05
KAT14	4986	grey
ATF6	4987	grey
ARV1	4988	M05
UBA6-DT	4989	M01
BTG3	4990	M01
RAB18	4991	M05
STAT1	4992	M01
DESI2	4993	M01
CUL2	4994	M01
NFKB1	4995	grey
DPP6	4996	grey
HP1BP3	4997	M01
ETS2	4998	grey
PCNX2	4999	M01
MTHFD1L	5000	grey
PECR	5001	grey
ZNF525	5002	grey
DLEU1	5003	grey
SNORD3A	5004	M03
RGS12	5005	M03
TTLL11	5006	M03
HAUS2	5007	M03
KLHL29	5008	M03
TMEM120B	5009	M03
KDM2B	5010	M03
PACS1	5011	M03
ENSG00000262879	5012	grey
ZNRF3	5013	M03
EPHB2	5014	M03
WDR59	5015	M03
ASRGL1	5016	grey
QPCTL	5017	M03
BRD3	5018	M03
NOL3	5019	grey
MTCL2	5020	M03
PITPNM2	5021	grey
C2CD2	5022	grey
SMYD4	5023	M03
TOP3A	5024	grey
TRRAP	5025	M06
ZNF44	5026	grey
FN3K	5027	M01
POLR3A	5028	grey
PIGU	5029	M03
ANAPC5	5030	M01
GABPB1-AS1	5031	M03
WDR27	5032	M01
STX18-AS1	5033	grey
DDX50	5034	grey
GCLC	5035	M01
TRABD2A	5036	grey
DNAJC27	5037	grey
THOC1	5038	grey
SART3	5039	grey
ST3GAL2	5040	grey
FKBP15	5041	grey
ARID1A	5042	grey
ZNF398	5043	M01
ZSCAN5A	5044	M03
FBXO16	5045	M03
PCNT	5046	grey
CLCN6	5047	M03
ABCF1	5048	grey
TESK2	5049	M03
SSH2	5050	M03
EZH1	5051	M03
PI4KA	5052	M03
NRDE2	5053	grey
PNPO	5054	M03
C4orf36	5055	grey
PHAF1	5056	M03
CYP20A1	5057	grey
ZMYND8	5058	M03
TNRC6C	5059	grey
GATAD2B	5060	M03
INSR	5061	grey
HEPACAM2	5062	grey
LRRC31	5063	M01
MIR646HG	5064	grey
NT5DC3	5065	grey
ZCCHC8	5066	grey
DSE	5067	grey
HPS3	5068	M01
PARG	5069	M01
BEND3	5070	grey
GPRC5D-AS1	5071	grey
B3GAT1-DT	5072	grey
RUBCN	5073	grey
SERTAD2	5074	grey
ZNF84	5075	grey
AVEN	5076	M03
GRIP1	5077	grey
SATB1-AS1	5078	grey
KIFBP	5079	M01
CENATAC	5080	grey
LINC00667	5081	grey
TP53BP2	5082	M01
PEX13	5083	grey
CEP112	5084	grey
SNX24	5085	grey
ZDHHC21	5086	grey
RASSF3	5087	M01
DNMBP	5088	grey
GINM1	5089	grey
FNIP1	5090	grey
LRRC1	5091	M01
OSTF1	5092	M03
ZNF717	5093	grey
WDR12	5094	grey
PPP4R1	5095	grey
IL6R	5096	grey
PAFAH1B1	5097	M03
CCNJL	5098	M03
HNF4A	5099	M03
PHLPP2	5100	M03
CCNYL1	5101	M03
ABAT	5102	grey
PROM1	5103	M03
DENND5B	5104	grey
CHFR	5105	M03
AMBRA1	5106	M03
ENSG00000281181	5107	M03
ENSG00000281383	5108	M03
P4HA1	5109	grey
PFKFB3	5110	grey
TTC28-AS1	5111	grey
PWWP3A	5112	M03
POLR3C	5113	M03
SLC9A6	5114	grey
RNF125	5115	grey
CDS2	5116	grey
HGSNAT	5117	grey
MTOR	5118	grey
SPATA6	5119	M01
MCUB	5120	grey
ZC3H8	5121	grey
SPATA24	5122	grey
MIR29B2CHG	5123	M03
PXN	5124	M03
ANKRD16	5125	M01
UPF3B	5126	grey
SAP130	5127	grey
MIA2	5128	M05
SNX19	5129	M05
PTGR3	5130	M01
SLC39A9	5131	M01
MFF	5132	M05
RNLS	5133	M01
IL13RA1	5134	M05
CHURC1	5135	M01
PPFIA1	5136	M05
TPM4	5137	M01
VCL	5138	grey
CMTM4	5139	M01
TMEM144	5140	M01
OTULINL	5141	M01
AFTPH	5142	M01
SLC35B3	5143	M01
STX7	5144	M01
BROX	5145	M01
LMBRD2	5146	M01
SPTY2D1	5147	M01
RMDN1	5148	M01
TRIM16L	5149	M03
ABCC5	5150	grey
ATP8A1	5151	grey
PUS10	5152	M01
MUC4	5153	grey
METTL22	5154	M03
TMC5	5155	M03
MAP3K9	5156	M03
B4GALNT3	5157	M03
WWOX	5158	M03
GMEB1	5159	M03
HRH1	5160	grey
PNISR-AS1	5161	grey
KLHL18	5162	grey
NUDT3	5163	grey
TRIM14	5164	M01
TMEM43	5165	M01
DOCK4	5166	grey
IFT122	5167	grey
PGM2L1	5168	grey
MESD	5169	grey
RPS10P7	5170	M03
CWF19L1	5171	grey
RSRP1	5172	grey
SENP2	5173	M01
WDPCP	5174	grey
ZC3HAV1	5175	M01
PRKCH	5176	grey
L1TD1	5177	M03
RNF149	5178	grey
VOPP1	5179	M01
CATSPERB	5180	M03
HIVEP3	5181	grey
ARHGEF11	5182	grey
DAPK1	5183	M01
NMRK1	5184	grey
ANKRD17-DT	5185	grey
CSTF3	5186	M01
SS18L1	5187	M01
UBAP1	5188	grey
TMEM69	5189	M01
GPR157	5190	grey
TTC21B	5191	M01
ENAH	5192	M01
FXN	5193	grey
LYRM7	5194	grey
TAPT1-AS1	5195	grey
CREB3L2	5196	M01
GMPS	5197	grey
PKIG	5198	grey
EXOC2	5199	grey
APTX	5200	M01
DAP3	5201	grey
RSPH3	5202	M01
ATXN3	5203	grey
GNPNAT1	5204	grey
NKAP	5205	M01
KLF9	5206	grey
TRIM38	5207	M01
SLC25A33	5208	grey
TSNAX	5209	grey
PHF11	5210	M01
HEATR5A	5211	grey
LNX2	5212	M01
ZNF81	5213	grey
WDR25	5214	M03
TBC1D22B	5215	M03
GARNL3	5216	grey
FAM76A	5217	grey
ZNF587	5218	grey
PHTF1	5219	M03
SRGAP2C	5220	M03
ZNF765	5221	M03
VIPAS39	5222	M03
ZFAND4	5223	M01
WDFY2	5224	M01
ALG14	5225	grey
ZNF143	5226	M01
LINC01278	5227	grey
POGK	5228	M01
TMX2	5229	grey
PTPRB	5230	M01
SLC2A9	5231	M01
WDR89	5232	grey
PARD6B	5233	M03
NOSTRIN	5234	M01
DLG2	5235	M03
TRERF1	5236	M01
TCF20	5237	M01
TNFRSF10B	5238	M01
DCAF4	5239	M01
LMAN2L	5240	grey
B3GLCT	5241	grey
HOXA3	5242	M01
PIP4K2A	5243	M01
MCEE	5244	M01
CCDC18	5245	grey
CTDSPL	5246	M01
RCL1	5247	grey
WSB1	5248	M03
ATP23	5249	grey
TTC28	5250	M01
CSRNP3	5251	M01
VAPB	5252	M01
EIF2AK3	5253	grey
NCR3LG1	5254	grey
HACL1	5255	M01
VIRMA	5256	M01
ZNF195	5257	M01
SLC4A1AP	5258	M05
PWP1	5259	grey
LARS1	5260	grey
RNASEH2B	5261	grey
UMPS	5262	M05
CD44	5263	M01
RRP1B	5264	M01
HPRT1	5265	M05
MARVELD2	5266	M01
MRPL42	5267	M01
NUDCD1	5268	M01
MTMR2	5269	M01
MEGF9	5270	M01
TGFBR2	5271	M01
DPY19L1	5272	M01
MTHFD2L	5273	M05
RCN1	5274	M01
SLC7A1	5275	M01
MDN1	5276	M01
CPSF6	5277	M05
DHX40	5278	M01
MRPS9	5279	M01
PTCD3	5280	M01
TMEM184C	5281	M01
METTL14	5282	M01
FMR1	5283	M05
FAM210A	5284	M01
MRPL1	5285	M01
RFC1	5286	M01
TTC8	5287	M01
PSMA1	5288	M01
RRP15	5289	M01
TMA16	5290	M01
INTS10	5291	M01
TARBP1	5292	M01
NARS2	5293	M01
GNL3	5294	M01
SMN2	5295	M05
SMN1	5296	M05
ARMC10	5297	M05
DCAF16	5298	M05
ZBTB44	5299	M01
ZNG1B	5300	M01
ZNG1A	5301	M01
SEH1L	5302	M01
NDC1	5303	M05
HSDL2	5304	M01
PRMT3	5305	M01
GMNN	5306	M01
ZNHIT6	5307	M01
CCP110	5308	grey
PRR5L	5309	M03
GOLGA2	5310	M03
CLMN	5311	M01
TMCO3	5312	grey
YAE1	5313	M01
DCUN1D1	5314	M01
DDAH1	5315	M01
STX6	5316	M01
C3orf70	5317	M03
CUTC	5318	grey
SH3BP4	5319	M01
CD302	5320	M01
THEM4	5321	grey
LARP4B	5322	M03
SMARCAL1	5323	M03
SH3PXD2B	5324	M03
PTPRA	5325	grey
ERN1	5326	M03
TET3	5327	M03
ENSG00000282278	5328	M01
AUTS2	5329	M01
MARCHF8	5330	grey
POLG2	5331	M01
OGT	5332	M01
GCH1	5333	grey
CNOT6	5334	M01
TBP	5335	M01
CREM	5336	M01
GFM2	5337	M01
DTNB	5338	grey
RBL1	5339	M01
AIG1	5340	M01
EXD2	5341	M01
SENP1	5342	M03
N4BP2L1	5343	M01
RORA	5344	M01
DIAPH1	5345	grey
NFKBIZ	5346	grey
FAM81A	5347	M01
LINC03104	5348	grey
ENSG00000283196	5349	grey
ITGB8	5350	M01
ADGRG6	5351	grey
MARK1	5352	grey
DDX31	5353	grey
PVT1	5354	M01
TTC39C	5355	grey
PTPRG	5356	M01
TAMM41	5357	M01
ELK3	5358	M01
INTS9	5359	grey
GTF2F2	5360	M01
RCAN3	5361	M01
RFC5	5362	M01
LAMTOR5-AS1	5363	M03
ZNF253	5364	M03
NDUFA6-DT	5365	grey
SNX2	5366	grey
CSNK1G1	5367	M01
NR2F2	5368	M03
NOX1	5369	M01
DDX6	5370	M01
IPO11	5371	M01
COX10	5372	grey
ELOVL6	5373	grey
PARVA	5374	grey
MAPKAP1	5375	M03
GOLGA1	5376	grey
PSMD7	5377	M01
SAMD4B	5378	M03
CFAP36	5379	grey
RTN4IP1	5380	M01
ZNF627	5381	grey
ARK2N	5382	M03
CDH13	5383	M03
HHAT	5384	M01
PRPSAP2	5385	M01
DTNBP1	5386	grey
CEP85	5387	grey
UQCC1	5388	M03
SETD5	5389	M03
TRAP1	5390	grey
SND1-IT1	5391	M03
DNAJC22	5392	M03
ENSG00000259925	5393	M03
DCUN1D2	5394	grey
TRNT1	5395	M03
FANK1	5396	M03
CAPN8	5397	M03
TNPO3	5398	M03
ACTR3B	5399	M03
MAPDA	5400	M01
NFYC	5401	grey
NIPA2	5402	grey
MICU1	5403	M01
TTC9C	5404	M01
BIN3	5405	M03
SLC25A26	5406	M03
ENSG00000261474	5407	M03
NOC2L	5408	M03
ING5	5409	M03
SRGAP3	5410	M03
GRAMD1A	5411	M03
NFIX	5412	M03
MYO1F	5413	M03
GATD1-DT	5414	M03
ZNF526	5415	M03
GNG7	5416	M03
MSH5	5417	M03
HIP1	5418	M03
HOOK3	5419	M03
ZNF823	5420	M03
PLXNA2	5421	M03
FBXL20	5422	M03
CDR2	5423	M03
CHKA	5424	M03
SLC25A12	5425	M03
CNNM2	5426	M03
CPPED1	5427	M03
EPB41L1	5428	M03
ZNF75A	5429	M03
MPHOSPH9	5430	M03
BTRC	5431	M03
PEX14	5432	M03
SYNJ2	5433	M03
GNL3L	5434	M03
PILRB	5435	M03
SNX8	5436	M03
TACC2	5437	M03
B4GAT1-DT	5438	M03
SETDB1	5439	M03
R3HDML	5440	M03
SSH1	5441	M03
ZNF423	5442	M03
KCTD7	5443	M03
CEP89	5444	M03
MIATNB	5445	M03
ZNF346	5446	M03
DNASE1	5447	M03
NSD2	5448	M03
FAM118B	5449	M03
TRIP4	5450	M03
TRPC4AP	5451	M03
ENTPD6	5452	M03
GFOD2	5453	M03
NMNAT1	5454	M03
TANGO6	5455	M03
PIP5K1A	5456	M03
HERC2	5457	M03
PSPC1	5458	M03
NPIPB3	5459	M03
NPIPB4	5460	M03
FTX	5461	M03
OSBP2	5462	M03
PMS2	5463	M03
LINC01637	5464	M03
GATAD2A	5465	M03
TMEM51	5466	M03
DCAF1	5467	M03
RAF1	5468	M03
ZCCHC14	5469	M03
POM121C	5470	M03
EPN2	5471	M03
VAC14	5472	M03
UBE2O	5473	M03
MAU2	5474	M03
SLC9A8	5475	M03
TULP3	5476	M03
C19orf25	5477	M03
ELOA-AS1	5478	M03
DGCR8	5479	M03
VPS51	5480	M03
GPR107	5481	M03
ATXN2L	5482	M03
C2orf42	5483	M03
FAM174B	5484	M03
RAB40B	5485	M03
NOD1	5486	M03
EPCAM-DT	5487	M03
NUPR2P1	5488	M03
SERHL2	5489	M03
SYNRG	5490	M03
RPTOR	5491	M03
KMT2B	5492	M03
CABIN1	5493	M03
LUC7L	5494	M03
EPB41	5495	M03
PDCD11	5496	M03
ESRRA	5497	M03
NUP160	5498	M03
SUGP2	5499	M03
CUEDC1	5500	M03
METTL16	5501	M03
INTS3	5502	M03
ATP6V0D1-DT	5503	M03
ZHX2	5504	M03
CCDC57	5505	M03
SHLD1	5506	M03
FAM118A	5507	M03
ABCC1	5508	M03
THADA	5509	M03
NUMA1	5510	M03
PPIL2	5511	M03
NLRC5	5512	M03
CHD8	5513	M03
PISD	5514	M03
WDR73	5515	M03
ANKFY1	5516	M03
METTL2A	5517	M03
SIDT1	5518	M03
FAM193B	5519	M03
INO80	5520	M03
FAM193A	5521	M03
ADCY9	5522	M03
DENND2B	5523	M03
GRTP1	5524	M03
USP4	5525	M03
DEPDC5	5526	M03
PLEKHA6	5527	M03
ENSG00000242588	5528	M03
FUT10	5529	M03
ZNF710	5530	M03
RNF214	5531	M03
EIF3L	5532	M03
TBC1D12	5533	M03
UNC13B	5534	M03
GARRE1	5535	M03
PHF20	5536	M03
MTA3	5537	M03
PRKRIP1	5538	M03
ENSG00000226471	5539	M03
TECPR2	5540	M03
LINC00106	5541	M03
SAFB2	5542	M03
LIMK2	5543	M03
EPS15L1	5544	M03
ABL1	5545	M03
CLEC16A	5546	M03
STAT3	5547	M03
CBLC	5548	M03
NIPAL3	5549	M03
DLG5	5550	M03
PRMT7	5551	M03
RPRD2	5552	M03
PHACTR4	5553	M03
EFCC1	5554	M03
FDPS	5555	M03
SMARCB1	5556	M03
SNX29	5557	M03
DTX2P1-UPK3BP1-PMS2P11	5558	M03
RANBP10	5559	M03
SHANK2	5560	M03
ZNF41	5561	M03
DGLUCY	5562	M03
UNK	5563	M03
GTF2IRD2	5564	M03
GTF2IRD2B	5565	M03
TMCO4	5566	M03
PRR12	5567	M03
ABR	5568	M03
ENSG00000249319	5569	M03
FAM222B	5570	M03
MAP4	5571	M03
GON4L	5572	M03
CCZ1B	5573	M03
STX8	5574	M03
HDAC4	5575	M03
PPP6R2	5576	M03
OPA3	5577	M03
R3HDM2	5578	M03
ADAMTS17	5579	M03
RABGEF1P1	5580	M03
MRTFA	5581	M03
INPP5A	5582	M03
GBA2	5583	M03
KATNIP	5584	M03
LINC00511	5585	M03
GBF1	5586	M03
PHYKPL	5587	M03
WWP2	5588	M03
TPCN1	5589	M03
MROH1	5590	M03
RRBP1	5591	M03
RP9	5592	M03
SPTLC1	5593	M03
DPY19L4	5594	grey
RNMT	5595	M01
ALDH5A1	5596	M01
STAM2	5597	M01
ENSG00000268205	5598	M01
PNN	5599	M01
ZNF397	5600	M01
ULK4	5601	M01
IPPK	5602	M03
BARX2	5603	M01
MORC4	5604	M01
KIAA1549	5605	M01
TRAPPC13	5606	grey
PARAIL	5607	M01
LPCAT2	5608	M01
NUS1	5609	M01
BZW2	5610	M01
CAPRIN1	5611	M01
ARB2A	5612	M01
ACTL6A	5613	M01
ELP2	5614	M01
PARN	5615	M03
SWAP70	5616	grey
CBL	5617	M03
UBE2Q2	5618	M01
GABPB1	5619	M01
RAB27A	5620	grey
SLC49A4	5621	M01
WASHC2A	5622	grey
SH3KBP1	5623	M01
ADTRP	5624	M01
TMEM243	5625	grey
SLC1A4	5626	M01
RESF1	5627	M03
NAP1L4	5628	M01
PER2	5629	M03
UBP1	5630	M01
MARCHF6	5631	M01
TMEM106B	5632	M01
NOMO3	5633	M01
ILRUN	5634	M03
SREK1IP1	5635	M03
MASTL	5636	M03
PSMA3-AS1	5637	M01
SECISBP2	5638	M01
DIP2A	5639	M01
SLC16A1-AS1	5640	M01
USP40	5641	M03
PKNOX1	5642	M03
GPBP1L1	5643	M01
CCNT1	5644	M01
ITGAV	5645	grey
L3MBTL3	5646	M01
ERMAP	5647	M01
HERPUD2	5648	M01
NCBP3	5649	grey
UBXN7	5650	M03
KAT2B	5651	M03
MLYCD	5652	M03
CA5B	5653	M03
BTBD8	5654	M01
CKMT2-AS1	5655	M01
TMEM170A	5656	M01
SEPTIN10	5657	M01
MTMR9	5658	M01
OXSR1	5659	M01
EGLN1	5660	M01
UACA	5661	M01
SLC16A9	5662	M01
BCAS1	5663	M01
PDCD4	5664	M01
GPAT3	5665	M01
PPP1CB	5666	M01
EIF3J-DT	5667	grey
CRPPA	5668	grey
SCAMP1	5669	M01
NUP43	5670	M01
ARL6IP6	5671	grey
RAB2B	5672	M03
SNX30	5673	grey
NCK2	5674	M03
PALS1	5675	M01
SLC16A10	5676	M01
NBPF19	5677	M01
NBPF14	5678	M01
NBPF26	5679	M01
EIPR1	5680	grey
L2HGDH	5681	M01
SPMIP4	5682	M03
HUWE1	5683	grey
RBBP6	5684	grey
PTPRD	5685	M01
PRKAR2A	5686	M03
RANBP2	5687	M01
UGT8	5688	M01
PLEKHA2	5689	grey
MSH2	5690	M01
MYRIP	5691	M01
B4GALT6	5692	M01
IL20RA	5693	M01
MSL2	5694	M01
RBM39	5695	M01
CEP68	5696	M01
TMEM192	5697	M01
LIAS	5698	M01
GXYLT2	5699	M01
GPR160	5700	M01
UTP23	5701	M01
MECP2	5702	M03
SELENOI	5703	M01
LANCL2	5704	M01
PCF11	5705	M01
RIOK1	5706	M01
ALG8	5707	M01
LINC02256	5708	M03
ARHGEF37	5709	grey
ATAD5	5710	M01
SLC12A6	5711	M01
XPO7	5712	M01
ADAM9	5713	M01
SLCO3A1	5714	M01
EMC3	5715	M03
HELB	5716	M01
EIF3J	5717	M01
KNOP1	5718	M01
LARS2	5719	M01
ARIH2	5720	M03
NRSN2-AS1	5721	M03
ARFGAP3	5722	M01
ETS1	5723	M01
PPP1R8	5724	M01
CCPG1	5725	M01
SNAP23	5726	M01
PPP2R5C	5727	M01
SUCO	5728	M01
MINDY3	5729	M01
TMEM65	5730	M01
AGTPBP1	5731	M03
DHX35	5732	M01
RWDD1	5733	M01
ICA1L	5734	M03
RARRES1	5735	M01
UBE2D2	5736	M01
ACSL3	5737	M01
GHR	5738	M01
THRB	5739	M01
HOXA13	5740	M01
MATN2	5741	M03
ELMO1	5742	M01
TGFBR1	5743	M01
SCN8A	5744	M01
CPA6	5745	M01
MRE11	5746	M01
DENND6A	5747	M01
WBP2NL	5748	grey
BRAP	5749	M01
CDIN1	5750	M01
NEK9	5751	M03
MIR924HG	5752	M01
COX10-DT	5753	M01
ZNF276	5754	M03
LRRK1	5755	M03
TSEN2	5756	M03
INTS2	5757	M01
MGMT	5758	M03
LINC01588	5759	M03
LIX1-AS1	5760	M01
KANSL1L	5761	M01
SMARCAD1	5762	M01
AGAP6	5763	M03
TBC1D15	5764	M01
LAMB1	5765	M01
RBM33	5766	M01
TMOD3	5767	M01
PLEKHA1	5768	M01
C1orf131	5769	M01
ENPP3	5770	M01
CKAP5	5771	M01
ATP6AP1L	5772	M01
GRM7	5773	M01
UBAC2	5774	M03
BTN2A1	5775	M01
MAGT1	5776	M01
MVB12B	5777	grey
AFF4	5778	M01
WDR26	5779	M01
INTS7	5780	M01
R3HCC1L	5781	M01
CHM	5782	M03
TIMM17A	5783	M01
LRRC37B	5784	M01
PHAX	5785	M03
TEP1	5786	M03
PBLD	5787	M01
LPXN	5788	M01
PIGZ	5789	M03
SLC25A40	5790	M01
UHMK1	5791	M03
FBXO33	5792	M01
GALNT11	5793	M01
ECPAS	5794	M01
EFCAB2	5795	M03
NUP35	5796	M01
GIPC2	5797	M01
ASB7	5798	M01
CEP152	5799	M01
ANKRD27	5800	M01
GCC2-AS1	5801	M03
ANKRD46	5802	M01
ANAPC1	5803	M01
SCFD2	5804	M01
RNF8	5805	M01
ENSG00000270792	5806	M03
CPLANE1	5807	M03
ZC4H2	5808	grey
SHROOM4	5809	M01
CRY1	5810	M03
SMAD1	5811	M03
CCDC174	5812	M01
SNTB1	5813	M03
NEBL	5814	M01
DSTYK	5815	M03
CRACDL	5816	M03
PAIP2	5817	M03
ELK4	5818	M01
CEP135	5819	grey
ENSG00000278206	5820	M01
MACO1	5821	M01
ERG	5822	M01
USP43	5823	grey
ENSG00000279502	5824	M01
B4GALNT2	5825	M03
USO1	5826	M01
PMFBP1	5827	M01
SAMD5	5828	M01
ENSG00000227681	5829	M01
TRAF5	5830	M01
GSAP	5831	M01
PRUNE2	5832	M01
GTPBP4	5833	M01
C2CD3	5834	M03
ANKS3	5835	M03
NOM1	5836	M03
CREBRF	5837	M01
SOAT1	5838	M01
NECTIN3	5839	M01
PPIL3	5840	M01
IPO9	5841	M01
TUBGCP4	5842	M01
WHAMM	5843	M01
PRPF39	5844	M03
NSUN3	5845	M01
KDM3A	5846	M01
FUBP1	5847	M01
RNF130	5848	M01
DDHD2	5849	M01
CRYBG1	5850	M01
IQCB1	5851	M01
EIF5B	5852	M01
UBA2	5853	M01
RPF2	5854	M01
SUPT16H	5855	M01
HACD3	5856	M01
ATXN10	5857	M01
YPEL2	5858	M03
SEPSECS	5859	M01
MAST4	5860	M01
ZFYVE16	5861	M01
GALNT10	5862	M03
C1orf159	5863	M03
PNPT1	5864	M01
RBM28	5865	M01
PAXIP1	5866	M01
PPTC7	5867	M01
STYX	5868	M01
MTRES1	5869	M01
CPD	5870	M01
SULT1B1	5871	M01
PGGT1B	5872	M01
SAMD13	5873	grey
KIFAP3	5874	M01
ANAPC4	5875	grey
SETBP1	5876	M01
SLC23A2	5877	M01
ZNF761	5878	M03
ANKMY2	5879	M01
RAD51B	5880	M01
INPP4B	5881	M01
SLC16A1	5882	grey
DACH1	5883	M01
LYRM4	5884	M01
TRIM27	5885	M01
DFFA	5886	M03
NAV2	5887	M01
EIF2B3	5888	M03
CCDC7	5889	M01
TAB2	5890	M01
SNHG14	5891	M01
LINC03105	5892	M01
ENSG00000275496	5893	M01
DZIP3	5894	M01
LNPK	5895	M01
ELP1	5896	M01
COG2	5897	M01
ZSWIM7	5898	M03
CDK17	5899	M03
DDI2	5900	M03
OSBPL11	5901	M01
PSEN1	5902	M01
WASHC2C	5903	M01
ZBTB40	5904	M01
TNFAIP8	5905	M01
MTFR1	5906	M01
ATP13A3	5907	M01
GBE1	5908	M01
TRIT1	5909	M01
LY75	5910	M01
FBXO21	5911	M01
DCP1A	5912	M03
OCLN	5913	M01
SQLE	5914	M01
MARCHF5	5915	M01
NUFIP2	5916	M01
TNKS2	5917	M01
ANGEL2	5918	M01
SLC30A7	5919	M01
STT3B	5920	M01
PNPLA8	5921	M01
PPM1B	5922	M01
KLHL42	5923	M01
CD47	5924	M01
ANKDD1B	5925	M01
SFT2D2	5926	M01
ZNF800	5927	M01
NBPF12	5928	M01
LEKR1	5929	M01
IPO7	5930	M01
USP31	5931	M01
ATF2	5932	M01
WDR48	5933	M01
TMEM267	5934	M01
MTX2	5935	M01
SLC39A10	5936	M01
RAD17	5937	M01
TAF15	5938	M01
PSIP1	5939	M01
AFG2B	5940	M01
HOXB3	5941	M01
STON2	5942	M01
FBXO9	5943	M01
TBRG1	5944	M01
LINS1	5945	M01
CCNL1	5946	M01
TMEM39A	5947	M01
CPSF2	5948	M01
LPGAT1	5949	M01
PPA2	5950	M01
C2orf49	5951	M01
SPRY2	5952	M01
TENT5C	5953	M01
MMUT	5954	M01
GTF3C3	5955	M01
CD58	5956	M01
HEPH	5957	M01
RSRC2	5958	M01
SOCS6	5959	M01
RAB3GAP1	5960	M01
NGLY1	5961	M01
ABI1	5962	M01
ITPRID2	5963	M01
ZDHHC23	5964	M01
KALRN	5965	M01
SMAD2	5966	M01
GLS	5967	M01
ETFDH	5968	M01
ENSG00000276256	5969	M01
TOPORS	5970	M01
RNF20	5971	M01
NBPF1	5972	M01
TDRD7	5973	M01
GALNT12	5974	M01
SUCLG1	5975	M01
ERMP1	5976	M01
NUP37	5977	M01
ANKRA2	5978	M01
CTBS	5979	M01
MAPK1	5980	M01
TIA1	5981	M01
STRADB	5982	M01
GABPA	5983	M01
TTC14	5984	M01
FMO4	5985	M01
RAB5A	5986	M01
KBTBD2	5987	M01
CDC16	5988	M01
HSPA14	5989	M01
DDX18	5990	M01
UBE2J1	5991	M01
TAF5L	5992	M01
TMEM41B	5993	M01
ROCK2	5994	M01
SMARCA5	5995	M01
DIS3	5996	M01
EIF4E	5997	M01
DNAJC25	5998	M01
SHTN1	5999	M01
NBN	6000	M01
LMAN1	6001	M01
TUT7	6002	M01
SLC38A1	6003	M01
AAGAB	6004	M01
DOCK9	6005	M01
KLF6	6006	M01
CREBL2	6007	M01
CCNY	6008	M01
ZC3H11A	6009	M01
GPATCH2L	6010	M01
HBS1L	6011	M01
METAP2	6012	M01
CCNG1	6013	M01
GFM1	6014	M01
U2SURP	6015	M01
WASHC5	6016	M01
INIP	6017	M01
FAT1	6018	M01
DLAT	6019	M01
FAM204A	6020	M01
ZNG1C	6021	M01
OLA1	6022	M01
ZNF277	6023	M01
NT5DC1	6024	M01
MBD4	6025	M01
SEC62	6026	M01
PCYOX1	6027	M01
FBXO22	6028	M01
FBXO38	6029	M01
USP3	6030	M01
MARF1	6031	M01
AP5M1	6032	M01
CDS1	6033	M01
TRIM33	6034	M01
PIAS1	6035	M01
ARL6IP5	6036	M01
SPTLC2	6037	M01
ATAD1	6038	M01
ZFP91	6039	M01
HACD2	6040	M01
SMG7	6041	M01
DPP8	6042	M01
ATP2B1	6043	M01
FNIP2	6044	M01
COG6	6045	M01
PNRC2	6046	M01
PHF20L1	6047	M01
YTHDF3	6048	M01
SON	6049	M01
WAC	6050	M01
STAU1	6051	M01
DBT	6052	M01
FAM98B	6053	M01
POGLUT3	6054	M01
MED4	6055	M01
RAB21	6056	M01
MTPN	6057	M01
UBXN2B	6058	M01
RAB2A	6059	M01
RANBP9	6060	M01
EIF5	6061	M01
TTC19	6062	M01
YES1	6063	M01
GUCY2C	6064	M01
CCDC6	6065	M01
EBLN3P	6066	M01
IPO8	6067	M01
HSP90AA1	6068	M01
FAM20B	6069	M01
ASPH	6070	M01
NKTR	6071	M01
CD46	6072	M01
PTPN21	6073	M01
AGGF1	6074	M01
VAV3	6075	M01
DMTF1	6076	M01
HSD17B11	6077	M01
SRP54	6078	M01
SLC44A1	6079	M01
PHF3	6080	M01
ORC5	6081	M01
APPL1	6082	M01
DCAF6	6083	M01
FAR1	6084	M01
HOOK1	6085	M01
MTIF3	6086	M01
NNT	6087	M01
PIK3C3	6088	M01
GNPAT	6089	M01
DDX17	6090	M01
AKAP11	6091	M01
TPP2	6092	M01
CCNC	6093	M01
NUP58	6094	M01
CCDC14	6095	M01
PRKAA1	6096	M01
AUH	6097	M01
SMC3	6098	M01
KCTD3	6099	M01
UFL1	6100	M01
URI1	6101	M01
ATPAF1	6102	M01
AGPAT5	6103	M01
TOP2B	6104	M01
SYNCRIP	6105	M01
KRBOX5	6106	M01
EXOC6	6107	M01
PDHX	6108	M01
TMEM87B	6109	M01
COIL	6110	M01
HNRNPU	6111	M01
VPS36	6112	M01
LARP7	6113	M01
ATG12	6114	M01
FERRY3	6115	M01
ZNF22	6116	M01
TOMM70	6117	M01
TMEM131	6118	M01
BRCC3	6119	M01
ATP2C1	6120	M01
SNX13	6121	M01
DARS1	6122	M01
LSM14A	6123	M01
AGPS	6124	M01
MTIF2	6125	M01
CTR9	6126	M01
NPNT	6127	M01
ZC3H15	6128	M01
RAB3GAP2	6129	M01
SLC25A24	6130	M01
YME1L1	6131	M01
RAD21	6132	M01
HNRNPR	6133	M01
DSP	6134	M01
TCEA1	6135	M01
PELI1	6136	M01
KLF3	6137	M01
USP12	6138	M01
FBXL5	6139	M01
LRRFIP2	6140	M01
GFPT1	6141	M01
TMF1	6142	M01
CIR1	6143	M01
NSF	6144	M01
PICALM	6145	M01
POF1B	6146	M01
RASSF6	6147	M01
GPD2	6148	M01
AP3B1	6149	M01
RASEF	6150	M01
CLCN3	6151	M01
IQGAP1	6152	M01
MOB3B	6153	M01
TOP1	6154	M01
GOLGB1	6155	M01
GOLGA5	6156	M01
DHX15	6157	M01
G3BP2	6158	M01
ECHDC1	6159	M01
RAB1A	6160	M01
SH3BGRL	6161	M01
VTA1	6162	M01
MFSD1	6163	M01
IFT57	6164	M01
TMPO	6165	M01
SRSF10	6166	M01
PLA2G12A	6167	M01
GCFC2	6168	M01
PLAGL1	6169	M01
SCML1	6170	M01
IARS1	6171	M01
DDX21	6172	M01
CEP20	6173	M01
HMGB1	6174	M01
KHDRBS1	6175	M01
RYK	6176	M01
CACUL1	6177	M01
RARS2	6178	M01
GALNT3	6179	M01
RSPRY1	6180	M01
INTS4	6181	M03
TRIM37	6182	M03
SCGB2B2	6183	M03
ENSG00000250349	6184	M03
PDCD7	6185	M01
NAE1	6186	M01
FAM83B	6187	M01
FBXO28	6188	M01
MED17	6189	M01
ENSG00000258561	6190	M01
NUAK2	6191	M01
LRMDA	6192	M03
ENSG00000223727	6193	M01
DNAJA3	6194	M03
MTMR1	6195	M01
PDE3A	6196	M01
SUGCT	6197	M01
KHDRBS2	6198	M01
DPP10	6199	M01
TSGA10	6200	M01
QTRT2	6201	M01
DMAC2L	6202	M01
VPS26A	6203	M01
ARL8B	6204	M01
RRAGB	6205	M03
ELP4	6206	M01
TXNDC11	6207	M03
ZBTB8OS	6208	M03
PGAP1	6209	M01
HIPK2	6210	M01
TRAF3IP1	6211	M01
AKAP13	6212	M03
MYO5B	6213	M03
ZZEF1	6214	M03
ASXL1	6215	M03
MIOS	6216	M01
PLAA	6217	M01
NOS1AP	6218	M01
STK4	6219	M01
LINC02754	6220	M03
LRRFIP1	6221	M03
ELP3	6222	M01
URGCP	6223	M03
AHCTF1	6224	M01
KBTBD12	6225	M01
LONP2	6226	M01
TRAF3IP2-AS1	6227	M01
TAOK1	6228	M03
RNF169	6229	M03
XYLT1	6230	M03
GSE1	6231	M03
CDK5RAP2	6232	grey
USP32	6233	M03
FAM85B	6234	M03
PDZRN3	6235	M01
TFDP2	6236	M01
FNBP1	6237	M01
SIL1	6238	M03
HEXIM2-AS1	6239	M03
WNK2	6240	M03
TMEM131L	6241	M03
DIP2C	6242	M01
FRMD5	6243	M03
SCAI	6244	M03
BAG4	6245	M03
XYLB	6246	M03
ITGA9-AS1	6247	M03
ZNF514	6248	M01
MOSMO	6249	M03
NAIP	6250	M01
SLC6A7	6251	M03
TBC1D8	6252	M01
MORC3	6253	M03
ALDH6A1	6254	M01
PACRGL	6255	M01
KANTR	6256	M03
APTR	6257	M01
MTERF1	6258	M01
RSL1D1-DT	6259	M01
RTTN	6260	M01
PURA	6261	grey
SEMA3C	6262	M01
ACVR1C	6263	M01
DCBLD2	6264	M01
FAF2	6265	M01
KAT6A	6266	M03
ABHD6	6267	M01
PAPOLG	6268	M03
VRK2	6269	M01
L3MBTL4	6270	M01
TC2N	6271	M01
C3orf52	6272	M01
TEX2	6273	M01
IDE	6274	M03
RNF121	6275	M03
BORCS5	6276	M03
EYA3	6277	M03
DIXDC1	6278	M01
DNAJC24	6279	M01
FRMD4B	6280	M01
ENSG00000230732	6281	M01
SLC30A4	6282	M01
AFDN	6283	M01
PJA2	6284	M01
ACVR2A	6285	M01
KCTD9	6286	M01
UGP2	6287	M01
PRKACB	6288	M01
CXorf38	6289	M03
C19orf12	6290	M01
MUC20-OT1	6291	M01
SGSM1	6292	M01
ANKRD17	6293	M03
NUP214	6294	M03
TACC1	6295	M01
SSBP2	6296	M03
TBC1D30	6297	M03
C9orf72	6298	M01
DGUOK-AS1	6299	M03
RHBDL2	6300	M01
ZC3H7A	6301	M01
PMS1	6302	M01
NDUFAF6	6303	M01
HERC3	6304	M01
EZH2	6305	M01
LIN9	6306	M03
USP6NL	6307	M01
RNF32-DT	6308	M01
ARSB	6309	M01
SNHG30	6310	M01
TOGARAM1	6311	M01
FAM149A	6312	M01
PIAS2	6313	M01
SLC25A36	6314	M01
PPWD1	6315	M01
ZNF766	6316	M01
TPK1	6317	M01
PCAT1	6318	M01
ABHD18	6319	M03
EPB41L5	6320	M01
TXNDC16	6321	M01
ZNF3	6322	M03
RTF1	6323	M01
SMC1A	6324	M01
ANKH	6325	M03
NAPEPLD	6326	M01
LINC00923	6327	M01
MAPKAPK5	6328	M01
NUP155	6329	M03
MED1	6330	M01
ZCCHC2	6331	M01
SPOPL	6332	M01
PRR14L	6333	M03
ZNF566	6334	M03
MRTO4	6335	M01
TADA2A	6336	M01
MLKL	6337	M03
TMEM241	6338	M03
FGGY	6339	M01
APBB2	6340	M03
ATAD2	6341	M01
SYK	6342	M03
RNF170	6343	M03
ZDHHC14	6344	M03
FAM168A	6345	M03
SLC15A4	6346	M01
ITGB3BP	6347	M01
CATSPER2	6348	M01
ZNF83	6349	M03
ANAPC10	6350	M01
ALG13	6351	M01
RBBP8	6352	M01
INPP5F	6353	M01
TEC	6354	M03
CPM	6355	M03
SUCLA2	6356	M01
CTPS2	6357	M01
ZNF16	6358	M01
VPS35L	6359	M01
RABL2A	6360	M01
METTL3	6361	M01
RRAS2	6362	M01
EPHA4	6363	M01
MIR3936HG	6364	M01
AP4E1	6365	M01
SLC25A53	6366	M01
KCTD1	6367	M01
EPB41L4A	6368	M01
STYK1	6369	M03
FAM168B	6370	M01
RNF38	6371	M03
APBA1	6372	M01
ZNF600	6373	M01
KLF5	6374	M01
DCP2	6375	M03
ASAP1	6376	M03
SPPL3	6377	M03
LINC00540	6378	M01
GLG1	6379	M03
TRAPPC12	6380	M03
TIAM2	6381	M03
ZBTB7C	6382	M03
SMAD9	6383	M03
SNX6	6384	M03
ENOSF1	6385	M03
ST7L	6386	M03
LINC02614	6387	M03
ABL2	6388	M03
OSBPL10	6389	M03
PPARGC1B	6390	M03
SENP7	6391	M01
SLC26A8	6392	M01
TRMT2B	6393	M03
ATP9B	6394	M03
COMMD1	6395	M03
EP400	6396	M03
ACAD10	6397	M03
CCZ1	6398	M03
TNS3	6399	M03
ETV6	6400	M03
MBOAT1	6401	M03
LARGE1	6402	M03
SLC20A2	6403	M03
ARHGAP42	6404	M03
FGD6	6405	M03
MAST2	6406	M03
TCF7L2	6407	M03
NT5C2	6408	M03
ZFAND3	6409	M03
PIP5K1B	6410	M03
VPS13D	6411	M03
MACF1	6412	M03
CRACD	6413	M03
LUZP1	6414	M03
ARHGEF12	6415	M01
ERBIN	6416	M03
STK24	6417	M03
USP54	6418	M03
STK38L	6419	M03
MYO1E	6420	M03
CYTH1	6421	M03
CDK11B	6422	M03
CCM2	6423	M03
RAPGEF1	6424	M03
TRAF3	6425	M03
ASAP2	6426	M03
BTBD9	6427	M03
TAOK3	6428	M03
TMEM245	6429	M01
ITGB6	6430	M01
BCLAF3	6431	M01
MFHAS1	6432	M01
SCYL3	6433	M01
AGR3	6434	M03
KHDC4	6435	M03
ZNF438	6436	M03
KREMEN1	6437	M03
TERF1	6438	M01
MAP3K4	6439	M01
MOB1B	6440	M01
BBIP1	6441	M01
USP42	6442	M03
WBP4	6443	M03
ZNF714	6444	M01
PPP4R3B	6445	M01
WDR33	6446	M01
NUP42	6447	M01
MDM4	6448	M01
GALNT5	6449	M01
SYBU	6450	M01
ZBED4	6451	M01
NKAPD1	6452	M01
ZNF573	6453	M03
ZNF785	6454	M01
XPNPEP3	6455	M01
SPATA7	6456	M01
SEC24A	6457	M01
BAZ2B	6458	M03
ZNF586	6459	M01
CMIP	6460	M03
TRAK1	6461	M03
RPAIN	6462	M03
ZNF431	6463	M03
CELF1	6464	M03
NNT-AS1	6465	M01
BLNK	6466	M03
SERINC5	6467	M01
LRRC37A3	6468	M03
ARL17B	6469	M03
KANSL1	6470	M03
TRIM5	6471	M03
ENSG00000283674	6472	M03
POU2F1	6473	M01
BCL2L14	6474	M01
ZSWIM5	6475	M01
ABCC4	6476	M01
LIN54	6477	M01
DUSP16	6478	M01
SUPT3H	6479	M01
PPP6C	6480	M01
EHHADH	6481	M01
MPP7	6482	M01
APLF	6483	M01
ARHGEF9	6484	M01
LINC02994	6485	M03
FRK	6486	M01
ZDHHC2	6487	M01
CEP295	6488	M01
SEMA5A	6489	M01
ZDHHC17	6490	M01
TUBGCP3	6491	M01
NDUFS1	6492	M01
FUT8	6493	M01
GPCPD1	6494	M01
SFMBT1	6495	M01
MRS2	6496	M01
FOXN2	6497	M01
CHRM3	6498	M01
S100PBP	6499	M03
INTS8	6500	M01
GRIA3	6501	M01
MDFIC	6502	M01
CCDC34	6503	M01
CCDC30	6504	M01
TATDN1	6505	M03
ZBTB43	6506	M03
ATP7B	6507	M01
TMEM168	6508	M01
ENSG00000273748	6509	M01
HIBADH	6510	M01
MYB	6511	M01
SRPK1	6512	M01
RAB12	6513	M01
BIVM	6514	M01
BTBD10	6515	M01
NSMAF	6516	M01
RARS1	6517	M01
GPR89A	6518	M01
ZNG1F	6519	M01
RAB27B	6520	M01
ZNF254	6521	M01
PBX3	6522	M01
MLLT10	6523	M01
METTL6	6524	M01
RAD18	6525	M01
THRAP3	6526	M03
CDC42BPB	6527	M03
POLR1A	6528	M03
HMGCS1	6529	M03
FOXO1	6530	M03
ACSS2	6531	M03
CNST	6532	M03
PAQR5	6533	M03
MTM1	6534	M01
INTS6L	6535	M03
PRDX6-AS1	6536	M01
CES2	6537	M03
GCNT2	6538	M03
PCSK5	6539	M03
ZNF440	6540	M03
SREBF2	6541	M03
DPF3	6542	M03
ENTPD5	6543	M03
ADAMTSL1	6544	M01
PLCE1	6545	M01
PPP2R5E	6546	M03
ATP2C2	6547	M03
ZNF516	6548	M01
SPAST	6549	M01
CDC14A	6550	M01
PPIP5K1	6551	M01
ST3GAL3	6552	M01
VHL	6553	M01
NUDT13	6554	M01
BCL11A	6555	M01
XACT	6556	M01
BFAR	6557	M01
N4BP2L2	6558	M01
HNMT	6559	M01
CRYZL2P-SEC16B	6560	M01
MINDY2	6561	M03
APAF1	6562	M01
KIAA1217	6563	M03
RAD51-AS1	6564	M03
LSM12	6565	M01
SLC2A10	6566	M01
SAV1	6567	M01
BTF3L4	6568	M01
CAAP1	6569	M01
MTFMT	6570	M01
OXCT1	6571	M01
QRSL1	6572	M01
SEC22A	6573	M01
MYO19	6574	M01
ABLIM1	6575	M01
SESN1	6576	M01
KIAA0753	6577	M01
REEP3	6578	M03
XPR1	6579	M03
EDIL3	6580	M01
EDIL3-DT	6581	M01
PCNX1	6582	M01
SLC25A43	6583	M03
ZCCHC10	6584	M01
NKIRAS1	6585	M01
ABHD17B	6586	M01
NSL1	6587	M01
ZNF589	6588	M01
VSNL1	6589	M01
AGK	6590	M01
RGPD5	6591	M03
KLHL7	6592	M01
XRCC4	6593	M01
DYNC1LI1	6594	M01
DENND4A	6595	M01
LRP6	6596	M01
FIG4	6597	M01
USF3	6598	M01
ENSG00000234185	6599	M01
CDK12	6600	M01
TCP11L1	6601	M03
OXNAD1	6602	M01
PDK3	6603	M01
VPS45	6604	M01
MFSD9	6605	M01
XIAP	6606	M01
REL	6607	M01
MIGA1	6608	M01
CASP8AP2	6609	M03
FKBP5	6610	M01
ST6GALNAC3	6611	M03
ZNF808	6612	M03
MICALL2	6613	M03
NSUN6	6614	M01
AFG1L	6615	M03
ERCC6L2-AS1	6616	M01
UBE2H	6617	M03
SLC22A3	6618	M01
ITGA6	6619	M01
MACC1	6620	M01
TASOR	6621	M01
SLC30A9	6622	M01
TRIM36	6623	M03
CMC1	6624	M03
TMEM236	6625	M01
UBE2B	6626	M01
GLYR1	6627	M03
OSBPL3	6628	M03
ZXDC	6629	M03
ECD	6630	M01
ZNF493	6631	M01
VCPIP1	6632	M03
AASDH	6633	M03
DNHD1	6634	M01
POC1B	6635	M01
IPMK	6636	M01
PID1	6637	M01
POGLUT1	6638	M01
TRMT1L	6639	M01
NME7	6640	M01
GTF2H1	6641	M01
NMNAT3	6642	M01
RMND1	6643	M01
SMIM8	6644	M01
GNA13	6645	M01
SECISBP2L	6646	M01
ENSG00000277991	6647	M01
EPB41L3	6648	M01
SEMA6A	6649	M01
SLC26A2	6650	M01
SLC41A2	6651	M01
TTC33	6652	M01
NFATC2IP	6653	M01
RPS6KC1	6654	M03
PUS7	6655	M03
GMDS	6656	M03
CACNA1D	6657	M03
NAA25	6658	M03
STIL	6659	M03
AEBP2	6660	M03
LINC01362	6661	M01
GDAP2	6662	M01
ANKRD13A	6663	M01
VPS50	6664	M01
RGPD8	6665	M01
SPOPL-DT	6666	M01
TCEANC2	6667	M01
CASC9	6668	M01
CEP128	6669	M01
INTU	6670	M01
CHN2	6671	M01
BDNF-AS	6672	M01
PWWP2A	6673	M01
MAPRE2	6674	M01
BCL7A	6675	M03
RNF115	6676	M03
MTMR4	6677	M03
DPY19L3	6678	M01
AMMECR1	6679	M01
SMC6	6680	M01
MRRF	6681	M01
CA8	6682	M01
DHX57	6683	M01
UBE3D	6684	M01
KCTD20	6685	M01
ENSG00000259345	6686	M01
ARHGEF3	6687	M03
CCDC186	6688	M01
ATP6V1C1	6689	M01
SEC23IP	6690	M01
HEATR5B	6691	M01
ZNRF2	6692	M01
TRAPPC11	6693	M01
PELI2	6694	M01
TTC12	6695	M01
SPON1	6696	M03
CRTC3	6697	M01
PRDM5	6698	M01
PUM1	6699	M03
NBAS	6700	M03
ZNF786	6701	M03
NOL10	6702	M03
LINC01876	6703	M01
CARNMT1	6704	M01
KDM1B	6705	M01
MDM2	6706	M01
HSBP1L1	6707	M01
DMXL2	6708	M01
POLK	6709	M01
HIVEP2	6710	M01
PDIK1L	6711	M01
NUP153	6712	M03
CNOT6L	6713	M03
DCAF5	6714	M03
ATG14	6715	M01
BBS4	6716	M03
XNDC1N	6717	M03
COG1	6718	M01
RSBN1	6719	M03
CDRT4	6720	M01
SCN9A	6721	M01
ZNF782	6722	M01
BCAP29	6723	M01
ZMYM1	6724	M01
ITPR2	6725	M01
GARS1-DT	6726	M01
ENSG00000187951	6727	M01
DCAF7	6728	M01
TTF2	6729	M01
ZFP64	6730	M03
ABRAXAS2	6731	M01
IMMP1L	6732	M01
GLMN	6733	M01
TMEM123	6734	M01
USP49	6735	M01
DNAH14	6736	M01
ZNF224	6737	M01
PTGDR	6738	M01
GXYLT1	6739	M01
STXBP6	6740	M01
CBLB	6741	M01
LCOR	6742	M01
MYO1D	6743	M01
COBL	6744	M01
SPECC1L	6745	M01
TANC2	6746	M03
RBFOX1	6747	M01
MTSS1	6748	M03
ENSG00000227388	6749	M03
PPM1L	6750	M03
ATM	6751	M01
FAM107B	6752	M01
SNRK	6753	M01
EEIG2	6754	M03
GTPBP10	6755	M01
ABI2	6756	M01
ZMYM5	6757	M03
EYA2	6758	M01
LINC02086	6759	M01
MCM3AP	6760	M03
SASH1	6761	M01
AKAP8L	6762	M01
MPPE1	6763	M01
TOPBP1	6764	M01
ORC3	6765	M01
POLE2	6766	M01
SEC24B	6767	M01
ATF1	6768	M01
AKAP7	6769	M01
LMBRD1	6770	M01
STXBP3	6771	M01
RC3H2	6772	M01
UIMC1	6773	M01
GLCCI1	6774	M01
ZNF701	6775	M01
ORC4	6776	M01
MSANTD2	6777	M01
SHQ1	6778	M01
TAF4B	6779	M01
METAP1D	6780	M01
LARP4	6781	M03
TP53BP1	6782	M01
SLC38A4-AS1	6783	M01
RBPJ	6784	M01
ZFP14	6785	M01
CD200	6786	M01
OTULIN	6787	M01
ATXN1	6788	M03
MFSD14B	6789	M01
KIAA0586	6790	M01
ANKRD36B	6791	M01
XPO4	6792	M01
NDUFAF5	6793	M03
POC5	6794	M01
DBF4	6795	M01
TTI1	6796	M01
IRAK1BP1	6797	M01
FMNL2	6798	M01
NOP58	6799	M01
PDLIM5	6800	M01
MAP4K3-DT	6801	M01
MCPH1	6802	M01
CMBL	6803	M01
NAPG	6804	M01
DCUN1D4	6805	M01
UBXN2A	6806	M03
ACVR1	6807	M01
ZNF708	6808	M01
LINC00467	6809	M01
HMGXB4	6810	M03
AGA-DT	6811	M01
RHOT1	6812	M03
CTDSPL2	6813	M03
PDSS1	6814	M01
CACNB2	6815	M03
TAF3	6816	M01
TBK1	6817	M01
CMTM8	6818	M03
CLASP2	6819	M01
RBM5	6820	M01
DOCK10	6821	M01
EDA	6822	M01
ABCB10	6823	M01
WDSUB1	6824	M01
NXPE2	6825	M01
DARS2	6826	M01
LINC01389	6827	M01
TEAD1	6828	M03
ANKMY1	6829	M01
SIK2	6830	M01
JADE3	6831	M01
PRDM10	6832	M01
USP37	6833	M01
MNAT1	6834	M01
ZNF652	6835	M03
WDFY1	6836	M03
TMC7	6837	M03
SNX25	6838	M03
TENT4B	6839	M03
DYNC1LI2	6840	M03
ANKAR	6841	M03
TAF2	6842	M01
ARHGEF28	6843	M03
AFAP1	6844	M01
BTAF1	6845	M01
SLC16A4	6846	M03
RAB33B-AS1	6847	M03
SLC22A23	6848	M03
SZT2	6849	M03
TLK2	6850	M03
IRF2	6851	M03
SRPK2	6852	M03
DGKD	6853	M03
ESCO1	6854	M03
ZNF236	6855	M03
NCOA3	6856	M03
VPS53	6857	M03
YEATS2	6858	M03
BLTP3A	6859	M03
FARS2	6860	M03
RERE	6861	M03
DIS3L2	6862	M03
IKBKB	6863	M03
ATG7	6864	M03
GOLPH3L	6865	M03
FBXO42	6866	M03
CRLF3	6867	M03
RAP1GAP2	6868	M03
SLC39A11	6869	M03
OVOL2	6870	M03
SMPD3	6871	M03
LINC01572	6872	M03
CREBBP	6873	M03
CTCF	6874	M03
GABPB2	6875	M03
CDK19	6876	M03
DHRSX	6877	M03
NR2C2	6878	M03
KLHDC2	6879	M03
PLEKHH1	6880	M03
RIN2	6881	M03
UBR4	6882	M03
CDKL1	6883	M03
HS2ST1	6884	M03
FAM171A1	6885	M03
MFSD14CP	6886	M03
INPP5B	6887	M03
ZNF169	6888	M03
ATE1	6889	M03
CLASP1	6890	M03
RCOR1	6891	M03
ENSG00000280441	6892	M03
KIF9-AS1	6893	M03
TTC23	6894	M03
NFATC3	6895	M03
ATF7IP2	6896	M03
WDR44	6897	M03
MARK3	6898	M03
EPG5	6899	M03
SGPP1	6900	M03
RBBP4	6901	M03
FANCC	6902	M03
USP8	6903	M03
ACACB	6904	M03
PIGL	6905	M03
SUSD1	6906	M03
LDLRAD4	6907	M03
EIF4A1	6908	M03
VGLL4	6909	M03
MYO7B	6910	M03
ZNF609	6911	M03
BCAS3	6912	M03
PPP1R13B	6913	M03
ATXN2	6914	M03
SPATS2	6915	M03
ITPR3	6916	M03
CUX1	6917	M03
SMG6	6918	M03
STAG1	6919	M03
TBC1D14	6920	M03
ENSG00000256591	6921	M03
PRKCE	6922	M03
NFX1	6923	M03
TFCP2	6924	M03
SERGEF	6925	M03
CNOT1	6926	M03
DENND1A	6927	M03
HOXB-AS4	6928	M03
MINK1	6929	M03
TBC1D22A	6930	M03
PITPNM3	6931	M03
RAD52	6932	M03
EEF1D	6933	M03
RAD23A	6934	M03
PLEKHG1	6935	M03
PMM2	6936	M03
ARMH3	6937	M03
GTF2I	6938	M03
ANKRD11	6939	M03
DNAJC7	6940	M03
SAMHD1	6941	M03
EHMT1	6942	M03
ATXN7L1	6943	M03
AGAP1	6944	M03
UBE4B	6945	M03
RBM6	6946	M03
HECTD4	6947	M03
PRKCA	6948	M03
SETD2	6949	M03
DIP2B	6950	M03
LIMD1	6951	M03
CSTPP1	6952	M03
CPEB3	6953	M03
TYW1B	6954	M03
NVL	6955	M03
ZNF846	6956	M03
ERN2	6957	M03
TRIM66	6958	M03
UBAP2	6959	M03
LARP1B	6960	M03
TYW1	6961	M03
DNAJC11	6962	M03
SFSWAP	6963	M03
CNOT10	6964	M03
CHD2	6965	M03
ITFG2	6966	M03
AOPEP	6967	M03
ACYP2	6968	M03
MROH7	6969	M03
FBH1	6970	M03
PRKAG2	6971	M03
ARID4B	6972	M03
BICRAL	6973	M03
TOP6BL	6974	M03
SLC30A4-AS1	6975	M03
CTBP2	6976	M03
KAZN	6977	M03
CAMK1D	6978	M03
TPT1-AS1	6979	M03
DOCK1	6980	M03
ZNF91	6981	M03
LRIG1	6982	M03
NGEF	6983	M03
RC3H1	6984	M03
RSBN1L	6985	M03
BRWD1	6986	M03
AFF1	6987	M03
TNRC6A	6988	M03
AGO4	6989	M01
ZNF850	6990	M01
JARID2	6991	M01
KLHL8	6992	M01
MTO1	6993	M01
MAP2K6	6994	M01
GATA6	6995	M01
PRR15-DT	6996	M01
MBTPS2	6997	M01
MRPS31	6998	M01
USPL1	6999	M01
WDR37	7000	M03
ATP7A	7001	M01
GOSR1	7002	M03
TRIM4	7003	M01
GTF2H2	7004	M01
SH2D4A	7005	M01
DAPK2	7006	M03
WARS2	7007	M03
MAP4K4	7008	M01
SMURF2	7009	M01
SEC24D	7010	M03
SLC4A7	7011	M01
NTN4	7012	M01
IGF2BP2	7013	M01
KLHL28	7014	M01
MARCHF3	7015	M01
CTTNBP2NL	7016	M01
ABCA5	7017	M01
MBNL1	7018	M01
MGAT4A	7019	M01
MAP3K2	7020	M01
ABHD17C	7021	M01
SPAG9	7022	M03
RAPGEF2	7023	M01
RALGAPB	7024	M01
ACAP2	7025	M01
GRAMD2B	7026	M01
NCEH1	7027	M01
KPNA4	7028	M01
SCRN3	7029	M01
MCPH1-AS1	7030	M03
ASH2L	7031	M03
NAB1	7032	M01
ESYT2	7033	M01
WNT2B	7034	M03
CLOCK	7035	M01
TERF2IP	7036	M01
PPHLN1	7037	M01
WAC-AS1	7038	M03
LIN52	7039	M03
CCSER2	7040	M01
ACACA	7041	M01
SPOP	7042	M01
OSBPL1A	7043	M01
MTMR8	7044	M01
NUTM2A-AS1	7045	M01
STIM2	7046	M01
TMED8	7047	M01
STAU2	7048	M01
BLZF1	7049	M01
ZNF326	7050	M01
ATRN	7051	M01
WDR20	7052	M01
GPR39	7053	M01
PRIMPOL	7054	M01
UBE2K	7055	M01
ALKBH1	7056	M01
CIBAR1-DT	7057	M01
PPM1D	7058	M01
SMC5	7059	M01
XRN2	7060	M01
USP45	7061	M01
YY1	7062	M01
ADK	7063	M01
LMBR1	7064	M01
ZNF780B	7065	M01
MET	7066	M01
GPR89B	7067	M01
USP10	7068	M01
RHOBTB3	7069	M01
NUP205	7070	M01
PRPF40A	7071	M01
NUP133	7072	M01
ZNF638	7073	M01
DHX36	7074	M01
ADSS2	7075	M01
ARGLU1	7076	M01
FANCL	7077	M01
RAD50	7078	M01
PDE8A	7079	M01
C5orf63	7080	M01
ZFYVE9	7081	M01
TTC6	7082	M01
MAP3K7	7083	M01
PTPN2	7084	M01
SF3B1	7085	M01
ARMC1	7086	M01
IREB2	7087	M03
ESRP1	7088	M01
HMGA2	7089	M01
WARS2-AS1	7090	M01
ZNF69	7091	M01
DEPTOR	7092	M01
GKAP1	7093	M01
BCL11B	7094	M01
ARID5B	7095	M01
ZFHX3	7096	M01
HNRNPLL	7097	M01
DNAJC21	7098	M01
C5orf22	7099	M03
NUP107	7100	M01
CLCN5	7101	M01
GAS2L3	7102	M01
UBA3	7103	M01
C11orf58	7104	M01
TEX10	7105	M01
SH3YL1	7106	M01
CDC5L	7107	M01
RHBDD1	7108	M01
CUL4A	7109	M01
VPS13C	7110	M01
SERBP1	7111	M01
SLC35F5	7112	M01
ZNF207	7113	M01
FZD6	7114	M01
TCERG1	7115	M01
NIPSNAP2	7116	M01
SLTM	7117	M01
LRRC58	7118	M01
IFT88	7119	M01
LCLAT1	7120	M01
ITGA2	7121	M01
THAP12	7122	M01
PITPNB	7123	M01
LINC01687	7124	M01
ZDHHC13	7125	M01
NFE2L2	7126	M01
TPD52	7127	M01
SEC63	7128	M01
TFAM	7129	M01
SRP72	7130	M01
SLC44A3	7131	M01
FKTN	7132	M01
ANTXR2	7133	M01
YAP1	7134	M01
HELZ	7135	M01
EXOC5	7136	M01
ZNF138	7137	M01
RUFY3	7138	M03
RREB1	7139	M03
RABEP1	7140	M01
RBSN	7141	M01
CDHR3	7142	M01
BBS9	7143	M01
ADNP	7144	M01
ALMS1	7145	M01
VPS41	7146	M01
RAB22A	7147	M01
THUMPD1	7148	M01
SMARCA2	7149	M01
LYPLA1	7150	M01
TRMT11	7151	M01
CALU	7152	M01
RAP1GDS1	7153	M01
TMEM87A	7154	M01
NHLRC3	7155	M01
PPP3CA	7156	M01
DENND11	7157	M01
SYNJ2BP	7158	M01
LUC7L3	7159	M01
SPRED1	7160	M01
PPP2R2A	7161	M01
MED14	7162	M01
MAPK8	7163	M01
IQCK	7164	M03
NCK1	7165	M01
MGA	7166	M01
PRKD3	7167	M03
HEATR1	7168	M01
ZNF124	7169	M01
FNDC3B	7170	M03
EOLA2-DT	7171	M01
DPH6-DT	7172	M01
DNAI4	7173	M03
SEL1L3	7174	M01
NXPE1	7175	M01
HIPK3	7176	M01
IGF1R	7177	M01
DOCK7	7178	M01
SIMC1	7179	M01
CDC14B	7180	M03
RIC8B	7181	M03
TUBGCP5	7182	M01
HPS5	7183	M01
TUT4	7184	M01
COPG2	7185	M01
MKLN1	7186	M01
VPS54	7187	M01
SETDB2	7188	M01
USP33	7189	M01
CWF19L2	7190	M01
RALBP1	7191	M01
SLC33A1	7192	M01
ZNF562	7193	M03
CLIP1	7194	M01
MSI2	7195	M03
PTPN3	7196	M03
FNBP4	7197	M03
ZHX3	7198	M03
SRSF4	7199	M03
TULP4	7200	M03
KLHL24	7201	M01
TMEM165	7202	M01
SYTL2	7203	M01
CCDC191	7204	M01
RAVER2	7205	M01
ABCD3	7206	M01
MYO6	7207	M01
TTC39B	7208	M01
VPS37A	7209	M01
CDC73	7210	M03
ENSG00000241962	7211	M01
GAPVD1	7212	M01
C1RL	7213	M01
ZNF37A	7214	M01
POGZ	7215	M01
SPTLC3	7216	M01
SUMF1	7217	M01
METTL2B	7218	M01
RB1CC1	7219	M01
ADNP2	7220	M01
KLHDC10	7221	M01
CDK7	7222	M01
ERAP1	7223	M01
CNTRL	7224	M01
ICE1	7225	M01
ENSG00000230490	7226	M01
GTF2A1	7227	M01
NEO1	7228	M01
CFTR	7229	M01
ADAM22	7230	M01
NSUN7	7231	M01
TYW3	7232	M01
MAN1A1	7233	M01
LMTK2	7234	M01
SMIM31	7235	M03
KDM4C	7236	M01
SGPP2	7237	M03
PHKB	7238	M01
PLEKHM3	7239	M01
RB1	7240	M01
PPP4R2	7241	M01
UBA6	7242	M01
UBE4A	7243	M01
ITSN2	7244	M01
UBE2G1	7245	M03
ATOSA	7246	M03
RUFY2	7247	M03
KPNA1	7248	M03
KDM6A	7249	M03
ENSG00000230551	7250	M01
TBL1XR1	7251	M03
PUM2	7252	M01
MTMR3	7253	M03
CHPT1	7254	M01
EFCAB13	7255	M01
SIPA1L1	7256	M01
OSBPL8	7257	M01
NF1	7258	M01
SPPL2A	7259	M01
UBL3	7260	M01
N4BP2	7261	M01
DDX52	7262	M01
NPAT	7263	M01
CWC22	7264	M01
EVA1C	7265	M01
GOLM2	7266	M01
ENOX2	7267	M01
ENSG00000254777	7268	M03
PSME4	7269	M01
TFB1M	7270	M01
PLEKHA3	7271	M01
XPA	7272	M01
ACBD6	7273	M01
NUBPL	7274	M01
TARS3	7275	M01
BBX	7276	M01
RANBP17	7277	M01
FAM185A	7278	M01
A1CF	7279	M01
ZC3H6	7280	M01
FCHSD2	7281	M01
AGAP4	7282	M03
FTO	7283	M01
SMARCC1	7284	M01
NIN	7285	M03
LINC02241	7286	M01
HTR4	7287	M01
DMXL1	7288	M01
ABCB7	7289	M01
RIF1	7290	M01
PIK3C2A	7291	M01
KCNG3	7292	M01
SUCLG2-DT	7293	M01
GOLPH3	7294	M01
CYB5R4	7295	M01
SHOC2	7296	M01
TCAIM	7297	M01
MYO1B	7298	M01
LINC00662	7299	M01
SCMH1	7300	M01
KIAA1328	7301	M01
REPS2	7302	M01
HMGA2-AS1	7303	M01
DTWD1	7304	M01
PREPL	7305	M01
SSB	7306	M01
PUM3	7307	M01
MAP3K21	7308	M01
SORBS2	7309	M01
ZNF827	7310	M01
KIF13A	7311	M01
ZNF26	7312	M01
CCDC66	7313	M01
ZNF337	7314	M01
EFL1	7315	M01
PRELID2	7316	M01
FOXJ3	7317	M01
NCOA1	7318	M01
ALCAM	7319	M01
KIF2A	7320	M01
NR2C1	7321	M01
TTC27	7322	M01
CEP83	7323	M01
SLC37A3	7324	M01
ITGA1	7325	M01
MFN1	7326	M01
PRP4K	7327	M01
YAF2	7328	M01
VPS4B	7329	M01
SMAP1	7330	M01
ZBTB11	7331	M01
SYTL4	7332	M03
NUP88	7333	M03
LIMS1	7334	M03
EIF2AK2	7335	M01
CREB1	7336	M01
STARD13	7337	M03
KCNQ1OT1	7338	M03
TOM1L1	7339	M03
CHD6	7340	M03
ANKRD18A	7341	M03
INTS6	7342	M03
PIGN	7343	M01
PRRG4	7344	M01
TRIP11	7345	M01
LRCH1	7346	M01
CDK6	7347	M01
R3HDM1	7348	M01
CELF2	7349	M01
ANKRD36	7350	M01
ZNG1E	7351	M01
MLH3	7352	M01
TMTC2	7353	M03
KITLG	7354	M03
TRAPPC8	7355	M03
GTDC1	7356	M03
USP9X	7357	M03
LTN1	7358	M01
PPP3CC	7359	M01
ENTREP2	7360	M01
FARP1	7361	M01
CNTN4	7362	M01
TRMT9B	7363	M01
MYSM1	7364	M01
USP14	7365	M01
CEP104	7366	M01
LRRC8B	7367	M01
NIPAL2	7368	M01
UEVLD	7369	M03
VMP1	7370	M03
STRN3	7371	M03
MTMR12	7372	M01
SDAD1	7373	M01
RPRD1A	7374	M01
ADD3	7375	M01
HIBCH	7376	M01
PTAR1	7377	M01
PLA2R1	7378	M01
NR6A1	7379	M01
AGO3	7380	M01
PHC3	7381	M01
ATXN7	7382	M01
FAM13B	7383	M01
WAPL	7384	M01
ZBTB10	7385	M01
SNTB2	7386	M03
SEC23A	7387	M01
ZNF106	7388	M03
CCDC125	7389	M03
XRRA1	7390	M03
CCDC171	7391	M01
RAPH1	7392	M03
PIK3CB	7393	M03
FBXO34	7394	M03
ENSG00000280138	7395	M03
RAB6A	7396	M03
SLC38A9	7397	M03
EPC2	7398	M03
KMT2E	7399	M03
SLC4A4	7400	M03
PLPP1	7401	M03
MAGI1	7402	M03
NCOA6	7403	M03
CLYBL	7404	M03
SIN3A	7405	M03
ZNF678	7406	M03
KAT6B	7407	M03
IDH3A	7408	M03
SIK3	7409	M03
FGD4	7410	M03
BMPR1A	7411	M03
KDM3B	7412	M03
SLC9A2	7413	M03
FOXN3	7414	M03
NHSL1	7415	M03
RBM47	7416	M03
TRAPPC9	7417	M03
HMG20A	7418	M03
DENND4C	7419	M03
CBFA2T2	7420	M03
BMPR2	7421	M03
KIF13B	7422	M03
ENSG00000227598	7423	M03
NSD1	7424	M03
OPHN1	7425	M03
LYST	7426	M01
ZNF608	7427	M01
REPS1	7428	M01
RASAL2	7429	M01
RLF	7430	M03
ZC3H12C	7431	M01
ENSG00000228222	7432	M01
FSIP2	7433	M01
RFX3-DT	7434	M01
FER	7435	M01
LINC00513	7436	M01
CBR4	7437	M01
CCDC91	7438	M01
SEL1L	7439	M01
LATS1	7440	M01
VSIG10	7441	M01
ERGIC2	7442	M01
IL7	7443	M01
IFT74	7444	M03
PRLR	7445	M01
RNF168	7446	M01
YLPM1	7447	M01
KPNA3	7448	M01
HIVEP1	7449	M01
ZC3H12B	7450	M01
GNPTAB	7451	M01
MTF2	7452	M01
CNOT4	7453	M01
SKAP2	7454	M03
CRACR2A	7455	M01
ENSG00000247679	7456	M01
SPECC1	7457	M03
SUPT20H	7458	M01
RSRC1	7459	M01
TAF1	7460	M01
NEK4	7461	M03
PTPDC1	7462	M01
QSER1	7463	M01
B3GALT1-AS1	7464	M01
ARMCX4	7465	M01
ENTPD1-AS1	7466	M01
HBP1	7467	M01
OSBPL9	7468	M01
LINC01376	7469	M01
MACROD2	7470	M01
MFSD8	7471	M03
RAB10	7472	M03
OPA1	7473	M01
ILDR1	7474	M01
ARAP2	7475	M01
WNK1	7476	M01
NUTM2B-AS1	7477	M01
SBNO1	7478	M01
CRBN	7479	M01
TMEM260	7480	M01
RAB11FIP1	7481	M01
H4C3	7482	M01
TAF1D	7483	M01
MMS22L	7484	M01
EHBP1	7485	M01
MIPOL1	7486	M01
DYNC2I1	7487	M03
SENP5	7488	M01
ATP6V1A	7489	M01
ADAM10	7490	M01
RBM26	7491	M01
PBX1	7492	M01
YTHDC2	7493	M01
ODF2L	7494	M01
ENSG00000214719	7495	M01
NPEPPS	7496	M01
REST	7497	M01
ARHGAP18	7498	M01
SRBD1	7499	M01
USP24	7500	M01
ACTR3C	7501	M03
LRIG3	7502	M01
EIF2AK4	7503	M01
DNAJC2	7504	M01
OTUD4	7505	M03
AK3	7506	M01
NAA50	7507	M01
TNKS	7508	M01
TBC1D23	7509	M01
PPP6R3	7510	M01
RCOR3	7511	M01
TNFRSF10A	7512	M01
ZNF721	7513	M01
PLCB4	7514	M01
ZBTB38	7515	M01
SLC25A16	7516	M01
ZNF33A	7517	M01
ANKRD26	7518	M01
GK5	7519	M01
ADAM17	7520	M01
XRN1	7521	M01
TVP23B	7522	M01
SLC39A8	7523	M01
USP16	7524	M01
NAA16	7525	M01
OFD1	7526	M01
TBC1D32	7527	M01
NUP54	7528	M01
CEPT1	7529	M01
RICTOR	7530	M01
TPR	7531	M01
FSD1L	7532	M01
ZMYM4	7533	M01
PPARGC1A	7534	M01
ZNF518A	7535	M01
JPX	7536	M01
EMSY	7537	M01
TMEM161B-DT	7538	M01
PPARG	7539	M01
MCM9	7540	M01
DNAJC16	7541	M03
SHLD2	7542	M03
USP48	7543	M03
IQCM	7544	M01
PRKN	7545	M01
KIAA1958	7546	M01
CDC37L1	7547	M01
ARFGEF3	7548	M01
NDUFAF2	7549	M01
GAN	7550	M03
ZNF506	7551	M01
ALPK1	7552	M01
HCG18	7553	M01
NAA15	7554	M01
CCDC149	7555	M03
CCAR1	7556	M01
SLC12A2-DT	7557	M01
CEP95	7558	M01
ZNF507	7559	M01
IMMP2L	7560	M01
ZZZ3	7561	M01
ZFHX3-AS1	7562	M01
CDC27	7563	M01
RALGAPA2	7564	M01
ZNF33B	7565	M01
PDZD8	7566	M01
MIB1	7567	M03
ERC1	7568	M03
SPRED2	7569	M01
SLC25A13	7570	M01
NR5A2	7571	M03
LPAR1	7572	M03
TTBK2	7573	M03
BABAM2	7574	M01
FRYL	7575	M01
ZKSCAN1	7576	M01
PDIA6	7577	M03
TXLNG	7578	M01
E2F3	7579	M01
TRIM24	7580	M01
SANBR	7581	M03
MIER1	7582	M01
ZMYND11	7583	M01
SPEN	7584	M01
AGO2	7585	M03
XPO1	7586	M01
ARHGAP26	7587	M01
TNIK	7588	M01
GANC	7589	M01
PIKFYVE	7590	M01
BRD10	7591	M01
RPS6KA3	7592	M01
CCDC18-AS1	7593	M01
KIDINS220	7594	M01
NT5C3A	7595	M01
ANKHD1	7596	M01
CEP57	7597	M01
SKIC3	7598	M01
MED23	7599	M01
FNBP1L	7600	M01
USP1	7601	M01
NHLRC2	7602	M01
NFIB	7603	M01
CWC27	7604	M01
SLC30A6	7605	M01
STRBP	7606	M01
ANK3	7607	M01
PPP3CB	7608	M01
MTR	7609	M01
DPH6	7610	M01
NFIA	7611	M01
PLCH1	7612	M01
GPHN	7613	M01
CEP290	7614	M01
PKD2	7615	M01
DEK	7616	M01
PPP1R21	7617	M01
MPHOSPH10	7618	M01
THUMPD2	7619	M01
PTPN4	7620	M01
TDRD3	7621	M01
CEP162	7622	M01
RFX7	7623	M01
TMEM181	7624	M03
LEMD3	7625	M03
CBFB	7626	M03
CYRIB	7627	M01
SETX	7628	M03
STK39	7629	M03
JAK1	7630	M01
PRDM2	7631	M01
DIPK1A	7632	M03
DDX46	7633	M01
TMEM161B	7634	M01
SP3	7635	M01
SNX4	7636	M01
WDR70	7637	M01
GOPC	7638	M01
ATP8B1	7639	M01
EPS15	7640	M01
GGNBP2	7641	M01
DYRK1A	7642	M01
NAA35	7643	M01
ERLEC1	7644	M01
BOD1L1	7645	M01
MFSD6	7646	M01
C9orf85	7647	M01
KIF21A	7648	M01
CPEB4	7649	M01
CDC42SE2	7650	M01
TTLL5	7651	M01
APC	7652	M01
CDYL	7653	M01
BLTP1	7654	M01
PLS1	7655	M01
MAPK14	7656	M01
PPIL4	7657	M01
RALA	7658	M01
RYBP	7659	M01
DNAJB14	7660	M01
SCYL2	7661	M01
SACM1L	7662	M01
NCKAP1	7663	M01
ANKRD12	7664	M01
PAK1	7665	M01
SEPTIN7	7666	M01
UBE3A	7667	M01
PEX1	7668	M01
EXOC1	7669	M01
WASL	7670	M01
DNAJC13	7671	M01
CLINT1	7672	M01
RMI1	7673	M01
MYCBP2	7674	M01
LBR	7675	M01
PCNX4	7676	M01
ICE2	7677	M01
COP1	7678	M01
AHI1	7679	M01
ODR4	7680	M01
KLHL23	7681	M01
KIF5B	7682	M01
TANK	7683	M01
PPP4R3A	7684	M01
MBNL3	7685	M01
TRIP12	7686	M01
TAPT1	7687	M01
THOC2	7688	M01
EPS8	7689	M01
ARHGAP32	7690	M01
MCTP2	7691	M01
CRIM1	7692	M01
PLSCR4	7693	M01
GATAD1	7694	M01
PNISR	7695	M01
FBXL17	7696	M01
ASXL2	7697	M01
PIK3R1	7698	M01
CCNT2	7699	M01
DENR	7700	M01
GALNT1	7701	M01
YTHDC1	7702	M01
PPIG	7703	M01
FBXL4	7704	M01
BCLAF1	7705	M01
ARHGAP12	7706	M01
PAXBP1	7707	M01
ZNF75D	7708	M01
BCKDHB	7709	M01
DNM1L	7710	M01
ZFAND6	7711	M01
NOL8	7712	M01
SUCLG2	7713	M01
FAM120A	7714	M01
SLK	7715	M01
USP47	7716	M01
ARHGAP21	7717	M01
TCAF1	7718	M01
VEZT	7719	M01
DANT2	7720	M01
GPRIN3	7721	M01
ADGRA3	7722	M01
ARID4A	7723	M01
BRINP3	7724	M01
CNTN3	7725	M01
MAP4K3	7726	M01
MBOAT2	7727	M01
TM2D1	7728	M01
ARMC8	7729	M01
CAPN7	7730	M01
ZNF148	7731	M01
MICU2	7732	M01
FEZ2	7733	M01
TRAPPC10	7734	M01
MAP3K5	7735	M01
APOOL	7736	M01
STAG2	7737	M01
RNPC3	7738	M01
CHD1	7739	M03
WDR7	7740	M03
DNAJC1	7741	M01
ITPRIPL2	7742	M01
BNIP2	7743	M01
GLCE	7744	M01
TSC22D2	7745	M01
ZNF644	7746	M01
ZNF407	7747	M01
HMBOX1	7748	M03
MBP	7749	M01
APPBP2	7750	M01
NFAT5	7751	M01
FAM120B	7752	M01
JPH1	7753	M01
ASCC3	7754	M01
SMURF1	7755	M01
RELL1	7756	M01
ELF2	7757	M03
KIF1B	7758	M03
MYO5C	7759	M03
ZNF789	7760	M03
ACBD3	7761	M03
FBXW8	7762	M03
FRS2	7763	M03
MAML2	7764	M03
FBXO11	7765	M03
TASP1	7766	M03
ARHGAP5	7767	M01
TRA2A	7768	M03
TNPO1	7769	M03
NEK7	7770	M03
COA1	7771	M01
DYM	7772	M01
WDR43	7773	M01
CC2D2A	7774	M01
CUL1	7775	M01
GTF2H2C	7776	M01
ZNF251	7777	M03
ZBTB1	7778	M03
MTREX	7779	M03
FAM117B	7780	M01
MBTD1	7781	M01
PTBP2	7782	M01
VKORC1L1	7783	M01
PAWR	7784	M01
PHF21A	7785	M03
CRYBG3	7786	M01
PREP	7787	M01
ANKRD13C	7788	M03
PLD1	7789	M01
AKAP10	7790	M01
KMT5B	7791	M03
KDM5A	7792	M03
MCU	7793	M03
NEDD4L	7794	M01
TOX3	7795	M01
CCDC68	7796	M01
C4orf19	7797	M03
LGR4	7798	M03
C1orf21	7799	M01
PHTF2	7800	M03
ENSG00000225421	7801	M01
SATB2	7802	M03
ZSWIM6	7803	M03
SRGAP1	7804	M03
EGFR	7805	M01
RBM41	7806	M01
FAM114A1	7807	M01
HIF1A	7808	M01
PCLO	7809	M01
PTPN12	7810	M01
ZRANB3	7811	M03
KATNBL1	7812	M01
CEP192	7813	M01
ZNF462	7814	M01
C2CD5	7815	M01
UBN2	7816	M01
PTEN	7817	M01
CASD1	7818	M01
LNPEP	7819	M01
SLC35A3	7820	M01
WWP1	7821	M01
ZNF280D	7822	M01
FCHO2	7823	M01
FBXW11	7824	M01
PIK3CA	7825	M01
ANO10	7826	M01
ELL2	7827	M01
CENPC	7828	M01
BRWD3	7829	M01
CDK8	7830	M01
MAP2K5	7831	M01
PKP4	7832	M01
BACH1	7833	M01
ATG2B	7834	M01
PRPF38B	7835	M01
ERCC6L2	7836	M01
RAB28	7837	M01
UGGT2	7838	M01
CADPS2	7839	M01
STX17	7840	M01
PCMTD1	7841	M01
MARCHF7	7842	M01
WASHC4	7843	M01
CSNK1G3	7844	M01
CAST	7845	M01
TRIO	7846	M01
HLCS	7847	M01
FBXL13	7848	M01
KLF12	7849	M01
RALGPS1	7850	M03
SOS2	7851	M01
BMP2K	7852	M01
RUSC1-AS1	7853	M01
SLC36A4	7854	M01
DOP1B	7855	M03
ANKS1A	7856	M01
ARFGEF2	7857	M03
PDSS2	7858	M01
TMCC1	7859	M03
MYO10	7860	M03
ASH1L	7861	M03
TBC1D2B	7862	M01
AFG2A	7863	M01
PPP1R12B	7864	M01
ATF7IP	7865	M01
SCAPER	7866	M01
NEK1	7867	M01
LCORL	7868	M01
CCDC122	7869	M01
PLXDC2	7870	M01
BCL2	7871	M01
STAT5B	7872	M01
SPAG1	7873	M01
GALK2	7874	M03
UBR1	7875	M01
UVRAG	7876	M01
RBL2	7877	M03
MBNL2	7878	M01
EXOC6B	7879	M01
B3GALNT2	7880	M01
PRKCI	7881	M01
NUCKS1	7882	M01
NSD3	7883	M01
SEPTIN11	7884	M01
SLC25A17	7885	M01
SGK3	7886	M01
CBR3-AS1	7887	M01
NRF1	7888	M01
PCGF3-AS1	7889	M01
HECTD1	7890	M01
ERCC8	7891	M01
GOLGA8A	7892	M01
GOLGA8B	7893	M01
TMEM135	7894	M01
SDCCAG8	7895	M01
UBE3C	7896	M01
DLEU2	7897	M01
UBR5	7898	M01
FASTKD1	7899	M01
UPF2	7900	M01
HOXA6	7901	M01
BPTF	7902	M01
CHD9	7903	M01
USP34	7904	M01
ACER3	7905	M03
USP15	7906	M03
CHD7	7907	M01
ORC2	7908	M01
SLC10A7	7909	M01
SLC12A8	7910	M01
POLR2B	7911	M03
TBCK	7912	M01
EEA1	7913	M01
KRIT1	7914	M01
NLK	7915	M01
PAN3	7916	M01
SCLT1	7917	M01
TENT2	7918	M01
LGALSL-DT	7919	M01
PARD3	7920	M01
TLN2	7921	M01
MLLT3	7922	M01
FHIP1A	7923	M03
HERC1	7924	M01
PARD3B	7925	M01
RNF19A	7926	M01
GSK3B	7927	M01
SLC2A13	7928	M01
NDST3	7929	M01
CERT1	7930	M01
PBRM1	7931	M01
SLF2	7932	M01
UBR3	7933	M01
NRIP1	7934	M01
OTUD7A	7935	M01
SMAD5	7936	M01
ZNF131	7937	M01
EFNB2	7938	M01
RPS6KA5	7939	M01
TBC1D5	7940	M01
ENSG00000227486	7941	M01
FMN1	7942	M01
SH3RF1	7943	M01
CRADD	7944	M01
PCM1	7945	M01
ATRX	7946	M01
REV1	7947	M01
RNGTT	7948	M01
SNAPC3	7949	M01
MED13L	7950	M01
CUL3	7951	M01
BRAF	7952	M01
ANKRD36C	7953	M01
SRSF11	7954	M01
SLX4IP	7955	M01
PHF14	7956	M01
CCDC93	7957	M01
ANKIB1	7958	M01
PTPRK	7959	M01
NIPBL	7960	M01
RALGPS2	7961	M03
AK9	7962	M03
VPS13A	7963	M01
RFX3	7964	M01
KYAT3	7965	M03
CSNK1A1	7966	M01
GIGYF2	7967	M01
METTL25	7968	M01
PRIM2	7969	M01
ATAD2B	7970	M03
EP300	7971	M01
SPG11	7972	M03
PATJ	7973	M03
MAML3	7974	M01
FARP2	7975	M03
NUMB	7976	M03
TRIM73	7977	M03
SVIL	7978	M03
PLEKHA5	7979	M03
TLK1	7980	M03
WRN	7981	M01
STRN	7982	M01
BAZ1B	7983	M01
UPF3A	7984	M01
ESF1	7985	M01
NAALADL2	7986	M01
ZDHHC20	7987	M01
PLCL2	7988	M01
SPIN1	7989	M01
KLHL20	7990	M03
PEAK1	7991	M01
PSD3	7992	M01
SCFD1	7993	M01
PHACTR2	7994	M01
SH3D19	7995	M03
TMEM117	7996	M03
PDS5A	7997	M03
DCTN4	7998	M01
COBLL1	7999	M01
PTBP3	8000	M01
GOLIM4	8001	M01
CSPP1	8002	M01
FAM13A	8003	M01
FAAH2	8004	M01
AVL9	8005	M01
FAM133B	8006	M01
ITGB1	8007	M01
SGMS1	8008	M01
EIF3A	8009	M01
SREK1	8010	M01
UBE2E1	8011	M01
TDG	8012	M01
SHPRH	8013	M01
SRRM1	8014	M01
CEBPZ	8015	M01
MTDH	8016	M01
PRKDC	8017	M01
BDP1	8018	M03
STAG3L5P-PVRIG2P-PILRB	8019	M01
MSH3	8020	M03
VPS8	8021	M03
ZC3H14	8022	M01
NEK3	8023	M01
MIS18BP1	8024	M01
CUL5	8025	M03
PPFIBP1	8026	M03
ARHGEF38	8027	M01
VWA8	8028	M03
TBC1D4	8029	M01
DGKH	8030	M01
TM9SF3	8031	M03
BTBD7	8032	M03
FBXW7	8033	M01
KIF16B	8034	M01
PDE5A	8035	M01
OGA	8036	M01
GCC2	8037	M01
PPP1R12A	8038	M01
ZFR	8039	M03
PTK2	8040	M03
INVS	8041	M01
MECOM	8042	M01
LDAH	8043	M03
LINC01515	8044	M01
FHIT	8045	M01
ZBTB20	8046	M01
SMYD3	8047	M01
TOX	8048	M01
PHLPP1	8049	M01
ZFC3H1	8050	M01
ARIH1	8051	M03
GPATCH2	8052	M03
TASOR2	8053	M01
DOP1A	8054	M01
EML4	8055	M01
MAN1A2	8056	M03
ZCCHC7	8057	M01
SINHCAF	8058	M03
FNDC3A	8059	M03
ROCK1	8060	M01
MRTFB	8061	M03
KTN1	8062	M01
RNF111	8063	M01
PPP2R3A	8064	M01
CDC42BPA	8065	M03
PDE4D	8066	M03
LIMA1	8067	M01
SNX14	8068	M01
PDS5B	8069	M01
PTPRE	8070	M01
NR3C2	8071	M01
EDEM3	8072	M01
CDK13	8073	M03
PKP2	8074	M01
PALLD	8075	M01
EXPH5	8076	M01
MPHOSPH8	8077	M01
GMDS-DT	8078	M01
FOXP2	8079	M01
FOXP1	8080	M01
ZNF704	8081	M01
GAB1	8082	M01
EPS15-AS1	8083	M01
TVP23C	8084	M01
VPS13B	8085	M01
CASK	8086	M01
SOS1	8087	M01
SCAF11	8088	M01
SMG1	8089	M01
MT-ATP8	8090	M01
EPC1	8091	M01
ENSG00000268362	8092	M01
SUZ12	8093	M01
MID1	8094	M01
CERS6	8095	M01
GALNT7	8096	M01
KDM5B	8097	M01
PTER	8098	M01
PPIP5K2	8099	M01
SYNE2	8100	M01
NIPAL1	8101	M01
ZRANB2	8102	M01
COMMD10	8103	M01
METTL15	8104	M01
RASA1	8105	M01
KDM7A	8106	M01
NSRP1	8107	M01
ANKRD28	8108	M01
DAAM1	8109	M01
PHIP	8110	M01
SIPA1L2	8111	M01
ARL15	8112	M01
RABGAP1L	8113	M01
USP25	8114	M01
RAPGEF5	8115	M01
ITFG1	8116	M01
PIBF1	8117	M01
UTRN	8118	M01
EXOC4	8119	M01
LRBA	8120	M01
PRRC2C	8121	M01
MAP4K5	8122	M01
PPP1R9A	8123	M01
LUC7L2	8124	M01
ELF1	8125	M01
TTC17	8126	M01
HDAC8	8127	M01
MEF2A	8128	M01
STXBP5	8129	M01
TTC13	8130	M01
RELCH	8131	M01
SH3RF2	8132	M01
NSMCE2	8133	M01
MTUS1	8134	M01
WDFY3	8135	M01
MBD5	8136	M01
SENP6	8137	M01
DENND1B	8138	M01
ARFGEF1	8139	M01
UBXN4	8140	M01
IBTK	8141	M01
IQGAP2	8142	M01
DICER1	8143	M01
TPM1	8144	M01
CAMK2D	8145	M01
MAP7	8146	M01
USP53	8147	M01
CD2AP	8148	M01
NCOR1	8149	M01
CEP350	8150	M01
RSF1	8151	M01
TET2	8152	M01
MON2	8153	M01
AKAP9	8154	M01
GOLGA4	8155	M01
MAGI3	8156	M01
BIRC6	8157	M01
UBR2	8158	M01
EVI5	8159	M01
NCOA2	8160	M01
LPP	8161	M01
EFNA5	8162	M01
DIAPH2	8163	M01
RASA2	8164	M01
PDE3B	8165	M01
TRIM2	8166	M01
FAR2	8167	M01
PRKG1	8168	M01
CDKAL1	8169	M01
STK3	8170	M01
SAMD12	8171	M01
PKN2	8172	M01
FAF1	8173	M01
REV3L	8174	M01
HERC4	8175	M01
SPIDR	8176	M01
TCF12	8177	M01
CAMKMT	8178	M01
BAZ1A	8179	M03
MAP3K13	8180	M03
TNRC6B	8181	M03
DOCK5	8182	M03
DHX32	8183	M03
NEMF	8184	M03
GNAQ	8185	M03
VTI1A	8186	M03
TRPM7	8187	M03
NBEAL1	8188	M03
GPBP1	8189	M03
TANC1	8190	M03
GPATCH8	8191	M03
KMT2A	8192	M03
COG5	8193	M03
MED13	8194	M03
JMJD1C	8195	M03
ARID2	8196	M03
SBF2	8197	M03
DLG1	8198	M03
GRHL2	8199	M03
HNF4G	8200	M03
KMT2C	8201	M03
FAM135A	8202	M03
RALGAPA1	8203	M03
PCCA	8204	M03
EXT1	8205	M03
EIF4G3	8206	M03
SLMAP	8207	M03
EHF	8208	M03
ZNF292	8209	M03
CARMIL1	8210	M03
ARFIP1	8211	M03
RBM25	8212	M03
SEC31A	8213	M03
RPAP2	8214	M03
TTC3	8215	M03
ZMYM2	8216	M03
ARID1B	8217	M03
PAK2	8218	M03
MYO9A	8219	M01
TEFM	8220	M01
CILK1	8221	M01
