gene	shared_direction	common_effect	common_se	common_q_value	posterior_mean_ABS	lfsr_ABS	posterior_mean_GOB	lfsr_GOB	posterior_mean_TAC	lfsr_TAC	absolute_rank	signed_rank
TIMP1	up	3.51875626155639	0.210207393061418	5.55816594456193e-59	2.81071407156902	3.92025585885836e-18	2.99618064627247	6.41651749013625e-24	4.08249476732841	3.96725402388986e-52	1	1
INPP5D	up	2.9207457637981	0.232889239366113	1.53836988018996e-32	1.57281584206256	5.08749590867116e-07	3.4633515885634	3.26528950903367e-30	3.65626575606309	7.14609796735694e-22	2	2
S100P	up	3.3172428985422	0.264899695393907	1.53836988018996e-32	3.12966579871208	8.87969846119035e-20	2.06327269872271	1.47923671637618e-09	5.39600552054391	2.05290372744181e-38	3	3
GALNT6	up	1.63407733274684	0.131932488108167	6.418847217998801e-32	1.38420740267167	3.62322658533755e-13	1.37574670567622	4.89771680156665e-17	2.03917360241241	1.40512638060156e-26	4	4
GRAMD1A	up	1.36546675010582	0.111229141952185	1.99993516816973e-31	1.00740460016856	1.49995847347209e-06	1.39993113708946	3.991846204677e-14	1.28941220228064	1.1428755559516699e-26	5	5
PVT1	up	1.71890026969759	0.140189832946504	2.00395797152734e-31	1.12987944373863	4.96440735184096e-08	2.12878766393472	2.18668721364081e-25	1.57483989546539	2.97811167360236e-19	6	6
LCN2	up	2.67901697030422	0.230061144457624	2.86421118455715e-28	1.808833879097	2.82443019815456e-10	3.89476689425554	4.41973308353302e-29	2.38181476765586	7.477194994783871e-14	7	7
TBXAS1	up	1.36647455671585	0.118270877518827	7.26032537928431e-28	0.990506252074614	3.8828613080976e-12	1.61757439978183	5.73213470872926e-23	1.57776877421273	5.637825829995289e-18	8	8
GRIN2D	up	1.90748515341374	0.165637238770712	1.00049004388827e-27	1.24058255911079	2.51277762229557e-10	2.518266152451	4.96297344111248e-28	2.54056857307934	8.473818459811351e-17	9	9
ARID3A	up	1.27386227547908	0.112029414514347	4.80600549595037e-27	0.950635566280336	1.4277589262165702e-09	1.07711612366111	7.26802808969082e-13	1.57605764192916	3.73943221408235e-26	10	10
ASCL2	up	2.33729157800139	0.209788879437648	5.91030606856072e-26	1.85279506697243	8.444023449023271e-09	1.85866888573602	7.73902411295136e-09	2.41659396148136	3.50562152725504e-24	11	11
COX5A	down	-0.823770690484804	0.0740650816039111	6.69803287338524e-26	-0.600730140017005	6.73087474645229e-10	-0.842875208381218	2.2204460492503099e-16	-0.956531922115262	2.2204460492503099e-16	12	8221
PMEPA1	up	1.32423351283478	0.119367365940845	8.50587848153545e-26	0.940770709495159	2.01914472503146e-09	1.44152866271589	6.4157761241151804e-24	1.50745686586651	6.779539973396471e-14	13	12
PLXNB1	up	0.673998662674102	0.0622196761018762	1.4169519381311801e-24	0.266058692364044	0.0107928289475235	0.772037385825374	3.14458678507381e-11	0.681298381137613	2.61421551297987e-24	14	13
C15orf48	down	-1.04305371600802	0.0982296648369515	1.33949562592643e-23	-0.777750442972947	1.73645664514055e-09	-1.08458532843429	0.0	-1.25941896481196	5.55111512312578e-16	15	8220
UGT2A3	down	-1.95713316615748	0.184548980207088	1.45207320609361e-23	-1.05934115242695	3.24486340574914e-06	-1.66143948501712	6.18602702395776e-08	-2.9699406141186	1.11022302462516e-16	16	8219
MAOA	down	-0.743473271655654	0.0701729693189083	1.52227964785778e-23	-0.371283104306433	9.20311515264505e-05	-0.545944686393271	1.82696634265511e-07	-1.09658691310759	1.11022302462516e-16	17	8218
IL1R2	down	-1.45319497755708	0.137380409606524	1.7234737913673998e-23	-0.610944206197969	0.0017109512443171	-1.85456696557626	0.0	-1.25445236703035	2.50064635665126e-09	18	8217
ATP5MC3	down	-0.933804794541428	0.0884526956562404	2.0376848128543102e-23	-0.698647263637147	1.65576663491152e-10	-0.927202369923597	0.0	-0.992789005633225	1.791899961745e-13	19	8216
SDHD	down	-1.13898329081013	0.108143313676017	2.52406326622195e-23	-0.799364542171076	1.92161884182696e-07	-1.07317677362389	2.2204460492503099e-16	-1.16839152787331	1.07025499573865e-13	20	8215
CADPS	up	1.71374733534792	0.165069264496225	1.1723501361396e-22	1.321747120154	7.41145902010268e-12	1.62327517593151	2.19496439954445e-13	2.17894070239723	8.34047054319192e-19	21	14
SRI	down	-0.963402749257993	0.0943652908573108	6.73284483285991e-22	-0.669691815127821	6.08925999401322e-07	-0.899715430936855	1.11022302462516e-15	-1.00132958364687	3.2196467714129504e-15	22	8214
CHP2	down	-1.13496646810407	0.112243589230907	1.75348393408365e-21	-0.799726757137102	1.19104152096483e-08	-1.00910307371767	1.25128314099054e-06	-1.3574002913552	1.11022302462516e-16	23	8213
TMEM98	down	-0.879717404288529	0.087261040354949	2.28602535160618e-21	-0.470281951222838	0.0006969877139096	-0.613260186747548	8.50835925469973e-06	-1.03616069465527	0.0	24	8212
NOL3	up	1.03206839282441	0.104199446695637	1.30550349680483e-20	0.933502421780735	9.91747105104731e-15	1.02578440049991	2.46620221310234e-14	0.823364394049437	8.48417057269771e-05	25	15
LGALS3	down	-0.909435258997805	0.0920094569843193	1.5420820487121502e-20	-0.64524362383262	3.27373407826848e-07	-1.02344347077348	0.0	-0.786081090227781	1.6877321762365201e-10	26	8211
AGBL4	up	1.13628912591947	0.115144705621338	1.7255708730001502e-20	0.680582102823315	2.31836210150559e-05	1.28058446428846	2.14737015430211e-17	1.30398765499822	6.7231308845660104e-15	27	16
HDAC7	up	1.21433766839062	0.123089965295256	1.7255708730001502e-20	0.842210063308881	1.332221378205e-08	1.10883147161168	8.04938320226522e-10	1.30376424758271	4.0082688869092704e-19	28	17
IMPA2	down	-0.683197212770261	0.0697405071034096	3.31146966392988e-20	-0.452561050832248	3.20308296530847e-06	-0.695865115301282	5.21804821573824e-14	-0.746512446225275	1.11022302462516e-16	29	8210
PACS1	up	1.40034544248394	0.143100544870669	3.55248623103704e-20	1.15553680883744	3.77309174877667e-14	1.35298974305869	1.44671941199349e-13	1.53813556675755	7.45463490363921e-09	30	18
AXIN2	up	1.30898658015039	0.135375937150367	1.08005382271187e-19	0.865587286815571	7.60336539039156e-07	1.06183079642775	5.40602865406992e-06	1.60840041609863	1.31130438025215e-22	31	19
ARHGEF28	up	0.792283693352739	0.0829475828246842	3.28031452764111e-19	0.810337412496837	6.77827430638464e-16	0.592214285847451	2.95780931506432e-08	0.950783161620895	2.31737003100058e-12	32	20
CD9	down	-0.769293825677803	0.0813866138386475	8.089328136990411e-19	-0.564188841133293	5.64987021611785e-08	-0.695505442216293	3.80584341819201e-10	-0.904934413429657	1.11022302462516e-16	33	8209
ZYX	up	1.10946973545776	0.11738769137171	8.089328136990411e-19	0.637621106908624	0.0001132543851384	1.1002806201112	1.7282617193021e-09	1.39866642913311	6.505905164431e-21	34	21
RASAL1	up	1.22992266149066	0.13077917540471	1.2270553436386498e-18	1.27143085773593	3.24948283515013e-11	0.983590231034702	2.30786928897719e-10	1.37534136414968	1.90748539294022e-13	35	22
GTF2IRD1	up	1.27036684802931	0.135740188280869	1.84147093601987e-18	0.902451069436238	3.72480062138356e-08	1.25332090838095	1.63556252847405e-12	1.44147109804382	9.53192588054491e-16	36	23
BACE2	up	0.961800693782507	0.102913639658468	2.02809471470737e-18	0.69214759646679	1.19513774337225e-07	0.887261541507548	1.07239016899406e-12	0.991021242232082	2.98280883728558e-13	37	24
OSBPL3	up	1.10238380872269	0.118383568959297	2.71481866855212e-18	0.53772100700023	0.0007572767554907	1.61639656345744	1.0931635478198398e-22	0.831270903740635	8.74892048346298e-07	38	25
FAM162A	down	-0.850884189972595	0.0924709902277411	7.43153021433652e-18	-0.570750624389709	1.32326926020054e-05	-0.869401601818321	4.44089209850063e-16	-0.935909995045851	7.4097727953415e-11	39	8208
COX16	down	-0.685617942713343	0.074828882664944	1.04240909059404e-17	-0.54248948276669	5.66727750617169e-07	-0.665950601607922	9.992007221626409e-16	-0.625656679360041	1.76800467599492e-08	40	8207
FTX	up	0.682088309471713	0.0750386537703279	1.98903364071911e-17	0.450312267161535	3.34798747368897e-06	0.755273526026076	3.1236949832471203e-17	0.680068871474354	1.11799019929328e-08	41	26
LIPG	up	1.21687978657699	0.134536710204874	2.93046583392051e-17	0.861415633590685	1.40591531235688e-05	1.52622629522169	1.93215263247568e-15	0.973493757787432	1.8100308357955e-09	42	27
FKBP1A	down	-1.05941145299118	0.117245725611712	3.1120327131415e-17	-0.72216212606124	3.97950548014503e-06	-0.955110636946429	7.71688268841331e-11	-1.12791972963004	1.63202784619898e-14	43	8206
PITPNC1	up	0.973032576864601	0.107899790203694	3.50350273357719e-17	0.728021830733474	1.23753443392894e-09	0.974051886615852	9.314381096044329e-11	1.13645633807937	2.25767923599632e-14	44	28
HPGD	down	-1.09985175813561	0.121963527774593	3.50350273357719e-17	-0.639494200611886	0.0001631038561741	-1.34357746277777	1.33226762955019e-15	-0.965844911201691	8.02258370846687e-10	45	8205
ARHGEF3	up	1.36391379975201	0.152011804304894	5.18404029225557e-17	1.00062644174546	1.06148261207815e-08	1.21514889011418	1.13161596716624e-10	1.48877927670044	2.23464885045667e-13	46	29
EDA	down	-1.44729032277444	0.161567143801795	5.79218824288278e-17	-0.736484441107169	0.0004791042778182	-1.62176959168993	4.2774228603548194e-11	-1.84737316828123	0.0	47	8204
CIAO2A	down	-0.656123767174469	0.0733034879099656	6.045225511841091e-17	-0.495348242993725	5.83489264682768e-07	-0.639370825967366	3.48610029732299e-14	-0.659730917873229	6.63781918319728e-10	48	8203
NEBL	up	1.00650115036249	0.112774898906148	7.48662566417277e-17	0.77411930487621	1.4614197602719802e-09	0.917064007223772	9.454465401672209e-11	1.08804960933473	5.54250575476271e-12	49	30
VWA1	up	1.6610445726674	0.186651121050877	9.24921614632953e-17	1.04280063118397	2.71159449977578e-05	1.34624072234796	1.8241170639658e-06	1.99399865669577	4.0508419944198294e-18	50	31
LINC00963	up	1.23477637820515	0.139028009764376	1.06338692767405e-16	1.17859902810452	3.36952474257851e-12	0.728416974630133	0.0001602344181402	1.73574543545888	3.21787509706422e-16	51	32
MPC2	down	-0.873342893083077	0.0992878677088083	2.19784586195348e-16	-0.652978376067899	2.11064721256093e-08	-0.843021935559739	1.90127913413107e-11	-1.01345999138814	1.03461683664818e-12	53	8201
DHRS11	down	-0.873761012891747	0.0996620986984556	2.78764653780539e-16	-0.646223794382946	3.01241871447644e-08	-0.906617347589532	9.0128635454878e-07	-1.09655607682834	0.0	54	8200
PCNX2	up	0.812690397539315	0.0937371005892354	6.46523593585677e-16	0.519871254842985	4.79881962544255e-06	1.03459555122641	3.16425739179424e-13	0.862050158368846	1.8021723930198899e-12	55	33
PCK1	down	-1.92397587099669	0.222046462267769	6.64325152878086e-16	-1.2463852439497	2.0856462750185e-06	-2.12181336432782	1.7400703100634e-10	-2.23943874474034	8.770761894538741e-15	56	8199
RNF43	up	1.23227112231595	0.142618937612683	8.085878926258e-16	0.897928039701563	1.01267715132102e-07	1.22842317985594	6.01020059331373e-11	1.47168403849931	3.6948128137999703e-14	57	34
FZD5	down	-0.928991639944593	0.107635855090829	8.62981748541434e-16	-0.632750725795293	5.00183133578247e-06	-0.93415240955994	4.52488491120562e-10	-1.05118850547343	7.105427357601e-15	58	8198
MPC1	down	-0.899470508794422	0.104267167982469	8.807079988577601e-16	-0.630042861368928	4.32627727753321e-07	-0.85050812925031	1.3225974759834e-09	-0.941063616180502	2.18269846641306e-13	59	8197
LRRC19	down	-1.19845739062046	0.139467579284117	1.16000425640329e-15	-0.830851897370317	3.08000886573012e-07	-1.11579660298996	4.74566164143653e-10	-1.19920756023412	2.9098945475425397e-12	60	8196
TPT1	down	-0.761674707244444	0.088978887764175	1.5188351443404602e-15	-0.538645793777677	9.0312119560565e-07	-0.716779734585819	1.11645801492699e-08	-0.876117856633801	4.88498130835069e-15	61	8195
HSPA1A	down	-0.995555348797932	0.116757866771572	1.99604732403662e-15	-0.722772036181698	9.79439392922998e-08	-0.988766798409333	3.5054181779514697e-12	-1.11811533033492	6.845579658687479e-11	62	8194
NBEAL2	up	1.10170781204865	0.129234347419649	1.99604732403662e-15	0.717645691059245	6.44278613938647e-05	1.01351792057618	2.7462920339097703e-09	1.18349108686912	4.9694754877435e-14	63	35
MARCKS	down	-0.863235790914522	0.102085694959824	3.55462237235965e-15	-0.578415838506201	4.01419549955762e-05	-0.824093518263787	4.05048106166817e-10	-0.990538837351145	7.80486786311485e-14	64	8193
ZG16	down	-2.29293558973254	0.272861485869773	5.49064044533948e-15	-1.56460598192993	5.15675103501811e-05	-2.63135411751925	1.1546319456101601e-14	-1.33760106012095	0.001335557559	65	8192
TSPAN7	down	-1.24667900152209	0.14881319748251	6.735584000736281e-15	-0.901220248769379	1.00609768849402e-07	-1.32567558622516	3.73390207641933e-12	-1.19064812926781	1.25666353989473e-08	66	8191
ITGA6	up	0.749115093583753	0.0896564844092948	8.00205737461609e-15	0.463402540560034	6.02253801786675e-05	0.849372485269873	5.40753286551942e-14	0.693289553787879	1.30245259884416e-08	67	36
REG1A	up	6.45435182201207	0.777728525221508	1.26955117818773e-14	4.60942734028039	4.30617778703801e-07	6.49156540879732	1.7766318303125098e-12	7.32161826833236	3.04940989628769e-10	68	37
ABLIM2	up	0.624529591270727	0.0753703622879103	1.39376018136004e-14	0.449922849620794	1.66992590415642e-06	0.656791740808769	2.89319864085604e-13	0.714289864978525	3.75511705283696e-09	69	38
ARL6IP1	down	-1.0887587937306	0.131745896135763	1.6532980300179302e-14	-0.718122327063528	3.31334751934032e-05	-0.948458287425425	1.09795583735917e-08	-1.10786575888314	1.59350310724449e-12	70	8190
RAB11FIP3	up	0.802993534237983	0.097847867331447	2.61509631637443e-14	0.455297249020089	0.0002358855252644	1.17346687530326	2.22886640285356e-16	0.661240956427535	3.8410080624859e-07	71	39
SMTN	up	0.808735283994516	0.0985563620751036	2.61509631637443e-14	0.487557773518781	0.0006380144655627	0.852983974268556	1.32134949529992e-10	0.742764261091003	1.39486039843403e-10	72	40
CAMK2N1	down	-0.794745919557529	0.0972615190422206	3.43783560250247e-14	-0.523411291595187	1.94377724412886e-05	-0.886583021290956	1.14392273431463e-10	-0.948457777369142	2.3703261575747097e-13	73	8189
CYCS	down	-0.96306439391685	0.118103478761548	3.8981265209669e-14	-0.751512564627547	1.76484403646704e-07	-1.03941438495743	8.33588753579306e-12	-0.795253491084394	3.98389940259314e-07	74	8188
MYL12A	down	-0.976304430281766	0.122365223225019	1.6221678086859e-13	-0.712601872408516	6.13549288175363e-06	-1.0474264099792	3.33477689906658e-12	-0.78013873837494	1.43187866830097e-06	75	8187
CPT1A	down	-0.549479184101884	0.0691143815682325	2.01284258747731e-13	-0.390832425997708	5.75974664629442e-07	-0.7335707047872	9.20254428216083e-10	-0.595193047336052	1.2600920307193098e-11	76	8186
TTYH3	up	1.00959337474279	0.127039013760069	2.0382585634912e-13	0.732135524188939	1.99790679862683e-07	1.13203231650951	3.88618453733288e-12	1.05971617470108	1.61057743127164e-07	77	41
DTWD2	down	-0.680247638951043	0.086159308622378	3.05418762937111e-13	-0.549685560271906	1.40266893433605e-07	-0.553010893013019	1.49342717015166e-06	-0.730448607264428	5.99942318046942e-12	78	8185
COX6C	down	-0.740037508915188	0.0938027209552142	3.16242030382632e-13	-0.536016370291033	1.98271053886145e-06	-0.767673351441992	3.4026004236409296e-11	-0.868155559452156	6.19016504721515e-10	79	8184
ATP5PO	down	-0.707715524285052	0.0897509289343348	3.22376337872093e-13	-0.516817265990691	6.77674923554861e-06	-0.667176961441084	5.1177728721540897e-11	-0.716736259364581	1.60272114468896e-08	80	8183
FH	down	-0.845074228620209	0.107257827400431	3.3519611514216e-13	-0.632775300520512	8.36208060572829e-08	-0.86510692003937	4.2447938497502905e-09	-0.827964661294895	2.0586012894341403e-09	81	8182
SMAD6	up	0.671821348793217	0.0855203659303013	3.9860049098202397e-13	0.274518584899528	0.0114933119731531	0.736275659909899	6.50629174555335e-05	0.800248276891407	2.65171195333167e-17	82	42
IFITM2	up	1.35039768197703	0.172314823769246	4.57755885933099e-13	0.897944268701976	7.02979583968204e-05	1.28979572940158	1.23992747019434e-10	1.50505991093861	6.877185661854911e-10	83	43
SLC25A37	up	0.512573758869505	0.0654402257837767	4.67321577023887e-13	0.382298134918929	0.0012019014868972	0.478128770614971	3.3098222965912996e-12	0.498008055831177	4.59437170903812e-07	84	44
HS3ST4	down	-0.773028818028061	0.0988492100544728	5.09746723013775e-13	-0.592979825231508	6.65174922032108e-07	-0.643763236966137	3.13320647093995e-07	-0.87511810939776	7.25297599757369e-12	85	8181
PLOD1	up	0.58425603478387	0.0751050717986236	6.97780239537295e-13	0.363145150051351	9.50349878664131e-05	0.599707190372833	2.23969895485909e-06	0.676132914773188	1.2219121634702601e-14	86	45
DUT	down	-0.755497948120062	0.0971466004250489	7.02395331764074e-13	-0.576006534680707	1.96034111943355e-07	-0.604626916849728	1.42431805140175e-05	-0.876869751998592	8.102407633714389e-13	87	8180
AGAP3	up	0.754530910444279	0.0971319818206914	7.44303144260555e-13	0.321873683865107	0.0073354886621185	0.949528970061261	6.68014067756888e-13	0.849085562102574	6.93544347346915e-10	88	46
ZBTB4	up	0.57348134248291	0.0739165258104314	7.9383412375386e-13	0.448778852555326	5.02947103948507e-08	0.518626629296231	1.11159825347789e-06	0.778473991229423	5.04356171364486e-13	89	47
NDUFAB1	down	-0.700727325462223	0.0903440898393199	7.99338724698805e-13	-0.569995836733988	1.53335957264744e-08	-0.634396854369508	4.4506240248765e-08	-0.697208900776624	4.70482919290305e-09	90	8179
REG4	up	2.79818047069346	0.361140156375172	8.42117885180488e-13	1.99698684826675	2.60547144564391e-06	2.56796207204385	6.32583012691043e-08	4.13680697103093	5.9389969970782e-13	91	48
CCND3	up	0.704473029883433	0.0910572321535886	9.12475431240585e-13	0.409790720454051	2.14039524062697e-05	1.52520184585223	1.10245874851394e-18	0.919850971286092	5.56320756785831e-10	92	49
RNF24	up	0.945589129574533	0.122466950800639	1.0188686139672499e-12	0.568883868080697	0.0019272395149582	0.925775505423939	5.23674362801726e-10	1.09620210704994	1.81757912402256e-10	93	50
LINC-PINT	up	1.18600130886576	0.153649569300281	1.02643544264452e-12	0.851290395152145	2.04678372614667e-05	1.08829865456765	8.06983223732883e-12	1.27381681085645	5.32346034005083e-06	94	51
CHD3	up	0.546421183709276	0.0708262520330426	1.0473304558668999e-12	0.285186829748939	0.0062761122092797	0.603030524692088	4.812984076566e-06	0.541871991884478	1.96893804165047e-13	95	52
TTL	up	0.623434002347345	0.0808314477144265	1.05434477171999e-12	0.445737965842869	1.51151620342109e-06	0.619169148298039	1.8572498934624e-06	0.779230784696715	5.87967189236029e-14	96	53
EPHB3	up	1.45379374317603	0.188662436061487	1.10206246858218e-12	0.78246189417143	0.0034318201215363	1.589934451568	6.8668369614342696e-12	1.15816489015876	5.57291077533025e-06	97	54
GHITM	down	-0.860069099802707	0.111731544850553	1.16271161085989e-12	-0.6506128431043	9.94673572285443e-07	-0.759736732328337	5.438778871713621e-09	-0.831163707275194	8.066568524256471e-09	98	8178
PDLIM1	down	-0.584582772484143	0.0762051584245221	1.41528793961786e-12	-0.419309766054097	6.45848379499103e-06	-0.574156725186471	4.52741188983197e-09	-0.644279301189205	1.80510828506897e-10	99	8177
WWC1	up	0.61139663712721	0.0797181743060588	1.41976834841629e-12	0.455265324011127	3.22976768717121e-07	0.607408070144035	6.16937240165812e-07	0.755800920020477	1.1623359940062e-12	100	55
GDF15	up	1.21716720627674	0.158732361492858	1.42145907636773e-12	0.743661781653161	0.0006966725154867	1.12674340499121	1.00584252462446e-06	1.33990438120572	7.34300582961168e-13	101	56
PPM1H	up	0.709560243056364	0.0928033670150834	1.67302303426414e-12	0.571481513045248	4.37784560025431e-09	0.662749602573152	2.94265520581853e-07	0.825166454475783	1.0198781249744e-09	102	57
CUEDC1	up	0.837356886186981	0.109595510369025	1.7243420001856e-12	0.629170795113156	1.53536322255829e-07	0.817521168368999	6.63826205619398e-08	1.00483982944462	2.8008148311501597e-11	103	58
ME1	up	1.16919959272059	0.153047457470526	1.7243420001856e-12	0.579660469337075	0.0044424556532474	0.861794072940618	0.0010762943853893	1.53585322458082	8.51972490153232e-16	104	59
ATP5F1C	down	-0.604661283277544	0.0793257168580645	1.94786539483632e-12	-0.448504677506341	9.15737747952949e-06	-0.49816610164547	8.04324068570672e-07	-0.711130879411887	2.83872925166406e-12	105	8176
EPHB4	up	0.852738121007544	0.112177876608415	2.26740714982589e-12	0.412723855785139	0.0060039387418915	1.28965003870891	1.00249602188424e-16	0.529822309548906	0.0010880271876333	106	60
DACH1	up	0.795273740431136	0.104669637663554	2.31170863920269e-12	0.616634624661798	2.55830203328089e-08	0.790022013163765	1.7436035124783702e-09	0.872340123573086	1.6485519851396e-07	107	61
LYN	up	0.593707854745484	0.0783010999588244	2.58277092064901e-12	0.416306243872813	4.660978800936e-06	0.531022612415476	2.08847480745833e-05	0.699422652560007	2.04651621214427e-13	108	62
ASRGL1	up	0.771226947254535	0.101867134558765	2.7952731568904697e-12	0.459389991802612	0.0001288741634534	0.993037659406748	9.00283930753703e-12	0.980291971820629	7.92691065860356e-11	109	63
TMEM171	down	-0.838956520764345	0.110865242874319	2.84673328363262e-12	-0.671989725776843	1.06007093103599e-06	-0.643999154967306	1.85637282494877e-05	-0.825871513282287	4.0357828190451496e-11	110	8175
MAPK8IP3	up	0.795049269724932	0.105330153915807	3.2694179738719398e-12	0.583259583508298	2.24878373771529e-06	0.840863686784148	5.2004089414572095e-11	0.940759473966269	1.61335500440758e-08	111	64
ATP5PD	down	-0.541877623979731	0.0718767971610574	3.4768023720436998e-12	-0.461581315353968	2.28438407523512e-07	-0.510022813229714	4.0598646666723e-10	-0.517432834235599	1.28785382746965e-06	112	8174
ENSG00000236449	down	-0.770108098251019	0.102266360559273	3.67976684289503e-12	-0.556936593625491	1.52567405120596e-06	-0.760496019724656	1.6053361973078501e-09	-0.795513590818739	1.59482461681293e-08	113	8173
KLHL29	up	1.06547784042641	0.141573673810912	3.7740349942780095e-12	0.838318854358942	1.6551775753982402e-09	1.11225442447567	1.23903124153182e-08	1.25570646099297	1.76617412405436e-07	114	65
NDUFA12	down	-0.618253618112802	0.0821897697443247	3.84838392558991e-12	-0.452829573679777	2.99630950145735e-05	-0.585003903712331	1.0739273914595101e-09	-0.600937161700599	1.63787210460953e-08	115	8172
GPX2	up	0.958431999614531	0.127659866526429	4.2646535680070996e-12	0.40319946053873	0.0171103108305125	1.27605021842105	1.27324105882741e-14	0.66849883828706	0.000342939903275	116	66
PLEKHB2	down	-0.586844125161359	0.0782697718784639	4.56314076696011e-12	-0.360008748025017	0.00164670970364	-0.809633266028735	4.73288075397704e-13	-0.438610206999065	2.04818604154777e-06	117	8171
ST3GAL2	up	0.758731485433781	0.10125784536518	4.68765771526509e-12	0.601281224711419	2.61718977589617e-07	0.905313749022737	5.92612712518963e-09	0.661478588436466	5.13428702599003e-08	118	67
CCDC88B	up	1.16254624070139	0.155321210164671	4.950771455929689e-12	0.887114389112339	3.88639875552971e-09	1.13603252497462	6.17425751950124e-08	1.28002253558225	1.1707948000102e-07	119	68
SPCS2	down	-0.75697333470915	0.101185079522431	5.05017203454163e-12	-0.537712561579632	2.7975669336433e-05	-0.699102273267038	9.63378254947855e-09	-0.931695532723537	9.09285979844299e-11	120	8170
MSI2	up	0.626256492278859	0.0841282489054478	6.6332220069186794e-12	0.418265545710922	1.62990660691539e-05	0.735451918327633	1.17726950304732e-10	0.659366154857695	1.12124121510206e-08	121	69
SMAD9	up	0.947006490036963	0.127515947247475	7.50991090907106e-12	0.594364267036947	0.0002612629401742	0.978578272877294	3.5587223435261797e-12	0.902085917259962	5.11342686457519e-05	122	70
RUNX1	up	0.590810920390693	0.0796348016562115	7.887097454393689e-12	0.315620739560613	0.0003645544708209	0.963879803289801	1.2792503571782801e-14	0.642885959474788	3.236529817239e-08	123	71
GRINA	up	0.937891831641245	0.126577047460428	8.315706623964689e-12	0.581717446485471	0.00042853455001	0.832916086799578	8.76037856635867e-06	1.01276558159266	1.9466194256836996e-12	124	72
STBD1	down	-0.918109401895796	0.123914277215334	8.315706623964689e-12	-0.63122268274627	9.10849262947266e-06	-0.967945334795755	2.58337573555423e-10	-0.85822091532915	4.54738302790858e-07	125	8169
HM13	up	0.454189413276513	0.0613040817603401	8.315706623964689e-12	0.262887419421832	0.0013327609319539	0.475800444662106	7.52184644726496e-10	0.500897540872081	8.775089617366501e-10	126	73
NR5A2	down	-0.523733075497614	0.0707430278586826	8.5979978289875e-12	-0.138000748377468	0.0409792548811436	-0.729945685117786	0.0001372448709064	-1.31544007819917	1.11022302462516e-16	127	8168
CNTN4	down	-1.36765446416826	0.185280332519993	1.00493518955857e-11	-0.927404524622184	1.19224652841421e-05	-1.18058105224157	2.30292832759105e-06	-1.53481050857539	1.8997137196663497e-11	128	8167
KLF4	down	-1.01562990416973	0.138027275563944	1.17895999744184e-11	-0.638894179489831	0.0002622821261475	-1.00397141045435	3.69595465343764e-11	-0.914704739897076	1.62680556420325e-05	130	8166
SUCLG1	down	-0.490797022139306	0.066747840730504	1.21622913633875e-11	-0.448898968827811	1.0334207933837501e-09	-0.336589159134074	0.0002551558906789	-0.731862424254781	1.75687242531808e-11	131	8165
FOXA1	down	-1.12312539328555	0.152989783285202	1.3186006229020698e-11	-0.728970238565264	0.0001127201575222	-0.934909094446784	0.0001311622289248	-1.36329889241686	3.20965476419133e-13	132	8164
PRDX6	down	-0.924076756997789	0.126176448622773	1.4912143930923298e-11	-0.670416920683775	4.00001471052569e-05	-0.737425463371884	1.40968411266318e-06	-0.961949112246031	2.33561725515585e-10	133	8163
PKIB	down	-1.06781403443604	0.145903308034682	1.5367958580470003e-11	-0.813750547766231	2.45167973478289e-07	-1.24585911439232	8.39940839103548e-09	-1.36743669163923	7.440847937800749e-11	134	8162
HSD17B11	down	-0.631985262581884	0.0865540948305104	1.73140108492385e-11	-0.401268391934493	0.0001933484584603	-0.510831297532805	7.06106073056212e-06	-0.870576139379784	7.52731210695856e-14	135	8161
RMND5A	down	-0.749521366143798	0.102688112789892	1.7523840590292197e-11	-0.523759061035112	1.82640346763074e-05	-0.687363966248858	6.15109961854543e-08	-0.795888865097692	9.98940263841064e-10	136	8160
TMED7	down	-1.06883073001229	0.146694451391006	1.9145421945393898e-11	-0.672810980684389	0.0006217890531553	-1.04286618549795	1.10640074324486e-07	-1.24034301592734	3.55110385541479e-11	137	8159
LRSAM1	up	0.674450879011359	0.0925878649912638	1.92422502126017e-11	0.519490694738601	3.7102271212235e-07	0.524754087355669	0.0001075713413093	0.816321346833198	9.56574800943792e-12	138	75
TBC1D16	up	0.634763335009532	0.0871744825996857	1.95212056723955e-11	0.359627062133757	0.0021335119824516	0.657879703231921	1.83754567629687e-10	0.696384250561156	1.51016963747406e-08	139	76
SLC25A5	down	-0.680508066205169	0.0935976253299297	2.1020764226058898e-11	-0.583186839413797	2.49675929597792e-07	-0.586459145799983	7.6502304957593e-07	-0.615720930257197	1.56824763175578e-08	140	8158
NXPE4	down	-0.88037349380791	0.121191149129741	2.18567259066287e-11	-0.586777316242217	0.000360727068181	-0.532322553896773	0.0009143516526645	-1.30460281026343	5.55111512312578e-15	141	8157
TUSC1	down	-0.872123571814778	0.120280940475777	2.40005764025345e-11	-0.675224950475097	8.19542450569699e-08	-0.889079971130179	3.98508527288399e-08	-1.06971631899383	3.55681439856426e-09	142	8156
AOPEP	up	0.634384853332773	0.0875616430517434	2.4859148379765396e-11	0.47717448751313	2.94317688634235e-06	0.6111553053985	7.27338305435144e-09	0.737223055312633	1.12191225915928e-08	143	77
ZNRF3	up	0.750120270654409	0.103754887100499	2.7527291451046002e-11	0.373367799922834	0.0021071607704681	0.986009575669988	1.91735570584224e-12	0.851640808182308	5.04238868832706e-08	144	78
CCL15	down	-0.659507627791031	0.0912271433785158	2.7527291451046002e-11	-0.445253398578851	0.0001201396196444	-0.679906215296993	9.37483424223728e-12	-0.683230005526452	3.76417091695336e-05	145	8155
EID1	down	-0.640042626509583	0.0886257665943748	2.88761653659939e-11	-0.461505376131537	5.59462373239672e-06	-0.598739612959883	8.67239881130466e-07	-0.762127902272032	4.48150405674141e-11	146	8154
TWSG1	up	0.829676017827197	0.115640658859715	4.02808964207765e-11	0.727894304252429	3.23610831062688e-08	0.743020678131943	8.94332580883491e-07	0.686270766538449	8.4540916431152e-07	148	80
TMC7	up	0.763760627520156	0.106851361483421	4.8624616961794594e-11	0.579841871340944	2.72955762572256e-07	0.962198205975843	2.14020332843266e-10	0.889138468186987	1.25901159907832e-06	149	81
NARS1	down	-0.662088187298242	0.0926802317313342	4.9759818693972496e-11	-0.452986479529744	0.0001016447940309	-0.612960791800476	1.74613366765719e-07	-0.656414100239454	1.92052185266078e-09	150	8153
BAIAP2	up	0.861487507511833	0.120874533509196	5.5799079019738e-11	0.673407043973165	1.31390840908956e-08	0.79866681575759	9.24267122242536e-05	1.00222318462503	1.7716731992329202e-09	151	82
ZNFX1	up	0.571060400815994	0.0803517629530179	6.413890554235629e-11	0.281247459705499	0.004199892330103	0.390207325710336	0.0011867809055984	0.871718583244644	1.61299477844785e-16	152	83
DAZAP2	down	-0.649735657596179	0.0915018389801308	6.665063532920949e-11	-0.439451925416034	0.0002999442410588	-0.578288240860324	7.08214031863719e-08	-0.695337968478012	2.88916490731594e-09	153	8152
TGFBR2	up	0.876668514350101	0.123493376669177	6.712583706108969e-11	0.637489191888203	4.72530682463037e-06	0.88993116813048	4.47313097620978e-08	1.05267821260927	5.54611694460824e-10	154	84
PTP4A1	down	-1.08187381956527	0.152605079895678	7.145600021702679e-11	-0.62114014382344	0.0021876898224285	-1.13201277424325	5.97435989568851e-10	-1.14840476894838	1.20017784710491e-07	155	8151
PDZD11	down	-0.740524207937462	0.104619116420434	7.69119144243692e-11	-0.721562798821311	1.88966023939585e-08	-0.782254343513554	8.824423969322481e-09	-0.439643163492061	0.0023959682240684	156	8150
HADHA	down	-0.324254017607147	0.0458830356775473	8.252898028131189e-11	-0.269673330892875	1.53024799098844e-06	-0.299149547616653	3.05961453883619e-06	-0.377934234639306	5.96825699972214e-10	157	8149
HMGB2	down	-0.677467559309494	0.0958670241240968	8.252898028131189e-11	-0.468323024970294	0.0001939886393826	-0.464708598629053	0.003117043666496	-0.659639374963627	3.6624370203242097e-11	158	8148
ZHX2	up	0.606903841172351	0.0861713620861033	9.728745754119829e-11	0.579253458841222	2.55798560566026e-10	0.493165033761458	1.82837688150885e-05	0.505050317503886	0.0002298711811161	159	85
SMIM15	down	-0.914835590875844	0.129959880434074	9.92233301985879e-11	-0.66907026930436	8.12450728826519e-06	-0.840299818914641	1.4179792895419e-09	-0.917528425930574	3.01525556654081e-05	160	8147
CHASERR	down	-0.93154870633285	0.132741785946251	1.15129251774711e-10	-0.665584589055494	2.61779172694432e-06	-0.806970885066266	9.10318855273928e-06	-1.02299840523604	5.52534240583213e-10	161	8146
TEAD1	up	0.554483119610202	0.0790874228196294	1.20064716051527e-10	0.423593154567059	3.00189796464209e-06	0.598098264141958	3.9756810812173004e-10	0.473686278444811	0.0001043806239709	162	86
GLTP	down	-0.438154039065401	0.0625985851302058	1.29627999018355e-10	-0.247568924610248	0.0002198980544358	-0.666113675477619	2.40376245574936e-08	-0.650293357318169	5.04041253179821e-14	163	8145
RPL5	down	-0.748335275846332	0.107300298122427	1.5418629773226201e-10	-0.609208445223147	1.07901961091672e-05	-0.303667870927874	0.0334008180472934	-0.931434386508153	1.7650325645490698e-12	164	8144
NPRL3	up	0.701192138590691	0.100596777873542	1.57550138554788e-10	0.461252196898394	0.0001994792650729	0.692898823113418	1.2712069392666302e-09	0.694561264685335	8.4863467755565e-07	165	87
EPCAM	down	-0.68005935447924	0.0977240755748562	1.69748014625824e-10	-0.472638731672858	3.77741445153346e-05	-0.565031480914863	1.74785959866641e-05	-0.811620230472631	3.50967033213578e-11	166	8143
LGALS4	down	-0.647796070773914	0.0934799733443366	2.07485322747022e-10	-0.459441047044782	1.26955671158058e-05	-0.757251414993	1.4592768105004e-09	-0.572253204376891	3.104374146079e-06	167	8142
SPATS2	up	0.500546641034162	0.0722804963966378	2.12758986013205e-10	0.347500395005197	0.0020856160125823	0.462760935123541	2.11934282753061e-09	0.500949286337189	9.21682226317899e-07	168	88
SF3B6	down	-0.688199562697392	0.0993854910333388	2.12758986013205e-10	-0.563418079268496	2.1947259309929e-07	-0.621733279933487	3.20697406408499e-08	-0.643270651487987	4.39431867294005e-05	169	8141
PDE4A	up	0.747235897660671	0.107935101692326	2.13815337620387e-10	0.550434740419815	9.89779012736438e-06	0.704028466889224	2.1465782053855903e-09	0.706151850552806	3.2052680953207e-05	170	89
NDUFB5	down	-0.844998374745798	0.122140262969913	2.19811850425273e-10	-0.654744599007943	3.4574924768771e-06	-0.692387953587693	1.0966776843313e-06	-0.869335911442791	2.87995819414633e-08	171	8140
PBX4	up	0.829949547338738	0.119995356906748	2.21246801952008e-10	0.603727462927614	3.60467938263246e-06	0.785138109202958	2.21064472150456e-06	0.98617727108227	4.20726061527455e-10	172	90
MRPL34	down	-0.505577706441846	0.0731323036436025	2.25182028208453e-10	-0.51477474323907	2.54684495715196e-10	-0.503844355501215	2.42141790673944e-06	-0.31341217379624	0.00286088577397	173	8139
SPCS1	down	-0.672460277008639	0.0973035566496465	2.27452195558283e-10	-0.516904177053764	2.3871471600434e-05	-0.551295257959617	4.14931938474972e-06	-0.661477338653473	3.9369315585347e-09	174	8138
MRPS6	down	-0.909901669565879	0.131849602052438	2.41103600405681e-10	-0.562022763150948	0.0005211473133848	-0.883515459165372	3.93555987798777e-08	-0.898264874288024	3.99484098023706e-08	176	8137
ITM2B	down	-0.938377236224654	0.136148861904435	2.54999077945643e-10	-0.653026567075805	2.66322019749632e-05	-0.817207286921851	7.57453792021856e-07	-1.02298228329029	3.97713362243479e-09	177	8136
EVPL	up	0.739286448179666	0.107330240189854	2.6139983462316e-10	0.520918189142041	6.39959922444417e-06	0.913400773869006	5.87104881839094e-08	0.820983838343599	4.91367612770707e-09	178	92
SEZ6L2	up	0.794468833566284	0.11563540227945	2.92616498075052e-10	0.54733250493891	6.44772495174143e-05	0.666875199063352	3.54206187034386e-06	0.786587827772364	3.84765882348288e-09	179	93
CALM1	down	-0.58868349685245	0.0856853175476214	2.92616498075052e-10	-0.456515622239961	3.49897187001957e-06	-0.555611212082622	2.00932957050703e-07	-0.577977869800971	1.08404944909601e-07	180	8135
GOT1	down	-0.36703423832006	0.0534735414296567	3.04450186047852e-10	-0.311125002892229	3.16022514823544e-08	-0.490355455605593	4.3815366890243e-09	-0.291311623501509	0.0012875532970888	181	8134
HSBP1	down	-0.538846505442927	0.0787707444637866	3.55991043378399e-10	-0.422816229478907	1.28981200691047e-05	-0.518213932747205	1.11116185141924e-08	-0.505626777628245	2.09624901847949e-06	182	8133
URAD	down	-0.851496764348345	0.124491818849054	3.56307995845385e-10	-0.548881884629441	0.002737970319282	-0.814835682556059	1.6727705887120702e-09	-0.641025663796303	8.66864610636897e-05	183	8132
CD44	up	0.836506251577996	0.122327150003609	3.58124802604109e-10	0.535615324074814	0.0010586103705626	0.899032469624747	1.25932551339001e-07	0.713905416272801	1.0468983285555e-07	184	94
MAP3K5	up	0.60661616538827	0.0888232084410256	3.78717240749474e-10	0.467585718289171	3.84451236033121e-07	0.643608571129359	7.87673741260253e-07	0.67470609978166	3.47820498705674e-08	185	95
IDH1	down	-0.643818361628117	0.0943267092744401	3.87515048737751e-10	-0.455175260952057	0.0002795898512762	-0.593577300201785	5.856562679262821e-09	-0.76391816460442	2.11595288179822e-07	186	8131
PGM1	down	-0.53843070797695	0.0790255632768706	4.19121293781589e-10	-0.358739733666419	0.0001285684179943	-0.577881594387952	6.8580601197965e-09	-0.638549879217471	1.76804647589179e-08	187	8130
SRP9	down	-0.886189066772532	0.130121766148542	4.25424716351815e-10	-0.656542675578468	2.569329991986e-06	-0.731494588212362	7.75121175777826e-06	-0.925600471053924	1.24997190376064e-08	188	8129
LAMTOR3	down	-1.12062707788061	0.165138726008609	4.98910982036803e-10	-0.773840465555722	4.63242240500428e-06	-1.01716532176427	4.52109603865658e-07	-1.07691553497023	2.49335980750942e-07	190	8128
CALM2	down	-0.980109498274215	0.144509569807409	5.09034119606585e-10	-0.657457858401281	6.85243979161587e-05	-0.896449067987073	5.45661977380263e-07	-1.06136075455272	5.29949006899955e-09	191	8127
ATP11A	up	0.838698261451638	0.123798166357958	5.3370134005844e-10	0.55111635430075	0.0002124898295891	1.23308465449373	7.99721699082261e-10	0.710271444817143	1.81892267469639e-06	192	97
TMEM238L	down	-0.71125287812099	0.105452265905199	6.52796896188025e-10	-0.424908261556322	0.0007237300752643	-0.784734600574065	1.9589665445352e-09	-0.72596057643594	3.98011933411269e-07	193	8126
ZKSCAN1	up	0.447043307538611	0.0662876106877743	6.529760808484951e-10	0.301972304099499	0.000149026541623	0.538758464686764	2.8062476255290697e-11	0.29870861718846	0.0037274844881894	194	98
APLP2	down	-0.543508439804108	0.0806366521310249	6.66750587523504e-10	-0.422717125795984	6.83687365288232e-06	-0.519110466274611	3.36647104859367e-07	-0.533687849361233	1.26741198092084e-07	195	8125
PGK1	down	-0.668035626028536	0.09928811660256	7.20224561577858e-10	-0.46802156808291	3.38209257534361e-05	-0.596795106916848	5.70739361716033e-06	-0.721851735553761	2.08683303970503e-09	196	8124
ATP5PF	down	-0.514895250526144	0.0765827315151517	7.40931751835386e-10	-0.44463454633921	1.36689086371877e-06	-0.469064868382649	1.10427751054409e-07	-0.477884165606253	3.55866589640819e-06	197	8123
GXYLT2	down	-1.00845488872788	0.150526285890598	8.681687309438111e-10	-0.563771812201991	0.0042415125118779	-1.10121246060655	1.02293240544782e-09	-1.19158597843054	3.82735762416431e-07	198	8122
MGST1	down	-0.70387987049198	0.105231443934924	9.29073137265283e-10	-0.567782236999462	1.23573806690702e-05	-0.450497629070517	0.0004200404296088	-0.979272823480521	2.3744561872263096e-11	199	8121
HMGN2	down	-0.664073842948169	0.0993745127257488	9.65313464492134e-10	-0.517439850190535	1.42325780139174e-06	-0.561157850875053	1.44644057041843e-05	-0.69698668249009	2.30779013676852e-08	200	8120
LRP1	up	0.76204073576223	0.114048096111478	9.65691051109025e-10	0.429604235453155	0.0007842658154697	0.915282624723118	4.74702195757024e-07	1.15795984074289	1.88482025283054e-12	201	99
PTGDR	down	-1.12440088775266	0.168815855457134	1.1105100292111202e-09	-0.470810343351211	0.0338654503362672	-1.23526255778917	8.4131157929157e-08	-1.18923303195244	2.34991737180223e-08	202	8119
ATP5F1A	down	-0.638284960440851	0.0959819188472638	1.18651770178821e-09	-0.503903141157269	3.41984212315349e-06	-0.541885658673499	4.10485803037375e-06	-0.644402675844163	6.67827744216254e-08	203	8118
MCUR1	down	-0.49784591708728	0.0750404678668023	1.3133474613556101e-09	-0.266298448985476	0.003089840737283	-0.747378411948861	1.40554234917545e-13	-0.296928554455137	0.0064826149360007	204	8117
RASSF1	up	0.726460658460741	0.109523072831204	1.31957714782502e-09	0.535471542066856	3.38577946242564e-05	0.652408790497739	2.45337900389229e-07	0.646142066331173	8.72516410820224e-07	205	100
ENSG00000271254	down	-0.681908216175817	0.102843440054599	1.3347000589546102e-09	-0.352813872242796	0.004273263112186	-0.805988664656903	4.67497818235074e-10	-0.786263955341399	1.89872716105377e-07	206	8116
PLD3	up	0.467344660716226	0.0706197985886308	1.44836564408654e-09	0.305130862992895	0.0002557356172926	0.470613832693821	7.95218084310688e-07	0.575406862172947	7.419335386413701e-10	207	101
PTMA	down	-0.439963545655781	0.0665531001721719	1.5116736615708402e-09	-0.401611703670677	1.18955154282396e-07	-0.390242624741748	1.21228024908548e-05	-0.420320804784069	5.32641848183246e-07	208	8115
TNK2	up	0.686979595983357	0.104050740658834	1.5867423209748301e-09	0.400588273143564	0.0001792732877531	1.29671130516965	5.7998446940749e-11	1.07003921098922	1.3741344499890301e-10	209	102
HMGCS2	down	-0.754153391439125	0.114228996486231	1.5867423209748301e-09	-0.531958506599782	1.25325341053806e-05	-0.811633646562062	1.69904648128494e-08	-0.746570933786325	4.88577260737699e-06	210	8114
BEX4	down	-1.31509796570858	0.199223749948513	1.5900019009714102e-09	-0.665821740529012	0.0046073255371028	-1.60072917060046	1.8525432299298903e-09	-1.93058940272912	5.14994691336312e-08	211	8113
CNN3	down	-0.903009386895731	0.136897913687524	1.6355129669771502e-09	-0.66122733136622	5.84059411179449e-06	-0.707950891814345	0.0002147168660031	-1.02951030591994	2.1929330573655602e-09	212	8112
GABPB1-AS1	up	0.795758150481102	0.12091766293463	1.8036808501405301e-09	0.474037674030807	0.0010871807537304	0.834823204267832	7.61572774150121e-10	0.596393391996561	0.0012633571405533	213	103
STX3	down	-0.536485469650153	0.0816526828617867	1.9285632198365604e-09	-0.479733808212587	1.46862011607407e-06	-0.466422396192074	1.45315167232596e-07	-0.53980971605459	1.34261947378755e-05	214	8111
RNF5	down	-0.592363020883998	0.0901762694018739	1.93758428122468e-09	-0.409021044621171	0.0001312094306923	-0.597073332742992	1.93119824576371e-08	-0.566392072718791	2.2564588125773e-06	215	8110
TMEM230	down	-0.591547201266225	0.0900959456374454	1.9704744426964802e-09	-0.448733844547183	8.49425307392071e-06	-0.397299107908508	0.0025371166007732	-0.677427991605783	4.41728542632802e-10	216	8109
DHRS9	down	-1.36528002697708	0.208093689252278	2.0263509154019e-09	-0.722678334195649	0.0095048869415037	-1.74285785139013	1.55554014114045e-10	-0.719570657000327	0.0171641780437898	217	8108
CACNA1C	up	0.93776585642188	0.142966366467394	2.03806481774795e-09	0.400867286606499	0.0218523629501389	1.11044275572305	2.08452693225339e-10	1.02805039626205	4.04403948540595e-06	218	104
SNTB1	up	0.746881194928586	0.113891076875114	2.0491371861213103e-09	0.561484089666873	2.03819530540202e-06	0.693536460532107	3.66172313716751e-06	0.6969613284324	4.4457662477717e-07	219	105
MAGOH	down	-0.576866370882464	0.0882066037744701	2.2996866662476604e-09	-0.444184657886742	3.55555913612582e-05	-0.539426077962514	1.32021119592096e-08	-0.534756453949905	4.1279578986142e-05	220	8107
CITED2	down	-0.859085906099898	0.131417214548535	2.33342901943176e-09	-0.606750347226457	1.39088037128809e-05	-0.803933594784015	3.8878823460653e-07	-0.922088017854939	1.98860580225002e-07	221	8106
CA2	down	-1.035634153287	0.158525844361485	2.3887712140060903e-09	-0.709511316249021	2.32863974948261e-05	-1.24270491172927	5.34177411193326e-08	-1.11213222995024	1.71714352847907e-07	222	8105
DYNLL1	down	-0.670252262998922	0.10261367566322	2.3956220129976704e-09	-0.498514199902294	2.05407598733442e-05	-0.810895422376969	4.87548434957574e-09	-0.501501403282131	0.0001149699281831	223	8104
TSPAN3	down	-0.799654948565316	0.122559617127573	2.5020495537320403e-09	-0.47799261793584	0.0010382015503521	-0.861978243426466	1.17885488037928e-08	-0.695920465936896	5.90326624683168e-06	224	8103
NDRG2	down	-0.449737563905649	0.068970252994935	2.55611511115556e-09	-0.322997187195939	3.84505205585084e-05	-0.334612184180451	0.0006381361835383	-0.603292582614792	3.37518901716294e-11	225	8102
CISD1	down	-0.464013747621455	0.0712159723025662	2.63387474174629e-09	-0.43968022324948	4.73472273609943e-08	-0.370323296962888	8.54274026194091e-05	-0.467053489266535	6.46906201384745e-07	226	8101
TMEM59	down	-0.677038644342163	0.104091527910383	2.82756570532559e-09	-0.422192610177262	0.0009292293311149	-0.557602010067037	4.43314744204004e-05	-0.769528802829382	5.43825984244961e-10	227	8100
GLRX2	down	-0.62115164069821	0.0955611391520755	2.89524678833609e-09	-0.685617512658141	7.9587843093698e-08	-0.590193246337322	0.0004218438833909	-0.50592594864745	4.4959475287154e-07	228	8099
NDUFA6	down	-0.56139189028646	0.0864242514465204	2.9656938252212703e-09	-0.456172375156999	6.18146466502267e-06	-0.535082058848513	1.62851905405326e-07	-0.490823918557193	9.42916126422944e-06	229	8098
COX7C	down	-0.540441107212094	0.0832372388824164	3.0119784725798603e-09	-0.439326540205842	1.27622636795222e-05	-0.443212177938891	1.64532435669162e-05	-0.564029438464855	2.62681078000426e-08	230	8097
NET1	down	-0.821881345654135	0.126596707938555	3.0120658690520605e-09	-0.547324744471915	0.0001200828400721	-0.704887230998217	2.35917556611343e-05	-0.888448159357825	3.82361042827739e-09	231	8096
RHOA	down	-0.607384332485806	0.0936380189134961	3.1096158690345804e-09	-0.444572061084366	6.54098492981481e-05	-0.521881997106321	3.12922899319279e-05	-0.587987024179102	1.29956123640085e-08	232	8095
HSPA1B	down	-0.722247646029275	0.111354503280394	3.1096158690345804e-09	-0.530374898287754	7.37101175318777e-06	-0.718469354453248	5.18517913938865e-07	-0.831987696002703	9.18587343967658e-08	233	8094
COX6A1	down	-0.595609682971969	0.0918761629999306	3.16434732029663e-09	-0.474835627925255	5.19244254992834e-06	-0.583795907834646	8.60288209558746e-08	-0.502228880464692	3.87794816539833e-05	234	8093
S100A10	down	-0.655946970244849	0.101413868128953	3.47363769155769e-09	-0.425689248263986	0.0003056710574087	-0.74571092402362	5.2714509424234304e-09	-0.543722742163625	2.30194956729601e-05	235	8092
SH3PXD2B	up	0.759908624121097	0.117588426687261	3.5888590376899904e-09	0.421894249998125	0.0027960561467986	1.00934080300123	2.0562011607586e-08	0.697535218756073	6.23313892729081e-07	236	106
TRIP6	up	0.841155733859609	0.130504663584088	3.9991608112397905e-09	0.481626076446906	0.0028544670253994	0.887788600418596	1.87710920259092e-07	0.929955643795352	2.1673176680826e-08	237	107
TMEM14B	down	-0.640058365505814	0.0993211960670899	4.01080222792539e-09	-0.446952072253488	6.42780028786705e-05	-0.54016320056464	5.1714646188028e-05	-0.706473074977281	3.1881995932181402e-09	238	8091
CDK5RAP3	up	0.538021778992179	0.0835061640408085	4.0318232704816e-09	0.388788715084733	4.64193534436128e-05	0.501358282988912	8.16711965428595e-06	0.571846101973575	1.49773302258034e-08	239	108
TENT5C	down	-0.942695765606385	0.146488216375567	4.22110260657931e-09	-0.379731474798667	0.0356925513011935	-0.735978199323586	0.0042563998218359	-1.24340522455068	4.1100456371623295e-12	240	8090
ZNF703	up	0.496692297903778	0.0772271396656965	4.30789782769815e-09	0.211405912955329	0.023827933161628	0.573258922888253	3.3862231903866894e-11	0.454542290446542	0.0003566984153602	241	109
UGDH	down	-0.540139078392651	0.0841356002562509	4.6119678926038e-09	-0.452631745226416	1.79751010376261e-06	-0.295581262168321	0.0098824251093396	-0.682017621416449	4.87392570747147e-10	242	8089
DDC	down	-0.717835975990076	0.111816345238246	4.6119678926038e-09	-0.542403040805538	9.4247181203766e-07	-0.64827149242144	0.0001226876112704	-0.764818439304309	5.85408479469862e-08	243	8088
EPHB2	up	0.776094511519	0.120899784597087	4.6119678926038e-09	0.507957875536871	0.00027513321367	0.773376175739133	8.60158044735812e-07	0.701570717914535	3.09550595932797e-07	244	110
TXN	down	-0.725350925357697	0.113249677456408	5.0290065894813e-09	-0.550558792944652	4.88180171555053e-05	-0.525988112623718	0.0001069537049075	-0.832443121232589	4.4974328705649205e-09	246	8087
EMC4	down	-0.713207039664727	0.111386758560662	5.0611376060850704e-09	-0.530404580170952	2.49312361667586e-05	-0.600189020127558	8.33048994808294e-06	-0.661493431828413	2.11228233348848e-07	247	8086
UQCRFS1	down	-0.606547244763869	0.0947334051690523	5.0611376060850704e-09	-0.481619581786978	1.2622729858025e-06	-0.573788593847193	5.92535907339986e-07	-0.616901287089664	9.85994537150425e-06	248	8085
SCP2	down	-0.656984594992231	0.102714733930511	5.258967226646491e-09	-0.446913417107567	0.0001788934804555	-0.570758335023805	1.01511919173847e-05	-0.746245818062306	6.04819161420522e-09	249	8084
KIAA1549	up	0.859343816933246	0.134520124783842	5.51893837225146e-09	0.59125638575522	1.90193030119472e-05	0.78572867240535	1.05917222609248e-05	0.873052670564648	6.75102148399483e-08	250	112
SIL1	up	0.389559427418303	0.061023826805009	5.6552982041555204e-09	0.339797164778621	2.9862945847132e-05	0.33486904121105	1.59697380066746e-06	0.454875998234844	1.39472831612922e-07	251	113
ATP5F1B	down	-0.542535537241713	0.0849934396106012	5.6552982041555204e-09	-0.434731897822379	4.41613294555054e-06	-0.498451829879066	1.37841714242803e-06	-0.537013240608081	1.42644040634909e-06	252	8083
MTG2	up	0.42754216889773	0.0670048273887753	5.725572698252571e-09	0.298670065663596	4.55543019669737e-05	0.376814722378679	0.0011612301156511	0.539216125371332	1.55512833290749e-10	253	114
ETHE1	down	-0.665499763026293	0.104318731179649	5.75096767988854e-09	-0.479745520400633	5.22630032835369e-05	-0.707868835845877	1.40551867922056e-08	-0.510094188446842	0.0002892618926063	254	8082
SNHG7	up	0.521788218963237	0.0818603204713829	5.9322095232601505e-09	0.298187608442684	0.0010211872343487	0.687276899845902	8.345998245203109e-11	0.447243115627405	0.0002207591974655	255	115
CUX1	up	0.482765959835801	0.0758360830713195	6.22176920262342e-09	0.345312106709847	0.0002397199833856	0.421742097989563	1.58207828294302e-06	0.69723773836102	2.5984683858514e-09	256	116
NDRG1	down	-0.569663562374238	0.089490651000827	6.22176920262342e-09	-0.492364398424644	0.0003328345572732	-0.316860812890045	0.007822906219237	-0.600749753760476	1.00575492378852e-09	257	8081
SQOR	down	-0.59260221932147	0.09316262015005	6.3893551701677205e-09	-0.367302103993514	0.0004029411352487	-0.732302839692167	1.19449714564013e-08	-0.724509763980454	4.54223214596539e-08	258	8080
SLC22A5	down	-0.641380180597729	0.100841478254204	6.39220653148267e-09	-0.54729169673731	9.35612958663512e-07	-0.551341755979008	7.83641319168638e-07	-0.54619088733629	0.0001987825631292	259	8079
AK2	down	-0.554933831545221	0.0872624467156768	6.402498283379681e-09	-0.468302154973123	6.63150369506482e-07	-0.445102493230306	0.0003594500687305	-0.538357199753814	1.3888674221807e-07	260	8078
PLCB4	up	0.584048325969934	0.0918480672936244	6.402498283379681e-09	0.526395674669903	2.50376752059154e-06	0.503196767718897	3.56787550621637e-07	0.508563697199225	9.38245671022802e-05	261	117
DLD	down	-0.842459152988422	0.132534623147012	6.475570561082821e-09	-0.553212562468653	0.0002611378048128	-0.747595401252815	4.19461678613509e-07	-0.814659183344706	1.20092315947229e-06	262	8077
XACT	up	0.78683553962428	0.123989450744526	6.90822738659876e-09	0.626474205316333	1.38293552194594e-06	0.669318187180143	1.02463025503017e-05	0.937053201943621	2.65789736629802e-07	263	118
SLC25A3	down	-0.581278974022285	0.0917079924847485	7.231122133923451e-09	-0.474098380537193	2.4079206099481e-05	-0.423899311600356	0.0004651112992712	-0.585228520185683	1.24161929626609e-08	264	8076
NACA	down	-0.617535198228018	0.0974802504252772	7.3640253169988705e-09	-0.519790283099588	4.45585992681075e-06	-0.345560527282038	0.0069825446283903	-0.71352362601527	2.35204056231453e-09	265	8075
TMEM63A	up	0.613484153491427	0.0971091202080442	8.18640692883346e-09	0.462564131689913	2.92279180231894e-05	0.797011639242955	4.58904865278968e-09	0.429732510132708	0.0004963171937016	267	120
HADH	down	-0.528962111825751	0.0839247169549103	8.965932796755871e-09	-0.550461872103647	8.70604757174931e-08	-0.326906419135908	0.0010934547391205	-0.629906684413699	6.35891782563291e-08	268	8074
OSBP2	up	0.704579296947992	0.112210147600148	1.04069793467421e-08	0.579948585421788	6.95554849832319e-07	0.511080154500701	0.0006875183314688	0.707495154218625	2.6377223504479e-07	269	121
ACAT1	down	-0.625279775359167	0.0998455085675906	1.15374165433907e-08	-0.477102385506105	0.0001340109553188	-0.401899713077667	0.0006244510607995	-0.908075053841959	9.922629384817579e-11	270	8073
MTCH2	down	-0.395673203410124	0.063209614969112	1.17011125547952e-08	-0.34906942031614	9.50618468720243e-07	-0.286904530639517	0.0040962639782459	-0.422189653333366	2.54948878675165e-08	271	8072
AKR1B10	down	-0.962933803320331	0.154237984997407	1.29599597997226e-08	-0.703943690827528	5.67840356413551e-06	-0.850908228945012	1.06097925867132e-06	-0.902269014481378	0.0001027665745756	272	8071
SHROOM4	up	0.541185164272327	0.0867429630396545	1.32335421907822e-08	0.421409625616226	1.21652083639964e-06	0.83705554783533	1.91091455166303e-07	0.744172131447112	8.80954309902991e-08	273	122
GLRX5	down	-0.737252753520627	0.118173039064795	1.32335421907822e-08	-0.50157690100104	0.000102827413789	-0.666503392684148	1.28447063718617e-05	-0.807166754999522	2.83356974550841e-08	274	8070
FERMT1	up	0.529018986957477	0.0849672271118819	1.42903745619794e-08	0.339118469104282	0.00094020912763	0.610396809705748	1.83091346836136e-07	0.480850419051522	1.00326567291989e-06	275	123
CSNK1E	up	0.500193840774811	0.0804061772833722	1.47294425708786e-08	0.353219528653244	0.0001450103029128	0.518776827357679	1.1787311732074e-07	0.49987712332153	3.50839543612594e-06	276	124
PPM1A	down	-0.703836850880522	0.11344102322312	1.62336993548539e-08	-0.465024629064119	0.0001777108647427	-0.590011861058839	0.0007672707998911	-0.816993819812875	1.5413097465000202e-09	278	8069
LIMCH1	up	0.923955515844637	0.148956993702851	1.63404308891577e-08	0.604325113736856	0.000139680871539	1.3301675660658	3.01497916152793e-08	1.30361347081883	8.01612263128899e-09	279	126
GABARAPL2	down	-0.770502844092942	0.124243569533969	1.64153886144027e-08	-0.577839494485713	4.84631607604591e-05	-0.73178830736344	3.83350415855688e-07	-0.599260836135061	6.36765233391623e-05	280	8068
AQP8	down	-2.08670590918512	0.336730781561331	1.68414957525367e-08	-1.80257593705111	5.54259346352559e-06	-1.50163678935513	0.0003622156498137	-1.87702329749554	3.24123025448042e-05	281	8067
DNASE1	up	0.466951689050273	0.0755882541342747	1.89770841224288e-08	0.369050182096973	0.0001079046006075	0.43953661198487	8.87683267446887e-08	0.446500838914866	3.28892742380067e-05	282	127
HELZ2	up	0.701851707213589	0.113766910583325	1.99375228775588e-08	0.509854816915073	5.21774160399518e-05	0.646546978987209	1.17338695470396e-06	0.823732974125228	3.84249764816065e-07	283	128
PPP1R13L	up	0.584769108175625	0.0948372912685601	2.02138116183685e-08	0.445348108923582	1.6209667413014e-05	0.553908234296368	1.61557664839432e-06	0.717328913057183	3.80471051629405e-07	284	129
TRIM13	down	-0.581057691099297	0.0942370284398615	2.02138116183685e-08	-0.317914271638999	0.0059028162944383	-0.371600460432731	0.0040256385136457	-0.718668036095158	1.10764841743105e-10	285	8066
ECH1	down	-0.589004447098674	0.0956418791749831	2.11177927641786e-08	-0.433367001937373	3.56102791430057e-05	-0.569092937017033	1.20717233798029e-06	-0.571955920086119	2.51175839660611e-06	286	8065
KLHL22	up	0.648799787327644	0.105624954145674	2.32708471705987e-08	0.543016343661088	4.10137128512666e-06	0.414870158551757	0.0040575954554392	0.651642215518544	6.94817278621974e-08	287	130
ARPIN	down	-0.330970778923163	0.0539377500030218	2.41317411850264e-08	-0.231653110438102	2.97131029758368e-05	-0.457135200482099	5.46013894209274e-06	-0.539037978978335	7.377543020936629e-11	288	8064
TXNIP	down	-0.628127434300142	0.102431801878538	2.46624059960811e-08	-0.39800693502899	0.0007269890457251	-0.565175835181017	3.44456376734081e-05	-0.797735016584013	1.5221363058870501e-09	289	8063
NUP50-DT	up	0.640711627967266	0.104539493324774	2.50857388666473e-08	0.337560825746486	0.0143946156530834	0.53271475046829	3.46213172452044e-05	0.71346342917412	1.0258772332243e-08	290	131
SH3BGRL2	down	-0.838889940911523	0.136965905095183	2.56497270470531e-08	-0.559013547818864	0.0001118389130703	-0.8408468231736	5.58191860844381e-07	-0.766126564092054	8.20793766598271e-06	291	8062
CTIF	up	0.549686176270117	0.0897620619546509	2.57220204612312e-08	0.441245648814737	6.12357464330678e-06	0.505315543961605	2.06910206953534e-06	0.51959559173755	1.32368413999319e-05	292	132
MGST2	down	-0.463299882865971	0.0757533788520351	2.69399552084565e-08	-0.375718642235679	6.03722824309427e-05	-0.426765881001709	2.03633590600827e-06	-0.438601123209422	2.04792350277927e-06	293	8061
IL1RAPL1	down	-0.611818352641889	0.100172232538322	2.81742916174426e-08	-0.477591212159896	4.42251381982395e-06	-0.556506768172792	6.79311282103523e-06	-0.587423348047896	5.75268707425636e-06	295	8059
FCGRT	down	-0.711836948120911	0.116577121343214	2.8347317097368e-08	-0.527899937539968	6.84950907159365e-06	-0.643129848008059	0.0001984004885479	-0.839446297795079	3.48302694463953e-08	296	8058
TMEM183A	down	-0.517455486044109	0.0849889522270886	3.15474250638458e-08	-0.435369817355765	8.36131113568506e-07	-0.479594612176705	8.76145389838712e-06	-0.475645551572407	3.7484841665103e-05	297	8057
DDB2	up	0.496456345246806	0.0815923489430904	3.22182134059004e-08	0.419903268590307	4.22590366251625e-05	0.471928455556343	1.65001728978683e-06	0.42623800825574	7.53720433010986e-06	298	133
MTCL2	up	0.666635409027583	0.109635170740291	3.29402960282025e-08	0.398968576198132	0.0009957046064389	0.872711791627785	2.60899102144531e-09	0.516595428015101	0.0004441699138104	299	134
KLHL9	down	-0.931059756414841	0.153135597380477	3.29402960282025e-08	-0.564836950690063	0.0016555896915738	-0.930155131727143	2.60765737891688e-08	-0.889062969235277	0.0004202095809455	300	8056
PDCD4	down	-0.593331782878471	0.0977218203848417	3.45800806174733e-08	-0.213091478431535	0.0396276900174084	-0.769948130205277	2.18759867998131e-08	-0.938998062705546	8.3347306834014e-10	301	8055
MGST3	down	-0.450802544270029	0.0743755911970348	3.67879435896391e-08	-0.367514671270624	5.60329008093552e-05	-0.437751603962317	9.41945174082193e-08	-0.388334560851312	0.0003131968034228	302	8054
SDHAF3	down	-0.629085270909011	0.103980208111495	3.9287834469428e-08	-0.463858931311212	2.64343181002324e-05	-0.732880413192196	5.21056854974056e-06	-0.904055498096329	2.66304778229198e-09	303	8053
PGRMC1	down	-0.779816609184627	0.128943220059488	3.97206463907242e-08	-0.538490941369691	0.000136120522391	-0.670633326969758	2.29924751915522e-06	-0.754738908682894	4.01685760786918e-06	304	8052
SRP14	down	-0.489372691011984	0.0810050257612291	4.12161012110576e-08	-0.413180088741312	7.67882036734058e-06	-0.458634714112356	1.53503690414336e-06	-0.428828099687889	4.69522535515576e-05	305	8051
SFT2D1	down	-0.563666608253254	0.0935547280248053	4.54348996076327e-08	-0.439865701960105	1.4980752838567e-05	-0.507995315982218	7.72382026859031e-06	-0.542846408968114	3.29913315577635e-06	306	8050
C1orf226	down	-0.582372478910955	0.0966795026857164	4.56383054713014e-08	-0.2161322677392	0.0362560313005594	-0.842958859626696	3.705258322384e-12	-0.479864239866997	0.0096344650541984	307	8049
TST	down	-0.591350357880671	0.0981890721276885	4.58217372743325e-08	-0.447671063687575	3.38240379106347e-05	-0.576023563377851	2.12899697094038e-07	-0.49507180029081	0.0004899092545012	308	8048
ATXN7L1	up	0.37782109452961	0.0627956144945395	4.73654446112077e-08	0.325272912765957	0.0001177552738344	0.367424786536218	2.90858400979121e-08	0.277660288817225	0.0147154417514647	309	135
RGS12	up	0.626862339516058	0.104305629673477	4.91921499525705e-08	0.476132848686472	8.74317133169046e-06	0.754241176317515	6.27750210969487e-07	0.540043287170438	7.26002661714486e-05	310	136
DBNDD2	down	-0.609814042765432	0.101474965050774	4.91921499525705e-08	-0.373376064579925	0.0014041590822131	-0.680334571732551	9.41610690530226e-08	-0.530339270722283	1.86997876555628e-05	311	8047
GNL1	up	0.508719267169395	0.0847144912563164	5.03826565483989e-08	0.301802146274223	0.0022281407369984	0.553447861100186	8.35338480098832e-08	0.581981253948473	9.579979651887e-07	312	137
EPB41L2	up	0.804241682574028	0.133979652411834	5.09662434729188e-08	0.455247552255501	0.0113918415130791	0.522091643286458	0.0075952448485475	1.29988134845933	1.89898979991262e-11	313	138
STAT6	up	0.371158298103799	0.0618425607124163	5.10816025003066e-08	0.209306312180283	0.0089463337478354	0.292370871131244	0.0001155818655123	0.509961314762859	5.46373283012018e-10	314	139
CALCOCO2	down	-0.399540684151453	0.0665755320525114	5.10816025003066e-08	-0.202939593545226	0.0056973663513455	-0.312893854518111	0.0021418124244546	-0.625526267004739	1.6739942765298098e-12	315	8046
ARF3	down	-0.596235805241473	0.0994095854988768	5.20435822680313e-08	-0.404070278085557	0.0002023125355394	-0.673071335152643	7.41315956398481e-08	-0.508164996341367	9.04378042249077e-05	316	8045
WDR1	down	-0.535464306645996	0.0894038739657767	5.46630820955121e-08	-0.425282719549605	3.21714974478304e-05	-0.486081560181884	2.62340129497662e-06	-0.49098722729781	1.07247730246618e-05	317	8044
TMEM120B	up	0.617587154136447	0.103158672707617	5.53367178015129e-08	0.4381710887118	5.35861485516708e-05	0.66339308009532	2.46500014249369e-07	0.646484116492435	1.53646102282458e-05	318	140
GLG1	up	0.36877076253804	0.0616359924411724	5.64407955072153e-08	0.269292859993705	0.000154853813812	0.239898163328265	0.0136114596057547	0.443573867331892	2.6755570565338803e-09	319	141
ISOC1	down	-0.941606551237333	0.157413249031229	5.67131372523449e-08	-0.669891193611606	1.99090685882863e-05	-0.921593554596275	3.21907339329019e-06	-1.04566816376741	1.43248119954809e-06	320	8043
YWHAQ	down	-0.531881552389646	0.0889334995039163	5.69136992801813e-08	-0.426882588077658	4.90786108686692e-05	-0.425986350687959	3.19820561754947e-05	-0.617065182331989	2.08167766246881e-07	321	8042
ATP5PB	down	-0.579455450067145	0.096914091921409	5.71681028338283e-08	-0.449442603832715	3.01142117611342e-05	-0.48176219221625	2.68024153692314e-05	-0.688058617927607	2.27974055855285e-07	322	8041
EXTL3	up	0.620631626542816	0.103803167782125	5.71681028338283e-08	0.349943268374652	0.0011150451020357	0.98219093102777	1.68551565335103e-09	0.898070867806098	7.64212374213821e-08	323	142
ATP5MC1	down	-0.51219530002254	0.0857174791589062	5.82426118429028e-08	-0.439028032470806	4.41099607506601e-07	-0.461450999070854	2.78576212024984e-05	-0.46537762954676	0.0001284385867698	324	8040
LAP3	down	-0.757126200777465	0.126759369047173	5.89419255569154e-08	-0.594094069490253	3.08331264753381e-06	-0.612989108119767	4.49025440475426e-05	-0.661862757516603	2.71910774641837e-05	325	8039
CEP164	up	0.587610963763036	0.0984724474459128	6.0842154079965e-08	0.447595690328891	1.68054766021302e-05	0.487402847246155	0.0001697659798689	0.618533526222121	2.40936516212852e-07	326	143
DPP10	down	-0.697847082348529	0.116957375765908	6.08734979455422e-08	-0.507763623204454	3.29446760894969e-05	-0.869051367003961	1.0882230453424e-06	-1.2940516758338	1.00697006288897e-09	327	8038
TFCP2	up	0.375193961661297	0.0628999309939673	6.13397773202797e-08	0.302064215527863	0.0002498156669881	0.35250170294839	1.86524629868867e-06	0.37591428385456	2.26712305212209e-06	328	144
KCTD20	up	0.352589691660856	0.0591258711538787	6.17404019381587e-08	0.304254688394745	9.27970287503346e-06	0.314709419527143	0.000315890962175	0.360444721566127	1.97106052247456e-07	329	145
ITM2C	down	-0.737750786798685	0.123797428533379	6.29829404519045e-08	-0.454271427593419	0.0019356566177661	-0.715882425006958	2.65408677690981e-06	-0.853434994055965	1.06282194378693e-07	330	8037
TMBIM4	down	-0.676484703632317	0.113520743768586	6.29829404519045e-08	-0.493818403461417	3.42488672888663e-05	-0.586584094215197	2.04944021093834e-05	-0.648264826558944	1.77332069706271e-06	331	8036
TTLL3	up	0.645856641764978	0.108536773872816	6.61631150556661e-08	0.581214985003511	1.90098467847403e-06	0.312472911972204	0.0209978088195124	0.816453411104879	2.28735883740829e-08	332	146
FMNL2	up	0.571794044335615	0.096118326173701	6.6662606558121e-08	0.345233719302753	0.0022834281724309	0.644401520663509	1.68733685710002e-08	0.430522420153497	0.0005785797034439	333	147
TMEM236	down	-0.554491531739986	0.0932718408954155	6.80890630220863e-08	-0.215588695608148	0.0298333461485611	-0.720018269781183	2.36383179696986e-08	-0.936104593205004	1.6868758612176302e-09	334	8035
GMNN	down	-0.712786957024828	0.119931861299073	6.85652119718708e-08	-0.419053290729336	0.0028810276317032	-0.537001807265398	0.0009017177356563	-0.751302715138672	1.60830470052886e-08	335	8034
L1TD1	up	1.51469078251149	0.255035084914431	7.0101006930732e-08	0.710957124804349	0.0223087114420552	1.7313038092079	1.7513725902615e-07	1.09652012781023	0.0008743485871655	336	148
IFITM3	up	0.79727965675869	0.134274658442107	7.05219053874197e-08	0.428092798511613	0.0108383613090283	0.767615196213415	8.20896192184366e-08	0.768771931928431	5.67763835575884e-05	337	149
CMAS	down	-0.824504881239549	0.13888362029905	7.07508059221352e-08	-0.566189039490246	7.23084827660703e-05	-0.768402278077956	1.6886427223195e-06	-0.728015710453415	4.26306769273355e-05	338	8033
HINT1	down	-0.451185900035452	0.0760308533104568	7.15872728448741e-08	-0.406895272832384	3.79214857404442e-06	-0.294623421054578	0.0015229033211299	-0.593282148110114	2.54997931659062e-08	339	8032
DBI	down	-0.589492903406305	0.0994503342361934	7.43665937219299e-08	-0.473056804935213	4.61699982534647e-06	-0.525095929487765	1.39205580106383e-05	-0.531606888243993	2.50203335403487e-05	340	8031
THOC7	down	-0.543164782143837	0.0917978183320041	7.88278137841065e-08	-0.523176423700113	1.87970642606672e-07	-0.309217415865946	0.0101735071832966	-0.5771686715495	1.56169534393236e-06	342	8030
ADGRE5	up	0.641740299911244	0.10846900573847	7.88952247275511e-08	0.446583496398506	0.000110159963553	0.657341261454389	5.21215765384332e-07	0.674321698677057	8.87773703868634e-06	343	151
DPM1	down	-0.715334339414546	0.120935871585942	7.9317819210784e-08	-0.449630190164255	0.0006880049469712	-0.737003052011969	7.04253754757467e-07	-0.668308033564205	6.97375718838877e-06	344	8029
KANSL1L	up	0.628027820046355	0.106403776032357	8.53942225996137e-08	0.468821856796964	1.97272676200703e-05	0.60498786398544	1.62882751452918e-06	0.609266993656861	4.66077784518714e-05	345	152
FOXK2	up	0.4112813609926	0.0696866030826501	8.53942225996137e-08	0.216860470054087	0.0064950410177461	0.321680117820876	0.0024675494762185	0.53890623761751	1.96567039412899e-10	346	153
KCNN4	up	0.736472417281223	0.124833582031072	8.63108542083693e-08	0.536419201285267	0.0002374942318728	1.23087383138434	7.36438220160327e-08	0.604928698374544	2.73673479411215e-05	347	154
PDZK1IP1	up	0.738533665081556	0.125205908570438	8.66284521670227e-08	0.490229373031991	0.0003096738682311	0.659489699155909	5.31215481661894e-06	0.699280345788197	3.05055073307861e-06	348	155
C1orf210	down	-0.589499542459974	0.0999683018793325	8.70300557498708e-08	-0.436004939033631	4.74612838651245e-05	-0.592907394821741	1.48682132539157e-06	-0.524443323621433	3.04111452749112e-05	349	8028
UGP2	down	-0.59943113569197	0.101652880969624	8.70300557498708e-08	-0.362669916614207	0.0021790410162791	-0.600272089775319	6.93233964010886e-07	-0.615801293696055	1.92731567960625e-06	350	8027
TDRD7	down	-0.482067714784925	0.081842651962799	9.01033026954012e-08	-0.258276995361669	0.006424670444717	-0.681218961103994	1.54397494789293e-10	-0.271846107433474	0.0206551110797157	351	8026
TCEAL9	down	-0.651939482588273	0.110682612646932	9.01033026954012e-08	-0.44833115008577	0.0005551446457026	-0.503909470567159	0.000109571571685	-0.796193933452904	2.9099123000087e-08	352	8025
CFL1	down	-0.497966944149547	0.0845843949065712	9.14663538649889e-08	-0.412281980284982	1.75599345966226e-05	-0.491613840960741	5.34435440457948e-07	-0.389509867902024	0.0009215996400764	353	8024
B2M	down	-0.885607080305864	0.150577735243367	9.42112601008861e-08	-0.583866020878298	0.0003557678196618	-0.87554438185688	8.55863954485336e-07	-0.691425758099334	0.0001503432264962	355	8023
RAB11A	down	-0.656637305443435	0.111658879021921	9.43165634527218e-08	-0.46565957450094	0.0001532930020446	-0.614883516490532	3.03574171134358e-06	-0.573991678828364	1.26205275404745e-05	356	8022
TRABD2A	down	-0.424708631019323	0.0722296706640082	9.44906931313453e-08	-0.283813310505831	0.0010102192894296	-0.231025069356558	0.0134259422922025	-0.635508328570653	4.9652060241101e-11	357	8021
AP2B1	up	0.306999445403524	0.0522750334433646	9.84138967090034e-08	0.243511656901356	0.0001179066915464	0.236109310123351	0.0030216865110472	0.355963615477153	1.67682017328498e-08	358	157
TRAK2	down	-0.499309384050344	0.0850879943636383	1.00913589871659e-07	-0.288171608439268	0.0025507207671621	-0.42412066196871	0.0002614131259157	-0.857903800673509	1.70774505647842e-11	359	8020
SEPTIN9	up	0.407972690034686	0.0696235117525883	1.05893833654649e-07	0.203747246025891	0.0112420650376673	0.379743434123171	0.0001139540098307	0.536341075654445	6.12608354438079e-10	360	158
PFN1	down	-0.483050331046072	0.0824589166029983	1.06638341774455e-07	-0.403981347000844	2.04362892937127e-05	-0.490167640123879	2.98004376619865e-07	-0.339514153021231	0.0046682400506812	361	8019
MYRF	up	0.696018660657652	0.118907499043185	1.09346058295809e-07	0.588770410518245	1.01717893453038e-06	0.526624110591026	0.000505575434793	0.58769775592009	5.39774707085506e-05	362	159
HMGN1	down	-0.696045833545836	0.118981507117417	1.11305827757708e-07	-0.488705317939572	0.0002569987614637	-0.543397368032197	0.0001637058325116	-0.879926728808869	2.7432301763497e-08	363	8018
YJU2B	up	0.487871526779688	0.0834228106268292	1.12244582727712e-07	0.407543803029902	1.18801918049519e-05	0.454050053298274	1.96508450652468e-06	0.424701668785429	0.0002093508085905	364	160
MTMR11	down	-0.669582559151524	0.11457921884465	1.1474420683939e-07	-0.447806911079677	0.0001851487254563	-0.843701918827749	6.77211476896034e-08	-0.765627508864601	7.31795640263044e-06	365	8017
YWHAH	down	-0.622922962385522	0.106599158969971	1.1474420683939e-07	-0.438060612804633	0.0005028999634504	-0.564948236458609	7.39751425449242e-07	-0.539732908227924	6.76760478107719e-05	366	8016
NIPSNAP3A	down	-0.715944395615813	0.122558592594268	1.15728229345738e-07	-0.538921098082016	1.85445263978234e-05	-0.615322543264074	1.69041253359481e-05	-0.773058096040641	4.20317816995919e-06	367	8015
LPIN1	up	0.560679110282976	0.0959857989506757	1.15728229345738e-07	0.583301356227002	8.59931234807745e-06	0.226109824345069	0.0310528377450233	0.838562540945173	3.23918884543702e-10	368	161
SOD3	up	1.2337552094308	0.211291842616126	1.16925467024896e-07	0.804974860917405	4.90136096863939e-05	1.01419467721015	6.40871748646252e-05	1.10780570934318	9.06459773730659e-06	369	162
ATP5MG	down	-0.47640385209086	0.0815980416198295	1.17067800153372e-07	-0.428904177090998	2.94937186973154e-06	-0.397760149948107	3.02651397927622e-05	-0.464451752582038	2.28904605337199e-05	370	8014
FBXO34	up	0.416645915006608	0.0713724575134932	1.17067800153372e-07	0.370678426893065	9.48406571662914e-07	0.358218200828706	0.0001469898696381	0.423636257516171	1.08076027096854e-05	371	163
SUMF2	up	0.601294457190611	0.103004544669777	1.17067800153372e-07	0.373791702121703	0.0024135091484223	0.609865536909087	7.66144283118691e-08	0.46261430586081	0.0008233509600717	372	164
PUM1	up	0.341286812395091	0.0584840252927377	1.18160771925917e-07	0.237535308182499	0.0014133797660942	0.394017603398114	1.4991568440157e-08	0.252052415599584	0.0030550849183279	373	165
SCO1	down	-0.504666597777099	0.0865905923940469	1.23163533668654e-07	-0.430944380141535	1.52441146478166e-05	-0.436927906031953	3.46126676897818e-06	-0.490263603392137	6.92449422605712e-05	374	8013
MOB1A	down	-0.659209754390915	0.11317592232574	1.25471246862841e-07	-0.46068817305001	0.0001017722393149	-0.663584052201917	5.93961167916213e-07	-0.610088583178015	0.0001032706578986	375	8012
MTHFD1L	up	0.522270478695664	0.0897239681213237	1.28007728923362e-07	0.364868310108485	6.12041131311362e-05	0.793599312086954	1.13710691315003e-07	0.767583384021535	6.32134039032067e-08	376	166
TDP2	down	-0.95633148184768	0.164360443009739	1.29480820042157e-07	-0.602721131708794	0.0005171904452676	-0.928741797652394	1.6289086557375e-06	-0.796528494343068	7.07262301040679e-05	377	8011
ATXN7L3B	down	-0.51499263105137	0.0886513916235094	1.3653044305136e-07	-0.428102339581809	9.63407916321213e-06	-0.455040857354326	1.53666372552097e-05	-0.468573251142138	2.48859579103922e-05	378	8010
HNRNPD	down	-0.443557993131254	0.0763686980614704	1.37040731898626e-07	-0.340834735966472	7.69677710958927e-05	-0.361349150875112	0.0002959258360253	-0.516007152762609	8.61447378985858e-08	379	8009
NDUFB6	down	-0.553978406852178	0.0953872135147054	1.37040731898626e-07	-0.475606736224964	1.03231162495998e-06	-0.46228219023053	7.32817938204899e-05	-0.497551379850822	0.0001415900235055	380	8008
GNG5	down	-0.580253891249546	0.100010136350279	1.41435280570394e-07	-0.443363348910358	3.67867437588432e-05	-0.525260551842772	4.59696596022408e-06	-0.547039640859338	2.69501793711546e-05	381	8007
SELENOF	down	-0.503140193246202	0.0867584804808303	1.43295808728804e-07	-0.357315169492242	0.0002948291491242	-0.41363641860446	0.0001516623790841	-0.589786493157243	6.1831537556678e-08	382	8006
GALNT12	down	-0.567470591785653	0.097862741056035	1.43504197777873e-07	-0.314041228587195	0.0041080958179965	-0.65519627788492	3.59089651347233e-08	-0.586254781480844	1.97580026833899e-05	383	8005
VPS29	down	-0.301709280829999	0.0520535944117588	1.45288178299392e-07	-0.256508150754871	3.36836152335929e-05	-0.204954133531638	0.0098742738388877	-0.351355243594689	3.00425992971753e-08	384	8004
ARHGAP26	up	0.429658093853887	0.074212869870035	1.50713479661981e-07	0.361820055201222	5.71921434238784e-06	0.417896159232847	2.55021648737545e-06	0.401945454967711	0.0003741683957562	385	167
NUDT9	down	-0.470446776648717	0.0813692878280311	1.57566563841207e-07	-0.416126565255697	5.27109902503931e-06	-0.416513503055014	8.0735475964655e-06	-0.413158151123818	0.0001678181644695	386	8003
CYB5A	down	-0.568660302061849	0.0987212667033369	1.78405833851823e-07	-0.443477585488817	2.05210135577616e-05	-0.497345123594385	2.0696307165502e-05	-0.589899119621001	6.82158451259518e-06	387	8002
HSPE1	down	-0.531889476537084	0.0923707660065795	1.80130744349214e-07	-0.408411702179429	0.0001315187557826	-0.460738732120951	1.32953547568038e-05	-0.51917262421613	4.29330265194761e-06	388	8001
NKAIN2	up	0.963508679115735	0.167603811719653	1.90028690593303e-07	0.594847523186086	0.0017478588498735	0.955309030682046	5.12905260556536e-06	1.06692226475143	5.35381424358511e-07	389	168
ARF1	down	-0.459099846725098	0.0798772770859483	1.90848972390971e-07	-0.362398524541658	2.92518734182901e-05	-0.51029609326815	9.05330222678025e-07	-0.386286988933149	0.0002539405808136	390	8000
NDUFA1	down	-0.488453037880996	0.0850163303732778	1.92809952733143e-07	-0.350468393357918	0.0001428516417155	-0.542606473905254	3.67433474646184e-07	-0.445234954306216	0.0001130183621407	391	7999
BICDL1	up	0.721292315005825	0.125757944502298	2.03826938970421e-07	0.559701664032785	0.0004099484988463	0.403173465408033	0.0068676712215243	1.05760098845044	2.60051324600095e-09	392	169
F2RL1	down	-1.00579666394827	0.175620698072938	2.13712809862099e-07	-0.700996049188784	0.000144096843253	-1.45779721330871	2.05213547710414e-07	-0.821266455796756	0.0008347297208486	393	7998
PSMD6	down	-0.623282462964331	0.108838957878169	2.13733593281667e-07	-0.402859152938385	0.0010416347581376	-0.41956953461674	0.00324498225035	-0.744371201915004	1.33186803807916e-08	394	7997
DPY19L3	up	0.508108268154004	0.088854654255354	2.23775326211088e-07	0.340150340478086	0.0001854882320056	0.955740656415617	2.4268289082778103e-10	0.534471685484742	0.0011230562281184	395	170
CD82	up	0.660797695384253	0.115574631229221	2.24425201230404e-07	0.579320499649938	8.56619858912126e-07	0.508539547980337	0.0003612508553409	0.509717574884409	0.0015274264999113	396	171
ACSF2	down	-0.595516790709343	0.104227187972996	2.28994845910873e-07	-0.434037982036284	4.80062947072479e-05	-0.594650483110246	5.29436940566175e-06	-0.5949742470521	1.52822267756036e-05	397	7996
CCNJL	down	-0.739287618378036	0.129414688114677	2.29791605998028e-07	-0.646893933392738	5.825083089539e-05	-0.606972939178722	2.75460777465764e-06	-0.539811760379556	0.0063246200487286	398	7995
ITGB4	up	0.434664445688713	0.0760941073114639	2.29791605998028e-07	0.355579636058656	9.87042921693993e-05	0.236272349564068	0.0097541803029613	0.697345758461531	3.21472826563452e-10	399	172
PRELID3B	down	-1.01830623076419	0.178490196205598	2.38959546608861e-07	-0.668168822687812	8.7033569217243e-05	-0.849694002942377	5.78683864785878e-05	-0.938130672211084	9.21885871874029e-06	400	7994
PADI2	down	-0.523223023030062	0.0917208480139574	2.39196861174644e-07	-0.279126561229034	0.0052809965810889	-0.808840655032466	3.85971365979287e-10	-0.38691700358441	0.0033869450233959	401	7993
SKP1	down	-0.638945082387102	0.112022248168722	2.39699584052085e-07	-0.423293393047186	0.000434933320246	-0.527718731083939	0.0004197193337898	-0.731684856565547	6.47650187923787e-08	402	7992
CHRM3	up	1.08704034353396	0.190822681744969	2.49324290673731e-07	0.466843926886533	0.0320267545035988	1.53166205908459	5.60111075655081e-09	0.729543876606682	0.0115794009462787	403	173
LMBRD1	down	-0.465859170307716	0.0819265585358063	2.63517731905075e-07	-0.308416889686175	0.0011281016124412	-0.364040631187279	0.0003114853256961	-0.653298572333152	5.5158286826895206e-09	405	7990
GTF2IRD2	up	0.496812306109123	0.0873886619503751	2.64741878483437e-07	0.416158519387338	2.8718211747841e-05	0.440975173926229	5.08490604834778e-06	0.440557034839267	0.000133457632318	406	174
TMCO4	up	0.427566619145449	0.075234161057852	2.67112483438898e-07	0.353419749871785	0.0002817079670014	0.353767855597337	1.55835800367771e-05	0.521095018568701	1.26018152643763e-06	407	175
GTF2I	up	0.543100274005131	0.095726644901572	2.81993336344872e-07	0.366212201785333	0.0009776191308362	0.519733131058478	9.06978360205689e-07	0.537406966003484	3.24559284720128e-05	408	176
ARF6	down	-0.71938575259728	0.126882358583172	2.86887019041056e-07	-0.479814230945881	0.0002255869981417	-0.616443299837051	0.0002127259725828	-0.715899776763874	6.99727415454099e-07	409	7989
CCDC149	up	0.513459008612951	0.0905624968279538	2.86887019041056e-07	0.636169606943013	8.18917082160613e-07	0.409731289549138	7.52991332900896e-05	0.433652787626619	0.0002605096705017	410	177
ACAA2	down	-0.713014478369503	0.125776694935886	2.87483098084772e-07	-0.49113837588938	0.0001773495247271	-0.603295877506139	0.0001039512119455	-0.645520749916044	2.87633326423453e-06	411	7988
ATG3	down	-0.646361553161503	0.11415445351726	2.97036559012009e-07	-0.492352794336293	4.86418125500432e-05	-0.511750807390844	0.0002506366188801	-0.584608502229778	3.60475326000032e-06	413	7986
TPM3	down	-0.393653160463626	0.0695249728906737	2.97036559012009e-07	-0.314822819054658	0.0001226992155128	-0.376210566301974	8.28714603384739e-06	-0.391160888178573	8.31346872920413e-06	414	7985
TSPAN13	down	-0.904188918443076	0.159731282680401	2.98665007213544e-07	-0.510775713110802	0.0033923806260124	-0.918371661416189	4.15929629071776e-07	-0.720973070409633	0.0009055295767211	415	7984
MPLKIP	down	-0.561036546939209	0.0993081832477613	3.18094684003471e-07	-0.457703368913973	3.46213784641058e-06	-0.407986288611856	0.0044710312587528	-0.572942525194815	2.76339254445812e-06	416	7983
SCUBE2	down	-0.902140628560898	0.159868901654952	3.29450792265796e-07	-0.641967743237937	8.25451662379573e-05	-0.902641247879007	2.19525564107981e-05	-1.08028837207546	5.05072110246196e-07	417	7982
CATSPERB	up	0.682500288439954	0.121009826000363	3.34367394383791e-07	0.557997344060659	5.43399876862067e-06	0.474127681020303	0.0045326252046193	0.592061037795782	9.53729737435444e-06	418	178
DLEU1	up	0.716425695742917	0.127074220841539	3.37029743939146e-07	0.396984215980322	0.0045808164715082	0.778374009745114	3.14190326960288e-07	0.622862755400287	0.0001123546275585	420	179
UQCRC2	down	-0.486660368552099	0.0863554815795803	3.40758729494434e-07	-0.348668265176217	0.0003584908337583	-0.374321551904488	0.0004819893235304	-0.611158938965716	4.98200167786678e-08	421	7980
NDUFA5	down	-0.699991212828832	0.124345550323451	3.51451529527703e-07	-0.480683358609559	0.0004712350779016	-0.608972800909891	1.33627950198445e-05	-0.794179431243459	1.98746834056962e-06	423	7978
AP1S3	up	0.53341084848456	0.0948463927769219	3.61890055892133e-07	0.452334479456987	2.25780856197962e-05	0.300054111805247	0.0100391625702709	0.789083831596981	1.0276042767897e-08	424	180
CAT	down	-0.554345512054008	0.0986188275242599	3.6656081460037e-07	-0.446641246169425	9.85513247309111e-06	-0.426426972634936	0.0009799416643516	-0.577825318484193	2.14101257756116e-06	425	7977
GMDS	up	0.584498229119166	0.103986273878463	3.6656081460037e-07	0.425695284077807	0.0001228405660423	0.497626700608782	8.25008053946794e-05	0.609453166787748	1.61311552787609e-06	426	181
EIF3B	up	0.314765900403919	0.0560812349795003	3.83555630445854e-07	0.126371020890262	0.0387958774515055	0.438410816597465	3.54802674334199e-08	0.356267852858082	1.17045676884598e-06	427	182
LDLRAD4	up	0.446260691287321	0.0795633379865183	3.9025394009505e-07	0.329806075934298	4.90275992890057e-05	0.610670360070488	3.92149860380632e-07	0.724923568499435	2.61030052680656e-07	429	183
SRSF2	down	-0.617040363305932	0.110084116769618	3.96837312264925e-07	-0.495167259964383	1.93731815998355e-05	-0.391693043115549	0.008626978715302	-0.610978151287694	1.00339023756391e-06	431	7975
DMPK	up	0.727953865486625	0.129918486693369	4.00546640943287e-07	0.401779855432562	0.0074168170293049	0.68792428455726	9.82154497572035e-05	0.892042155213374	2.97212443016101e-08	432	185
RAI1	up	0.677343902587533	0.121002432923545	4.12237327174182e-07	0.516829767201965	8.08746789598021e-06	0.55381107478488	0.0005024078125384	0.663615398386285	1.06939918788193e-05	433	186
CDC25B	up	0.766135830765299	0.137011569894235	4.25624823653425e-07	0.385662903239138	0.0204388979318252	1.20557646473162	3.1541586415587205e-09	0.500358710324803	0.0064208335759497	434	187
APBB2	up	0.561738764578067	0.100464308131728	4.25624823653425e-07	0.289642856243714	0.0147553557601277	0.58143844041412	4.67259731414156e-07	0.524971916398917	3.4531874323173e-05	435	188
CREBBP	up	0.307693563618085	0.0550881477784557	4.39446558733704e-07	0.257072595178286	2.41724606185444e-05	0.301167641292419	2.07628110208282e-05	0.391496637617925	5.52916624436376e-06	436	189
RPS13	down	-0.520249035677245	0.0932406097136918	4.53409574393901e-07	-0.433618228791976	4.92869691299802e-05	-0.29596557505098	0.0094345128398468	-0.632221422057999	7.34462257678814e-08	437	7974
CLTC	down	-0.463480598395684	0.0831379063904331	4.65023741510956e-07	-0.295547980911019	0.0036703986227641	-0.372567547817725	0.0003717135918879	-0.512323351983304	1.24901147424694e-07	438	7973
NOL4L	down	-0.586263648542091	0.105235244781427	4.74360281269194e-07	-0.455300078344508	4.82399639178954e-05	-0.501105870358971	5.11468276721549e-05	-0.520116597646416	2.1347844558206e-05	439	7972
SEPTIN8	down	-0.439623594452466	0.0789441453119393	4.79265943127227e-07	-0.343010080762924	0.0001232785031933	-0.428042848226917	4.43191249468455e-05	-0.416663596661191	4.5102173810152e-06	440	7971
TMEM14C	down	-0.561901226493769	0.10097701657725	4.89693804305162e-07	-0.4737455872013	8.02000965726135e-05	-0.360822090896965	0.0014996035416715	-0.80353389369583	3.39461162512933e-08	441	7970
BBLN	up	0.570088490017725	0.102486977456439	4.94501446700176e-07	0.403501124107635	0.0001840681865527	0.581370753583498	1.94213640456261e-06	0.610344988181257	3.23219785003168e-05	442	190
ATP5MK	down	-0.532242325349085	0.095733826096579	5.01768277509037e-07	-0.330986479233413	0.0022050185441961	-0.474595312209055	0.0001065312353811	-0.601950995807862	1.71407806948132e-07	443	7969
BCL10	down	-0.644875813911751	0.116127123913953	5.19376928347712e-07	-0.454703494701913	0.0002011807288777	-0.568971539624746	2.5930742563296e-05	-0.58848968407246	1.43892005968205e-05	444	7968
UAP1	down	-0.670182755687808	0.120714232600603	5.22307197021225e-07	-0.355704899433086	0.009286854073368	-0.697014389093418	4.60931241064166e-07	-0.639697508104687	5.07747899921585e-05	445	7967
TMC5	up	0.480044934126831	0.0864926224483746	5.26188479888812e-07	0.397352449070982	1.52011461426135e-05	0.375932935414564	0.0007596185910039	0.513934294042049	2.10774961638671e-06	446	191
PGAP4	down	-0.550600188339975	0.0993280490888888	5.45185553261219e-07	-0.330989397621709	0.0018105836012646	-0.668989803763106	4.41731539124746e-08	-0.597512135280746	0.0001395755474188	447	7966
MARK4	up	0.683615924072775	0.123326495786193	5.45185553261219e-07	0.500956171419415	0.0001030805985542	0.576299020841206	1.2739974476845e-05	0.64379019216997	7.21276021027519e-05	448	192
CDKL5	up	0.513622045300483	0.0926871423052487	5.49215816306918e-07	0.455624503402544	1.24650401188378e-06	0.346530868737774	0.0055318694582575	0.721413315987248	1.24340146002809e-06	449	193
VDAC2	down	-0.609438439452636	0.110068622647003	5.6180315902447e-07	-0.480060963525672	4.78163367385598e-05	-0.496589668350668	9.82881231912369e-05	-0.534594465333991	2.03804016232212e-05	450	7965
CHMP5	down	-0.579941417147608	0.104760164748165	5.62775355748175e-07	-0.43620078725272	0.0004808524163975	-0.59872573868972	1.69129450899863e-06	-0.430680961126828	0.0003508822153514	452	7963
FAM120A	down	-0.485156672598666	0.0876424796974976	5.62775355748175e-07	-0.220349553963918	0.0304005792072287	-0.277022061576054	0.02563697894873	-0.61252991179173	1.2896869128198302e-09	453	7962
EIF4EBP2	down	-0.472081842771314	0.0853495692938823	5.76060237106123e-07	-0.317699219344247	0.0028300892773057	-0.42390807449752	4.40773627570223e-05	-0.461639757275275	1.71539518967201e-06	454	7961
CD164	down	-0.733259369071138	0.132592949431345	5.78090988362993e-07	-0.4492116490871	0.0024540116485679	-0.656336284183312	2.60622595779081e-05	-0.790495822756626	1.26391900723277e-06	455	7960
STAT3	up	0.385420999643365	0.0697202859759912	5.83600741169829e-07	0.333816791263108	5.78305667772838e-05	0.351034321397587	7.89193999954684e-06	0.369925265228803	7.60025431798316e-05	456	194
GGCT	down	-0.700101869190499	0.126942509008897	6.27030909869291e-07	-0.58244576010352	1.20654566331257e-05	-0.421402197382082	0.007405363694816	-0.728715935616488	2.49973609200982e-06	457	7959
RCAN3	up	0.487583632072643	0.0884275337322621	6.29856343415073e-07	0.33090188929981	0.0005355913283424	0.543977556719438	3.60125416350573e-07	0.434806237515959	0.0005056512484901	458	195
UNK	up	0.398195856404042	0.0723750830394528	6.71719921841105e-07	0.310304903904565	0.0006498246280998	0.363962509675577	8.06312501248479e-06	0.401798379217228	1.41718782165179e-05	460	197
SATB2-AS1	down	-0.580034113859842	0.105590322572054	7.03692618633693e-07	-0.382373613238713	0.0008725422561793	-0.563519580155379	0.0001191175832643	-1.14599642315705	8.878030532954991e-10	461	7958
CS	down	-0.512753779703692	0.0933645405844981	7.05817270480657e-07	-0.375977471414177	0.0003623657537226	-0.430323215967113	0.0002697383339704	-0.503185885452694	1.47686987650442e-06	463	7956
ABRACL	down	-0.744651203112759	0.135731803348076	7.27633758230781e-07	-0.687843370665639	2.3160275981593e-05	-0.855820109104892	3.14067218876168e-06	-0.397614934117049	0.0126104972066757	464	7955
MFN2	down	-0.381658973978574	0.0696114295000049	7.40543731455656e-07	-0.292368732515138	0.000150947870649	-0.396358556425738	8.42215605034724e-06	-0.394831072264542	1.75591252976615e-05	465	7954
DSTN	down	-0.447666125328769	0.0816808691404911	7.47495711889807e-07	-0.34596032566809	0.0003728247204274	-0.406472433378588	1.65849724537148e-05	-0.429064467730377	1.41918096820959e-05	466	7953
SPINT2	down	-0.397974983428039	0.0727638159937259	7.94887461117583e-07	-0.365113741713041	3.89102474002145e-05	-0.383494618417229	8.37239279949387e-06	-0.327886108688484	0.0002847247371071	467	7952
BEX3	down	-0.602216193541354	0.110246714225059	8.24965268838043e-07	-0.422988489645769	0.0012191706995272	-0.489500666897235	9.80136138704069e-05	-0.9111189570143	9.58882759860558e-08	468	7951
LARP1	up	0.24584835971418	0.045028691619741	8.35472641577888e-07	0.174035393064899	0.0027197362392829	0.277751360519082	3.98315427963131e-07	0.244104524803238	0.0001232585621621	469	198
HINT3	down	-0.722927290894359	0.132443282807934	8.40408845249688e-07	-0.530967285173961	3.77950628525081e-05	-0.6336559168516	2.82833000694316e-05	-0.599122606678243	0.0005093731997489	470	7950
GNG10	down	-0.86858251185055	0.159149763958185	8.42168933349817e-07	-0.567694410285707	0.0003565313730063	-0.778766251842948	3.12690956920658e-05	-0.887088891426702	8.13750174044614e-06	471	7949
RNF103	down	-0.925382364863788	0.169653442491326	8.55164346919934e-07	-0.556202401358318	0.0013391027294006	-0.91026345782491	5.45683644104233e-06	-0.807484716680826	0.0001087537792339	472	7948
C17orf58	down	-0.854185011076519	0.156878271339826	9.00960085151575e-07	-0.506380041478975	0.0026168539374226	-0.869725611799773	9.50500602447946e-07	-0.821130633376602	0.0002504725833979	473	7947
CMC2	down	-0.383202779075393	0.0704610438376844	9.31875182652627e-07	-0.349404838110002	1.53777613087769e-06	-0.402002339059262	0.000125882925379	-0.308254566154313	0.0010710266869979	474	7946
YWHAE	down	-0.471461366730378	0.086704582425833	9.34860485922735e-07	-0.362309889808494	0.0002266134223194	-0.339832181906862	0.0025824198243091	-0.508724596058677	4.68153502519719e-07	475	7945
TMTC2	up	0.406393283236379	0.0748847391480087	9.90245201603471e-07	0.408980264920962	0.0002757426709827	0.27011263344906	0.0004461306818994	0.717773873237863	7.3916874148732e-09	476	199
SETD5	up	0.26170053521233	0.048275934347598	1.02183864633669e-06	0.248769903165517	2.12836866139064e-05	0.23408242094846	4.2826585602783e-05	0.290742627570879	3.05976169537988e-05	477	200
BSPRY	up	0.350461926754214	0.0646997767233607	1.04388118839045e-06	0.313439981809899	4.78565875838294e-05	0.331181480932371	9.63138268019275e-06	0.314280325297301	0.0002173161833318	478	201
MRPS33	down	-0.491117474209198	0.0906919135927379	1.05054320606757e-06	-0.392672420765402	0.0001416245729471	-0.271097605009166	0.0140015091660421	-0.632857338954671	5.96766085436684e-08	479	7944
CRTC3	up	0.405964236770705	0.0749996331586479	1.06218792391264e-06	0.374062288552324	7.00911809139043e-07	0.293991602414303	0.0079739371200659	0.406725176380212	0.0001579294229863	480	202
TNFRSF10A	up	0.57704294780156	0.106620775903993	1.06459001315421e-06	0.454356145822463	1.88118830368331e-05	0.516187912825448	5.1388556034733e-05	0.49515557441198	0.0002940260890505	481	203
UNG	down	-0.58180843459381	0.107549750789921	1.0769463748231e-06	-0.416749682882023	0.0001459254231015	-0.525947808729664	9.96698266654272e-05	-0.615352394419388	4.20091799480105e-06	482	7943
CTNND1	down	-0.382164420501201	0.0706565801359146	1.08018367458668e-06	-0.277084647551176	0.0018760598080496	-0.419269576019141	1.0004861167312e-05	-0.344542761211777	1.24863011494725e-05	483	7942
PTPN14	up	0.498404165036336	0.0921670895156268	1.08485640662624e-06	0.499123010745845	4.46746406013577e-07	0.30077579490896	0.0128241267924918	0.42380847669625	0.0009986693662959	484	204
PPIF	down	-0.515644055645023	0.0953912952818322	1.09506479698789e-06	-0.398280514994324	7.62432242421562e-05	-0.444763255553929	0.0001275924762393	-0.510743572840828	1.01981032016862e-05	485	7941
BANF1	down	-0.54981430234817	0.101719869367527	1.09516898271847e-06	-0.48547881040822	5.46175509474889e-06	-0.439420803518052	0.0002396968412992	-0.457488027201007	0.0004524312646627	486	7940
RANGAP1	up	0.576265256696589	0.106641645791969	1.09953491297723e-06	0.33979889801228	0.0029325198091026	0.508460439032464	0.0014834837274124	0.68057344140225	5.21403292292758e-08	487	205
PATJ	up	0.315457517079061	0.0583815412865002	1.09953491297723e-06	0.269165692221135	0.0002338914957575	0.307966197231953	2.02766437279626e-06	0.295271981039105	0.0004168392223175	488	206
YWHAB	down	-0.463364711112712	0.0857548483436836	1.09953491297723e-06	-0.328725061446021	0.0006114307020949	-0.448723356342008	5.05345291218484e-05	-0.458739690043618	4.13755824912876e-06	489	7939
PML	up	0.499808982238499	0.092528784322169	1.10777490355574e-06	0.312129653294763	0.0037529971696673	0.490074342922713	1.92364089452722e-06	0.531485322312684	2.92593327614062e-05	490	207
KLHL18	up	0.434832076291128	0.0806266106564748	1.1591426163484e-06	0.353450876110864	1.16522898767361e-05	0.449245299050749	5.47625401143723e-05	0.56037978605694	1.388060587444e-05	491	208
MDH1	down	-0.593727014025998	0.110164866623772	1.1809717556301e-06	-0.476442162911258	2.19571779385141e-05	-0.444980043687754	0.000853239200361	-0.60277882967327	1.00227518037288e-05	492	7938
TMEM30B	down	-1.09697300634616	0.203840686810014	1.23163161616125e-06	-0.728048881912982	0.0004588506512532	-1.05339140039561	9.69168313547097e-06	-1.22121243985874	1.47851800739174e-05	493	7937
NFAT5	up	0.439670099436076	0.0817130184611525	1.2350237064348e-06	0.340743975370544	7.04791420841401e-05	0.381870821246327	0.0004019997143675	0.515895310171125	1.52301268326177e-06	494	209
STARD3	up	0.53283506244551	0.099090109037109	1.25439855162803e-06	0.344631378826183	0.0009036142626717	0.421033607930467	0.0040607804136846	0.674267784468671	4.60692143170822e-08	495	210
FUCA1	down	-0.637125462994898	0.118487987511767	1.25439855162803e-06	-0.380649005323088	0.0043751284350149	-0.659535277900782	7.17958563378751e-07	-0.443574906516482	0.0032565378282917	496	7936
HDAC4	up	0.442328598700633	0.0823512004872863	1.29343006109864e-06	0.339371109618538	0.0002714123951772	0.368225862833597	0.0003107273674821	0.472399907977438	1.89271315861369e-06	497	211
ADIPOR1	down	-0.554376194664541	0.103249579287289	1.30496585864896e-06	-0.405450883714456	0.0001633584824655	-0.454415135816724	0.0009369152720634	-0.542117105416441	2.67630138339747e-06	498	7935
PCSK6	up	0.437733464960692	0.0815681701581469	1.32278633369975e-06	0.374760128620321	2.44233126645042e-06	0.41988973581589	0.0002203093552927	0.403278190539233	0.0011102033908993	499	212
CA7	down	-2.30170980041837	0.429161231372985	1.34374437700881e-06	-1.32863340281935	0.0010353013125066	-1.91173561078662	0.0001528106050803	-2.08939573339653	0.0003435883979505	500	7934
PUS7	up	0.497612777368178	0.0927927434541086	1.34589294094344e-06	0.273757530802764	0.019556765220955	0.79542720047023	4.34553456950797e-07	0.412176358184111	6.10367297548851e-05	501	213
PTPRG	up	0.303405207265777	0.056583944607339	1.34759970578639e-06	0.148082963615393	0.0149454179325206	0.375189779870344	5.23785998668098e-06	0.42617905737742	3.29620243107253e-08	502	214
LRP5L	up	0.632101963094172	0.118241174261356	1.47068797493515e-06	0.391108814252067	0.0027743377627553	0.533328620768426	0.0002217752595928	0.772588795777282	2.86391151170911e-07	503	215
ACTB	down	-0.467988963781049	0.0876087822877091	1.49811055743922e-06	-0.452718333696835	1.12088407011601e-05	-0.582056766499397	3.56023205572154e-06	-0.279847703226148	0.0059567936401671	505	7932
TTC22	down	-0.5277080150251	0.0990427952335093	1.61261533148043e-06	-0.348800390528436	0.0009337009680279	-0.553352273895481	2.9808755328542e-06	-0.540079807591454	5.18677632349585e-05	506	7931
RTRAF	down	-0.556765693814004	0.104514636125513	1.61765415319124e-06	-0.460706715830354	8.84056519723231e-06	-0.422687391722603	0.0013015861483591	-0.553223623015159	3.60657988364155e-05	507	7930
CHCHD2	down	-0.44334629966679	0.0832448076463316	1.62643662668467e-06	-0.395789966688716	1.03498595548368e-05	-0.391307862949124	0.0001635412967265	-0.376204407497006	0.0002091014315166	508	7929
ACADM	down	-0.477209180121831	0.0896453861941349	1.64584956013561e-06	-0.294000129778721	0.0034226286342464	-0.439524941030416	6.71251409348761e-05	-0.598868607698182	3.5162905764885e-07	509	7928
CDC42	down	-0.565196949088521	0.106238497700632	1.67198299105161e-06	-0.438113731769555	6.88260557970555e-05	-0.519580794912837	3.50364985846063e-05	-0.466809594547329	0.0002442954688202	510	7927
S100A11	up	0.543729646124501	0.102233034094065	1.6829387745033e-06	0.313743235986664	0.0073130842684154	0.500199115759439	3.7819882361764e-05	0.696627119321015	4.41640087547809e-07	511	216
ALS2CL	up	0.657434405966271	0.123637387272951	1.68975732618152e-06	0.426788946761454	0.0006926305813062	0.656784560058451	3.21743386105589e-05	0.665458935379742	7.74836097480955e-06	512	217
NDE1	up	0.50839472972128	0.0956715820761598	1.71903183671612e-06	0.300540325331989	0.0081590736407882	0.491419351397338	1.08679961218877e-05	0.479973436079364	1.74823450124104e-05	513	218
ERN1	up	0.383819519969749	0.0722379037770758	1.72217227603274e-06	0.329554444446555	6.99521307256944e-06	0.381790676072349	3.36545114571915e-05	0.35351570529179	0.0038043091531467	514	219
SDHC	down	-0.367154905831376	0.0691067182661559	1.72262544672701e-06	-0.317085028384789	8.0725896345335e-06	-0.317400468447707	0.0011949567608126	-0.396615117336406	1.45341069583971e-05	515	7926
CREB3L2	up	0.446979483956678	0.0841463689537723	1.72818238251266e-06	0.356252695747371	0.0001402102771938	0.297137554065501	0.0038758854045014	0.586901986656972	1.97858547949225e-07	516	220
NDUFC1	down	-0.442654231686858	0.0833484384684953	1.73471511132551e-06	-0.3411617790352	6.90755061041326e-05	-0.47522080760747	9.45480704450663e-06	-0.423035969019084	0.0002297927598436	517	7925
WTAP	down	-0.511327215075336	0.0962963057109311	1.74043601720391e-06	-0.42385241517719	8.54957856240013e-05	-0.254891347798136	0.0293082919826081	-0.620775491623565	2.15504511680287e-07	518	7924
CYP2J2	down	-0.582027695970141	0.109639457233833	1.75023961158024e-06	-0.37141636627861	0.0020891082513407	-0.493164474491297	0.0002258785799645	-0.585443021618401	2.24834401452156e-06	519	7923
PDE3A	down	-0.456045458296179	0.0860359204229619	1.82438709429549e-06	-0.212429391853158	0.0186871467470116	-0.43709717801183	0.007589511553057	-0.949572465724121	4.31654711974261e-13	520	7922
SLC12A2	up	0.623121093830342	0.117578672569996	1.83119040882353e-06	0.540467545441478	5.69964737888584e-05	0.476773360947777	0.0001889464960329	0.536908940379121	9.23959750171925e-05	521	221
MAT2B	down	-0.892837689231757	0.168647084776596	1.87626631218143e-06	-0.577104437635313	0.0013153883970772	-0.698539625002273	0.0006507709425034	-1.03398716547604	1.25394579686411e-06	524	7919
CDK2AP2	down	-0.552920291819919	0.104451458940662	1.87840350925056e-06	-0.452633433667608	1.21041904325159e-05	-0.473749027525027	0.0001806364117482	-0.458807702739444	0.000605363422655	525	7918
H1-0	down	-0.537597167053025	0.101729430160442	1.96920242250199e-06	-0.385792285222073	0.0002892443958368	-0.551162409075293	5.91214048095701e-06	-0.458228390924592	0.0004122330883515	526	7917
PFN2	down	-0.589431015643913	0.111547725598112	1.97044818551689e-06	-0.471324046564803	1.3896635797872e-05	-0.42247446690329	0.0041590614736898	-0.612128774594615	1.32031925191844e-05	527	7916
LAMB1	up	0.450472652666622	0.085448760905162	2.102876732118e-06	0.34619269280724	0.0002876977151042	0.379630169126908	0.0006418702112362	0.445149678690325	3.5604760761017e-06	528	222
TMEM126B	down	-0.572871910252067	0.108797534455238	2.17287502477332e-06	-0.472272425697662	3.85648770311331e-05	-0.451502515171142	0.0001891442277528	-0.516729684551278	0.000112174393051	529	7915
HSD17B2	down	-0.864315204241918	0.164479009412567	2.29772358481205e-06	-0.53889462748418	0.0014095622321906	-0.744767460670865	0.0005268230228531	-0.942034049478482	1.42949983861218e-06	530	7914
DYNLT1	down	-0.457671280986845	0.087363633052063	2.50372823150318e-06	-0.345484275162124	0.0013314779432921	-0.442414783229369	4.91021339299458e-06	-0.373105678643992	0.000451889139164	531	7913
GABRB1	up	0.718680176245511	0.137233615206811	2.52327094289066e-06	0.481407986400172	0.0007514671346978	0.824702716271617	0.0001639253972925	1.05437871477649	4.82553574769495e-08	532	223
C5orf15	down	-0.602195149947594	0.115055268472473	2.55903919758162e-06	-0.364967973326976	0.002520976791024	-0.475605693662729	0.0035280999648365	-0.685648660889475	2.69939210761905e-07	533	7912
TSPYL1	down	-0.648706991908128	0.123965876153096	2.56562846606825e-06	-0.482172162130556	0.0001281055616854	-0.467737476041336	0.0015689386742259	-0.639456975019575	8.19323655631976e-06	534	7911
ALDH9A1	down	-0.715726334635681	0.136846028664077	2.59283510686013e-06	-0.426561420753511	0.0042429334992525	-0.547132455351951	0.0011144361932798	-0.808500020521677	6.59157792348708e-07	537	7909
HIGD1A	down	-1.06184137181998	0.203119192444207	2.62298445420479e-06	-0.611610229447069	0.002390159865701	-0.934731799155499	2.27287876114479e-05	-0.835982273474043	0.0007938754977288	538	7908
USP40	up	0.289953929885663	0.0554699241985969	2.62326389995099e-06	0.269152390358649	1.87861770415853e-06	0.273037578777236	0.0006390248212734	0.277770777681331	0.0022913407398186	539	225
MAPKBP1	up	0.599783980930219	0.114747923941613	2.62326389995099e-06	0.475176917220304	2.53725738987695e-05	0.468059630174364	0.0006056124125718	0.556559261372958	8.11145369429384e-05	540	226
API5	down	-0.477338838204566	0.0913297715599491	2.62449117914136e-06	-0.226918542511779	0.0236921193521007	-0.438097916945445	0.0002399389009818	-0.672461828953271	2.19818933056004e-08	541	7907
ALDH3B1	up	0.553274105848304	0.105952586527402	2.68614265730363e-06	0.486014501569926	3.32763277137846e-06	0.427538161818295	0.0046754011222086	0.401291997660446	0.0039602035303007	542	227
C6orf132	up	0.373601884797106	0.0716387978444839	2.77405651305879e-06	0.26486620695285	0.0004787118215628	0.253926628829221	0.0146732885732115	0.634618933492057	3.1687186887397e-09	544	228
SBDS	down	-0.588390980783337	0.11282850568198	2.77405651305879e-06	-0.429665225260919	0.0007507571167748	-0.504104086283735	1.51736296696292e-05	-0.486555349924779	0.0004362328527711	545	7905
FBXO16	up	0.59796180826658	0.114716233822972	2.80481320775203e-06	0.447466661117455	0.0004559677539933	0.493288367945072	2.46944103588638e-05	0.579491589407679	0.0001504495458968	546	229
RALGDS	up	0.516795700204299	0.0991529589972013	2.80609836478479e-06	0.33428770323712	0.0013708500538053	0.533983288605456	4.81606683122188e-05	0.536868902746258	5.30513714340371e-06	547	230
FGGY	up	0.456479288342798	0.0876331409596027	2.84856845390431e-06	0.219849554103006	0.0253324372225281	0.768418164231679	9.30735905012339e-10	0.280843135291494	0.0214253490986924	548	231
ACSS2	down	-0.32103746901606	0.0616546676305617	2.87347189880426e-06	-0.14611477739423	0.0151926657026836	-0.650000602899295	7.11671526154589e-08	-0.533990557041028	2.5143965798335402e-09	549	7904
NPAS2	up	0.489385184853529	0.0940269282314619	2.90387091410845e-06	0.206327504584294	0.03402589713021	0.618582339549754	6.529908355482e-07	0.696775227619683	4.40572265036832e-07	550	232
ACTG1	down	-0.514894675544123	0.0989804883778709	2.94187651983698e-06	-0.407703051239712	9.31563201594932e-05	-0.384801973214268	0.0021810523409563	-0.508413149552327	6.99916223678709e-06	551	7903
SOWAHC	down	-0.56074601726972	0.107814413008735	2.95162047914675e-06	-0.37436056938894	0.0004461598106119	-0.753680883768586	6.06039024741989e-07	-0.567343408166521	0.000522472482146	552	7902
NORAD	down	-0.716149279661524	0.137789959548146	3.00441442694014e-06	-0.46998917756166	0.0007643993557432	-0.594175296621241	0.0001617867106964	-0.722354968712865	1.15201303221291e-05	553	7901
FOXD2	down	-0.525811967622815	0.101230068689848	3.05055579866746e-06	-0.373937279572424	0.0002301019689567	-0.668137938187077	4.91974167060594e-06	-0.690018923928996	5.51646891400193e-06	554	7900
LRG1	up	0.55667116901214	0.107204851385835	3.07191563575666e-06	0.367426916160951	0.0008325108216084	0.606915028544949	6.25371472312197e-06	0.599273626604612	3.38711030188537e-05	555	233
TYW1	up	0.346407452928821	0.066737157644635	3.09900869732914e-06	0.263359740232406	0.0006443859192192	0.325829336390969	4.49755184088177e-05	0.400750114335034	9.72531016346449e-06	556	234
ACE	up	0.635902069533163	0.12253482920645	3.11020296492223e-06	0.462394886219106	0.0001907940888777	0.539252035969784	4.74895212093843e-05	0.549724164693849	0.0002898725400855	557	235
EPB41L3	down	-0.624784789344974	0.120399049228044	3.11020296492223e-06	-0.382932289335207	0.002755660347114	-0.715006059748847	1.56880657331548e-06	-0.748280073605266	1.72769539052986e-05	558	7899
RPS24	down	-0.525150549755401	0.101216116981319	3.11926015613996e-06	-0.42396608068872	4.46627078927175e-05	-0.301974485568726	0.0221396439280744	-0.613293634744385	1.55758405240292e-06	559	7898
TMEM170A	down	-0.467937937710374	0.0902185501226834	3.14211768270212e-06	-0.357320768866687	0.000119811842833	-0.478380623424169	2.14915195428933e-05	-0.617255173859246	1.71055377266027e-05	560	7897
RAB1A	down	-0.298767101185364	0.0576848480991409	3.26379157506746e-06	-0.270357078665517	1.9299658669647e-05	-0.263537172933446	0.0005567403676262	-0.312504582982018	3.00211880784884e-05	561	7896
NUDCD3	up	0.308562350692425	0.0595809687836776	3.26541570938761e-06	0.179953960152308	0.0164421897042565	0.258577406242974	0.0024387363303594	0.350839855000981	3.07832747537634e-07	562	236
DLG5	up	0.473516918656145	0.0914563228915459	3.28336428976545e-06	0.415602986746408	7.49219455581152e-06	0.35307454452492	0.002473368164028	0.467838843129316	8.49892618740956e-05	563	237
SGMS1	up	0.491519029335674	0.095153708395406	3.48941329357948e-06	0.432003984234746	1.15150103381181e-05	0.39789332947313	0.0003303478284616	0.42187714939192	0.000947731779978	564	238
SH3GLB1	down	-0.412713687620099	0.0798983259956492	3.48941329357948e-06	-0.222448634494451	0.0172767394848112	-0.428090487319189	2.04009492921209e-06	-0.469756194259653	3.45983527477722e-05	565	7895
B3GALNT2	up	0.5131724391825	0.0993628284355838	3.49918979888344e-06	0.331519241386615	0.0017724649609505	0.541090355934607	2.21583676605477e-06	0.484446741152464	0.0004931592288017	566	239
TMEM184B	up	0.399871591184153	0.0775484639460464	3.64344937671332e-06	0.327144981577305	0.0001888154647763	0.24565342727627	0.0087261888762297	0.677703196923911	1.65612171843536e-08	568	240
ADH5	down	-0.543222065257368	0.105486559226085	3.7699673177577e-06	-0.365467907601446	0.0008405928884354	-0.515042055629749	8.35681526883958e-05	-0.582545831030456	7.66865239842929e-06	569	7893
MAP3K20	up	0.667777925275057	0.12992229145189	3.96617848612884e-06	0.38827764081956	0.0036537324594225	0.766214147006533	9.52069498024255e-06	0.626416311675208	4.59755880558485e-05	570	241
TP53INP2	down	-0.965825362897808	0.188023526381893	4.02506338791066e-06	-0.58184385245483	0.0018499618089099	-0.923145401002914	1.62106501837567e-05	-0.918605160951697	0.000183713833757	571	7892
SC5D	down	-0.931405959017831	0.181403207679867	4.066925197139e-06	-0.528715537768077	0.0060390807017903	-0.768554275336591	0.0021709559733105	-0.998416518693431	1.3805438880965e-06	572	7891
GNAS	down	-0.31396070839414	0.0611531571447358	4.06944149982811e-06	-0.278838245938669	5.87399281660739e-05	-0.250924799035385	0.0026646911486507	-0.336542730635525	5.59452574633301e-06	573	7890
H2AZ2	down	-0.374202069843072	0.0729212882598558	4.11489041521879e-06	-0.340902033676573	2.22657624898703e-05	-0.299190070950204	0.0014644066691191	-0.367847729508808	3.0380248963513e-05	574	7889
CBX5	down	-0.390430044601999	0.0761174809671283	4.15619934314771e-06	-0.341929508990437	3.52919757000691e-05	-0.251047974304022	0.0134105201973813	-0.439140815265327	3.19107162127796e-06	575	7888
CAPG	up	0.504592407674456	0.0983792359026536	4.15619934314771e-06	0.296946151544025	0.0050264020203942	0.384625923287902	0.0038593797117037	0.753312981066961	1.44526173249976e-08	576	242
SUMO3	down	-0.55430289717876	0.108122258166696	4.20272872200406e-06	-0.408369235806877	0.0003657199216028	-0.469695197242349	7.71365911287347e-05	-0.580266743459068	3.82635247264673e-05	577	7887
SAMD5	up	0.809383660052672	0.157947031950905	4.2454470252299e-06	0.652478961920994	0.0014428136416323	1.18461466976472	2.54023392827377e-06	0.512691350372467	0.0022289298117457	578	243
PCNA	down	-0.635463036103386	0.124050774558542	4.27319793027356e-06	-0.450418730708397	0.0003845127872852	-0.436176593473226	0.0040183545387797	-0.653189716409849	4.37148492349326e-06	579	7886
MMADHC	down	-0.813294143981248	0.158768357049633	4.27319793027356e-06	-0.567622149207724	0.0002495467211863	-0.565474168364926	0.0019032082546404	-0.795543108717383	1.80215917103821e-05	580	7885
SEPHS2	down	-0.566582698453624	0.110664320334014	4.32710989838294e-06	-0.399218698647183	0.000514247942348	-0.464460002516023	0.0004029407035418	-0.582946292833489	8.85998028044011e-06	581	7884
LSM3	down	-0.507110942518284	0.0990718291937491	4.34754012179384e-06	-0.344804558014198	0.0010304075876114	-0.394590874812904	0.0019378514574209	-0.574043324056656	1.25141497497872e-06	582	7883
RAD51B	up	0.326343296714958	0.0637649667961195	4.35644760802126e-06	0.283869621639863	0.000477936600748	0.301341693648328	1.10541220706187e-05	0.313489436791394	0.0003724097427428	583	244
BOLA3	down	-0.427669556763632	0.0835851924795043	4.37994179183963e-06	-0.397714947432512	3.97319303265808e-05	-0.328154368139898	0.0006808409748806	-0.429455292106614	3.7605295746368e-05	584	7882
SOX4	up	0.505053690066959	0.0988338819108274	4.52425235340401e-06	0.313641540677793	0.0021927053157314	0.828762768659453	5.59277359733991e-08	0.407689255732159	0.0033888278176221	585	245
THEM4	up	0.49298117599317	0.0965825511260493	4.65923968703195e-06	0.33989180575361	0.0007098621779786	0.596341250323548	2.5953917872997e-06	0.394309670320635	0.0013170440189405	586	246
ARHGAP8	up	0.477262979182705	0.0935191618123398	4.67288871755584e-06	0.39019886238088	0.0002038670474571	0.381952517608218	0.0004850855129643	0.449684473047881	2.39686246098037e-05	587	247
NLRC5	up	0.534195839115065	0.104798767835165	4.80759509095043e-06	0.346322257981417	0.0025330001766891	0.438513063054482	0.000401518339558	0.592552191755449	2.69939460746218e-06	589	249
HNRNPAB	down	-0.397889496635125	0.0781302076584058	4.91251207970526e-06	-0.300616512193442	0.0003681269673415	-0.356607681354478	0.0002883695930208	-0.456767188777933	5.88407111179468e-06	590	7881
TBCD	up	0.493154457757077	0.0968371512966558	4.91251207970526e-06	0.370184698979542	0.0002356373016219	0.372895359271941	0.0020636604696426	0.592641210163021	2.02878066784115e-06	591	250
CCDC57	up	0.543594078704837	0.106781359075575	4.95350044127579e-06	0.363626025172891	0.0017960465912016	0.468693277137741	0.0001023542640249	0.566090762120665	1.3757045757149e-05	592	251
RETNLB	up	1.31618983872173	0.25864110782854	4.99376207602376e-06	0.768652570086844	0.0018970803613542	1.02261441967404	9.72777447826333e-05	1.12068070782344	0.0014408787461105	593	252
EPB41L4B	down	-0.321996645637227	0.0633284691549047	5.10009850171747e-06	-0.173202306274812	0.0169018770867946	-0.420911469234626	1.20397716352194e-07	-0.219430875257705	0.0125740250315269	594	7880
ATP6AP2	down	-0.738251698832838	0.145214468800117	5.10970644978694e-06	-0.486565775731236	0.0007096341199597	-0.584866775042347	0.0002658905347786	-0.7017965840715	3.32185830932419e-05	595	7879
NDUFB3	down	-0.51759403968716	0.101933091640316	5.26731678770842e-06	-0.385697961130134	0.0003957124507887	-0.459250491084247	5.3595332171974e-05	-0.465841575334551	0.000154803727862	596	7878
PDCD11	up	0.500658100347144	0.0986564068870997	5.34261419584609e-06	0.268672103080742	0.0137051796941092	0.523579394636651	1.67068980231532e-05	0.50234186729448	1.63542478184588e-05	597	253
TPK1	up	0.39403229938242	0.0776722199438652	5.38300376547201e-06	0.350887089680649	3.57707381493888e-06	0.334398646472163	0.0032508677801432	0.411032817050835	0.0015786542180869	598	254
ETFDH	down	-0.516133145884462	0.101955515044397	5.68400156104113e-06	-0.318237238957521	0.0046671849599684	-0.473941580037318	6.14619651816417e-05	-0.591711856600383	5.78882816359982e-06	599	7877
SSR3	down	-0.364809020510058	0.0721514558360103	5.86145398317712e-06	-0.333537013058243	9.2638719649818e-06	-0.329494608460511	0.0002077015225772	-0.289818149893345	0.0085787502687282	600	7876
HDDC2	down	-0.556548103539896	0.110132175104893	5.93507308264785e-06	-0.391110035420615	0.0003494785097057	-0.546928975750465	0.0001040311012247	-0.618325162628942	1.49897860651782e-05	601	7875
FUT8	up	0.531778126074679	0.105259509955572	5.96846902743545e-06	0.329824029562021	0.0078917146023573	0.334158823978895	0.0117789438770704	0.850761415384233	9.714007320257982e-09	602	255
CNNM4	down	-0.355208192146066	0.0703283966991535	6.00113408875533e-06	-0.281282679469456	0.001361871955442	-0.49419630662771	2.38185381640221e-07	-0.195903172807126	0.0152978964405296	603	7874
FAM193B	up	0.388314531246103	0.0768895787537756	6.00437918383212e-06	0.346594327366825	6.72883569562216e-05	0.367354048599055	1.9011938861376e-05	0.272089180770835	0.0173359218871733	604	256
MKRN1	down	-0.390380150983928	0.0773237265606685	6.04619232558556e-06	-0.261649116963543	0.0021933655648073	-0.404474663841403	1.53276106121814e-05	-0.439577897488382	2.69110453503529e-05	605	7873
SH3D19	up	0.299924015063854	0.0594175767562987	6.05567601053974e-06	0.279978608788858	3.57538188758734e-06	0.241423028378664	0.0057388338887384	0.335102107553181	0.0002295474047851	606	257
TCF20	up	0.289306623640629	0.0573143599878811	6.05567601053974e-06	0.227642748630222	0.0008053207943263	0.222862684872172	0.0029466907793059	0.36038331326894	1.08606084764782e-06	607	258
BPNT2	down	-0.737918266232114	0.146319643823384	6.1701438519393e-06	-0.541489903599421	0.0001663673454854	-0.717511394672724	5.30994022099884e-05	-0.471888552830595	0.0117738963869608	610	7870
MAPK1IP1L	down	-0.415287954246445	0.0823954251220611	6.24754186034429e-06	-0.305418959021925	0.0008880283783364	-0.419425267192818	1.10848909894434e-05	-0.37742509826692	0.0004003833025899	612	7868
LTBP1	up	0.57182349123114	0.113509150575695	6.31921166910222e-06	0.442078273441825	0.0001339864271803	0.295065596849326	0.0445673696579623	0.732521244151687	9.41438193205651e-07	613	259
ACTN1	up	0.303796113914365	0.0603164574829634	6.33288624236558e-06	0.148409988860521	0.0239810565060517	0.449765362273574	8.95543169833868e-08	0.274634752125236	0.0004437678551029	614	260
DDAH1	down	-0.492571139738657	0.0977973992069397	6.33288624236558e-06	-0.228020568052125	0.0412058159458688	-0.266544645731153	0.0408322671674773	-0.693205207356194	6.79666123382106e-09	615	7867
CYC1	down	-0.362823366827339	0.0720945553126476	6.45750579713646e-06	-0.334520729583768	9.45965108334335e-06	-0.340456296398687	0.0003782521867264	-0.294208267688557	0.0019248769951396	616	7866
PLEKHA2	up	0.480223845175614	0.0954926660928642	6.57254475217423e-06	0.252670413695688	0.0084068026031562	0.747416213204253	3.14428733495622e-07	0.532761744502848	3.476291539034e-05	617	261
MYORG	down	-0.545439545613204	0.10854295125	6.69335132775326e-06	-0.424645501757665	9.45682393561631e-05	-0.45189403117995	0.0007198478918301	-0.472899716054504	9.42408820328033e-05	618	7865
ACTR10	down	-0.817903741849333	0.162840185984875	6.75577038438326e-06	-0.556905443818898	0.0001798085643658	-0.635041581292593	0.0005534404251875	-0.675275917154178	0.0002921860294742	619	7864
SEMA6A	down	-0.42406980986384	0.0844306238952181	6.75577038438326e-06	-0.206936696447717	0.0118113751423568	-0.653938685826056	5.03145349595169e-06	-0.79531406519528	1.5148410303922302e-09	620	7863
ISCA2	down	-0.524548835096983	0.104570217920124	6.97576940906869e-06	-0.409350536878893	8.37192558947875e-05	-0.419186740103562	0.0011276963203468	-0.509083794095992	4.37485454674036e-05	621	7862
MRPL35	down	-0.489968895755389	0.0979420832443194	7.46233866351988e-06	-0.376319965329279	7.97583117903011e-05	-0.449549617440265	0.0008570833132716	-0.613356968162674	7.69079690676744e-06	623	7860
NOL7	down	-0.420068335576668	0.0840573118573112	7.65544906371436e-06	-0.372106019987942	6.14749565159833e-05	-0.347074935853146	0.0011950620803004	-0.373915423559569	6.72424144052552e-05	624	7859
CHD4	up	0.280297529654767	0.0560930014199153	7.65865144084172e-06	0.145751969915831	0.0266928524545179	0.375194099406722	3.3646478777644e-07	0.234179674401975	0.0011874133000335	625	262
SRP19	down	-0.689930433702516	0.138101893245909	7.69440575296118e-06	-0.550465010144786	0.0001129370647773	-0.557749220308621	0.0001454009539453	-0.45010069605389	0.0120788374779447	626	7858
PPP6R1	up	0.544462721802154	0.109024788769223	7.74466359217565e-06	0.389932534845564	0.000276297191243	0.531977008885869	0.0011358499910611	0.720594155887049	1.08586334291764e-06	628	263
OLFM4	up	2.63615794164862	0.528458226086428	7.95741095140599e-06	1.34611687402887	0.0074254256439559	2.22413732742572	0.0011578014238141	1.74805021457027	0.0065982706549309	629	264
FBXO3	down	-0.545196765827252	0.109322600821452	7.99600319769181e-06	-0.32384830499591	0.0067212783206553	-0.506301207912638	9.0965077822136e-05	-0.714926999283915	1.86216255260163e-06	630	7856
LIN7C	down	-0.660863404709438	0.132521326280796	7.99600319769181e-06	-0.519964696080923	4.57909238824605e-05	-0.4606398303668	0.0029144397628092	-0.62451141717981	0.0001369485780609	631	7855
SEMA4D	up	0.463018670554271	0.0928852266487281	8.0663059116262e-06	0.283727957319743	0.0151776029441037	0.437777183179745	9.87669436790545e-06	0.39675900837489	0.0004636461164274	632	265
PHYH	down	-0.59275786773933	0.118997286603235	8.2038092558121e-06	-0.444946958347198	0.0002627636494915	-0.493418202823718	6.44260869877566e-05	-0.49666562209841	0.0014303602554588	633	7854
ATP5F1E	down	-0.372435175685704	0.0747828613325117	8.22904305903878e-06	-0.303316401496227	0.0001819440567391	-0.341877691688607	0.000128165260346	-0.389222307254238	8.01373206555933e-05	634	7853
COA3	down	-0.469146611295832	0.0942048714553023	8.22904305903878e-06	-0.362725671389011	0.0001253630247072	-0.455897318190691	4.24271598895576e-05	-0.454763301529661	0.0007896387646428	635	7852
ENSG00000226963	up	0.774405240268143	0.155520552897165	8.24278874584073e-06	0.487918272072809	0.0014190991092724	0.814865060395603	1.82381975575714e-05	0.582050101646016	0.0021038047609042	636	266
GTF2A2	down	-0.500888256208254	0.100624944725335	8.30096687808426e-06	-0.414927584027859	0.0001250078533506	-0.420124365054525	0.000331606866868	-0.419494490901775	0.0002059636373341	637	7851
HSH2D	up	0.401143689334057	0.0805928953801339	8.30366485700874e-06	0.369011612026554	6.81595812662726e-05	0.329643693184926	0.0002022239488298	0.392262545740593	0.000253045376079	638	267
DDX11	up	0.467017667969046	0.0938347925423501	8.30726901880764e-06	0.253271558734665	0.0147127841039033	0.385324773203092	0.0043086073241666	0.500516613247483	9.41945129919303e-07	639	268
ERH	down	-0.656690701449715	0.131991173255433	8.36992398471703e-06	-0.473754514196463	0.0001287919037045	-0.533359491007489	0.0006220334681673	-0.608032109482899	0.0001217719254332	640	7850
NOXA1	up	0.625399670531257	0.125792356506396	8.51268601715416e-06	0.452473566761814	0.0005124217814661	0.388631302678206	0.0123056640613836	0.785009924574791	1.38779415064671e-06	641	269
BUB3	down	-0.633362358092545	0.12741753528112	8.53984698519673e-06	-0.505520912736089	9.31847085647863e-05	-0.419104120124357	0.0055735927208833	-0.566865348322135	5.56585990446612e-05	642	7849
TM9SF2	down	-0.497914219514462	0.100436443347284	9.12927659347909e-06	-0.272488079273518	0.0180896958238204	-0.465787287585026	7.26148041448882e-05	-0.487681737541271	2.06482445799239e-05	643	7848
WASL	down	-0.599634340785065	0.121074036500538	9.34677475422645e-06	-0.347709099777694	0.0069021145165787	-0.600189329765778	1.76932693999321e-05	-0.650844922724049	3.27503659433015e-05	644	7847
ERICH1	up	0.330519437076184	0.0667606183530865	9.41954829326783e-06	0.291712070250519	2.81181061487182e-05	0.299577206985803	0.0003804534649232	0.338909348068609	0.0002773700042966	645	270
CYB561D1	up	0.459868940534524	0.0929325700832076	9.52162096097226e-06	0.296389002929062	0.0017757985170071	0.500207941958079	0.0001583155296814	0.544864171344448	2.80325936672213e-06	646	271
CCDC115	down	-0.53093509420117	0.107346560481364	9.62601082944546e-06	-0.407116644383142	9.84952535126871e-05	-0.392775400976457	0.0055756409843237	-0.541901780701042	2.09928955011707e-05	647	7846
AFDN	down	-0.28731749259821	0.0580992413630807	9.64588410830547e-06	-0.173741121354855	0.0182098233290919	-0.200560412788712	0.0036055664673923	-0.412729088557836	1.43984098643912e-07	648	7845
CA1	down	-1.81645305638275	0.36749118007602	9.75239829515562e-06	-1.11782385247818	0.0017869490360812	-1.4966942879667	0.0018519032793541	-1.23496096405967	0.0016983149326822	649	7844
NDUFB9	down	-0.46396579507082	0.0939576247464534	9.96556117593902e-06	-0.385400773212957	6.17385155289307e-05	-0.400105469549575	0.0002053416389374	-0.401573877464389	0.0009401182243591	651	7843
GSR	down	-0.315829821523321	0.0639840607146725	1.00508515971355e-05	-0.232328410096433	0.0005334461892523	-0.351635950531181	8.97840093446733e-05	-0.388899403388169	1.25335980759589e-05	652	7842
SEC61B	down	-0.493864668229243	0.100064217013574	1.00530848123399e-05	-0.40874348261904	2.6426038705063e-05	-0.403135315497596	0.0014655868997915	-0.433320087073204	0.0005438145053493	653	7841
TJP1	down	-0.366510104331203	0.0742610390465284	1.00530848123399e-05	-0.231197206516448	0.0053718231106575	-0.406428912470613	1.74667984931265e-06	-0.48726596607568	0.0001608134867606	654	7840
NOC2L	up	0.551673580277937	0.111921289683762	1.03446154415001e-05	0.344341715699099	0.0032868012832904	0.560250970234529	6.57157569631809e-06	0.468728871306349	0.0021724725454421	656	273
OSTC	down	-0.590289905378475	0.119759688751282	1.03446154415001e-05	-0.439619539700526	0.0002465680627343	-0.406733952087994	0.0050782144144696	-0.686251865685354	6.25603890225257e-06	657	7838
COX4I1	down	-0.479207557008395	0.0973950454599794	1.07451095581853e-05	-0.382076129343347	9.23560335741591e-05	-0.41890358243831	0.0002257243360277	-0.441617423884995	0.0004004829436997	660	7836
IRF6	down	-0.633545315875247	0.128763469017901	1.07451095581853e-05	-0.415896611293272	0.0011144486926589	-0.57858207835257	9.70021780272168e-05	-0.558349710915997	0.0001567186003916	661	7835
TMED2	down	-0.658433917966352	0.133826881746227	1.07451095581853e-05	-0.420229186393036	0.0022341937841952	-0.577840040057206	5.40959925734441e-05	-0.649674172975414	0.0001259501280037	662	7834
PTK2	up	0.275603119525493	0.0560218245545961	1.07549867014831e-05	0.266990527097287	3.30065108101324e-05	0.22520950694564	0.0010171983003753	0.307339085675134	6.76753171524823e-05	663	275
CCNY	up	0.27624425877271	0.0561824659020656	1.0885384696659e-05	0.232872581500354	0.0001600024979015	0.288233565713541	0.0001226471900818	0.279249808387789	0.0001153755320853	664	276
SPTSSA	down	-0.756324644463826	0.153875605797675	1.0966170664331e-05	-0.549747535769274	0.0005260153404154	-0.442034201314654	0.0108623400730503	-0.757404302354501	1.62830708967387e-05	665	7833
SLC35B3	down	-0.60847241211818	0.123834363057936	1.10378049318505e-05	-0.304186424218325	0.0267744659531263	-0.461221668473528	0.0030356142731331	-0.791618949954035	3.35696239250893e-07	666	7832
RAP1A	down	-0.350838720217114	0.0714485482337933	1.12043815736454e-05	-0.15096150822395	0.0443392463037533	-0.489000360668425	1.10089803939672e-07	-0.298380445473634	0.0019076300530008	667	7831
STRAP	down	-0.559398074803001	0.114037182845348	1.14745479483785e-05	-0.401037870782803	0.0006747631338572	-0.44650337800945	0.0004765830347761	-0.58062290020561	2.89296158125785e-05	668	7830
TPP1	down	-0.464072262907353	0.0946408641981337	1.15511141011558e-05	-0.308720533591842	0.0034816167818615	-0.453994296902166	4.62886913235039e-05	-0.423191878538883	0.0001049639478352	670	7829
UBR7	down	-0.488588165286518	0.0997153026636119	1.17343714917463e-05	-0.408618776463921	2.8820676875152e-05	-0.47206221681212	0.000397304374831	-0.366197650251739	0.0039744116150765	672	7827
NSD1	up	0.305808703161957	0.0624223167647675	1.17649130580913e-05	0.261032642945975	0.0001783762173337	0.241520476223531	0.0047310583747458	0.340091044291455	8.3938693162316e-06	673	278
NT5DC3	up	0.587308286036461	0.119917219616159	1.18322905273777e-05	0.545006218654662	3.87407163795672e-05	0.364336746707662	0.0062924273534817	0.580925944841619	7.92484109241223e-05	674	279
GATD1-DT	up	0.571249730907643	0.116701401744968	1.19637877270941e-05	0.361644599565001	0.0038367430392597	0.50533923152493	8.88983650768545e-05	0.520667842279494	9.34950241916484e-05	675	280
TRAPPC12	up	0.33810353492688	0.0691342694871231	1.21935732409334e-05	0.269240870108566	0.0003880962942234	0.323723790870496	0.0001532109984712	0.357469908734594	5.90354402126831e-05	678	281
UBE2A	down	-0.629339278133959	0.128728977537302	1.22789861831775e-05	-0.521759570579322	0.0004294070904783	-0.634953102606144	4.95826303659186e-05	-0.414430011984752	0.0027564726135693	679	7824
PIGL	up	0.431071618867015	0.0882397602064008	1.24895875427663e-05	0.275293210713513	0.0076212671678439	0.41969187227004	9.3828318076745e-06	0.411662963608014	0.0005660917985053	680	282
FABP1	down	-0.878681237708183	0.179876760984417	1.24917813207215e-05	-0.589478554040155	0.0003006950354086	-0.810654665077469	0.000226416648404	-0.686006148211194	0.0023403561740967	681	7823
DNAI3	down	-0.636305717179885	0.13032880019478	1.2620353122624e-05	-0.445176350913071	0.0004555064318122	-0.563940233562118	0.0022472563051866	-0.803043768293484	2.92313815297707e-06	683	7821
PACS2	up	0.413510186375987	0.0847150117160835	1.26736615093033e-05	0.261084859980752	0.0061480154636183	0.35503483476913	0.0014247919578258	0.445915034374135	3.66840845171242e-06	684	283
SEC61G	down	-0.494682302454027	0.101378569762737	1.27606115063795e-05	-0.419890180521784	0.0001502836823065	-0.480296327364567	8.12931230363967e-05	-0.358526666066219	0.0021878555544945	685	7820
PABPC1	down	-0.639870626186179	0.131164500278786	1.2817959605272e-05	-0.436171296097249	0.0035264838708668	-0.315026779763327	0.0385421305964019	-0.82969893328808	5.01680872289079e-07	686	7819
ZNF3	up	0.396918711603194	0.0813733035153471	1.28403483677289e-05	0.319373701237179	0.0004483709810948	0.357044349220703	8.91965988487855e-05	0.380183914287897	0.0002219728756116	687	284
STRADB	down	-0.610597683816745	0.125279413371386	1.3075176116815e-05	-0.402452310357806	0.001733412551401	-0.698734200204047	4.73344917700791e-05	-0.921391133523353	1.23380688155095e-06	688	7818
VIL1	down	-0.277459853638601	0.0569338625703541	1.30804355453652e-05	-0.282229250770152	8.52607846213438e-05	-0.436189725128926	5.54719315370988e-07	-0.141136625353241	0.0232858288242551	689	7817
LITAF	down	-0.397074484443303	0.081482367169039	1.30804355453652e-05	-0.26951845524946	0.01202919377529	-0.568305261065222	1.12451815192927e-07	-0.174667801735536	0.0473359097606458	690	7816
RRP12	up	0.532763411409001	0.109330816617241	1.30804355453652e-05	0.323109676046638	0.0044685252659462	0.555494082355331	1.14613616134034e-05	0.502285368602715	0.0003327658741344	691	285
ANKRD13D	up	0.63635881328615	0.130615365168635	1.31240114791587e-05	0.456396887683964	0.0002497138522617	0.566754678409843	0.0003255620026805	0.703135777187052	5.22975160951525e-05	692	286
GALNT11	up	0.370784310770963	0.0761095683603452	1.3124218058552e-05	0.329098763969369	1.44799846338817e-05	0.269133882845819	0.0123648364640215	0.403954481609686	9.2938897659013e-05	693	287
TNFRSF10D	up	0.487795766976911	0.100173035920688	1.32511002172092e-05	0.326389545711059	0.0011138986700494	0.563870958376245	7.16002811176093e-06	0.458340952653057	0.001082069794461	694	288
MYL12B	down	-0.471309130310054	0.0968651128348084	1.34768612575158e-05	-0.380443721579071	0.0012560824615678	-0.622311559645372	3.09681356136515e-06	-0.290997053638059	0.0056189080458034	696	7814
KEAP1	up	0.402086252439334	0.0826569158093401	1.35327660677383e-05	0.312497647381557	0.0001554481689952	0.50511165585073	1.53316360937595e-05	0.321941002562318	0.0050118470842216	697	289
PTPRM	up	0.605502523067336	0.124481830765913	1.35363819612486e-05	0.419310378095127	0.0016695484059263	0.514043248331055	3.49411493322568e-05	0.464759067860397	0.0045901658656039	698	290
CHP1	down	-0.465067167856448	0.0959560272555941	1.47450928634511e-05	-0.377292216846329	0.0005262407769092	-0.425433098336674	6.41010435703526e-05	-0.367802764961973	0.0010625173734382	700	7813
CTNNBIP1	up	0.421145049039964	0.0869376660063659	1.49069830437908e-05	0.322522167312554	0.0003500719034897	0.400927391929958	0.0001621667713608	0.412998245449278	0.0001317322356234	701	292
RCC2	up	0.518383955143291	0.107044883933494	1.50016251986263e-05	0.357022014944111	0.0008876817047915	0.586350088786891	1.85770353097494e-05	0.427927883455245	0.0011722525727787	702	293
TRAF5	up	0.538332875740085	0.111194655922467	1.50594932186709e-05	0.290047143598053	0.0152033058765336	0.553840821208381	2.9765184444689e-05	0.493569791114399	0.0001023352161471	703	294
SLC20A1	down	-0.893259149021059	0.184518000334276	1.50594932186709e-05	-0.563220937825245	0.0032061279347065	-0.73801302537361	0.0003927638938892	-0.63718949509972	0.000433233212286	704	7812
COTL1	down	-0.493949241010543	0.102037628966443	1.50594932186709e-05	-0.307063010670516	0.00359668860274	-0.328763517272846	0.0210474099555886	-0.571079579273963	1.36564405672779e-06	705	7811
STMP1	down	-0.448387238604792	0.0927493786927223	1.55292486908067e-05	-0.394701665415154	5.50444344773471e-05	-0.319740225016293	0.0027717393849839	-0.542666706942012	3.2607389135908e-05	707	7810
CRTC1	up	0.53644690711777	0.111292824950429	1.66348658657023e-05	0.376620435852686	0.001044942226263	0.443333886957365	0.000460178077971	0.524425689665742	5.03731579826411e-05	708	296
TRAP1	up	0.62206037567771	0.129061798017868	1.66348658657023e-05	0.419130028687079	0.0011338794639438	0.541518878656266	7.2770171363132e-05	0.525469590514076	0.0009238137140431	709	297
BCAS3	up	0.341245407419481	0.0707999948910097	1.66348658657023e-05	0.324579303480865	2.39764293277472e-05	0.245077072224335	0.0039565964299498	0.430970519878432	4.36323222511222e-05	710	298
GATD3	down	-0.525125885564784	0.109051768915913	1.69876187002262e-05	-0.399305531650663	0.0001368808553089	-0.523545829317302	8.31434928441066e-05	-0.536393242819983	0.0014248443087632	711	7809
PGM2L1	up	0.53218026920652	0.110606945511838	1.72763173465607e-05	0.450547134475763	9.39261665998745e-05	0.51327008495082	0.0001249082718945	0.338259800771659	0.0122315924468559	713	299
HNRNPH2	down	-0.763776179719143	0.15880441248798	1.73937958227012e-05	-0.540383167250746	0.0003521123752936	-0.573760797766606	0.0004304270591263	-0.563069632681348	0.0024611783665523	715	7807
PRPS2	down	-0.616832134976702	0.128304506888457	1.75229033817225e-05	-0.27623908129493	0.0395716906878909	-0.46858686017732	0.0096211860892311	-0.699213628390947	6.63290573355013e-07	716	7806
DGUOK	down	-0.375958359159853	0.0782024189519943	1.75229033817225e-05	-0.320439185791498	5.74703787525888e-05	-0.217429594603813	0.0405853940303922	-0.458958859335895	8.4007334130165e-06	717	7805
TMSB10	down	-0.381912190731755	0.0794646454569801	1.76248230785859e-05	-0.390505275134445	6.29246215722024e-06	-0.188600621529933	0.0438553324029182	-0.454224571554085	4.5392909652997e-05	718	7804
MED30	down	-0.653453844943794	0.135988173033243	1.76742509837252e-05	-0.431645421454863	0.0011089406082531	-0.65824339957293	2.74595863360982e-05	-0.644482619756108	0.0007861435840605	719	7803
PRKRA	down	-0.60317747772837	0.125610934589646	1.79409186716926e-05	-0.409605530526794	0.0026485609011384	-0.301402118356606	0.0397738419312887	-0.64676093180442	3.92399762660922e-06	720	7802
NDUFB4	down	-0.430369735010064	0.0896526542206648	1.80541633705053e-05	-0.351955578715127	0.0001532300302131	-0.376429220543949	0.0001948709967435	-0.406917498426781	0.0006280220716119	721	7801
PAG1	down	-0.634528972025201	0.132227535538814	1.81528730372082e-05	-0.317375803096291	0.0162368868105839	-0.893646683256719	7.33585497458833e-07	-0.526617329438953	0.0041420727499204	723	7800
BSG	down	-0.492499462384814	0.102705833887914	1.84492758161847e-05	-0.495919269969862	1.99100815775344e-05	-0.360249630078294	0.0045328476437729	-0.378684857755187	0.0014282199079015	724	7799
NCOR2	up	0.379775519479609	0.0792198479240077	1.85436154903798e-05	0.241686708467769	0.0047813196181234	0.293945559716652	0.00295946960417	0.574851942420349	2.18795999845345e-07	725	302
SPINK4	up	1.421938388074	0.296715593250104	1.8674201000198e-05	0.730588194579496	0.0086105803210026	1.1373600579182	0.0001903551347876	1.1809062019788	0.0020783930596864	726	303
EEF1D	up	0.696168727713952	0.145474043195811	1.9232680979575e-05	0.485872533254053	0.000317867662511	0.561276972521174	0.0004144635666278	0.632377376827645	0.0004800531805778	729	305
EIF1B	down	-0.593920359419989	0.124197400968874	1.95391054544017e-05	-0.418093187321174	0.00053931415155	-0.476389872837411	0.0009955836902975	-0.536834457298595	9.72801620269248e-05	730	7797
SUDS3	down	-0.396422861159794	0.0829223550770288	1.96503534297727e-05	-0.3093022310325	0.0002283685349883	-0.39519415215134	0.000164276682894	-0.40253117621912	0.0002319833616228	731	7796
ADCY3	up	0.520967966298288	0.10902959804078	1.9834626181358e-05	0.276212133892548	0.0193735680465823	0.595010379665527	4.09044498001782e-05	0.45887097445813	9.82007579622886e-05	733	306
MYL6	down	-0.510074154749169	0.106768172754678	1.98753727643301e-05	-0.386671864693743	0.0005250132247279	-0.535599473649565	3.15526457821402e-05	-0.348457374382205	0.0070477083892527	734	7794
MGAT4A	down	-0.376393640415157	0.0788183507808801	2.00274789752511e-05	-0.208971303935789	0.0088067751891175	-0.49939305693541	5.3634229877364e-06	-0.493448250849536	8.58506151923955e-06	736	7792
SLC43A2	up	0.597184128172639	0.125062412118435	2.00369238845668e-05	0.379944623292985	0.0114488634642163	0.330993741981774	0.0230977233319395	0.859353261046437	2.37034707562331e-07	737	307
CDC42BPB	up	0.464226118581068	0.0972431380768564	2.01313003017557e-05	0.344873459462335	0.0003439388947624	0.478497346173	4.95449770510641e-05	0.420338750657269	0.001554705634195	738	308
CTPS2	up	0.340440769033791	0.0713243002408181	2.01772593117898e-05	0.30508135744436	0.0001653454614866	0.319051503012318	0.0001023861777009	0.287648026850886	0.0015529011222616	739	309
INTS1	up	0.439662627611071	0.0921541861431929	2.03706245058525e-05	0.323915228662393	0.0003248872215482	0.489691360376699	0.0001072337862018	0.455559303226119	0.0001597817163008	740	310
CCDC47	down	-0.542718404929671	0.113786858989786	2.0478970423557e-05	-0.354588831880294	0.0026690970026775	-0.503430940230647	5.21435495598466e-05	-0.539731641000521	0.0002281774028186	741	7791
RUSC1-AS1	up	0.678242714183403	0.14224324188193	2.05956006004443e-05	0.495375074349358	0.0001556838055836	0.386401068945798	0.0400375917611666	0.636450754176112	8.09998705194165e-05	742	311
SNRPD3	down	-0.339395971829299	0.0711970048575647	2.0689841458235e-05	-0.318671035756446	1.40469349703132e-05	-0.288020056689824	0.0021765223478954	-0.267937498919028	0.0106458573724514	743	7790
BAZ2B	up	0.217315452676341	0.0456379167058249	2.11803913230928e-05	0.227207027219666	2.32567303809699e-05	0.192193568265654	0.0002275052780901	0.203978614907758	0.0108893448221209	745	312
HSPA9	down	-0.439841676513164	0.0923865266603663	2.12407464763193e-05	-0.324665138935064	0.0012870605874757	-0.263974422653258	0.0188732138695314	-0.523878539873671	2.94554658031299e-06	746	7788
PRDX3	down	-0.672437216159295	0.141380074855818	2.16773260560599e-05	-0.51775326582812	0.0002979651912067	-0.439015994918156	0.0041019408687244	-0.713924835757566	4.69600975999684e-05	748	7786
UBE2E3	down	-0.554863525593012	0.116746020284064	2.19969797035084e-05	-0.371622339298922	0.0020049968704072	-0.417867616021013	0.0021457939286355	-0.572744739682144	1.81238800003314e-05	750	7784
SUMO2	down	-0.460334373800088	0.0968930955932258	2.2162977654906e-05	-0.410143055821111	0.0005507542929559	-0.228112617335524	0.0252121393320631	-0.690946386686662	3.78471174067307e-07	751	7783
NDUFC2	down	-0.421362761305943	0.088754666402051	2.24845540173297e-05	-0.356796771840128	7.98156552409557e-05	-0.355524153537614	0.0008565418144274	-0.379380380637477	0.0005407270169458	753	7781
NDUFS3	down	-0.368587125136786	0.0776871080098388	2.2743491003997e-05	-0.298576287640289	0.0005675677165224	-0.312219291907686	0.0019883702826365	-0.358977351364245	3.37494588034115e-05	755	7779
PRXL2B	down	-0.320877345328629	0.0678120944945814	2.41284949273525e-05	-0.256401004718179	0.0001088021088507	-0.354041988792516	0.001227744166304	-0.439755683182521	1.52358499952987e-05	758	7777
ZNF565	up	0.457844889143885	0.0967803509870498	2.42273303103084e-05	0.374620925130599	0.0001862231899639	0.37451468562388	0.0004813334720888	0.448887326700717	0.0003281334927627	759	314
ATP6V1D	down	-0.447638566085791	0.0946537114597126	2.43795980291969e-05	-0.340169454864839	0.0020318882121653	-0.398958417518718	6.86123485164059e-05	-0.377637236519068	0.0008312288251398	760	7776
DERA	down	-0.392162332617851	0.0829923812142929	2.47846678640226e-05	-0.266451485419505	0.0030911110586646	-0.372007266390154	0.0001911209134268	-0.442928134677822	2.7835623141792e-05	762	7775
TSEN2	up	0.496782015033171	0.105137357773513	2.47846678640226e-05	0.274500298814364	0.0178019045723371	0.471979270826608	7.89826285939887e-05	0.47871145999526	8.37056035082818e-05	763	316
DSC2	down	-0.497524610041667	0.105303151081753	2.47994539103308e-05	-0.377802410542931	0.0012721994327803	-0.409181737284683	0.0001497071844985	-0.45681239882285	0.0004154414038054	764	7774
KRAS	down	-0.465304997783461	0.0985109299481535	2.4926473505114e-05	-0.277873869266591	0.0053473821728795	-0.549895242038028	7.01702173300234e-06	-0.499471299641922	0.0002475589928794	765	7773
NDFIP2	down	-0.569350851279819	0.120564409734525	2.50173439991782e-05	-0.359247086246223	0.0030608980830343	-0.55389981645435	0.0001021543015835	-0.506316401194291	0.0002144597636858	766	7772
YME1L1	down	-0.321166356979548	0.0680744364835651	2.55114792813415e-05	-0.232826190968321	0.0019707215689654	-0.18157321922115	0.0489761119594557	-0.407093800997057	1.53485253495678e-06	768	7771
ZP3	up	0.577266153702879	0.122367570280901	2.55276282999053e-05	0.342728803873639	0.0075226617975978	0.450178682118318	0.0035451114226032	0.532972315974946	2.11869610185203e-05	769	318
SMIM14	down	-0.320045632359324	0.0679047802201525	2.60257604542103e-05	-0.205841870354409	0.002935659899219	-0.492181358530461	4.97549486144777e-06	-0.340662006717479	0.0001259229950767	770	7770
GPCPD1	up	0.441835490932602	0.0937532398797993	2.60257604542103e-05	0.288958338389892	0.0024763222720457	0.419999930954326	0.0005734216539492	0.610529530873152	2.16824690915052e-06	772	320
LINC02754	up	0.426581515904699	0.090532910703185	2.60981104918467e-05	0.392553581778955	1.21724927182532e-05	0.266607946270709	0.0289951315081382	0.358787152136759	0.0124970646396194	773	321
LSM6	down	-0.539692848567557	0.114544186840916	2.60981104918467e-05	-0.452913192791589	6.74622168140848e-05	-0.306023583178684	0.0258747384719198	-0.594309748734172	4.61772358718582e-05	774	7769
NPTN	down	-0.496840657641566	0.105459942540474	2.61255842230892e-05	-0.324413967049718	0.0043887567364402	-0.466899217515622	0.0001035628795756	-0.439708220737965	0.0002186544991658	775	7768
PRR12	up	0.612252322449874	0.1301028706993	2.67751134879328e-05	0.45201234839031	0.0002733200157449	0.460109273621973	0.0014412889437436	0.548256884480934	0.0002815429008369	776	322
ZMYM5	up	0.359407833162053	0.0764188239158665	2.70722796007017e-05	0.340855998261157	2.68355119551215e-05	0.284863335228201	0.0026450534887739	0.320666937601569	0.0014009645661858	778	323
ARFGEF3	up	0.31132199513414	0.0662191433779908	2.72693311803796e-05	0.292628053741771	0.004300878254929	0.272223680184301	2.85368929893756e-05	0.396246396860492	0.0006165010183504	779	324
FNBP4	up	0.32386315004614	0.0688967512622218	2.73261458798704e-05	0.256679453529738	0.0020492920429279	0.325452009191761	2.59046966047717e-05	0.277728291930642	0.0019707824276751	780	325
JPH1	up	0.597613561884802	0.127353400026291	2.83641767072464e-05	0.403089779207146	0.0015146706893103	0.513712278673504	0.0002006207697507	0.494877137435972	0.0005303898074229	782	327
TOP6BL	up	0.351123449222853	0.0748610283983843	2.86375835134294e-05	0.253428300490942	0.0020060971295338	0.362266702281876	2.19003655053297e-05	0.412262179171999	0.0004397488258227	783	328
TES	down	-0.474080685623573	0.101143868059338	2.90070053705268e-05	-0.388243212020129	0.0004688551304351	-0.547813084678099	2.36503508613817e-05	-0.284524423325182	0.0150748297448364	785	7765
CAMTA1	down	-0.213942102769343	0.0456661627580105	2.92939315503239e-05	-0.195670910699923	3.41693022706258e-05	-0.201653653598897	0.0030769155052322	-0.250084491907922	0.0001789318464543	786	7764
NEK6	up	0.368024942820895	0.0786542072113968	3.01098935805245e-05	0.274411947281524	0.0018937467068297	0.246524097398978	0.0088400527969065	0.477893207536312	2.87634636473904e-06	787	329
TMEM9B	down	-0.712108593152716	0.152233545448484	3.02609232286401e-05	-0.440820050309967	0.0022425001514345	-0.572016814509658	0.0009262261024868	-0.683855438429838	7.29183981790227e-05	788	7763
COA6	down	-0.422142569714048	0.0903112081975168	3.07317195474736e-05	-0.359611252597204	6.26746347278662e-05	-0.363345371124041	0.0011208435662164	-0.355630311058794	0.0019642065937481	789	7762
COX10	down	-0.309035470389637	0.0661244170021272	3.0768376740243e-05	-0.264773349662045	0.0003923360911169	-0.314403906971646	5.75101200387396e-05	-0.259451447704237	0.00267238458867	791	7760
IER3IP1	down	-0.640970771066456	0.137287940894836	3.14418590696061e-05	-0.394659541362107	0.0036748862103721	-0.568850121282363	9.55014631530693e-05	-0.557529536710455	0.0006816037606378	792	7759
NBPF1	down	-0.450032887365161	0.0963961017642038	3.14418590696061e-05	-0.190216696460699	0.0405314644747405	-0.664918669483329	2.58588622514822e-07	-0.490179687189005	0.000372613564024	793	7758
ECI2	down	-0.589928626070689	0.126548228047597	3.24313943951073e-05	-0.402377406338232	0.0008937191598659	-0.505116839505925	0.0016488060912744	-0.676909898109031	2.02040530267178e-05	795	7756
RNF7	down	-0.377622310536984	0.0810233080612132	3.25527718004831e-05	-0.358227490055435	1.55294425754349e-05	-0.280592243537007	0.0103611669011624	-0.270476361979567	0.0199362805110198	796	7755
NBPF10	down	-0.732584996587831	0.157234199286222	3.27443770008308e-05	-0.511414444539499	0.0009026912813984	-0.426685146279982	0.0232719393798085	-0.83079519703145	1.81616856513855e-05	797	7754
PANK3	down	-0.54479696151453	0.11696773531808	3.29468735449221e-05	-0.400254873457508	0.0005813853763979	-0.459205688460828	0.0002092861873551	-0.472114072865873	0.0012638027505245	798	7753
DDX31	up	0.462940793317855	0.0994661291544641	3.34135535699256e-05	0.339096758237513	0.0010485278095529	0.515001333701938	4.25243286685353e-05	0.353414123346633	0.0023998759489895	800	330
PPP6R2	up	0.446763442960511	0.0960755949963923	3.40473896401886e-05	0.340561523237733	0.0005320042250089	0.315885616859373	0.0074769408623247	0.522701109822687	1.42038662476526e-05	801	331
ARL17B	up	0.446935964999367	0.0961950970937084	3.46246633489882e-05	0.312207082579821	0.0044135834763137	0.388973964797092	0.0002461721636595	0.415309833911618	0.0001458063913407	803	332
SMYD3	up	0.33123376103054	0.0713299031274164	3.49950316104877e-05	0.290215020157292	0.0001285515443482	0.292656683322245	0.0004703822840821	0.335878062473593	0.000603197565747	804	333
DOCK10	down	-0.84238411349567	0.181737557699889	3.64223686186186e-05	-0.58939305902382	0.0006476947200452	-1.11882944512241	4.74614598717782e-05	-1.05392207273006	8.73763131729044e-05	805	7750
ENSG00000227681	up	0.689070863579784	0.148708434579826	3.66355218986025e-05	0.45596085116538	0.001529663638488	0.592446679627882	0.0002459260387511	0.501055685674173	0.0017841614691823	806	334
RSU1	down	-0.270038571838548	0.0582984207247555	3.6891766960005e-05	-0.196173695462325	0.0039070654459363	-0.332592497622197	7.3170300723957e-06	-0.203046483375626	0.0094011789021893	807	7749
LINC00467	up	0.392208297638708	0.0846788104944526	3.68973735655027e-05	0.261294199873982	0.0015642086153872	0.535937445722765	3.63911768601439e-05	0.532323878384174	1.18425998307109e-05	808	335
PPP1R13B	up	0.348984145308981	0.075400323264137	3.74437908026837e-05	0.247039340362847	0.0034346324138122	0.214441884792413	0.0226863664282374	0.448832966262159	2.25355427145035e-06	809	336
GNA11	down	-0.505032807857068	0.109189835902652	3.79693678731154e-05	-0.347713945706351	0.0025823711348741	-0.450814755484017	0.0002485134412657	-0.436826254767289	0.0002817588647758	810	7748
DCTPP1	down	-0.354944904680689	0.0767740122967484	3.82957663364468e-05	-0.26707511976354	0.0014127238058401	-0.369752067514308	2.52581603406021e-05	-0.301898708784578	0.0070760455376239	811	7747
ISCA1	down	-0.527794975059588	0.114264730055774	3.89808131395711e-05	-0.418958976099785	0.0001848813597842	-0.402663120287894	0.0023205004717384	-0.448450878739344	0.0005369720878138	813	7746
HNRNPH3	down	-0.429695795940532	0.0930456921646455	3.90613350487402e-05	-0.349774489555278	0.0006350999730363	-0.269988053742443	0.0124127239822523	-0.496986134698729	1.31383248774819e-05	815	7744
KRT10	down	-0.514913748118072	0.111521300849378	3.91900645951561e-05	-0.312679963247935	0.0049394119061335	-0.565023849814095	1.77341518373675e-05	-0.475488836775512	0.0013218385239883	816	7743
PABIR2	down	-0.512841153502157	0.111094742536574	3.93174501738371e-05	-0.38735607448248	0.0002249496140136	-0.438180212285819	0.0012631112069247	-0.52667605364184	0.000205990063512	817	7742
EIF4H	down	-0.368288452073794	0.0798027229601789	3.95092162427915e-05	-0.321479749459504	0.0002058572564069	-0.243142867391994	0.0229751916880805	-0.373451982857179	3.81439563502672e-05	818	7741
TMEM131	down	-0.287103069772991	0.0622448904656565	3.99228294661439e-05	-0.15917981737301	0.0099298933018136	-0.420824152874911	5.36592248323586e-06	-0.457343623018311	2.19329053041672e-06	819	7740
CIBAR1-DT	down	-0.680344540734865	0.147506080633949	3.99228294661439e-05	-0.464380551977015	0.000906281779565	-0.671146763013489	0.0002430898104297	-0.778903187792336	7.86098737856067e-05	820	7739
COPS5	down	-0.453159493051435	0.0982870900676848	4.02104733894966e-05	-0.393650867114803	0.0001022192005665	-0.292786696008725	0.0117625003018015	-0.488938223947135	7.5807537739947e-05	821	7738
PLCL2	down	-0.439941792641889	0.0954500311794291	4.04402761290622e-05	-0.209343976577002	0.0242893904918693	-0.691330111860377	1.05336363520614e-07	-0.39586439152689	0.0121934812028758	822	7737
GPD1L	down	-0.351313987838339	0.0762515590686732	4.0748053705384e-05	-0.255344823585681	0.0008509370693091	-0.427615934471948	2.46638074580252e-05	-0.368754879339765	0.0010615864287663	823	7736
HNRNPF	down	-0.483761844120662	0.105027924223755	4.09481433609325e-05	-0.386122780228019	0.0002610733128928	-0.338755966925217	0.0079037805521567	-0.471461900759948	8.69480959506674e-05	824	7735
POLR2J3	up	0.443687750060585	0.0963417900668334	4.10323481282268e-05	0.306936500032825	0.0019280970568781	0.440513405115159	7.21565916855353e-05	0.466450666554311	0.0003279844349057	825	338
ITGA3	up	0.353981687703522	0.0768890276203597	4.12892596508997e-05	0.264257698057231	0.0011549316345905	0.249465123736626	0.0256774153574005	0.396015696695582	1.11149832052097e-05	826	339
SUGP2	up	0.309407571190065	0.0672561623273482	4.19112474816538e-05	0.282992977082349	0.0003217894711036	0.278172311307384	0.0002127240730953	0.281654160574362	0.0010453771542454	827	340
LAPTM4A	down	-0.777387907086857	0.16914432111697	4.27602487546923e-05	-0.453489316510087	0.0043281523135261	-0.577777297462777	0.0021260348171123	-0.731413754262543	8.03624604640563e-05	828	7734
FAM107B	down	-0.518157789808414	0.112752920595456	4.27922967334957e-05	-0.316865913038538	0.0106247075940386	-0.452940020699054	0.0004767081505845	-0.455382270642697	0.0001140296685704	829	7733
MAGEF1	down	-0.619458223327933	0.134801262033332	4.27922967334957e-05	-0.431749132386067	0.0004999516307798	-0.567136240595861	0.0005321970706357	-0.627125408770915	0.0002464389412976	830	7732
EIF3J	up	0.340550966857542	0.0741189745896674	4.2882758347351e-05	0.279472291046103	0.0005221613238561	0.30816111978017	0.0017979197651515	0.327034432611373	8.6362788098798e-05	831	341
CNKSR3	down	-0.501365409745909	0.109195944805575	4.34559154905651e-05	-0.314777438278071	0.0045554091310371	-0.512536164692959	0.0001596565801041	-0.465752076208886	0.0001552942201954	832	7731
PPP2R1A	down	-0.250571420858175	0.0545742933872555	4.34559154905651e-05	-0.239856887976462	2.3468129901727e-05	-0.232050067118787	0.0050476339410504	-0.20916016168227	0.008376097403868	833	7730
PILRB	up	0.701602936194886	0.152847606870824	4.35983832881648e-05	0.471655280964064	0.0007652193665377	0.565997525822242	0.0003982670405012	0.558165792028603	0.0031091790463323	834	342
ISCU	down	-0.436782469092444	0.0951554681553972	4.35983832881648e-05	-0.341243824808919	0.0002791638872007	-0.406371723699053	0.0007028309476034	-0.395267546095836	0.000449834856115	835	7729
HSPG2	up	0.535646925689369	0.116751047796254	4.4019617568196e-05	0.365912619185147	0.0011494641356868	0.511074762522613	0.0002364731958151	0.531927140119585	0.0002314689721099	836	343
VGLL4	up	0.364519473122393	0.0794649116006967	4.41285595624492e-05	0.285742031558752	0.0025454206231551	0.324070264329732	0.0006676559630593	0.337778436825838	0.0001001810625944	837	344
ATG7	up	0.307250703386487	0.0670339617899494	4.48563733657222e-05	0.260142778027912	0.0004056923462941	0.23626526824439	0.0031495439476258	0.441277253508418	1.10415548235695e-05	838	345
ZNF846	up	0.443430878921697	0.0967542008442665	4.48977859920224e-05	0.371811368664839	0.0001324323598936	0.355903196310327	0.001591031382579	0.395718133607988	0.0008380617676603	839	346
NCBP1	down	-0.470817916400936	0.102927389292768	4.66030023432909e-05	-0.375960562817221	0.0001917806151651	-0.314255105864622	0.0151502713911432	-0.503455235744247	6.17043865784872e-05	843	7728
ZNF316	up	0.513120059560903	0.112221655357241	4.69702793883888e-05	0.40372183138186	0.0001604639619459	0.423149272106372	0.0012213120696945	0.420367886829842	0.0022426061802563	844	350
SELENOS	down	-0.361955652708454	0.0791776925390479	4.71268773589486e-05	-0.267496028813918	0.0032167709029394	-0.398364068507713	3.50715147573455e-05	-0.288677825041334	0.0020516136367239	845	7727
ACTR3C	up	0.371458840880273	0.0813380958872987	4.79934360492411e-05	0.293150552505843	0.0004038021484917	0.378615050429877	8.50369713025171e-05	0.335577858913001	0.0053490334616256	847	351
ARCN1	down	-0.454952709789929	0.0996210610596446	4.79934360492411e-05	-0.304407405580472	0.004032972985253	-0.420949244266093	0.0002274981542842	-0.434230158762405	0.0001749420251556	848	7725
GTF2IRD2B	up	0.442002812654354	0.0967898094597057	4.79934360492411e-05	0.379645618144575	0.0001840522723225	0.366436231536601	0.0005550745911501	0.359923812500582	0.0030665024672411	849	352
PTGR1	down	-0.430540746112556	0.09428519684448	4.7996256676623e-05	-0.335001999506549	0.0020317158152224	-0.362722013302286	0.0003736855574887	-0.385421490316856	0.000308033757013	850	7724
PEX2	down	-0.659702383654003	0.144492145892	4.81009761771147e-05	-0.454854261441772	0.0007514281190212	-0.428285668503352	0.0130858512649602	-0.679766845417984	5.54022971054335e-05	851	7723
KLHDC10	up	0.254611516018692	0.05582335257791	4.91188803937829e-05	0.233030654983038	3.33423867641341e-05	0.244425620809233	0.0036416522668431	0.259767279784142	0.0023569308730939	852	353
POLR2J2-UPK3BL1	up	0.43742311089445	0.0959098688597353	4.9119490363332e-05	0.28488050654378	0.0043629836055384	0.462469383180274	2.06836175222153e-05	0.378142954306905	0.0056611750063046	853	354
NFE2L1	down	-0.386846706627959	0.0848635285880851	4.95008727108982e-05	-0.234275358372507	0.0097892980212441	-0.433892268436727	2.56350135415806e-05	-0.372422872530139	0.0004858492951166	855	7721
SRGAP3	up	0.49638832133811	0.108895032746745	4.95008727108982e-05	0.389859027739513	0.0005425994240541	0.367488738110256	0.0023542588098628	0.478885445468449	0.0001472154439205	856	355
DCPS	up	0.645718924870147	0.141700089430358	4.96925609204156e-05	0.352213536310756	0.011327684241024	0.637981278627788	0.0002551714660872	0.638119312368244	6.53393821960975e-05	858	356
RNF213	up	0.336943668153188	0.0739420062800991	4.96925609204156e-05	0.24431391290279	0.0030004337394538	0.231120965846463	0.0090062058378815	0.474471027251877	2.5030044003354e-06	859	357
GPAT3	down	-0.512570439477975	0.112531584526949	5.01000975702198e-05	-0.241155928008324	0.0287190006932239	-0.998348399385289	3.84611976711469e-08	-0.486311377539954	0.007284021305974	860	7719
ZC3H12A	up	0.77445017730973	0.170078921098884	5.03828456675648e-05	0.51066850119502	0.001053674914324	0.669822145675248	0.0005553657426614	0.805799881256246	0.000228158652712	861	358
TMED5	down	-0.41257678640879	0.0906873066892825	5.12982287047222e-05	-0.306148897152243	0.0005697503776509	-0.444067559366231	0.0001234472286223	-0.468397828205496	0.0003472510861127	862	7718
PDHA1	down	-0.244279961193341	0.0538264125820102	5.38991361301602e-05	-0.245443010477027	1.13888156371145e-05	-0.153896467219249	0.0378675214379712	-0.350696369228725	0.0004168604026086	865	7716
CDH1	down	-0.353788498255874	0.0779847861213979	5.4261397875306e-05	-0.278737762981611	0.0021572491306171	-0.355779785893817	8.05893672758407e-05	-0.293792327050455	0.0014825514818076	866	7715
NDUFS1	down	-0.230137609316687	0.0507546099644093	5.47336202412301e-05	-0.164278116269397	0.0020932292128637	-0.295342284729094	3.27095585079817e-05	-0.289051334578919	0.000183665621551	868	7713
AGR2	down	-0.609139252479402	0.134406185448162	5.52542067874743e-05	-0.36829814485405	0.0047090726804266	-0.587761112384721	0.0001454358399198	-0.518624875242337	0.0006260312647926	869	7712
ABCC5	up	0.520750517545803	0.114964832205645	5.58284498284169e-05	0.418881040813144	0.0001313497519771	0.374185804878022	0.0075968860044218	0.447200051130536	0.0008459608476168	870	360
SNRPG	down	-0.428783558243421	0.0946718538787919	5.58951299057499e-05	-0.336682058415153	0.0003816809064953	-0.36294946208514	0.0010473024903414	-0.454421625171702	0.0002063317132302	871	7711
SRSF3	down	-0.526364286306351	0.116292757945362	5.66171747150119e-05	-0.41660803199893	0.0002674512410633	-0.306009206668171	0.0291259321218762	-0.533431346053544	7.61010080796432e-05	872	7710
ZDHHC8	up	0.560143762188779	0.12379946573909	5.69499565771949e-05	0.3487588351102	0.0039311565411921	0.396031222821327	0.0123080860955027	0.615850310884388	1.43857428206034e-05	873	361
ZNF106	up	0.348355549612032	0.0769935643409724	5.69499565771949e-05	0.283648325218423	0.0004659251849454	0.281604158182882	0.0044151742375463	0.374915675377732	5.91397171443473e-05	874	362
RBM6	up	0.34480812497928	0.0762278523511615	5.71783550339976e-05	0.266042908353948	0.0015208351526877	0.29642322946171	0.0008313630184076	0.403737610042587	5.52179608219405e-05	875	363
PTMS	up	0.449103773848738	0.0993307318471352	5.7680059926189e-05	0.256319847890612	0.022908530916807	0.398710160465165	0.0001499555587596	0.569251946891949	4.77100818323055e-05	876	364
HECTD4	up	0.269304185089993	0.0595760983883445	5.78756212445359e-05	0.237874489707278	0.0017008839863211	0.234174556574148	0.0002366821484395	0.330091306414625	0.0001714580292605	877	365
METTL16	up	0.329092175226753	0.0728223450979368	5.81464188763621e-05	0.280685971136287	0.0003620780445046	0.275528525609665	0.0014774557146563	0.358349468968513	0.0001378225063411	878	366
MIRLET7BHG	up	0.471445554658397	0.104328784924821	5.81530926866946e-05	0.336196009148839	0.000928000402457	0.460024813690103	0.0002667900317201	0.471133746047697	0.0003522803481472	879	367
TSPAN5	up	0.71255011022974	0.157821794114753	5.91778579756609e-05	0.49456089804748	0.0012294231098291	0.473859590244855	0.0112654388893438	0.851952561365647	2.93953484023081e-05	880	368
APH1A	down	-0.33450353423712	0.0741631036227601	6.02237626068202e-05	-0.263370525020377	0.0011696339170518	-0.314044417088754	0.0004136996643517	-0.334978338702362	0.0002128145143749	883	7708
KPNA6	up	0.235866022234545	0.0523224256895847	6.08094327695597e-05	0.197357427505005	0.0006379093321643	0.239001333856751	0.0002285599678842	0.264639673257231	0.000326258869116	885	371
GRB7	up	0.433274848253098	0.0961485408331069	6.120804574079e-05	0.251828803300793	0.0139948723822561	0.50503852691681	1.12931105607926e-05	0.309645343444484	0.0089381685460487	886	372
GNAI3	down	-0.463491985506248	0.102932345556647	6.20861555894165e-05	-0.276622501194352	0.0103472994848521	-0.479095018284707	2.22869819398452e-05	-0.398000635965338	0.0052841194987506	887	7707
ADGRE3	down	-0.770438807209759	0.17110204316294	6.20861555894165e-05	-0.479337098078235	0.0048338751866541	-0.550040248962738	0.0030916983510281	-0.856936980241892	4.92261885004508e-05	888	7706
CD24	down	-0.57956749978823	0.12880688769844	6.29856398710083e-05	-0.433516182861809	0.0004701188491014	-0.377180300193613	0.0104220552258575	-0.599423707413732	9.34679120415671e-05	889	7705
TMEM33	down	-0.547156781405763	0.121647836714934	6.33995963744035e-05	-0.410650945334414	0.000501622742226	-0.419981460145435	0.001412954004312	-0.493979610468847	0.0005561146003504	890	7704
MTDH	up	0.267645692704538	0.0597005062268029	6.7801339748268e-05	0.216228775459047	0.0025243389597155	0.242104528655988	0.0006901827248782	0.289175006545398	8.53402347299923e-05	891	373
TPRKB	down	-0.370405552530988	0.0826666251354687	6.84870455646981e-05	-0.281556450900899	0.0007886413551165	-0.254896059175345	0.0180180033669805	-0.494970368015758	8.40476758634523e-06	893	7703
NDUFS2	down	-0.359995538877215	0.0804205509345454	6.98029552748554e-05	-0.340990348773115	6.74508534619367e-05	-0.34120373217352	0.0011980455048866	-0.258981131201947	0.0081333502070084	894	7702
PSMA5	down	-0.378633416155669	0.0845886821008749	6.98037142848006e-05	-0.359864731197856	7.11313524016655e-05	-0.250150263915594	0.0162724754180982	-0.369405385238153	0.0003341766891655	895	7701
EML2	up	0.384316423153755	0.0858870743820578	7.0217034968466e-05	0.317750674287531	0.0004669583926047	0.314802929432495	0.0011685848954366	0.412666544023739	0.0002221752747355	896	375
ARPC5	down	-0.436665504191393	0.0976008145120692	7.03612466598912e-05	-0.296624731172498	0.0044770137301388	-0.394046056722746	0.0003202495487059	-0.42621617523982	0.0002125444078232	897	7700
TECPR2	up	0.336270303396634	0.0751688298901137	7.0434543025201e-05	0.263523850427757	0.0004967784667777	0.310415747052057	0.0017116098266307	0.425082380594543	5.15086460205434e-05	898	376
TAB1	up	0.362173874966117	0.0810142463534526	7.13629943404127e-05	0.318079500144184	8.429298435483e-05	0.344142538976496	0.0009016388604704	0.253629158016766	0.0272281917625371	899	377
CMIP	up	0.276274349606054	0.0618383443976585	7.22260425068204e-05	0.2482657709525	0.0001151901461645	0.255350622767487	0.000729571485559	0.290935010604918	0.0020470207893903	900	378
CHD1L	down	-0.488904539191993	0.10944933257912	7.23951626607571e-05	-0.382689891218272	0.0004201088930817	-0.403556376247095	0.0009660918988193	-0.403238760865128	0.0013821589330773	901	7699
EHBP1L1	up	0.551921023133322	0.12358427573034	7.26535418529553e-05	0.387194843861729	0.0010022776088463	0.431204586623794	0.002803986053368	0.502555590357612	0.0002113230120927	902	379
MPRIP	up	0.226797268510635	0.0508142071091783	7.3462764719658e-05	0.171338395650583	0.0008705928798113	0.382867250533982	3.51167060864829e-06	0.157871649270334	0.0428633200668336	903	380
CEP104	up	0.325455194577788	0.0729579758541201	7.41543661584749e-05	0.238314716617799	0.0027870922227256	0.27241693658142	0.0013858494546158	0.50512723897201	6.0105236895579e-06	905	381
RPA3	down	-0.514042245173526	0.115282215613109	7.47210566185008e-05	-0.387696197965015	0.0004511029844738	-0.335413124589166	0.0246466330459901	-0.475489594212062	0.0001434742206327	906	7697
TMT1A	down	-0.476573488515361	0.106955159619073	7.57484320066491e-05	-0.343079897396642	0.0025502242953676	-0.3471544352874	0.0030225076399267	-0.624975976049208	1.597854853852e-05	907	7696
OSBPL10	up	0.309211816036224	0.0694193391495069	7.62188689214051e-05	0.266094089144199	0.0007101765201197	0.271450627447348	0.0003467036259051	0.384350049634393	0.0003137354492388	908	382
PFKFB3	up	0.360380477516303	0.0809209836010916	7.64102347069582e-05	0.243800690683771	0.0031025186380866	0.285524878616038	0.0115470429455267	0.457812690896559	7.54913041321365e-06	909	383
GSTM4	down	-0.349728268412881	0.0785592299036288	7.67672837673299e-05	-0.286043995515852	0.0002703876820927	-0.363653363495375	0.0007397531747384	-0.322916351624921	0.0008118347793469	912	7694
COX7A2L	down	-0.385913465781908	0.086829861846655	7.92465389792167e-05	-0.291123994042994	0.0010900375225558	-0.345150668295101	0.0010195056516356	-0.411300933792272	0.0001339408372268	914	7693
FAM193A	up	0.26981012979133	0.0607326746628948	7.98596844948472e-05	0.22310864376885	0.0008937349151794	0.216782845321032	0.0030603879370585	0.396110877593141	1.6189453801008e-05	915	386
HOXA3	down	-0.530705089583419	0.119533959755336	8.07296502531132e-05	-0.23343426506798	0.0499393215996248	-0.418725341701102	0.0094808082057238	-0.674547120506491	1.38607767774523e-06	917	7691
CPNE3	down	-0.581272360232412	0.131097769324506	8.27916823292639e-05	-0.377822810704069	0.0032906228895348	-0.466606211720513	0.001760804847211	-0.679924881802908	4.04701983126587e-05	919	7689
IQCK	up	0.457589173445927	0.103215208446105	8.29069474486783e-05	0.376239820847804	0.0005676177981197	0.291984838054639	0.010199167471768	0.601511640669786	2.11736199260893e-05	920	387
DYNLL2	down	-0.320758849467681	0.0723933040626929	8.37933397469424e-05	-0.190247609846474	0.0090064804832801	-0.502238019108928	1.96787195061443e-06	-0.273582125187107	0.0054918269256147	921	7688
NPIPA2	up	0.479489005705944	0.108227355629965	8.37933397469424e-05	0.374892903164893	0.0014024404984327	0.449088106156856	0.0001153128072733	0.297468625692455	0.0261111948774719	922	388
COX8A	down	-0.470913832501804	0.106292550108001	8.37933397469424e-05	-0.34727047526282	0.0011292169741143	-0.433470665433425	0.0002671991458301	-0.385834195617018	0.0022928215700114	923	7687
CHMP1B	down	-0.566116253933027	0.127811323420616	8.41087414655143e-05	-0.455223506617184	0.0003474578844283	-0.485519786869191	0.0008520839142733	-0.369365855757491	0.0111483965763197	924	7686
RAD21	down	-0.562781215575608	0.127118063634708	8.48317052032103e-05	-0.389070592187781	0.001260763797249	-0.353841738228026	0.0234239209405442	-0.603698694678778	4.50803855387427e-05	925	7685
TGS1	up	0.357174926928766	0.0806832931896199	8.48802233759272e-05	0.270450896727527	0.0008060946797362	0.302207368557737	0.0042625549704692	0.494441326547799	1.6143850260452e-05	926	389
NEDD9	down	-0.43201735569859	0.0976624867791799	8.60950769172746e-05	-0.33311770547592	0.0043771463815751	-0.601203871141266	2.46979998288488e-05	-0.293482886938261	0.003646643610238	927	7684
BIRC2	down	-0.394222244200502	0.0891674458438385	8.68816099031614e-05	-0.284676062357857	0.0016826334187585	-0.391929792302887	0.0002332202729783	-0.406704521530913	0.0004066088293929	929	7682
RNF115	up	0.312883851283893	0.0708087342694389	8.77684137494403e-05	0.227650641226308	0.0070554450571334	0.334489423094091	4.55086038811891e-05	0.256503105837024	0.0039201736109234	930	390
PSMG1	down	-0.616918044561966	0.139688618895658	8.84548538975449e-05	-0.427390889018095	0.0014545239093876	-0.4064813735321	0.007806948914801	-0.605853354108568	0.0001246234170717	932	7681
CHCHD10	down	-0.405459272726182	0.0918089405396851	8.84548538975449e-05	-0.283803715732408	0.0015837954679089	-0.467110831509095	0.0001055033410714	-0.407924944546046	0.0006693883727436	933	7680
COX5B	down	-0.43162483720039	0.0977562984358869	8.87789422980668e-05	-0.33207350989436	0.0006613179639437	-0.387199921215535	0.0004895520839504	-0.392161188568973	0.0012250338469439	934	7679
LINC02086	up	0.404086249790215	0.0915275100876053	8.88477468998426e-05	0.249524930972773	0.0081234322449703	0.483705440872802	2.25978558899266e-05	0.333885803310244	0.0035777011063113	935	392
HNRNPA2B1	down	-0.425419639437382	0.0963693114016839	8.89350228746078e-05	-0.379605031946494	0.0001478712830786	-0.295401186146609	0.009226608866905	-0.401811119474486	0.0004813087728847	936	7678
CDX2	down	-0.270929014024161	0.061387418496782	8.92694335686796e-05	-0.204311852426193	0.0006901662156639	-0.409693028214131	1.5556025310226e-05	-0.27691079280489	0.0074659789460088	937	7677
JAG1	up	0.461337337378299	0.104577641619458	9.00001219728376e-05	0.300755237665335	0.003347942841284	0.391418099194577	0.0041028921139974	0.561294290234595	1.59484033404608e-05	938	393
TRA2B	down	-0.457145523267577	0.103645289608869	9.0220564199689e-05	-0.343434207180603	0.0010113422266065	-0.399265346682798	0.0015728816844876	-0.397287987453681	0.0003655011227428	939	7676
H2AZ1	down	-0.451333720570469	0.102334299950625	9.02444702332279e-05	-0.339633474227854	0.001044738000986	-0.356098491506815	0.0036680186540787	-0.425580455766914	0.0001687617454613	940	7675
SRSF7	down	-0.339831644534587	0.0770881156947092	9.09919392770967e-05	-0.327462420211683	6.95856796238958e-05	-0.245605307600639	0.0187663203826504	-0.295804621251338	0.0010541378935498	941	7674
PLEKHG1	up	0.334387367178165	0.0758568154724572	9.09919392770967e-05	0.353231788477291	7.17151936595578e-05	0.197397049250048	0.0279126101657061	0.351095564413442	0.0001501421708094	942	394
RABGGTB	down	-0.676383756066228	0.153507744519933	9.17180928623969e-05	-0.488075961648555	0.0005379717691221	-0.463053358918652	0.0040589028155974	-0.525159325404583	0.0021017271940682	943	7673
SAP18	down	-0.380394238091835	0.0863903324177722	9.28902371585533e-05	-0.323343246159779	0.0002183213435197	-0.326239041382807	0.002579967563289	-0.332966416837066	0.0009676930620552	944	7672
KCNQ1OT1	up	0.444192769969336	0.100992646086103	9.49268468104761e-05	0.413751694132381	0.0005814682810045	0.260177972687509	0.0128396859199041	0.557360917111338	2.6203566431375e-05	945	395
BCL11B	up	0.384332624337518	0.0873971469712432	9.51443480779752e-05	0.334633286694208	0.0009241450275714	0.624238481878059	2.46350540727182e-05	0.263843986739612	0.0042968198955635	946	396
PTPN1	down	-0.305005764096611	0.0694226530812702	9.68462234704457e-05	-0.256027981539213	0.0002128172426661	-0.335149991773903	0.0003268089272739	-0.274526736197076	0.0058297407966265	947	7671
CHCHD1	down	-0.476547538593432	0.108541097165424	9.80801819470058e-05	-0.387820393218484	0.0001459710859609	-0.354471831931286	0.0079865551333345	-0.433548381673346	0.001803045053868	948	7670
MT1G	down	-0.840388994120984	0.191576365221662	9.95872166359949e-05	-0.510927184990771	0.0103789765359076	-0.787700745044583	0.0081562984723475	-1.17561641260871	6.67430845868733e-06	950	7669
NDUFS4	down	-0.270891355750617	0.0617745371446433	0.0001001341157299	-0.239607278822257	0.0001309152089757	-0.252319650590855	0.0022211981201621	-0.292938664224087	0.0008468794586334	951	7668
STARD7	down	-0.396941805291707	0.0905215045396552	0.0001001341157299	-0.316882716970935	0.0003189832386026	-0.317044195112028	0.0077483540642264	-0.415962687542874	0.0001767138433037	952	7667
KLHDC4	up	0.391341899679756	0.0892570827111267	0.0001002858200888	0.320456435660054	0.0003623285635255	0.318692148339012	0.0040751493505288	0.372662325664062	0.0003373284716282	953	398
BTBD2	up	0.35910116486806	0.081906738288294	0.0001002858200888	0.27121413907117	0.0018884247348445	0.378338653059611	7.72843214203219e-05	0.2848437776142	0.0080730345386327	954	399
TRIM65	up	0.388234126453467	0.0885659054359812	0.0001005066469539	0.25619247718316	0.0043681370310969	0.280514676114722	0.0154858954368731	0.510433706049951	6.51037578819307e-06	955	400
NFIX	up	0.36470153568652	0.0832352425298432	0.0001013212149022	0.292623351208901	0.0015861400488273	0.29540884126303	0.0035679259262836	0.351987649809651	0.0001282602260789	956	401
CCDC192	up	0.592859507694545	0.135416559552515	0.0001028696910004	0.365193517896482	0.0049785395634851	0.546057077092786	0.0002412922636271	0.478696054483093	0.0016435486719568	957	402
ECHDC2	up	0.254263509403196	0.058123152846386	0.0001041882905179	0.22267969367086	0.0002638578749319	0.241248430932459	0.0021345797307667	0.261877036734582	0.0003730049153928	960	403
ZRANB3	up	0.348655062495565	0.0797050234453115	0.0001041882905179	0.311388447059507	0.000136998820372	0.304203687856646	0.0018017733305792	0.288596299480026	0.0049268054450807	961	404
ZNF506	up	0.345480179192365	0.0789826272880572	0.0001041882905179	0.308776782639294	7.50725377796429e-05	0.297405624534203	0.0074516258854999	0.275990492476262	0.0105018667748182	962	405
SNX3	down	-0.299308581272418	0.068474570188043	0.0001054293957696	-0.263061065499271	0.0002091147822907	-0.269283825701998	0.0010282680441984	-0.315406611540392	0.0013464430643934	964	7663
SUMO1	down	-0.470001155310233	0.107609696124798	0.000106994248044	-0.346399953994235	0.0010376125072726	-0.409813623672444	0.0006580836947036	-0.512289920160324	0.0003707582424015	965	7662
CREBZF	down	-0.55647424139196	0.127428746117686	0.0001072277283845	-0.359841813002853	0.0041625475876884	-0.376154761334384	0.0118249349668241	-0.664630201753541	2.02751745124186e-05	966	7661
THADA	up	0.293470966314739	0.0672293872018044	0.0001079660764488	0.235936532343039	0.0030693072362581	0.258587296738876	0.0006949888087676	0.315405402897888	0.0001772231677245	967	406
ATP2B4	up	0.495456372320764	0.113510245607289	0.0001080314020482	0.373448000286206	0.0003245248356624	0.413230364185008	0.0051809606611679	0.501723117589351	0.0003793066182368	968	407
REPS2	up	0.390304139185868	0.0894324589826808	0.0001082297819571	0.301533226597778	0.0006987998727315	0.478921624862771	6.89916424947641e-05	0.244465467405707	0.0378812597210488	969	408
ZNF562	up	0.306665504260645	0.0702754708227692	0.0001083511163697	0.253413694964736	0.0016755058091956	0.252000259692822	0.0021144782207483	0.339456006750247	0.0001012585132652	970	409
SBNO2	up	0.489283915280157	0.112178560493316	0.0001092890842235	0.327074391980939	0.0031161287877604	0.397262784128433	0.0025287528862214	0.559095844382788	5.20966654887385e-05	971	410
SRSF1	down	-0.59375005203609	0.136340765304495	0.0001124825638385	-0.43405179991222	0.0004967728150755	-0.374078101890295	0.0206992008386319	-0.548772474739824	0.0003416471250883	973	7660
SCRIB	up	0.492503298890405	0.113116392743116	0.0001128532627718	0.340966544287251	0.0015752648804693	0.46459456912933	0.000617364026776	0.52871954398219	0.0002349583217216	974	412
AP5M1	down	-0.557305293133406	0.128042272906962	0.000113365261648	-0.378730103160027	0.0018492017243619	-0.459639151358465	0.0010608857537888	-0.552414118513364	0.0003380120988114	976	7659
GGH	down	-0.509142976671768	0.11705590196403	0.0001147776211336	-0.321894118815964	0.0111194160469501	-0.39599056102804	0.0012064913249201	-0.484098705030369	0.0002010101486448	977	7658
DOCK9	up	0.320197068236717	0.0736196414763002	0.0001147796467543	0.263787340111738	0.0009748085916861	0.289947409337917	0.0015808667721624	0.307304050509113	0.0002753369457097	978	414
OAT	down	-0.681117657448848	0.15673287005471	0.0001164509539544	-0.390792480726155	0.015701149510513	-0.534745846933545	0.0067091153610037	-0.931538787596596	9.2846960608739e-06	980	7657
USP38	down	-0.667755274985289	0.153826432849089	0.0001187589942915	-0.444907244104318	0.001672625632103	-0.477171549477163	0.0052397684429014	-0.699198246828018	0.0001552249719641	982	7656
EIF4A2	down	-0.853801723672803	0.196711601934875	0.000118958678229	-0.523334444173235	0.0024850764773499	-0.532204462422535	0.0091959138695724	-0.753225892729257	0.0004473435672273	983	7655
GCA	down	-0.563159359906207	0.12978336046095	0.0001194595516759	-0.370459824068895	0.0082796401596697	-0.360956328674209	0.0150751171621918	-0.815167641967056	4.83602994250099e-06	984	7654
PXMP2	down	-0.645806102181176	0.14890693216775	0.0001205649446132	-0.430314151089285	0.0013069784909197	-0.536230379510621	0.0020829508589861	-0.657061328915112	0.0002765990212026	985	7653
ATP6V0D1-DT	up	0.52727436359838	0.121641581624054	0.0001217212378449	0.411845881927922	0.000984712991419	0.361383495488028	0.0045059821594446	0.529638098669125	0.0002397949467356	986	417
CYFIP2	up	0.490724232858228	0.113226293611366	0.0001218301417695	0.327005231610334	0.0048397325164789	0.515356584934281	0.0001309821578809	0.366311504501202	0.003416282500265	988	418
CCDC28A	down	-0.520014044535947	0.120000086795503	0.0001220203166704	-0.388605111077904	0.0005510452130973	-0.445666229886586	0.0013662550471841	-0.411270067622005	0.0027630985836985	989	7651
ATP23	down	-0.426170086463798	0.0983968763693942	0.0001231847610904	-0.216668485877284	0.0242386569693475	-0.526781465490485	3.62060170758793e-05	-0.535640790326354	4.78471672271663e-05	990	7650
HIGD2A	down	-0.488281114107738	0.112858477439704	0.000125563363679	-0.353735619270977	0.0013642862344756	-0.421214020377353	0.0009753352359221	-0.417262974416882	0.0008956222809185	991	7649
TMEM220	down	-0.363967490143488	0.0841299185049017	0.000125563363679	-0.216078528676997	0.0076364285610559	-0.506400498722914	5.08817267292905e-05	-0.555384753003272	7.2443483503104e-06	993	7647
PLAGL1	down	-0.406647191313414	0.0940419243073344	0.0001266663201317	-0.255777437874456	0.0086675366526581	-0.310071445011997	0.009122088394551	-0.466019727712098	2.28679760567729e-05	994	7646
NAAA	down	-0.36855058694211	0.0852698059398447	0.0001276544915476	-0.209843270839765	0.0165766108126002	-0.779266298086599	1.27938996219434e-06	-0.352045285678095	0.0011668801340062	995	7645
ZFYVE9	up	0.282256930126983	0.0653305616450345	0.0001284446069037	0.251961044965588	0.0005952788490295	0.255917001934572	0.0005047549600851	0.267339502149969	0.001628235106522	996	419
SHLD1	up	0.347283605292486	0.0803829210167127	0.0001284446069037	0.298477909250291	0.0018010099705209	0.235761665739234	0.0055549178437869	0.613217737165296	3.08029226173344e-06	997	420
ADGRG1	up	0.296979890579802	0.0687446906501738	0.0001285047141771	0.245817852628111	0.0014274801454335	0.27005083610166	0.0007968296851481	0.296978308636725	0.0003809116952012	998	421
SYMPK	up	0.372064629605787	0.0861320528245502	0.000128574667018	0.245861294345464	0.0071599611661212	0.388161934853542	0.0001018376980129	0.358072496198488	0.0010740504487073	999	422
TMA7	down	-0.415132773888759	0.096115642549152	0.000128797573202	-0.347156045967227	0.0003395773076404	-0.347254978059517	0.0011752305365309	-0.343352006689377	0.0046867081238969	1000	7644
NUP188	up	0.462598892610393	0.107159493025956	0.0001298276888371	0.311031537926502	0.0029596348465916	0.527242384308019	0.000120554072963	0.385004298214861	0.0023284736233377	1001	423
TAF13	down	-0.477547191640509	0.110622787046142	0.0001298276888371	-0.364183658398181	0.0005499449627937	-0.431445803522277	0.0005827253787042	-0.351307700016861	0.0194134606375814	1002	7643
MED4	down	-0.3885975241318	0.0900444884948167	0.0001304522168849	-0.276235338682809	0.0027122740331283	-0.260532869953462	0.0204679571852404	-0.484378146941704	1.81437896710213e-05	1003	7642
ZBTB1	up	0.48420594654181	0.112223641155875	0.0001308928852922	0.380336102096829	0.0003898987528619	0.456322526571619	0.0007498475446893	0.324092348870843	0.0211003010787007	1004	424
ENSG00000235419	down	-0.508067517984998	0.117771284300373	0.0001310076062733	-0.355323439697783	0.0018226516821907	-0.449397852235413	0.0004190102505113	-0.435457027812048	0.0021702235386448	1006	7641
NRAS	down	-0.817934606592092	0.189791622503128	0.0001334059884177	-0.49102730078443	0.0024438416881689	-0.594001924276876	0.0031956157282105	-0.704970562717843	0.0007851996423393	1007	7640
ZNF664	down	-0.67043949661812	0.155569956121851	0.0001334059884177	-0.449099113893713	0.0011735981932528	-0.465970583647153	0.0075697513754802	-0.635750383048686	0.0003541764034818	1008	7639
ARL6IP5	down	-0.417454033182099	0.0969561175509478	0.0001356433771187	-0.284163612655105	0.010239096324318	-0.386110125429361	0.0001623858935631	-0.344417483214618	0.0025263678480202	1009	7638
POLM	up	0.501697788297652	0.11652619732714	0.0001356433771187	0.354249565570658	0.0013477863083899	0.432550345013905	0.0011803420902342	0.483920510562723	0.0004990919500272	1010	426
KIF13A	up	0.333220454462891	0.0774652320870735	0.0001379181499268	0.40555406236194	9.04643852818689e-05	0.223576548446648	0.0058962739283726	0.378163206806797	0.0003911141845306	1011	427
SEC11A	down	-0.300627925623328	0.0699564929559601	0.0001404132181532	-0.309234514838181	7.13521354903657e-05	-0.190420876585068	0.0261493918297742	-0.311757386512132	0.0005612780768705	1012	7637
UBE2N	down	-0.435091204333591	0.101267131226856	0.000140835826208	-0.334219500719949	0.0011015609534398	-0.356363915249299	0.0017410140694769	-0.403511086864187	0.0005397065268677	1013	7636
PCSK7	up	0.308275220111785	0.0718082412367775	0.0001428929915571	0.309011483332851	0.0001905352862556	0.195572934399509	0.0128369657116257	0.434344066510371	4.90332790881251e-05	1014	428
MEP1A	down	-0.655216102996586	0.152802734362276	0.000146033981573	-0.410921635698562	0.0039047330359925	-0.539829532102257	0.0004441205847625	-0.462673378522704	0.0096949823539311	1015	7635
MXI1	down	-0.569179763819185	0.132760080016537	0.0001463544020211	-0.351896666081114	0.0110378131249276	-0.697998742700767	3.8638842096872e-05	-0.326250949835345	0.0257386832766333	1016	7634
SSU72	down	-0.306321371844786	0.0714988964353566	0.0001481970591212	-0.280585443514102	0.0006640516227823	-0.28881474298138	0.0002183063736674	-0.225444656693101	0.0211744786267989	1017	7633
CD59	down	-0.48836405754782	0.114025606150821	0.0001489515463006	-0.279709334025672	0.0133396736168191	-0.470884967370515	0.0005254624433134	-0.508197035491627	0.0001227567878352	1018	7632
SOCS7	up	0.358532198977785	0.0838190452347566	0.0001522945829171	0.284044819386382	0.0008675064846816	0.319781330161237	0.0019056862110798	0.355400721669098	0.0003930856112666	1020	429
HELB	up	0.426230452355996	0.0996646359748563	0.0001526189324046	0.37041308720894	0.0010440810974563	0.520733586375368	5.72929570831341e-05	0.218500092521694	0.0420366442893918	1022	430
HOXB-AS4	up	0.460551251628949	0.107726879611265	0.0001534806090996	0.38286092255733	0.0004169222243121	0.338434957502249	0.0034379441378136	0.475412832854472	0.0006934662296195	1023	431
CHN2	up	0.359858078125537	0.0842099293969372	0.0001545422904154	0.220241011305514	0.0097723694266202	0.467376001686377	1.51372418029305e-05	0.262076360511831	0.0225724906382994	1024	432
UBE4B	up	0.27466403326355	0.0642759067447928	0.0001545422904154	0.237697570640301	0.0003519181984611	0.281729701765889	0.0004090661792671	0.238826596481047	0.0088180623656596	1025	433
ELK3	up	0.442881227604296	0.103670335661782	0.0001550329522221	0.36048181442878	0.0003759677361997	0.34695306626371	0.0040624398425047	0.381967139355964	0.0015179496576776	1026	434
TMEM50A	down	-0.422696909848032	0.0989490818148269	0.0001550329522221	-0.304848710781666	0.0035951340952902	-0.380299952547761	0.0005139154937233	-0.370610511062057	0.0009330568457975	1027	7629
SNX29	up	0.343662876435276	0.0804522288558537	0.0001550329522221	0.262943309784714	0.0015490615607048	0.33038268413931	0.0004923344996662	0.361840910379106	0.0006038416721921	1028	435
COX7A2	down	-0.38505620917596	0.090222932957189	0.0001572369602588	-0.28078148401198	0.0036071892060701	-0.415530694033496	7.98467178912965e-05	-0.260675160456248	0.0202207650279789	1032	7626
ICA1	up	0.327138102506783	0.07666877273376	0.000157740223064	0.293163792725577	0.0001881751872115	0.252396840828115	0.007129759949543	0.353187477155617	0.0006167970999974	1033	437
NAA20	down	-0.412127144031901	0.0965935487055305	0.0001577925872341	-0.314406592454585	0.0012208164066193	-0.367167330904499	0.000638152130035	-0.382363882311586	0.0014087157872267	1034	7625
C1D	down	-0.608244609718697	0.142589238977701	0.0001582767344243	-0.420910619126336	0.001169189045446	-0.464132589684316	0.0022290926797191	-0.478762285982967	0.0021133259987602	1035	7624
UBALD1	up	0.440393643580409	0.103274074239681	0.0001591131717846	0.28794446466161	0.0059791070418096	0.326632138456342	0.0074023256879189	0.522516763068511	3.3081664374518e-05	1036	438
CEP57	down	-0.384493364702587	0.0902258196274225	0.000161010545472	-0.235138227078007	0.0145355021972231	-0.223544979635122	0.0427156248886618	-0.466976274903929	1.0892771325488e-05	1037	7623
VAMP2	down	-0.305520947323377	0.0717864621652879	0.0001645351579261	-0.1842025281098	0.0089869107012876	-0.425107200028259	4.74716565057598e-05	-0.397108583098872	7.69543427576735e-05	1040	7621
NFATC3	up	0.39118746299955	0.0919568963980507	0.0001658071219524	0.266451500450809	0.0059531159289541	0.37374175037626	0.0012777232685028	0.373615904597624	0.0002024048561304	1041	440
MYPOP	up	0.515058424293279	0.121223488394469	0.000169537619197	0.376134725673165	0.0007887779947318	0.334891930682812	0.0264208588123153	0.514072638997137	0.0002125416654059	1042	441
ABHD5	down	-0.520344995016802	0.122494270681141	0.0001700653696156	-0.396780197593602	0.0006279258145213	-0.379657167326179	0.0062009550047207	-0.436287925552351	0.001137238956397	1043	7620
SPPL2B	up	0.378668559010067	0.089146572338153	0.0001700653696156	0.23963156075459	0.0136617274275332	0.376638997336532	9.55956934171293e-05	0.367626831722877	0.0021040627939365	1044	442
GARNL3	up	0.383068032045387	0.0901934135233369	0.0001702454183922	0.318658685058523	0.0009363242496365	0.327851084166757	0.0004597156321967	0.341840818582276	0.0065269312809974	1045	443
SHLD2	up	0.275469226140969	0.0648638010334948	0.0001702454183922	0.214442766010598	0.0117270260274627	0.22781216901186	0.0008260875294958	0.360879804960933	0.0001000021895192	1046	444
CHEK2	up	0.333534280533821	0.0785372858056892	0.0001702454183922	0.19241063175112	0.0372643216097814	0.395670499609301	0.0005214671113108	0.304398877062254	0.0001692613247659	1047	445
PRKCH	up	0.433051524774583	0.101991521275633	0.0001706575697792	0.313235359397956	0.0017649180114224	0.41425172606889	0.0003162083196054	0.455246897843927	0.0013308014492589	1048	446
MGAT4B	down	-0.390579498142798	0.0919907254528547	0.0001706575697792	-0.298829031758649	0.0015970238771276	-0.31802939289785	0.0028179443105912	-0.408333491231214	0.0002234256823294	1049	7619
SEMA4B	up	0.366950289002701	0.0865543203696338	0.0001751994075989	0.197391599859048	0.0249397374441282	0.358749847415791	0.0008232607424262	0.503323672709035	1.15428961250889e-05	1051	448
UBAP2	up	0.252323286037002	0.0595433384126882	0.0001763499493777	0.205943887374314	0.0093306766287757	0.247376976693253	0.0015410827826496	0.234999711671712	0.0002013127072588	1053	450
SUCLG2	down	-0.407784529775056	0.096262355943618	0.0001773333559499	-0.280928902630883	0.0039461363388331	-0.28834806067969	0.0131679933371882	-0.584050792466009	9.27841446551891e-06	1054	7618
MAP4	up	0.249718106993759	0.0589641437023012	0.0001780303858179	0.249548803654091	0.0007406359325755	0.159365441155339	0.0130670784740469	0.370060777100139	2.29491761483748e-05	1055	451
PCMT1	down	-0.344652120935281	0.0813906584331333	0.0001782917614397	-0.275635899242657	0.0019989433149076	-0.342638928545382	0.000287466992988	-0.282461190322399	0.0032976120774627	1056	7617
NSA2	down	-0.372371454376943	0.0879419962335374	0.0001783266855748	-0.297117265035505	0.0013274389964065	-0.289780230176704	0.0044332239675685	-0.393563680820931	0.000197925459474	1057	7616
CA12	down	-0.248375063282067	0.0586617859252317	0.0001783696371073	-0.139722754104833	0.0105582343594434	-0.590048122343751	2.37585258133777e-08	-0.409836870825853	0.0001021554940737	1058	7615
LMF1	up	0.432004434804441	0.102083225326066	0.0001799003622222	0.286335901340533	0.0062301183135016	0.412235945127651	0.0002070421532757	0.410600463210354	0.0015656390625392	1059	452
SPAG16	down	-0.472830018882329	0.111753043042565	0.0001804182886933	-0.255776957970012	0.0236689217333632	-0.43986278523995	0.0006567338868441	-0.618480271090663	2.9115517655165e-05	1060	7614
ZNF282	up	0.376296231490346	0.0890313287062932	0.0001838615966706	0.321650216440233	0.0002298423017785	0.304662398340197	0.0050918920732419	0.343274307205697	0.0028607379024125	1061	453
FAM168A	up	0.323435058392438	0.0765543101429832	0.0001850394260132	0.267928532065915	0.0012106768379324	0.315139071530162	0.0002968929100236	0.266738717470778	0.0063054025543187	1062	454
POC1B	up	0.342446509097253	0.0810594711194794	0.000185092818729	0.215692942959619	0.0055249293751215	0.502877132262604	1.33846893334307e-05	0.392705060652994	0.0013192459785598	1063	455
ATXN2L	up	0.437399667936284	0.103542257020982	0.0001851438666851	0.343357728899559	0.0008142646730952	0.322202055375677	0.0088554707528346	0.410853650965205	0.0003781757798991	1064	456
SMU1	down	-0.346587566218854	0.0820874858247725	0.0001864235262515	-0.274109319302413	0.0010949155888399	-0.242363891903763	0.0218780540329893	-0.395655023296671	7.99771867667776e-05	1067	7611
ANKS3	up	0.433982080200355	0.102834892568301	0.000187724826761	0.323317009825886	0.0036778912676746	0.36639920211101	0.0004109646146473	0.383133893375638	0.0026718996907917	1069	457
ENSG00000276256	down	-0.574530018801664	0.136147073248299	0.0001877668290947	-0.39950921742742	0.0020461890993791	-0.427751213543387	0.0028261336029947	-0.462130552080065	0.0011283913488426	1070	7609
ZMIZ2	up	0.404219386481184	0.0958008959727719	0.0001880516437636	0.198867402231634	0.0342195825525492	0.482603789920963	0.0002834286991451	0.455721346517329	4.48786136577005e-05	1071	458
SLC36A1	down	-0.398789435389548	0.0945233229313207	0.000188223838884	-0.229853721778336	0.0333109507072962	-0.386229741954299	0.0001329263443892	-0.340733276539376	0.002359211913396	1072	7608
FAM118A	up	0.588479444906218	0.139553185822755	0.0001897633426469	0.40074166534097	0.0019519583741924	0.460735495985812	0.0011824912595608	0.487402984525547	0.0026386695306305	1073	459
ACOT2	down	-0.360708704754175	0.0855459105305541	0.0001897633426469	-0.314121449773186	0.0003109598444744	-0.272933188287222	0.0064137421410611	-0.390110910716107	0.0005434286910375	1074	7607
GLOD4	down	-0.450713542916761	0.106950759270195	0.0001913148747912	-0.342943002101522	0.0008927714242511	-0.348684174687406	0.0062384383072089	-0.420510103375349	0.0004705300422535	1077	7604
COMMD2	down	-0.357689899751266	0.0848809492877157	0.0001913148747912	-0.264841720239293	0.0026883179455109	-0.312656651819551	0.003010753568199	-0.370553919352165	0.0001759406021286	1078	7603
RANBP17	up	0.392826387297751	0.093267125723202	0.00019298916857	0.296060493422943	0.0018990472255499	0.434561977596747	0.0001596303443189	0.282307091922603	0.0118274140467216	1079	460
FGD5-AS1	down	-0.520760095967836	0.123660009573309	0.0001933380271768	-0.38593301287264	0.0011829534311853	-0.377245781857641	0.0046567443879896	-0.472095224222815	0.0006626329220164	1080	7602
YIPF2	up	0.444900337621195	0.105661397231589	0.0001936742282756	0.351432702467955	0.0015937607635882	0.309046290419777	0.0068482312488698	0.465051289919016	0.0001964052367118	1081	461
MAP2K5	up	0.295826248951882	0.070268057957012	0.0001940576066696	0.312270904703287	6.47221318734481e-05	0.215843509356001	0.0143438028351727	0.215159805895816	0.0214478399209086	1082	462
CISD2	down	-0.44902297212186	0.10678643765283	0.0001983010848487	-0.351771413076079	0.0006754311254727	-0.336140270522397	0.0067697550956482	-0.423952073400547	0.0005881167497441	1083	7601
SELENOT	down	-0.607216170672349	0.144418175903486	0.0001983811108211	-0.430165523644154	0.0012012548277462	-0.433342330952057	0.0033539555063432	-0.500846886067066	0.0020214239636728	1084	7600
BMPR2	up	0.357963811617246	0.0851482050143306	0.0001986895381591	0.304792562046655	0.0008226411072077	0.205189251357857	0.0309811363337247	0.544297946820152	1.20840539226818e-05	1085	463
HEPACAM2	down	-0.655510229847858	0.156054667007243	0.0002012596857955	-0.41400734226794	0.0118879012212473	-0.510276630531763	0.0003824870104324	-0.602922335071672	0.0076027124152376	1087	7598
CYB5B	down	-0.252942701492392	0.0602176367210134	0.0002012596857955	-0.246375232275858	0.0012740227193456	-0.286022943312921	0.0001596885034786	-0.186110366117116	0.0075648565368398	1088	7597
PRKRIP1	up	0.391222264852676	0.093144777206876	0.0002013618916763	0.299926442580186	0.0013025033095444	0.365758086204252	0.00053903131477	0.350142370942356	0.0028505976976835	1089	464
EFNA5	down	-0.446619337083501	0.10639227287615	0.0002032284247591	-0.273643169965328	0.010674233188982	-0.445278927857851	0.0001487291156515	-0.447864059598602	0.0012337813216005	1090	7596
BRD3	up	0.285250705416395	0.0679571014541174	0.0002033504086439	0.244805812962008	0.0025716194258492	0.265154861962823	0.0003260231780523	0.256378385705763	0.0027216058512243	1091	465
TMEM164	down	-0.25340794908997	0.0603830568477155	0.0002039172983222	-0.196750305151993	0.0046016969302888	-0.19119331937943	0.0115729731385182	-0.315147816209198	4.68613573642029e-05	1092	7595
PPP2CA	down	-0.702286430703485	0.167413406563675	0.0002051220039724	-0.49131874815754	0.0010349072475363	-0.431085713638652	0.0134579133881902	-0.620604868983937	0.0011151315712126	1094	7593
BRAT1	up	0.46706991628161	0.111408905846868	0.0002071860406583	0.322683052352096	0.0036746919865168	0.430686396060826	0.0005853336213228	0.388326484896559	0.0016581934057179	1095	466
PAQR5	down	-0.41165627985867	0.0981948437744188	0.0002071860406583	-0.2769281671926	0.0029950342740947	-0.483868688823026	0.00304723737026	-0.743410287443171	1.21546211573342e-06	1096	7592
NDUFB1	down	-0.345996318245882	0.0825496670939801	0.000207790660886	-0.297832976528366	0.0003998974730828	-0.282906776208576	0.0047988385160907	-0.325147010274678	0.0010395742710873	1097	7591
ZNF710	up	0.369945037873847	0.0882783144284318	0.0002082468780392	0.379943155436338	0.0003580399639966	0.19192143180535	0.0323400461544394	0.517106866004783	2.49214849702787e-05	1098	467
ITPA	up	0.316356033992586	0.0755097775180102	0.0002090245961963	0.182988656616456	0.0195709269623432	0.405780443638106	3.06317592382912e-05	0.288041108437995	0.0029564688126408	1099	468
C2CD2	up	0.376595456171923	0.0898922749277659	0.0002090245961963	0.313817457748998	0.0007600773777255	0.362897143567814	0.0010672870692275	0.300330613054423	0.0028165143363563	1100	469
RNF216	up	0.312243850357866	0.0745557125995755	0.0002100784845487	0.283819074779714	0.0002647527735684	0.245200869941439	0.0082212622170813	0.302590659100042	0.0009750344269631	1101	470
CBFB	up	0.28081580429994	0.0670619429671549	0.0002101441107462	0.232382488286068	0.0004836586625321	0.263027516748552	0.0049672562285609	0.33675849667549	0.0002516385535441	1103	472
SMIM19	down	-0.312145157943249	0.0747273407762715	0.0002194410592789	-0.263634381635066	0.0007813547080802	-0.220050555039557	0.0286355815048668	-0.327164245651786	0.0001622818887023	1106	7588
UBE2H	up	0.21815365170535	0.0522320729705272	0.0002197238059354	0.189882428280297	0.0010958999038954	0.203203218668231	0.0039878362554349	0.226374603911046	0.0002625767326404	1107	473
CHD7	up	0.291417831925918	0.0698121514843236	0.0002217633054663	0.194755336139974	0.0082514968371237	0.326128690564838	7.75629732874003e-05	0.382172418947708	0.0006854272505796	1108	474
RBM22	down	-0.563559813824219	0.135085237233368	0.0002239408290435	-0.382490389978804	0.0029012300280516	-0.396810313055462	0.0056745177178942	-0.563219231868891	0.0002898621433105	1109	7587
CORO7	up	0.498491953860466	0.119581907444414	0.000226962297916	0.306247928304653	0.0070351716334983	0.500916457645313	0.0004352030229518	0.511992456392847	0.0003868905982945	1110	475
POMP	down	-0.410305020539197	0.0984458123734645	0.0002275525973306	-0.334630067411575	0.0014072948736424	-0.368269410085086	0.0006010032880693	-0.309801467725835	0.006644839067146	1111	7586
GCN1	up	0.227434474154102	0.0545778759341754	0.00022781872351	0.159513880196458	0.0063361166997867	0.252497120578786	0.0008111665402024	0.282836316214017	9.99795325939026e-05	1112	476
DYM	up	0.21740257112395	0.0521721190597443	0.00022781872351	0.228457630793	0.0001060576630259	0.174692228623109	0.0053541313476629	0.176808144576445	0.0448334316601752	1113	477
ARL1	down	-0.501387906027517	0.120325071061251	0.00022781872351	-0.275518539453145	0.0232844097807846	-0.483995483750315	0.0001038099623663	-0.395004438528303	0.0130466517048621	1114	7585
LAMTOR5	down	-0.411089388190258	0.0987513722728042	0.0002315056014796	-0.303454419999107	0.0013498085710227	-0.375535887440575	0.0017750626634897	-0.452942683361546	0.000371629140726	1116	7583
C18orf32	down	-0.501052428751224	0.120391852066313	0.0002322095557047	-0.36015770084526	0.0018086625897266	-0.422839211801738	0.0007649570793364	-0.40223392693735	0.0063531233821069	1117	7582
FKBP4	down	-0.368810506158207	0.0886186484010892	0.0002322095557047	-0.306216443827574	0.0004659405276216	-0.333263122314416	0.0019921922183018	-0.312328426294411	0.0038526877862328	1118	7581
MMUT	down	-0.455835990212499	0.109651148833035	0.0002365958213148	-0.323989677331708	0.0042579728592453	-0.380404839192366	0.0006422637671741	-0.446278475961329	0.0012726667114859	1119	7580
PAPOLA	down	-0.332035356756029	0.07987210111139	0.0002365958213148	-0.227529928196367	0.0110849223800421	-0.271363385107167	0.0018188262968028	-0.485626233518802	3.20391453713098e-05	1120	7579
LPAR1	down	-0.278743652051027	0.0670848963658636	0.0002384620085504	-0.203460206507337	0.001130375938414	-0.638263847104302	1.46880313012243e-06	-0.55654249061422	4.35847648382337e-05	1121	7578
PEX11B	down	-0.438496092086546	0.105560781485582	0.0002394194880177	-0.367457674794908	0.0007671764252229	-0.247081740357933	0.0318214389564434	-0.520813772052443	9.30305498034745e-05	1122	7577
ZNF706	down	-0.335802070553037	0.0808584341753544	0.0002400459472111	-0.290501431250232	0.0006750986620394	-0.310786548668292	0.0013173474600989	-0.278713902058375	0.002982384398352	1124	7576
TMED4	down	-0.267812689015381	0.0644950598807752	0.0002403679204659	-0.235385008042807	0.0009861188335574	-0.245108054409306	0.0008055274538993	-0.259463604252825	0.0018879958048888	1125	7575
DENND4B	up	0.41859554521126	0.100857179031946	0.000242340484715	0.291829128079538	0.0037595024496965	0.40045479609544	0.0027150196866514	0.386513106860306	0.0003245371929608	1126	479
RIDA	down	-0.533903779763159	0.128666751062696	0.0002428440602093	-0.391347183175831	0.0011159287416404	-0.395624360582048	0.0045760776821692	-0.551287949753576	0.0005767490670832	1127	7574
MIEN1	down	-0.418212219268998	0.10078622237779	0.0002428440602093	-0.305742985521046	0.0027137776583339	-0.411311708882759	0.0003710390712307	-0.329391681477256	0.005144484203706	1128	7573
AKAP8L	up	0.354772328469049	0.0855102785807791	0.0002432792011125	0.301923716419435	0.0009393121862939	0.252658651127899	0.0090782832215785	0.407866294779619	0.0001813486323474	1129	480
ZNF589	up	0.347524168191089	0.0837744715235701	0.0002436538142214	0.291563722660354	0.0002954362172112	0.290038571412568	0.0097814120972477	0.353610994435476	0.0011250610625215	1130	481
C22orf39	down	-0.36956925349634	0.0891630362155531	0.0002471231108549	-0.320286331472686	0.0002048911797768	-0.232942761307617	0.0465372917841542	-0.381642773125058	0.0008379409227243	1131	7572
TCOF1	up	0.466725528398543	0.112608163285743	0.0002471231108549	0.24495985412062	0.0269501317965691	0.373422779011073	0.0090550914814675	0.511965438534295	3.83475431022337e-05	1132	482
COMMD6	down	-0.45558134100781	0.109983712498302	0.0002495304420803	-0.35327441340162	0.0007263910156687	-0.356394358691496	0.0041181136126176	-0.477750607759106	0.0007467997064244	1133	7571
GNAI2	up	0.514230224893184	0.124160425572581	0.000249966057451	0.264415460759191	0.0347414417299647	0.401243641462121	0.0076846599391024	0.732849934085064	7.36353090352027e-06	1134	483
MRFAP1	down	-0.419321860499251	0.101259328379304	0.0002503899445366	-0.365253706252332	0.0005297279419262	-0.322217302290027	0.0038091760736912	-0.349016477554846	0.002866164329664	1135	7570
USP36	up	0.370992048378541	0.0896817498085339	0.0002545323980515	0.281295903191245	0.0032198814480409	0.377867284598339	0.0004228639711535	0.301703180300286	0.0026931700278472	1137	484
NDUFA8	down	-0.328419989851303	0.0793918171027345	0.0002545323980515	-0.291158750410078	0.0003392852393244	-0.289796377654427	0.0033449567624885	-0.275241037561986	0.0041441088825947	1138	7568
KGD4	down	-0.255891283057517	0.061893321126873	0.0002568754164061	-0.199159620292798	0.0014740160356701	-0.294690507869271	0.0002741777551892	-0.345427011561415	0.000745910004929	1139	7567
CNIH1	down	-0.47557841529336	0.115061504805976	0.0002577196204582	-0.378112640964074	0.0016004166597212	-0.308269402198597	0.0120067096061975	-0.475192064168121	0.0002913480957068	1140	7566
C16orf96	down	-0.509024042734584	0.123153883466048	0.0002577196204582	-0.396175440761225	0.0005243473412038	-0.330363507467209	0.0204128744454751	-0.477839616837078	0.0009664423214722	1141	7565
ENDOD1	down	-0.42950249452833	0.103955686431261	0.0002593425063752	-0.217127192434456	0.0473592347748347	-0.520164299757777	5.76419164098896e-05	-0.316512516432487	0.0050794879509948	1142	7564
SPMIP4	down	-0.451713675033154	0.109347150071021	0.0002597778366895	-0.31890603491044	0.0057838782031269	-0.390856148452715	0.0075835659577012	-0.903712761538698	1.8745319849689e-06	1143	7563
DAD1	down	-0.49038491788526	0.118757376854873	0.0002614826156517	-0.426917674832228	0.0004146375556378	-0.370559459279854	0.0062551778154952	-0.3438110881645	0.008638472394767	1144	7562
FPGS	up	0.3776570114203	0.0914688241296822	0.0002617314255628	0.237276564360693	0.0070762535286677	0.478040584437092	0.0001465973882483	0.412880894979658	0.0004118146207245	1145	485
NCOA4	down	-0.420911318367187	0.101948149480376	0.0002617314255628	-0.278226627777991	0.0126027650159117	-0.339899480461592	0.001238138217164	-0.475694695047151	0.000234201088238	1146	7561
DCTN2	down	-0.278369938442107	0.0675503724256756	0.0002699952449563	-0.243796891784321	0.0003278348160831	-0.249698899949571	0.0036187344961666	-0.321182273843304	0.0012411711368066	1149	7558
IL15RA	up	0.349205208878489	0.0847616093836921	0.0002709915364526	0.236284680916926	0.0137840942914065	0.34088440178731	0.0002238901719534	0.309512633463573	0.0028088939472782	1150	486
PRR13	down	-0.492469632209657	0.119540907259731	0.0002709915364526	-0.348629182646018	0.0031870617849835	-0.459990072740426	0.0004094715310207	-0.331138834069275	0.0169040993446123	1151	7557
MAD1L1	up	0.330807886040444	0.0803519228030818	0.0002736932616064	0.249887884594026	0.0018832850837998	0.323817394382696	0.0009412504352143	0.409616523691645	0.0003427874997185	1153	488
SORD	up	0.490398388831721	0.119167076989631	0.0002755639451735	0.284105756911458	0.014545841455559	0.423841467646623	0.002146232216467	0.502151298308672	0.0001701928248203	1154	489
SMARCC1	up	0.251984156113702	0.06126829978197	0.0002779864124991	0.199233518217159	0.0041977939453666	0.291111296983169	0.0001400868810338	0.20230465015489	0.0090360945874169	1156	490
DEAF1	up	0.415714669591004	0.101127149365808	0.0002801468307293	0.266703759958205	0.0067229349454768	0.380054383815777	0.002704822331665	0.487649177722967	8.69637886448713e-05	1157	491
DEDD	down	-0.32485950292667	0.0790324652992645	0.0002803359840771	-0.272330757997051	0.0008994530006657	-0.332081868176995	0.0005297598595983	-0.252011798987078	0.0101918964396229	1158	7555
HLA-C	down	-0.402428092012075	0.0979461289342747	0.0002822720145325	-0.326308524837359	0.0014824444717246	-0.349674083180823	0.0008969740460571	-0.318202843282976	0.0055264181396015	1159	7554
CBR1	down	-0.474701676294277	0.115560112676027	0.0002829663546825	-0.475500115112011	0.0001996848178841	-0.245169551213972	0.0422845729632968	-0.474383571663542	0.0007840143787606	1160	7553
TRIM16	up	0.312143121863716	0.0759897225605061	0.0002829663546825	0.267411714155175	0.000928163334295	0.24376947027775	0.0051884016909707	0.548905863207241	2.92196563302896e-05	1161	492
AHCYL2	down	-0.312771361722187	0.076147991052893	0.0002830746658453	-0.217912477143361	0.0119124890650006	-0.317994304133202	0.0001296536260408	-0.269201811237718	0.012074552051287	1162	7552
STXBP6	up	0.403358069320527	0.0982303222917339	0.0002842625577308	0.292692750331015	0.003856447911211	0.367782986864963	0.0010318088769669	0.354607158583399	0.0011395446597968	1163	493
CHRAC1	down	-0.426309581019494	0.103917094120431	0.0002887838082764	-0.310666907275488	0.0024239389036594	-0.369478881803181	0.0024955638442002	-0.385266222083772	0.0007440061652571	1164	7551
ARL3	up	0.378491890297615	0.0923907955240399	0.0002954888797719	0.217804321557191	0.029062646972613	0.316621241760432	0.0028456904158725	0.415691955865768	0.0001033444400918	1166	495
COX7B	down	-0.576882394383588	0.140823492675442	0.0002954888797719	-0.255270107028012	0.0491363217693023	-0.699323202244353	3.00783059479226e-05	-0.576016749875478	0.0022348887427654	1167	7550
ZMYM2	up	0.327064929883487	0.0798463885790413	0.0002956386158824	0.284320912876988	0.0003346418026772	0.271082801645773	0.0067794159077917	0.312506157926116	0.0024318426966979	1168	496
CASP7	down	-0.474154219530638	0.115883043532793	0.0003011973331201	-0.315519770147326	0.0081478343177601	-0.461301579562919	0.0003270903471649	-0.339038512131061	0.0073810805368418	1169	7549
CCDC50	down	-0.432209517656153	0.105704535776612	0.0003046164583971	-0.279645060910605	0.0060863586890751	-0.475067260120168	0.0001219059462175	-0.418004657082878	0.0064687607963824	1170	7548
NUPR2P1	up	0.311052445604878	0.076088373930963	0.0003054125826648	0.259055962605634	0.0017155968333062	0.280826241005282	0.0011541394844925	0.288471351975194	0.0015352551857779	1171	497
C9orf152	down	-0.499317774421933	0.122176909591469	0.0003064715529356	-0.255842610744134	0.0321666397867799	-0.394571397924123	0.0057290666971893	-0.567198826755841	4.90807024756679e-05	1173	7546
RPN1	down	-0.323700900398866	0.0793418955314388	0.0003153364332384	-0.277464063201669	0.0006701025795623	-0.28547020799746	0.0018802867515244	-0.291966393858578	0.0034260921677977	1175	7544
KDELR2	down	-0.346237455319426	0.0848974546657123	0.0003171364196503	-0.256878452838889	0.0039786156305399	-0.448914240276471	9.50469590907943e-05	-0.238518589392862	0.0147291640466408	1176	7543
ARSB	up	0.500529177661714	0.122762261921963	0.0003183397587406	0.322735245376536	0.004493207249222	0.772395012170804	5.57673756779839e-05	0.491338866022736	0.0036698522388266	1177	498
MRTO4	up	0.439541922545038	0.107842928434642	0.0003200764133996	0.223292062409718	0.0419663382488519	0.576797471915984	2.07027107163434e-05	0.258031652992039	0.0357977476888663	1178	499
CDKN1B	down	-0.688775819041846	0.169018052003287	0.0003203862941943	-0.395709616645076	0.0075058297841228	-0.55930078714541	0.001370424113637	-0.577628858178342	0.0018822742609764	1179	7542
DHRS1	down	-0.38293254685015	0.0939697626735926	0.0003203862941943	-0.298638248481426	0.0014915821783446	-0.326300148200535	0.0023199775338019	-0.364341610438807	0.0010870317096713	1180	7541
SERINC1	down	-0.516262591709624	0.126746679004461	0.0003225433853332	-0.355862391695075	0.0032312844849223	-0.408905508232218	0.0017508771543954	-0.483695402759472	0.001247664111348	1182	7539
BRINP3	down	-0.467564973309096	0.114811128493823	0.0003232598984057	-0.32716485443083	0.0024652238260951	-0.885787811984789	0.000140756816381	-1.35221457919978	1.93464577802338e-07	1183	7538
TCEAL8	down	-0.644640268773225	0.158475683309779	0.0003295914908163	-0.378866172320303	0.0105816244101158	-0.540656966684154	0.0011578066937564	-0.686427315047359	0.0004676152347801	1184	7537
SLC17A4	down	-0.688539947402607	0.169362618332766	0.0003322654989699	-0.443616314640407	0.0025362470457726	-0.623309979896649	0.0011785378748817	-0.622984428023187	0.0045426902608419	1186	7535
VPS53	up	0.264322325960605	0.0650373280008394	0.0003336189491407	0.150841243521341	0.0234098440327637	0.298907746690275	0.0007572216136866	0.351448885718952	4.2580368764794e-05	1187	500
SMDT1	down	-0.417181269064391	0.102649422198185	0.0003336189491407	-0.362180673592867	0.000345881895398	-0.27751625727233	0.0196951571792328	-0.38961723222792	0.0020439813979452	1188	7534
HNRNPA3	down	-0.326348589141863	0.0803174548105619	0.0003346308644088	-0.296980557925373	0.0003364429005631	-0.222551606285513	0.0337839415318537	-0.307944257861478	0.0009670462036279	1189	7533
COX19	up	0.341275483091926	0.0840103564339954	0.0003356865614347	0.293547693482893	0.0006740159530175	0.286715446003241	0.0047855668285308	0.301368498991767	0.0017484915077676	1190	501
EWSR1	down	-0.255268929402449	0.0628612059532175	0.0003371866046748	-0.24225373009512	0.00036829754077	-0.210364538076223	0.0110509191363884	-0.238052716021347	0.0013096768825693	1192	7531
TMBIM6	down	-0.341718168154358	0.0841665546922967	0.0003375921628732	-0.288683687832729	0.0015354158204912	-0.300569676931452	0.0024701357121158	-0.295054132919171	0.0013375899190274	1194	7529
KDM2B	up	0.418781537539326	0.103242815769807	0.000342731566861	0.269594851377608	0.009216572685366	0.638303150184059	2.41613447965853e-05	0.270029247929479	0.0297032183623874	1196	502
DR1	down	-0.469800024003146	0.115878909275198	0.0003453342627249	-0.305424688935399	0.0081062951578214	-0.432819491933713	0.0003699690670219	-0.368734438161884	0.0084073772884646	1197	7527
KCTD10	down	-0.364190546720556	0.0898322311623668	0.0003453342627249	-0.26959220039112	0.0024462757635199	-0.353692097603069	0.0007896436042017	-0.371805870184543	0.0013252743171094	1198	7526
DNMT3A	up	0.417235243545192	0.103087763478303	0.0003548344790107	0.397153209377735	0.0002184227642552	0.315861392371657	0.0114537075037956	0.257238047408668	0.0336647578953308	1200	504
CDK14	up	0.468067134340753	0.11572720057723	0.0003585130793351	0.291340855564823	0.0107548907344164	0.492986099483355	0.0002078941634054	0.334270781318562	0.0117915603633546	1202	505
SETDB1	up	0.264026063234705	0.0653079939980695	0.0003606618801554	0.228791971066751	0.002165176829414	0.25938440803093	0.001834238274847	0.237558643422842	0.0009421708638256	1204	507
TOB1	down	-0.611199627104392	0.151197475243982	0.0003609628996899	-0.382329989953524	0.0042088350867698	-0.464756142048209	0.0042657637523761	-0.542510373821386	0.0009248967255153	1205	7524
STAT5A	up	0.423071181326	0.104665974464357	0.0003611023397284	0.3201759828624	0.0011745424651617	0.366502181776188	0.0049663429652727	0.3809923732845	0.0012289895702071	1206	508
UQCRH	down	-0.329992712210017	0.08165374110039	0.0003619459027092	-0.288930427085392	0.0005364369438477	-0.283315247490535	0.0060262199596805	-0.283463055347262	0.0024757480449871	1207	7523
HMGB3	down	-0.491714436389738	0.121687235206877	0.0003625130815112	-0.422377351558688	0.0006984384720583	-0.361243148499707	0.0069691811089405	-0.358583261866696	0.006074258948155	1208	7522
SDCBP	down	-0.613391186543057	0.151836455487527	0.0003637461691276	-0.371114631540768	0.0083349704836709	-0.495601705167431	0.0015508502022845	-0.62352952485234	0.0006598384115247	1209	7521
STEAP2	down	-0.635298821519918	0.157335134298644	0.0003663332374066	-0.431652323563192	0.0016012375524793	-0.409498242043753	0.0151531149738258	-0.534422117541861	0.0017259344934713	1210	7520
EIF4G2	down	-0.545645011343482	0.135135419735787	0.0003663332374066	-0.330949736815195	0.0119922880688836	-0.430715518215232	0.0016301597632862	-0.553292932786925	0.0005559926881959	1211	7519
DMWD	up	0.387644794109383	0.0960433547452805	0.000368543866369	0.300997870269127	0.0009136151082303	0.288125676273196	0.0191769333420425	0.485772016818484	0.0001706873980359	1212	509
GNG12	down	-0.362437197640446	0.0898345376528688	0.0003705498893434	-0.234306054675149	0.0125259916447623	-0.369947218722243	0.0003302286830704	-0.343841691849505	0.0015785080114142	1214	7517
PFDN6	down	-0.434903603948678	0.107826989344861	0.0003720636382652	-0.344044579796596	0.0006685771346003	-0.369739131372105	0.0034740813626548	-0.336603017973504	0.0116438014467548	1215	7516
DNPH1	down	-0.42738750336146	0.106023298426884	0.000375374736281	-0.340343038282992	0.0008907534142373	-0.303692405925142	0.013824252352424	-0.406075429000676	0.0008601206859721	1216	7515
PPP1CB	down	-0.418597039923879	0.10385559282416	0.0003758706279036	-0.280454973160528	0.0076739550497279	-0.368503312983684	0.0011931019435738	-0.410119074379169	0.0007345600613866	1217	7514
IL18	up	0.333211776368796	0.0826880487056728	0.0003768789797499	0.19202165370706	0.0331502961109426	0.35476196424058	0.000231399852667	0.313598899982562	0.0013588420128111	1218	510
BRPF3	down	-0.376421370761867	0.0934529524235758	0.0003794984579348	-0.247554504437961	0.0122537828020048	-0.543244864107492	4.52357820753813e-05	-0.255876066899307	0.0126454114414843	1219	7513
ENSG00000270149	up	0.421036565968614	0.104569406323271	0.0003816781510133	0.309512461583058	0.0034671164898777	0.366934187010952	0.0014915435117993	0.35624594600241	0.0018946202391004	1220	511
C1orf159	up	0.411916078019931	0.102326719968235	0.0003828029874923	0.29816702960348	0.0036606473435122	0.344013106514219	0.0024219906109686	0.39679783673184	0.0007542539594112	1221	512
MRPS30	down	-0.472624659307932	0.117481323563266	0.0003862936799426	-0.40528201049232	0.000414649493558	-0.256591827100865	0.0473228679742531	-0.47587036796481	0.0009062153016322	1223	7511
PGGT1B	down	-0.482995395802848	0.120185221615937	0.000392952837849	-0.322087276729902	0.0043553657991237	-0.377570323788792	0.0078857635142556	-0.591164291471751	0.0001095222643295	1224	7510
GOLGA8A	up	0.603296720745148	0.150152465570395	0.0003940748054886	0.424239836102414	0.0021535634531287	0.483380734003495	0.0020574341642183	0.364513215347612	0.0286316044853595	1225	513
B4GALT7	up	0.442765911055508	0.110248135575861	0.0003967863537282	0.278589289129604	0.0082061594202718	0.419625309768198	0.0015319883748831	0.473292174957912	0.0002959930553475	1226	514
NOD1	up	0.402974929404905	0.100395192351559	0.0004001758949679	0.308525968194658	0.002942288661917	0.368569897475563	0.0007600756149564	0.311182577547157	0.0070517640988296	1227	515
SS18L2	down	-0.558326805580792	0.139191265241101	0.0004043938943371	-0.42375550466521	0.0017680078841396	-0.478089148648224	0.0017800608472908	-0.346596457339808	0.0179147448350218	1228	7509
NUP160	up	0.315763108834684	0.0787267994722321	0.0004046613311615	0.268719329213882	0.0010400956995542	0.325064268276476	0.0005331781207683	0.212610472617734	0.036291595975968	1229	516
ZNF611	up	0.303003137340427	0.0755642205901975	0.0004060418835381	0.2722226154567	0.0016007457524075	0.253788295547713	0.0012643957827122	0.325444613414813	0.0020243939033808	1230	517
EAPP	down	-0.220668071615479	0.0550462031123874	0.0004076003905109	-0.109206287477467	0.0396394446369361	-0.215821743639163	0.0097275633209075	-0.40653829909954	4.71353511222183e-07	1231	7508
PCGF5	down	-0.338708358439573	0.0845091326979755	0.00040870210381	-0.235621381446136	0.0105462560384575	-0.269408925711706	0.0042121859283621	-0.407911458703098	0.0001400477247931	1232	7507
BCL2L11	down	-0.544603381287588	0.135902303655575	0.000409468826226	-0.273340058448665	0.0356907386243588	-0.477802680504638	0.0016578128430154	-0.610306217975653	0.0001368075208009	1233	7506
TRIM66	up	0.406329940400271	0.101413826462668	0.0004102866692258	0.247077191937807	0.0133092564981591	0.41773004903886	0.0006069038601015	0.411308749790204	0.0005613001024081	1234	518
KIAA0319L	up	0.214251846059471	0.0534849089139079	0.0004113706060439	0.179357311213643	0.0012634565647706	0.226977821418194	0.0007430926673876	0.295842192484289	0.0011802248655309	1235	519
CCDC125	up	0.270059101619137	0.0674275918119707	0.000411863298595	0.277544684063623	0.0001913443438257	0.169338135328778	0.0300128051229901	0.326655169119574	0.000658326743582	1237	520
SCAMP2	down	-0.298934374393947	0.0746863675499255	0.0004161559452107	-0.203688950289847	0.0129200609115795	-0.350986008685809	0.0001460547636746	-0.239626387913516	0.0078334425249149	1238	7504
KLHL42	up	0.393880221317336	0.0984208517276411	0.0004167520985116	0.302373897439614	0.0029822639756524	0.237232783640857	0.0282856213462973	0.520691082076983	5.77310808522876e-05	1239	521
SLC35A1	down	-0.592838537713618	0.148144920423139	0.0004168605699925	-0.345180569597678	0.0107217341768705	-0.564856306930734	0.0008202622600768	-0.452147416331131	0.0032892155327101	1240	7503
PEX11A	down	-0.405557136053514	0.101394870695756	0.0004196648414433	-0.322708713138514	0.0011852083280707	-0.323874036573484	0.0050616743026769	-0.358316263176293	0.0018174860784827	1242	7501
TXNL1	down	-0.328361116330045	0.0821044239496342	0.0004198207442609	-0.221832898322373	0.009035489805304	-0.231104643624515	0.0200750671510769	-0.439701494600591	3.77130637991829e-05	1244	7499
RAD9A	up	0.366117301393194	0.0915596157782877	0.0004206089449304	0.361501482615456	0.0003479872172602	0.267457157552383	0.0062641017023028	0.311405190335688	0.0096111491306856	1245	522
MRPL47	down	-0.449385300911991	0.112424108558673	0.0004228427624241	-0.378655653017029	0.0005586505198899	-0.309428937622494	0.0187243014553801	-0.355994830086307	0.004413721369225	1246	7498
LGALS9	down	-0.388761069642941	0.0973492120145046	0.000429269165839	-0.258817898006501	0.0060685365786569	-0.399927932360536	0.0007417472782388	-0.418442248838809	0.0006051081420592	1247	7497
TECPR1	up	0.450678997483604	0.112873020899208	0.0004301441841628	0.333682338218853	0.0027927684052523	0.296351976965717	0.0168887914560104	0.585167723716154	9.48897389791918e-05	1248	523
GUCA2A	down	-1.42871420428347	0.358331984266622	0.000440201691804	-0.664305118687641	0.0132777070324932	-0.820637320649304	0.015381264271797	-0.955447988632728	0.0144542567077013	1249	7496
KCNQ1	up	0.316550954388356	0.0794038497337994	0.0004408325424917	0.196054879202146	0.0237545715429187	0.649799347256967	6.25708962577074e-06	0.249461668785387	0.0058432226699278	1250	524
WWP2	up	0.291030865685541	0.073074246383837	0.000447813438668	0.243452801484166	0.0012924060248724	0.234650338620718	0.0085598930602386	0.332384772933709	0.0003960520790959	1251	525
FCSK	up	0.44264039095631	0.11118068977666	0.0004501057296086	0.339861945103263	0.0009882467441084	0.394968507412932	0.0025129960133817	0.338348523220472	0.0125480762522825	1252	526
STK39	up	0.328364383737913	0.0824814504081941	0.0004501269401844	0.251004548532566	0.0013837712944392	0.576579784324987	7.83024281681444e-05	0.286664703662408	0.0183919180068092	1253	527
PHAF1	up	0.331801618643555	0.0833538975950099	0.0004505868803119	0.267232409047203	0.0026031839810234	0.303039743278229	0.0006524527925844	0.288111678070514	0.0095450217754508	1254	528
H3-3B	down	-0.356678524764607	0.0896179711248204	0.0004514573882095	-0.277547442563567	0.0045186357516864	-0.362688553897556	0.0004165119335876	-0.261552530147765	0.010772503164591	1255	7495
APOOL	down	-0.45455288605556	0.114274565679507	0.0004554116240964	-0.315563506083737	0.002814231189354	-0.325467813130524	0.0243752499573491	-0.554500387438497	0.0001181159912841	1256	7494
PCTP	down	-0.445038370300796	0.111897065382425	0.0004556704611423	-0.316567486804801	0.0037727994839428	-0.414071407490565	0.0007486595040768	-0.337125855727263	0.0090436726258791	1258	7492
ENSG00000262879	up	0.353237669276784	0.0888624691888616	0.0004587970336647	0.224052812015784	0.0269821719430752	0.365485850228249	0.0001521607119279	0.229036091719619	0.0378998006518507	1259	529
PPP1R26-AS1	up	0.362386153147614	0.0911690720318455	0.0004587970336647	0.40096093217668	0.0001607939730845	0.210803281391975	0.0360135229506067	0.321751427214041	0.0038430984265405	1260	530
TENT4A	up	0.296518197029617	0.0745982563050176	0.0004587970336647	0.179559130558899	0.0190266917588001	0.29554945081703	0.001391153052364	0.397135973600161	7.66638891853247e-05	1261	531
AK6	down	-0.357106212965507	0.0898445745612305	0.0004587970336647	-0.307102311624652	0.0006578110863818	-0.25664086377196	0.0246178790465283	-0.324225006034001	0.0012632089331201	1262	7491
ARL16	up	0.400270101365346	0.100724973000911	0.0004598805303143	0.301372198799238	0.0014489493202776	0.365710916886557	0.00316738904834	0.383739928498325	0.0014961675921618	1264	532
PHF21A	up	0.334671803874313	0.0842476547599803	0.0004622563888999	0.26652837590288	0.0022414535036808	0.296506031714562	0.001388370144477	0.337596705637819	0.0019155581623311	1265	533
DCTN6	down	-0.552224434002678	0.139071572446794	0.0004651669247225	-0.381898488903514	0.0017640176583041	-0.426389203654696	0.0057158475862327	-0.46962408056718	0.00272307010107	1266	7489
LPXN	down	-0.376673256717791	0.094869828394006	0.0004653697150731	-0.30338890383387	0.0006732132107497	-0.292781265439585	0.0186714410265539	-0.372082181277797	0.0012290132304235	1267	7488
ZDHHC6	down	-0.535264408415892	0.134822445766842	0.0004653697150731	-0.360711714256231	0.0034253248183915	-0.36187525023507	0.0151307774991457	-0.495018345207513	0.0006349799183189	1268	7487
LMO7	down	-0.448948132296906	0.1130816018107	0.0004653697150731	-0.390532252048355	0.0014169216552205	-0.478980364513351	0.0008807757596942	-0.286448010834185	0.0132232121277877	1269	7486
CRYL1	down	-0.304088440622617	0.0766147938072246	0.0004670938610461	-0.249319474507728	0.004159586554016	-0.217335548974479	0.0224458126319853	-0.31227768648139	0.0002536861513843	1270	7485
TBC1D19	up	0.373140687560977	0.0940333881808089	0.0004684609041171	0.300741907978809	0.0015937520233712	0.333881914138472	0.0012053251375753	0.295783932306256	0.0102702650738492	1271	534
ATP5IF1	down	-0.282989936232176	0.0713250887165613	0.0004688692740621	-0.275423078710006	0.0003238418587692	-0.204550118833148	0.0120616429090501	-0.343586554313258	0.0011467525771281	1272	7484
SLC12A2-DT	up	0.350760324514555	0.088406398554968	0.0004688692740621	0.29074546515528	0.0022571617286483	0.309170208528778	0.0047429830955672	0.298620414884754	0.0011544452761798	1273	535
PDE8A	down	-0.28200692742385	0.0711423556342269	0.0004752718237624	-0.150463105776129	0.0366353757875556	-0.235723549208869	0.0084857794297011	-0.457653701996973	4.87161998186103e-06	1275	7483
PLSCR1	down	-0.393109648635309	0.099181912974576	0.0004758141877483	-0.230082597128564	0.0219253569356586	-0.287984678510343	0.014322896406766	-0.461904218918247	7.10301109282385e-05	1276	7482
WDR73	up	0.343830541123839	0.0867617217913958	0.000476623664187	0.288411543712072	0.0012196135305051	0.278287064374116	0.0039387582907792	0.345754747043406	0.00145138735897	1277	537
VPS25	down	-0.372933274523217	0.0941336073686514	0.0004786206084311	-0.299107098286868	0.0014055516942262	-0.354469197095227	0.0022234479125647	-0.30401041835938	0.0036769104450894	1278	7481
EP400	up	0.304742166603551	0.0771137381437067	0.0004984557203424	0.241517542047072	0.0040305492966526	0.255320958210925	0.004630386246857	0.314576798968069	0.0004956027836645	1279	538
ETFA	down	-0.253168334289546	0.0640719871798386	0.0004991965228925	-0.221710253436497	0.0014010010523998	-0.27722324429332	0.0005335372968662	-0.194059168848064	0.0157598992263412	1280	7480
NARF	up	0.3781940236728	0.0957185022788369	0.0004992322774317	0.284617080118805	0.0020856095002864	0.304621091490184	0.008834967806477	0.406973528991445	0.0004422158479083	1281	539
RETSAT	down	-0.436397418595721	0.110465679584997	0.0004996741377772	-0.31827193719167	0.004513189059346	-0.373470968842491	0.0008833000560247	-0.339533800117344	0.0105520621595394	1282	7479
CLASRP	up	0.321961866193848	0.0814985684192042	0.0004996741377772	0.23670822080397	0.006394004512727	0.297665678625962	0.0014454361747189	0.324290419859756	0.000857226265755	1283	540
FDPS	up	0.491824371960601	0.124644209031424	0.0005091726341942	0.314315274450823	0.0061979949769866	0.391203800944105	0.0077711162676711	0.495035367061831	0.0003750700952383	1284	541
UNC50	down	-0.547152285522138	0.138770483001534	0.0005143164227001	-0.3895582236256	0.0028392926064432	-0.4952235924181	0.0012664068556566	-0.326160147834796	0.0313860459619167	1287	7477
ADGRG6	up	0.545125619709449	0.138285997238753	0.0005157245868785	0.327269894863238	0.0084106755621999	0.554497893779605	0.0008539975425622	0.475858103995121	0.0019525809869158	1288	543
PGPEP1	up	0.325976370290537	0.0826990231725498	0.0005159616922956	0.23668687429376	0.0035784248710138	0.407002779777454	0.0002067217864009	0.25758237083085	0.017367772537728	1289	544
ADGRL1	up	0.463243030975667	0.117613454484637	0.0005213044884334	0.318608845138285	0.0026686580483829	0.538486554786953	0.0006512694151008	0.500483418529418	0.0013631436501622	1292	547
TFAM	down	-0.54321768087721	0.137958300842322	0.0005229791637596	-0.28830335888342	0.029366335990219	-0.431183138683275	0.0029458381476396	-0.486478684364127	0.0006816693222603	1294	7475
PKP4	up	0.265705400917944	0.0675159642915113	0.0005267687736937	0.231899859840296	0.0005258777485722	0.236623965289183	0.0090536222514609	0.289940574110979	0.0017864936166966	1296	548
YIPF6	down	-0.443909753205925	0.112812974600582	0.0005273699718709	-0.266501311789978	0.01797215335949	-0.425909928495076	0.0008115157981506	-0.380745518646215	0.001730766344077	1297	7473
UBQLN1	down	-0.391746999610086	0.0995595389684264	0.0005273699718709	-0.302298124762649	0.002131621664801	-0.313806769763904	0.0054390130032051	-0.369493924406029	0.001130823514248	1298	7472
CYSTM1	down	-0.358973568340704	0.0912935023776117	0.0005325513800664	-0.314283049453736	0.0009485110422676	-0.336028448128241	0.0015522719358541	-0.250175705887796	0.0193120816923767	1300	7471
RAB4A	down	-0.433726119861539	0.110524627763463	0.000549757071284	-0.306868604544138	0.00469592930836	-0.340018433399336	0.0051301985681474	-0.409926863289291	0.0008125483235005	1301	7470
PPRC1	up	0.425842256109378	0.108587324842896	0.0005552778678399	0.324185760547793	0.0022136372002681	0.328310199342394	0.0115865072203748	0.363965651951787	0.0012181034761375	1302	550
SNX13	down	-0.341460254477271	0.0871003051319282	0.0005571198786485	-0.28044757849603	0.0010696681602381	-0.28630845472235	0.0076852394450677	-0.320822597815058	0.0016694874520724	1304	7469
IKBKB	up	0.290595570967804	0.0741292531748314	0.0005571198786485	0.267977247793744	0.0003276182106726	0.201501716111718	0.0289462284478167	0.349262483074892	0.0012181572030833	1306	553
ZNF814	up	0.324598859933873	0.0828595961387042	0.0005628787456328	0.266274550624756	0.0028774256800288	0.2653077495317	0.0045758557231173	0.317620912073354	0.0008996246153232	1307	554
POLR3C	up	0.310412987674242	0.0792846974261693	0.0005675411673442	0.203783184594316	0.0193995636206626	0.388235089162951	0.0003743366239933	0.266370357764421	0.0017172732820058	1308	555
SLC9A3-OT1	down	-1.18550306819033	0.302802915533708	0.0005675411673442	-0.54442908709455	0.0143855087680687	-0.600504253392282	0.0217655623010968	-0.730055786226447	0.0089194712722062	1309	7468
PLOD3	up	0.322032012337775	0.0822765964488309	0.0005694736868688	0.156452698209453	0.0415706536007098	0.430446041973792	0.0001949644860131	0.463429371887013	3.1711458032475e-05	1310	556
HEBP2	down	-0.355475233491697	0.0908479352798439	0.000571518501001	-0.268068035270595	0.0051339370927828	-0.298868869435692	0.0025705835291196	-0.351639042437217	0.0009860139656724	1312	7467
ZNF786	up	0.399842848750197	0.102195982873121	0.000571518501001	0.288518549781332	0.0020523778112916	0.493880560392788	0.0005094483813388	0.379536346899562	0.0057968159676211	1313	558
AP3S1	down	-0.484919861475581	0.123975203423501	0.0005736112782222	-0.337059200668956	0.0052523312726643	-0.367837015909052	0.00319998786368	-0.465993931517899	0.0012812946753001	1315	7466
OTUD5	up	0.264551710008426	0.0676880139825717	0.0005804056771213	0.235360101305583	0.0006597744550885	0.187929665804376	0.0406571199017057	0.284747681906462	0.0006818450712443	1316	560
ENSG00000280441	up	0.928678916241016	0.23766476383952	0.0005820854316778	0.499114126464692	0.0095412993331043	0.640812204296669	0.0068251788431152	0.805796832737327	0.002235930547254	1317	561
MAL2	down	-0.542269392346018	0.138783912997341	0.0005821815184373	-0.323570599303382	0.0153096205437927	-0.440707952516671	0.0009887296131222	-0.444409552391926	0.0056920032900693	1318	7465
NDUFB2	down	-0.316111698028718	0.0809234611470618	0.0005841230318557	-0.256455955817444	0.0012853886417419	-0.313110221435699	0.0014666070800196	-0.283516641793718	0.0073053939434182	1319	7464
TIMM17A	down	-0.288749002290441	0.0739313797595336	0.0005852989540494	-0.26237392174219	0.0005148057542122	-0.25189955863656	0.0101130076531494	-0.242765594354959	0.0063394437350334	1320	7463
MACROH2A1	down	-0.387750997404804	0.0992887187146857	0.0005856974434513	-0.315456930819001	0.0011851742447373	-0.304041413643413	0.0086756290460154	-0.338353533922035	0.0023759428183565	1321	7462
SWAP70	up	0.395464988156493	0.101304282578116	0.0005890254519269	0.291274500136642	0.0052718480285676	0.283233249969431	0.0151482068921236	0.678621990951415	1.77108811882063e-05	1322	562
MPHOSPH6	down	-0.351310581676179	0.0900165057957869	0.0005910156930409	-0.272839681030049	0.0016773792734943	-0.324652745851636	0.0023291440937655	-0.399635811021109	0.0013077114172745	1323	7461
WRNIP1	down	-0.367496166791399	0.0942155733165401	0.0005958312675008	-0.293688930780862	0.0018743115577061	-0.331839997370374	0.0021984021539109	-0.302811398883311	0.0047081634613791	1324	7460
OIP5-AS1	down	-0.372135645324582	0.0954971321250659	0.0006037934184139	-0.281001052096113	0.0026107992378969	-0.271086582977463	0.0194987434398063	-0.39982435401213	0.0003813012948779	1327	7457
RUSC1	down	-0.329280073790214	0.0845045352950557	0.000603908967255	-0.226402932171596	0.0112914007525291	-0.379286354844903	0.0003731696654929	-0.272425046981209	0.004170061714172	1328	7456
HNRNPK	down	-0.583753957346666	0.149858600146991	0.000605617363416	-0.374385480006632	0.0057414328698784	-0.335977793949712	0.0353912061898599	-0.58556847414453	0.0003950067557478	1331	7453
OVOL2	up	0.21844889698036	0.0561180542343773	0.0006118502254108	0.170583073263911	0.0163246011507092	0.20085728461754	0.000666917179965	0.282016950687164	0.0009974496801549	1332	563
ECHS1	down	-0.335490286329858	0.0861990458927954	0.0006125947123192	-0.282475335779172	0.0014502522011853	-0.285391333693342	0.0039186858668316	-0.295095823978877	0.0029522280171844	1334	7451
FBXO42	up	0.299838782125924	0.0771945937881045	0.0006303578214752	0.187660204883672	0.0197027898896076	0.303682893442157	0.0007731280890955	0.364836801030084	0.0003909439353386	1339	565
ATP5MF	down	-0.323348298438327	0.0832722488646703	0.0006326411447591	-0.280038024875932	0.0011139888191773	-0.286486982435133	0.0024844130310862	-0.263399249364371	0.0095745823770513	1340	7447
NOMO1	up	0.204837604229999	0.0527530529938141	0.0006326411447591	0.130467363616773	0.0113837245334142	0.341056443005953	2.98589347810626e-05	0.233483849139108	0.0050380706530412	1341	566
OCIAD1	down	-0.434356844952577	0.111882852750359	0.0006340079649823	-0.315316316273885	0.0039628525061505	-0.295042576332947	0.0157832475167172	-0.54584231776922	0.0001730000648572	1342	7446
MLKL	up	0.369926725414232	0.0954783530067385	0.0006526895535076	0.278438934457017	0.0047948091053919	0.28840989309763	0.0048818244347268	0.421357033770025	0.0004915429328979	1346	568
SMAD4	down	-0.397692093555142	0.102749592044171	0.000662395700982	-0.264673194213321	0.0070064578299127	-0.336487341102522	0.006466470947857	-0.480574726311523	0.0001985340556872	1348	7442
TRAF2	up	0.386046315366836	0.0997937026524748	0.0006662757812461	0.271883017232308	0.0043355119862175	0.371911796382774	0.0017072467038034	0.388936455031885	0.0013435397310642	1351	569
DLGAP4	up	0.34256451277434	0.0886154712637261	0.0006729441739413	0.220431961907723	0.0151635110568884	0.272778417658232	0.0068978646365606	0.495455767152701	5.43500332188907e-05	1353	570
TTC39C	up	0.349306314460751	0.090376691624298	0.0006744813106588	0.26645966269474	0.0075759808191818	0.391173653746013	0.0002583001603218	0.20915652119447	0.0394781218649335	1354	571
SERPINA1	up	0.784568150535919	0.20301525216354	0.0006746658841534	0.431291515086629	0.0246103308814503	0.634926396960777	0.0016787704956797	0.86713280999895	0.0020216137512793	1356	572
CCDC90B	down	-0.365974502990888	0.0947200025611737	0.0006764547311538	-0.311647489112955	0.0018399684045322	-0.327209983880077	0.0030035650669417	-0.285399922655242	0.0048392529239735	1357	7437
SKI	up	0.336730387750314	0.0871598116965794	0.0006770189938526	0.189278311586499	0.0303764533855257	0.31316151885292	0.0027840345047713	0.429632297233237	0.0001009940202338	1358	573
HIP1R	up	0.378380933907802	0.0980209994415195	0.0006848393532326	0.196746054395808	0.0436970152995334	0.276002553726198	0.0237148628952286	0.636033577954567	3.20168372302051e-06	1360	574
SGPL1	down	-0.359381581350844	0.0931759228086426	0.0006932993982711	-0.303995339798382	0.0009660429501158	-0.320534897926307	0.0033263355491486	-0.264319797800347	0.0195718173331733	1361	7435
ARFGAP3	up	0.364859226377498	0.0946034992015974	0.0006936458276085	0.350239630062905	0.0009804608811578	0.231536060716895	0.0182173337913648	0.411421996555482	0.0006223948386614	1362	575
CFDP1	down	-0.241207566579994	0.0625543988446138	0.0006947757789961	-0.25516392226473	0.0022174913064013	-0.280283283673725	0.0003158992068229	-0.155096858692493	0.0266134419207499	1363	7434
TRMT5	down	-0.510775972051793	0.132531056403416	0.000699832987524	-0.3813652582634	0.0020923958964201	-0.317763114168579	0.0231816627996135	-0.462143143206528	0.0013954187889514	1365	7432
PRDM2	up	0.265072439770385	0.068793928900439	0.0007013051237467	0.28217030802392	0.0001888869841488	0.165154958897573	0.0328654532021394	0.347633564085984	0.0025331020650456	1367	576
CKMT1A	down	-0.40173896771418	0.104330667107986	0.0007074839162842	-0.312493623399724	0.0013527641424618	-0.365575097419916	0.0036345407288294	-0.323864850393602	0.0087423784085233	1369	7429
HNRNPM	down	-0.185257431241182	0.0481678085719053	0.0007201887910487	-0.1759668636628	0.0005344615159499	-0.173197075983174	0.008591431255634	-0.172270530764981	0.014530020100584	1370	7428
DGKH	up	0.305784611732826	0.0795089817843684	0.0007201887910487	0.274478319018854	0.0007148180073211	0.266804109486148	0.0044306451717665	0.235595512143929	0.0225065661605606	1371	577
GRSF1	down	-0.376271866369073	0.0978635742081283	0.0007218723165871	-0.294653349155978	0.0032720715876776	-0.265608640859412	0.0132763620195956	-0.408708704762257	0.0005010821644145	1373	7426
SNX19	down	-0.351991911680988	0.0915787824698752	0.0007249078312769	-0.244958018439902	0.0059185570575446	-0.503793158329319	0.000219369303341	-0.289230819510336	0.007216124177906	1375	7424
LAMP2	down	-0.374273675540195	0.0973915291763705	0.0007262052357748	-0.261271815084582	0.0087004756654561	-0.319238447598026	0.0031446643500905	-0.367834589022514	0.0009184000171299	1376	7423
ERCC2	up	0.445075535244802	0.115828291672845	0.0007269620668186	0.351907542317186	0.0011802233747436	0.332575111406566	0.0090576399125262	0.355431678883196	0.0094016852049449	1377	578
TP53I13	up	0.473523931590884	0.123333632188277	0.0007358836002711	0.327334741478856	0.0030425124743647	0.382015045430119	0.0089236767005896	0.460971929406223	0.0010699807639377	1378	579
DECR1	down	-0.390922743219415	0.101857019989445	0.0007391331247494	-0.307154390067127	0.002586129138315	-0.237039272497034	0.0385247143223635	-0.425602088765763	0.0003697158008729	1379	7422
CACYBP	down	-0.41122121841155	0.107156215678986	0.0007391331247494	-0.323995490900126	0.0022347253278548	-0.263481864410212	0.0349141737118229	-0.382126462192938	0.00086069030401	1381	7421
ZDHHC24	up	0.345123240754729	0.0899325203175224	0.0007391331247494	0.252945419882554	0.0028105399939551	0.390309726523455	0.0008431570208033	0.36116303941767	0.0030303583737591	1382	581
XPNPEP3	up	0.275559479784421	0.071865256673452	0.0007471664590388	0.177540625156323	0.0133493487792843	0.345074949885671	0.0003359544383005	0.306391738834181	0.0011269914940596	1385	584
ZNF827	up	0.283926337795556	0.0741059507577488	0.000755896291578	0.227990875437856	0.0041345442177354	0.245054642409974	0.0067615863833165	0.284650903375483	0.0007739624307548	1386	585
PRUNE2	up	0.41312018904624	0.107885942555426	0.0007608084963305	0.3999346870512	0.0028401166828199	0.293177561392748	0.0040372882298805	0.473826000997109	0.0012842916319128	1389	586
SLC26A2	down	-0.642127010949403	0.167778709050964	0.0007659277023058	-0.358452413658694	0.0185180541617832	-0.539364097457997	0.010330789904166	-0.781395395251379	0.0001265332397027	1391	7417
KIF2A	up	0.324227089229178	0.0848034438172084	0.0007771854059384	0.242779292865014	0.0022082940069967	0.366463176129273	0.0020341329467618	0.431933370470752	0.0004844035380158	1393	587
HSPA5	down	-0.577420361443265	0.151180183098082	0.0007883128244429	-0.367739875299067	0.0055990293783224	-0.362370832252664	0.0277774820811409	-0.472407537614236	0.0014776753519618	1395	7414
DENND4C	up	0.24888044668695	0.0651819677203848	0.0007915169201722	0.240051569671922	0.0007079822203425	0.178751491048626	0.0212472669843931	0.279575136560821	0.0010798871972185	1396	588
LINC00685	up	0.475698566878024	0.124599895553985	0.0007923364133935	0.337522106736522	0.0039741016516097	0.378279854430105	0.0026110404880662	0.435369828128297	0.0043134422654426	1397	589
VAPA	down	-0.360097917439739	0.0944276583617745	0.0008051997936316	-0.2687978965116	0.0100971677417749	-0.257514964304737	0.0103805577233341	-0.389292929296015	0.0004325483304079	1399	7413
SLIRP	down	-0.41906679742685	0.109900963938167	0.0008057590463179	-0.321316543345835	0.0015992942640709	-0.344778831896844	0.007797176086753	-0.353453200390675	0.0044874751738165	1400	7412
ATAD2	up	0.458860261472587	0.120357580315632	0.000807325496126	0.301444201535882	0.0070281370108241	0.40865682711854	0.0035303287542633	0.403735401500082	0.0015932100897382	1401	591
DHRSX	up	0.262398277630392	0.0688362799590316	0.0008078210987193	0.222592697611748	0.0027968658962277	0.242949682899341	0.0013649499513517	0.254649285924153	0.0057043318904295	1402	592
EPM2AIP1	down	-0.522384988970199	0.137049386524379	0.0008078210987193	-0.378435085418556	0.0034296674250471	-0.363854657731363	0.0090369181413232	-0.607520749726723	0.0006854930556288	1404	7410
ACTR3	down	-0.375553011522472	0.0985284815978487	0.0008078210987193	-0.210437851677393	0.032378135348589	-0.393884421331533	0.0003214687917488	-0.35733795146338	0.0039253055748654	1405	7409
ENSG00000249319	up	0.419771450831181	0.110138316883551	0.000808250348452	0.326464286206746	0.0042743177423302	0.351673290093877	0.0024264651277579	0.320593120927084	0.0063027064049076	1406	593
MAPRE1	down	-0.516019556642667	0.135448322692607	0.0008128258779034	-0.38344902110473	0.0022484023483261	-0.353442412943768	0.0102185906453592	-0.418242465315882	0.0047446127523103	1407	7408
FAM83H	up	0.324540915310139	0.0851910742142596	0.0008128258779034	0.238731288399138	0.003625361390649	0.297287316551685	0.0056021893528995	0.440258954876913	0.0002452832604645	1408	594
C8orf33	up	0.417679544503027	0.109797507700953	0.0008299834650287	0.2513369283605	0.0333625828283045	0.315724843570371	0.0059131787866524	0.402777653645592	0.0006675943919593	1409	595
NT5E	down	-0.547231678909392	0.143855193698791	0.0008299834650287	-0.347062510416465	0.0077454497540723	-0.438394467329831	0.0019298522678198	-0.455993954098475	0.0071620306905138	1410	7407
PIEZO1	up	0.479769112913332	0.126158058633266	0.0008331703690069	0.350608324790038	0.0026151060854242	0.288634806507072	0.036541739388053	0.499921814591703	0.0006468137257834	1411	596
SH3BP4	up	0.376509852296978	0.0991443369029922	0.0008494716967633	0.277842891011534	0.0071780851560144	0.475958806659287	0.0003953573673394	0.260458036900478	0.0123277351177763	1414	598
MST1R	up	0.408649054608681	0.107652686997164	0.0008543594374158	0.240222350561907	0.0391843949820433	0.264026317714401	0.0348278741515864	0.720940976335257	5.13542697628602e-06	1415	599
TUSC2	down	-0.382849713210744	0.10096054770108	0.0008673578957863	-0.304548140873728	0.0021063951789385	-0.383353427724142	0.0017600088267611	-0.27342876400004	0.0156240541853008	1416	7405
AHSA1	down	-0.274786455784954	0.0724679035998044	0.0008675692656548	-0.231003509755928	0.0039304886022616	-0.276562239054341	0.0006630608961532	-0.195408362431658	0.0378936592471566	1417	7404
DLAT	down	-0.323493644597318	0.0853548138388382	0.0008734383466685	-0.277149665691735	0.0006979381074555	-0.248538240175557	0.0283069415863888	-0.306136438303008	0.0052715191674233	1418	7403
APOLD1	up	0.57228744028848	0.151104319426707	0.0008820769711597	0.3580956059853	0.0053942527395902	0.493028755959395	0.0051259425584724	0.524864565932034	0.0017565472807053	1419	600
HSF1	up	0.440697228756403	0.116371552315136	0.0008828126560126	0.302412591902069	0.0055116410039722	0.335072441579257	0.0096361712387004	0.48872809650845	0.0005242820639695	1420	601
MBD2	down	-0.246169498142618	0.0650594297442432	0.0008924354359675	-0.159958100969712	0.0206595801235731	-0.247154919311817	0.0013141494338126	-0.333854996327409	0.0003123364665433	1423	7402
ANXA7	down	-0.385197847150413	0.101832544079271	0.0008957747176754	-0.30385923715661	0.0029166666234652	-0.307566315542239	0.0084064643577868	-0.327846667871622	0.0022517340004547	1424	7401
ALDH2	down	-0.297217714280341	0.0785894703421532	0.0008978735288545	-0.279450853173049	0.0012119825293032	-0.253245053359965	0.0033069101757364	-0.240840533803946	0.0126161141401888	1425	7400
SFSWAP	up	0.242731407838196	0.0641998334419608	0.0009009632212307	0.22372172389842	0.0005632039079879	0.183348745621311	0.0432695357642562	0.242034121240003	0.0046044515266815	1426	604
TMEM104	up	0.382325195198552	0.101158159473731	0.0009050413656369	0.276913104036422	0.002867159222176	0.311970298467358	0.0194352453313545	0.459657078680019	0.0003649361211895	1427	605
PSMB2	down	-0.299550454016656	0.0792818436832274	0.0009081945509454	-0.286243115673375	0.0005112396268135	-0.235840629176002	0.013233942375613	-0.206532286987989	0.047622367699758	1429	7398
BRCC3	down	-0.499679450965847	0.132265401090738	0.0009087634556781	-0.35469109948526	0.0026139906512993	-0.360552226521581	0.0117617083339004	-0.467021924642838	0.0021669994599881	1431	7397
CTDSP2	down	-0.335232267578684	0.0887495371088212	0.0009102086100568	-0.266046058508073	0.0085923404684847	-0.363506426161116	0.0004107388027975	-0.206855816990644	0.0361048768989396	1432	7396
CARHSP1	up	0.352324286222928	0.0933578246084883	0.0009218551812737	0.256964456071907	0.0054974073816537	0.333155156893392	0.0018470840753348	0.32673848174398	0.0028768208313511	1433	607
SLC25A4	down	-0.390263829079879	0.103414902281272	0.0009218551812737	-0.308465251289215	0.0023414646000473	-0.327950368966381	0.0034793606033867	-0.312645821532366	0.0085040413856493	1434	7395
VAV3	down	-0.312636405732718	0.0828949920552055	0.0009292844981958	-0.17382646032905	0.0484199186814759	-0.222655085073379	0.0161419050059208	-0.54107992563503	8.04635197027004e-06	1435	7394
VCF2	down	-0.453371886988853	0.120229896337249	0.0009306622495985	-0.306372999459333	0.0082534313276161	-0.337701731814168	0.0134153364142741	-0.661808421047108	9.15999082153895e-05	1437	7393
NAT9	up	0.505382871299563	0.134369141827193	0.0009655797472561	0.338333131337555	0.0046152801013855	0.428846086686951	0.0027672750659635	0.403088342108823	0.0081881448559527	1440	611
DLG2	up	0.490500088062193	0.130468160821547	0.0009704828116764	0.306166270316405	0.0117343392649328	0.405995092073522	0.0026683212476083	0.417141728026211	0.0029159143989416	1442	612
SNX12	down	-0.303015280731213	0.0806211851076796	0.0009738171814304	-0.254998789538488	0.0018193761601815	-0.280492744273061	0.0028064692975172	-0.256711603627406	0.0089364575015474	1443	7391
POLE3	down	-0.384445351598283	0.102324541625509	0.0009785587903122	-0.332785113719674	0.0007743594334217	-0.244504634929516	0.0474009029150761	-0.319248028144064	0.0075902262265509	1444	7390
MDK	up	0.563014436235651	0.149902654707828	0.0009827787760772	0.281058673372562	0.0447348108332094	0.457024686010096	0.0013551739539779	0.473040828573009	0.0045712671996638	1445	613
CNPPD1	down	-0.323792779563257	0.0862174537622163	0.0009833968682709	-0.261129513372035	0.0030276912397863	-0.297444215573098	0.0029036759089843	-0.278867069425975	0.0044334531988274	1446	7389
TARDBP	down	-0.468246550036314	0.1248101976546	0.0009973144830712	-0.358013140974276	0.0014689262319496	-0.300980360169324	0.0387421074154064	-0.387173523129177	0.0049011450393489	1448	7387
MOCOS	up	0.448916323950706	0.119675326013456	0.0009988174465368	0.233365944774677	0.0315473370732671	0.506851055679858	0.0017460758789522	0.624545388376827	4.98669170439592e-05	1449	614
PCK2	down	-0.322572714891803	0.0861106523657207	0.0010178980997381	-0.274027058077153	0.002299286197919	-0.263940360087406	0.0041990894603812	-0.311199735874764	0.0037305192900996	1451	7385
RPAP2	up	0.278948024819189	0.0745196090726807	0.0010283671923992	0.155936947863107	0.0371076678874178	0.383168320270657	9.21537777892358e-05	0.216143296249622	0.0217374522843196	1452	615
HUNK	up	0.290014884342674	0.0774799036042814	0.0010284181516741	0.253023207727258	0.0010624006956797	0.239007284918747	0.029431429464471	0.259171945003209	0.003235796383696	1453	616
SIAE	down	-0.317675883695492	0.084888962799751	0.0010310532514908	-0.197774170031348	0.0186885671041572	-0.296347857404487	0.0034068634489569	-0.440672444308251	0.0001470972391673	1454	7384
COG4	up	0.288596706683561	0.0771213894556012	0.0010310532514908	0.20473067678541	0.0122862947782534	0.223969832264486	0.0133898432589493	0.354802189419797	0.0002646275095992	1455	617
ESYT2	up	0.245624808774113	0.065647221680333	0.001032490166029	0.22338474026546	0.0010664794749813	0.190070499097779	0.0240734391870395	0.254773565987404	0.0016909115977634	1456	618
ARID1A	up	0.21349928425738	0.0570659568559133	0.001033075615383	0.129196858412188	0.0412544132029062	0.260375366193789	0.0002531405253681	0.201888545672571	0.0076713949785994	1457	619
UPF3A	up	0.27027672993402	0.0723265559182054	0.0010489410066854	0.26707232915912	0.0023806165755727	0.435514413607435	0.0001609513770573	0.162591384509235	0.0248598338907041	1459	621
TNRC18	up	0.37701406061505	0.100890809292457	0.0010489410066854	0.278896658671922	0.0037357253017382	0.306112936577015	0.0077516087002662	0.432658143331526	0.0007910497507195	1460	622
CDK10	up	0.446053592958687	0.119427057175434	0.001055771936953	0.316242490290369	0.0038428611530431	0.415043751507069	0.0019750962922335	0.327324410392076	0.0190675613984874	1462	624
EIF3K	down	-0.271064974229088	0.0725808495003594	0.0010562390134595	-0.250139550487453	0.0008702532434302	-0.206037460331953	0.0176211149820868	-0.280513228754259	0.0031073920507611	1463	7383
UCHL3	down	-0.520241299660694	0.139374824921818	0.0010631462102984	-0.37769522665923	0.0024870197444099	-0.345511224827076	0.0166159615338859	-0.427962979101909	0.0049772860595924	1465	7381
OCLN	down	-0.339792710453415	0.0910640489262794	0.0010679963001729	-0.193778620905785	0.0387452849667306	-0.325427267584205	0.0036803736377031	-0.343833292877822	0.0005334777655399	1466	7380
HPRT1	down	-0.409820654846669	0.109879644291448	0.0010742233442282	-0.30342125797886	0.0048448286251372	-0.285655291335682	0.0188601639077427	-0.389262295893238	0.0010863112389706	1467	7379
URM1	up	0.295110076145638	0.0791458242374272	0.0010768308135576	0.231704413824166	0.0037452880573909	0.255277845189552	0.0076859607427347	0.316432429646873	0.0010205353366915	1468	625
SCLY	up	0.341085189130106	0.0914773718775428	0.0010768308135576	0.211793150616274	0.013714758547565	0.277606482045911	0.0266407894121489	0.49880171377614	4.31757665506973e-05	1469	626
RHOT1	up	0.274143202447181	0.0735244852707103	0.0010768308135576	0.229083237485369	0.0022026288125952	0.250409279006021	0.004682415245004	0.26888150110888	0.0028781687619292	1470	627
SLC41A2	down	-0.33762971744263	0.0905621376461291	0.0010779875562339	-0.188901762784897	0.0242220432648443	-0.45655191109075	0.0001566111474804	-0.495664829041115	0.000225558331134	1471	7378
UBB	down	-0.504928551126481	0.135586074619333	0.001094216127708	-0.341001410484855	0.0050722700682286	-0.410010100723864	0.003034282459301	-0.383377412243956	0.0135703502944655	1473	7377
DNAJA2	down	-0.475537150465117	0.127762534323705	0.0011021962645585	-0.341548928126419	0.0045464423897341	-0.323654478369783	0.0193944513549885	-0.394932062378721	0.002145026377738	1474	7376
MED6	down	-0.289014253521733	0.0776652338480562	0.0011043760516927	-0.247244059283922	0.0009374621924382	-0.266942795758401	0.0158143089957491	-0.268576328960744	0.0067853670550006	1475	7375
QPCTL	up	0.487356703022617	0.130967689489483	0.0011043760516927	0.351349724341951	0.0036580586458779	0.391470489932247	0.0042819350784612	0.342881507874811	0.0144775760038216	1476	629
XPO5	up	0.260715897043465	0.0701039405304921	0.0011133164347758	0.186234349676983	0.011830852191179	0.394124436339267	0.0001659006685092	0.191773363815718	0.0161074541973811	1477	630
SUFU	up	0.363467713033318	0.097810772414638	0.0011241550163378	0.274271084840275	0.0047028614485966	0.281741464329395	0.0150105138534367	0.341730103099144	0.0012214202596838	1480	631
OPA3	up	0.27370224061975	0.0736646607894846	0.0011256789961612	0.255917362862211	0.0041825457976388	0.153667456057627	0.0373142885565214	0.441881061525422	5.63208003294403e-05	1481	632
TMEM14A	down	-0.443279635567563	0.119426631629468	0.0011388019890498	-0.279878100664563	0.0136653383375585	-0.424102898911027	0.0009827929076576	-0.331540481538573	0.0145161800148901	1486	7371
GCNT2	down	-0.724098264326844	0.195142436549402	0.0011430735567567	-0.44542729245354	0.0082205173806612	-0.481962700594444	0.0235248847938647	-0.798218237006977	0.0008516964751712	1487	7370
EBAG9	down	-0.41359577504602	0.111479335047793	0.0011447775807421	-0.395470589338528	0.0008335311803056	-0.231105738828951	0.0383397232833522	-0.450560801692789	0.0015719714708905	1488	7369
NDUFAF3	down	-0.3731543595054	0.100703678127134	0.0011634006324885	-0.270094934684809	0.0041442623679878	-0.363178725692712	0.0022489540548561	-0.360703641391439	0.0038318269122601	1491	7367
HIPK1	down	-0.370927525726223	0.100117912494735	0.0011652030409228	-0.232673273822246	0.0138843244417369	-0.420551804005364	0.0004460878335977	-0.350275270259979	0.0072114852881691	1492	7366
PRDX4	down	-0.390800770131933	0.105511218862787	0.0011691534299315	-0.235941018710149	0.0278965451185335	-0.231562060635064	0.0464212814638131	-0.43880145473665	0.0002095620044609	1493	7365
HERPUD1	down	-0.4411960254764	0.119151103193993	0.0011732233638514	-0.270718759935514	0.0164208766316427	-0.408600090322737	0.0015098264470276	-0.378379895245713	0.0041333041601232	1494	7364
ZC3H15	down	-0.361222995447974	0.0976103350890205	0.001181694847049	-0.222368728634526	0.0272422406498808	-0.327361220038995	0.0034655750846304	-0.344562332755029	0.001073704776125	1496	7362
PES1	up	0.423535283821652	0.114483073164781	0.0011861212720438	0.258648879287744	0.0163137313802981	0.41827112525414	0.0008291222669591	0.410386355498738	0.0043273950594519	1497	637
ALG2	down	-0.547865135930336	0.148209272308664	0.0011991194713727	-0.394818231652212	0.0023975603335112	-0.349512939605458	0.0286968796693645	-0.385535790066978	0.0120402957152121	1498	7361
CDK5RAP2	up	0.291611492799628	0.07888984759978	0.0011991194713727	0.238732580891956	0.0033902994958284	0.261127456103053	0.0037154750490296	0.276465688907742	0.0034225704239403	1499	638
TEC	up	0.360026881194073	0.0975076271668194	0.001217211064626	0.312666789849187	0.0017845484066287	0.277845552946041	0.0103294519125056	0.296545155782839	0.0059544109720413	1501	639
NMRAL1	up	0.315837612104409	0.0855644136915518	0.0012207090194721	0.245736148562755	0.0038865989637179	0.292722448298144	0.0041549653917176	0.297290999913869	0.0027493785045003	1503	641
RELA	up	0.311597739379289	0.0846003838668616	0.0012566068243133	0.246822131816104	0.0030017236109359	0.280524143477497	0.0038164398009286	0.346251983871579	0.0024538875971196	1507	645
TRNAU1AP	up	0.327667467623034	0.0889805709645098	0.0012592814633644	0.285405122866602	0.0013967871627905	0.238881454174121	0.0255779675490531	0.295610933375129	0.0034218504540938	1508	646
WDR31	up	0.405171646639611	0.110052180196914	0.0012617089942655	0.26992343015726	0.0163003836423223	0.434356998169025	0.0014986970685026	0.310265546956715	0.0046610040824883	1510	647
PTPN6	up	0.328949905789686	0.0894174871575353	0.0012736776952007	0.219653247656341	0.0119219762912357	0.384886448829606	0.0011537502914775	0.310241854129144	0.0023658376802207	1512	648
NSUN5	up	0.370991532938316	0.100859894561884	0.0012749968984886	0.210533732555067	0.0226959176725078	0.400821795044394	0.0045405935639572	0.488734700397678	0.0001041670573836	1514	649
ZRANB2	down	-0.41433030966267	0.112656741664946	0.0012763277792421	-0.257169013963051	0.0144251536495166	-0.351931702570946	0.0068732462617027	-0.518243580679041	0.0002820436603092	1515	7356
BIN3	up	0.317930388250755	0.0864485575427072	0.0012763277792421	0.270020046812871	0.0012895616268871	0.239545377617431	0.0218644057683854	0.331132011401865	0.0026649426153116	1516	650
PRSS16	down	-0.418263969380361	0.113743014233641	0.0012775438702826	-0.219875113762726	0.0315321992761013	-0.642134597067143	7.48533093068993e-05	-0.383087885891732	0.0090014333112407	1517	7355
ADPGK	up	0.289230483352546	0.0786751639261198	0.0012809218190287	0.222621645948647	0.0034130895230272	0.309668028744286	0.002125310422878	0.303135056838281	0.0034015105877512	1519	651
MT-TP	down	-0.515760128107222	0.140524205164696	0.001308799984429	-0.304130275025596	0.0166744742074729	-0.406885178918716	0.0042564610394526	-0.463309591283976	0.0022790092755862	1522	7352
FBXO28	up	0.246742601243668	0.0672694493130525	0.0013196777418443	0.197538309104729	0.0032253541439384	0.240341578671593	0.008404738422362	0.278046987423501	0.0011292912312015	1523	653
DPY30	down	-0.250999452644338	0.068500061473723	0.0013374151817053	-0.251074684091462	0.0010328083285531	-0.214636588267409	0.0121373789749868	-0.205805160590791	0.0081693350002827	1525	7351
EIF4A3	down	-0.334568478574852	0.0913348314552632	0.0013415397215182	-0.209935871089814	0.0259984224808099	-0.433733033430066	0.0002872418750298	-0.236690882700215	0.0169278766510149	1527	7349
MRPL33	down	-0.360264782156703	0.0984887072953099	0.0013661937866116	-0.270990736871257	0.0077546043703208	-0.319038719001393	0.0020365413736289	-0.291385957381557	0.0096370642352068	1530	7346
SAP30L	down	-0.384778063174868	0.105288892736467	0.0013827889776707	-0.266443734599646	0.0081241422753171	-0.285704258305794	0.0181226428960908	-0.408699524071926	0.0007303260454265	1532	7345
CAPN2	down	-0.310608895671502	0.0850256812766244	0.0013893356938794	-0.205790740810949	0.0287760533863772	-0.425556814419298	0.0003903658587449	-0.232839962412675	0.0076315906015379	1533	7344
CHDH	up	0.376968172560741	0.103238192439097	0.0013966218954894	0.318524509746351	0.0018100207898278	0.271112444510862	0.0172535407474142	0.32354030444003	0.0054381375023793	1535	657
TMEM126A	down	-0.464723937393789	0.127351680078627	0.0014064488657682	-0.345136681029298	0.0029392790191961	-0.332796572444875	0.01600945668327	-0.365140355414272	0.0064445327682232	1538	7341
SCIN	down	-0.480157545462577	0.131784692717157	0.0014357683590718	-0.330642795302865	0.0041522632736482	-0.390181875583241	0.0067609307171669	-0.424977857257885	0.0050547878563806	1540	7339
SDCCAG8	up	0.279910332141508	0.0769045311945599	0.001455166696307	0.247833363735684	0.0019983926783447	0.246186391054608	0.0038242941273975	0.232768497562051	0.019339179083336	1542	658
SAMD1	up	0.285475021583986	0.0784420640324326	0.0014564921266567	0.224985105040782	0.0058409495867162	0.25105301448605	0.0114801652025952	0.275090787073564	0.0014219169524357	1543	659
CHD8	up	0.247181263114134	0.0679298585543175	0.0014585952627177	0.197166422927628	0.0067197864028105	0.248854541947657	0.0012025844324263	0.227120501344861	0.0135759194390003	1544	660
ENSG00000205236	up	0.573970844494966	0.157865854269242	0.0014735291135737	0.367653287272454	0.0077517666062993	0.439563683415165	0.0043176693706158	0.341303069922519	0.0469187492752557	1546	662
EIF3H	down	-0.35666283832933	0.0981030228010211	0.001473828098171	-0.274483820228621	0.0067630860418955	-0.222441580208533	0.0304953087955646	-0.459733043829726	0.0002979085103572	1547	7337
UBE2D1	down	-0.496572859403608	0.136623559380673	0.001477758625146	-0.318783678020656	0.0075766672265436	-0.512749061390847	0.0015017876251138	-0.363159167324045	0.0247456601985099	1548	7336
FAM182B	up	0.549042466669262	0.151067893128057	0.001477758625146	0.383788443725786	0.0056615209365074	0.364619084836825	0.0093908439035165	0.454381382018123	0.0063169035700869	1550	664
SH2D4A	up	0.295001473197839	0.0812109641425751	0.0014866297371969	0.261054383733956	0.001233593555396	0.224367799882297	0.0355613778283879	0.258301743583344	0.006155391746322	1552	666
COPB2	down	-0.334443170435651	0.0921306613033181	0.0014997662169734	-0.241646766808188	0.0090713867085846	-0.307446992349216	0.0034068587687265	-0.312219179185782	0.0027110809047786	1553	7335
DHX37	up	0.415697039385621	0.114559762356391	0.0015072337278571	0.311260827232586	0.0028629714571772	0.340690970948517	0.0078125191497101	0.349328531401414	0.008494890171394	1554	667
MAD2L1BP	down	-0.382226297398366	0.105346225844414	0.0015083735485703	-0.281838798170225	0.0042605775671439	-0.325257051579564	0.0054216743997664	-0.41107565139252	0.0022621028716862	1555	7334
LINS1	down	-0.390489612629203	0.107645460987686	0.0015116922674384	-0.308520628965067	0.0020102245843417	-0.347949665229397	0.0078308712662686	-0.287718229958371	0.0195245954749441	1556	7333
USP6NL	up	0.209413058302204	0.0577462402439514	0.0015162929186491	0.137238359846243	0.0141734301229446	0.242847498640443	0.0027071162257506	0.396777194173889	4.10601144654779e-05	1558	669
NCR3LG1	up	0.351868406918883	0.0970576026003783	0.0015206907478922	0.298078159888523	0.0035776316652003	0.27518971527073	0.015307720600761	0.293230687411098	0.0030540283826416	1560	670
MORF4L1	down	-0.362261407434083	0.0999501784946965	0.0015252343501872	-0.221819530934532	0.0286586073822155	-0.301952652336036	0.004148829001387	-0.427367647022964	0.0006526163837518	1561	7331
P4HTM	up	0.360166391541108	0.0994343997929888	0.0015376938570467	0.255883837911668	0.0070077640359618	0.36743758211825	0.001323026512286	0.290894594453527	0.0176299937902423	1562	671
EIF1	down	-0.3003835104994	0.0829556033507136	0.001542321544833	-0.257247744919039	0.0020390667456174	-0.201292881208859	0.0413714272061158	-0.326233402677588	0.0012303779566468	1563	7330
LEPROT	down	-0.340598196991347	0.0940630532306297	0.001542321544833	-0.279180959549601	0.0027234203633503	-0.29749860431325	0.0046266797773808	-0.270651334138976	0.013473068850298	1564	7329
BEST4	down	-1.39686312236669	0.385780302306976	0.001542321544833	-0.524296606531326	0.0377033938288821	-0.731505367764529	0.0231124336352627	-0.808137082653094	0.0250972100558597	1565	7328
INTS9	up	0.250067547289104	0.0690678959583481	0.0015429615113103	0.227073755963663	0.0022914439826729	0.233817724680082	0.0025528752118263	0.194099702336752	0.0301969582359754	1566	672
NBAS	up	0.210652216045844	0.0582032189729453	0.0015500486339529	0.195041054470713	0.0020062530069744	0.166983754908195	0.0145810322789791	0.259531640400956	0.0013620955671621	1567	673
PBXIP1	up	0.3943478556286	0.109065486394534	0.0015704809051117	0.242086751705777	0.0300447025231868	0.359563107212249	0.0009897957447752	0.302718738882629	0.0254207039386537	1568	674
SERPINB6	up	0.327865026308108	0.0907160890468876	0.0015766426249029	0.183152039386295	0.0379123374025793	0.336553033755827	0.0012019432950723	0.422945071649371	0.0005381120303544	1571	676
GPR35	up	0.301518861226061	0.0834392324070502	0.0015772063956479	0.182906340266274	0.0157819514858993	0.532535461104631	2.20650788270797e-05	0.430453389655293	0.0051637681719925	1572	677
TMEM143	up	0.398146486539381	0.110179194517842	0.0015772063956479	0.282786612726143	0.0043460947343141	0.347362967859364	0.0105058826819103	0.417221307396178	0.001553066123312	1573	678
MAPK10	up	0.495999338579367	0.137276610681235	0.0015780230057791	0.2799284980304	0.0239181774723723	0.454197686630649	0.0023485742329175	0.396219847349748	0.0047874344723688	1576	681
SMC1A	down	-0.305795937247398	0.0846507375300491	0.0015802562948319	-0.236940369878497	0.0053075348704952	-0.298778511545874	0.0025200418222178	-0.269236082260825	0.0067452313829118	1578	7326
OGFR	up	0.464030979446862	0.128468462767131	0.0015808160127914	0.339653219804648	0.0026852457440448	0.361169317997657	0.0110580598551254	0.354978318608796	0.0206464715481964	1580	684
FBXW8	up	0.373692703250747	0.103466900838991	0.0015817060353654	0.268992787276354	0.0117863884717669	0.33552519734215	0.00215252084484	0.29259018467584	0.0094893747349102	1581	685
PHF20	up	0.292683254137924	0.0810876295529436	0.0015944421068125	0.24880591231884	0.0049967302358305	0.239230064837036	0.0053220112107258	0.292982735289611	0.002977276645761	1582	686
SMARCA4	up	0.257847675000308	0.0714712506185199	0.0016032472322201	0.153727307006066	0.0327885652990889	0.243791952563752	0.006688406425644	0.346606920132835	0.0002154230199239	1584	687
TCP1	down	-0.361406017696893	0.100274139025706	0.0016241808877822	-0.351062198765514	0.0013594518581917	-0.237611677705675	0.0214801766338847	-0.337166314604752	0.0049956167279915	1585	7324
CEP295	up	0.373955260598113	0.103878525032196	0.0016488866409253	0.317772048264119	0.0019613848256689	0.268713653055757	0.0170018071417847	0.318345479871328	0.0075612330795875	1587	689
SSH2	up	0.19363029923657	0.053810417659362	0.0016573847192707	0.114955706295507	0.0344588316508886	0.209788203747546	0.0027812417184901	0.308847728624827	0.0001381253120699	1588	690
MCRIP1	up	0.504650169867543	0.140248235442091	0.0016573847192707	0.322681457011847	0.0074263597008191	0.415029930804241	0.0073499556309682	0.458198482741821	0.0030543928517923	1589	691
PI4KB	up	0.294583511962925	0.0818782233693099	0.0016591400160959	0.239447104871701	0.0025908809509243	0.260870483218437	0.0071549849162084	0.34751215220142	0.0023393412642151	1590	692
IER5	down	-0.404998758951381	0.112592613943487	0.0016631849420552	-0.300925407345823	0.0036429408821099	-0.321690070196498	0.0131938308561856	-0.350538976692447	0.0041793239150926	1591	7323
SLC35A5	down	-0.438738682298326	0.122041719840294	0.001675208740275	-0.241632359784983	0.0302503667358232	-0.417973874997711	0.0023943268421474	-0.517917327662631	0.0005899422814074	1592	7322
SERP1	down	-0.277837700340256	0.0773575209539762	0.0016949857727927	-0.217160019812883	0.0103580389340004	-0.178348547267216	0.046377421754528	-0.320462540644831	0.000498194487212	1594	7320
GON4L	up	0.269143292450318	0.0749585624410828	0.001699183998553	0.185323392138919	0.0232207781083906	0.231974773489579	0.0065338776420551	0.305885924347567	0.0008104611764387	1596	693
SLMAP	up	0.203548943988043	0.0566914343864831	0.001699183998553	0.159369296722549	0.0059285259515743	0.230735658119801	0.0010794953379085	0.30425679010568	0.0026338443812749	1597	694
HADHB	down	-0.31113640436955	0.0866979765717651	0.0017083709512275	-0.283937952096215	0.0015862051589428	-0.202132387096028	0.0362699023539468	-0.329255614566033	0.0019949543267615	1599	7318
MRPS16	down	-0.327627295375155	0.0912977947446441	0.0017084981337744	-0.289964405821971	0.0016152723231805	-0.262140476639291	0.0131545961561942	-0.255204205359914	0.0157094894961166	1600	7317
ALDH6A1	down	-0.324774648527408	0.0905508493758408	0.0017199252028162	-0.229706563138609	0.0100717851148483	-0.304431175709822	0.0028672611791116	-0.343657051366601	0.002324165452004	1601	7316
SNTB2	up	0.239417331490143	0.0667631884391609	0.0017227228520144	0.2117267063556	0.0012402320565011	0.190471868768462	0.0344570646538814	0.287234957522231	0.0024478145335922	1602	696
BCL7A	up	0.361996606948612	0.100962731876859	0.0017257447400087	0.198794151743059	0.0305433946392635	0.473528073982302	0.0005060468648943	0.389198848084367	0.0014681270836899	1603	697
PLEKHA5	up	0.262108641324725	0.0731239435209667	0.0017313186361922	0.22137213443361	0.0030257107236646	0.257802780706514	0.003075653092014	0.223557311264111	0.0134075232668827	1604	698
CWC15	down	-0.283033597908751	0.0791354539419937	0.001776863362164	-0.240962733390737	0.0031825750045451	-0.185671022291252	0.0349446321673994	-0.390146474479396	0.0004363476004584	1610	7313
GFM1	down	-0.363530893115599	0.101643708998675	0.001776863362164	-0.234226061631534	0.0190432648408215	-0.331062858869088	0.0023387134677527	-0.375976790370002	0.0024085851706211	1611	7312
KIAA1191	down	-0.463055117809689	0.129480292833353	0.0017775401933006	-0.324208236642875	0.0050777652297207	-0.331077274571507	0.0154208085334138	-0.430446562044763	0.0029484629803497	1612	7311
POLR2A	up	0.24905244874175	0.0696510130982321	0.0017801125183123	0.211602367428191	0.002611840790746	0.165031552552909	0.0462042705067369	0.388839839377624	0.0002576228592782	1613	702
NR1H3	down	-0.312287299849097	0.0874131918441464	0.0017989308610326	-0.207600470761938	0.0189088555004359	-0.259860666024026	0.0118304888521753	-0.347152801143093	0.0007000193077184	1615	7309
ETNK1	down	-0.531735680669528	0.148849423506999	0.0017989308610326	-0.302839400131367	0.0310489066941053	-0.372604911640601	0.0080159283605585	-0.426210841645696	0.0037716623730182	1616	7308
ERBB3	down	-0.186628747501465	0.0522453934503932	0.0017989308610326	-0.142057499373212	0.0182305555701516	-0.207671153321171	0.0009462387469153	-0.16823803915666	0.0155174779990969	1618	7307
LARS2	up	0.211068397156017	0.0591084600757657	0.0018067043528837	0.146012713030892	0.0213658542643591	0.236816057373055	0.0077034673981324	0.231246794513526	0.0007335514932159	1619	704
ACIN1	up	0.231225503379027	0.0647688436015227	0.0018103739100475	0.153656361624565	0.0206895967606554	0.190305145400971	0.0237151043468913	0.315305844795626	0.000246060657414	1621	706
MECR	up	0.335550638817994	0.0940269028240189	0.0018174492726138	0.224081786684184	0.0167329982025686	0.379794860579994	0.0007716150165627	0.24743540106353	0.0216674509881641	1623	707
SIKE1	down	-0.442184416410313	0.123935213215538	0.001821875043093	-0.343299103964952	0.0023963712989274	-0.312184118810488	0.0184732764465398	-0.327967037940794	0.02422522927092	1624	7305
LIMS1	up	0.27406039605154	0.07684165658963	0.0018298565600441	0.140577471397781	0.0487590110693036	0.425026144349982	0.0001041930520429	0.280823884800776	0.0045265273114925	1625	708
MT1E	down	-0.55668984012884	0.156118648359718	0.0018328259087925	-0.296908978115709	0.0264443118982244	-0.414357495620904	0.022956978011751	-0.612000213888455	0.0004400523438145	1627	7303
RPLP2	down	-0.354367548148604	0.0993986168767499	0.0018365754971901	-0.302382919837407	0.0017159197733596	-0.23466816836064	0.0429631355404606	-0.313937331306361	0.0055585185355651	1628	7302
AGPAT5	down	-0.418456071625873	0.117475581399156	0.0018546107346646	-0.36187098176275	0.0016069496953223	-0.249422952640724	0.0383651517468346	-0.401449871267788	0.0052658320686657	1631	7301
LYPD8	down	-0.764875713748342	0.215105631671712	0.0018981339695326	-0.38203285645187	0.0224266344125602	-0.498548075215001	0.0077586176399553	-0.45483486294518	0.0277309847075627	1632	7300
PDIA6	up	0.466106940420096	0.131143678631737	0.001908872390235	0.31019365084489	0.0095747147544248	0.334413733953079	0.0151388499875838	0.394878648963637	0.0030168247519855	1633	711
SMAGP	down	-0.282568827824328	0.0795372105892478	0.0019186731412908	-0.16608005399839	0.0309349493739435	-0.365006442961576	0.0002566588895788	-0.2389038533265	0.0340311767642278	1634	7299
PTPDC1	up	0.423222609155438	0.119135388897799	0.0019190396717902	0.319848225396349	0.0029196610997963	0.332309276150443	0.0125662692231118	0.327446315426494	0.015921683684591	1635	712
DHX34	up	0.426818792438161	0.120197925345617	0.0019287161239681	0.298242247385858	0.0085331709221534	0.380421427844008	0.0037319726950172	0.317217539040777	0.0108243582360048	1636	713
TMED10	down	-0.383138904056154	0.107913802913658	0.0019303926794869	-0.304158563453341	0.0030684833020969	-0.294300961605779	0.0124295506889397	-0.31742482983768	0.0084682597036852	1638	7297
ADAMTSL4-AS1	up	0.503305655958539	0.141800780675743	0.0019367809747096	0.405826803190726	0.0037361460516674	0.311290538755061	0.0295224655282322	0.738465106889176	0.0006049448341439	1639	714
CDH17	down	-0.331603973895617	0.0934562141016818	0.0019429416927026	-0.24916092999814	0.0052262603376827	-0.2908496198063	0.0088635392297175	-0.330974857820324	0.0024943189479725	1641	7296
LBR	down	-0.543987902011885	0.153471592097937	0.0019666504650468	-0.291611014869277	0.0254438760824629	-0.380869741992726	0.0243264957436226	-0.529670440792646	0.0009443725007387	1644	7294
MCTS1	down	-0.27170037781493	0.0766592476823537	0.0019667783385972	-0.223099553036221	0.005374068657772	-0.242090729427077	0.0034388216187391	-0.289176594825412	0.005264117649586	1645	7293
SQSTM1	up	0.39742686169441	0.112159654260328	0.0019698858660148	0.24335036910106	0.0187344793295412	0.30442497178522	0.0199249130797116	0.526857550244335	0.0002250383706494	1648	719
TSEN34	down	-0.3130558086493	0.0883510571059767	0.0019698858660148	-0.192275300815141	0.0296751548516403	-0.328081155123621	0.0012091879070074	-0.310463915240672	0.0037871916811135	1649	7292
TAF9	down	-0.401767960751938	0.113403550879286	0.0019724331448125	-0.312576317938492	0.0039324044881983	-0.2442583951765	0.0452667132105359	-0.394850501596823	0.0017940390393632	1650	7291
EPCAM-DT	up	0.373017868253698	0.105311755440198	0.0019770911428587	0.284631395205421	0.0041281752545159	0.328756370355109	0.0039912454832651	0.276775985041394	0.0356665457208302	1651	720
IFT25	down	-0.291295394278162	0.082282153592151	0.001987264273237	-0.181507347679925	0.0186903871665938	-0.332994132252204	0.0039876540113774	-0.381293400972567	0.0003378563066781	1654	7289
UBR1	up	0.269464078020031	0.0761742992544402	0.002006240801821	0.235978361209241	0.0013566603781927	0.245279122385177	0.0201391194358789	0.220125076266772	0.034181225624343	1655	722
TNFAIP8	up	0.423943593276649	0.11985724678323	0.0020066192971776	0.294616252176114	0.0062341366279565	0.407429367885125	0.0048144510338869	0.344044981637986	0.007351420363142	1657	723
FBXO38	down	-0.336971618801227	0.0952703297302294	0.0020066192971776	-0.294879885466229	0.0013284121825715	-0.243921921008586	0.0362126118228093	-0.239754905908326	0.040814787269543	1658	7287
RAB15	up	0.357221595507131	0.101038653316865	0.0020169092848676	0.226348903922866	0.030569535840646	0.322628773981526	0.0018018963103801	0.317977992139111	0.0073545437729713	1659	724
PPARA	up	0.237581578835049	0.0672214139236905	0.0020235003965546	0.190762883795516	0.0102732009269468	0.170624631745154	0.0219642257898201	0.33339260662506	0.0004061262576275	1661	726
PIGS	down	-0.304316335694589	0.0861921964695072	0.0020478695005354	-0.228275013744534	0.0135046870999244	-0.258537610181462	0.006367306493083	-0.290167577462105	0.0024841193742122	1664	7285
PCGF3	up	0.239448166543475	0.0678278358127236	0.0020500235249967	0.183140503824984	0.0095739517321946	0.252547995985358	0.002116262551875	0.237056066200166	0.0049918433027104	1665	728
VAC14	up	0.322331769386602	0.0913519149784015	0.0020613247751201	0.26041212979021	0.0029597721509199	0.270157926086193	0.0106936447044503	0.306408404704322	0.0057374067713024	1667	729
RTL8A	down	-0.392300997654125	0.111288119655145	0.0020843198300906	-0.277445391037212	0.0046719421250154	-0.487925812215892	0.0019191520524294	-0.462321361197936	0.0026599321454866	1669	7282
LINC02511	up	0.501361956406012	0.142450320748318	0.0021178085209087	0.341852030545438	0.0059614209188217	0.364921028405341	0.0097984168895979	0.403303174584885	0.0107850107609344	1678	732
RFNG	up	0.373159384035165	0.106069739568383	0.002128544030454	0.284496672513967	0.0034842023319531	0.332995913241616	0.005579863816847	0.300749159591639	0.0263698444896227	1679	733
SUSD1	up	0.296309899024097	0.084358420639154	0.0021682985733225	0.227588263107893	0.0065179686850316	0.292147131837356	0.0022277771557237	0.259360432850706	0.0171036501088914	1683	735
SPRYD7	down	-0.310921973261461	0.0885320601403545	0.0021714256300014	-0.25185263119728	0.003946946446671	-0.290792415194681	0.0032568579938034	-0.225086165941102	0.0465360892798644	1684	7273
ENSG00000268362	up	0.520927834676601	0.148383588110698	0.0021793957704262	0.315236205267529	0.0152805851343798	0.39193304626289	0.0070707447252467	0.407374491522883	0.0065914033016508	1685	736
ZNF526	up	0.468218965522106	0.133369839939549	0.0021793957704262	0.321734399485589	0.007117717341642	0.351097505924253	0.008192623559627	0.403540374002813	0.0070216650382187	1686	737
ZNF142	up	0.329485673075992	0.0938703067319809	0.0021836116334961	0.207117037489133	0.0252502094772045	0.28141136087175	0.0080185754578884	0.379697051103348	0.0007976157969049	1687	738
ENY2	down	-0.257135824312511	0.0732641874862123	0.002184803295598	-0.189244329320678	0.0109841043296265	-0.189619158963059	0.0349460827347428	-0.330616758450151	0.0004870150650372	1688	7272
WDR46	up	0.353119896760629	0.100686922148255	0.0022023406431948	0.279237374068175	0.0028104212817697	0.316331795630204	0.0096764169189736	0.285131201943457	0.0154100464700911	1691	741
PARK7	down	-0.303102229898136	0.0865256713128143	0.0022311999337815	-0.305193693037537	0.0010410042316075	-0.195897514713383	0.0384532598817224	-0.258735179346651	0.0180969820107332	1694	7269
MAP1LC3B	down	-0.357077067472945	0.101999283377216	0.0022460002127731	-0.249354729034738	0.0150134664630707	-0.361804829805774	0.0013657398083721	-0.236034834455828	0.0394451026833178	1698	7266
SNW1	down	-0.352689336937611	0.100767260577672	0.0022509290590428	-0.252313414489653	0.0107617297940966	-0.290598912287492	0.0121580555745459	-0.323770087308089	0.0024377368216245	1699	7265
ZNF346	up	0.301044969961169	0.086041541457065	0.0022598052267423	0.233575780830016	0.0055618943983776	0.313095500019364	0.0019669011004512	0.217401735988472	0.0463330354698576	1700	743
RGPD5	up	0.266960437760947	0.0763654966760999	0.0022840845054405	0.221390410443488	0.0056273217565964	0.223574048560774	0.0075551928699223	0.29697731642437	0.002681716376557	1701	744
CBL	up	0.2866641209871	0.0820521525694674	0.002299213524729	0.174299605232069	0.0356121996120385	0.233064940432543	0.0174716160584702	0.348733223026976	0.0004537395445898	1702	745
ZNF335	up	0.324935542614112	0.0930074594452053	0.002299213524729	0.262709284318857	0.0042860219595089	0.274777467517588	0.0057347367228337	0.286857473962251	0.0118805080156229	1703	746
ZNF69	up	0.283513987265929	0.0811525564392004	0.002299213524729	0.308330837294842	0.0009972283648932	0.210501595004483	0.0232513348198806	0.205925477032127	0.0261283171985995	1704	747
USP49	up	0.396895832742224	0.113622064277932	0.0023019126251494	0.232802309282003	0.0293463031950438	0.369939819595308	0.0035976402640653	0.366567982615678	0.002728682788556	1705	748
UQCRQ	down	-0.337474161409483	0.0966311715034767	0.0023068475535791	-0.252370336919151	0.0086164656933289	-0.312915390153703	0.0031952544308642	-0.274254104658855	0.0118545931759362	1706	7264
RABEP2	up	0.40596349922838	0.116261075299757	0.0023104035431257	0.290931300333478	0.0069801738779642	0.31811486212294	0.0084711851432313	0.385084264029731	0.0043498769875458	1707	749
MFSD14CP	up	0.247154467224926	0.0708040413092323	0.002318954620483	0.236203501445238	0.00199349572258	0.173416387219356	0.02816792113241	0.290236123638376	0.0021678299941759	1708	750
RBM17	down	-0.249859881735034	0.0715853864746503	0.0023202665146051	-0.158678733748889	0.0258733328658627	-0.197366183808728	0.0260461074712279	-0.370195554813911	0.0001697688335083	1709	7263
KCNG3	down	-0.604734161368117	0.173282728533235	0.0023233023289303	-0.328228868949232	0.0250464737211538	-0.469503311981413	0.0041239173544414	-0.537968731266125	0.0066484866123176	1710	7262
C2orf42	up	0.342506388712147	0.098191076129238	0.0023354610255953	0.274365231566359	0.0028267699090429	0.277019149308308	0.0133847358257643	0.352054645466562	0.0057991367140017	1712	751
GLT8D2	down	-0.382840899057272	0.109804539047783	0.0023466903615653	-0.331298734059521	0.0042635186212265	-0.30464319159821	0.0051664208456732	-0.252813323222899	0.0466313782905112	1714	7260
OXNAD1	down	-0.367532221135397	0.105479864642206	0.0023645490798666	-0.273822455959551	0.0054933750559161	-0.32340153876029	0.0050944748943601	-0.312431981392341	0.012143562107035	1715	7259
EXOC4	up	0.248223719651534	0.0712448294991086	0.0023657176699548	0.226026364137468	0.0032750040002764	0.212623823908098	0.005569540782826	0.234047418223228	0.0127136040531239	1716	753
MRPL3	down	-0.464307802565406	0.133304531757962	0.0023721058153133	-0.313997059874824	0.0082380022922716	-0.340363870687579	0.0118308510775388	-0.452867041793214	0.0032170063059591	1718	7258
R3HDM1	up	0.267416708341025	0.0767838496735921	0.0023737397222431	0.205974937739975	0.0089850542719925	0.249560303590324	0.0038221686612191	0.283469553768688	0.0038503485820073	1719	755
DNAJC15	down	-0.319317609677245	0.0917169652133283	0.0023823262624954	-0.270559375017423	0.0026865782474938	-0.248939037906662	0.0179589251228823	-0.279356295506811	0.0083799349685943	1720	7257
SMARCB1	up	0.303167260433195	0.0871208269226722	0.0023898119192523	0.245243124638433	0.005415755713202	0.225651155752139	0.0187189531119206	0.341281694842759	0.0016468421008279	1725	758
RRAGA	down	-0.423662615970025	0.12180352809531	0.0024025446136432	-0.343056326065176	0.0036617152243549	-0.337228226068555	0.0115011375107976	-0.285958676249822	0.0210384915839527	1727	7253
SLC35D1	down	-0.341067695244518	0.0981206270811574	0.0024199154751337	-0.26931440290826	0.0057292568388769	-0.258058941596515	0.0130172622957069	-0.345544202783088	0.0029735954865746	1729	7252
CCNL2	up	0.277793212818513	0.0799377455726963	0.0024264308864576	0.153395680351705	0.0374279230767995	0.368108267567881	0.0007420160549414	0.372674693384085	0.0005440471737996	1730	760
POLR1C	up	0.296302887486795	0.0854103655621571	0.0024751815528982	0.178049321167956	0.0281739956922218	0.374341724335654	0.0005106943724248	0.277202352666291	0.0132015309994889	1734	761
FBXO7	down	-0.278355198798562	0.0802429210585513	0.0024761608775155	-0.214033655862783	0.016126340037841	-0.296631434274101	0.0033204328114762	-0.231750983303574	0.0051360930809583	1735	7248
ELP6	up	0.29917057776959	0.0862523222568669	0.0024780121556658	0.215597066625402	0.0117265339419685	0.29298810208596	0.0032257036294693	0.291008564894299	0.0047265730675252	1736	762
PPP1R15B	down	-0.549345157910343	0.15848103723603	0.0024958406696638	-0.323270088685871	0.0145815770477011	-0.435188425575684	0.0060980653709854	-0.412223062041975	0.0112659706812421	1738	7246
LINC00938	down	-0.490228119523224	0.141435861948447	0.0024965774381325	-0.32322803648743	0.0089179035470158	-0.317398412614138	0.0338485545770306	-0.553332487366832	0.0011153538698975	1739	7245
FAM120AOS	down	-0.297397530144143	0.0858444564794975	0.0025081214885836	-0.168926645054875	0.0334571176640522	-0.533917184673426	9.23861592463382e-05	-0.268754931162722	0.0121343418887471	1742	7244
NOMO3	up	0.382937686534643	0.110941701910176	0.0026184178672382	0.254018716271286	0.0141437851584014	0.353636221715312	0.0028492898309082	0.348905677601227	0.0085172616822299	1749	769
POP4	down	-0.368714231365248	0.106930770981618	0.0026478189962497	-0.29548205102471	0.0036618935679013	-0.314851179484455	0.0081405158793828	-0.257162104435534	0.0327767743429451	1752	7240
TMCC1	up	0.253518369643366	0.0735247003497958	0.0026478189962497	0.273333663532804	0.0014094648666367	0.168626152286623	0.0266577162745429	0.304894944823381	0.0031906239746692	1753	771
MECOM	up	0.349857285233826	0.101588855001674	0.0026848549751344	0.290468978425279	0.0056970061421448	0.337665800073965	0.0029983041605073	0.220709795563392	0.0422431136235007	1756	772
RP2	down	-0.384697447326046	0.111721365095822	0.0026881929634361	-0.304756968911748	0.0059187357321202	-0.297222365293502	0.0063907763062196	-0.309374611230472	0.0219495691095043	1757	7237
PPIL4	down	-0.46176838014397	0.134132575455968	0.0026924780820341	-0.296507472506012	0.0100743367576308	-0.373696718161549	0.0128064272643836	-0.460164988831758	0.0025012215719474	1759	7235
IMPACT	down	-0.561542365886825	0.16312701508305	0.0026935748276995	-0.324364237022584	0.016500823926363	-0.437653205697241	0.0080317103764726	-0.520046758740081	0.0039594269611289	1760	7234
SMG9	up	0.340182673821452	0.099056453605279	0.0027706766191104	0.215830085273652	0.0174487574743629	0.362486421425671	0.0037041772899387	0.384596958238036	0.0014651783927213	1763	774
ELMOD3	up	0.2584507064904	0.0753150033295865	0.0027932754717721	0.191384053355943	0.0118191733450715	0.204764861938528	0.0192212708166508	0.360047790866212	0.0005855944983799	1766	776
ZDHHC7	down	-0.175469873732432	0.0511687848489038	0.0028131744843371	-0.126471114249966	0.0114011975195479	-0.199496761331852	0.0130151558320875	-0.266228045630174	0.0004582544931154	1768	7230
RAB9A	down	-0.37186163531848	0.108439442772003	0.0028131744843371	-0.226017767154608	0.0274633757862106	-0.382257284188218	0.0012766053188162	-0.276706300797994	0.0336155029552676	1769	7229
MAML3	up	0.202326298134761	0.0590094967403321	0.0028167977762889	0.19291199969894	0.0025232222838308	0.175525711168346	0.0079896497460528	0.211072277608315	0.0198529499160519	1770	777
ARIH2	up	0.153648294226438	0.0448217367422206	0.002822696869076	0.100880971855208	0.0231411677259464	0.226262659372712	0.001023263740638	0.209463025782954	0.0013021938325104	1771	778
CORO1C	down	-0.307816675025215	0.0898323540307421	0.0028358764315989	-0.206203358383991	0.0295803180007045	-0.382581460470772	0.000967796611128	-0.220318768672475	0.0180811547836184	1772	7228
GABPB2	up	0.270204360002937	0.0788643034491472	0.0028381890201022	0.237761283941535	0.0047602140197234	0.23370955684996	0.004698674925834	0.229144844093387	0.0248359053719804	1773	779
TRIM2	up	0.263582851081445	0.0769933511471339	0.0028637672695604	0.246488041188583	0.0035060808707576	0.205830982089365	0.0164621046657738	0.24434119944843	0.0055996300196953	1775	780
MICALL1	up	0.378608257532216	0.110624260483228	0.0028708663239174	0.26871551433289	0.0078361752113062	0.271902358005569	0.0324636927358845	0.519117009050968	0.0005346251130824	1777	781
DHX30	up	0.25665733112804	0.0750377072073152	0.0028885681127157	0.215535882079192	0.0038132177012284	0.248623848593446	0.0082301984993046	0.231238922328744	0.0096115232306681	1779	783
XYLT1	up	0.236253043170539	0.0690729684150333	0.0028885681127157	0.20737317243989	0.0018305549859871	0.192854511937985	0.0430459172758722	0.290307485906142	0.0042785396827114	1780	784
SLC2A1-DT	up	0.657262087078856	0.192242340553004	0.0029020047459301	0.31296956547223	0.0438734681471086	0.552599587351759	0.0031815169795618	0.56333770938369	0.0085181933466671	1781	785
NDUFA3	down	-0.323957232757184	0.0947611179587251	0.0029030650732767	-0.263477921148348	0.0038169998804253	-0.281054914756668	0.0103410258486918	-0.26309565815573	0.0151495989520259	1782	7225
SORCS2	up	0.68569640426828	0.200618608871032	0.0029079440383825	0.355510260905329	0.0244164685561703	0.460638343938465	0.0211526216992208	0.635747789381107	0.0026880644702502	1784	787
SESTD1	up	0.425027562244775	0.124440275882325	0.0029287208188595	0.30285563732273	0.0093970601947753	0.419599212173644	0.0031646594860505	0.264258077584696	0.0375356952270751	1787	789
PRR15L	down	-0.353931466464713	0.103644539759317	0.002934137819782	-0.257482500389917	0.0101114665927656	-0.264450126023525	0.0168360912919406	-0.371360404581625	0.0021531797420173	1788	7223
MANBA	up	0.288215691769229	0.0844077863610639	0.0029356851951956	0.260380434670332	0.0024465656664836	0.251865528305665	0.0098241759469683	0.199440377507126	0.0476975444848093	1789	790
MTCH1	down	-0.286498582641034	0.0839628777824454	0.0029562360215353	-0.212757973242584	0.0134585313610037	-0.309040592586213	0.003193414192965	-0.242470404990188	0.0073706854313101	1792	7221
NCBP2AS2	down	-0.304993125868871	0.0894738492012493	0.002989034222914	-0.250033188138422	0.0045078126910063	-0.277978967504317	0.0072837150912564	-0.246345637738135	0.0155082802715117	1795	7218
CCDC12	up	0.301408850643081	0.0885629819437576	0.0030421073682431	0.208519550963252	0.0171927260123373	0.304049829617973	0.0025112354288277	0.282282540121375	0.0080926813494332	1799	793
ANKHD1-DT	up	0.271559100783735	0.0797971501446177	0.0030427544105562	0.220677104493965	0.0051779014733235	0.258517163895567	0.0043431062135114	0.243317748302964	0.0216715069585856	1800	794
CABIN1	up	0.272340815721752	0.0800473966214029	0.0030491065411613	0.248820698176481	0.0022814352194657	0.18382672379324	0.0384238635656351	0.332214184839022	0.0025517663933945	1802	795
SNX8	up	0.397288924737477	0.116817317257092	0.0030619721257558	0.334331843136567	0.0026879938203904	0.254834713034026	0.0478993255744947	0.288649439981588	0.0210476383352766	1803	796
EVA1C	up	0.337926948891206	0.0994952766169967	0.0031027805274019	0.299308429128449	0.0030326152349069	0.238362100438867	0.0342291430413264	0.273534590891324	0.0095694149772315	1809	800
C9orf78	down	-0.259447392347713	0.0764266517336963	0.0031202467322802	-0.22567470279689	0.0035436804284124	-0.224966570778239	0.0078491207113604	-0.259006057177017	0.0161506991587421	1810	7212
UBE2O	up	0.268279614111915	0.0790673965822109	0.0031376470723334	0.183506049343511	0.0268752097701095	0.236295502134364	0.0108113743257694	0.284281045586089	0.001727585041395	1811	801
PCGF2	up	0.393869493301348	0.116091985108322	0.0031391966976373	0.304866905113309	0.0046132736824778	0.285340274323205	0.0216538214670998	0.321134354897433	0.0106415716941256	1812	802
RBX1	down	-0.260269461300821	0.0767199542070127	0.0031391966976373	-0.197566801562899	0.0144053766443438	-0.297525427630628	0.001608692500487	-0.193620430941098	0.0270380947656675	1814	7211
EGLN1	down	-0.294718370344074	0.0868840364519581	0.0031417331373983	-0.194985624472975	0.0139742077252578	-0.409110344531277	0.0006311838174902	-0.303934722066652	0.0141511614975822	1815	7210
KPNA4	up	0.200337325060112	0.0590798275674675	0.0031512308139009	0.179956393071958	0.0024644552027409	0.179407260121897	0.0187975698841073	0.243185772635194	0.005786472787713	1817	805
KMT2D	up	0.319662072013928	0.0942736469084207	0.0031514584215823	0.248366145896386	0.0057104235373794	0.265991518580873	0.0140249722524032	0.307425386363112	0.004937606324032	1818	806
ANKRD52	up	0.346909142233892	0.102330507398543	0.0031572512786541	0.228647914919127	0.0138753285676201	0.337329392874973	0.0077586632713983	0.392181612683481	0.0015767388454846	1819	807
ACSS1	up	0.299029443929807	0.0882096786281185	0.0031572512786541	0.246343834821306	0.0040886165048498	0.262820659885194	0.0073575950248519	0.2504562309045	0.0286629571965428	1820	808
ZNF771	up	0.362338067229513	0.106901719039884	0.003161671735144	0.233339325284475	0.0283737564648786	0.342949838822026	0.0025999116555831	0.278730805924991	0.0154427035482797	1821	809
PPCS	down	-0.324679241498727	0.095944184342984	0.0032192979202837	-0.257964068360505	0.0065831113303994	-0.245219838218425	0.0172523272576736	-0.323929579184626	0.0037409136987733	1824	7208
YRDC	down	-0.330620231180469	0.0977304081930198	0.0032259630053414	-0.26452482800075	0.0032022967789012	-0.267782579688638	0.0290890684046269	-0.302450336326229	0.009821989823475	1825	7207
EIF1AD	down	-0.376106386337833	0.111178913968892	0.0032259630053414	-0.295482036049718	0.0046213578506197	-0.307968990004791	0.0103938144410661	-0.268072841609965	0.0311517078589792	1826	7206
HTATSF1	down	-0.468345403123662	0.138457417859923	0.0032259630053414	-0.290293669283683	0.0165210926882506	-0.398512905441444	0.0053273720346589	-0.351955198193788	0.0139055374961591	1827	7205
PITHD1	down	-0.26867961163136	0.0794364130869124	0.0032259630053414	-0.180983808544018	0.0245192447974185	-0.245596659023865	0.0123048089248248	-0.291916588912672	0.0014878230911167	1831	7203
WDR27	up	0.306847001127692	0.0907704989949127	0.0032454257479699	0.253072228132008	0.0058414018022058	0.313313871921721	0.0033417561594238	0.20606178996381	0.0404793771632699	1833	813
TLDC2	down	-0.378629434379748	0.112039691474039	0.0032560508026321	-0.246326492490551	0.0138216979476364	-0.301206587934065	0.024704787289354	-0.481625762163877	0.0006703242318149	1834	7201
LDHA	down	-0.509206423093615	0.150769763613942	0.0032785667532089	-0.341147056356285	0.0117636241569851	-0.396947927387715	0.0076087242652908	-0.310220129812278	0.0342884488540326	1835	7200
MIER1	down	-0.256881107300434	0.0760777018067918	0.0032865069093434	-0.217981462132717	0.0039009915347187	-0.220454890980561	0.0141106964660973	-0.261773043936978	0.0064865688518128	1836	7199
MT-TY	up	0.530633614462296	0.157311596249091	0.0033228230869029	0.342732922875261	0.0080746560541798	0.365500799951873	0.0212117708014982	0.440170244931189	0.0096336311626681	1838	814
MORF4L2	down	-0.433146649180092	0.128419867887265	0.0033228230869029	-0.259646219539074	0.0207434737886738	-0.352890460206156	0.0133762208750478	-0.459950015239765	0.0016124092195456	1839	7197
RSPH3	down	-0.243671214673738	0.0722440136007662	0.0033228230869029	-0.17268367220698	0.0131360004129255	-0.299498403620834	0.001557783276776	-0.267443437468748	0.0071715983065059	1840	7196
IGHMBP2	up	0.371415704130889	0.11012122887147	0.0033228230869029	0.241088602263869	0.0146976087188293	0.352107878080313	0.0085891696914102	0.382729866507948	0.0023337568065569	1841	815
HOOK2	up	0.229958477532513	0.0682340489129196	0.0033494530478794	0.142885155445135	0.0473964058885264	0.172233119345243	0.0269325319610658	0.323950374189739	0.0003917707358501	1843	817
AGO4	up	0.27293521507907	0.080986264216873	0.0033494530478794	0.264827330953424	0.0026851755970912	0.177530650166762	0.0365416223874172	0.318354218631938	0.0026309855528221	1844	818
PAAF1	up	0.287255360489373	0.0853277957964068	0.0033876101986432	0.23058008810186	0.0091611970061463	0.276286613145178	0.0032911588487615	0.21480857896182	0.0311027374662584	1847	820
DNAJA1	down	-0.386937291410014	0.114950157126587	0.0033893501050639	-0.272761512530531	0.0127449388641242	-0.322882074567961	0.006395845545715	-0.30731475686428	0.0118888994575086	1849	7194
ASH1L	up	0.254703777829828	0.0756767541630615	0.0033930549005961	0.227266046074943	0.0037323867141035	0.188959956270168	0.0269488895084204	0.27950954534689	0.0035066898993824	1850	822
RNF128	down	-0.427232870963355	0.12709822684972	0.0034418834998693	-0.24610618345375	0.0332389093355826	-0.392503303011389	0.0029243501490927	-0.333071263223922	0.0144210039410818	1852	7193
ERC1	up	0.209684563301081	0.0623912688456204	0.0034468727279372	0.207297778935414	0.0027562339780612	0.14891198930503	0.0335759246004109	0.249247216661461	0.0030157427772732	1853	824
ENSG00000227598	up	0.280259449378158	0.0833921767255331	0.0034468727279372	0.180244535241044	0.0299416252721457	0.251308702249333	0.0177333007798859	0.303749259764254	0.0012841247019442	1854	825
IRF2BPL	down	-0.484039737228054	0.144138852571824	0.0034774748912823	-0.321355627321089	0.0093283028271932	-0.373106220751493	0.0093712766637869	-0.334517490767458	0.033415020052029	1855	7192
KIF9-AS1	up	0.405787790220743	0.120848892159808	0.0034798479071456	0.268966420368282	0.0149997430500929	0.375983353707874	0.0034069031652783	0.283730497188987	0.0338778182693504	1856	826
COX6B1	down	-0.330349169294513	0.0986308530618647	0.0035744199490746	-0.250300827382853	0.0071608700859533	-0.305932865831069	0.0063857982015065	-0.275441165493086	0.0147880282828822	1863	7188
SAYSD1	down	-0.346024356552312	0.103342705335307	0.003583885779354	-0.28004682292331	0.0034479419041062	-0.262530984619938	0.0247082159771183	-0.300268691768471	0.0186200033403688	1865	7186
PPA2	down	-0.265561103672419	0.0793574195038995	0.0036069441541522	-0.204568549781184	0.0140375029868171	-0.210171127831698	0.0140367116672733	-0.323564721615571	0.0017078428744893	1866	7185
SCHLAP1	down	-0.482570290479142	0.144231381901988	0.0036107106266236	-0.363708636991792	0.00718585484786	-0.274481338947291	0.0459832406557458	-0.395410444750626	0.0065784098584729	1868	7184
DEF8	up	0.387990538882938	0.116132797100571	0.0036689509934047	0.300228501268315	0.004371988444002	0.290196036045829	0.0203187006057247	0.303595503256264	0.0265374344099587	1871	831
CARS2	up	0.235704109979512	0.0705823336276767	0.0036848909465292	0.159266188509804	0.0336318570298901	0.28550274377863	0.0011644576219118	0.177962016557772	0.0325973119559769	1873	833
ULK1	up	0.333504183334862	0.0999417737437343	0.0037153554531136	0.270604075245069	0.0039827078814061	0.262271775606275	0.0223093957631362	0.279102538128684	0.0150728639750955	1874	834
ERAP2	up	0.408646726563252	0.122646462740374	0.0037677155123972	0.27466610701748	0.0110948126741975	0.355081993696765	0.0090912086092394	0.351785212457173	0.007855429816923	1882	840
ZFP36	down	-0.409538365398574	0.122938793730864	0.0037747918428276	-0.282427309694219	0.0125187978447002	-0.370300091221766	0.0050599022866515	-0.284003043851897	0.0259798939832745	1883	7179
KAT7	down	-0.363302752799987	0.109150036743274	0.0038092387468079	-0.240324313657459	0.0177794636185162	-0.298094999081133	0.0106384992201028	-0.433893688089611	0.0016736094372151	1884	7178
TANGO6	up	0.35577437082055	0.106939854416254	0.0038284391178418	0.240242236990674	0.0158814692908208	0.331441608759216	0.0050385961071787	0.316915264926651	0.0082136358208757	1886	842
UQCR10	down	-0.324799912602868	0.0976690606349132	0.0038428097004979	-0.260796529534419	0.0042569614982821	-0.260981470550218	0.018853398505996	-0.304485430925696	0.011084713638761	1888	7176
ACVR1	up	0.314432074794026	0.0945589022333329	0.0038428097004979	0.240019968976987	0.0063424463289249	0.297315536332709	0.0069908692159333	0.296337216683596	0.0121878507264344	1889	843
MTX2	down	-0.321786400150636	0.0968067133932593	0.0038555832862721	-0.204681702837991	0.0213945293508498	-0.247730869765742	0.0376620545321998	-0.507382801647642	0.0001755660451252	1892	7175
ZCCHC7	up	0.231593931535539	0.0697306577482244	0.0038854931843502	0.215113511186567	0.0032752963398442	0.212697367816251	0.0112983115753158	0.180715463883369	0.0302017294723086	1896	846
RABEP1	up	0.231292936209369	0.0696436374000081	0.0038858388705443	0.195416860373784	0.0037915833129692	0.283682343089637	0.0047743426614797	0.188313259401715	0.0336194563090098	1897	847
CSRP1	down	-0.367333396365673	0.11061660591115	0.0038881394126761	-0.278962224335211	0.0065064113905961	-0.305667429549576	0.0122303217592838	-0.287642818317381	0.0158183991559547	1898	7171
BPTF	up	0.187200457994729	0.0563842824580719	0.0038937648262291	0.183586012912264	0.004698219464698	0.173326148383629	0.0086403802525136	0.163018066248725	0.012987850658095	1900	849
KBTBD11	down	-0.314639028915821	0.0948470758726304	0.0039281976690611	-0.216741612579968	0.0152449641668888	-0.339388749082226	0.0021586443070492	-0.255173913318327	0.0325966098738059	1902	7170
LINC02742	up	0.607095394011035	0.183074928352668	0.003941332430904	0.327053037685161	0.0221503308893276	0.471939725174694	0.0086512037288532	0.465640530351966	0.0135379678371346	1904	851
KCTD7	up	0.294603841238704	0.0888925301814965	0.0039626224818082	0.222713621089593	0.0082722124313906	0.260662748500039	0.0149256869904741	0.304413875698278	0.0038328355945136	1907	853
NPC2	down	-0.360658289070691	0.108867942725269	0.003974315936155	-0.214882867496101	0.0353238911930495	-0.310524655139487	0.0091569179623154	-0.363607217319222	0.0025106448457339	1908	7167
HECA	down	-0.296614230404028	0.0895369519758611	0.003974315936155	-0.2416820173816	0.0037350444119637	-0.299823722487631	0.0113059536157762	-0.238941864838824	0.029902170785481	1910	7166
EPHA4	up	0.322757415681584	0.0974417039639801	0.003978412999948	0.409038644408474	0.0019541207365672	0.22399788854319	0.0185936512676252	0.274618731294988	0.0192877649787824	1912	855
SYAP1	down	-0.174423821530647	0.0526723600106151	0.0039880934454099	-0.163293452023609	0.0034601681391726	-0.174597284183919	0.0092533218288086	-0.142766920926426	0.0403106894510288	1913	7164
RERE	up	0.17501900365198	0.0528556183902759	0.0039891578697497	0.167420562812798	0.0031229583690511	0.160372226780837	0.0162551420622568	0.149446125000844	0.0333073289647093	1914	856
MRPL51	down	-0.319328245044893	0.0965154379308578	0.0040256359000065	-0.263538014209601	0.0050084253978234	-0.252916029517133	0.021352101208897	-0.266121072977242	0.0112042789859708	1915	7163
GPRC5D-AS1	up	0.330624835183262	0.0999496862004377	0.0040330144674542	0.263504773905331	0.0063925534905462	0.287407574484999	0.0076851457781463	0.244440597535949	0.0329569636241165	1916	857
PSMB4	down	-0.304536571135887	0.0921074721936376	0.00405392732114	-0.274571495401203	0.0029734690121295	-0.216873439770837	0.0292564618351911	-0.266385862817552	0.0205461676194935	1917	7162
CYP3A5	up	0.39527212050991	0.119565992680359	0.0040558773456732	0.253795583613384	0.0162529609442881	0.321557594093874	0.0159820421996639	0.436194204517289	0.0019970675345384	1919	859
SAFB2	up	0.225894859531761	0.0684548539132996	0.0041325405890842	0.16259155482426	0.0250312089295155	0.215450036619839	0.0061580674755897	0.251438511813285	0.0032013019850946	1924	863
NAA25	up	0.282392895081925	0.0856029557003719	0.0041457486726249	0.189427120945906	0.021651453459286	0.322674311885381	0.001829301638531	0.249133171192584	0.0188575703578835	1925	864
IRF3	up	0.273148090422833	0.0828331624978084	0.0041628146922303	0.163434527954309	0.041300588507993	0.268244421001753	0.0050275445240092	0.35817123042431	0.0011377034654816	1926	865
ZSWIM5	up	0.247657877307246	0.0751150522384575	0.0041662330171518	0.188560890044576	0.0104314297328851	0.246663548937346	0.0072252307273925	0.270206790673457	0.0043923817557603	1928	867
VDAC3	down	-0.306980260450961	0.0931329215174971	0.0041752025093137	-0.228932533087859	0.0114887212188955	-0.237688327086673	0.0224187905640469	-0.323683507142042	0.0028504067576066	1930	7159
LUC7L	up	0.298934302685208	0.0908832730694964	0.0042684839537167	0.186961894291381	0.030278347860724	0.334340473054205	0.0018664208854814	0.284330606664472	0.0108239358174051	1935	870
SMYD4	up	0.352354295329633	0.107338610487104	0.0043534452717368	0.297707745706308	0.0037762887030963	0.240470782763826	0.0373841081625718	0.279845209119153	0.0215000617742138	1942	874
MUC20	up	0.546490351557835	0.166688317441004	0.0044130517791517	0.339918474243702	0.0100830264142394	0.371298471781076	0.0339659108822101	0.465115100626051	0.0090829720246613	1944	875
SAR1B	down	-0.38200497229363	0.116594645180173	0.004437897307485	-0.299950033201221	0.0047550996391271	-0.266513614861007	0.0294659107532449	-0.340325689866103	0.0150939405290139	1948	7151
ITPR2	up	0.302214129888112	0.0922895136119367	0.0044627063673876	0.22065680295866	0.007579809358328	0.44517171765672	0.0013626904028727	0.293412767201129	0.0404535568951947	1949	878
RPRD2	up	0.191783994458629	0.0585841012574682	0.0044758941004548	0.177569801739553	0.0041140180241771	0.16974094091778	0.0137237494298852	0.189582649343567	0.0168992263791966	1950	879
EIF2B1	down	-0.236242085014729	0.0721774316359279	0.0044804689392959	-0.196215703758892	0.0056036998221192	-0.211715911779988	0.0213392668733423	-0.246998954481546	0.0053942107677236	1952	7149
ILRUN	up	0.245017473977349	0.0749250549058774	0.0045198194733475	0.196625189690638	0.0115275234485273	0.174946486930728	0.030168165473582	0.384154491968108	0.0006604941144836	1955	880
TTLL5	up	0.260553988285389	0.0797149165759349	0.0045430465433795	0.214460981585469	0.0057926804827945	0.242925640447065	0.0108353960795405	0.239839042081725	0.0131228595014349	1956	881
MYO1F	up	0.488379600765962	0.149443436533602	0.0045500876002979	0.310598883372519	0.0127179211064309	0.389310389427932	0.0095361041325837	0.342834254402791	0.0380934648115163	1957	882
RLF	up	0.232506755827134	0.0711658731913816	0.0045619138199573	0.213356359274221	0.0040531814707092	0.200908875562781	0.0139326992097752	0.194691339284152	0.0268333346805113	1958	883
IWS1	down	-0.202027116633818	0.0618723397412454	0.0045877004222241	-0.190562291926605	0.0033735543645016	-0.195523469798553	0.0189626233935054	-0.16313944446815	0.0260039508428488	1960	7145
ENSG00000266953	down	-0.416194708462016	0.127531092127733	0.0046067048542579	-0.298292392500803	0.0082848134607984	-0.324182970312981	0.0174587398357702	-0.310431428312401	0.0178727608505527	1964	7144
PRMT7	up	0.322379193460436	0.0988832660400935	0.0046555195913438	0.247515626921477	0.0088777300221519	0.281610958401997	0.0080665486345157	0.267927771265959	0.0191952609548185	1966	887
SENP3	up	0.25209485461444	0.0773368151467819	0.00465898109084	0.193309309075902	0.0158342369407387	0.243358088292797	0.0090893688983029	0.234060290693015	0.005727295535016	1968	888
MIR194-2HG	down	-0.354965430898731	0.108922425420748	0.0046689174550734	-0.237354945065102	0.0150667817887009	-0.334299252365208	0.0094061577245678	-0.34832638679826	0.004665575373544	1969	7141
INPP5B	up	0.339761728304603	0.104312433143866	0.0046914352496146	0.250398928181585	0.0185329376967437	0.265972061034096	0.009564835820437	0.316683190692234	0.0074741202970832	1972	890
TAF8	up	0.226107514006834	0.0694709256801566	0.0047224724016947	0.195160535499129	0.0042420342340968	0.22308970294275	0.0104662897712274	0.197118158633531	0.041130511183493	1976	891
SNX7	down	-0.402984157236046	0.123828516718909	0.00472564195464	-0.260301572046294	0.0188479278241492	-0.33858362438244	0.0071136972142898	-0.387308587131263	0.0076916087461814	1977	7136
TYW1B	up	0.287052940595144	0.0882141293207003	0.0047286699164479	0.213856558007535	0.0160607939834837	0.243498317218965	0.0086151806224753	0.32107002444459	0.0043388330994334	1978	892
NXF1	up	0.272332876222542	0.083740509857621	0.0047563034763395	0.226606240884581	0.0048218724168553	0.256197305924715	0.0105665437794056	0.215259235265552	0.0417336492944305	1980	894
ZNF444	up	0.350177769922815	0.107719243356356	0.0047727240282792	0.251120405376703	0.0140399836902631	0.302039626346782	0.0061796066380407	0.288425334643897	0.0211499250261422	1982	895
VPS26C	down	-0.298120120941318	0.0917334154354717	0.004782039819539	-0.217493290903565	0.0187717830539408	-0.257913359497793	0.0118097365769616	-0.274097666002302	0.0054510071722095	1985	7133
C2orf88	down	-0.365199047019962	0.112380669524479	0.0047828655795941	-0.213284975647783	0.0368941402630596	-0.464288714278102	0.0013588535455092	-0.27165535281176	0.023040791045252	1986	7132
APP	down	-0.214969370531075	0.0661575991552869	0.0047856391120681	-0.166939619583759	0.0244412714367516	-0.193549415349097	0.0129466513055899	-0.214416767989355	0.0039240799894781	1987	7131
INTS3	up	0.341738763201783	0.105197916985398	0.004792235780449	0.26455813304132	0.006280440028747	0.275529059795687	0.0156914181737459	0.318090606801811	0.0134911960884126	1990	898
CADM2	down	-0.463855836155998	0.142866184185366	0.0048193134565478	-0.25039943114071	0.0366538169718529	-0.440174931809377	0.0057058989548211	-0.510805742188713	0.0022115361187046	1991	7129
SLC12A9	up	0.304776111548259	0.0939582156573467	0.00485648206761	0.206836164988362	0.0151759897333583	0.423343527882577	0.0015439973593671	0.26664993032872	0.0194336657685546	1997	904
ABI2	up	0.316147673591055	0.097576764256017	0.0049183707868143	0.233692272083371	0.0106305180293389	0.327345947086509	0.0074465863476112	0.266390913791491	0.0114710035031349	1998	905
FMR1	down	-0.394262861487589	0.121738252155173	0.0049397232226906	-0.300211614335438	0.0047689098173709	-0.28405011926756	0.03761112757361	-0.419088169874073	0.0086019352900983	1999	7128
MAPK9	down	-0.202020620651942	0.062451101100449	0.0049975646260013	-0.177046278019317	0.0050653634437732	-0.178359463544991	0.0330940409643182	-0.205001450812356	0.0069562571104091	2002	7127
PTPN12	up	0.255812410340017	0.0791620563005465	0.0050465750689691	0.20524446273199	0.0095028469642069	0.215711969739019	0.0128690072882466	0.38000817458522	0.001879255307883	2006	910
ZNF398	up	0.265994123959406	0.0823279432301883	0.0050520278636423	0.207404690838996	0.0122898437728417	0.266853118454309	0.0060304573130027	0.225125695399186	0.0142154896305739	2008	912
SF3B5	down	-0.320722122504045	0.0992718509756634	0.0050524024600675	-0.270690138970279	0.0039752078596163	-0.226518211131879	0.0435085580422201	-0.26601600001746	0.0238720702722297	2009	7125
GGA3	up	0.265784291615774	0.0822791588991535	0.0050582176593221	0.158040184704722	0.0402554904204432	0.236697756234666	0.0167972089180537	0.423836679813554	0.0002938688620722	2010	913
C6orf136	down	-0.282000275226874	0.0873318253238184	0.0050771110951401	-0.196993395159115	0.0195318692561812	-0.278773359593512	0.006821876696581	-0.282101636882817	0.0054733467959126	2011	7124
ABCD3	down	-0.337870397272451	0.104857742371085	0.0051930149106034	-0.249286009698735	0.0086906755391009	-0.290380655098293	0.0131477404264013	-0.355070604392437	0.0067941232903391	2014	7122
FBXL18	up	0.437230040837769	0.13575293248814	0.0052110443500653	0.284745931244302	0.0151954929768598	0.352481473903859	0.0089896187848045	0.352168686712903	0.0205465649850993	2016	916
GOLM1	down	-0.255666232434346	0.0794082531653438	0.0052261900171673	-0.151419276248172	0.0324755369791905	-0.36735715913618	0.0016452577355128	-0.382281660517493	0.00065667265497	2019	7120
NIF3L1	down	-0.3680689230944	0.114358405237352	0.0052408505962774	-0.278534708401515	0.0086375700855623	-0.258258971683609	0.0357968030251311	-0.312822757410639	0.0083687470056725	2021	7119
NFKBIA	down	-0.371553147382813	0.115547780694913	0.0052928744065144	-0.305685167780649	0.0051092185217318	-0.290981745096816	0.0237923073044897	-0.240532710608982	0.0446766721935311	2022	7118
REEP5	down	-0.257271076632927	0.0800120534244334	0.0052935053850528	-0.157498009755398	0.0392194889832425	-0.259937793259697	0.0057026601327897	-0.357874584497666	0.0012182945603315	2023	7117
PRKCE	up	0.253830584107779	0.0789715166143409	0.0053104246172303	0.224489605133638	0.0041585297266667	0.199659987813594	0.0335114305701484	0.230856434799124	0.0171237949208658	2025	919
STIM2	up	0.30582499095342	0.0951682127679723	0.0053204597174076	0.192340947761427	0.034473166558458	0.333759694169268	0.0030139090250636	0.264573329621441	0.0124583792371192	2026	920
USP22	down	-0.206606358083079	0.0643140680017072	0.005337508152272	-0.16812588229339	0.010828583588906	-0.170257694377412	0.0360347758225975	-0.232977936016171	0.003132864219602	2027	7115
MYO5B	up	0.159836017701985	0.0497610045353802	0.0053420499691837	0.146810279120011	0.0043788554262739	0.126797056243338	0.0436397390980826	0.226573697929468	0.0033028380360462	2028	921
SRSF4	up	0.196852261136197	0.0613059071516739	0.0053597149327539	0.16892980229796	0.0084007999875568	0.160378770936738	0.0271310016200439	0.235806866593308	0.0034816957431352	2029	922
NUDT2	up	0.24729177041842	0.0770295893918289	0.0053636551092702	0.181163910230951	0.0166058494483744	0.26031639059421	0.0039935132243726	0.254097724663176	0.0117073993193365	2032	924
PSME3	down	-0.327967005844167	0.102209501241018	0.005380936190707	-0.252314517229369	0.0096508389811313	-0.304341567492256	0.0067460522510893	-0.226997424363791	0.0462087119105081	2036	7111
ZFAND6	down	-0.254784517378978	0.0794038724828721	0.005380936190707	-0.203924411686316	0.0076380871312191	-0.25877139362333	0.0058950793861297	-0.216391307315632	0.0470138909618023	2037	7110
PSENEN	down	-0.44906159885577	0.140048517907866	0.0054156877403158	-0.297824541228048	0.0143209981861192	-0.347384151229066	0.01046676585844	-0.301841534073598	0.0457930735924297	2039	7108
PGM3	down	-0.364915259511122	0.113831270291408	0.0054259501020957	-0.203961895243174	0.0488392927659377	-0.34890244240357	0.0046079561145906	-0.338749131692151	0.0067173513942981	2041	7107
NFIA	up	0.256952624452139	0.0802228766360113	0.0054757551225475	0.237550645804765	0.0057762188252266	0.204383079034349	0.0240431929820347	0.22121059851503	0.0115553570870648	2042	927
EDEM1	down	-0.444793900487486	0.138923239168729	0.0054890126390088	-0.268254445749647	0.0221786516845386	-0.449900642743802	0.0043487362094162	-0.318311535194756	0.0305573137950707	2046	7105
MAP2K7	up	0.287813915018742	0.0899086019102127	0.0054966415639406	0.227160864745704	0.0110668399710788	0.238774893426916	0.0116333156973885	0.287797197462013	0.0084434597803592	2047	930
HNRNPR	down	-0.302387187579126	0.0945041092486904	0.0055164368024186	-0.229824348767997	0.0121843397545737	-0.230106398714296	0.0251994921445254	-0.314795367685282	0.004212415020949	2050	7102
UNC45A	up	0.293069799833449	0.091625171408673	0.0055331320188049	0.212951197146366	0.0132839752781651	0.259834927661461	0.0136971760761395	0.327979134968501	0.0039493045756648	2052	932
NUP98	up	0.179229747255026	0.0560809454656349	0.0055735574795637	0.167214212139752	0.0043443657559225	0.152452772481263	0.031560767690133	0.181459489213699	0.0153657542066852	2056	934
TRAM1	down	-0.417070372703366	0.130622105132005	0.0056145753863339	-0.261627609130625	0.0192533553334515	-0.375580610158783	0.0078102283643596	-0.441020420235945	0.0053150513735228	2062	7096
TTF1	up	0.29950612345432	0.0939014922146608	0.0056702841824677	0.224635449098321	0.0133551556965247	0.256828508273569	0.0125246880909623	0.283277333195288	0.007956215685724	2065	938
BID	up	0.229084788717842	0.0718635882608142	0.0057023260439224	0.188558809480297	0.007810730386469	0.246824714808113	0.0057087089222011	0.186054039880987	0.0399357061950532	2067	939
VOPP1	up	0.150148196423102	0.0471128590252505	0.0057150219338691	0.140443024982687	0.0077041477898275	0.171985615670648	0.0091675959715351	0.131922796520575	0.0132383095401896	2068	940
POFUT1	up	0.251319093501512	0.0788688271118624	0.005721041905431	0.183798683387084	0.0185961746607294	0.231719837093987	0.0124474204451157	0.272186257996125	0.0040966087627379	2069	941
ERCC3	up	0.215059969194698	0.0674931678471239	0.0057212283148467	0.146011063190898	0.0289829368290301	0.191855727362359	0.0298474175675232	0.272496046249733	0.001491317461464	2070	942
SLTM	down	-0.317467165573794	0.0996816004772344	0.0057470834391876	-0.254539556448837	0.008005604345082	-0.258486208297597	0.0151848986912999	-0.260123414730687	0.0197005295134435	2072	7093
MAN1B1	up	0.308902017141512	0.0970284481635433	0.0057679540388479	0.24063540963683	0.0069111848260178	0.238379097398151	0.0359072088485835	0.320395872230237	0.0061342094324399	2073	944
HNRNPL	down	-0.175858132242638	0.0552458981011947	0.0057682770634088	-0.160190965047815	0.0046384641558185	-0.157961385021633	0.0239628481373451	-0.206235591323735	0.0108798520960161	2074	7092
GRAMD2B	down	-0.264048281921342	0.0829522602843694	0.0057682770634088	-0.165317774068	0.0376713412514089	-0.292992730838672	0.001923169980265	-0.335953927653076	0.0069118021816564	2076	7090
ADCY6	up	0.243785224007652	0.0765885899114464	0.0057682770634088	0.214167015805732	0.0096139685224251	0.173959191488064	0.0297242778158027	0.30269652707083	0.0028214746046348	2077	945
ACAD9	up	0.192388697343719	0.0605732219025041	0.0058990321428561	0.156084378308848	0.0096799707740104	0.214428822279132	0.0060286554436919	0.203990410132545	0.0128804063064187	2080	947
GTF3C6	down	-0.324716105123868	0.102339346137697	0.0059501210674605	-0.267487905444338	0.0086669619633372	-0.244289931457302	0.0152242137385724	-0.319273441032988	0.0122275980180462	2085	7087
INO80	up	0.228394438485124	0.0720132608018048	0.0059726175685039	0.203704163361614	0.0059183829121578	0.197130460679035	0.0217077306719068	0.202679602880421	0.0151607561561216	2087	952
DDRGK1	up	0.308931957434651	0.0974397543833033	0.0059850848032144	0.224750919412446	0.0118446836783047	0.288574922408761	0.0109487103845857	0.310101523979804	0.0079059372710856	2090	954
EZR	down	-0.130148622227273	0.0410511822077397	0.0059850848032144	-0.190121488840728	0.0135622023095742	-0.289782564896511	0.0015542272304303	-0.104508331132444	0.0069733317348351	2091	7085
E2F4	down	-0.308534196277231	0.0973586307031712	0.0060043535626338	-0.204004951717269	0.0205057737994013	-0.285610963575244	0.0167024649876845	-0.364266086350899	0.0022276874345434	2094	7083
ATF7IP	up	0.244826274966107	0.0772607896072215	0.0060060041320836	0.211416541524159	0.0052239993532877	0.216881643857925	0.0259350945553196	0.213930203127753	0.0197982843338518	2095	956
VAMP8	down	-0.275317428073681	0.0868944145574716	0.0060088728035835	-0.196273818812512	0.0371104525026673	-0.274306410589423	0.0044859211282366	-0.214661730309622	0.0200425479592732	2097	7081
CKMT1B	down	-0.239269629025815	0.0756719090919744	0.0061237364890823	-0.204075227751581	0.0075807418387092	-0.19947003860545	0.0186293053469366	-0.24928964745929	0.0087906617231474	2104	7077
SAMD4B	up	0.218573935922963	0.069318189816208	0.0062801813977967	0.192655866694933	0.0073658360877537	0.155045312057296	0.0395014568941171	0.339885992888024	0.0015547338899617	2114	963
C6orf62	down	-0.334230149548576	0.106119221418345	0.0063526146152238	-0.237343872239006	0.0197367957166501	-0.263500688899096	0.0128289776104602	-0.367712016627619	0.0052494756997499	2116	7069
SGSM2	up	0.312344764101137	0.0991998878796196	0.0063692703581366	0.230296239394764	0.0139807602780713	0.294818942740428	0.0073673281289408	0.249878625029138	0.024886562924836	2117	964
WWTR1	down	-0.271776815244973	0.0863282265882944	0.0063739081397285	-0.234341516686147	0.0052128674644499	-0.216186995473662	0.0265425642608952	-0.237279814207789	0.0307040663729414	2119	7067
NAT8L	up	0.53541787557178	0.17028283936527	0.0064442483543557	0.291074187374037	0.031309483070932	0.404013209486286	0.0113524680229347	0.432381760564455	0.0150099882050635	2123	968
C2orf69	down	-0.44620324557449	0.141909458980172	0.0064442483543557	-0.328874388148308	0.0085871919931833	-0.281639990087402	0.039626417354046	-0.311682443338501	0.0327357552347314	2124	7066
SNX14	up	0.234246745140836	0.0745186706973648	0.006456193940394	0.20691667313675	0.0064062291683573	0.214911385102941	0.0126955020489764	0.185691744674931	0.0379748372711003	2126	970
PEX16	up	0.294577610114765	0.0937488566651428	0.0064792991466633	0.21026334254665	0.0176876582066943	0.282866357190242	0.0055162829723456	0.340543082001154	0.0092377721293169	2127	971
AIMP2	up	0.335783363891148	0.106939745121305	0.0065222997469985	0.231293666749665	0.0142816477642394	0.335088768556405	0.0077087803976643	0.362881305969264	0.007287602405641	2130	973
SETX	up	0.210418688196569	0.0671180776762976	0.006615482800289	0.190094877792986	0.0068328563960827	0.179874692483408	0.018532614148117	0.201831482161773	0.0152047817562968	2135	976
FAM89B	up	0.280746858841342	0.0896062119924627	0.0066537296651422	0.219090478165441	0.0069454030321879	0.285848848232312	0.0135591760574196	0.319911466045789	0.0093978927292961	2137	977
GUSBP11	up	0.395680718558106	0.126347869626076	0.0066833490356773	0.26852027448242	0.0175319638043045	0.316129843585125	0.0103889512897921	0.312415111097083	0.0268856639064861	2138	978
INPP5A	up	0.295280308306026	0.0943025036503401	0.0066910105322651	0.172820962159595	0.0415043411462476	0.393779778913493	0.0011390515238704	0.229221405173759	0.0495921196044944	2139	979
EIF4A1	up	0.498621110826379	0.159283343339792	0.0067061245790672	0.294987123026913	0.0238319258478631	0.367090195604138	0.0131808198140072	0.350824914305991	0.0289370668182852	2140	980
LETMD1	up	0.201311935514143	0.0643381301048931	0.0067326822987594	0.190131696009015	0.0064445345334736	0.183997882686951	0.0125170557680369	0.162532172399288	0.0355657333457183	2142	982
SLC25A25-AS1	down	-0.264756360268972	0.0846356452081794	0.00674423285043	-0.205886381825387	0.0104933465010794	-0.266943202976551	0.0115554529313447	-0.242737440552915	0.0126305510775934	2144	7060
DEPDC5	up	0.277605049233656	0.0887897124854316	0.0067725920544365	0.219428964954056	0.0164707457904198	0.189909830853347	0.0356038791768571	0.3520851916988	0.0022603241800874	2147	985
NRF1	up	0.247309474594071	0.0791165987166254	0.0067846293483285	0.215195437355817	0.0052777923623298	0.195448246229737	0.0383860456229497	0.240110742312387	0.0164997015098523	2148	986
PLEKHM1	up	0.212908368614045	0.0682462643462582	0.0069092594192251	0.18582151968174	0.0103683376558071	0.193311402362745	0.0114195721180417	0.19363497298119	0.0168363182033251	2154	991
MNT	up	0.272340284320757	0.0873206234632334	0.0069245135496374	0.200370898493121	0.0190307486631397	0.212460355899965	0.0340279457782127	0.287173436589295	0.0039762216532763	2155	992
KNOP1	up	0.380525877062847	0.122071089618842	0.0069574681617371	0.247251489689832	0.019699805867237	0.278187587447963	0.0381465438090133	0.37223238911796	0.0046082799888331	2157	994
ARL5A	down	-0.335018503153597	0.107503569741702	0.0069722849574521	-0.23719655142076	0.0158159375934016	-0.282756249959537	0.0142514721864063	-0.313178893444045	0.0097989346257183	2159	7057
CEP68	up	0.346688826941407	0.11133962328623	0.007023114578942	0.281748269732902	0.0115933141030932	0.347618825637955	0.007422571853091	0.218214357885825	0.0426191207117793	2162	996
VRK2	up	0.251554418102872	0.0808214941380982	0.0070514864838915	0.172818129038924	0.0403381198377157	0.261865073978382	0.0037840312601009	0.199603038361468	0.0329263360326219	2163	997
KMT2B	up	0.371972617077293	0.119576193540663	0.007079381716094	0.25768149335566	0.0139812110785906	0.309137146119701	0.0141606751248796	0.353870906623201	0.0115778681286751	2167	1001
TFAP4	up	0.37766451624236	0.121458833388747	0.0071020930719521	0.282005756458848	0.0126037559264432	0.31504953936026	0.0151792007104501	0.262609148970036	0.0274949989524484	2170	1003
TARS2	up	0.324369687698871	0.104440811031807	0.0071798835707103	0.222130456941748	0.0221337097387851	0.344093309444528	0.0043550763488983	0.226657554252907	0.0455951337001926	2173	1004
ASXL1	up	0.208346964115501	0.0671071797465565	0.0071963518243349	0.184370027788103	0.009197637303002	0.188273659970497	0.0140601828805061	0.18919171643439	0.0171365413636435	2176	1006
XPO7	down	-0.25645047625766	0.0826828056207399	0.0072611332105987	-0.224877421447406	0.0068744831994697	-0.223500300264328	0.0259072570314387	-0.207228426462697	0.0205625989944066	2179	7050
P4HB	up	0.313209110146679	0.100986527876453	0.0072611332105987	0.192375847640548	0.0369410470551051	0.237133073500003	0.0349063047417064	0.402154077870248	0.001312848472177	2180	1008
RAB21	down	-0.245655744121594	0.0792174617504491	0.007265849311375	-0.207792465259071	0.0078883886069713	-0.223692664302797	0.0124415716858477	-0.200641506813124	0.0450637949008821	2182	7049
EFNA1	down	-0.41138129411738	0.132751028073467	0.0073015663894585	-0.328805674672475	0.0112751708253461	-0.273661437125517	0.0293315299500592	-0.303992442799674	0.0212877958556019	2187	7045
ATAD3B	up	0.40806322208192	0.131740119696971	0.0073297739863695	0.256392551481279	0.0221278656952003	0.320262747886222	0.0206569680257209	0.371824787744891	0.0076215885873262	2189	1012
RPAP1	up	0.311945271841518	0.100729525265478	0.0073419158893396	0.260761660051795	0.0106855378793873	0.246932707429334	0.0166969410500183	0.246343679601648	0.022465609179525	2190	1013
PAN2	up	0.279167680740597	0.090198163412479	0.0073766024054384	0.20205452816722	0.0162981498092698	0.215476834068571	0.0399093415458716	0.337744066142888	0.0027398165139132	2193	1016
RSRC2	down	-0.281865565892269	0.0910896842450625	0.0073868616700145	-0.210655793768939	0.0159085715684526	-0.245248831596529	0.0193580963307545	-0.268200389066736	0.0078334256420802	2195	7043
UQCRC1	down	-0.248177978970683	0.0802324033038418	0.0074084338469275	-0.216352927715875	0.00737593074698	-0.221009186884585	0.0175376706492064	-0.199426649858672	0.0290393821873995	2197	7041
HOXB5	up	0.317393075062663	0.102616275950113	0.0074107961803055	0.180876429788245	0.0460145276042447	0.35774932479533	0.0030956847156156	0.35338416274714	0.0058144739637565	2198	1017
SESN2	up	0.278282801382171	0.090077972890262	0.0074923472708223	0.213230600867561	0.009970260409798	0.297347085298319	0.0089635821464095	0.244486386965913	0.0250956312081827	2201	1019
MSH5	up	0.402927829355958	0.13054962821804	0.0075570130648633	0.25458368583574	0.0271805991470437	0.378991768576808	0.0065866252518788	0.264404168771412	0.0423645580075602	2204	1022
ENGASE	up	0.314415091811937	0.101971605636314	0.0076207298490424	0.197968810877152	0.0238827870060534	0.503059725447154	0.0007215568391285	0.391857800960707	0.0129166342911645	2208	1025
TCF12	up	0.248205031132504	0.0805037180165251	0.0076226402009055	0.174738056791727	0.0245006958654246	0.281907578574401	0.0038468850286758	0.214310361191648	0.0302946095707402	2209	1026
INO80D	up	0.273420601847677	0.0887408494280799	0.0076551499106386	0.182439687038081	0.0416289027844053	0.237919370447197	0.0207927588248726	0.262977959080727	0.0050936176878961	2214	1029
SATB1	down	-0.407431403405256	0.132299417298596	0.007685824135345	-0.221148216200104	0.0490306612825538	-0.402753982587811	0.0043932406195847	-0.312571951370405	0.0259789723028248	2217	7035
YAP1	up	0.199530239661617	0.0648159589425339	0.0077099877228515	0.20696468892266	0.0073267571737318	0.152274777722474	0.0263887973564115	0.207423957180396	0.0095370567758532	2219	1031
NAGLU	up	0.333502444113799	0.108347530729653	0.0077150930725825	0.245434321879061	0.0119294655971651	0.266284516766162	0.0223626725996341	0.412822298422794	0.004420375416519	2220	1032
JAGN1	down	-0.29861801192371	0.09702197367619	0.007717877383347	-0.222540101719339	0.0204071512263099	-0.244056621514692	0.025672722109872	-0.261873829251515	0.0082074082480091	2221	7033
NOL10	up	0.203799485186995	0.0663139646006495	0.0078129025976822	0.151515962877835	0.0237174068512718	0.227231064184162	0.0064529704235883	0.202913817714094	0.0111930220926336	2228	1037
ARID4B	up	0.167182180343751	0.0544039061364953	0.0078164723744284	0.169159836187995	0.0057364993983475	0.124264196250334	0.0341536377985325	0.247415117892929	0.0047066428455411	2229	1038
ENSG00000225421	down	-0.323922154557206	0.105494350327054	0.0078735237191299	-0.183213844180992	0.0424839071803269	-0.571597568256684	0.0006482897746049	-0.780068664569833	9.56416406228122e-05	2231	7030
TMX1	down	-0.420278349406917	0.137064489816418	0.0079687426550631	-0.296971073491699	0.0110283082995711	-0.268222615610196	0.049674777755624	-0.442314679375429	0.0067862732412921	2236	7027
NUP50	down	-0.390498473225051	0.127616093714648	0.0081210794623264	-0.231389510581406	0.0325837883959564	-0.303393357604203	0.029143570184421	-0.399754498086647	0.0039476763441352	2241	7022
CRBN	down	-0.323031206193633	0.105597386783573	0.0081408940876985	-0.192650408376799	0.0414726222964696	-0.329734960792667	0.0078193390912585	-0.319002385758254	0.006358309046925	2242	7021
URB1	up	0.26756217001507	0.0875866304140295	0.0082279037986582	0.184762185862188	0.0210476384789298	0.321824213909202	0.0072232386951036	0.274226517000739	0.0075516236718837	2250	1044
B4GALNT2	down	-0.546145720978739	0.178864046296414	0.0082595009638105	-0.328362720581175	0.0395577696278345	-0.330339253554546	0.0284139479554927	-0.583468407283415	0.0059484643155084	2252	7015
SLC48A1	up	0.356640694193349	0.11684124042226	0.008285039105283	0.240511056266762	0.0171667085583445	0.284108038435013	0.0302912770297025	0.375304275895146	0.0053726541815894	2253	1046
CPSF7	down	-0.195728320406473	0.064151531539745	0.0083068495646676	-0.158203594715035	0.0132720616594952	-0.205527540269006	0.0260840135650683	-0.202279597726224	0.0069757518927671	2257	7014
ATP13A2	up	0.312222887650652	0.102377192234043	0.0083391990485627	0.199019582284454	0.0326370951546201	0.309149608992979	0.0054708685005501	0.384089442870013	0.0060642663990111	2258	1050
SUPT6H	up	0.254411911788082	0.083459523103174	0.008370848602195	0.198020087724669	0.012725400223444	0.270199451655736	0.0079210119320005	0.20881525703837	0.034740422671787	2260	1051
AKAP8	up	0.212648223925507	0.0697999666280761	0.0084096692927882	0.147080310382752	0.0362453493523043	0.236518588554301	0.0040482710966717	0.208165384332418	0.0236660917755135	2263	1053
TBCA	down	-0.183884758544207	0.0603698091555253	0.0084195486859517	-0.169299100696845	0.0079867971541489	-0.171989967320567	0.0166057915454263	-0.156316424754065	0.0356002224629067	2264	7011
PIM3	up	0.38867820600976	0.127606217313366	0.0084195486859517	0.251122899600151	0.0257627031640236	0.317179929656982	0.0166187648529114	0.306904881634908	0.0148533716638482	2265	1054
TULP3	up	0.300116013588218	0.0985792329976949	0.0084505915204135	0.260209537812673	0.0102875194183137	0.233238423932965	0.0311280457601213	0.236968173623444	0.0167509390249755	2268	1055
ARHGAP18	up	0.266320282697365	0.0875194941852403	0.0084871594240789	0.205393543982791	0.013708823944575	0.24219100963603	0.0162166376791835	0.253984620982819	0.012476159213599	2269	1056
GRK6	up	0.251873771707538	0.0827778669942418	0.0084894923513727	0.173513463990786	0.018832344447684	0.240470780134335	0.04482550369537	0.366347433116429	0.0012497813647778	2270	1057
NDUFA10	down	-0.190727422579828	0.0627234161847892	0.008542265461049	-0.183387502799463	0.0059566921008088	-0.148176735487795	0.046425749759502	-0.177530380407458	0.024102966179971	2271	7008
XRRA1	up	0.264482240379364	0.0870065037926687	0.0085622988678241	0.210413054695716	0.01474124658941	0.235812425618278	0.0099097953176561	0.226223515501661	0.0367959285975411	2273	1058
MTF1	up	0.259287542155686	0.0853247511127461	0.0085822774639425	0.231329255550776	0.0075554651230494	0.183999695891421	0.0443419799149548	0.255164500317446	0.0116237879035754	2275	1060
CNKSR2	up	0.402083938734023	0.132423472220007	0.0086456487254223	0.274875642714958	0.0169731889898656	0.316007371138861	0.0226352973161518	0.294437496645251	0.0221816099667476	2277	1061
MAP3K3	up	0.310213111980366	0.102226934834124	0.0086934713080725	0.270550922606633	0.0063615661771384	0.205434774721827	0.0495168472737222	0.276843875235506	0.0246513468936888	2278	1062
NDUFA2	down	-0.330200252186436	0.108873401316424	0.0087302536473353	-0.238059850481906	0.017051269561712	-0.28611759928622	0.0126173363683296	-0.267676681837078	0.0255577821768568	2281	7004
INPP4B	up	0.383658154517218	0.126565804162219	0.0087647979085958	0.222265634730597	0.0425989215381666	0.320191542864338	0.0140418939230068	0.359035971841528	0.0076752229317025	2284	1066
STX18-AS1	up	0.295479103851278	0.0975169801809879	0.0087922677867724	0.217848964230995	0.0184431136743043	0.290960681554452	0.0092019972216002	0.232003672979335	0.026410840793866	2286	1068
TFG	down	-0.349300499204429	0.115327653539344	0.0088230098400059	-0.2536246767484	0.012950168826118	-0.261779914767375	0.030532976399525	-0.352534103138439	0.0093333854460812	2288	7002
TMEM39B	up	0.311488451053346	0.102900513116246	0.0088645245754921	0.222702350541845	0.0207993789832326	0.291432184291206	0.0080442599932166	0.233338537054366	0.0443800066188904	2290	1069
ASPSCR1	up	0.387646057200425	0.128252609794673	0.0089688460239607	0.233061555418744	0.0330373433920998	0.312876482067915	0.0236795368665012	0.502507710668214	0.0019449965942489	2297	1074
UFM1	down	-0.404349366188895	0.13383141537673	0.0089953407827085	-0.282398218393971	0.0156219033198813	-0.260964303998057	0.0421677378008667	-0.368081579177761	0.010534683699544	2300	6997
CRYZL1	down	-0.335015905436234	0.110892629073451	0.0089988613056975	-0.232567024543533	0.0184311864024094	-0.240445423626483	0.0459347519330251	-0.351565428686998	0.0052463930340589	2301	6996
PHF6	down	-0.31696047511044	0.104999309152561	0.009066287157772	-0.214167352291608	0.0248225292300113	-0.266541740689358	0.0209401951677033	-0.318363328537161	0.0068588201106974	2302	6995
PRKAR1A	down	-0.313028645557976	0.103811052027922	0.0091582312598899	-0.200011295291938	0.0395537960343935	-0.234552904658637	0.0271766198093193	-0.433211122817307	0.0016585272649621	2304	6994
PPFIBP1	up	0.296350058436508	0.0982937478016409	0.0091671267025127	0.251683195814613	0.0083263763608055	0.206523789916753	0.0475250234305408	0.26138504541461	0.0174033953596128	2305	1077
NAV2	up	0.265600493863867	0.0882140736882446	0.0092670814560134	0.214473974484268	0.0198821790727721	0.258497796890507	0.0075297207717715	0.186430616669742	0.0488761512021851	2311	1080
TTC7A	up	0.323220784980074	0.107428358168686	0.009328962467765	0.249520133054304	0.0158998208412234	0.207072446357438	0.0483110289079295	0.369532549698822	0.004499973099498	2312	1081
PDPR	up	0.200220234660023	0.0665561302631386	0.009337786727653	0.121948022472318	0.0417281807564734	0.380892409450784	0.0004641780134302	0.184099291433538	0.0426109948360964	2313	1082
PTGR3	down	-0.274940316300734	0.091410123341643	0.0093498836761293	-0.204315223095862	0.0157822976444737	-0.242442105101159	0.022046216727358	-0.290656946308185	0.0080108806811297	2314	6990
CALN1	up	0.488920942252328	0.162702050463711	0.0094188251285366	0.296399216355635	0.0197503545590381	0.366012532561847	0.0272778632317799	0.428588360292399	0.014562789770876	2318	1083
PDCD6IP	down	-0.233971227338973	0.0778865196209644	0.009445959087425	-0.207235690923056	0.0101980570868445	-0.207834847363954	0.0185898979344298	-0.190187493677379	0.0279095770969465	2319	6986
TMEM167A	down	-0.345179885169856	0.115015262443599	0.0095261583614571	-0.229365855335855	0.0249174219073166	-0.339969988483347	0.0076775465251878	-0.25291036084257	0.0393534430662361	2321	6984
DNAJC25	down	-0.371376285946412	0.123761870887231	0.0095332388790671	-0.244221803713766	0.0201261507876385	-0.319617156229013	0.0175594291954153	-0.364533079211875	0.0100043265631506	2322	6983
LEO1	down	-0.3291899794938	0.109705222451254	0.0095332388790671	-0.264906311831613	0.0095806836168957	-0.240828653198139	0.0351103522212043	-0.253057192214386	0.0339841376765702	2323	6982
SMN2	down	-0.287174778418718	0.0957124697578805	0.0095340171900658	-0.234533338863791	0.0135982900054635	-0.222059265223238	0.0213606460025474	-0.271466163617005	0.015652359967534	2325	6980
WASF2	up	0.197745987439927	0.0659344328768149	0.0095652962718706	0.165075679645875	0.0148757935714821	0.189194208344048	0.0139104830366126	0.191437501956871	0.0164616351970005	2327	1085
MAPK1	down	-0.178020675546719	0.0593829123967684	0.0095934233880772	-0.147552300138105	0.0206882844617915	-0.173518381097409	0.0110623329278225	-0.174550851351531	0.016182507307936	2330	6977
GPBP1	up	0.255802081635796	0.0854960817625362	0.0097588576634785	0.214586123322269	0.0083274151023669	0.214658730062274	0.0326699668911469	0.22636809855	0.0294446710388608	2335	1088
CCDC137	up	0.366140097762102	0.122422408081756	0.0097882990074177	0.22363124845765	0.0308172775993367	0.308122310926864	0.0237423652429074	0.41416467165978	0.0038411621036888	2337	1090
CDK12	up	0.229767699027697	0.0768387628544219	0.0097970916820446	0.202135424897874	0.0090456023452992	0.199293119705168	0.0206423341848774	0.18905329117359	0.0429649397909286	2339	1092
DRAM2	down	-0.262239777696165	0.0878440334965539	0.0099321963148966	-0.192222903743475	0.0146009132249962	-0.256181035134968	0.0222066716813341	-0.373080068324434	0.0029973726693636	2345	6972
PBDC1	down	-0.252617085810031	0.0846364843304688	0.0099460917547965	-0.20806006172843	0.0120381085885374	-0.23729496329979	0.0149092345049926	-0.20105076236361	0.0345076447811733	2346	6971
SGF29	up	0.244096409434005	0.081875406943646	0.0100320335638465	0.209969748782234	0.0101533806657909	0.21149174058408	0.0218011893957783	0.201116906238417	0.0315690545463508	2352	1100
TAF7	down	-0.317070208809583	0.106359325070721	0.0100340783242104	-0.220818805020387	0.0257440387215845	-0.240794523830205	0.0342546570693255	-0.297058841770941	0.0081480489866675	2353	6969
CDC27	up	0.248717390109995	0.0834465362578025	0.0100440048413066	0.218066901610471	0.0104819414934769	0.203651092372956	0.0210208120453017	0.212448260505504	0.0308238317514833	2355	1102
CAMKMT	up	0.251978421685948	0.0845851335238634	0.0100912596851856	0.20197991567241	0.0148662936540275	0.21964633808807	0.0146282205755702	0.257731400970289	0.0180557406399224	2356	1103
RGPD8	up	0.204793478203906	0.068887360930883	0.0102640754524629	0.129513837907952	0.0491318765872583	0.228152249155238	0.00507629076769	0.307786775968771	0.0035311933165352	2363	1108
URGCP	up	0.187117537963142	0.0629488152171025	0.010271096790267	0.148645122369894	0.0120910210667848	0.198466362249548	0.0259828000027351	0.26563334747569	0.0044203572007183	2364	1109
BRF1	up	0.30107629147754	0.101297152477997	0.0102776578449776	0.238226425683137	0.0128771838952384	0.217967551495428	0.0454933558134621	0.269471949314291	0.0132615875122458	2365	1110
SPTY2D1	down	-0.259108417130108	0.0873684350573732	0.0104800089767467	-0.215845480514556	0.0087973047572295	-0.2191652837539	0.0279960904556225	-0.240370775149	0.0384146870004449	2369	6965
SPDYE6	up	0.528939545343813	0.178373730975296	0.0104876456353892	0.314254998385606	0.0216424661702679	0.319478604885932	0.0467344262692191	0.413390952467708	0.0215205246077891	2370	1113
CAMTA2	up	0.310586601669831	0.104821778980121	0.01055905239344	0.243021916215644	0.0117163339454407	0.226565031352705	0.0434373962076664	0.280464516298743	0.0162005762002774	2372	1114
PARP9	up	0.341287086104148	0.115446972036361	0.0107661553748395	0.208240147036238	0.0364838838030173	0.285620906230914	0.0486672254827315	0.570116215902547	0.0004700401799019	2378	1116
REXO2	down	-0.381677510355706	0.129129627795407	0.0107720642442686	-0.270540366995447	0.0161581047695319	-0.25529551765056	0.0486315243362343	-0.313012545913431	0.0168173877675384	2380	6958
AGO3	up	0.220121156047416	0.0744842090102485	0.0107816138298526	0.196937612360584	0.0085844226979425	0.176743019895987	0.0420642073695669	0.198617924509071	0.0256715598570715	2382	1118
SAMD12	up	0.236565354415233	0.0800881100532455	0.010823631081166	0.198815967616861	0.0085823627733849	0.216887038882551	0.0272733256185574	0.224788117349631	0.0390967652566879	2384	1120
GTF3C2	up	0.170069437426888	0.0576160482440214	0.0108908824040514	0.136319924286993	0.0304250003436552	0.166151736169675	0.0104212771497233	0.174029454076184	0.0171895372456702	2385	1121
SHARPIN	up	0.256061372887066	0.0868530396974076	0.0110077855842757	0.201385868020315	0.014076233597006	0.232513241315085	0.0174380841863636	0.249723441658026	0.0201378411820499	2387	1122
GID8	down	-0.274763654371524	0.093231449690551	0.0110331858555212	-0.195000157357838	0.0216617904361615	-0.26614164541152	0.0153688321224571	-0.286491583734074	0.0099841791342466	2390	6955
C11orf54	down	-0.403050244249796	0.136843949607403	0.0110785362290503	-0.284983013248138	0.0147378764181525	-0.264976508504676	0.0453412035327919	-0.320073307715153	0.0253232224396727	2394	6952
CDK18	up	0.336927876974481	0.114497229086191	0.0111553339009929	0.23594136853111	0.0204497697209659	0.322033497903029	0.0116563150613702	0.241734400667251	0.0435217363021535	2398	1125
ZNF131	up	0.209017296785344	0.0710536252685127	0.0111863541799502	0.16093981079313	0.0279849311965476	0.223881184563425	0.0070317996308653	0.165032106391255	0.0485007800392545	2399	1126
POLB	up	0.248890309051101	0.0846330827118738	0.0112084005778157	0.17286019300179	0.03999510518015	0.245701017429789	0.0071496974666869	0.217259763931659	0.033342630456904	2401	1127
GMEB1	up	0.260980174608547	0.088748285839318	0.0112087026156469	0.206885880372813	0.0177680885192635	0.19517193481383	0.0485368158028518	0.250685402293183	0.0094545834052383	2402	1128
ADI1	down	-0.269486486832506	0.0916746105478303	0.0112338340609387	-0.204701709955907	0.0206433043746831	-0.254245705224597	0.0110626157282938	-0.212979116478544	0.0392955306101596	2405	6945
FAM98B	down	-0.306905142989373	0.104410386013267	0.0112359004202803	-0.236980034638572	0.0121284311590071	-0.247238988029306	0.0277068389306189	-0.283506144521066	0.024604586226559	2406	6944
BZW1	down	-0.361738678198986	0.123150355569797	0.0112959210866565	-0.218430092034054	0.0390914298066219	-0.342724365347753	0.0074768225140556	-0.296814976350753	0.0360648240132112	2409	6942
TPST1	up	0.268718731134812	0.0917132526296099	0.011505838569206	0.181213801362225	0.03267620428856	0.246604589011566	0.0149772675289364	0.326849313605488	0.005680467403591	2422	1137
MT-RNR1	down	-0.288047147957358	0.0983534225802932	0.011544283968931	-0.211553871392458	0.0247361696314822	-0.272143921757001	0.0129062368258731	-0.227592716178743	0.0260395555880151	2424	6935
MYO10	up	0.187471813819819	0.0641567271212793	0.0117531097013197	0.158500561358843	0.0175377965633435	0.18309404567923	0.0121474183250195	0.167940422951312	0.0372405746175891	2432	1144
STK3	up	0.25897266181687	0.0887526937430279	0.0118970652332954	0.224379096488956	0.0102997152849895	0.189118707718804	0.0449115204132107	0.24630166898005	0.0189509839770999	2435	1146
PTPA	up	0.268949351369061	0.0922636064965134	0.0119886027520076	0.175830639254612	0.041249758632019	0.25767080206807	0.0098986152342772	0.301262789708192	0.0096635666013039	2439	1150
FBXL20	up	0.21825331082248	0.0748899125758928	0.0120044668297003	0.164337258946331	0.0246399270787406	0.201302343150854	0.020506999839849	0.245647856216212	0.0084587068142577	2441	1152
USP32	up	0.263130955922584	0.0904293290647483	0.0121455878679953	0.207978084141655	0.0168464027580286	0.234724911065065	0.0169520599867062	0.219324809122161	0.0327971501949464	2448	1158
RNF38	up	0.242493883635415	0.0835102147271965	0.0123718648154351	0.17173763068695	0.0411899699496795	0.183785171088853	0.0388731460787413	0.275863442848944	0.0053898798583328	2450	1159
UBA7	up	0.352060756942089	0.121303835212261	0.012414528035286	0.246646852876996	0.0217980060287943	0.274480056286203	0.0205120837359814	0.302505008349188	0.0263579130606171	2453	1161
NUDT16L1	down	-0.227681259702802	0.0785184577995949	0.0125022272684735	-0.164373342378928	0.0205677542631353	-0.258804042013806	0.0122035847068463	-0.325534018002061	0.0046262052034709	2456	6928
ENSG00000254929	up	0.25049246958762	0.0863953697225791	0.0125108047186353	0.205071816851663	0.0289527607867296	0.212141270384788	0.0161814559776456	0.214435411709337	0.0226117165676069	2457	1163
MRPL11	down	-0.283750444844912	0.0979248005983594	0.0125700885872369	-0.209563408776706	0.0175935319351216	-0.261355207133414	0.0201599832775021	-0.273099876233663	0.0174825084180049	2459	6926
CEACAM7	down	-0.711125032405059	0.245521349552083	0.0125997137262237	-0.329892186050539	0.0443933150366885	-0.419260980186437	0.0407852157565731	-0.477940237575746	0.0379515319443904	2463	6923
RAP1B	down	-0.147586091101962	0.050993808995146	0.0126674209262512	-0.130663459561871	0.0152265660911065	-0.161078805101582	0.0139631655377211	-0.128574074177279	0.04128384930962	2467	6922
PRADC1	down	-0.342235624726669	0.118382630522113	0.0127740268044004	-0.202646850993115	0.0457626946431663	-0.365280983120098	0.0067925179149678	-0.269638401542487	0.0316942620442318	2472	6918
VPS36	down	-0.193188461481034	0.0670158326348511	0.0130531759931148	-0.15780663243944	0.0165282135935799	-0.207416583017353	0.0116124552306742	-0.172073371541584	0.0489493698795115	2483	6913
IPO8	down	-0.314234935855339	0.109051556415417	0.0130872669654056	-0.221331476390668	0.0205708532225459	-0.259303285533903	0.0282414246503272	-0.389309446606085	0.0061951187222956	2486	6910
FOCAD	up	0.178277764526452	0.0618823074525711	0.0131056558617015	0.149702263485603	0.0223218166037819	0.163330993664269	0.0163291010791813	0.195837561069732	0.016708854622655	2487	1175
TLCD3A	up	0.365310259417394	0.126807277980145	0.0131056558617015	0.248040129563242	0.0300779409805305	0.288562653804898	0.0260376533470093	0.271052395759264	0.0230862850825445	2488	1176
BSDC1	up	0.174528786304184	0.0607388941677541	0.0133630656143105	0.137463983143572	0.0225369444540932	0.140557201268964	0.0473746376362127	0.274732868838732	0.0032247630573272	2498	1181
FZR1	up	0.323174220152828	0.112508776740454	0.0133943449722215	0.196600312533641	0.0486720895639811	0.256694813363177	0.0257877160330318	0.357359516586558	0.0060169632439423	2500	1182
TENT4B	up	0.271811825861352	0.0947501131454973	0.013514727170038	0.183562879577469	0.033321028701352	0.237189336360556	0.0312705440158044	0.291620193259096	0.0071536970622056	2507	1188
PSMC6	down	-0.241604235339235	0.0842457215683935	0.0135465953747205	-0.160232514682626	0.0441901863580055	-0.207020253206948	0.0242136133036567	-0.330469395994047	0.0036197363632	2508	6902
DNAJB11	down	-0.450157858497969	0.1572503719961	0.0137312442374382	-0.283646191234798	0.0251519746741352	-0.304398072559839	0.0406232490797453	-0.302611704448868	0.0368885743686755	2515	6898
XDH	up	0.368198225571494	0.128754716052375	0.0138450692730342	0.225694467910992	0.0312492518427578	0.428429639827089	0.0074610526238336	0.340645665822183	0.0221401792903425	2518	1192
TSC2	up	0.283992187286018	0.0993306362418445	0.0138614946650748	0.216599456328491	0.0219148109269989	0.217530597551918	0.0298664496666523	0.290181816569343	0.0130490803867945	2520	1193
UBXN7	up	0.237199314209617	0.0830325928686155	0.0139372321714774	0.172491098009212	0.0250422127887589	0.239081724840672	0.0142613502969701	0.27231941572964	0.0117525615758943	2525	1197
ACVRL1	up	0.352348614643376	0.123469713189283	0.0140406586745869	0.213687105348026	0.0439419225542355	0.321167178025257	0.0107845552416039	0.28298151036322	0.0354084251935413	2530	1200
CLEC16A	up	0.18582839424334	0.0651413979995442	0.0140663884685249	0.173539936622357	0.0124285327829325	0.155659093422988	0.0283750254937601	0.176537028487079	0.035065671697773	2533	1203
TTC3	up	0.238987444636374	0.0838353896889541	0.0141202290329811	0.20586355371633	0.0161157341197949	0.195716867187255	0.0308795888045455	0.205657441959905	0.0243398082951691	2540	1209
CLASP2	up	0.199307079642267	0.0699421090690298	0.0141568572013071	0.171850489574754	0.0151699919639064	0.160345259634441	0.0466190065652622	0.206875884985273	0.0139559964675463	2542	1211
HCFC1	down	-0.234421218387588	0.0824436959015813	0.0143895327858133	-0.206986651131735	0.0121365826738452	-0.172547521250709	0.0485533426511837	-0.238416627553394	0.0182479806820454	2550	6888
RSL1D1-DT	up	0.379363107639104	0.133526897653024	0.0144885481454116	0.263870981069936	0.0227926062888887	0.259478870260724	0.0396738677710701	0.300815917056601	0.0257834710101376	2551	1217
SAT2	up	0.238930197197085	0.0842957702556297	0.014772733568327	0.178783331933739	0.0224369032169288	0.260876964126766	0.0116545572984266	0.210167933291496	0.0350407716681899	2554	1218
BAZ1B	up	0.183209785959881	0.0646379862148301	0.014772733568327	0.146957324896616	0.0153878232635547	0.222901259014184	0.014088265860122	0.223602903639391	0.0168657032829843	2555	1219
GSKIP	down	-0.35329060771633	0.124777947755615	0.014900052031511	-0.238923330956556	0.0308844922435195	-0.269326261444385	0.0220668431003264	-0.305136594488781	0.0257887113059466	2557	6885
KIAA0930	up	0.275943936714085	0.0975079726733016	0.014943991463714	0.185227408996342	0.0269039485437302	0.294128862795745	0.0248408816652601	0.348239273723635	0.0048310787820391	2561	1222
ABHD14A	up	0.361377978411928	0.127765586943838	0.0149974537892422	0.211989035336668	0.0437642834935977	0.363800412817385	0.0094763381052098	0.31503692342087	0.0260534409677527	2564	1224
PANK1	down	-0.315755887452246	0.111652931246879	0.0150118904567583	-0.204377601977833	0.0419978758492867	-0.248443906857361	0.0306372818300158	-0.299391377591881	0.0114432073319896	2565	6881
TYK2	up	0.252821086794493	0.0895230837861641	0.0151732751073308	0.161411704391486	0.0462388346857325	0.229664795249914	0.0321239820561165	0.297310978690116	0.0052722788695866	2569	1227
UFL1	down	-0.392857899314076	0.139174249502162	0.0152176858440362	-0.237108856620018	0.0369819827582073	-0.285408766751045	0.0383766125032395	-0.428054446356936	0.0071141806680997	2572	6878
ERMP1	down	-0.259223820768195	0.0919038139124819	0.0153031404957645	-0.196911371818512	0.0193814242252117	-0.209398411434872	0.0375782389610656	-0.378508157878244	0.0045776748471395	2575	6876
LIN9	up	0.275326261987191	0.0976167158918892	0.0153031404957645	0.193707189298591	0.0385697503636845	0.24854644143079	0.0226734836353873	0.235420142530902	0.0172477950019392	2576	1230
ABR	up	0.310655418298048	0.110285572129773	0.0154543923022167	0.231334103128897	0.0187906800315787	0.231223706037222	0.0452090723672112	0.279932501873021	0.0199621601633545	2580	1232
TRAPPC2	down	-0.25633382522171	0.0911450205359182	0.015639741143537	-0.193238967838702	0.0217475254872153	-0.237685082434305	0.0194695559216388	-0.246623729624234	0.0244858853339022	2585	6870
APTX	up	0.200477638891577	0.0714804659341493	0.0159515751754781	0.158180938609313	0.0219339907353088	0.207365739167168	0.0157906020924373	0.202428559528769	0.0261683588890027	2596	1239
ENSG00000275895	down	-0.149683296227484	0.0534622877520485	0.0161314294346889	-0.138490044320062	0.0174965512546564	-0.153738808910713	0.0206981114943777	-0.124839633956956	0.0429556576985064	2606	6859
RGS3	up	0.246392994281875	0.0880413679239882	0.0161660491732761	0.184645278345451	0.0204488315334482	0.214841818612276	0.0376702740074628	0.306446842733928	0.0081548345900119	2610	1245
CCDC200	up	0.409179899929164	0.146568427578548	0.0164692089835696	0.266350551849141	0.0258861117292535	0.284484101202185	0.0370545371911863	0.346714104891978	0.0280382922915507	2617	1247
SART1	up	0.266078464477677	0.095330241156459	0.0164939532836778	0.21079786380831	0.0161705943421682	0.220921710897481	0.037488901432635	0.235922947779552	0.0315012354439461	2618	1248
HDGFL2	up	0.360032963702568	0.129109524138243	0.0165920498387286	0.224444773219659	0.0339928983427131	0.328610048539006	0.0181694139719407	0.330541977424715	0.0201191710862722	2623	1251
GLO1	down	-0.298582503375201	0.107082027653619	0.0165976375563477	-0.227763557898949	0.0217917377390109	-0.216143282502227	0.0418398395696045	-0.284363697986801	0.0177887737119689	2624	6849
BTRC	up	0.234716693009503	0.0841896364880993	0.0166118532555	0.183973963666897	0.0201952581921797	0.223528960905029	0.0257205270270832	0.216472484268024	0.0243581639629648	2625	1252
PRPF4	up	0.275496574889709	0.0988547938633891	0.0166605079886619	0.188959808802519	0.0366221031345903	0.240430135484592	0.0225221306084118	0.278050801411286	0.014151265016737	2626	1253
PHLPP2	down	-0.268469206939063	0.0965049557036227	0.0168786988577934	-0.214099770637115	0.022671122416444	-0.222625939091058	0.0338563763906834	-0.218248554759297	0.0259492494041513	2632	6847
LARP7	down	-0.337208638890601	0.121259652325472	0.0169136197382746	-0.225428066326599	0.0297941661488513	-0.248346566296499	0.0423531343560227	-0.341906481093563	0.0118352241976496	2635	6846
IDNK	up	0.320183820199523	0.115584398564532	0.0174094768499551	0.197589018077528	0.0434980405214411	0.288590300696967	0.0197469199102158	0.376140736289834	0.007948142484186	2646	1265
TMEM267	up	0.287970827192879	0.104129164570058	0.0176244129193633	0.198497587960544	0.0328865911214674	0.266812669059904	0.0247774790581389	0.255577298514404	0.0193625154626772	2651	1269
NACC2	up	0.278949890068775	0.10117719151508	0.0179791270205607	0.222230257572028	0.0160054218719088	0.220720956638241	0.0488805567364178	0.222147981481044	0.0439472989648236	2667	1278
LRRC61	up	0.299109027578304	0.108721784123938	0.0182106828896275	0.201384009517729	0.035721357709483	0.265005599963653	0.0211689966141212	0.275396240701876	0.0220837601285665	2681	1287
DGKZ	up	0.291476987509245	0.106119484601981	0.0184049488733008	0.189436005328216	0.0373999499429757	0.235605338875851	0.0479239752469172	0.351480393534982	0.0060825456674769	2689	1292
PTTG1IP	down	-0.271208546545821	0.0990860439860374	0.0188727336298934	-0.205780497840656	0.0352437636785429	-0.252634300328252	0.0179969780573568	-0.198060031596094	0.0440352238075895	2700	6819
HMGXB4	up	0.226968772793637	0.0832155578234677	0.019374638055623	0.195862127210815	0.0164950610060588	0.182963208086836	0.0407188312103118	0.197698776931304	0.0450861890921506	2708	1303
COPA	down	-0.172120900516211	0.0631457950716016	0.0194394150259698	-0.145310523210835	0.0227607610458653	-0.16039337438914	0.0423919048082395	-0.170573497151747	0.0204790432595555	2713	6814
LINC00667	down	-0.257551311988086	0.0945240272412997	0.0194701133767028	-0.193239927432729	0.0258448439148311	-0.224102881053757	0.0331003933761346	-0.240476456127701	0.0226354243089726	2717	6812
NPIPB3	up	0.227924168495487	0.0836767106341419	0.0194871615415593	0.19635081800594	0.0203595169585375	0.176473516593558	0.0363697738168357	0.242756936177483	0.0215333275231884	2722	1310
AGAP6	up	0.224301075340893	0.0824530363141896	0.0196667525663134	0.178656327849829	0.0194790024020577	0.232603428694161	0.0260346031956438	0.199577453968745	0.037659231547784	2726	1313
CD58	up	0.210361514172213	0.0773336893660635	0.0196696524462399	0.171770923328745	0.0187437958479429	0.196021748548841	0.0311422371841961	0.221632472367249	0.0278094019793036	2727	1314
VPS4B	down	-0.216329345118893	0.0795330489322215	0.0196728907779879	-0.157892151810139	0.0380262113587875	-0.217161188989131	0.0150546437125465	-0.213372050371758	0.0298634235677351	2728	6808
MAP7	up	0.182819365443882	0.0674009415909873	0.0200262566737726	0.132504893885986	0.0362615719146507	0.2234504995749	0.0139355915731028	0.203172774207441	0.0172475206876158	2742	1323
MIB1	up	0.19903934322552	0.0734644503316722	0.0201547563642081	0.171715086000662	0.018347234013057	0.166011254263622	0.0425650220430064	0.201377985175437	0.0281750634747233	2750	1326
JTB	down	-0.271949274937905	0.100413556335488	0.02021045186336	-0.211103981477849	0.0224430675293166	-0.225908850062396	0.0355630292480595	-0.220879068115122	0.0400312095060813	2751	6797
SHANK2	up	0.285825670570753	0.105606234151488	0.0202889901576254	0.229130378184161	0.0218579996538099	0.215826276608077	0.0370035893716689	0.228422993609261	0.0469027262532055	2755	1328
ATRAID	down	-0.251425413629038	0.092910557192763	0.0203073616423932	-0.209149246850371	0.0228140353728585	-0.202547820621273	0.0326370449947997	-0.20583765311488	0.0414896186080648	2756	6794
XPO4	up	0.22444843122431	0.0830834399424999	0.0205617881000264	0.167080465534933	0.0450973005846434	0.178882111459146	0.0486919783916642	0.220086401338794	0.0142507533795613	2760	1330
TARBP2	up	0.297411561168437	0.110144369169262	0.0206264067691912	0.192677462874124	0.0374932495877216	0.288599010751514	0.0216223632065176	0.352397816120246	0.0101930113282633	2762	1331
FAM174B	up	0.164349121081907	0.0608747017755001	0.0206359549070077	0.171199913005428	0.0308300932141346	0.130935065670547	0.0261095142679501	0.218965861610413	0.0153362346171272	2764	1332
CCHCR1	up	0.280291065568132	0.103922442901829	0.0207580348230122	0.211889205861316	0.023929148026187	0.215491523771372	0.0483219892161763	0.254893026297035	0.0250722924906905	2770	1335
CHMP2B	down	-0.311227937292654	0.115516814920161	0.0208864814648404	-0.220856550710092	0.0378061845261747	-0.227566177536896	0.040933907842444	-0.264715795875294	0.0238896938745388	2777	6783
SCAI	up	0.235920995839005	0.0878190592101645	0.0213099843887064	0.201617371822511	0.0200549969285099	0.181745990252724	0.0496450781206229	0.206142411766051	0.0327917365742282	2786	1343
AGFG2	down	-0.275134856564264	0.102499668168164	0.021434891402253	-0.191588616830354	0.0375941177490086	-0.234336376865767	0.0285945500713348	-0.268829979407837	0.0204899450723569	2788	6778
DYNC1I2	down	-0.176491788572422	0.0659118391001813	0.0217497770607299	-0.151973679577865	0.0172470276694788	-0.169582789561946	0.0428078199333843	-0.186829032129727	0.0368533071197646	2802	6773
LRRC59	down	-0.290444331438027	0.10877159721814	0.0222002353116245	-0.2105594639432	0.0275056926628869	-0.288199459098037	0.0245241278161199	-0.217952285408052	0.0487956947770322	2807	6770
PHETA1	up	0.281397870626575	0.105586387829935	0.0225174431994978	0.190112545174513	0.0364646034722364	0.290150805587012	0.0191935017946086	0.252670467634625	0.0298762674859973	2810	1357
ETFB	down	-0.303675233224765	0.113992201738602	0.022574873894743	-0.220077915533741	0.0270956340859365	-0.240814914749308	0.040983396800479	-0.249765415888842	0.0376459779901328	2812	6767
NNT	down	-0.221778556680015	0.0833642078616756	0.0227638755719771	-0.179727953791526	0.0327912199238308	-0.18307155257572	0.0313668113316193	-0.212992026074196	0.027571266999449	2819	6762
RAB3GAP2	down	-0.214402071217718	0.0806653871501834	0.0228898553748587	-0.158068085263328	0.0349128927945477	-0.209102670525154	0.0241162219549544	-0.239585925433197	0.018869285876382	2823	6760
ATF7IP2	up	0.397106485279716	0.149758936390237	0.0232610955262894	0.243002676369323	0.0388710311360825	0.29163491811552	0.0380305114635733	0.341700780627813	0.0306237536169174	2831	1366
C1orf43	down	-0.193517132413847	0.0729930513240908	0.0232849913955647	-0.156215953432999	0.0343553060908066	-0.171567841217659	0.0397893333439404	-0.183593021120062	0.0228292021584563	2832	6756
LARP4	up	0.194184687219279	0.0733059582232795	0.02338826518119	0.147058170026042	0.0280004012517075	0.244492609168992	0.0171222740445439	0.207182478034095	0.0260045871001641	2838	1370
DUSP22	up	0.253076489362311	0.096346787837449	0.0246630805637022	0.162851521077203	0.0443780666016191	0.342108200047658	0.0082794048767801	0.27604612052582	0.0241025436317183	2873	1388
TRAPPC1	down	-0.290152764329222	0.110463341968748	0.0246630805637022	-0.192915746769719	0.0425022464832336	-0.276632325866665	0.0242014004301042	-0.247161364387384	0.0324239595724699	2874	6736
SNRPB2	down	-0.200480191292501	0.0764226217705315	0.0248744157463555	-0.173531141652132	0.0423090190090473	-0.173335850590811	0.0269184016322987	-0.172993702395526	0.0393247936963523	2878	6734
NPIPB11	up	0.290424887511611	0.110875290266814	0.0251189327550839	0.206277786582988	0.0394171615910929	0.234062728927863	0.030683435790196	0.241336446383935	0.0415011370513924	2883	1393
DCP1A	up	0.163712007526822	0.0625178986398865	0.0251299827859762	0.128570842716476	0.0383121023382924	0.144863020696185	0.0374620733502901	0.234111043400384	0.0112745949922333	2888	1396
NSL1	down	-0.271652889556537	0.104177362657978	0.0258121952308143	-0.198587160133716	0.0299545102021391	-0.222413352251482	0.0442995224371128	-0.26774083833889	0.0256881752885975	2904	6720
UBE2B	down	-0.176239603312551	0.0676029857579866	0.0258412135672707	-0.13497595136723	0.0491387631230229	-0.193633655107329	0.0202624894122276	-0.153624790837181	0.0370798550993707	2906	6719
RMDN3	up	0.191228862571689	0.0737134980146175	0.0266445457696422	0.13316632227122	0.0446646407997253	0.24603503147428	0.0133841750201511	0.21679990693407	0.0230675207649653	2925	1414
TSG101	down	-0.174764993618949	0.0675737791633888	0.0271561479441537	-0.143630480897075	0.0357144543246027	-0.174589494509213	0.0263068027659942	-0.151501272249524	0.0492542803930003	2937	6706
GSTO2	up	0.195137714736348	0.0755369230560125	0.0273237223260284	0.150961712982757	0.0395261508856795	0.178221334060005	0.0446869440748195	0.191233583981504	0.023287728468758	2944	1425
RAB11FIP4	up	0.16538980052582	0.0642089681302471	0.027823897560021	0.135814322807871	0.0261104216971825	0.157482679452522	0.0478217486602186	0.218276045127113	0.0181672021322621	2954	1431
FXR2	up	0.267963569630421	0.104031651983322	0.027823897560021	0.179070840676977	0.0495324257212674	0.237587405825715	0.0268312763785022	0.286283223986436	0.0221353203696878	2955	1432
GTF3C5	up	0.245131237714677	0.0956775842617564	0.0287831329545298	0.181264928099202	0.0337264924570839	0.217336881573766	0.0359470067000835	0.252848706747464	0.0290421164942195	2972	1441
CNTROB	up	0.239555310067504	0.093606567071431	0.0289742062145454	0.194429756243823	0.0362103397069124	0.215961131037378	0.0465031616088186	0.188161417926288	0.0354891717853418	2977	1446
MRPL4	up	0.302205583333293	0.118453542136521	0.0295512027308512	0.196011809983706	0.0440993860600847	0.282185557605131	0.0303853574204981	0.278482914316133	0.0303993108125467	2986	1449
LONP1	up	0.25556011865451	0.100879885072058	0.0308500921133104	0.193235310497928	0.034716863903593	0.209299219979009	0.0436198136915934	0.219945083984424	0.0450097245756657	3011	1462
DMTF1	down	-0.287433414557885	0.113650657476954	0.0312023561827275	-0.206220680094554	0.0311915790110445	-0.237978678514954	0.0486032581415088	-0.281485006304393	0.0351968933710215	3013	6672
NOP10	down	-0.238806801915166	0.0970179100574703	0.0364475216065767	-0.182147216236096	0.0376031298917444	-0.198419580652381	0.0448941665504258	-0.238400519673187	0.0430011032580878	3121	6625
ZDHHC21	down	-0.280709667715663	0.114065241567216	0.0364647476932028	-0.203182797632647	0.0411696239810843	-0.215533984099341	0.0477524038856527	-0.252462796188285	0.0492619333511135	3124	6622
PLPBP	down	-0.178771894688577	0.072945383637587	0.0373702966647356	-0.132189753358265	0.0476410307132697	-0.176442692733975	0.0404571846636114	-0.234446882397338	0.0189339049498106	3136	6615
MSL1	down	-0.23295867987944	0.0952769256354138	0.0378187932543751	-0.172346175663112	0.0438342290235191	-0.194795379735514	0.0486849301288886	-0.24107574673746	0.0322805543051133	3148	6612
TMEM65	down	-0.227890813445708	0.0933158965952804	0.0380803930601046	-0.15730594864948	0.044927047350026	-0.237348598404276	0.0374895496007989	-0.372742068446243	0.0073990135017769	3152	6610
POMZP3	up	0.23501903675984	0.0980204335382157	0.0422586680772427	0.169373548021028	0.0458555928011773	0.21524604311795	0.0417869607988527	0.254204897288973	0.0363568462787954	3210	1573
