donor_id	carrier_group	sample_type	cell_type_coarse_crc_atlas	study_id	microsatellite_status	CMS_type	n_cells_sampled	score__ca_route_up	score__ca_route_down	score__ca_route_signature	score__ca_route_n_up_present	score__ca_route_n_down_present	score__wnt_stem	score__wnt_core_ihc	score__proliferation_control	carrier
Borras_2023_Cell_Discov.SMC119	tumor_cancer	tumor	Cancer cell	Borras_2023_Cell_Discov	MSI	CMS1	2	-0.0891292172166133	-0.0924984820935075	0.00336926487689419	873	956	-0.396794642515404	-0.480968232668066	0.919719439795302	Primary
cancer-like
Borras_2023_Cell_Discov.SMC125	tumor_cancer	tumor	Cancer cell	Borras_2023_Cell_Discov	MSI	missing	1	0.0208118917469654	0.033695639184894	-0.0128837474379286	873	956	-0.419742096199651	-0.534512291264643	0.0465949877132981	Primary
cancer-like
Borras_2023_Cell_Discov.SMC136	tumor_cancer	tumor	Cancer cell	Borras_2023_Cell_Discov	MSI	missing	1	-0.273222183586668	-0.362210683483894	0.088988499897225	873	956	-0.419742096199651	-0.534512291264643	-0.28845470482067	Primary
cancer-like
Burclaff_2022_Cell_Mol_Gastroenterol_Hepatol.Donor1	normal_epithelial	normal	Epithelial cell	Burclaff_2022_Cell_Mol_Gastroenterol_Hepatol	missing	missing	69	-0.0870684055615773	0.118548568004381	-0.229479874301968	873	956	-0.0567663521943249	-0.0486745043793302	-0.28845470482067	Normal
epithelium
Burclaff_2022_Cell_Mol_Gastroenterol_Hepatol.Donor2	normal_epithelial	normal	Epithelial cell	Burclaff_2022_Cell_Mol_Gastroenterol_Hepatol	missing	missing	91	-0.0712594814080679	0.19187017200119	-0.281162690290221	873	956	-0.106682473280655	0.039453825924139	-0.081071032119562	Normal
epithelium
Burclaff_2022_Cell_Mol_Gastroenterol_Hepatol.Donor3	normal_epithelial	normal	Epithelial cell	Burclaff_2022_Cell_Mol_Gastroenterol_Hepatol	missing	missing	66	-0.0661057668707165	0.101516190933133	-0.17476322051172	873	956	-0.247553771170475	-0.298431731325546	-0.28845470482067	Normal
epithelium
Che_2021_Cell_Discov.COL07	metastasis_cancer	metastasis	Cancer cell	Che_2021_Cell_Discov	MSS	missing	259	0.0760057256600998	-0.100044331776286	0.194151156768223	873	956	-0.125596935294682	-0.189782655169302	-0.28845470482067	Metastasis
cancer-like
Che_2021_Cell_Discov.COL07	metastasis_epithelial	metastasis	Epithelial cell	Che_2021_Cell_Discov	MSS	missing	1	-0.0320646808918314	-0.129868569119127	0.0978038882272957	873	956	-0.419742096199651	-0.534512291264643	-0.28845470482067	Metastasis
epithelium
Che_2021_Cell_Discov.COL07	tumor_cancer	tumor	Cancer cell	Che_2021_Cell_Discov	MSS	CMS1	264	0.0436481060038055	0.000158341547824339	0.0273119596986277	873	956	-0.245663240673468	-0.204016696328507	-0.28845470482067	Primary
cancer-like
Che_2021_Cell_Discov.COL07	tumor_epithelial	tumor	Epithelial cell	Che_2021_Cell_Discov	MSS	CMS1	1	-0.0712914057116523	-0.215233512335866	0.143942106624214	873	956	0.0249202629764549	-0.534512291264643	-0.28845470482067	Primary
epithelium
Che_2021_Cell_Discov.COL12	metastasis_cancer	metastasis	Cancer cell	Che_2021_Cell_Discov	MSS	missing	40	-0.0449372443218273	0.0855987215455263	-0.173457078768249	873	956	0.142399330514442	-0.0369873337089343	-0.28845470482067	Metastasis
cancer-like
Che_2021_Cell_Discov.COL12	tumor_cancer	tumor	Cancer cell	Che_2021_Cell_Discov	MSS	CMS4	10	0.0140796742424942	0.140122137251306	-0.154614354797513	873	956	0.160048749188789	-6.11093186121126e-05	-0.28845470482067	Primary
cancer-like
Che_2021_Cell_Discov.COL15	metastasis_cancer	metastasis	Cancer cell	Che_2021_Cell_Discov	MSS	missing	169	0.194736911999711	-0.0910507752226565	0.279739730755846	873	956	0.685045594861509	-0.0374797478139146	-0.28845470482067	Metastasis
cancer-like
Che_2021_Cell_Discov.COL15	tumor_cancer	tumor	Cancer cell	Che_2021_Cell_Discov	MSS	CMS4	33	0.0730989405347698	-0.0635775478274136	0.100056459662137	873	956	0.307886191927543	-0.143127359036015	-0.236618524545643	Primary
cancer-like
Che_2021_Cell_Discov.COL15	tumor_epithelial	tumor	Epithelial cell	Che_2021_Cell_Discov	MSS	CMS4	8	-0.0431124904703436	-0.433858712297048	0.378333425453744	873	956	-0.419742096199651	-0.534512291264643	-0.28845470482067	Primary
epithelium
Che_2021_Cell_Discov.COL16	metastasis_cancer	metastasis	Cancer cell	Che_2021_Cell_Discov	MSS	missing	39	-0.293127115706333	-0.164060231916891	-0.0429882511722051	873	956	-0.419742096199651	-0.534512291264643	-0.28845470482067	Metastasis
cancer-like
Che_2021_Cell_Discov.COL16	tumor_cancer	tumor	Cancer cell	Che_2021_Cell_Discov	MSS	CMS1	103	-0.00633134697264698	0.0198655221208548	-0.0430833030878	873	956	-0.215660140123991	-0.332330885759263	-0.28845470482067	Primary
cancer-like
Che_2021_Cell_Discov.COL16	tumor_epithelial	tumor	Epithelial cell	Che_2021_Cell_Discov	MSS	CMS1	2	-0.197887665641187	-0.390158449328845	0.192270783687658	873	956	-0.419742096199651	-0.534512291264643	-0.28845470482067	Primary
epithelium
Che_2021_Cell_Discov.COL17	metastasis_cancer	metastasis	Cancer cell	Che_2021_Cell_Discov	MSS	missing	3	-0.146162248261171	-0.0464906170386072	-0.212548042912847	873	956	-0.228513019226372	-0.0883111116603243	-0.28845470482067	Metastasis
cancer-like
Che_2021_Cell_Discov.COL17	tumor_cancer	tumor	Cancer cell	Che_2021_Cell_Discov	MSS	missing	7	-0.0571124852767243	-0.357418554866498	0.188206070211641	873	956	0.0761667815144981	0.445161450331974	-0.28845470482067	Primary
cancer-like
Che_2021_Cell_Discov.COL17	tumor_epithelial	tumor	Epithelial cell	Che_2021_Cell_Discov	MSS	missing	5	-0.0693639405949798	-0.371448681734677	0.258158273776901	873	956	0.0693334387525722	0.606663956957212	-0.28845470482067	Primary
epithelium
Che_2021_Cell_Discov.COL18	metastasis_cancer	metastasis	Cancer cell	Che_2021_Cell_Discov	MSS	missing	34	0.0587517248867446	0.020710148990559	-0.0382307851407975	873	956	0.00950825183259674	-0.225714181789503	-0.28845470482067	Metastasis
cancer-like
Che_2021_Cell_Discov.COL18	metastasis_epithelial	metastasis	Epithelial cell	Che_2021_Cell_Discov	MSS	missing	1	-0.161684317955565	-0.247927278464308	0.0862429605087432	873	956	-0.419742096199651	-0.534512291264643	0.196109471062402	Metastasis
epithelium
Che_2021_Cell_Discov.COL18	tumor_cancer	tumor	Cancer cell	Che_2021_Cell_Discov	MSS	CMS4	7	0.145341267961974	-0.166713239695935	0.19032727791531	873	956	0.276706299843978	-0.0631089405318079	-0.28845470482067	Primary
cancer-like
Chen_2021_Cell.HTA11_10034	normal_epithelial	normal	Epithelial cell	Chen_2021_Cell	missing	missing	136	0.000816953708652841	0.0561349083977999	-0.0533514898892293	873	956	-0.419742096199651	-0.534512291264643	-0.28845470482067	Normal
epithelium
Chen_2021_Cell.HTA11_10034	polyp_cancer	polyp	Cancer cell	Chen_2021_Cell	missing	missing	85	0.344001982811634	-0.166274410203704	0.503671226432035	873	956	1.08062024893861	0.771971257234219	-0.28845470482067	Polyp
cancer-like
Chen_2021_Cell.HTA11_10034	polyp_epithelial	polyp	Epithelial cell	Chen_2021_Cell	missing	missing	279	0.155352153017905	-0.120706486150409	0.281810708220004	873	956	-0.209935720383264	-0.205131276543375	-0.28845470482067	Polyp
epithelium
Chen_2021_Cell.HTA11_10167	normal_epithelial	normal	Epithelial cell	Chen_2021_Cell	missing	missing	34	0.0176391269414722	0.153039177502997	-0.154346048370115	873	956	-0.228880196510877	-0.141114765844205	-0.28845470482067	Normal
epithelium
Chen_2021_Cell.HTA11_10167	polyp_cancer	polyp	Cancer cell	Chen_2021_Cell	missing	missing	15	0.143189139669139	0.0415638496863337	0.0974515879364238	873	956	-0.224239708030708	-0.243712716847842	-0.28845470482067	Polyp
cancer-like
Chen_2021_Cell.HTA11_10167	polyp_epithelial	polyp	Epithelial cell	Chen_2021_Cell	missing	missing	130	0.0420952273831568	0.121728507660809	-0.0717544555808012	873	956	-0.363462288853245	-0.492911724344939	-0.28845470482067	Polyp
epithelium
Chen_2021_Cell.HTA11_104	normal_epithelial	normal	Epithelial cell	Chen_2021_Cell	missing	missing	66	0.158827514077355	0.0251217450014532	0.15030927597168	873	956	-0.258159427189725	-0.223324711210024	-0.28845470482067	Normal
epithelium
Chen_2021_Cell.HTA11_104	polyp_cancer	polyp	Cancer cell	Chen_2021_Cell	missing	missing	8	0.235599756199022	-0.0177235552149109	0.300329506854329	873	956	0.666357783462573	1.06461708952104	-0.28845470482067	Polyp
cancer-like
Chen_2021_Cell.HTA11_104	polyp_epithelial	polyp	Epithelial cell	Chen_2021_Cell	missing	missing	14	0.212578206701315	0.0576915703689484	0.17391304428055	873	956	-0.176862176435273	-0.04957324423478	-0.28845470482067	Polyp
epithelium
Chen_2021_Cell.HTA11_10466	normal_epithelial	normal	Epithelial cell	Chen_2021_Cell	missing	missing	9	-0.0791731551691248	-0.00375925047290264	-0.100664190351516	873	956	-0.419742096199651	-0.534512291264643	-0.28845470482067	Normal
epithelium
Chen_2021_Cell.HTA11_10466	polyp_cancer	polyp	Cancer cell	Chen_2021_Cell	missing	missing	400	0.158201230711685	-0.00587330344612862	0.156918147242773	873	956	0.118403577331854	0.356204353620407	-0.28845470482067	Polyp
cancer-like
Chen_2021_Cell.HTA11_10466	polyp_epithelial	polyp	Epithelial cell	Chen_2021_Cell	missing	missing	623	0.0192343884875032	0.00990130726913335	0.0209530058985183	873	956	-0.243542185417061	-0.163322311485393	-0.28845470482067	Polyp
epithelium
Chen_2021_Cell.HTA11_10557	polyp_cancer	polyp	Cancer cell	Chen_2021_Cell	missing	missing	281	0.155091059890557	-0.144989979041483	0.281059261757061	873	956	0.457057077879165	0.557825125639291	-0.28845470482067	Polyp
cancer-like
Chen_2021_Cell.HTA11_10557	polyp_epithelial	polyp	Epithelial cell	Chen_2021_Cell	missing	missing	1122	0.0321629121465748	-0.0229052669342529	0.0445561527722169	873	956	-0.241389376768478	-0.222818311703762	-0.28845470482067	Polyp
epithelium
Chen_2021_Cell.HTA11_10573	polyp_cancer	polyp	Cancer cell	Chen_2021_Cell	missing	missing	7	0.017683435074286	-0.160426177008485	0.15945523931149	873	956	-0.163525231089647	0.0346746347047449	-0.28845470482067	Polyp
cancer-like
Chen_2021_Cell.HTA11_10573	polyp_epithelial	polyp	Epithelial cell	Chen_2021_Cell	missing	missing	61	-0.0604529716697109	-0.140662746070547	0.0752131598342678	873	956	-0.419742096199651	-0.534512291264643	-0.28845470482067	Polyp
epithelium
Chen_2021_Cell.HTA11_10623	polyp_cancer	polyp	Cancer cell	Chen_2021_Cell	missing	missing	43	0.307666522308356	-0.169935288383181	0.434469350635761	873	956	0.295436885792632	0.535629073269895	-0.28845470482067	Polyp
cancer-like
Chen_2021_Cell.HTA11_10623	polyp_epithelial	polyp	Epithelial cell	Chen_2021_Cell	missing	missing	189	0.149931888693156	-0.0379546158298246	0.184383381542119	873	956	-0.274003007410164	-0.260277525651098	-0.28845470482067	Polyp
epithelium
Chen_2021_Cell.HTA11_10711	polyp_cancer	polyp	Cancer cell	Chen_2021_Cell	missing	missing	126	0.375446482982528	-0.202959277820912	0.572845656205137	873	956	0.776620841476496	0.748170795725175	-0.28845470482067	Polyp
cancer-like
Chen_2021_Cell.HTA11_10711	polyp_epithelial	polyp	Epithelial cell	Chen_2021_Cell	missing	missing	78	0.246982557059151	-0.131325955469161	0.355729197965385	873	956	-0.0181376406134104	0.184064467985046	-0.28845470482067	Polyp
epithelium
Chen_2021_Cell.HTA11_10719	polyp_cancer	polyp	Cancer cell	Chen_2021_Cell	missing	missing	21	0.0345313027108021	-0.183240946798782	0.187921744717663	873	956	-0.215920548594371	-0.534512291264643	-0.28845470482067	Polyp
cancer-like
Chen_2021_Cell.HTA11_10719	polyp_epithelial	polyp	Epithelial cell	Chen_2021_Cell	missing	missing	765	-0.027927626104226	-0.00347531867082204	-0.014716771520227	873	956	-0.419742096199651	-0.534512291264643	-0.28845470482067	Polyp
epithelium
Chen_2021_Cell.HTA11_10888	polyp_cancer	polyp	Cancer cell	Chen_2021_Cell	missing	missing	10	0.000748698520268775	-0.323254303574934	0.31781769314366	873	956	-0.419742096199651	-0.534512291264643	-0.28845470482067	Polyp
cancer-like
Chen_2021_Cell.HTA11_10888	polyp_epithelial	polyp	Epithelial cell	Chen_2021_Cell	missing	missing	10	0.13547980378592	-0.239698413267619	0.382754418551732	873	956	-0.281480147078149	-0.211901076647803	-0.28845470482067	Polyp
epithelium
Chen_2021_Cell.HTA11_11045	polyp_cancer	polyp	Cancer cell	Chen_2021_Cell	missing	missing	20	0.0459634722264217	0.118289770771522	-0.131024526566738	873	956	-0.189516551624853	-0.39366450096689	-0.28845470482067	Polyp
cancer-like
Chen_2021_Cell.HTA11_11045	polyp_epithelial	polyp	Epithelial cell	Chen_2021_Cell	missing	missing	401	-0.0674764312299042	0.175528657414176	-0.239473351566665	873	956	-0.419742096199651	-0.534512291264643	-0.28845470482067	Polyp
epithelium
Chen_2021_Cell.HTA11_11092	polyp_cancer	polyp	Cancer cell	Chen_2021_Cell	missing	missing	312	0.0890073583353097	0.0764838365350784	-0.0152507803806073	873	956	-0.2506023602493	-0.158154465537621	-0.28845470482067	Polyp
cancer-like
Chen_2021_Cell.HTA11_11092	polyp_epithelial	polyp	Epithelial cell	Chen_2021_Cell	missing	missing	265	0.0269988024087187	0.0431076670387636	0.00873323445267514	873	956	-0.419742096199651	-0.534512291264643	-0.28845470482067	Polyp
epithelium
Chen_2021_Cell.HTA11_11156	polyp_cancer	polyp	Cancer cell	Chen_2021_Cell	missing	missing	64	0.313835657410132	-0.194974973377471	0.489443933572589	873	956	0.344303270351466	0.267687946448747	-0.28845470482067	Polyp
cancer-like
Chen_2021_Cell.HTA11_11156	polyp_epithelial	polyp	Epithelial cell	Chen_2021_Cell	missing	missing	92	0.193941570302743	-0.128433691144919	0.31268091319288	873	956	-0.157680679129372	-0.101446993875871	-0.28845470482067	Polyp
epithelium
Chen_2021_Cell.HTA11_11167	polyp_cancer	polyp	Cancer cell	Chen_2021_Cell	missing	missing	67	0.163722631331759	-0.122956946186251	0.267923026622839	873	956	-0.0158745548073475	0.0511963676334314	-0.28845470482067	Polyp
cancer-like
Chen_2021_Cell.HTA11_11167	polyp_epithelial	polyp	Epithelial cell	Chen_2021_Cell	missing	missing	177	0.120431753183028	-0.0891304021462237	0.200357461790596	873	956	-0.117236996359071	-0.0179795616069524	-0.28845470482067	Polyp
epithelium
Chen_2021_Cell.HTA11_11275	polyp_cancer	polyp	Cancer cell	Chen_2021_Cell	missing	missing	33	0.0988354535756707	-0.236050655964849	0.276214869080875	873	956	0.0424709582401675	0.0315165344125464	-0.28845470482067	Polyp
cancer-like
Chen_2021_Cell.HTA11_11275	polyp_epithelial	polyp	Epithelial cell	Chen_2021_Cell	missing	missing	42	0.0579249982393165	-0.249653301188507	0.260581942703086	873	956	-0.179363874289528	-0.240109463508678	-0.28845470482067	Polyp
epithelium
Chen_2021_Cell.HTA11_11543	polyp_cancer	polyp	Cancer cell	Chen_2021_Cell	missing	missing	275	0.160084924840509	-0.220312008925764	0.371515313586654	873	956	0.339224662818736	0.476417124684182	-0.28845470482067	Polyp
cancer-like
Chen_2021_Cell.HTA11_11543	polyp_epithelial	polyp	Epithelial cell	Chen_2021_Cell	missing	missing	164	0.0967035328119593	-0.197302507656787	0.317312606018827	873	956	-0.000448616830065811	0.148174760957621	-0.28845470482067	Polyp
epithelium
Chen_2021_Cell.HTA11_12090	polyp_cancer	polyp	Cancer cell	Chen_2021_Cell	missing	missing	142	0.00956346842766659	-0.233415479213148	0.25299056788208	873	956	-0.419742096199651	-0.534512291264643	-0.28845470482067	Polyp
cancer-like
Chen_2021_Cell.HTA11_12090	polyp_epithelial	polyp	Epithelial cell	Chen_2021_Cell	missing	missing	22	0.036970971497745	-0.298633815920515	0.321199171373686	873	956	-0.419742096199651	-0.534512291264643	-0.28845470482067	Polyp
epithelium
Chen_2021_Cell.HTA11_12167	polyp_cancer	polyp	Cancer cell	Chen_2021_Cell	missing	missing	236	0.124140182676313	-0.197683950592289	0.329762988820804	873	956	0.474605350442232	0.676351866024414	-0.28845470482067	Polyp
cancer-like
Chen_2021_Cell.HTA11_12167	polyp_epithelial	polyp	Epithelial cell	Chen_2021_Cell	missing	missing	155	0.0884294756807707	-0.159696736456711	0.273229948940973	873	956	0.0488915589271767	0.288721200592389	-0.28845470482067	Polyp
epithelium
Chen_2021_Cell.HTA11_12187	polyp_cancer	polyp	Cancer cell	Chen_2021_Cell	missing	missing	117	0.0891176527139639	-0.0821803598267034	0.19631752817217	873	956	-0.419742096199651	-0.534512291264643	-0.28845470482067	Polyp
cancer-like
Chen_2021_Cell.HTA11_12187	polyp_epithelial	polyp	Epithelial cell	Chen_2021_Cell	missing	missing	266	0.0764854164302728	-0.0962795323382214	0.194672430274142	873	956	-0.419742096199651	-0.534512291264643	-0.28845470482067	Polyp
epithelium
Chen_2021_Cell.HTA11_12399	polyp_cancer	polyp	Cancer cell	Chen_2021_Cell	missing	missing	87	0.174049025730902	-0.212778904597749	0.393076344699846	873	956	0.626690525147677	0.588530597663309	-0.28845470482067	Polyp
cancer-like
Chen_2021_Cell.HTA11_12399	polyp_epithelial	polyp	Epithelial cell	Chen_2021_Cell	missing	missing	114	0.0895084333063112	-0.197384479341306	0.310826530418539	873	956	-0.0367797154180605	0.104172580527988	-0.28845470482067	Polyp
epithelium
Chen_2021_Cell.HTA11_12480	polyp_cancer	polyp	Cancer cell	Chen_2021_Cell	missing	missing	459	0.129509308986466	-0.232453666725065	0.370812491467448	873	956	0.582284180299022	0.418068056752543	-0.28845470482067	Polyp
cancer-like
Chen_2021_Cell.HTA11_12480	polyp_epithelial	polyp	Epithelial cell	Chen_2021_Cell	missing	missing	448	0.0754140532850745	-0.196215761627972	0.279827407738173	873	956	-0.127620958905139	-0.108580032285473	-0.28845470482067	Polyp
epithelium
Chen_2021_Cell.HTA11_12542	polyp_cancer	polyp	Cancer cell	Chen_2021_Cell	missing	missing	362	-0.0219901598955438	-0.0103956101379064	0.00415656440064884	873	956	-0.419742096199651	-0.534512291264643	-0.28845470482067	Polyp
cancer-like
Chen_2021_Cell.HTA11_12542	polyp_epithelial	polyp	Epithelial cell	Chen_2021_Cell	missing	missing	164	-0.0116199526620064	-0.0234195004485074	0.0307167925965227	873	956	-0.289444423265258	-0.274696571674041	-0.28845470482067	Polyp
epithelium
Chen_2021_Cell.HTA11_12900	polyp_cancer	polyp	Cancer cell	Chen_2021_Cell	missing	missing	247	0.198560471975163	-0.244294005558542	0.434732054301431	873	956	0.520827394244967	0.758881974413735	-0.28845470482067	Polyp
cancer-like
Chen_2021_Cell.HTA11_12900	polyp_epithelial	polyp	Epithelial cell	Chen_2021_Cell	missing	missing	290	0.121194338040473	-0.197251937599355	0.319874829377404	873	956	-0.150744169392597	-0.0161024863925972	-0.28845470482067	Polyp
epithelium
Chen_2021_Cell.HTA11_12910	polyp_cancer	polyp	Cancer cell	Chen_2021_Cell	missing	missing	508	0.135737584422129	-0.246500266943552	0.393371169107819	873	956	0.593936044654563	0.747519189434411	-0.28845470482067	Polyp
cancer-like
Chen_2021_Cell.HTA11_12910	polyp_epithelial	polyp	Epithelial cell	Chen_2021_Cell	missing	missing	675	0.0094307683052393	-0.129455554924443	0.125574716855705	873	956	-0.270682095782458	-0.534512291264643	-0.28845470482067	Polyp
epithelium
Chen_2021_Cell.HTA11_13109	polyp_cancer	polyp	Cancer cell	Chen_2021_Cell	missing	missing	219	0.111451786661212	-0.18593299940728	0.304479251051104	873	956	0.456629657236014	0.458823878039243	-0.28845470482067	Polyp
cancer-like
Chen_2021_Cell.HTA11_13109	polyp_epithelial	polyp	Epithelial cell	Chen_2021_Cell	missing	missing	128	0.0472980843667532	-0.208747722973607	0.251023141350834	873	956	0.0128964628274895	0.114132201509085	-0.28845470482067	Polyp
epithelium
Chen_2021_Cell.HTA11_13678	polyp_cancer	polyp	Cancer cell	Chen_2021_Cell	missing	missing	27	0.00145268571334287	-0.0263913943034385	-0.00372186366829295	873	956	-0.157136033970116	-0.267423740640765	-0.28845470482067	Polyp
cancer-like
Chen_2021_Cell.HTA11_13678	polyp_epithelial	polyp	Epithelial cell	Chen_2021_Cell	missing	missing	75	-0.0874060690269898	-0.0282575906008205	-0.00454989965278291	873	956	-0.419742096199651	-0.534512291264643	-0.28845470482067	Polyp
epithelium
Chen_2021_Cell.HTA11_13701	polyp_cancer	polyp	Cancer cell	Chen_2021_Cell	missing	missing	82	0.00910242358610071	0.0935319359177991	-0.08113259895479	873	956	-0.401663675975537	-0.534512291264643	-0.28845470482067	Polyp
cancer-like
Chen_2021_Cell.HTA11_13701	polyp_epithelial	polyp	Epithelial cell	Chen_2021_Cell	missing	missing	485	-0.0834065923231087	0.118059765224683	-0.209291207296696	873	956	-0.419742096199651	-0.534512291264643	-0.28845470482067	Polyp
epithelium
Chen_2021_Cell.HTA11_13708	polyp_cancer	polyp	Cancer cell	Chen_2021_Cell	missing	missing	416	0.032124310935322	0.00373707309636051	0.0213948344831148	873	956	-0.419742096199651	-0.534512291264643	-0.28845470482067	Polyp
cancer-like
Chen_2021_Cell.HTA11_13708	polyp_epithelial	polyp	Epithelial cell	Chen_2021_Cell	missing	missing	163	0.00663450092796153	-0.0411113325847304	0.0513730760787983	873	956	-0.419742096199651	-0.534512291264643	-0.28845470482067	Polyp
epithelium
Chen_2021_Cell.HTA11_13794	polyp_cancer	polyp	Cancer cell	Chen_2021_Cell	missing	missing	16	0.043126603522723	-0.262397913748628	0.303875601070452	873	956	-0.131136482606453	-0.0364512286078196	-0.28845470482067	Polyp
cancer-like
Chen_2021_Cell.HTA11_13794	polyp_epithelial	polyp	Epithelial cell	Chen_2021_Cell	missing	missing	72	0.00145280561391762	-0.183765014294229	0.202948932796591	873	956	-0.419742096199651	-0.534512291264643	-0.28845470482067	Polyp
epithelium
Chen_2021_Cell.HTA11_1391	polyp_cancer	polyp	Cancer cell	Chen_2021_Cell	missing	missing	319	0.49209794531378	-0.00162310313519145	0.509021522415173	873	956	0.935251110100683	1.61120359826303	-0.108199514727068	Polyp
cancer-like
Chen_2021_Cell.HTA11_1391	polyp_epithelial	polyp	Epithelial cell	Chen_2021_Cell	missing	missing	151	0.434982530940115	-0.0227955099336885	0.44407781692916	873	956	0.578585897814838	1.45747761286006	0.108298400494036	Polyp
epithelium
Chen_2021_Cell.HTA11_14015	polyp_cancer	polyp	Cancer cell	Chen_2021_Cell	missing	missing	83	0.0928051755726306	-0.0536503973355078	0.136657153719807	873	956	-0.279291647243748	-0.391529600725155	-0.28845470482067	Polyp
cancer-like
Chen_2021_Cell.HTA11_14015	polyp_epithelial	polyp	Epithelial cell	Chen_2021_Cell	missing	missing	25	0.0921655105621201	-0.0916385660968386	0.250256852349544	873	956	-0.246324495942568	-0.153987097694852	-0.0702691659508095	Polyp
epithelium
Chen_2021_Cell.HTA11_14651	polyp_cancer	polyp	Cancer cell	Chen_2021_Cell	missing	missing	27	0.0994609699450583	-0.129703423723987	0.175691681365396	873	956	0.296830908131583	0.385685415687165	-0.28845470482067	Polyp
cancer-like
Chen_2021_Cell.HTA11_14651	polyp_epithelial	polyp	Epithelial cell	Chen_2021_Cell	missing	missing	111	-0.0412012260297704	0.0497640861484824	-0.092525059564355	873	956	-0.323742423193861	-0.534512291264643	-0.28845470482067	Polyp
epithelium
Chen_2021_Cell.HTA11_1938	normal_epithelial	normal	Epithelial cell	Chen_2021_Cell	missing	missing	7	-0.0150167211602951	0.128381065213424	-0.130009540511208	873	956	-0.0352401718215092	-0.0930174493542891	0.197194390963416	Normal
epithelium
Chen_2021_Cell.HTA11_1938	polyp_cancer	polyp	Cancer cell	Chen_2021_Cell	missing	missing	338	0.271127408558884	-0.0272323424689964	0.304681024252296	873	956	0.260289677263719	0.57853060818072	-0.197116298350318	Polyp
cancer-like
Chen_2021_Cell.HTA11_1938	polyp_epithelial	polyp	Epithelial cell	Chen_2021_Cell	missing	missing	66	0.222832253890047	-0.0140387423095628	0.246509236618314	873	956	0.100957817260093	0.268916433424435	-0.254521084988651	Polyp
epithelium
Chen_2021_Cell.HTA11_2112	normal_epithelial	normal	Epithelial cell	Chen_2021_Cell	missing	missing	11	-0.0598274353108784	0.149709087946063	-0.20657952536743	873	956	-0.295447075764887	-0.413721793607369	-0.183731150241768	Normal
epithelium
Chen_2021_Cell.HTA11_2112	polyp_cancer	polyp	Cancer cell	Chen_2021_Cell	missing	missing	132	0.0357078394034255	-0.0453013314129577	0.0843354797234909	873	956	-0.401523351461376	-0.534512291264643	-0.28845470482067	Polyp
cancer-like
Chen_2021_Cell.HTA11_2112	polyp_epithelial	polyp	Epithelial cell	Chen_2021_Cell	missing	missing	209	0.0558403219495538	-0.156942069327168	0.182318826178974	873	956	-0.419742096199651	-0.534512291264643	-0.28845470482067	Polyp
epithelium
Chen_2021_Cell.HTA11_2235	normal_epithelial	normal	Epithelial cell	Chen_2021_Cell	missing	missing	19	0.0288840369922852	0.0185242303788895	0.00217066937394069	873	956	-0.125904920952666	0.0186375625661563	-0.28845470482067	Normal
epithelium
Chen_2021_Cell.HTA11_2235	polyp_cancer	polyp	Cancer cell	Chen_2021_Cell	missing	missing	49	0.230137776495955	-0.142567734518206	0.36669334837857	873	956	0.63092877039269	0.944090957812018	-0.0787660344961994	Polyp
cancer-like
Chen_2021_Cell.HTA11_2235	polyp_epithelial	polyp	Epithelial cell	Chen_2021_Cell	missing	missing	21	0.141529578375233	-0.0754308256293796	0.238838982701005	873	956	-0.0223037619818302	0.284493561668229	-0.003692251321403	Polyp
epithelium
Chen_2021_Cell.HTA11_2334	polyp_cancer	polyp	Cancer cell	Chen_2021_Cell	missing	missing	163	0.154886385118191	-0.133421606554383	0.312563354396959	873	956	0.5489089746804	0.467472836499339	-0.28845470482067	Polyp
cancer-like
Chen_2021_Cell.HTA11_2334	polyp_epithelial	polyp	Epithelial cell	Chen_2021_Cell	missing	missing	417	0.0558367846724448	-0.0843136218464486	0.146802794585903	873	956	-0.335764640270144	-0.534512291264643	-0.28845470482067	Polyp
epithelium
Chen_2021_Cell.HTA11_2487	normal_epithelial	normal	Epithelial cell	Chen_2021_Cell	missing	missing	16	-0.120234075097536	0.0399865737610717	-0.116484846294448	873	956	-0.19272062141709	-0.0587211408594494	-0.28845470482067	Normal
epithelium
Chen_2021_Cell.HTA11_2487	polyp_cancer	polyp	Cancer cell	Chen_2021_Cell	missing	missing	667	0.0664682352695244	-0.034820253024994	0.104214685253591	873	956	-0.338595109489405	-0.383497169973374	-0.28845470482067	Polyp
cancer-like
Chen_2021_Cell.HTA11_2487	polyp_epithelial	polyp	Epithelial cell	Chen_2021_Cell	missing	missing	142	0.0476565709137023	-0.0707062482389136	0.126347683764328	873	956	-0.317344565722458	-0.384497393968972	-0.28845470482067	Polyp
epithelium
Chen_2021_Cell.HTA11_2951	normal_epithelial	normal	Epithelial cell	Chen_2021_Cell	missing	missing	67	0.00693512504918263	0.0315292840975155	-0.000756261966307497	873	956	-0.266434405115011	-0.338706418006095	-0.28845470482067	Normal
epithelium
Chen_2021_Cell.HTA11_2951	polyp_cancer	polyp	Cancer cell	Chen_2021_Cell	missing	missing	114	0.184700151636232	-0.210150039756087	0.397116348336053	873	956	0.420510933133803	0.567162384128892	-0.28845470482067	Polyp
cancer-like
Chen_2021_Cell.HTA11_2951	polyp_epithelial	polyp	Epithelial cell	Chen_2021_Cell	missing	missing	59	0.12821882055479	-0.185175816169089	0.301318874076689	873	956	-0.174901495660378	-0.141293102745156	-0.28845470482067	Polyp
epithelium
Chen_2021_Cell.HTA11_2992	polyp_cancer	polyp	Cancer cell	Chen_2021_Cell	missing	missing	3	-0.190280471612378	-0.00815913427849086	-0.199053875014544	873	956	-0.148312648054268	-0.534512291264643	-0.162156131003793	Polyp
cancer-like
Chen_2021_Cell.HTA11_2992	polyp_epithelial	polyp	Epithelial cell	Chen_2021_Cell	missing	missing	17	0.0208155203589721	0.0364445529386371	-0.0572911114714042	873	956	-0.321469100676814	-0.30520863504469	-0.203512209431884	Polyp
epithelium
Chen_2021_Cell.HTA11_3077	normal_epithelial	normal	Epithelial cell	Chen_2021_Cell	missing	missing	28	-0.0554889009712123	0.0524328190947951	-0.142232793305924	873	956	-0.367130216722516	-0.534512291264643	-0.28845470482067	Normal
epithelium
Chen_2021_Cell.HTA11_3252	normal_epithelial	normal	Epithelial cell	Chen_2021_Cell	missing	missing	31	-0.070705652747653	0.207577244710461	-0.287063139060032	873	956	-0.266994379305938	-0.255479212986676	-0.28845470482067	Normal
epithelium
Chen_2021_Cell.HTA11_3331	polyp_cancer	polyp	Cancer cell	Chen_2021_Cell	missing	missing	63	0.0449028543684973	0.131233412929146	-0.101561747068535	873	956	-0.326247468429666	-0.365722126167306	-0.28845470482067	Polyp
cancer-like
Chen_2021_Cell.HTA11_3331	polyp_epithelial	polyp	Epithelial cell	Chen_2021_Cell	missing	missing	35	0.0580108942559491	0.0794042511795247	-0.10252393437609	873	956	-0.245264766700522	-0.146385158411194	-0.28845470482067	Polyp
epithelium
Chen_2021_Cell.HTA11_3361	normal_epithelial	normal	Epithelial cell	Chen_2021_Cell	missing	missing	32	-0.0587964298365064	0.13901482225372	-0.1957233871781	873	956	-0.419742096199651	-0.534512291264643	-0.28845470482067	Normal
epithelium
Chen_2021_Cell.HTA11_3361	polyp_cancer	polyp	Cancer cell	Chen_2021_Cell	missing	missing	257	0.256101101013157	-0.210752118958867	0.458766068366177	873	956	0.385729274972031	0.496633714133761	-0.15173600531937	Polyp
cancer-like
Chen_2021_Cell.HTA11_3361	polyp_epithelial	polyp	Epithelial cell	Chen_2021_Cell	missing	missing	576	0.153792920108033	-0.165098819452392	0.320006667247721	873	956	-0.245777290249086	-0.196323232816128	-0.28845470482067	Polyp
epithelium
Chen_2021_Cell.HTA11_3372	polyp_cancer	polyp	Cancer cell	Chen_2021_Cell	missing	missing	10	-0.0758551332412652	-0.199516653526536	0.153174347170349	873	956	-0.320220869738126	-0.534512291264643	-0.28845470482067	Polyp
cancer-like
Chen_2021_Cell.HTA11_3372	polyp_epithelial	polyp	Epithelial cell	Chen_2021_Cell	missing	missing	63	-0.0418282492398264	-0.179632331972734	0.10708691046073	873	956	-0.419742096199651	-0.534512291264643	-0.28845470482067	Polyp
epithelium
Chen_2021_Cell.HTA11_3410	normal_epithelial	normal	Epithelial cell	Chen_2021_Cell	missing	missing	91	0.159365474740127	-0.0313151120891368	0.159276089085919	873	956	-0.179617620883094	0.0116473709550604	-0.117839136765986	Normal
epithelium
Chen_2021_Cell.HTA11_3410	polyp_cancer	polyp	Cancer cell	Chen_2021_Cell	missing	missing	109	0.243118794994839	-0.122800181191864	0.371592104280541	873	956	0.489743896536345	0.851905894366478	-0.28845470482067	Polyp
cancer-like
Chen_2021_Cell.HTA11_3410	polyp_epithelial	polyp	Epithelial cell	Chen_2021_Cell	missing	missing	86	0.182118587133535	-0.138800674537333	0.329521552129193	873	956	-0.0292637746461702	0.237612153228066	-0.28845470482067	Polyp
epithelium
Chen_2021_Cell.HTA11_347	polyp_cancer	polyp	Cancer cell	Chen_2021_Cell	missing	missing	32	0.22974220659589	0.0561509438302242	0.191128475614376	873	956	0.454108106025975	0.314768635843743	-0.197357126399504	Polyp
cancer-like
Chen_2021_Cell.HTA11_347	polyp_epithelial	polyp	Epithelial cell	Chen_2021_Cell	missing	missing	475	0.183530926670846	0.0921970095965133	0.087728100884659	873	956	-0.204990930571979	-0.0936237208819698	-0.28845470482067	Polyp
epithelium
Chen_2021_Cell.HTA11_377	normal_epithelial	normal	Epithelial cell	Chen_2021_Cell	missing	missing	34	0.125880558911951	0.0718842335398463	0.0579921103183169	873	956	-0.419742096199651	-0.534512291264643	-0.28845470482067	Normal
epithelium
Chen_2021_Cell.HTA11_3918	normal_epithelial	normal	Epithelial cell	Chen_2021_Cell	missing	missing	109	0.14523458682377	-0.000891878578534729	0.1627937086374	873	956	-0.26337889726726	-0.20859474399263	-0.28845470482067	Normal
epithelium
Chen_2021_Cell.HTA11_392	normal_epithelial	normal	Epithelial cell	Chen_2021_Cell	missing	missing	31	0.168624052406947	0.034772219009673	0.160003726384499	873	956	-0.140367693012804	0.112633419138126	-0.28845470482067	Normal
epithelium
Chen_2021_Cell.HTA11_392	polyp_cancer	polyp	Cancer cell	Chen_2021_Cell	missing	missing	91	0.344381150450432	-0.140275146608035	0.471950314660911	873	956	-0.168148911998631	-0.0571059214008557	-0.28845470482067	Polyp
cancer-like
Chen_2021_Cell.HTA11_392	polyp_epithelial	polyp	Epithelial cell	Chen_2021_Cell	missing	missing	31	0.384478209897962	-0.174459458268841	0.573952111327124	873	956	-0.184417728192406	-0.124000794857859	-0.28845470482067	Polyp
epithelium
Chen_2021_Cell.HTA11_3997	normal_epithelial	normal	Epithelial cell	Chen_2021_Cell	missing	missing	5	0.0518339292302954	-0.285167380941363	0.326747851533995	873	956	0.402279834210123	1.01697116730541	-0.28845470482067	Normal
epithelium
Chen_2021_Cell.HTA11_3997	polyp_cancer	polyp	Cancer cell	Chen_2021_Cell	missing	missing	35	0.125733808952718	-0.210363695611872	0.326221312471538	873	956	-0.0335400199081703	-0.0346862564296713	-0.28845470482067	Polyp
cancer-like
Chen_2021_Cell.HTA11_3997	polyp_epithelial	polyp	Epithelial cell	Chen_2021_Cell	missing	missing	129	0.0686317756117638	-0.160908032705237	0.229975894977704	873	956	-0.419742096199651	-0.534512291264643	-0.28845470482067	Polyp
epithelium
Chen_2021_Cell.HTA11_411	normal_epithelial	normal	Epithelial cell	Chen_2021_Cell	missing	missing	112	0.180135175764173	-0.00678882042601583	0.187356631162175	873	956	-0.250112752979164	-0.201786073358943	-0.28845470482067	Normal
epithelium
Chen_2021_Cell.HTA11_411	polyp_cancer	polyp	Cancer cell	Chen_2021_Cell	missing	missing	257	0.12130274383478	0.0206111822685368	0.100137141841339	873	956	-0.340803480478429	-0.389921561924844	-0.28845470482067	Polyp
cancer-like
Chen_2021_Cell.HTA11_411	polyp_epithelial	polyp	Epithelial cell	Chen_2021_Cell	missing	missing	283	0.156487300857263	-0.00351680407317484	0.172414689643517	873	956	-0.280033601888673	-0.259683579905788	-0.28845470482067	Polyp
epithelium
Chen_2021_Cell.HTA11_4255	normal_epithelial	normal	Epithelial cell	Chen_2021_Cell	missing	missing	80	-0.0202132208848774	0.14825058741269	-0.182912121302931	873	956	-0.419742096199651	-0.534512291264643	-0.28845470482067	Normal
epithelium
Chen_2021_Cell.HTA11_4255	polyp_cancer	polyp	Cancer cell	Chen_2021_Cell	missing	missing	397	0.17419568007675	-0.00269889427564631	0.177742804049473	873	956	-0.253118005753334	-0.239614958010057	-0.237656796054539	Polyp
cancer-like
Chen_2021_Cell.HTA11_4255	polyp_epithelial	polyp	Epithelial cell	Chen_2021_Cell	missing	missing	127	0.120930816057619	-0.0038244295198189	0.131716244339571	873	956	-0.277922489463289	-0.232971430426651	-0.28845470482067	Polyp
epithelium
Chen_2021_Cell.HTA11_5212	normal_epithelial	normal	Epithelial cell	Chen_2021_Cell	missing	missing	6	-0.0907579055684471	0.0696452148690493	-0.185580689102831	873	956	-0.203778028570685	-0.279054774701619	-0.28845470482067	Normal
epithelium
Chen_2021_Cell.HTA11_5212	polyp_cancer	polyp	Cancer cell	Chen_2021_Cell	missing	missing	1	-0.185640861093835	-0.130123884856076	-0.0555169762377598	873	956	-0.158680059848166	-0.534512291264643	0.0502681066646372	Polyp
cancer-like
Chen_2021_Cell.HTA11_5212	polyp_epithelial	polyp	Epithelial cell	Chen_2021_Cell	missing	missing	1	0.0613322169050894	-0.141952180854432	0.203284397759522	873	956	-0.185020264791916	0.013171982020074	-0.28845470482067	Polyp
epithelium
Chen_2021_Cell.HTA11_5216	normal_epithelial	normal	Epithelial cell	Chen_2021_Cell	missing	missing	35	0.044058033743467	-0.0803101125007143	0.110868983666505	873	956	-0.201721791192291	-0.141019410727675	-0.28845470482067	Normal
epithelium
Chen_2021_Cell.HTA11_5216	polyp_cancer	polyp	Cancer cell	Chen_2021_Cell	missing	missing	3	0.0938074686794843	-0.192887577319912	0.316795237967991	873	956	0.229082679510421	0.979412185392193	-0.28845470482067	Polyp
cancer-like
Chen_2021_Cell.HTA11_5216	polyp_epithelial	polyp	Epithelial cell	Chen_2021_Cell	missing	missing	55	-0.000524866430415946	0.00628618338085637	0.00536304239311761	873	956	-0.241571351422856	-0.159467331295173	-0.28845470482067	Polyp
epithelium
Chen_2021_Cell.HTA11_5363	polyp_cancer	polyp	Cancer cell	Chen_2021_Cell	missing	missing	6	0.066176576329228	0.0030408419469697	0.0456763084848791	873	956	-0.0555778910894358	0.300699226053054	-0.133335641457311	Polyp
cancer-like
Chen_2021_Cell.HTA11_5363	polyp_epithelial	polyp	Epithelial cell	Chen_2021_Cell	missing	missing	7	0.00954983973270755	0.0400290488810084	-0.017931565993375	873	956	-0.313231791122771	-0.285988246085256	-0.28845470482067	Polyp
epithelium
Chen_2021_Cell.HTA11_546	normal_epithelial	normal	Epithelial cell	Chen_2021_Cell	missing	missing	55	0.127343344554307	0.0449336004586962	0.0587710222562067	873	956	-0.187356301276109	-0.0675761340230179	-0.15350195510752	Normal
epithelium
Chen_2021_Cell.HTA11_546	polyp_cancer	polyp	Cancer cell	Chen_2021_Cell	missing	missing	100	0.381568534352917	-0.24097030001928	0.588429188596848	873	956	0.685722773629865	0.77965750608613	-0.28845470482067	Polyp
cancer-like
Chen_2021_Cell.HTA11_546	polyp_epithelial	polyp	Epithelial cell	Chen_2021_Cell	missing	missing	211	0.305014493294957	-0.146431723224808	0.447928538292565	873	956	-0.0957146590891871	0.164411197286535	-0.28845470482067	Polyp
epithelium
Chen_2021_Cell.HTA11_5679	polyp_cancer	polyp	Cancer cell	Chen_2021_Cell	missing	missing	238	-0.0145349630525299	-0.0585241558089135	0.0459133584593247	873	956	-0.419742096199651	-0.534512291264643	-0.28845470482067	Polyp
cancer-like
Chen_2021_Cell.HTA11_5679	polyp_epithelial	polyp	Epithelial cell	Chen_2021_Cell	missing	missing	68	-0.0177922675774035	-0.162163083423678	0.144661585073018	873	956	-0.296173663798657	-0.534512291264643	-0.28845470482067	Polyp
epithelium
Chen_2021_Cell.HTA11_5994	polyp_cancer	polyp	Cancer cell	Chen_2021_Cell	missing	missing	249	0.120083803991079	-0.0624894984059517	0.18098953789135	873	956	-0.308755012653532	-0.317797271832563	-0.28845470482067	Polyp
cancer-like
Chen_2021_Cell.HTA11_5994	polyp_epithelial	polyp	Epithelial cell	Chen_2021_Cell	missing	missing	127	0.136680906189869	-0.0799852795246427	0.236844229562259	873	956	-0.243792605293278	-0.19470836429841	-0.28845470482067	Polyp
epithelium
Chen_2021_Cell.HTA11_6025	polyp_cancer	polyp	Cancer cell	Chen_2021_Cell	missing	missing	1	0.183469755807172	-0.0212364459934716	0.204706201800644	873	956	1.68583910555369	0.971108043475831	-0.28845470482067	Polyp
cancer-like
Chen_2021_Cell.HTA11_6025	polyp_epithelial	polyp	Epithelial cell	Chen_2021_Cell	missing	missing	3	0.00617827634471379	0.0809060762928924	-0.0280534398987758	873	956	-0.235510174541363	-0.104637807395303	-0.186048855194662	Polyp
epithelium
Chen_2021_Cell.HTA11_6134	normal_epithelial	normal	Epithelial cell	Chen_2021_Cell	missing	missing	4	0.0981241509811892	-0.104267785473043	0.17066130467984	873	956	-0.0988484014697541	-0.0928348937777152	-0.28845470482067	Normal
epithelium
Chen_2021_Cell.HTA11_6134	polyp_cancer	polyp	Cancer cell	Chen_2021_Cell	missing	missing	168	0.0998405719828807	-0.0238141573595475	0.108827359475376	873	956	-0.232837587242299	-0.180042716630103	-0.136277420455856	Polyp
cancer-like
Chen_2021_Cell.HTA11_6134	polyp_epithelial	polyp	Epithelial cell	Chen_2021_Cell	missing	missing	53	0.12987401231274	-0.0601088414912241	0.206714490567554	873	956	-0.217519531799049	-0.145285187646578	-0.171004994596665	Polyp
epithelium
Chen_2021_Cell.HTA11_6147	normal_epithelial	normal	Epithelial cell	Chen_2021_Cell	missing	missing	12	-0.0461709061390705	0.0752612675923791	-0.111792716779552	873	956	-0.347524707489895	-0.452721146492673	-0.28845470482067	Normal
epithelium
Chen_2021_Cell.HTA11_6147	polyp_cancer	polyp	Cancer cell	Chen_2021_Cell	missing	missing	14	0.00917459398829429	0.026620555029423	-0.0868552081134678	873	956	-0.174015671484305	-0.0466346043197856	-0.168827599951362	Polyp
cancer-like
Chen_2021_Cell.HTA11_6147	polyp_epithelial	polyp	Epithelial cell	Chen_2021_Cell	missing	missing	3	0.0545346709326746	0.0295172670407524	-0.02611847748492	873	956	-0.230789851749934	-0.0936237208819698	0.281452424716466	Polyp
epithelium
Chen_2021_Cell.HTA11_6182	normal_epithelial	normal	Epithelial cell	Chen_2021_Cell	missing	missing	4	0.138128749654748	-0.12732722946115	0.267650512219783	873	956	-0.419742096199651	-0.534512291264643	-0.28845470482067	Normal
epithelium
Chen_2021_Cell.HTA11_6182	polyp_cancer	polyp	Cancer cell	Chen_2021_Cell	missing	missing	187	0.501989142596298	-0.248262010540837	0.748015502726397	873	956	-0.17599354242619	-0.145084213419217	-0.28845470482067	Polyp
cancer-like
Chen_2021_Cell.HTA11_6182	polyp_epithelial	polyp	Epithelial cell	Chen_2021_Cell	missing	missing	27	0.394680628579448	-0.230384595136237	0.599906684049523	873	956	-0.0800167817218835	-0.0167338158899681	-0.28845470482067	Polyp
epithelium
Chen_2021_Cell.HTA11_6298	normal_epithelial	normal	Epithelial cell	Chen_2021_Cell	missing	missing	51	-0.026371932391175	0.184459573688102	-0.206195640999863	873	956	-0.198353778268713	-0.0392106049972154	0.0179215973756065	Normal
epithelium
Chen_2021_Cell.HTA11_6298	polyp_cancer	polyp	Cancer cell	Chen_2021_Cell	missing	missing	141	0.22329722209669	-0.0767897916591318	0.279740121530339	873	956	1.22092572857269	1.0245647486767	-0.28845470482067	Polyp
cancer-like
Chen_2021_Cell.HTA11_6298	polyp_epithelial	polyp	Epithelial cell	Chen_2021_Cell	missing	missing	102	0.132642178843684	-0.029656151208176	0.155204752403145	873	956	0.114969854150046	0.442575906209551	-0.28845470482067	Polyp
epithelium
Chen_2021_Cell.HTA11_6310	normal_epithelial	normal	Epithelial cell	Chen_2021_Cell	missing	missing	7	-0.0193799545975406	0.0459397397786789	-0.0949924363714844	873	956	-0.283993281733189	-0.217765057509565	0.0589461395724437	Normal
epithelium
Chen_2021_Cell.HTA11_6310	polyp_cancer	polyp	Cancer cell	Chen_2021_Cell	missing	missing	37	0.0706684114817174	0.035904537931484	0.0154908601273482	873	956	-0.277007290314849	-0.312043733109213	-0.162750187667233	Polyp
cancer-like
Chen_2021_Cell.HTA11_6310	polyp_epithelial	polyp	Epithelial cell	Chen_2021_Cell	missing	missing	26	0.0277076691426374	0.0522089684197136	0.0234034802300176	873	956	-0.29470595144555	-0.421916695124913	-0.28845470482067	Polyp
epithelium
Chen_2021_Cell.HTA11_6407	normal_epithelial	normal	Epithelial cell	Chen_2021_Cell	missing	missing	79	0.018331047050879	0.0579950059160957	-0.00550027472745881	873	956	-0.419742096199651	-0.534512291264643	-0.28845470482067	Normal
epithelium
Chen_2021_Cell.HTA11_6407	polyp_cancer	polyp	Cancer cell	Chen_2021_Cell	missing	missing	153	0.124264675876801	-0.0289781400857127	0.14931039933072	873	956	-0.188780416583381	-0.223465793021316	-0.28845470482067	Polyp
cancer-like
Chen_2021_Cell.HTA11_6407	polyp_epithelial	polyp	Epithelial cell	Chen_2021_Cell	missing	missing	445	0.141369048876652	-0.0125766931472432	0.148363290368216	873	956	-0.181016474069979	-0.0600384963150209	-0.28845470482067	Polyp
epithelium
Chen_2021_Cell.HTA11_6436	polyp_cancer	polyp	Cancer cell	Chen_2021_Cell	missing	missing	262	0.222410807517452	-0.223024190322394	0.447775924106055	873	956	0.209442626839815	0.42067625027432	-0.28845470482067	Polyp
cancer-like
Chen_2021_Cell.HTA11_6436	polyp_epithelial	polyp	Epithelial cell	Chen_2021_Cell	missing	missing	249	0.112308977529496	-0.202855347464599	0.304844505298693	873	956	-0.14525624698451	-0.0679514270387864	-0.28845470482067	Polyp
epithelium
Chen_2021_Cell.HTA11_6801	normal_epithelial	normal	Epithelial cell	Chen_2021_Cell	missing	missing	62	-0.0425886839460201	0.118214563843136	-0.185404548105292	873	956	-0.419742096199651	-0.534512291264643	-0.28845470482067	Normal
epithelium
Chen_2021_Cell.HTA11_6801	polyp_cancer	polyp	Cancer cell	Chen_2021_Cell	missing	missing	305	0.0126150114693937	0.0701376637418599	-0.053780131453402	873	956	-0.237602222426776	-0.156200396246727	-0.28845470482067	Polyp
cancer-like
Chen_2021_Cell.HTA11_6801	polyp_epithelial	polyp	Epithelial cell	Chen_2021_Cell	missing	missing	475	0.0215301611316681	0.0654743506424884	-0.0266731476233707	873	956	-0.278361992095347	-0.356652275251444	-0.28845470482067	Polyp
epithelium
Chen_2021_Cell.HTA11_6818	normal_epithelial	normal	Epithelial cell	Chen_2021_Cell	missing	missing	151	0.0376152711583425	0.11953388652044	-0.05814496925792	873	956	-0.284537798435605	-0.534512291264643	-0.28845470482067	Normal
epithelium
Chen_2021_Cell.HTA11_6818	polyp_cancer	polyp	Cancer cell	Chen_2021_Cell	missing	missing	935	0.39808053942353	-0.0696738834678071	0.469393663258524	873	956	0.391953409075324	0.550607818859173	-0.28845470482067	Polyp
cancer-like
Chen_2021_Cell.HTA11_6818	polyp_epithelial	polyp	Epithelial cell	Chen_2021_Cell	missing	missing	374	0.355350792641152	-0.051295699949352	0.412305461230322	873	956	0.0740936882686472	0.234070463311892	-0.28845470482067	Polyp
epithelium
Chen_2021_Cell.HTA11_6862	polyp_cancer	polyp	Cancer cell	Chen_2021_Cell	missing	missing	44	0.153963608231176	-0.265103698103448	0.418018812838792	873	956	0.206152014004027	0.508506336257317	-0.28845470482067	Polyp
cancer-like
Chen_2021_Cell.HTA11_6862	polyp_epithelial	polyp	Epithelial cell	Chen_2021_Cell	missing	missing	63	0.0735523933758374	-0.203842264682374	0.311197548706096	873	956	-0.0187771707134182	0.301276066229528	-0.28845470482067	Polyp
epithelium
Chen_2021_Cell.HTA11_696	normal_epithelial	normal	Epithelial cell	Chen_2021_Cell	missing	missing	128	0.119964531586288	0.0701506181337884	0.0543629082222089	873	956	-0.195962313146103	-0.10106778494038	-0.167444421783208	Normal
epithelium
Chen_2021_Cell.HTA11_696	polyp_cancer	polyp	Cancer cell	Chen_2021_Cell	missing	missing	324	0.355806621563792	-0.169516187502037	0.536732047598304	873	956	1.13675367266453	0.994994867700332	-0.139149299598841	Polyp
cancer-like
Chen_2021_Cell.HTA11_696	polyp_epithelial	polyp	Epithelial cell	Chen_2021_Cell	missing	missing	586	0.267515040349036	-0.116316303921948	0.381943094128596	873	956	-0.0461371261242949	0.164765113573833	-0.28845470482067	Polyp
epithelium
Chen_2021_Cell.HTA11_7029	normal_epithelial	normal	Epithelial cell	Chen_2021_Cell	missing	missing	42	0.0354626223585453	0.211951744688948	-0.191310276742746	873	956	-0.283034179912331	-0.246942871152654	-0.28845470482067	Normal
epithelium
Chen_2021_Cell.HTA11_7029	polyp_cancer	polyp	Cancer cell	Chen_2021_Cell	missing	missing	207	0.345060191976219	-0.10324939236549	0.431571803907945	873	956	0.583715778361314	1.05173464852423	-0.28845470482067	Polyp
cancer-like
Chen_2021_Cell.HTA11_7029	polyp_epithelial	polyp	Epithelial cell	Chen_2021_Cell	missing	missing	126	0.310333370949536	-0.110008045498693	0.399588404666	873	956	0.244659775147217	0.629355530751296	-0.183077134214245	Polyp
epithelium
Chen_2021_Cell.HTA11_7128	polyp_cancer	polyp	Cancer cell	Chen_2021_Cell	missing	missing	84	0.265199162964184	-0.277075197981722	0.520588315317204	873	956	0.0968902476351582	0.0417158509837002	-0.28845470482067	Polyp
cancer-like
Chen_2021_Cell.HTA11_7128	polyp_epithelial	polyp	Epithelial cell	Chen_2021_Cell	missing	missing	14	0.300267940329974	-0.238610850345641	0.566309644824539	873	956	-0.143556769974413	0.0441242363579362	-0.28845470482067	Polyp
epithelium
Chen_2021_Cell.HTA11_7179	polyp_cancer	polyp	Cancer cell	Chen_2021_Cell	missing	missing	51	0.429029482829945	-0.178419201686995	0.584733486357944	873	956	0.312936534920758	0.45143557772157	-0.28845470482067	Polyp
cancer-like
Chen_2021_Cell.HTA11_7179	polyp_epithelial	polyp	Epithelial cell	Chen_2021_Cell	missing	missing	81	0.224359525441256	-0.0854230779012074	0.310750718401622	873	956	-0.241275230216863	-0.345192677210248	-0.28845470482067	Polyp
epithelium
Chen_2021_Cell.HTA11_7469	normal_epithelial	normal	Epithelial cell	Chen_2021_Cell	missing	missing	131	-0.0435041890788504	0.253354700939283	-0.282801067634878	873	956	-0.374462531092345	-0.534512291264643	-0.28845470482067	Normal
epithelium
Chen_2021_Cell.HTA11_7469	polyp_cancer	polyp	Cancer cell	Chen_2021_Cell	missing	missing	2	0.347811639642506	-0.0986961526111467	0.446507792253653	873	956	0.0158045098090358	0.481763122755628	0.0656630467017589	Polyp
cancer-like
Chen_2021_Cell.HTA11_7469	polyp_epithelial	polyp	Epithelial cell	Chen_2021_Cell	missing	missing	237	-0.0283252553802404	0.226467609728535	-0.244836585585023	873	956	-0.335423908035208	-0.411387683044401	-0.28845470482067	Polyp
epithelium
Chen_2021_Cell.HTA11_7663	normal_epithelial	normal	Epithelial cell	Chen_2021_Cell	missing	missing	147	0.101019348713248	0.0642657805078869	0.0452776368759767	873	956	-0.252200707752705	-0.237697343015352	-0.28845470482067	Normal
epithelium
Chen_2021_Cell.HTA11_7663	polyp_cancer	polyp	Cancer cell	Chen_2021_Cell	missing	missing	38	0.317714644154968	-0.0789382043425372	0.361038186155846	873	956	-0.0501874239479186	0.149939483497004	-0.28845470482067	Polyp
cancer-like
Chen_2021_Cell.HTA11_7663	polyp_epithelial	polyp	Epithelial cell	Chen_2021_Cell	missing	missing	569	0.134597946427361	0.0621471431186556	0.0741579900878397	873	956	-0.285895364986851	-0.264926991262482	-0.28845470482067	Polyp
epithelium
Chen_2021_Cell.HTA11_7696	normal_epithelial	normal	Epithelial cell	Chen_2021_Cell	missing	missing	35	0.0657558497884145	0.1331365266804	-0.0891813994705452	873	956	-0.353721970227996	-0.402361465024264	-0.28845470482067	Normal
epithelium
Chen_2021_Cell.HTA11_7696	polyp_cancer	polyp	Cancer cell	Chen_2021_Cell	missing	missing	398	0.34467947978657	-0.111312297803646	0.466601919704412	873	956	0.877219237221987	1.09678619200217	-0.117830569908112	Polyp
cancer-like
Chen_2021_Cell.HTA11_7696	polyp_epithelial	polyp	Epithelial cell	Chen_2021_Cell	missing	missing	160	0.289988706071966	-0.110924931013138	0.406332147376402	873	956	0.117735311805144	0.474913831349423	-0.28845470482067	Polyp
epithelium
Chen_2021_Cell.HTA11_78	normal_epithelial	normal	Epithelial cell	Chen_2021_Cell	missing	missing	21	0.0488889260125054	0.0917460571120844	-0.0164521367311238	873	956	-0.0430565479777585	0.344420654586441	-0.28845470482067	Normal
epithelium
Chen_2021_Cell.HTA11_78	polyp_cancer	polyp	Cancer cell	Chen_2021_Cell	missing	missing	331	0.315184909921122	-0.0508242617716375	0.36068556549731	873	956	0.118923415295946	0.24436124800175	-0.28845470482067	Polyp
cancer-like
Chen_2021_Cell.HTA11_78	polyp_epithelial	polyp	Epithelial cell	Chen_2021_Cell	missing	missing	233	0.21761495579964	-0.018015199010307	0.247163748540571	873	956	-0.13828042656031	-0.0127219175101233	-0.28845470482067	Polyp
epithelium
Chen_2021_Cell.HTA11_7821	normal_epithelial	normal	Epithelial cell	Chen_2021_Cell	missing	missing	77	-0.00778851046373477	0.140999970068654	-0.130550572334782	873	956	-0.274024787332692	-0.301542475453773	-0.28845470482067	Normal
epithelium
Chen_2021_Cell.HTA11_7821	polyp_cancer	polyp	Cancer cell	Chen_2021_Cell	missing	missing	203	0.330119144065468	-0.0394814338387278	0.38230128526199	873	956	0.715449264742982	1.18025992019874	-0.28845470482067	Polyp
cancer-like
Chen_2021_Cell.HTA11_7821	polyp_epithelial	polyp	Epithelial cell	Chen_2021_Cell	missing	missing	317	0.228259051186383	-0.0051484697964412	0.255346292922506	873	956	0.261332296555165	0.753617056704638	-0.28845470482067	Polyp
epithelium
Chen_2021_Cell.HTA11_7862	normal_epithelial	normal	Epithelial cell	Chen_2021_Cell	missing	missing	54	0.0130265090398745	0.0729301636913181	-0.0538937111060399	873	956	-0.399319409068536	-0.534512291264643	-0.28845470482067	Normal
epithelium
Chen_2021_Cell.HTA11_7862	polyp_cancer	polyp	Cancer cell	Chen_2021_Cell	missing	missing	22	0.136262343260479	-0.0622952700976116	0.166243702520583	873	956	0.256705920011554	0.320412283296099	-0.207458357293199	Polyp
cancer-like
Chen_2021_Cell.HTA11_7862	polyp_epithelial	polyp	Epithelial cell	Chen_2021_Cell	missing	missing	214	0.0741977922191925	0.0520802400234622	0.0359355358864775	873	956	-0.235058567451709	-0.144972759968918	-0.28845470482067	Polyp
epithelium
Chen_2021_Cell.HTA11_7956	normal_epithelial	normal	Epithelial cell	Chen_2021_Cell	missing	missing	85	-0.0488734785174827	0.221391411122526	-0.238373464180989	873	956	-0.419742096199651	-0.534512291264643	-0.28845470482067	Normal
epithelium
Chen_2021_Cell.HTA11_7956	polyp_cancer	polyp	Cancer cell	Chen_2021_Cell	missing	missing	10	0.0909395115677256	0.0802666689330795	0.0368831513245733	873	956	0.305772368171217	0.407605667855317	-0.222448837210115	Polyp
cancer-like
Chen_2021_Cell.HTA11_7956	polyp_epithelial	polyp	Epithelial cell	Chen_2021_Cell	missing	missing	358	-0.00303543391021597	0.193133326397009	-0.193292264510494	873	956	-0.275359548331596	-0.289918618342192	-0.28845470482067	Polyp
epithelium
Chen_2021_Cell.HTA11_8099	normal_epithelial	normal	Epithelial cell	Chen_2021_Cell	missing	missing	76	-0.0507580457427531	0.173939987119176	-0.253661849366208	873	956	-0.419742096199651	-0.534512291264643	-0.28845470482067	Normal
epithelium
Chen_2021_Cell.HTA11_8099	polyp_cancer	polyp	Cancer cell	Chen_2021_Cell	missing	missing	172	0.0856966508741558	-0.029081701769198	0.104786112195695	873	956	-0.384941689170934	-0.534512291264643	-0.28845470482067	Polyp
cancer-like
Chen_2021_Cell.HTA11_8099	polyp_epithelial	polyp	Epithelial cell	Chen_2021_Cell	missing	missing	139	0.0530499874840892	-0.0221799922424905	0.0941769790316701	873	956	-0.312403461883825	-0.534512291264643	-0.28845470482067	Polyp
epithelium
Chen_2021_Cell.HTA11_83	normal_epithelial	normal	Epithelial cell	Chen_2021_Cell	missing	missing	50	0.133377784867737	0.0948984702716662	0.0121234109454521	873	956	-0.246237324710288	-0.230151855203646	-0.28845470482067	Normal
epithelium
Chen_2021_Cell.HTA11_83	polyp_cancer	polyp	Cancer cell	Chen_2021_Cell	missing	missing	27	0.257973636889161	-0.117555178801672	0.3607729333837	873	956	0.265834735357856	0.668733150955712	-0.28845470482067	Polyp
cancer-like
Chen_2021_Cell.HTA11_83	polyp_epithelial	polyp	Epithelial cell	Chen_2021_Cell	missing	missing	278	0.202381211695833	-0.0133834773743651	0.220183541829979	873	956	-0.211849287414891	-0.126388074669191	-0.28845470482067	Polyp
epithelium
Chen_2021_Cell.HTA11_8471	normal_epithelial	normal	Epithelial cell	Chen_2021_Cell	missing	missing	8	0.166576466010122	0.03667186362967	0.0987999695339607	873	956	-0.103273631530587	0.203914126296508	-0.185367129706088	Normal
epithelium
Chen_2021_Cell.HTA11_8471	polyp_cancer	polyp	Cancer cell	Chen_2021_Cell	missing	missing	299	0.276605285661076	-0.0121335373717061	0.272932745062706	873	956	2.57302889772641	1.77260805298473	-0.189605057074921	Polyp
cancer-like
Chen_2021_Cell.HTA11_8471	polyp_epithelial	polyp	Epithelial cell	Chen_2021_Cell	missing	missing	146	0.203491060697932	-0.00878282888128841	0.204233161809492	873	956	0.121564080294479	0.610428182295166	-0.175241355562562	Polyp
epithelium
Chen_2021_Cell.HTA11_8504	normal_epithelial	normal	Epithelial cell	Chen_2021_Cell	missing	missing	120	0.101888734889083	-0.000988631312580674	0.123970794404394	873	956	-0.225361940738511	-0.133774024351191	-0.28845470482067	Normal
epithelium
Chen_2021_Cell.HTA11_8622	normal_epithelial	normal	Epithelial cell	Chen_2021_Cell	missing	missing	169	-0.0675532153097034	0.211360923202938	-0.271269405682963	873	956	-0.329808036126264	-0.357806932723969	-0.28845470482067	Normal
epithelium
Chen_2021_Cell.HTA11_8622	polyp_cancer	polyp	Cancer cell	Chen_2021_Cell	missing	missing	1108	0.0897257693507063	0.00228826978661801	0.0950278167000014	873	956	-0.322659068461232	-0.375307733705349	-0.28845470482067	Polyp
cancer-like
Chen_2021_Cell.HTA11_8622	polyp_epithelial	polyp	Epithelial cell	Chen_2021_Cell	missing	missing	277	0.150437600638762	-0.00658438140471756	0.147477056297163	873	956	-0.240192005368323	-0.193604515125766	-0.28845470482067	Polyp
epithelium
Chen_2021_Cell.HTA11_866	normal_epithelial	normal	Epithelial cell	Chen_2021_Cell	missing	missing	65	-0.0260675392081154	0.214255506443705	-0.253600654901278	873	956	-0.249584001744799	-0.534512291264643	-0.28845470482067	Normal
epithelium
Chen_2021_Cell.HTA11_866	polyp_cancer	polyp	Cancer cell	Chen_2021_Cell	missing	missing	577	0.388725164676789	-0.115545779480819	0.495316842463859	873	956	0.662351964382856	0.732072694691889	-0.28845470482067	Polyp
cancer-like
Chen_2021_Cell.HTA11_866	polyp_epithelial	polyp	Epithelial cell	Chen_2021_Cell	missing	missing	851	0.325470780733932	-0.0995916011253168	0.420954724258857	873	956	-0.0741439219761599	0.11736013031207	-0.28845470482067	Polyp
epithelium
Chen_2021_Cell.HTA11_8755	normal_epithelial	normal	Epithelial cell	Chen_2021_Cell	missing	missing	98	0.0490440589516624	0.0294848768842467	0.00118869367974106	873	956	-0.397552390927476	-0.534512291264643	-0.28845470482067	Normal
epithelium
Chen_2021_Cell.HTA11_8755	polyp_cancer	polyp	Cancer cell	Chen_2021_Cell	missing	missing	957	0.0867126739620047	0.0329582817116825	0.0606541568843634	873	956	-0.265476662252086	-0.331022645944756	-0.28845470482067	Polyp
cancer-like
Chen_2021_Cell.HTA11_8755	polyp_epithelial	polyp	Epithelial cell	Chen_2021_Cell	missing	missing	219	0.19821790173314	-0.0316569281594851	0.233975164612439	873	956	0.02840270867406	0.366799490268285	-0.28845470482067	Polyp
epithelium
Chen_2021_Cell.HTA11_8890	normal_epithelial	normal	Epithelial cell	Chen_2021_Cell	missing	missing	149	0.090445203452433	0.0424944647947561	0.0511594661198881	873	956	-0.240746267939223	-0.193766860278953	-0.28845470482067	Normal
epithelium
Chen_2021_Cell.HTA11_8890	polyp_cancer	polyp	Cancer cell	Chen_2021_Cell	missing	missing	26	0.029950817717325	0.0604384719237966	-0.0516256860821426	873	956	0.177894829835089	0.576558802596427	-0.28845470482067	Polyp
cancer-like
Chen_2021_Cell.HTA11_8890	polyp_epithelial	polyp	Epithelial cell	Chen_2021_Cell	missing	missing	329	-0.0343694166568435	0.209985454157375	-0.243698474090997	873	956	-0.3102097555469	-0.342590080537098	-0.28845470482067	Polyp
epithelium
Chen_2021_Cell.HTA11_8920	normal_epithelial	normal	Epithelial cell	Chen_2021_Cell	missing	missing	51	0.0317025800265324	0.0571282099276022	-0.0237883035319148	873	956	-0.419742096199651	-0.534512291264643	-0.28845470482067	Normal
epithelium
Chen_2021_Cell.HTA11_8920	polyp_cancer	polyp	Cancer cell	Chen_2021_Cell	missing	missing	43	0.110206754193333	-0.00402213391907786	0.12635410381683	873	956	-0.419742096199651	-0.534512291264643	-0.28845470482067	Polyp
cancer-like
Chen_2021_Cell.HTA11_8920	polyp_epithelial	polyp	Epithelial cell	Chen_2021_Cell	missing	missing	140	0.0720675621420262	0.0233018455075884	0.0543523812007783	873	956	-0.419742096199651	-0.534512291264643	-0.28845470482067	Polyp
epithelium
Chen_2021_Cell.HTA11_8930	normal_epithelial	normal	Epithelial cell	Chen_2021_Cell	missing	missing	92	0.00960605666524083	0.120864278508867	-0.0860026290206613	873	956	-0.15611958195245	0.0656505024985326	-0.28845470482067	Normal
epithelium
Chen_2021_Cell.HTA11_8930	polyp_cancer	polyp	Cancer cell	Chen_2021_Cell	missing	missing	672	0.0109311892686227	0.0423429907578498	-0.0213268159436212	873	956	-0.419742096199651	-0.534512291264643	-0.28845470482067	Polyp
cancer-like
Chen_2021_Cell.HTA11_8930	polyp_epithelial	polyp	Epithelial cell	Chen_2021_Cell	missing	missing	274	0.0220288489893807	-0.00131688854489858	0.0325039336908949	873	956	-0.273296359569185	-0.344301655950888	-0.28845470482067	Polyp
epithelium
Chen_2021_Cell.HTA11_9014	normal_epithelial	normal	Epithelial cell	Chen_2021_Cell	missing	missing	178	-0.0287144335475119	0.0185891992464311	-0.0633815957407058	873	956	-0.419742096199651	-0.534512291264643	-0.28845470482067	Normal
epithelium
Chen_2021_Cell.HTA11_9014	polyp_cancer	polyp	Cancer cell	Chen_2021_Cell	missing	missing	157	0.0449647246372689	-0.070420502271949	0.110165525161146	873	956	-0.419742096199651	-0.534512291264643	-0.28845470482067	Polyp
cancer-like
Chen_2021_Cell.HTA11_9014	polyp_epithelial	polyp	Epithelial cell	Chen_2021_Cell	missing	missing	219	0.0175172542920097	-0.100918252611048	0.123084996494478	873	956	-0.419742096199651	-0.534512291264643	-0.28845470482067	Polyp
epithelium
Chen_2021_Cell.HTA11_9226	normal_epithelial	normal	Epithelial cell	Chen_2021_Cell	missing	missing	100	0.085273480492964	0.0155319879084101	0.0558929081285445	873	956	-0.170834241221377	0.000894226655071282	-0.28845470482067	Normal
epithelium
Chen_2021_Cell.HTA11_9226	polyp_cancer	polyp	Cancer cell	Chen_2021_Cell	missing	missing	49	0.0953816479096863	0.0467777588683933	0.0443047261334328	873	956	-0.0151763526952368	0.209370608596281	-0.165326052237298	Polyp
cancer-like
Chen_2021_Cell.HTA11_9226	polyp_epithelial	polyp	Epithelial cell	Chen_2021_Cell	missing	missing	171	0.0244257199740582	0.0740840493817687	-0.0793936616817914	873	956	-0.351038290504554	-0.43739286257189	-0.28845470482067	Polyp
epithelium
Chen_2021_Cell.HTA11_9341	polyp_cancer	polyp	Cancer cell	Chen_2021_Cell	missing	missing	36	0.169518676846925	-0.0663496330295504	0.228891600661579	873	956	-0.238090004358751	-0.44970808246699	-0.28845470482067	Polyp
cancer-like
Chen_2021_Cell.HTA11_9341	polyp_epithelial	polyp	Epithelial cell	Chen_2021_Cell	missing	missing	156	0.133803892541122	-0.0314177286173575	0.193386482421233	873	956	-0.419742096199651	-0.534512291264643	-0.28845470482067	Polyp
epithelium
Chen_2021_Cell.HTA11_9408	normal_epithelial	normal	Epithelial cell	Chen_2021_Cell	missing	missing	43	-0.012790000488885	0.0972797727949638	-0.145507137867842	873	956	-0.352837233071261	-0.534512291264643	-0.28845470482067	Normal
epithelium
Chen_2021_Cell.HTA11_9408	polyp_cancer	polyp	Cancer cell	Chen_2021_Cell	missing	missing	49	0.360291897401276	-0.260463182976426	0.628708300918443	873	956	0.918361613657627	0.614936425444833	-0.28845470482067	Polyp
cancer-like
Chen_2021_Cell.HTA11_9408	polyp_epithelial	polyp	Epithelial cell	Chen_2021_Cell	missing	missing	21	0.272679165792178	-0.234950065628567	0.510589028216157	873	956	-0.146383658532675	0.00996677236304899	-0.28845470482067	Polyp
epithelium
Chen_2021_Cell.HTA11_9531	polyp_cancer	polyp	Cancer cell	Chen_2021_Cell	missing	missing	227	0.0741746951246693	-0.137973920288658	0.206619203468703	873	956	0.332551646792897	0.209869714708397	-0.28845470482067	Polyp
cancer-like
Chen_2021_Cell.HTA11_9531	polyp_epithelial	polyp	Epithelial cell	Chen_2021_Cell	missing	missing	176	0.000238553848257062	-0.0435641933628295	0.0609820149410239	873	956	-0.234257841645539	-0.335644110331701	-0.28845470482067	Polyp
epithelium
Chen_2021_Cell.HTA11_9700	polyp_cancer	polyp	Cancer cell	Chen_2021_Cell	missing	missing	366	-0.0400025042451133	0.169546206225482	-0.208606813515312	873	956	-0.419742096199651	-0.534512291264643	-0.28845470482067	Polyp
cancer-like
Chen_2021_Cell.HTA11_9700	polyp_epithelial	polyp	Epithelial cell	Chen_2021_Cell	missing	missing	294	-0.0340147823876283	0.0671593207828727	-0.0953075635205666	873	956	-0.419742096199651	-0.534512291264643	-0.28845470482067	Polyp
epithelium
Chen_2021_Cell.HTA11_9827	normal_epithelial	normal	Epithelial cell	Chen_2021_Cell	missing	missing	108	-0.0449088782743219	0.0703943841374881	-0.118450976211325	873	956	-0.419742096199651	-0.534512291264643	-0.28845470482067	Normal
epithelium
Chen_2021_Cell.HTA11_9827	polyp_cancer	polyp	Cancer cell	Chen_2021_Cell	missing	missing	6	0.139163113739879	-0.319487358741194	0.459902894988365	873	956	-0.0149062050750354	0.382110439438726	-0.28845470482067	Polyp
cancer-like
Chen_2021_Cell.HTA11_9827	polyp_epithelial	polyp	Epithelial cell	Chen_2021_Cell	missing	missing	35	0.0999389592135531	-0.138399958059666	0.254666258316377	873	956	-0.0499109222545174	0.110901891998129	-0.28845470482067	Polyp
epithelium
Chen_2021_Cell.HTA11_9829	normal_epithelial	normal	Epithelial cell	Chen_2021_Cell	missing	missing	15	0.0228670707833728	0.000411846375879418	0.027521732505089	873	956	-0.419742096199651	-0.534512291264643	-0.28845470482067	Normal
epithelium
Chen_2021_Cell.HTA11_9829	polyp_cancer	polyp	Cancer cell	Chen_2021_Cell	missing	missing	159	0.307704415324637	-0.0767704593697248	0.382006973665255	873	956	0.863791413707874	0.895233802863342	-0.28845470482067	Polyp
cancer-like
Chen_2021_Cell.HTA11_9829	polyp_epithelial	polyp	Epithelial cell	Chen_2021_Cell	missing	missing	138	0.0960768156207692	-0.030321701698329	0.134009719786613	873	956	-0.277842247677587	-0.421156542511089	-0.28845470482067	Polyp
epithelium
Chen_2021_Cell.HTA11_9998	polyp_cancer	polyp	Cancer cell	Chen_2021_Cell	missing	missing	84	0.136182078233577	-0.203043231819701	0.315277372100278	873	956	0.282805399781375	0.60763315601639	-0.28845470482067	Polyp
cancer-like
Chen_2021_Cell.HTA11_9998	polyp_epithelial	polyp	Epithelial cell	Chen_2021_Cell	missing	missing	116	0.095563385797483	-0.144142034778746	0.242704608672559	873	956	-0.0641637552566879	0.113683934605512	-0.28845470482067	Polyp
epithelium
Chen_2021_Cell.HTA11_99999965062	normal_epithelial	normal	Epithelial cell	Chen_2021_Cell	MSI-H	missing	51	0.161219112505541	0.0769972591636001	0.08257859931855	873	956	0.0362176003919009	0.444976839333483	-0.137332950971464	Normal
epithelium
Chen_2021_Cell.HTA11_99999965062	tumor_cancer	tumor	Cancer cell	Chen_2021_Cell	MSI-H	CMS3	42	0.251991285726307	-0.0283818837099425	0.328446571305394	873	956	-0.15181639274014	0.0645773760024404	0.0669016055606096	Primary
cancer-like
Chen_2021_Cell.HTA11_99999965062	tumor_epithelial	tumor	Epithelial cell	Chen_2021_Cell	MSI-H	CMS3	1	0.286914753462719	-0.121114940592591	0.40802969405531	873	956	-0.238912700471674	-0.112577034566029	-0.28845470482067	Primary
epithelium
Chen_2021_Cell.HTA11_99999965104	normal_epithelial	normal	Epithelial cell	Chen_2021_Cell	MSS	missing	52	0.131242930003547	0.00242718376585382	0.125076367936431	873	956	-0.241260645031259	-0.214415930650035	-0.28845470482067	Normal
epithelium
Chen_2021_Cell.HTA11_99999965104	tumor_cancer	tumor	Cancer cell	Chen_2021_Cell	MSS	CMS2	11	0.392407709202856	-0.0891328565799716	0.437142421827124	873	956	0.778680279585262	0.578871828366017	-0.189736458747141	Primary
cancer-like
Chen_2021_Cell.HTA11_99999970781	normal_epithelial	normal	Epithelial cell	Chen_2021_Cell	MSS	missing	31	-0.148897970300567	0.309649964214753	-0.507091395783957	873	956	-0.0679506644812244	0.195847709123911	-0.108267128733661	Normal
epithelium
Chen_2021_Cell.HTA11_99999970781	tumor_cancer	tumor	Cancer cell	Chen_2021_Cell	MSS	CMS3	18	0.0826137956031651	0.108284800323994	-0.043984221095447	873	956	0.938250190733149	0.803222184795198	0.215119078998626	Primary
cancer-like
Chen_2021_Cell.HTA11_99999971662	tumor_cancer	tumor	Cancer cell	Chen_2021_Cell	MSS	CMS2	150	0.253567928178206	-0.0254179680046481	0.249381456218819	873	956	0.171811917109232	0.310340091952775	-0.0638980759471211	Primary
cancer-like
Chen_2021_Cell.HTA11_99999973458	tumor_cancer	tumor	Cancer cell	Chen_2021_Cell	MSI-H	CMS1	10	0.375518285197604	-0.0742735228508029	0.394839225771236	873	956	-0.308106142329807	-0.274028398901672	-0.28845470482067	Primary
cancer-like
Chen_2021_Cell.HTA11_99999973899	tumor_cancer	tumor	Cancer cell	Chen_2021_Cell	MSS	CMS2	64	0.334086815982696	-0.0493700834772356	0.40906383333711	873	956	0.545351658422069	0.580155993427442	-0.0151006360332303	Primary
cancer-like
Chen_2021_Cell.HTA11_99999973899	tumor_epithelial	tumor	Epithelial cell	Chen_2021_Cell	MSS	CMS2	2	0.19841719967864	-0.172396255868013	0.370813455546653	873	956	-0.0922692435041689	0.229591031691483	-0.0266375215601526	Primary
epithelium
Chen_2021_Cell.HTA11_99999974143	tumor_cancer	tumor	Cancer cell	Chen_2021_Cell	MSS	CMS2	59	0.265813956646422	-0.202381319585495	0.45589739567148	873	956	0.384024688520949	0.368885687051527	-0.28845470482067	Primary
cancer-like
Chen_2021_Cell.HTA11_99999974143	tumor_epithelial	tumor	Epithelial cell	Chen_2021_Cell	MSS	CMS2	1	0.355978585182842	-0.25387750633236	0.609856091515202	873	956	0.595764765997943	0.208850450241111	-0.28845470482067	Primary
epithelium
Chen_2024_Cancer_Cell.P01	normal_epithelial	normal	Epithelial cell	Chen_2024_Cancer_Cell	MSS	missing	119	-0.122410822069929	-0.103327337549963	-0.030513754149486	873	956	-0.419742096199651	-0.534512291264643	-0.28845470482067	Normal
epithelium
Chen_2024_Cancer_Cell.P01	tumor_cancer	tumor	Cancer cell	Chen_2024_Cancer_Cell	MSS	CMS3	318	-0.142011196003292	-0.130928431954116	-0.0103156574711532	873	956	-0.419742096199651	-0.534512291264643	-0.28845470482067	Primary
cancer-like
Chen_2024_Cancer_Cell.P01	tumor_epithelial	tumor	Epithelial cell	Chen_2024_Cancer_Cell	MSS	CMS3	156	-0.0800933301446533	-0.172954604549969	0.0787219083266395	873	956	-0.419742096199651	-0.534512291264643	-0.28845470482067	Primary
epithelium
Chen_2024_Cancer_Cell.P02	normal_epithelial	normal	Epithelial cell	Chen_2024_Cancer_Cell	MSS	missing	186	-0.0894343385812424	-0.136132384989407	0.0642513640032242	873	956	-0.243830711390631	-0.358834696611095	-0.28845470482067	Normal
epithelium
Chen_2024_Cancer_Cell.P02	tumor_cancer	tumor	Cancer cell	Chen_2024_Cancer_Cell	MSS	CMS1	74	-0.0592696534985071	-0.148258064571021	0.100348897061331	873	956	0.055882895814072	0.135268167097211	-0.28845470482067	Primary
cancer-like
Chen_2024_Cancer_Cell.P02	tumor_epithelial	tumor	Epithelial cell	Chen_2024_Cancer_Cell	MSS	CMS4	8	0.0555570775942149	-0.0883264038208294	0.169846705743108	873	956	-0.419742096199651	-0.534512291264643	-0.28845470482067	Primary
epithelium
Chen_2024_Cancer_Cell.P03	normal_epithelial	normal	Epithelial cell	Chen_2024_Cancer_Cell	MSS	missing	231	-0.118520907231427	-0.127180143181979	-4.74058325931337e-05	873	956	-0.419742096199651	-0.534512291264643	-0.28845470482067	Normal
epithelium
Chen_2024_Cancer_Cell.P03	tumor_cancer	tumor	Cancer cell	Chen_2024_Cancer_Cell	MSS	missing	382	-0.073862211567979	0.0154941643606681	-0.0907166338206293	873	956	-0.313177339357239	-0.534512291264643	-0.28845470482067	Primary
cancer-like
Chen_2024_Cancer_Cell.P03	tumor_epithelial	tumor	Epithelial cell	Chen_2024_Cancer_Cell	MSS	missing	27	-0.0227697667419797	-0.176580722356422	0.139086083426056	873	956	-0.278046759285118	-0.534512291264643	-0.28845470482067	Primary
epithelium
Chen_2024_Cancer_Cell.P04	normal_epithelial	normal	Epithelial cell	Chen_2024_Cancer_Cell	MSI	missing	105	-0.14618883237829	-0.108048536593548	-0.0518525586209135	873	956	-0.419742096199651	-0.534512291264643	-0.28845470482067	Normal
epithelium
Chen_2024_Cancer_Cell.P04	tumor_cancer	tumor	Cancer cell	Chen_2024_Cancer_Cell	MSI	CMS4	97	-0.0556529172929266	-0.162691561703079	0.102424318775161	873	956	-0.0394751417053839	0.00736915539787131	-0.28845470482067	Primary
cancer-like
Chen_2024_Cancer_Cell.P04	tumor_epithelial	tumor	Epithelial cell	Chen_2024_Cancer_Cell	MSI	CMS4	8	-0.0825180206463525	-0.154207863480263	0.0928846952520795	873	956	-0.0766135579122582	-0.0747440907299225	-0.28845470482067	Primary
epithelium
Chen_2024_Cancer_Cell.P05	normal_epithelial	normal	Epithelial cell	Chen_2024_Cancer_Cell	MSS	missing	86	-0.138222708167035	-0.0640125083897652	-0.105254050949004	873	956	-0.419742096199651	-0.534512291264643	-0.28845470482067	Normal
epithelium
Chen_2024_Cancer_Cell.P05	tumor_cancer	tumor	Cancer cell	Chen_2024_Cancer_Cell	MSS	CMS3	201	-0.0356232354131615	-0.14107113291058	0.13217435769979	873	956	-0.016154498301918	-0.0710407588483809	-0.28845470482067	Primary
cancer-like
Chen_2024_Cancer_Cell.P05	tumor_epithelial	tumor	Epithelial cell	Chen_2024_Cancer_Cell	MSS	CMS3	56	-0.00257604991857253	-0.194112448214949	0.208457600058318	873	956	-0.0903160792525601	-0.0271246168635588	-0.28845470482067	Primary
epithelium
Chen_2024_Cancer_Cell.P08	normal_epithelial	normal	Epithelial cell	Chen_2024_Cancer_Cell	MSI	missing	424	-0.111533782067296	-0.0886174227450005	-0.0350345470865993	873	956	-0.419742096199651	-0.534512291264643	-0.28845470482067	Normal
epithelium
Chen_2024_Cancer_Cell.P08	tumor_cancer	tumor	Cancer cell	Chen_2024_Cancer_Cell	MSI	CMS4	218	-0.10990824770121	-0.137465128665573	0.0504026318923426	873	956	-0.419742096199651	-0.534512291264643	-0.28845470482067	Primary
cancer-like
Chen_2024_Cancer_Cell.P08	tumor_epithelial	tumor	Epithelial cell	Chen_2024_Cancer_Cell	MSI	CMS4	48	-0.0298442207539749	-0.209473278509879	0.158674622172746	873	956	-0.332193548624481	-0.534512291264643	-0.28845470482067	Primary
epithelium
Chen_2024_Cancer_Cell.P09	normal_epithelial	normal	Epithelial cell	Chen_2024_Cancer_Cell	MSS	missing	102	-0.0899736500930969	-0.147710760586803	0.043219775745559	873	956	-0.282786676903929	-0.248992031485821	-0.28845470482067	Normal
epithelium
Chen_2024_Cancer_Cell.P09	tumor_cancer	tumor	Cancer cell	Chen_2024_Cancer_Cell	MSS	CMS4	103	-0.0971604140611489	-0.0658951055931564	-0.045320813601755	873	956	-0.260803415375503	-0.212354104776075	-0.28845470482067	Primary
cancer-like
Chen_2024_Cancer_Cell.P09	tumor_epithelial	tumor	Epithelial cell	Chen_2024_Cancer_Cell	MSS	CMS4	15	-0.00994320430337516	-0.214589007872894	0.102223114150787	873	956	0.0474501962808336	0.245150520886519	-0.28845470482067	Primary
epithelium
Chen_2024_Cancer_Cell.P12	normal_epithelial	normal	Epithelial cell	Chen_2024_Cancer_Cell	MSI	missing	50	-0.17453537616892	-0.125237625126178	-0.0418625594613939	873	956	-0.419742096199651	-0.534512291264643	-0.28845470482067	Normal
epithelium
Chen_2024_Cancer_Cell.P12	tumor_cancer	tumor	Cancer cell	Chen_2024_Cancer_Cell	MSI	CMS4	33	-0.122853711422039	-0.150555792566194	0.010143091796189	873	956	-0.419742096199651	-0.534512291264643	-0.28845470482067	Primary
cancer-like
Chen_2024_Cancer_Cell.P12	tumor_epithelial	tumor	Epithelial cell	Chen_2024_Cancer_Cell	MSI	CMS4	3	-0.155942852706171	-0.142843460523369	-0.0249130288597188	873	956	-0.419742096199651	-0.534512291264643	-0.28845470482067	Primary
epithelium
Chen_2024_Cancer_Cell.P14	normal_epithelial	normal	Epithelial cell	Chen_2024_Cancer_Cell	MSS	missing	287	-0.13327051663983	-0.137418955483781	0.00584008096569028	873	956	-0.419742096199651	-0.534512291264643	-0.28845470482067	Normal
epithelium
Chen_2024_Cancer_Cell.P14	tumor_cancer	tumor	Cancer cell	Chen_2024_Cancer_Cell	MSS	CMS3	249	-0.106015084625084	-0.144914952142168	0.0395469575413959	873	956	-0.419742096199651	-0.534512291264643	-0.28845470482067	Primary
cancer-like
Chen_2024_Cancer_Cell.P14	tumor_epithelial	tumor	Epithelial cell	Chen_2024_Cancer_Cell	MSS	CMS3	39	-0.0655801383505085	-0.203864046402525	0.0763001415769044	873	956	-0.419742096199651	-0.534512291264643	-0.28845470482067	Primary
epithelium
Chen_2024_Cancer_Cell.P15	normal_epithelial	normal	Epithelial cell	Chen_2024_Cancer_Cell	MSI	missing	176	-0.116331963205171	-0.155274222589403	0.0404217421968932	873	956	-0.419742096199651	-0.534512291264643	-0.28845470482067	Normal
epithelium
Chen_2024_Cancer_Cell.P15	tumor_cancer	tumor	Cancer cell	Chen_2024_Cancer_Cell	MSI	CMS1	185	-0.0678008999511891	-0.155789878304469	0.0988462582590485	873	956	-0.212312562218837	-0.230871743314796	-0.28845470482067	Primary
cancer-like
Chen_2024_Cancer_Cell.P15	tumor_epithelial	tumor	Epithelial cell	Chen_2024_Cancer_Cell	MSI	CMS1	43	-0.0042868254887475	-0.234427005389789	0.246275996916799	873	956	-0.419742096199651	-0.534512291264643	-0.28845470482067	Primary
epithelium
Chen_2024_Cancer_Cell.P16	normal_epithelial	normal	Epithelial cell	Chen_2024_Cancer_Cell	MSI	missing	117	-0.0896231735981397	-0.157244229321993	0.0760567942468464	873	956	-0.247503933914797	-0.534512291264643	-0.28845470482067	Normal
epithelium
Chen_2024_Cancer_Cell.P16	tumor_cancer	tumor	Cancer cell	Chen_2024_Cancer_Cell	MSI	CMS4	69	-0.084076203188602	-0.164682413755121	0.105961037619629	873	956	-0.419742096199651	-0.534512291264643	-0.28845470482067	Primary
cancer-like
Chen_2024_Cancer_Cell.P16	tumor_epithelial	tumor	Epithelial cell	Chen_2024_Cancer_Cell	MSI	CMS4	9	-0.0859422831128808	-0.24169546999061	0.145983610285928	873	956	-0.419742096199651	-0.534512291264643	-0.28845470482067	Primary
epithelium
Chen_2024_Cancer_Cell.P17	normal_epithelial	normal	Epithelial cell	Chen_2024_Cancer_Cell	MSI	missing	94	-0.103709215740832	-0.14250082350905	0.0517367172694225	873	956	-0.419742096199651	-0.534512291264643	-0.28845470482067	Normal
epithelium
Chen_2024_Cancer_Cell.P17	tumor_cancer	tumor	Cancer cell	Chen_2024_Cancer_Cell	MSI	CMS3	106	-0.0257827785051685	-0.20036848299887	0.164090114740693	873	956	-0.384545929706256	-0.534512291264643	-0.28845470482067	Primary
cancer-like
Chen_2024_Cancer_Cell.P17	tumor_epithelial	tumor	Epithelial cell	Chen_2024_Cancer_Cell	MSI	CMS3	6	0.0405310632429255	-0.158868657718557	0.251497195515952	873	956	-0.00282182215362232	-0.250578786335514	-0.28845470482067	Primary
epithelium
Chen_2024_Cancer_Cell.P18	normal_epithelial	normal	Epithelial cell	Chen_2024_Cancer_Cell	MSI	missing	228	-0.151108063700074	-0.116164207494977	-0.0327503656500189	873	956	-0.419742096199651	-0.534512291264643	-0.28845470482067	Normal
epithelium
Chen_2024_Cancer_Cell.P18	tumor_cancer	tumor	Cancer cell	Chen_2024_Cancer_Cell	MSI	CMS1	241	-0.0569842787390054	-0.0659556534124325	0.0171520410954969	873	956	-0.0890126594849843	0.052919935828696	0.322255914762025	Primary
cancer-like
Chen_2024_Cancer_Cell.P18	tumor_epithelial	tumor	Epithelial cell	Chen_2024_Cancer_Cell	MSI	CMS4	1	-0.11538344103379	-0.132372776523049	0.0169893354892594	873	956	-0.419742096199651	-0.534512291264643	-0.28845470482067	Primary
epithelium
Chen_2024_Cancer_Cell.P19	normal_epithelial	normal	Epithelial cell	Chen_2024_Cancer_Cell	MSI	missing	177	-0.164380543187863	-0.138669457363351	-0.0300856084677493	873	956	-0.419742096199651	-0.534512291264643	-0.28845470482067	Normal
epithelium
Chen_2024_Cancer_Cell.P19	tumor_cancer	tumor	Cancer cell	Chen_2024_Cancer_Cell	MSI	CMS1	249	-0.00974651848053976	-0.15440847486021	0.138591693129958	873	956	-0.0684275888609234	0.0582495080082742	0.0834392499710246	Primary
cancer-like
Chen_2024_Cancer_Cell.P19	tumor_epithelial	tumor	Epithelial cell	Chen_2024_Cancer_Cell	MSI	CMS1	12	-0.0625172977375229	-0.238978160128422	0.16578747583256	873	956	-0.419742096199651	-0.534512291264643	-0.28845470482067	Primary
epithelium
Chen_2024_Cancer_Cell.P20	normal_epithelial	normal	Epithelial cell	Chen_2024_Cancer_Cell	MSI	missing	199	-0.167703025737053	-0.115588264542537	-0.0467336977391783	873	956	-0.419742096199651	-0.534512291264643	-0.28845470482067	Normal
epithelium
Chen_2024_Cancer_Cell.P20	tumor_cancer	tumor	Cancer cell	Chen_2024_Cancer_Cell	MSI	CMS1	80	-0.03454175434592	-0.13989204646853	0.0929776510793381	873	956	-0.167721184153137	-0.0617928922177924	0.501403887991151	Primary
cancer-like
Chen_2024_Cancer_Cell.P20	tumor_epithelial	tumor	Epithelial cell	Chen_2024_Cancer_Cell	MSI	CMS1	9	-0.0642978373908946	-0.252769959430782	0.197997985837262	873	956	-0.419742096199651	-0.534512291264643	-0.28845470482067	Primary
epithelium
Chen_2024_Cancer_Cell.P21	normal_epithelial	normal	Epithelial cell	Chen_2024_Cancer_Cell	MSI	missing	67	-0.11363847594835	-0.100862999489255	0.0114573683528076	873	956	-0.419742096199651	-0.534512291264643	-0.28845470482067	Normal
epithelium
Chen_2024_Cancer_Cell.P21	tumor_cancer	tumor	Cancer cell	Chen_2024_Cancer_Cell	MSI	missing	79	-0.00553625554475222	0.0610838420516032	-0.0842091595091016	873	956	-0.204663184101913	-0.429245570782401	-0.28845470482067	Primary
cancer-like
Chen_2024_Cancer_Cell.P21	tumor_epithelial	tumor	Epithelial cell	Chen_2024_Cancer_Cell	MSI	missing	10	-0.0706232993423795	-0.0868227082622336	-0.0359425258058559	873	956	-0.264805306973084	-0.534512291264643	-0.28845470482067	Primary
epithelium
Chen_2024_Cancer_Cell.P22	normal_epithelial	normal	Epithelial cell	Chen_2024_Cancer_Cell	MSI	missing	132	-0.134283072553261	-0.0929152472059024	-0.0370824968029562	873	956	-0.419742096199651	-0.534512291264643	-0.28845470482067	Normal
epithelium
Chen_2024_Cancer_Cell.P22	tumor_cancer	tumor	Cancer cell	Chen_2024_Cancer_Cell	MSI	CMS3	122	-0.0626826153231223	-0.14515365668619	0.0868134687735262	873	956	-0.199821814174567	-0.185694022615566	-0.28845470482067	Primary
cancer-like
Chen_2024_Cancer_Cell.P22	tumor_epithelial	tumor	Epithelial cell	Chen_2024_Cancer_Cell	MSI	CMS3	16	0.0135258320022075	-0.139455314493751	0.148098385300216	873	956	-0.0948796418177971	-0.30749687566406	-0.28845470482067	Primary
epithelium
Chen_2024_Cancer_Cell.P23	normal_epithelial	normal	Epithelial cell	Chen_2024_Cancer_Cell	MSI	missing	216	-0.118695044439707	-0.135344723621603	0.0195735316164928	873	956	-0.419742096199651	-0.534512291264643	-0.28845470482067	Normal
epithelium
Chen_2024_Cancer_Cell.P23	tumor_cancer	tumor	Cancer cell	Chen_2024_Cancer_Cell	MSI	CMS1	257	-0.0596611520446145	-0.164419196694177	0.112714883707492	873	956	-0.316233037684222	-0.534512291264643	-0.28845470482067	Primary
cancer-like
Chen_2024_Cancer_Cell.P23	tumor_epithelial	tumor	Epithelial cell	Chen_2024_Cancer_Cell	MSI	CMS1	43	-0.0286580752150111	-0.190554016596347	0.14266873507358	873	956	-0.0684442825154358	0.00450444640902407	-0.28845470482067	Primary
epithelium
Chen_2024_Cancer_Cell.P25	normal_epithelial	normal	Epithelial cell	Chen_2024_Cancer_Cell	MSI	missing	128	-0.124079412559856	-0.138819441822479	0.0187716087240774	873	956	-0.275510847698943	-0.534512291264643	-0.28845470482067	Normal
epithelium
Chen_2024_Cancer_Cell.P25	tumor_cancer	tumor	Cancer cell	Chen_2024_Cancer_Cell	MSI	missing	51	-0.127887888820039	-0.196685288676477	0.0517069628131312	873	956	-0.122920170559036	0.0505223656772343	-0.28845470482067	Primary
cancer-like
Chen_2024_Cancer_Cell.P25	tumor_epithelial	tumor	Epithelial cell	Chen_2024_Cancer_Cell	MSI	missing	11	-0.0178913006035659	-0.0856788750574364	0.0393610693575655	873	956	-0.419742096199651	-0.534512291264643	-0.28845470482067	Primary
epithelium
Chen_2024_Cancer_Cell.P26	normal_epithelial	normal	Epithelial cell	Chen_2024_Cancer_Cell	MSI	missing	204	-0.166989374110733	-0.025901976513396	-0.157289539135503	873	956	-0.419742096199651	-0.534512291264643	-0.28845470482067	Normal
epithelium
Chen_2024_Cancer_Cell.P26	tumor_cancer	tumor	Cancer cell	Chen_2024_Cancer_Cell	MSI	missing	61	-0.0617805484844229	-0.178317236471123	0.113488626573101	873	956	-0.11412458092289	-0.225715404357281	-0.28845470482067	Primary
cancer-like
Chen_2024_Cancer_Cell.P26	tumor_epithelial	tumor	Epithelial cell	Chen_2024_Cancer_Cell	MSI	missing	3	-0.00427740769458716	-0.229258283732607	0.227080307454394	873	956	0.0451907126914918	0.550330929481358	-0.28845470482067	Primary
epithelium
Conde_2022_Science.A29	normal_epithelial	normal	Epithelial cell	Conde_2022_Science	missing	missing	59	-0.111323420052674	0.00325978712420138	-0.151307667349489	873	956	-0.419742096199651	-0.534512291264643	-0.28845470482067	Normal
epithelium
Conde_2022_Science.A31	normal_epithelial	normal	Epithelial cell	Conde_2022_Science	missing	missing	20	-0.171408341514853	0.133736561040601	-0.333146811659436	873	956	-0.419742096199651	-0.534512291264643	-0.28845470482067	Normal
epithelium
Conde_2022_Science.A35	normal_epithelial	normal	Epithelial cell	Conde_2022_Science	missing	missing	6	-0.0310635361198778	-0.154315353179734	0.186836686883835	873	956	-0.419742096199651	-0.534512291264643	-0.28845470482067	Normal
epithelium
Conde_2022_Science.A36	normal_epithelial	normal	Epithelial cell	Conde_2022_Science	missing	missing	6	-0.101996696832494	-0.251219303859454	0.161772357186942	873	956	0.152417223274286	0.800526120841211	-0.28845470482067	Normal
epithelium
Elmentaite_2021_Nature.A26_386C	normal_epithelial	normal	Epithelial cell	Elmentaite_2021_Nature	missing	missing	191	-0.111267715323748	0.00931117580804801	-0.121803861143792	873	956	-0.419742096199651	-0.534512291264643	-0.28845470482067	Normal
epithelium
Elmentaite_2021_Nature.A30_398B	normal_epithelial	normal	Epithelial cell	Elmentaite_2021_Nature	missing	missing	115	-0.208498520816761	0.1393325710043	-0.336718831197131	873	956	-0.419742096199651	-0.534512291264643	-0.28845470482067	Normal
epithelium
Elmentaite_2021_Nature.A32_411C	normal_epithelial	normal	Epithelial cell	Elmentaite_2021_Nature	missing	missing	390	-0.218478427557164	-0.0610068102881819	-0.147547330241076	873	956	-0.419742096199651	-0.534512291264643	-0.28845470482067	Normal
epithelium
Elmentaite_2021_Nature.A33_414C	normal_epithelial	normal	Epithelial cell	Elmentaite_2021_Nature	missing	missing	1533	-0.189588815135923	0.0271975384930758	-0.218811280497364	873	956	-0.0597123836272406	0.236213913914683	-0.28845470482067	Normal
epithelium
Elmentaite_2021_Nature.A34_417C	normal_epithelial	normal	Epithelial cell	Elmentaite_2021_Nature	missing	missing	818	-0.0661907893142883	-0.0400036205420369	-0.0189104989268569	873	956	-0.419742096199651	-0.534512291264643	-0.28845470482067	Normal
epithelium
Elmentaite_2021_Nature.A38_432C	normal_epithelial	normal	Epithelial cell	Elmentaite_2021_Nature	missing	missing	185	-0.152245056638606	0.15581314776984	-0.276717621603844	873	956	-0.419742096199651	-0.534512291264643	-0.28845470482067	Normal
epithelium
Elmentaite_2021_Nature.A39_440C	normal_epithelial	normal	Epithelial cell	Elmentaite_2021_Nature	missing	missing	130	-0.260918762080246	-0.051474801062505	-0.246593909050324	873	956	-0.419742096199651	-0.534512291264643	-0.28845470482067	Normal
epithelium
GarridoTrigo_2023_Nat_Commun.HC1	normal_epithelial	normal	Epithelial cell	GarridoTrigo_2023_Nat_Commun	missing	missing	22	-0.0965819730391035	-0.195979481058215	0.126855186510277	873	956	-0.419742096199651	-0.534512291264643	-0.28845470482067	Normal
epithelium
GarridoTrigo_2023_Nat_Commun.HC2	normal_epithelial	normal	Epithelial cell	GarridoTrigo_2023_Nat_Commun	missing	missing	85	0.0147638828214755	-0.00692643213293166	0.0228738904288403	873	956	-0.419742096199651	-0.534512291264643	-0.28845470482067	Normal
epithelium
GarridoTrigo_2023_Nat_Commun.HC3	normal_epithelial	normal	Epithelial cell	GarridoTrigo_2023_Nat_Commun	missing	missing	107	0.00385543343084025	-0.212183506790082	0.204519578824947	873	956	-0.342019044015847	-0.42607428965263	-0.28845470482067	Normal
epithelium
GarridoTrigo_2023_Nat_Commun.HC4	normal_epithelial	normal	Epithelial cell	GarridoTrigo_2023_Nat_Commun	missing	missing	107	-0.0644422009936108	-0.18373838142457	0.132358132881031	873	956	-0.419742096199651	-0.534512291264643	-0.28845470482067	Normal
epithelium
GarridoTrigo_2023_Nat_Commun.HC5	normal_epithelial	normal	Epithelial cell	GarridoTrigo_2023_Nat_Commun	missing	missing	97	-0.0516719966009373	-0.14427088185012	0.0490434428906562	873	956	-0.419742096199651	-0.534512291264643	-0.28845470482067	Normal
epithelium
GarridoTrigo_2023_Nat_Commun.HC6	normal_epithelial	normal	Epithelial cell	GarridoTrigo_2023_Nat_Commun	missing	missing	54	-0.051246255114763	-0.104789016089802	0.062479879406689	873	956	-0.419742096199651	-0.534512291264643	-0.28845470482067	Normal
epithelium
Giguelay_2022_Theranostics.P1	metastasis_cancer	metastasis	Cancer cell	Giguelay_2022_Theranostics	MSS	missing	111	-0.121956743505766	0.0992558805208034	-0.214838888015082	873	956	0.0307847475062954	-0.256755874068969	-0.0700084021634661	Metastasis
cancer-like
Giguelay_2022_Theranostics.P2	metastasis_cancer	metastasis	Cancer cell	Giguelay_2022_Theranostics	MSS	missing	80	-0.0598957193582852	0.097091411667596	-0.184168569756271	873	956	0.0476055074175038	-0.288802557704725	-0.28845470482067	Metastasis
cancer-like
Giguelay_2022_Theranostics.P3	metastasis_cancer	metastasis	Cancer cell	Giguelay_2022_Theranostics	MSS	missing	59	-0.0645376954788408	0.12295603648756	-0.187801262683947	873	956	0.422965598971448	0.0835065007917172	-0.167172958830279	Metastasis
cancer-like
Giguelay_2022_Theranostics.P3	metastasis_epithelial	metastasis	Epithelial cell	Giguelay_2022_Theranostics	MSS	missing	7	-0.0353823140437928	0.107516619099054	-0.177863746122298	873	956	0.31164015553002	-0.0394093584691093	-0.28845470482067	Metastasis
epithelium
Giguelay_2022_Theranostics.P4	metastasis_cancer	metastasis	Cancer cell	Giguelay_2022_Theranostics	MSS	missing	228	-0.0520816449531639	0.122222807520194	-0.151126694411348	873	956	0.0706885558559537	-0.219733355387713	-0.137604176316546	Metastasis
cancer-like
Giguelay_2022_Theranostics.P5	metastasis_cancer	metastasis	Cancer cell	Giguelay_2022_Theranostics	MSS	missing	2	-0.131967356845329	-0.00840618613477422	-0.123561170710555	873	956	-0.0168210825646482	0.00553067101560863	-0.0465858638348	Metastasis
cancer-like
Guo_2022_JCI_Insight.Left_CRC1	tumor_cancer	tumor	Cancer cell	Guo_2022_JCI_Insight	MSS	missing	29	-0.172003773957572	-0.0627723870256512	-0.0800647335715932	873	956	-0.419742096199651	-0.534512291264643	-0.28845470482067	Primary
cancer-like
Guo_2022_JCI_Insight.Left_CRC2	tumor_cancer	tumor	Cancer cell	Guo_2022_JCI_Insight	MSS	CMS3	59	0.167896358726755	0.0283925743575913	0.0851319964520638	873	956	-0.237193409922182	-0.108565356617214	-0.28845470482067	Primary
cancer-like
Guo_2022_JCI_Insight.Left_CRC2	tumor_epithelial	tumor	Epithelial cell	Guo_2022_JCI_Insight	MSS	CMS3	3	0.275040651640798	-0.392735604351976	0.612779084965898	873	956	-0.419742096199651	-0.534512291264643	-0.28845470482067	Primary
epithelium
Guo_2022_JCI_Insight.Left_CRC3	tumor_cancer	tumor	Cancer cell	Guo_2022_JCI_Insight	MSS	CMS4	8	-0.0691599304194739	0.00729063944996813	-0.138352463897252	873	956	-0.0666646475844575	0.209451703958249	-0.28845470482067	Primary
cancer-like
Guo_2022_JCI_Insight.Right_CRC1	tumor_cancer	tumor	Cancer cell	Guo_2022_JCI_Insight	MSS	CMS4	11	-0.0930476195330244	0.0785765489497182	-0.000673446141444906	873	956	-0.156762239351065	-0.215683662987615	-0.28845470482067	Primary
cancer-like
Guo_2022_JCI_Insight.Right_CRC1	tumor_epithelial	tumor	Epithelial cell	Guo_2022_JCI_Insight	MSS	CMS4	8	0.431919346157298	-0.202028472927169	0.586993318105266	873	956	-0.0922297175791159	0.22968325884994	-0.28845470482067	Primary
epithelium
Guo_2022_JCI_Insight.Right_CRC2	tumor_cancer	tumor	Cancer cell	Guo_2022_JCI_Insight	MSS	missing	15	-0.0318505368016069	0.108501396649023	-0.112984483124539	873	956	-0.258168640787155	-0.230062837299535	-0.146562863636082	Primary
cancer-like
Guo_2022_JCI_Insight.Right_CRC2	tumor_epithelial	tumor	Epithelial cell	Guo_2022_JCI_Insight	MSS	missing	1	0.118376100892969	-0.186736965559159	0.305113066452127	873	956	-0.139551845760509	0.119264959760022	-0.28845470482067	Primary
epithelium
Guo_2022_JCI_Insight.Right_CRC3	tumor_cancer	tumor	Cancer cell	Guo_2022_JCI_Insight	MSS	CMS3	59	0.0336587754891089	-0.050162499761828	0.0958450744692166	873	956	0.335227292114868	0.46449722242243	-0.28845470482067	Primary
cancer-like
Guo_2022_JCI_Insight.Right_CRC3	tumor_epithelial	tumor	Epithelial cell	Guo_2022_JCI_Insight	MSS	CMS3	54	0.18879535809464	-0.181779156325763	0.415260082158448	873	956	-0.0424932428212197	0.0847703008669048	-0.28845470482067	Primary
epithelium
Harmon_2023_Nat_Cancer.P2	tumor_cancer	tumor	Cancer cell	Harmon_2023_Nat_Cancer	missing	missing	6	-0.117281746986978	0.204818456845079	-0.31074882535412	873	956	0.149489841656212	-0.128162885582045	-0.232296786752971	Primary
cancer-like
Harmon_2023_Nat_Cancer.P2	tumor_epithelial	tumor	Epithelial cell	Harmon_2023_Nat_Cancer	missing	missing	5	-0.10673998389634	0.0962791199288008	-0.219702502096033	873	956	0.594742787408293	-0.0421742124691272	0.159223857019318	Primary
epithelium
He_2020_Genome_Biol.donor_1	normal_epithelial	normal	Epithelial cell	He_2020_Genome_Biol	missing	missing	56	0.0294938090917917	-0.0315837419266619	0.0349010793874072	873	956	-0.279611127197482	-0.337089373312555	-0.28845470482067	Normal
epithelium
Huang_2024_Nat_Cancer.CRC1	tumor_cancer	tumor	Cancer cell	Huang_2024_Nat_Cancer	MSS	CMS4	3	-0.153415176052122	-0.316671623624899	0.163256447572777	873	956	-0.419742096199651	-0.534512291264643	-0.28845470482067	Primary
cancer-like
Huang_2024_Nat_Cancer.CRC2	normal_epithelial	normal	Epithelial cell	Huang_2024_Nat_Cancer	MSS	missing	1	-0.205043357959938	-0.343750602795459	0.138707244835521	873	956	-0.419742096199651	-0.534512291264643	-0.28845470482067	Normal
epithelium
Huang_2024_Nat_Cancer.CRC2	tumor_cancer	tumor	Cancer cell	Huang_2024_Nat_Cancer	MSS	CMS1	1	-0.240544727944586	-0.210933230479131	-0.0296114974654545	873	956	-0.419742096199651	-0.534512291264643	-0.28845470482067	Primary
cancer-like
James_2020_Nat_Immunol.298c	normal_epithelial	normal	Epithelial cell	James_2020_Nat_Immunol	missing	missing	3	-0.0411845421446277	-0.158948207261141	-0.117711905996895	873	956	0.0445016888136426	0.54872320709971	-0.28845470482067	Normal
epithelium
James_2020_Nat_Immunol.390c	normal_epithelial	normal	Epithelial cell	James_2020_Nat_Immunol	missing	missing	53	-0.129526773734881	0.0170994033791071	-0.159844133825169	873	956	-0.419742096199651	-0.534512291264643	-0.28845470482067	Normal
epithelium
James_2020_Nat_Immunol.417c	normal_epithelial	normal	Epithelial cell	James_2020_Nat_Immunol	missing	missing	202	-0.0972161661290449	-0.0537568248838374	-0.0337779695156624	873	956	-0.419742096199651	-0.534512291264643	-0.28845470482067	Normal
epithelium
Ji_2024_Cancer_Lett.rectum_03	metastasis_cancer	metastasis	Cancer cell	Ji_2024_Cancer_Lett	MSS	missing	443	0.182759121981043	-0.184938053338438	0.400458462610947	873	956	-0.0248861826994698	-0.0702669349156366	-0.28845470482067	Metastasis
cancer-like
Ji_2024_Cancer_Lett.rectum_03	metastasis_epithelial	metastasis	Epithelial cell	Ji_2024_Cancer_Lett	MSS	missing	217	0.309030782779199	-0.280995134126525	0.583799706938043	873	956	-0.419742096199651	-0.534512291264643	-0.28845470482067	Metastasis
epithelium
Ji_2024_Cancer_Lett.rectum_03	normal_epithelial	normal	Epithelial cell	Ji_2024_Cancer_Lett	MSS	missing	191	-0.0501784179088534	-0.123491943804326	0.10421932352746	873	956	-0.419742096199651	-0.534512291264643	-0.28845470482067	Normal
epithelium
Ji_2024_Cancer_Lett.rectum_03	tumor_cancer	tumor	Cancer cell	Ji_2024_Cancer_Lett	MSS	CMS4	229	0.112672681208875	-0.211489193083742	0.35924765990826	873	956	-0.17730762571087	-0.534512291264643	0.17405821528712	Primary
cancer-like
Ji_2024_Cancer_Lett.rectum_03	tumor_epithelial	tumor	Epithelial cell	Ji_2024_Cancer_Lett	MSS	CMS4	41	0.238954798357502	-0.315169155498848	0.537258747014115	873	956	-0.419742096199651	-0.534512291264643	-0.28845470482067	Primary
epithelium
Ji_2024_Cancer_Lett.sigmoid_03	normal_epithelial	normal	Epithelial cell	Ji_2024_Cancer_Lett	MSS	missing	75	0.0340679251509894	-0.241709352337416	0.264649954121485	873	956	-0.419742096199651	-0.534512291264643	-0.28845470482067	Normal
epithelium
Ji_2024_Cancer_Lett.sigmoid_03	tumor_cancer	tumor	Cancer cell	Ji_2024_Cancer_Lett	MSS	CMS3	133	0.0121132247197695	-0.233713328571092	0.270848809607661	873	956	-0.13025204026714	-0.534512291264643	-0.28845470482067	Primary
cancer-like
Ji_2024_Cancer_Lett.sigmoid_03	tumor_epithelial	tumor	Epithelial cell	Ji_2024_Cancer_Lett	MSS	CMS3	21	0.110606758933561	-0.403599090026483	0.52266528006013	873	956	-0.419742096199651	-0.534512291264643	-0.28845470482067	Primary
epithelium
Ji_2024_PLoS_Genet.WHU1	tumor_cancer	tumor	Cancer cell	Ji_2024_PLoS_Genet	missing	missing	76	-0.04059469669051	0.218665392082493	-0.251817646546082	873	956	0.0248883886045163	0.0219349007512303	0.426118078880307	Primary
cancer-like
Ji_2024_PLoS_Genet.WHU1	tumor_epithelial	tumor	Epithelial cell	Ji_2024_PLoS_Genet	missing	missing	3	-0.0182474739828782	0.272798894181586	-0.202275169191694	873	956	0.341379929799352	0.973942318312813	-0.28845470482067	Primary
epithelium
Ji_2024_PLoS_Genet.WHU2	tumor_cancer	tumor	Cancer cell	Ji_2024_PLoS_Genet	missing	missing	157	-0.0722386557282129	0.197176049217243	-0.262749728813963	873	956	-0.0972940249484141	-0.273863417912815	-0.0945659096771353	Primary
cancer-like
Ji_2024_PLoS_Genet.WHU3	tumor_cancer	tumor	Cancer cell	Ji_2024_PLoS_Genet	missing	missing	74	-0.115176176885289	0.0201802054037356	-0.226875106381512	873	956	-0.419742096199651	-0.534512291264643	-0.28845470482067	Primary
cancer-like
Ji_2024_PLoS_Genet.WHU3	tumor_epithelial	tumor	Epithelial cell	Ji_2024_PLoS_Genet	missing	missing	1	-0.176055582778936	-0.351509432205567	0.175453849426631	873	956	-0.419742096199651	-0.534512291264643	-0.28845470482067	Primary
epithelium
Joanito_2022_Nat_Genet.CRC2783	normal_epithelial	normal	Epithelial cell	Joanito_2022_Nat_Genet	MSI-H	missing	7	0.0492777285830282	0.548128288126911	-0.47476874009984	873	956	0.0660156494140629	0.598922448500691	-0.0744965059328365	Normal
epithelium
Joanito_2022_Nat_Genet.CRC2783	tumor_cancer	tumor	Cancer cell	Joanito_2022_Nat_Genet	MSI-H	CMS4	34	0.136964427530095	0.47250252095126	-0.331163935371757	873	956	-0.0416412064186635	0.117892873444872	-0.0682166894346511	Primary
cancer-like
Joanito_2022_Nat_Genet.CRC2783	tumor_epithelial	tumor	Epithelial cell	Joanito_2022_Nat_Genet	MSI-H	CMS4	1	0.0657052329395017	0.588852186032393	-0.523146953092891	873	956	-0.114168655551857	0.178492403580211	-0.28845470482067	Primary
epithelium
Joanito_2022_Nat_Genet.CRC2786	normal_epithelial	normal	Epithelial cell	Joanito_2022_Nat_Genet	MSS	missing	1	-0.0606212570901366	0.3033672732992	-0.363988530389337	873	956	-0.419742096199651	-0.534512291264643	-0.28845470482067	Normal
epithelium
Joanito_2022_Nat_Genet.CRC2786	tumor_cancer	tumor	Cancer cell	Joanito_2022_Nat_Genet	MSS	CMS4	46	0.108864546900312	0.351676030861526	-0.237792801211982	873	956	0.28977902752184	0.560222070488269	-0.14172363892878	Primary
cancer-like
Joanito_2022_Nat_Genet.CRC2786	tumor_epithelial	tumor	Epithelial cell	Joanito_2022_Nat_Genet	MSS	CMS4	1	0.0266772653478957	0.413042510940997	-0.386365245593101	873	956	-0.213987736165547	-0.0544187845183986	0.611529043186803	Primary
epithelium
Joanito_2022_Nat_Genet.CRC2787	tumor_cancer	tumor	Cancer cell	Joanito_2022_Nat_Genet	MSS	CMS3	34	0.0655768222980776	0.456890137185796	-0.349849740152554	873	956	0.0638618463738222	0.236246439281096	-0.0520511351043558	Primary
cancer-like
Joanito_2022_Nat_Genet.CRC2787	tumor_epithelial	tumor	Epithelial cell	Joanito_2022_Nat_Genet	MSS	CMS3	3	0.0961041150738854	0.518718161366434	-0.493854262094548	873	956	0.296076974894312	0.815204841760373	-0.0721125108682893	Primary
epithelium
Joanito_2022_Nat_Genet.CRC2794	normal_epithelial	normal	Epithelial cell	Joanito_2022_Nat_Genet	MSS	missing	2	-0.130760621055545	0.214902859664241	-0.345663480719787	873	956	-0.419742096199651	-0.534512291264643	-0.28845470482067	Normal
epithelium
Joanito_2022_Nat_Genet.CRC2794	tumor_cancer	tumor	Cancer cell	Joanito_2022_Nat_Genet	MSS	CMS4	18	0.0738237624565092	0.533100728881456	-0.469466783658241	873	956	0.3667840659645	0.167566550953945	-0.176150242746253	Primary
cancer-like
Joanito_2022_Nat_Genet.CRC2794	tumor_epithelial	tumor	Epithelial cell	Joanito_2022_Nat_Genet	MSS	CMS4	2	0.115364248070698	0.416400026639867	-0.30103577856917	873	956	-0.0135461585213978	0.0638221597838435	-0.151248780597295	Primary
epithelium
Joanito_2022_Nat_Genet.CRC2795	tumor_cancer	tumor	Cancer cell	Joanito_2022_Nat_Genet	MSS	CMS4	33	0.064851073480634	0.498782621671097	-0.426678274851356	873	956	0.0962061014156954	0.238509772682872	-0.136799626675231	Primary
cancer-like
Joanito_2022_Nat_Genet.CRC2795	tumor_epithelial	tumor	Epithelial cell	Joanito_2022_Nat_Genet	MSS	CMS4	3	0.029825366247882	0.217946341678208	-0.255751286389861	873	956	-0.419742096199651	-0.534512291264643	-0.28845470482067	Primary
epithelium
Joanito_2022_Nat_Genet.CRC2801	normal_epithelial	normal	Epithelial cell	Joanito_2022_Nat_Genet	MSS	missing	8	0.0195394299679826	0.57388358754373	-0.514143966569009	873	956	-0.121172992586486	-0.0375488474230435	-0.249627192898492	Normal
epithelium
Joanito_2022_Nat_Genet.CRC2801	tumor_cancer	tumor	Cancer cell	Joanito_2022_Nat_Genet	MSS	CMS4	10	0.0735603572836401	0.538807166166707	-0.457602445246511	873	956	-0.00611531451646121	-0.03944917522557	-0.19231893592505	Primary
cancer-like
Joanito_2022_Nat_Genet.CRC2803	normal_epithelial	normal	Epithelial cell	Joanito_2022_Nat_Genet	MSS	missing	6	0.0226635520598125	0.467418653628585	-0.391062855257426	873	956	-0.20245596515485	-0.0275113188267719	-0.148801654990304	Normal
epithelium
Joanito_2022_Nat_Genet.CRC2803	tumor_cancer	tumor	Cancer cell	Joanito_2022_Nat_Genet	MSS	CMS4	74	0.0913097072347892	0.427177500395958	-0.341142462742143	873	956	0.0312691186671386	-0.168528540117933	-0.0581703619309651	Primary
cancer-like
Joanito_2022_Nat_Genet.CRC2810	normal_epithelial	normal	Epithelial cell	Joanito_2022_Nat_Genet	MSS	missing	16	0.0157422272284746	0.553010948217386	-0.462821145674485	873	956	-0.115661800952126	0.175008397646249	0.287259601527277	Normal
epithelium
Joanito_2022_Nat_Genet.CRC2810	tumor_cancer	tumor	Cancer cell	Joanito_2022_Nat_Genet	MSS	CMS4	13	0.00264480817792363	0.579281133748214	-0.546108128146473	873	956	0.0659142669346574	-0.0949751814304172	-0.169682952990084	Primary
cancer-like
Joanito_2022_Nat_Genet.CRC2811	normal_epithelial	normal	Epithelial cell	Joanito_2022_Nat_Genet	MSS	missing	3	0.01413474614425	0.567835343905354	-0.554530456486364	873	956	-0.237915530383098	-0.110250304359352	-0.172417261205936	Normal
epithelium
Joanito_2022_Nat_Genet.CRC2811	tumor_cancer	tumor	Cancer cell	Joanito_2022_Nat_Genet	MSS	CMS4	70	0.0649290014835431	0.452029616850628	-0.40199532596715	873	956	-0.0823595158649207	-0.221238360476658	0.156488680747531	Primary
cancer-like
Joanito_2022_Nat_Genet.CRC2816	normal_epithelial	normal	Epithelial cell	Joanito_2022_Nat_Genet	MSS	missing	4	0.00379697350823661	0.648845419378047	-0.64504844586981	873	956	-0.123762026669203	0.15610787097307	-0.204343180679568	Normal
epithelium
Joanito_2022_Nat_Genet.CRC2816	tumor_cancer	tumor	Cancer cell	Joanito_2022_Nat_Genet	MSS	CMS4	60	0.0308561301673427	0.478762161177245	-0.45014371570446	873	956	0.0520737590175452	0.0735246976966461	-0.153681361800979	Primary
cancer-like
Joanito_2022_Nat_Genet.CRC2816	tumor_epithelial	tumor	Epithelial cell	Joanito_2022_Nat_Genet	MSS	CMS4	1	0.135300038553206	-0.227306834880741	0.362606873433948	873	956	0.0131728892827481	0.475622674860956	0.736394884175343	Primary
epithelium
Joanito_2022_Nat_Genet.CRC2817	normal_epithelial	normal	Epithelial cell	Joanito_2022_Nat_Genet	MSI-H	missing	5	0.0201806230257247	0.66586366150129	-0.633255756322875	873	956	0.0816864485708523	0.383512668510386	0.0415280358180308	Normal
epithelium
Joanito_2022_Nat_Genet.CRC2817	tumor_cancer	tumor	Cancer cell	Joanito_2022_Nat_Genet	MSI-H	CMS3	68	0.0476317305636577	0.344307132220389	-0.30117133981537	873	956	-0.265636734572909	-0.205001105299408	-0.120987660301079	Primary
cancer-like
Joanito_2022_Nat_Genet.CRC2817	tumor_epithelial	tumor	Epithelial cell	Joanito_2022_Nat_Genet	MSI-H	CMS1	2	-0.0294743818848159	0.529737917834975	-0.559212299719791	873	956	-0.27212358347353	-0.370513848102861	-0.28845470482067	Primary
epithelium
Joanito_2022_Nat_Genet.CRC2821	tumor_cancer	tumor	Cancer cell	Joanito_2022_Nat_Genet	MSS	CMS1	67	0.0424087347199778	0.392510762040875	-0.352857487861445	873	956	-0.297814969905839	-0.286047567966967	-0.154997953737624	Primary
cancer-like
Joanito_2022_Nat_Genet.CRC2821	tumor_epithelial	tumor	Epithelial cell	Joanito_2022_Nat_Genet	MSS	CMS1	2	0.0490595748773557	0.339236865344271	-0.290177290466916	873	956	-0.229070100026716	-0.0896109668611272	-0.0755504196976468	Primary
epithelium
Joanito_2022_Nat_Genet.CRC2841	normal_epithelial	normal	Epithelial cell	Joanito_2022_Nat_Genet	MSS	missing	45	0.00696329014634513	0.594515560253617	-0.584092746749098	873	956	-0.0130670052419193	0.219402838896418	0.00115662023276176	Normal
epithelium
Joanito_2022_Nat_Genet.CRC2841	tumor_cancer	tumor	Cancer cell	Joanito_2022_Nat_Genet	MSS	CMS4	84	0.0689190919471437	0.503621594417985	-0.4221730931045	873	956	0.00259830031097768	-0.0249395545897178	-0.165738604857084	Primary
cancer-like
Joanito_2022_Nat_Genet.CRC2841	tumor_epithelial	tumor	Epithelial cell	Joanito_2022_Nat_Genet	MSS	CMS4	3	0.0372553384076327	0.537031509761142	-0.499776171353509	873	956	-0.282420852809248	-0.534512291264643	-0.110283116611532	Primary
epithelium
Joanito_2022_Nat_Genet.CRC2899	normal_epithelial	normal	Epithelial cell	Joanito_2022_Nat_Genet	MSS	missing	13	0.0706807723726864	0.579160256551168	-0.484197919538457	873	956	0.33861215069538	1.13344083188565	0.430266263093121	Normal
epithelium
Joanito_2022_Nat_Genet.CRC2899	tumor_cancer	tumor	Cancer cell	Joanito_2022_Nat_Genet	MSS	CMS4	84	0.0601380854607397	0.507976370799659	-0.427861426814424	873	956	0.114109854914327	0.232010262984444	0.0381661211072612	Primary
cancer-like
Joanito_2022_Nat_Genet.CRC2899	tumor_epithelial	tumor	Epithelial cell	Joanito_2022_Nat_Genet	MSS	CMS4	5	0.00198586783421905	0.48728553827214	-0.545710797810977	873	956	-0.288740842172687	-0.534512291264643	0.263597575894151	Primary
epithelium
Joanito_2022_Nat_Genet.CRC_JSC_S02	tumor_cancer	tumor	Cancer cell	Joanito_2022_Nat_Genet	MSI-H	CMS3	52	0.119810757508868	0.530607435254851	-0.421657120721209	873	956	0.609017978678517	1.59023649308644	-0.139355637608172	Primary
cancer-like
Joanito_2022_Nat_Genet.CRC_JSC_S02	tumor_epithelial	tumor	Epithelial cell	Joanito_2022_Nat_Genet	MSI-H	missing	1	0.130625384151628	0.485602723701324	-0.354977339549696	873	956	-0.419742096199651	-0.534512291264643	0.000842044288612329	Primary
epithelium
Joanito_2022_Nat_Genet.CRC_JSC_S03	tumor_cancer	tumor	Cancer cell	Joanito_2022_Nat_Genet	MSI-H	CMS4	7	0.098454103150391	0.565797385318218	-0.376767226221478	873	956	-0.000466138807994624	0.327305466229223	0.0178935437370497	Primary
cancer-like
Joanito_2022_Nat_Genet.CRC_JSC_S03	tumor_epithelial	tumor	Epithelial cell	Joanito_2022_Nat_Genet	MSI-H	CMS4	3	0.0619862230640432	0.235966928456447	-0.236001871876826	873	956	-0.0519516017599817	0.00424094225506607	-0.28845470482067	Primary
epithelium
Joanito_2022_Nat_Genet.CRC_JSC_S04	tumor_cancer	tumor	Cancer cell	Joanito_2022_Nat_Genet	MSS	CMS4	13	0.109628657816817	0.509392335642287	-0.401084607125372	873	956	0.256967864933909	0.276827078432115	-0.0981945622733825	Primary
cancer-like
Joanito_2022_Nat_Genet.CRC_JSC_S05	tumor_cancer	tumor	Cancer cell	Joanito_2022_Nat_Genet	MSI-H	CMS3	132	0.168246836849769	0.514840993971512	-0.341949024171668	873	956	0.118608218584942	0.22186273045325	-0.0808146305936834	Primary
cancer-like
Joanito_2022_Nat_Genet.CRC_JSC_S05	tumor_epithelial	tumor	Epithelial cell	Joanito_2022_Nat_Genet	MSI-H	CMS3	7	0.176468377715218	0.415279756796763	-0.196326281928352	873	956	0.130252511982525	0.445827725199101	-0.28845470482067	Primary
epithelium
Joanito_2022_Nat_Genet.CRC_JSC_S06	tumor_cancer	tumor	Cancer cell	Joanito_2022_Nat_Genet	MSS	CMS2	48	0.116869160360323	0.540470764330308	-0.423545674347406	873	956	0.538759978328121	0.303661223912034	0.08988778152158	Primary
cancer-like
Joanito_2022_Nat_Genet.CRC_JSC_S07	tumor_cancer	tumor	Cancer cell	Joanito_2022_Nat_Genet	MSS	CMS2	39	0.178100447163591	0.512180274595954	-0.334079827432364	873	956	0.714057613942005	0.880808260205501	-0.132286899795496	Primary
cancer-like
Joanito_2022_Nat_Genet.CRC_JSC_S07	tumor_epithelial	tumor	Epithelial cell	Joanito_2022_Nat_Genet	MSS	CMS2	1	0.0527552564721171	0.242931412771574	-0.190176156299457	873	956	0.00106467896351785	0.447370184116086	-0.28845470482067	Primary
epithelium
Joanito_2022_Nat_Genet.CRC_JSC_S08	tumor_cancer	tumor	Cancer cell	Joanito_2022_Nat_Genet	MSS	CMS2	35	0.125744453318245	0.559530348908962	-0.427403135875578	873	956	0.773955857071461	0.673727261516365	-0.145552422847558	Primary
cancer-like
Joanito_2022_Nat_Genet.CRC_JSC_S08	tumor_epithelial	tumor	Epithelial cell	Joanito_2022_Nat_Genet	MSS	CMS2	3	0.147644206381787	0.398017132006371	-0.231373325090581	873	956	0.126006504582968	0.410978729829854	-0.28845470482067	Primary
epithelium
Joanito_2022_Nat_Genet.CRC_JSC_S10	tumor_cancer	tumor	Cancer cell	Joanito_2022_Nat_Genet	MSS	CMS3	108	0.12768497053895	0.480643592706615	-0.33729077159418	873	956	0.201189651900373	0.419032664761424	0.47679606239803	Primary
cancer-like
Joanito_2022_Nat_Genet.CRC_JSC_S12	tumor_cancer	tumor	Cancer cell	Joanito_2022_Nat_Genet	MSS	CMS4	21	0.154200509944291	0.538166713609772	-0.374600372640404	873	956	0.314154936012414	0.119129610855286	-0.0357304621858819	Primary
cancer-like
Joanito_2022_Nat_Genet.CRC_JSC_S13	tumor_cancer	tumor	Cancer cell	Joanito_2022_Nat_Genet	MSS	CMS2	26	0.157263860242798	0.486372746702849	-0.348553624027168	873	956	0.186347630151638	0.0977279869319825	0.00273617958333704	Primary
cancer-like
Joanito_2022_Nat_Genet.CRC_JSC_S14	tumor_cancer	tumor	Cancer cell	Joanito_2022_Nat_Genet	MSS	CMS2	16	0.182949274517009	0.512529814033266	-0.336354505164586	873	956	0.538451578026758	0.18810199338493	1.44353456359144	Primary
cancer-like
Joanito_2022_Nat_Genet.CRC_JSC_S15	tumor_cancer	tumor	Cancer cell	Joanito_2022_Nat_Genet	MSS	CMS4	7	0.26775686096549	0.373179901352205	-0.148603857381951	873	956	0.589247852419535	0.467520466713827	0.735980467421973	Primary
cancer-like
Joanito_2022_Nat_Genet.CRC_JSC_S15	tumor_epithelial	tumor	Epithelial cell	Joanito_2022_Nat_Genet	MSS	CMS4	1	0.0498501606061778	0.131214863702383	-0.0813647030962048	873	956	-0.419742096199651	-0.534512291264643	-0.0806589816986344	Primary
epithelium
Joanito_2022_Nat_Genet.SC035	normal_epithelial	normal	Epithelial cell	Joanito_2022_Nat_Genet	MSI-H	missing	1	0.10571495381246	0.413091008050447	-0.307376054237987	873	956	-0.419742096199651	-0.534512291264643	-0.28845470482067	Normal
epithelium
Joanito_2022_Nat_Genet.SC035	tumor_cancer	tumor	Cancer cell	Joanito_2022_Nat_Genet	MSI-H	CMS1	63	0.13122356746519	0.601052163833267	-0.463207052592935	873	956	-0.041685453885508	-0.00281866583891388	0.115138096723144	Primary
cancer-like
Joanito_2022_Nat_Genet.SC040	normal_epithelial	normal	Epithelial cell	Joanito_2022_Nat_Genet	MSS	missing	1	0.210855806828094	-0.201113549664796	0.41196935649289	873	956	-0.0134152997151356	0.413583567199228	-0.28845470482067	Normal
epithelium
Joanito_2022_Nat_Genet.SC040	tumor_cancer	tumor	Cancer cell	Joanito_2022_Nat_Genet	MSS	CMS4	42	0.127151194739552	0.402228866482444	-0.255022477719789	873	956	0.464718210719306	0.861313024565905	-0.0679482005157824	Primary
cancer-like
Joanito_2022_Nat_Genet.SC040	tumor_epithelial	tumor	Epithelial cell	Joanito_2022_Nat_Genet	MSS	CMS4	11	0.200813505877123	0.274483507062455	0.011229955517302	873	956	8.22027925921818e-06	0.187284566608911	-0.28845470482067	Primary
epithelium
Joanito_2022_Nat_Genet.SC041	normal_epithelial	normal	Epithelial cell	Joanito_2022_Nat_Genet	MSS	missing	1	-0.116084701249322	0.304082059580277	-0.420166760829599	873	956	-0.419742096199651	-0.534512291264643	-0.28845470482067	Normal
epithelium
Joanito_2022_Nat_Genet.SC041	tumor_cancer	tumor	Cancer cell	Joanito_2022_Nat_Genet	MSS	CMS3	12	0.0820575798196226	0.382360547644282	-0.321471246811557	873	956	-0.233435501189432	-0.146277716704535	-0.28845470482067	Primary
cancer-like
Joanito_2022_Nat_Genet.SC043	normal_epithelial	normal	Epithelial cell	Joanito_2022_Nat_Genet	MSS	missing	3	-0.00628087616367808	0.610586182610578	-0.616709438812903	873	956	-0.419742096199651	-0.534512291264643	0.0644020737332911	Normal
epithelium
Joanito_2022_Nat_Genet.SC043	tumor_cancer	tumor	Cancer cell	Joanito_2022_Nat_Genet	MSS	CMS4	32	0.12187208357504	0.395874731181483	-0.290490068899363	873	956	0.275748077415974	0.0553446433895666	-0.28845470482067	Primary
cancer-like
Joanito_2022_Nat_Genet.SC044	tumor_cancer	tumor	Cancer cell	Joanito_2022_Nat_Genet	MSI-H	missing	25	0.13645321779301	0.56703531625266	-0.414020611248215	873	956	-0.00535604238152036	-0.162760657551039	0.524540063263945	Primary
cancer-like
Khaliq_2022_Genome_Biol.CAC1	tumor_cancer	tumor	Cancer cell	Khaliq_2022_Genome_Biol	MSS	CMS3	89	-0.0707254181485017	-0.0368454683835829	-0.00760322596965852	873	956	0.182544531814407	0.0377938100662365	-0.28845470482067	Primary
cancer-like
Khaliq_2022_Genome_Biol.CAC10	normal_epithelial	normal	Epithelial cell	Khaliq_2022_Genome_Biol	MSS	missing	21	-0.163359685985405	-0.191193584025834	0.0278338980404298	873	956	-0.419742096199651	-0.534512291264643	-0.28845470482067	Normal
epithelium
Khaliq_2022_Genome_Biol.CAC10	tumor_cancer	tumor	Cancer cell	Khaliq_2022_Genome_Biol	MSS	missing	4	-0.167211560677674	-0.217344489658202	0.0660166602283297	873	956	-0.419742096199651	-0.534512291264643	-0.28845470482067	Primary
cancer-like
Khaliq_2022_Genome_Biol.CAC10	tumor_epithelial	tumor	Epithelial cell	Khaliq_2022_Genome_Biol	MSS	missing	8	-0.057081321921035	-0.136488131879153	0.067093792443505	873	956	-0.238417135347559	-0.284367369433573	-0.28845470482067	Primary
epithelium
Khaliq_2022_Genome_Biol.CAC11	normal_epithelial	normal	Epithelial cell	Khaliq_2022_Genome_Biol	MSS	missing	22	-0.0946171232135156	-0.218698245155433	0.0891063174058515	873	956	-0.310856309276211	-0.534512291264643	-0.28845470482067	Normal
epithelium
Khaliq_2022_Genome_Biol.CAC11	tumor_cancer	tumor	Cancer cell	Khaliq_2022_Genome_Biol	MSS	CMS3	44	-0.0295707829401765	0.047229539135838	-0.0333736467879053	873	956	-0.12145753955553	-0.0928724274518685	-0.13227992036245	Primary
cancer-like
Khaliq_2022_Genome_Biol.CAC11	tumor_epithelial	tumor	Epithelial cell	Khaliq_2022_Genome_Biol	MSS	CMS3	12	-0.00837670119293934	0.00953421197670166	0.0759960844075871	873	956	-0.0864849012266214	-0.239607523248588	-0.28845470482067	Primary
epithelium
Khaliq_2022_Genome_Biol.CAC12	tumor_cancer	tumor	Cancer cell	Khaliq_2022_Genome_Biol	MSI-H	missing	25	-0.0771074500825088	-0.0821173647567087	0.0357871227351192	873	956	0.030646412348756	0.285302303642563	-0.28845470482067	Primary
cancer-like
Khaliq_2022_Genome_Biol.CAC12	tumor_epithelial	tumor	Epithelial cell	Khaliq_2022_Genome_Biol	MSI-H	missing	5	-0.0759768434379343	-0.34113763548183	0.24728003161467	873	956	-0.419742096199651	-0.534512291264643	-0.28845470482067	Primary
epithelium
Khaliq_2022_Genome_Biol.CAC13	tumor_cancer	tumor	Cancer cell	Khaliq_2022_Genome_Biol	MSS	missing	3	-0.0633548067389687	-0.193310575084325	0.129955768345356	873	956	-0.419742096199651	-0.534512291264643	-0.28845470482067	Primary
cancer-like
Khaliq_2022_Genome_Biol.CAC13	tumor_epithelial	tumor	Epithelial cell	Khaliq_2022_Genome_Biol	MSS	missing	2	-0.0835884744150941	-0.0180181841544182	-0.0655702902606759	873	956	-0.127311634222537	-0.159527449123689	-0.28845470482067	Primary
epithelium
Khaliq_2022_Genome_Biol.CAC14	normal_epithelial	normal	Epithelial cell	Khaliq_2022_Genome_Biol	MSS	missing	8	-0.19445352714877	-0.187282597819588	-0.0526752629155558	873	956	-0.419742096199651	-0.534512291264643	-0.28845470482067	Normal
epithelium
Khaliq_2022_Genome_Biol.CAC14	tumor_cancer	tumor	Cancer cell	Khaliq_2022_Genome_Biol	MSS	missing	52	-0.109012013242367	-0.247717568527945	0.192334615873148	873	956	-0.350424460688593	-0.534512291264643	-0.28845470482067	Primary
cancer-like
Khaliq_2022_Genome_Biol.CAC14	tumor_epithelial	tumor	Epithelial cell	Khaliq_2022_Genome_Biol	MSS	missing	17	-0.0691986546083	-0.209157327984457	0.184753043788075	873	956	-0.419742096199651	-0.534512291264643	-0.28845470482067	Primary
epithelium
Khaliq_2022_Genome_Biol.CAC15	normal_epithelial	normal	Epithelial cell	Khaliq_2022_Genome_Biol	MSS	missing	31	-0.120251006919532	-0.172066313282525	0.0628931157910523	873	956	-0.419742096199651	-0.534512291264643	-0.28845470482067	Normal
epithelium
Khaliq_2022_Genome_Biol.CAC15	tumor_cancer	tumor	Cancer cell	Khaliq_2022_Genome_Biol	MSS	missing	3	-0.0525408208792386	-0.147809507331041	-0.120133366973359	873	956	-0.419742096199651	-0.534512291264643	-0.28845470482067	Primary
cancer-like
Khaliq_2022_Genome_Biol.CAC15	tumor_epithelial	tumor	Epithelial cell	Khaliq_2022_Genome_Biol	MSS	missing	5	-0.134221409523274	-0.284741873511301	0.214439123857625	873	956	-0.419742096199651	-0.534512291264643	-0.28845470482067	Primary
epithelium
Khaliq_2022_Genome_Biol.CAC16	tumor_cancer	tumor	Cancer cell	Khaliq_2022_Genome_Biol	MSS	missing	4	-0.0603485674621607	-0.229331550754825	0.198419885870964	873	956	0.0380438176836551	-0.534512291264643	-0.227375417762936	Primary
cancer-like
Khaliq_2022_Genome_Biol.CAC16	tumor_epithelial	tumor	Epithelial cell	Khaliq_2022_Genome_Biol	MSS	missing	3	-0.0102739520077899	-0.308591877565942	0.298317925558152	873	956	-0.419742096199651	-0.534512291264643	-0.28845470482067	Primary
epithelium
Khaliq_2022_Genome_Biol.CAC2	tumor_cancer	tumor	Cancer cell	Khaliq_2022_Genome_Biol	MSS	CMS3	50	-0.0873448456885567	-0.176049387521627	0.0525206726242574	873	956	-0.014260393345617	-0.0324924889662452	-0.28845470482067	Primary
cancer-like
Khaliq_2022_Genome_Biol.CAC2	tumor_epithelial	tumor	Epithelial cell	Khaliq_2022_Genome_Biol	MSS	CMS3	3	-0.142453284019567	-0.189129625896384	0.0345784807006053	873	956	-0.0424593232857193	-0.534512291264643	-0.28845470482067	Primary
epithelium
Khaliq_2022_Genome_Biol.CAC3	tumor_cancer	tumor	Cancer cell	Khaliq_2022_Genome_Biol	MSS	CMS2	31	-0.0922595387802834	0.0808767017620007	-0.159466187841684	873	956	0.207580641775315	-0.131283606108562	-0.28845470482067	Primary
cancer-like
Khaliq_2022_Genome_Biol.CAC4	normal_epithelial	normal	Epithelial cell	Khaliq_2022_Genome_Biol	MSS	missing	30	-0.107700851965076	-0.214954391426431	0.112077267281017	873	956	-0.419742096199651	-0.534512291264643	-0.28845470482067	Normal
epithelium
Khaliq_2022_Genome_Biol.CAC4	tumor_cancer	tumor	Cancer cell	Khaliq_2022_Genome_Biol	MSS	missing	4	-0.0841846226759473	-0.256959143292391	0.172774520616444	873	956	-0.419742096199651	-0.534512291264643	-0.28845470482067	Primary
cancer-like
Khaliq_2022_Genome_Biol.CAC4	tumor_epithelial	tumor	Epithelial cell	Khaliq_2022_Genome_Biol	MSS	missing	1	-0.116313490090835	-0.363646314799136	0.247332824708301	873	956	0.174793976663004	0.852738545414886	-0.28845470482067	Primary
epithelium
Khaliq_2022_Genome_Biol.CAC5	tumor_epithelial	tumor	Epithelial cell	Khaliq_2022_Genome_Biol	MSS	missing	1	-0.232249765202812	-0.182444710144848	-0.0498050550579638	873	956	-0.0771287344010108	-0.534512291264643	-0.28845470482067	Primary
epithelium
Khaliq_2022_Genome_Biol.CAC6	normal_epithelial	normal	Epithelial cell	Khaliq_2022_Genome_Biol	MSS	missing	12	-0.0823641169042038	-0.247200513648178	0.186415517254875	873	956	-0.419742096199651	-0.534512291264643	-0.28845470482067	Normal
epithelium
Khaliq_2022_Genome_Biol.CAC6	tumor_cancer	tumor	Cancer cell	Khaliq_2022_Genome_Biol	MSS	missing	3	-0.0978055231882494	0.234766252008469	-0.332571775196719	873	956	0.220636281237635	0.959703922755692	0.192526115473918	Primary
cancer-like
Khaliq_2022_Genome_Biol.CAC6	tumor_epithelial	tumor	Epithelial cell	Khaliq_2022_Genome_Biol	MSS	missing	2	-0.0843405715867417	-0.0287435869408981	-0.0555969846458435	873	956	-0.419742096199651	-0.534512291264643	-0.28845470482067	Primary
epithelium
Khaliq_2022_Genome_Biol.CAC7	normal_epithelial	normal	Epithelial cell	Khaliq_2022_Genome_Biol	MSI-H	missing	27	-0.139682563226658	-0.217772727875759	0.0687135477094496	873	956	0.09514644002043	0.612124990754736	-0.28845470482067	Normal
epithelium
Khaliq_2022_Genome_Biol.CAC7	tumor_cancer	tumor	Cancer cell	Khaliq_2022_Genome_Biol	MSI-H	CMS3	62	-0.0842768110428462	-0.285956373101891	0.206268262548134	873	956	-0.419742096199651	-0.534512291264643	-0.28845470482067	Primary
cancer-like
Khaliq_2022_Genome_Biol.CAC7	tumor_epithelial	tumor	Epithelial cell	Khaliq_2022_Genome_Biol	MSI-H	CMS3	2	-0.0782776530245576	0.143289630635966	-0.221567283660524	873	956	-0.31358471530823	-0.286811735851325	-0.220734813627865	Primary
epithelium
Khaliq_2022_Genome_Biol.CAC8	tumor_cancer	tumor	Cancer cell	Khaliq_2022_Genome_Biol	MSS	CMS2	14	-0.078381034740789	-0.132074877532234	0.0332878721910382	873	956	-0.0683480929282203	-0.534512291264643	-0.0726023308390813	Primary
cancer-like
Khaliq_2022_Genome_Biol.CAC8	tumor_epithelial	tumor	Epithelial cell	Khaliq_2022_Genome_Biol	MSS	CMS2	4	-0.101014863095223	-0.104699562099379	-0.00926791916709632	873	956	-0.329739566122524	-0.534512291264643	-0.28845470482067	Primary
epithelium
Khaliq_2022_Genome_Biol.CAC9	tumor_cancer	tumor	Cancer cell	Khaliq_2022_Genome_Biol	MSS	missing	12	-0.0854810750821182	0.0741257699190007	-0.208750603243681	873	956	0.659309873225268	0.878393244874969	-0.28845470482067	Primary
cancer-like
Khaliq_2022_Genome_Biol.CAC9	tumor_epithelial	tumor	Epithelial cell	Khaliq_2022_Genome_Biol	MSS	missing	2	-0.0186924530290167	0.210902714521276	-0.229595167550292	873	956	0.297363675589845	-0.384585550271941	-0.199286377296276	Primary
epithelium
Kong_2023_Immunity.H106265	normal_epithelial	normal	Epithelial cell	Kong_2023_Immunity	missing	missing	33	-0.258668606530687	-0.166309824514557	-0.100838651839409	873	956	-0.419742096199651	-0.534512291264643	-0.28845470482067	Normal
epithelium
Kong_2023_Immunity.H139073	normal_epithelial	normal	Epithelial cell	Kong_2023_Immunity	missing	missing	35	-0.243400508330827	-0.0278301108188681	-0.225215205183201	873	956	-0.419742096199651	-0.534512291264643	-0.28845470482067	Normal
epithelium
Kong_2023_Immunity.H180844	normal_epithelial	normal	Epithelial cell	Kong_2023_Immunity	missing	missing	177	-0.253149864342533	-0.0027607403679245	-0.237743012795291	873	956	-0.176808784404394	-0.0614826853467092	-0.28845470482067	Normal
epithelium
Kong_2023_Immunity.H197396	normal_epithelial	normal	Epithelial cell	Kong_2023_Immunity	missing	missing	463	-0.243639264394005	0.0144174412131915	-0.261737110358032	873	956	-0.419742096199651	-0.534512291264643	-0.28845470482067	Normal
epithelium
Lee_2020_Nat_Genet.SC001	normal_epithelial	normal	Epithelial cell	Lee_2020_Nat_Genet	MSI-H	missing	21	-0.0175529757414333	-0.0307343827606102	-0.0684198737292061	873	956	-0.367370730085983	-0.534512291264643	-0.28845470482067	Normal
epithelium
Lee_2020_Nat_Genet.SC001	tumor_cancer	tumor	Cancer cell	Lee_2020_Nat_Genet	MSI-H	CMS1	121	-0.057759061154177	0.0421039147632802	-0.165076332938017	873	956	-0.419742096199651	-0.534512291264643	-0.28845470482067	Primary
cancer-like
Lee_2020_Nat_Genet.SC019	normal_epithelial	normal	Epithelial cell	Lee_2020_Nat_Genet	MSS	missing	30	-0.052806448691302	0.159870132714269	-0.247845792570025	873	956	-0.0728926734738094	-0.0429427207081968	-0.28845470482067	Normal
epithelium
Lee_2020_Nat_Genet.SC019	tumor_cancer	tumor	Cancer cell	Lee_2020_Nat_Genet	MSS	CMS4	79	-0.297073816078174	-0.150095335351175	-0.126979990795339	873	956	-0.419742096199651	-0.534512291264643	-0.28845470482067	Primary
cancer-like
Lee_2020_Nat_Genet.SC021	normal_epithelial	normal	Epithelial cell	Lee_2020_Nat_Genet	MSS	missing	34	-0.266844708942502	0.0424472060516112	-0.240930294458067	873	956	-0.419742096199651	-0.534512291264643	-0.28845470482067	Normal
epithelium
Lee_2020_Nat_Genet.SC021	tumor_cancer	tumor	Cancer cell	Lee_2020_Nat_Genet	MSS	CMS4	67	0.109330591267398	-0.0653673852449711	0.0986165743559173	873	956	-0.257914934972652	-0.345466486992604	-0.28845470482067	Primary
cancer-like
Lee_2020_Nat_Genet.SC021	tumor_epithelial	tumor	Epithelial cell	Lee_2020_Nat_Genet	MSS	CMS4	2	0.109470657257371	0.204379680976373	-0.0949090237190016	873	956	-0.119134370557376	-0.268364104289923	-0.28845470482067	Primary
epithelium
Lee_2020_Nat_Genet.SC024	normal_epithelial	normal	Epithelial cell	Lee_2020_Nat_Genet	MSS	missing	29	-0.00565564106404807	0.0789728884311039	-0.111987232542192	873	956	0.0109853430632727	-0.132944002889884	-0.0556818446623859	Normal
epithelium
Lee_2020_Nat_Genet.SC024	tumor_cancer	tumor	Cancer cell	Lee_2020_Nat_Genet	MSS	CMS3	52	-0.0864010534908866	-0.0332700016653513	-0.11449065961222	873	956	-0.316536770559929	-0.534512291264643	-0.28845470482067	Primary
cancer-like
Lee_2020_Nat_Genet.SC024	tumor_epithelial	tumor	Epithelial cell	Lee_2020_Nat_Genet	MSS	CMS4	23	0.0843819816649331	-0.248744232868072	0.360123685446737	873	956	-0.130417059314432	0.140579461467537	-0.28845470482067	Primary
epithelium
Lee_2020_Nat_Genet.SC027	normal_epithelial	normal	Epithelial cell	Lee_2020_Nat_Genet	MSS	missing	23	-0.0520801250365121	-0.149450550674141	0.0991453146488897	873	956	-0.419742096199651	-0.534512291264643	-0.28845470482067	Normal
epithelium
Lee_2020_Nat_Genet.SC027	tumor_cancer	tumor	Cancer cell	Lee_2020_Nat_Genet	MSS	CMS2	70	0.187681534917782	-0.0151507191376815	-0.0124339730687419	873	956	0.0644865065587465	0.26094691748547	-0.28845470482067	Primary
cancer-like
Lee_2020_Nat_Genet.SC028	normal_epithelial	normal	Epithelial cell	Lee_2020_Nat_Genet	MSS	missing	5	-0.236387338011599	-0.0150092890173176	-0.142437257680735	873	956	-0.419742096199651	-0.534512291264643	-0.28845470482067	Normal
epithelium
Lee_2020_Nat_Genet.SC028	tumor_cancer	tumor	Cancer cell	Lee_2020_Nat_Genet	MSS	CMS4	13	-0.0679045231067291	-0.0256547432803099	-0.178203809073225	873	956	-0.419742096199651	-0.534512291264643	-0.28845470482067	Primary
cancer-like
Lee_2020_Nat_Genet.SC029	normal_epithelial	normal	Epithelial cell	Lee_2020_Nat_Genet	MSS	missing	5	-0.103207983518448	0.130711900959837	-0.233919884478285	873	956	-0.419742096199651	-0.534512291264643	-0.28845470482067	Normal
epithelium
Lee_2020_Nat_Genet.SC029	tumor_cancer	tumor	Cancer cell	Lee_2020_Nat_Genet	MSS	CMS4	22	0.14545970163841	0.150140770030783	-0.0230334258449448	873	956	0.511303045762253	-0.0211752577671892	-0.28845470482067	Primary
cancer-like
Lee_2020_Nat_Genet.SC030	normal_epithelial	normal	Epithelial cell	Lee_2020_Nat_Genet	MSS	missing	25	0.0324270024281925	0.168694558456963	-0.08565517865975	873	956	-0.173538662456035	0.0399623874704621	-0.0801267478626362	Normal
epithelium
Lee_2020_Nat_Genet.SC030	tumor_cancer	tumor	Cancer cell	Lee_2020_Nat_Genet	MSS	CMS2	29	0.0374105709394795	0.0274340422106296	0.00783248720916829	873	956	-0.282747904404732	-0.534512291264643	-0.28845470482067	Primary
cancer-like
Lee_2020_Nat_Genet.SC031	normal_epithelial	normal	Epithelial cell	Lee_2020_Nat_Genet	MSS	missing	33	-0.0140739526366225	0.104495488789478	-0.153176727215602	873	956	-0.419742096199651	-0.534512291264643	-0.28845470482067	Normal
epithelium
Lee_2020_Nat_Genet.SC031	tumor_cancer	tumor	Cancer cell	Lee_2020_Nat_Genet	MSS	CMS2	31	0.041394375722584	-0.0482667894306929	0.0244072559530302	873	956	-0.103618779302791	-0.163336117790499	-0.28845470482067	Primary
cancer-like
Lee_2020_Nat_Genet.SMC01	normal_epithelial	normal	Epithelial cell	Lee_2020_Nat_Genet	MSS	missing	6	-0.157623834669176	0.197418211785674	-0.367580405267326	873	956	-0.290671482044629	-0.233347524902923	-0.117141363173664	Normal
epithelium
Lee_2020_Nat_Genet.SMC01	tumor_cancer	tumor	Cancer cell	Lee_2020_Nat_Genet	MSS	CMS2	58	-0.128744085253113	0.254756404643345	-0.374246604705943	873	956	-0.105675079760296	-0.290828439601012	0.187178272328692	Primary
cancer-like
Lee_2020_Nat_Genet.SMC01	tumor_epithelial	tumor	Epithelial cell	Lee_2020_Nat_Genet	MSS	CMS2	1	-0.088067549995582	0.298847873279926	-0.386915423275508	873	956	-0.229965007622507	-0.0916990845846379	-0.211836332237575	Primary
epithelium
Lee_2020_Nat_Genet.SMC02	normal_epithelial	normal	Epithelial cell	Lee_2020_Nat_Genet	MSS	missing	9	-0.238046883458872	-0.0719216680848504	-0.18792505834173	873	956	-0.419742096199651	-0.534512291264643	-0.28845470482067	Normal
epithelium
Lee_2020_Nat_Genet.SMC02	tumor_cancer	tumor	Cancer cell	Lee_2020_Nat_Genet	MSS	CMS2	11	-0.116408238485403	0.130862359298271	-0.269843569235935	873	956	0.0138283842961691	-0.0543008211911985	-0.0766535410013347	Primary
cancer-like
Lee_2020_Nat_Genet.SMC03	normal_epithelial	normal	Epithelial cell	Lee_2020_Nat_Genet	MSI-H	missing	2	-0.167364254397117	-0.157647681417297	-0.00971657297982008	873	956	-0.419742096199651	-0.534512291264643	-0.28845470482067	Normal
epithelium
Lee_2020_Nat_Genet.SMC03	tumor_cancer	tumor	Cancer cell	Lee_2020_Nat_Genet	MSI-H	CMS1	43	-0.100650466280484	0.269963518646664	-0.352988012570943	873	956	-0.33219441839253	-0.457009556134156	-0.161817547705028	Primary
cancer-like
Lee_2020_Nat_Genet.SMC04	normal_epithelial	normal	Epithelial cell	Lee_2020_Nat_Genet	MSS	missing	9	-0.230679075439785	0.0295252935173822	-0.207955272503137	873	956	-0.419742096199651	-0.534512291264643	-0.196687060737518	Normal
epithelium
Lee_2020_Nat_Genet.SMC04	tumor_cancer	tumor	Cancer cell	Lee_2020_Nat_Genet	MSS	CMS4	19	-0.140154869770676	0.116003617547716	-0.17189761131765	873	956	-0.0772325601142768	-0.353274937502419	-0.28845470482067	Primary
cancer-like
Lee_2020_Nat_Genet.SMC05	normal_epithelial	normal	Epithelial cell	Lee_2020_Nat_Genet	MSS	missing	2	-0.20227149418507	0.124735033232423	-0.327006527417492	873	956	-0.366693819520097	-0.41073297901235	0.30721972930784	Normal
epithelium
Lee_2020_Nat_Genet.SMC05	tumor_cancer	tumor	Cancer cell	Lee_2020_Nat_Genet	MSS	CMS4	2	-0.100676905632837	0.184664926962612	-0.285341832595449	873	956	0.0379101627379999	-0.228945119450363	-0.242002381283663	Primary
cancer-like
Lee_2020_Nat_Genet.SMC06	normal_epithelial	normal	Epithelial cell	Lee_2020_Nat_Genet	MSI-H	missing	1	-0.108679083975706	0.297705916666852	-0.406385000642559	873	956	0.062404112233918	0.266921837729814	-0.0472774184551532	Normal
epithelium
Lee_2020_Nat_Genet.SMC06	tumor_cancer	tumor	Cancer cell	Lee_2020_Nat_Genet	MSI-H	CMS4	12	-0.0825540208461645	0.173159263637257	-0.255179899293435	873	956	0.314098698212575	0.0521637070398122	-0.161690201983552	Primary
cancer-like
Lee_2020_Nat_Genet.SMC06	tumor_epithelial	tumor	Epithelial cell	Lee_2020_Nat_Genet	MSI-H	CMS4	1	-0.155119036506802	-0.0304341034282161	-0.124684933078586	873	956	-0.0631762777335707	-0.123851401551002	-0.28845470482067	Primary
epithelium
Lee_2020_Nat_Genet.SMC07	normal_epithelial	normal	Epithelial cell	Lee_2020_Nat_Genet	MSS	missing	11	-0.193400066962981	0.00895957293877737	-0.210109954086338	873	956	-0.313169510350232	-0.285842924282663	-0.28845470482067	Normal
epithelium
Lee_2020_Nat_Genet.SMC07	tumor_cancer	tumor	Cancer cell	Lee_2020_Nat_Genet	MSS	CMS2	38	-0.123352143927414	0.150830180531142	-0.292594465777111	873	956	-0.105741436707997	-0.328320718014029	0.0686988942454865	Primary
cancer-like
Lee_2020_Nat_Genet.SMC07	tumor_epithelial	tumor	Epithelial cell	Lee_2020_Nat_Genet	MSS	CMS2	1	-0.147298164587201	-0.307562237920814	0.160264073333613	873	956	-0.15032462203593	-0.534512291264643	-0.28845470482067	Primary
epithelium
Lee_2020_Nat_Genet.SMC08	tumor_cancer	tumor	Cancer cell	Lee_2020_Nat_Genet	MSS	CMS4	18	-0.0925518565551475	0.183871807968884	-0.249738750088612	873	956	0.158419693744653	0.0199946131474163	0.137843505710587	Primary
cancer-like
Lee_2020_Nat_Genet.SMC09	normal_epithelial	normal	Epithelial cell	Lee_2020_Nat_Genet	MSS	missing	8	-0.254524949009429	-0.104146782251362	-0.15298798360799	873	956	-0.419742096199651	-0.534512291264643	-0.28845470482067	Normal
epithelium
Lee_2020_Nat_Genet.SMC09	tumor_cancer	tumor	Cancer cell	Lee_2020_Nat_Genet	MSS	CMS2	114	-0.128971756531278	0.124705299926032	-0.255657277146363	873	956	0.0244701805501732	0.0172302532557713	-0.0973575143861694	Primary
cancer-like
Lee_2020_Nat_Genet.SMC09	tumor_epithelial	tumor	Epithelial cell	Lee_2020_Nat_Genet	MSS	CMS2	10	-0.0866186924752891	0.250144976991845	-0.3308124124324	873	956	0.127632234422799	-0.0856567668362495	-0.28845470482067	Primary
epithelium
Lee_2020_Nat_Genet.SMC10	normal_epithelial	normal	Epithelial cell	Lee_2020_Nat_Genet	MSI-H	missing	7	-0.198947100239505	0.128984130255863	-0.307463598310378	873	956	-0.182406603693869	0.0192705245821833	-0.28845470482067	Normal
epithelium
Lee_2020_Nat_Genet.SMC10	tumor_cancer	tumor	Cancer cell	Lee_2020_Nat_Genet	MSI-H	CMS1	41	-0.129627459485942	0.0753750016339397	-0.206338473193789	873	956	-0.229564754651238	-0.153101404223858	-0.28845470482067	Primary
cancer-like
Lee_2020_Nat_Genet.SMC10	tumor_epithelial	tumor	Epithelial cell	Lee_2020_Nat_Genet	MSI-H	CMS1	4	-0.0922951392348921	0.151096895501409	-0.256438359029731	873	956	-0.419742096199651	-0.534512291264643	-0.166890627787359	Primary
epithelium
Lee_2020_Nat_Genet.SMC11	tumor_cancer	tumor	Cancer cell	Lee_2020_Nat_Genet	MSS	CMS2	18	-0.134595511004424	0.062673348273185	-0.180541866083768	873	956	-0.12340103057176	-0.235702132301699	-0.236314416229029	Primary
cancer-like
Lee_2020_Nat_Genet.SMC11	tumor_epithelial	tumor	Epithelial cell	Lee_2020_Nat_Genet	MSS	CMS2	1	-0.100514611114886	0.173147233109723	-0.273661844224609	873	956	-0.01357798493	-0.142983831605672	-0.221438534174507	Primary
epithelium
Lee_2020_Nat_Genet.SMC13	normal_epithelial	normal	Epithelial cell	Lee_2020_Nat_Genet	missing	missing	7	-0.23424593703771	-0.261490282411157	0.075725690143403	873	956	-0.419742096199651	-0.534512291264643	-0.28845470482067	Normal
epithelium
Lee_2020_Nat_Genet.SMC13	tumor_cancer	tumor	Cancer cell	Lee_2020_Nat_Genet	missing	CMS2	98	-0.168284266855366	0.0130966027810257	-0.182555422976588	873	956	-0.18538502327546	-0.437503286267399	-0.252375447231903	Primary
cancer-like
Lee_2020_Nat_Genet.SMC13	tumor_epithelial	tumor	Epithelial cell	Lee_2020_Nat_Genet	missing	CMS2	2	-0.148847108351153	-0.0642537161498584	-0.084593392201295	873	956	-0.309646439037644	-0.277622424553293	-0.28845470482067	Primary
epithelium
Lee_2020_Nat_Genet.SMC14	tumor_cancer	tumor	Cancer cell	Lee_2020_Nat_Genet	MSS	CMS4	9	-0.0784545625184618	0.167615181950196	-0.241312800348129	873	956	-0.320832566819628	-0.458674589372543	-0.189511047359522	Primary
cancer-like
Lee_2020_Nat_Genet.SMC15	tumor_cancer	tumor	Cancer cell	Lee_2020_Nat_Genet	MSS	CMS4	20	-0.0729774893573147	0.204277004476169	-0.263125918070586	873	956	0.134783842531795	-0.101676382646487	-0.196298985343517	Primary
cancer-like
Lee_2020_Nat_Genet.SMC16	tumor_cancer	tumor	Cancer cell	Lee_2020_Nat_Genet	MSS	CMS3	157	-0.0941414152199641	0.0479007078972747	-0.130175430256284	873	956	-0.221381881811217	-0.204869089187963	-0.138600246667389	Primary
cancer-like
Lee_2020_Nat_Genet.SMC16	tumor_epithelial	tumor	Epithelial cell	Lee_2020_Nat_Genet	MSS	CMS3	27	-0.0583259226061381	0.170179515781756	-0.244684442968607	873	956	-0.0626723395555525	-0.0750012942652711	-0.28845470482067	Primary
epithelium
Lee_2020_Nat_Genet.SMC17	tumor_cancer	tumor	Cancer cell	Lee_2020_Nat_Genet	MSS	CMS1	32	-0.121237644272643	0.069441596715184	-0.204421938238684	873	956	-0.131410585506356	0.056769324174725	-0.28845470482067	Primary
cancer-like
Lee_2020_Nat_Genet.SMC171	normal_epithelial	normal	Epithelial cell	Lee_2020_Nat_Genet	missing	missing	41	-0.259361009417709	-0.0201111042037562	-0.255784533248312	873	956	-0.419742096199651	-0.534512291264643	-0.28845470482067	Normal
epithelium
Lee_2020_Nat_Genet.SMC171	tumor_cancer	tumor	Cancer cell	Lee_2020_Nat_Genet	missing	CMS1	74	-0.118541816038262	0.101497434139112	-0.207858328728315	873	956	-0.235585757216302	-0.207819545263154	-0.0443991228416109	Primary
cancer-like
Lee_2020_Nat_Genet.SMC171	tumor_epithelial	tumor	Epithelial cell	Lee_2020_Nat_Genet	missing	CMS1	7	-0.071014178813438	0.293167848498682	-0.342221723644298	873	956	-0.18629164778492	-0.31544134613523	-0.16163946585268	Primary
epithelium
Lee_2020_Nat_Genet.SMC18	tumor_cancer	tumor	Cancer cell	Lee_2020_Nat_Genet	MSS	CMS2	85	-0.12125246548174	0.141346067007709	-0.260573890229918	873	956	0.0649776432233635	-0.137979444162394	-0.101676251609715	Primary
cancer-like
Lee_2020_Nat_Genet.SMC18	tumor_epithelial	tumor	Epithelial cell	Lee_2020_Nat_Genet	MSS	CMS2	4	-0.0277240392687497	0.181235303764279	-0.242489067238136	873	956	0.156899316541762	-0.149458992592531	-0.239826684354828	Primary
epithelium
Lee_2020_Nat_Genet.SMC19	tumor_cancer	tumor	Cancer cell	Lee_2020_Nat_Genet	MSS	CMS3	21	-0.110042725075294	0.123520395492461	-0.206454632197367	873	956	-0.120916391357416	-0.00422688543193587	-0.28845470482067	Primary
cancer-like
Lee_2020_Nat_Genet.SMC19	tumor_epithelial	tumor	Epithelial cell	Lee_2020_Nat_Genet	MSS	CMS3	4	-0.138924275457613	-0.0334468377088013	-0.105477437748811	873	956	-0.0375839425676236	0.06734165255865	-0.21389000891628	Primary
epithelium
Lee_2020_Nat_Genet.SMC20	tumor_cancer	tumor	Cancer cell	Lee_2020_Nat_Genet	MSS	CMS4	25	-0.0813332844172087	0.153313891395695	-0.230287387454631	873	956	-0.300036187398031	-0.303292301049411	-0.216496844721051	Primary
cancer-like
Lee_2020_Nat_Genet.SMC20	tumor_epithelial	tumor	Epithelial cell	Lee_2020_Nat_Genet	MSS	CMS4	2	-0.0547906853981988	0.0415165918475119	-0.0963072772457107	873	956	-0.375811633454996	-0.432007878193781	-0.225739761316676	Primary
epithelium
Lee_2020_Nat_Genet.SMC21	tumor_cancer	tumor	Cancer cell	Lee_2020_Nat_Genet	MSS	CMS2	88	-0.0816545911561029	0.121943697458457	-0.199170854670583	873	956	0.084500507719562	0.0322082507214437	-0.177826698200208	Primary
cancer-like
Lee_2020_Nat_Genet.SMC21	tumor_epithelial	tumor	Epithelial cell	Lee_2020_Nat_Genet	MSS	CMS2	2	-0.101130573021988	0.166234819127799	-0.267365392149787	873	956	-0.419742096199651	-0.534512291264643	-0.28845470482067	Primary
epithelium
Lee_2020_Nat_Genet.SMC22	tumor_cancer	tumor	Cancer cell	Lee_2020_Nat_Genet	MSS	CMS2	104	-0.116374358422184	0.11610098169113	-0.23161052719578	873	956	0.204308998697492	0.278777599394978	-0.113923995966616	Primary
cancer-like
Lee_2020_Nat_Genet.SMC22	tumor_epithelial	tumor	Epithelial cell	Lee_2020_Nat_Genet	MSS	CMS2	1	-0.056086320108457	0.333834934840496	-0.389921254948953	873	956	0.496216464697713	0.885042264012826	-0.159937651232996	Primary
epithelium
Lee_2020_Nat_Genet.SMC23	tumor_cancer	tumor	Cancer cell	Lee_2020_Nat_Genet	MSS	CMS2	40	-0.138022484775184	-0.215064057660539	0.0447044835337404	873	956	-0.1622886055315	-0.387142166683376	-0.239757938390957	Primary
cancer-like
Lee_2020_Nat_Genet.SMC24	tumor_cancer	tumor	Cancer cell	Lee_2020_Nat_Genet	MSI-H	CMS1	13	-0.0726211779587764	0.155610812844031	-0.21210336578594	873	956	0.0722901171093494	0.327682678586918	0.0250147568237575	Primary
cancer-like
Lee_2020_Nat_Genet.SMC25	tumor_cancer	tumor	Cancer cell	Lee_2020_Nat_Genet	MSS	CMS2	20	-0.165824266739299	0.0994388279244889	-0.265553143458969	873	956	0.139332633169227	0.279287416086762	-0.246491160827464	Primary
cancer-like
Li_2017_Nat_Genet.CRC01	tumor_cancer	tumor	Cancer cell	Li_2017_Nat_Genet	missing	missing	1	-0.289994314365853	-0.228654608327582	-0.0613397060382714	873	956	0.451787892415334	1.33383351579861	-0.28845470482067	Primary
cancer-like
Li_2017_Nat_Genet.CRC05	normal_epithelial	normal	Epithelial cell	Li_2017_Nat_Genet	missing	missing	1	-0.278846778098501	0.0225927172278934	-0.301439495326394	873	956	-0.419742096199651	-0.534512291264643	-0.28845470482067	Normal
epithelium
Li_2017_Nat_Genet.CRC09	tumor_cancer	tumor	Cancer cell	Li_2017_Nat_Genet	missing	missing	1	-0.312955805253209	-0.247840646589566	-0.0651151586636435	873	956	-0.419742096199651	-0.534512291264643	0.799042083865619	Primary
cancer-like
Li_2017_Nat_Genet.CRC10	tumor_cancer	tumor	Cancer cell	Li_2017_Nat_Genet	missing	missing	1	-0.30610799739723	-0.387337445797969	0.0812294484007386	873	956	-0.0516835988599014	0.324290869194774	0.400437736960058	Primary
cancer-like
Li_2023_Cancer_Cell.P11	normal_epithelial	normal	Epithelial cell	Li_2023_Cancer_Cell	MSI-H	missing	3	-0.131489251362559	0.19111306179178	-0.295302584100607	873	956	-0.215381046315809	-0.0576698415356759	-0.155998794055895	Normal
epithelium
Li_2023_Cancer_Cell.P11	tumor_cancer	tumor	Cancer cell	Li_2023_Cancer_Cell	MSI-H	missing	7	-0.239250939834418	0.0652166829622884	-0.339542154420186	873	956	-0.419742096199651	-0.534512291264643	-0.28845470482067	Primary
cancer-like
Li_2023_Cancer_Cell.P11	tumor_epithelial	tumor	Epithelial cell	Li_2023_Cancer_Cell	MSI-H	missing	2	-0.125947088927338	-0.0641485124707074	-0.0617985764566305	873	956	0.0691328101234238	0.606195823489199	-0.182874160709133	Primary
epithelium
Li_2023_Cancer_Cell.P12	normal_epithelial	normal	Epithelial cell	Li_2023_Cancer_Cell	MSI-H	missing	25	-0.0663033799664086	0.202995474392692	-0.280648953209866	873	956	-0.175679357173088	-0.0980865387197047	-0.0277087120698001	Normal
epithelium
Li_2023_Cancer_Cell.P12	tumor_cancer	tumor	Cancer cell	Li_2023_Cancer_Cell	MSI-H	CMS1	77	-0.0523347764424046	0.116827496420535	-0.20299399530515	873	956	0.0719782785246784	0.0736339741870679	0.0556367988963556	Primary
cancer-like
Li_2023_Cancer_Cell.P12	tumor_epithelial	tumor	Epithelial cell	Li_2023_Cancer_Cell	MSI-H	CMS1	2	-0.0831187015620211	0.0572279615716248	-0.140346663133646	873	956	-0.120648526992425	0.163372703552219	-0.28845470482067	Primary
epithelium
Li_2023_Cancer_Cell.P14	tumor_cancer	tumor	Cancer cell	Li_2023_Cancer_Cell	MSI-H	CMS3	98	-0.148847612131777	0.105447161100079	-0.250602941120715	873	956	-0.141898266306995	-0.136376492825652	-0.161679390509985	Primary
cancer-like
Li_2023_Cancer_Cell.P14	tumor_epithelial	tumor	Epithelial cell	Li_2023_Cancer_Cell	MSI-H	CMS3	9	-0.142167533042948	-0.00406297307347995	-0.168927269395804	873	956	0.0607204148269424	0.061482495606883	-0.28845470482067	Primary
epithelium
Li_2023_Cancer_Cell.P15	normal_epithelial	normal	Epithelial cell	Li_2023_Cancer_Cell	missing	missing	52	-0.135257477320679	0.167243251461608	-0.31375671256281	873	956	-0.107239343959498	0.0440905568820086	-0.137292798303428	Normal
epithelium
Li_2023_Cancer_Cell.P15	tumor_cancer	tumor	Cancer cell	Li_2023_Cancer_Cell	missing	CMS4	33	-0.135672630840804	0.123318201573046	-0.230006907032048	873	956	-0.290025924548521	-0.424989527731495	-0.28845470482067	Primary
cancer-like
Li_2023_Cancer_Cell.P15	tumor_epithelial	tumor	Epithelial cell	Li_2023_Cancer_Cell	missing	CMS4	3	-0.0821762300664027	0.101501538599377	-0.193983924370769	873	956	0.291135508710633	0.992849538636444	-0.28845470482067	Primary
epithelium
Li_2023_Cancer_Cell.P17	normal_epithelial	normal	Epithelial cell	Li_2023_Cancer_Cell	MSI-H	missing	15	-0.145063609917699	-0.0433972679021058	-0.134180751842218	873	956	-0.419742096199651	-0.534512291264643	-0.28845470482067	Normal
epithelium
Li_2023_Cancer_Cell.P17	tumor_cancer	tumor	Cancer cell	Li_2023_Cancer_Cell	MSI-H	CMS4	2	-0.162301021513328	0.0548312666118919	-0.21713228812522	873	956	-0.419742096199651	-0.534512291264643	-0.28845470482067	Primary
cancer-like
Li_2023_Cancer_Cell.P17	tumor_epithelial	tumor	Epithelial cell	Li_2023_Cancer_Cell	MSI-H	CMS4	5	-0.0618722701209791	-0.0188436620888853	-0.0726890284848696	873	956	0.0354603461004796	0.486243073326864	-0.28845470482067	Primary
epithelium
Li_2023_Cancer_Cell.P18	normal_epithelial	normal	Epithelial cell	Li_2023_Cancer_Cell	missing	missing	53	-0.222201732074278	-0.0703123682152021	-0.147944361612595	873	956	-0.419742096199651	-0.534512291264643	-0.28845470482067	Normal
epithelium
Li_2023_Cancer_Cell.P18	tumor_cancer	tumor	Cancer cell	Li_2023_Cancer_Cell	missing	CMS3	234	-0.0982367541535168	0.0897632720861668	-0.17091556711779	873	956	0.00996648956866545	0.244678256837211	0.337518861949561	Primary
cancer-like
Li_2023_Cancer_Cell.P18	tumor_epithelial	tumor	Epithelial cell	Li_2023_Cancer_Cell	missing	CMS3	14	-0.134064611604232	-0.0658668094270386	-0.0667808430496316	873	956	-0.144100400858194	-0.288185101589084	-0.28845470482067	Primary
epithelium
Li_2023_Cancer_Cell.P19	normal_epithelial	normal	Epithelial cell	Li_2023_Cancer_Cell	missing	missing	12	-0.154580252025042	0.0520616656483237	-0.181831478206976	873	956	-0.419742096199651	-0.534512291264643	-0.28845470482067	Normal
epithelium
Li_2023_Cancer_Cell.P19	tumor_cancer	tumor	Cancer cell	Li_2023_Cancer_Cell	missing	CMS4	53	-0.0328639912657145	-0.0487794100701124	-0.00839602568858164	873	956	-0.0300566213342535	0.199367824253569	-0.28845470482067	Primary
cancer-like
Li_2023_Cancer_Cell.P19	tumor_epithelial	tumor	Epithelial cell	Li_2023_Cancer_Cell	missing	CMS4	13	0.00336970581227281	-0.16945127725428	0.16682205306108	873	956	-0.00820972411302831	0.324513030894712	-0.28845470482067	Primary
epithelium
Li_2023_Cancer_Cell.P21	tumor_cancer	tumor	Cancer cell	Li_2023_Cancer_Cell	missing	CMS3	68	-0.0704214305120747	0.099080470056555	-0.180070236708999	873	956	-0.0384378506407908	0.178085744757111	-0.28845470482067	Primary
cancer-like
Li_2023_Cancer_Cell.P21	tumor_epithelial	tumor	Epithelial cell	Li_2023_Cancer_Cell	missing	CMS3	6	0.0193300535792818	0.0284316619395317	-0.0134105866865812	873	956	0.0437534334626347	0.283743797964021	-0.193788836379477	Primary
epithelium
Li_2023_Cancer_Cell.P23	tumor_cancer	tumor	Cancer cell	Li_2023_Cancer_Cell	MSI-H	CMS1	198	-0.0960398793536963	0.0599084161567277	-0.150006144944007	873	956	-0.0834390116844425	-0.143393662345495	0.0687877229727999	Primary
cancer-like
Li_2023_Cancer_Cell.P24	tumor_cancer	tumor	Cancer cell	Li_2023_Cancer_Cell	MSI-H	CMS3	142	-0.0703511022050203	0.208608990004981	-0.270689779773377	873	956	0.217694428988107	0.916076814352028	-0.116259482566878	Primary
cancer-like
Li_2023_Cancer_Cell.P24	tumor_epithelial	tumor	Epithelial cell	Li_2023_Cancer_Cell	MSI-H	CMS3	93	-0.0653647360822239	-0.111001518124045	0.036302885410089	873	956	0.0321635334748757	0.490299696316737	-0.28845470482067	Primary
epithelium
Li_2023_Cancer_Cell.P25	normal_epithelial	normal	Epithelial cell	Li_2023_Cancer_Cell	MSI-H	missing	25	-0.0956825496563583	0.150091350974735	-0.253216337604327	873	956	-0.0823877319438205	0.252647891998963	-0.171036112129127	Normal
epithelium
Li_2023_Cancer_Cell.P25	tumor_cancer	tumor	Cancer cell	Li_2023_Cancer_Cell	MSI-H	CMS3	148	-0.0574751934208093	0.184853765312822	-0.241263878023205	873	956	0.365643484642857	1.14216680601496	-0.0847409808697996	Primary
cancer-like
Li_2023_Cancer_Cell.P25	tumor_epithelial	tumor	Epithelial cell	Li_2023_Cancer_Cell	MSI-H	CMS3	58	-0.0610025948841602	0.00349003005315352	-0.0573139826301241	873	956	0.0411661018819237	0.263076817752458	-0.28845470482067	Primary
epithelium
Li_2023_Cancer_Cell.P26	tumor_cancer	tumor	Cancer cell	Li_2023_Cancer_Cell	missing	CMS3	76	-0.0059860530429424	0.118898594331178	-0.141013258703124	873	956	-0.0205806229074736	0.130394103534581	0.58801398296068	Primary
cancer-like
Li_2023_Cancer_Cell.P26	tumor_epithelial	tumor	Epithelial cell	Li_2023_Cancer_Cell	missing	CMS3	3	-0.011072077348532	-0.0659459475678836	0.059358351911831	873	956	0.476656120483821	1.55708354766346	-0.15608200914896	Primary
epithelium
Li_2023_Cancer_Cell.P27	normal_epithelial	normal	Epithelial cell	Li_2023_Cancer_Cell	missing	missing	50	-0.150613793785196	0.0855639463646096	-0.214845932813218	873	956	-0.278449693193614	-0.319793690446944	-0.248419344004478	Normal
epithelium
Li_2023_Cancer_Cell.P27	tumor_cancer	tumor	Cancer cell	Li_2023_Cancer_Cell	missing	CMS2	198	-0.111764226059035	0.217277644527504	-0.322133848759802	873	956	0.0564572360230474	0.325840151011547	-0.133464439354405	Primary
cancer-like
Li_2023_Cancer_Cell.P27	tumor_epithelial	tumor	Epithelial cell	Li_2023_Cancer_Cell	missing	CMS2	71	-0.0768333226245465	-0.065198112627217	-0.0218731761062632	873	956	0.105394109164817	0.237968890855532	-0.28845470482067	Primary
epithelium
Li_2023_Cancer_Cell.P28	normal_epithelial	normal	Epithelial cell	Li_2023_Cancer_Cell	missing	missing	24	-0.0925414653536266	0.204597806635716	-0.323607203735348	873	956	-0.282130807235682	-0.319260597410977	-0.135510807161524	Normal
epithelium
Li_2023_Cancer_Cell.P28	tumor_cancer	tumor	Cancer cell	Li_2023_Cancer_Cell	missing	CMS3	104	-0.069272526144878	0.189232827913007	-0.25402019633983	873	956	-0.124530433881639	0.0824861331997916	-0.152872615452284	Primary
cancer-like
Li_2023_Cancer_Cell.P28	tumor_epithelial	tumor	Epithelial cell	Li_2023_Cancer_Cell	missing	CMS3	75	-0.0404329791492249	-0.0147454114991252	-0.043069708048563	873	956	-0.00218630433332863	0.0952733301744081	-0.28845470482067	Primary
epithelium
Li_2023_Cancer_Cell.P29	normal_epithelial	normal	Epithelial cell	Li_2023_Cancer_Cell	missing	missing	16	-0.0750242736418473	0.0866086022633529	-0.179735576102062	873	956	-0.155342954018259	0.0528161451254677	-0.127830079868361	Normal
epithelium
Li_2023_Cancer_Cell.P29	tumor_cancer	tumor	Cancer cell	Li_2023_Cancer_Cell	missing	missing	34	-0.0623726955369144	-0.0283300238709362	-0.0205196874353325	873	956	-0.0401118002723799	0.117062482075926	-0.28845470482067	Primary
cancer-like
Li_2023_Cancer_Cell.P29	tumor_epithelial	tumor	Epithelial cell	Li_2023_Cancer_Cell	missing	missing	6	-0.0552287067533736	-0.29104175043762	0.205132158746481	873	956	-0.285832832657405	-0.2220573429994	-0.28845470482067	Primary
epithelium
Li_2023_Cancer_Cell.P30	normal_epithelial	normal	Epithelial cell	Li_2023_Cancer_Cell	MSI-H	missing	17	-0.165507164447765	0.0664263146733263	-0.274057676289971	873	956	-0.322711655974587	-0.534512291264643	-0.28845470482067	Normal
epithelium
Li_2023_Cancer_Cell.P30	tumor_cancer	tumor	Cancer cell	Li_2023_Cancer_Cell	MSI-H	CMS1	68	-0.0419407908565783	0.209786388651042	-0.232654845934487	873	956	-0.115926896186992	-0.0681612050076249	0.322116791076999	Primary
cancer-like
Li_2023_Cancer_Cell.P30	tumor_epithelial	tumor	Epithelial cell	Li_2023_Cancer_Cell	MSI-H	CMS1	7	-0.0690189668209291	-0.0760597884092394	0.00607701915237335	873	956	0.0536461248133063	0.565974491968884	-0.28845470482067	Primary
epithelium
Li_2023_Cancer_Cell.P31	normal_epithelial	normal	Epithelial cell	Li_2023_Cancer_Cell	MSI-H	missing	3	-0.157581782094206	0.138391323330677	-0.295973105424883	873	956	-0.419742096199651	-0.534512291264643	-0.28845470482067	Normal
epithelium
Li_2023_Cancer_Cell.P31	tumor_cancer	tumor	Cancer cell	Li_2023_Cancer_Cell	MSI-H	missing	352	0.00503592680981851	0.209910067458887	-0.205509049732755	873	956	-0.100400661270188	-0.13426678095339	0.530190853480616	Primary
cancer-like
Li_2023_Cancer_Cell.P31	tumor_epithelial	tumor	Epithelial cell	Li_2023_Cancer_Cell	MSI-H	missing	6	-0.0468596635333465	0.010756326731693	-0.0486207844133812	873	956	-0.0635057885715446	0.102414651312048	-0.28845470482067	Primary
epithelium
Li_2023_Cancer_Cell.P32	normal_epithelial	normal	Epithelial cell	Li_2023_Cancer_Cell	MSI-H	missing	20	-0.0932031548069593	0.150710834525184	-0.248712294295244	873	956	0.139786578541962	0.624050045288722	-0.0662092038348566	Normal
epithelium
Li_2023_Cancer_Cell.P32	tumor_cancer	tumor	Cancer cell	Li_2023_Cancer_Cell	MSI-H	CMS3	62	-0.0854166706068645	0.154554217112075	-0.248568240505273	873	956	0.110158811089277	0.231640480057277	-0.0772792470792335	Primary
cancer-like
Li_2023_Cancer_Cell.P32	tumor_epithelial	tumor	Epithelial cell	Li_2023_Cancer_Cell	MSI-H	CMS3	40	-0.083882288780494	-0.0279584760306033	-0.0769485822166701	873	956	-0.147204479445118	0.0581307003120155	-0.28845470482067	Primary
epithelium
Li_2023_Cancer_Cell.P33	tumor_cancer	tumor	Cancer cell	Li_2023_Cancer_Cell	MSI-H	CMS3	109	-0.0489206814646529	0.173183914000917	-0.217723735915922	873	956	0.142535786593469	0.773220480238186	0.172698448778257	Primary
cancer-like
Li_2023_Cancer_Cell.P33	tumor_epithelial	tumor	Epithelial cell	Li_2023_Cancer_Cell	MSI-H	CMS3	7	-0.0200947579524233	0.0982595313329134	-0.14195685540974	873	956	-0.252244257304715	-0.189450437506823	-0.28845470482067	Primary
epithelium
Liu_2024_Cancer_Res.Pt01	metastasis_cancer	metastasis	Cancer cell	Liu_2024_Cancer_Res	MSS	missing	412	0.211735538482448	0.150500924481575	0.0620876854047503	873	956	0.370391791929785	0.19039867740552	0.00132534485950251	Metastasis
cancer-like
Liu_2024_Cancer_Res.Pt01	metastasis_epithelial	metastasis	Epithelial cell	Liu_2024_Cancer_Res	MSS	missing	3	0.09814507725057	-0.175180240025985	0.365332279875858	873	956	0.0319480828530674	0.519431459858368	-0.28845470482067	Metastasis
epithelium
Liu_2024_Cancer_Res.Pt01	tumor_cancer	tumor	Cancer cell	Liu_2024_Cancer_Res	MSS	missing	90	0.204155003791138	0.292284732780195	-0.0819172450274757	873	956	0.374905032306646	0.330690472397125	-0.0933476446180069	Primary
cancer-like
Liu_2024_Cancer_Res.Pt02	metastasis_cancer	metastasis	Cancer cell	Liu_2024_Cancer_Res	MSS	missing	344	0.122807705076175	0.469138954875501	-0.343886831592927	873	956	0.575890450603602	0.271291712460183	-0.0716709234508401	Metastasis
cancer-like
Liu_2024_Cancer_Res.Pt02	tumor_cancer	tumor	Cancer cell	Liu_2024_Cancer_Res	MSS	missing	55	0.202666522898482	0.407507684512024	-0.210444923052475	873	956	0.483763640607425	0.249063307334265	0.486023928077912	Primary
cancer-like
Liu_2024_Cancer_Res.Pt03	metastasis_cancer	metastasis	Cancer cell	Liu_2024_Cancer_Res	MSS	missing	354	0.053169941381378	0.455593500028945	-0.394554713619733	873	956	0.45771507657742	0.0290597011444042	-0.28845470482067	Metastasis
cancer-like
Liu_2024_Cancer_Res.Pt03	tumor_cancer	tumor	Cancer cell	Liu_2024_Cancer_Res	MSS	missing	91	0.168410335527466	0.442166797163157	-0.268969706228312	873	956	0.527647818635788	0.368006903268605	-0.28845470482067	Primary
cancer-like
Liu_2024_Cancer_Res.Pt04	metastasis_cancer	metastasis	Cancer cell	Liu_2024_Cancer_Res	MSS	missing	435	0.117632314688038	0.0820665857720931	-0.00114474234617498	873	956	-0.0890077572667759	-0.249684649471783	-0.28845470482067	Metastasis
cancer-like
Liu_2024_Cancer_Res.Pt04	tumor_cancer	tumor	Cancer cell	Liu_2024_Cancer_Res	MSS	missing	21	0.182975338479267	0.361052654262953	-0.201233967432966	873	956	0.00881675103032652	0.0693393146432079	0.569824594060924	Primary
cancer-like
Liu_2024_Cancer_Res.Pt05	metastasis_cancer	metastasis	Cancer cell	Liu_2024_Cancer_Res	MSS	missing	52	-0.0692071672851153	0.15702539183528	-0.208854080967087	873	956	0.178561291786734	-0.534512291264643	0.598588577543772	Metastasis
cancer-like
Liu_2024_Cancer_Res.Pt05	tumor_cancer	tumor	Cancer cell	Liu_2024_Cancer_Res	MSS	missing	42	0.197826089637002	0.502726836817604	-0.296990076216189	873	956	0.776003214304356	0.227200898836221	0.946240962612132	Primary
cancer-like
Liu_2024_Cancer_Res.Pt06	metastasis_cancer	metastasis	Cancer cell	Liu_2024_Cancer_Res	MSS	missing	176	0.17996605256675	0.182446260760794	0.0133950544536815	873	956	0.293305895313728	0.338580520981188	-0.28845470482067	Metastasis
cancer-like
Liu_2024_Cancer_Res.Pt06	tumor_cancer	tumor	Cancer cell	Liu_2024_Cancer_Res	MSS	missing	29	0.246220990610815	0.254461629420515	-0.0187862471890411	873	956	1.06024968263951	1.3731949835648	-0.0413656817137827	Primary
cancer-like
Liu_2024_Cancer_Res.Pt07	metastasis_cancer	metastasis	Cancer cell	Liu_2024_Cancer_Res	MSS	missing	112	0.136025501802437	0.410086907674414	-0.271993708965355	873	956	0.416106530707752	0.414515135383191	-0.19250922112181	Metastasis
cancer-like
Liu_2024_Cancer_Res.Pt07	tumor_cancer	tumor	Cancer cell	Liu_2024_Cancer_Res	MSS	missing	23	0.052531668813765	0.112341881527446	-0.100092845481308	873	956	0.270955387278423	0.12944238852167	-0.28845470482067	Primary
cancer-like
Liu_2024_Cancer_Res.Pt07	tumor_epithelial	tumor	Epithelial cell	Liu_2024_Cancer_Res	MSS	missing	1	0.00325416036271655	-0.379786659895471	0.383040820258188	873	956	-0.419742096199651	-0.534512291264643	-0.28845470482067	Primary
epithelium
Liu_2024_Cancer_Res.Pt08	metastasis_cancer	metastasis	Cancer cell	Liu_2024_Cancer_Res	MSS	missing	941	0.0870940054782464	0.157900719343331	-0.152052520202086	873	956	0.537040591109442	0.61132972235471	-0.28845470482067	Metastasis
cancer-like
Liu_2024_Cancer_Res.Pt08	metastasis_epithelial	metastasis	Epithelial cell	Liu_2024_Cancer_Res	MSS	missing	194	0.112165108733082	-0.202501315996918	0.317484189164949	873	956	0.176069617509757	0.472919101637923	-0.28845470482067	Metastasis
epithelium
Liu_2024_Cancer_Res.Pt08	tumor_cancer	tumor	Cancer cell	Liu_2024_Cancer_Res	MSS	missing	53	0.137174474875124	0.323994432472446	-0.185551944268192	873	956	0.512053074511222	0.30963764985547	-0.17526376613037	Primary
cancer-like
Liu_2024_Cancer_Res.Pt08	tumor_epithelial	tumor	Epithelial cell	Liu_2024_Cancer_Res	MSS	missing	5	0.0657555751697346	-0.0708931158218577	0.155648555475321	873	956	-0.203430348261694	-0.0297848794094076	-0.28845470482067	Primary
epithelium
Liu_2024_Cancer_Res.Pt09	tumor_cancer	tumor	Cancer cell	Liu_2024_Cancer_Res	MSS	missing	12	0.101614542407386	-0.0350452827877971	-0.00564182996461274	873	956	0.350417493756362	0.517757340318227	0.0559518273635329	Primary
cancer-like
Liu_2024_Cancer_Res.Pt09	tumor_epithelial	tumor	Epithelial cell	Liu_2024_Cancer_Res	MSS	missing	2	-0.0682518105496045	0.132111939240736	-0.200363749790341	873	956	-0.275249659886037	-0.334634419413336	-0.28845470482067	Primary
epithelium
Liu_2024_Cancer_Res.Pt10	tumor_cancer	tumor	Cancer cell	Liu_2024_Cancer_Res	MSS	missing	67	0.183061475255814	-0.146451166130421	0.304297441231548	873	956	0.19012732327258	0.529848131233258	-0.132399964326633	Primary
cancer-like
Liu_2024_Cancer_Res.Pt10	tumor_epithelial	tumor	Epithelial cell	Liu_2024_Cancer_Res	MSS	missing	1	0.308828573438686	-0.272028859200912	0.580857432639598	873	956	0.141702794325027	0.775525786626273	-0.28845470482067	Primary
epithelium
Liu_2024_Cancer_Res.Pt11	metastasis_cancer	metastasis	Cancer cell	Liu_2024_Cancer_Res	MSS	missing	86	0.154689083740391	0.24053657135978	-0.0619607265967439	873	956	0.145379433562198	0.316864898440969	-0.28845470482067	Metastasis
cancer-like
Liu_2024_Cancer_Res.Pt11	tumor_cancer	tumor	Cancer cell	Liu_2024_Cancer_Res	MSS	missing	144	0.119924977065993	0.413134683209599	-0.273219513414701	873	956	0.206064433201814	0.0850557482361016	0.362940327563827	Primary
cancer-like
Liu_2024_Cancer_Res.Pt13	normal_epithelial	normal	Epithelial cell	Liu_2024_Cancer_Res	MSS	missing	85	-0.0404672272647014	-0.169084740841001	0.136750913609739	873	956	-0.419742096199651	-0.534512291264643	-0.28845470482067	Normal
epithelium
Liu_2024_Cancer_Res.Pt13	tumor_cancer	tumor	Cancer cell	Liu_2024_Cancer_Res	MSS	missing	55	0.247540943723709	-0.294256048693327	0.502016202275244	873	956	0.21641992845377	-0.102770671597967	-0.28845470482067	Primary
cancer-like
Liu_2024_Cancer_Res.Pt15	metastasis_cancer	metastasis	Cancer cell	Liu_2024_Cancer_Res	MSS	missing	769	0.122448936304945	0.307263560002674	-0.162244089143189	873	956	0.791154251471597	0.813574162569921	0.245336072210312	Metastasis
cancer-like
Liu_2024_Cancer_Res.Pt15	normal_epithelial	normal	Epithelial cell	Liu_2024_Cancer_Res	MSS	missing	235	-0.0940467362282417	0.133126053560828	-0.249217358311105	873	956	-0.260368637174102	-0.345701668839316	-0.28845470482067	Normal
epithelium
Liu_2024_Cancer_Res.Pt15	tumor_cancer	tumor	Cancer cell	Liu_2024_Cancer_Res	MSS	missing	31	0.0256739233546282	0.320383477797477	-0.283026213557127	873	956	0.774480555289035	0.534842218712309	0.315725533566762	Primary
cancer-like
Liu_2024_Cancer_Res.Pt16	metastasis_cancer	metastasis	Cancer cell	Liu_2024_Cancer_Res	MSS	missing	6	0.31333039043025	0.165896283169011	0.12298573415121	873	956	0.575504613199568	0.224568713757249	0.540976588639573	Metastasis
cancer-like
Liu_2024_Cancer_Res.Pt17	metastasis_cancer	metastasis	Cancer cell	Liu_2024_Cancer_Res	MSS	missing	28	0.189573793785532	0.44152350955969	-0.251146336802828	873	956	0.439469485936246	0.392550903530412	-0.17557152540241	Metastasis
cancer-like
Liu_2024_Cancer_Res.Pt17	normal_epithelial	normal	Epithelial cell	Liu_2024_Cancer_Res	MSS	missing	26	-0.105829871236947	0.302514189183799	-0.4075870879479	873	956	-0.268752372588143	-0.234897290734028	-0.28845470482067	Normal
epithelium
Liu_2024_Cancer_Res.Pt18	metastasis_cancer	metastasis	Cancer cell	Liu_2024_Cancer_Res	MSS	missing	776	0.0945361798550237	0.237770499301869	-0.127265488826168	873	956	0.512164915117941	0.24960529950915	-0.28845470482067	Metastasis
cancer-like
Liu_2024_Cancer_Res.Pt18	normal_epithelial	normal	Epithelial cell	Liu_2024_Cancer_Res	MSS	missing	28	-0.111544337102178	0.035235645987004	-0.14038147752115	873	956	-0.370692524016393	-0.534512291264643	-0.28845470482067	Normal
epithelium
Liu_2024_Cancer_Res.Pt18	tumor_cancer	tumor	Cancer cell	Liu_2024_Cancer_Res	MSS	missing	112	0.188128985188085	0.35328056890062	-0.158651952712733	873	956	0.765826369232005	0.374265776894466	-0.0782646492017737	Primary
cancer-like
MUI_Innsbruck.P11	normal_epithelial	normal	Epithelial cell	MUI_Innsbruck	MSS	missing	104	-0.03530411985021	0.329249453809957	-0.367242308939831	873	956	-0.121832606257068	0.098776336013698	-0.263262840395794	Normal
epithelium
MUI_Innsbruck.P11	tumor_cancer	tumor	Cancer cell	MUI_Innsbruck	MSS	CMS3	63	0.0253243461799046	0.144756407384657	-0.188619166136148	873	956	0.206361401347679	0.472439749915006	-0.28845470482067	Primary
cancer-like
MUI_Innsbruck.P11	tumor_epithelial	tumor	Epithelial cell	MUI_Innsbruck	MSS	CMS3	12	0.286413411761948	-0.297844098887545	0.575117262655498	873	956	-0.419742096199651	-0.534512291264643	-0.28845470482067	Primary
epithelium
MUI_Innsbruck.P12	normal_epithelial	normal	Epithelial cell	MUI_Innsbruck	MSS	missing	72	-0.0653780016786775	0.298497050720334	-0.43349860097145	873	956	-0.345359267192801	-0.371301258091969	-0.28845470482067	Normal
epithelium
MUI_Innsbruck.P12	tumor_cancer	tumor	Cancer cell	MUI_Innsbruck	MSS	CMS3	84	0.137352514547277	0.0337429413715149	0.142575863802454	873	956	0.444143622771392	0.543800926787768	-0.28845470482067	Primary
cancer-like
MUI_Innsbruck.P12	tumor_epithelial	tumor	Epithelial cell	MUI_Innsbruck	MSS	CMS3	4	0.322735946503656	-0.266915616470855	0.705426666520456	873	956	-0.100609224673056	0.210131075630747	-0.28845470482067	Primary
epithelium
MUI_Innsbruck.P13	normal_epithelial	normal	Epithelial cell	MUI_Innsbruck	MSS	missing	28	0.0346216017531015	-0.167215561417414	0.181261557604648	873	956	-0.235293509465346	-0.104132255551263	-0.28845470482067	Normal
epithelium
MUI_Innsbruck.P13	tumor_cancer	tumor	Cancer cell	MUI_Innsbruck	MSS	CMS2	88	-0.00288702714521667	0.158702412409629	-0.243547032966557	873	956	0.309142183204531	0.587437770693407	-0.244981937442127	Primary
cancer-like
MUI_Innsbruck.P13	tumor_epithelial	tumor	Epithelial cell	MUI_Innsbruck	MSS	CMS2	15	0.264230311592649	-0.357330446363813	0.641184627314833	873	956	-0.211805233630641	-0.534512291264643	-0.28845470482067	Primary
epithelium
MUI_Innsbruck.P14	normal_epithelial	normal	Epithelial cell	MUI_Innsbruck	missing	missing	43	-0.0430585069230277	-0.0296378432019768	-0.0636779146023494	873	956	-0.324263950048712	-0.339564761846788	-0.28845470482067	Normal
epithelium
MUI_Innsbruck.P14	tumor_cancer	tumor	Cancer cell	MUI_Innsbruck	missing	CMS3	56	0.0594758862542861	0.090179307031133	-0.141825580134458	873	956	0.161629406075875	0.278390481930988	-0.192019689605015	Primary
cancer-like
MUI_Innsbruck.P14	tumor_epithelial	tumor	Epithelial cell	MUI_Innsbruck	missing	CMS3	21	0.163896632109703	-0.366410120649554	0.528732913672773	873	956	-0.419742096199651	-0.534512291264643	-0.28845470482067	Primary
epithelium
MUI_Innsbruck.P15	normal_epithelial	normal	Epithelial cell	MUI_Innsbruck	MSS	missing	33	0.03835733469194	0.158373548122226	-0.174365855244589	873	956	-0.0678259328158637	0.232919247001661	-0.28845470482067	Normal
epithelium
MUI_Innsbruck.P15	tumor_cancer	tumor	Cancer cell	MUI_Innsbruck	MSS	CMS4	23	0.000929633686729253	0.102344201809819	-0.115017170484632	873	956	0.671055104278791	0.578306616840789	-0.207715098065683	Primary
cancer-like
MUI_Innsbruck.P15	tumor_epithelial	tumor	Epithelial cell	MUI_Innsbruck	MSS	CMS4	16	0.307009578950524	-0.329391235976037	0.599015338236959	873	956	-0.195229595003651	-0.0106497884739742	-0.28845470482067	Primary
epithelium
MUI_Innsbruck.P16	normal_epithelial	normal	Epithelial cell	MUI_Innsbruck	MSS	missing	44	0.00172459845134963	0.0801535197199925	-0.0479680574140487	873	956	-0.241927342870185	-0.119611200162555	-0.240633251308277	Normal
epithelium
MUI_Innsbruck.P16	tumor_cancer	tumor	Cancer cell	MUI_Innsbruck	MSS	CMS3	83	0.107985293546931	0.135185170422129	-0.0792535959112935	873	956	1.94452621911921	1.03331711406495	-0.250268924342802	Primary
cancer-like
MUI_Innsbruck.P16	tumor_epithelial	tumor	Epithelial cell	MUI_Innsbruck	MSS	CMS3	34	0.243079080666878	-0.275252916535934	0.539176474338462	873	956	-0.128489052188473	0.14507814476144	-0.28845470482067	Primary
epithelium
MUI_Innsbruck.P3	normal_epithelial	normal	Epithelial cell	MUI_Innsbruck	MSI-H	missing	61	-0.0031533774003436	0.205814901717307	-0.212000290106094	873	956	-0.185586941267464	0.0118497369104621	-0.244241544620652	Normal
epithelium
MUI_Innsbruck.P3	tumor_cancer	tumor	Cancer cell	MUI_Innsbruck	MSI-H	CMS3	64	0.276778698132423	0.040879688651277	0.229627955369848	873	956	0.20702907402267	0.593045406675366	-0.0212465757314063	Primary
cancer-like
MUI_Innsbruck.P3	tumor_epithelial	tumor	Epithelial cell	MUI_Innsbruck	MSI-H	CMS3	7	0.391974244535361	0.0724471438182903	0.462076853195719	873	956	0.0410914940685712	0.508136010412179	-0.28845470482067	Primary
epithelium
MUI_Innsbruck.P4	normal_epithelial	normal	Epithelial cell	MUI_Innsbruck	MSS	missing	56	0.043129570479421	-0.000270817828890798	0.0397770851108501	873	956	-0.0939639750131588	0.180654456344583	-0.28845470482067	Normal
epithelium
MUI_Innsbruck.P4	tumor_cancer	tumor	Cancer cell	MUI_Innsbruck	MSS	CMS3	35	0.200344335441668	-0.197127224163817	0.444055273887827	873	956	0.504501190331448	0.392450339794384	-0.28845470482067	Primary
cancer-like
MUI_Innsbruck.P4	tumor_epithelial	tumor	Epithelial cell	MUI_Innsbruck	MSS	CMS3	2	0.287919286485917	-0.339705385861762	0.62762467234768	873	956	-0.0459150286943507	-0.218880300314528	-0.112369298661583	Primary
epithelium
MUI_Innsbruck.P5	normal_epithelial	normal	Epithelial cell	MUI_Innsbruck	MSS	missing	32	0.0427299537146733	-0.0296791286532263	0.0544319504876575	873	956	0.0137413433509729	0.263092564106449	-0.272007580219079	Normal
epithelium
MUI_Innsbruck.P5	tumor_cancer	tumor	Cancer cell	MUI_Innsbruck	MSS	missing	17	0.127306588573868	0.352061522610265	-0.254122158079772	873	956	0.246336352859676	0.406829214775875	-0.28845470482067	Primary
cancer-like
MUI_Innsbruck.P5	tumor_epithelial	tumor	Epithelial cell	MUI_Innsbruck	MSS	missing	12	0.243038815353557	0.106240293842469	0.171946873660176	873	956	0.173700554985692	0.443582391351277	-0.28845470482067	Primary
epithelium
MUI_Innsbruck.P7	normal_epithelial	normal	Epithelial cell	MUI_Innsbruck	MSS	missing	45	-0.0510601839499886	-0.00269280316853815	-0.0549887492513736	873	956	-0.419742096199651	-0.534512291264643	-0.28845470482067	Normal
epithelium
MUI_Innsbruck.P7	tumor_cancer	tumor	Cancer cell	MUI_Innsbruck	MSS	CMS3	133	0.143111176336356	-0.0806547636383817	0.232054099123981	873	956	0.248195656788653	0.19255082536887	-0.28845470482067	Primary
cancer-like
MUI_Innsbruck.P7	tumor_epithelial	tumor	Epithelial cell	MUI_Innsbruck	MSS	CMS3	45	0.114646514285693	0.162542462586999	-0.153669957522223	873	956	-0.181612550024512	-0.0974926958158307	-0.28845470482067	Primary
epithelium
MUI_Innsbruck.P8	normal_epithelial	normal	Epithelial cell	MUI_Innsbruck	MSS	missing	48	0.00221985331749035	-0.103613337033577	0.118436850083782	873	956	-0.335977648161044	-0.372615549193774	-0.28845470482067	Normal
epithelium
MUI_Innsbruck.P8	tumor_cancer	tumor	Cancer cell	MUI_Innsbruck	MSS	CMS2	109	-0.00785482225174215	0.227619427621072	-0.254714216804575	873	956	0.12225402874423	0.246607916101085	-0.213262274509667	Primary
cancer-like
MUI_Innsbruck.P8	tumor_epithelial	tumor	Epithelial cell	MUI_Innsbruck	MSS	CMS2	30	0.311262379111723	-0.319102548386643	0.616158709052472	873	956	-0.114262556524442	0.178273301310846	-0.28845470482067	Primary
epithelium
MUI_Innsbruck.P9	normal_epithelial	normal	Epithelial cell	MUI_Innsbruck	MSS	missing	32	-0.083871307584255	0.248576631084882	-0.33860686616897	873	956	-0.171491632938108	0.044738789678959	0.0878745525351166	Normal
epithelium
MUI_Innsbruck.P9	tumor_cancer	tumor	Cancer cell	MUI_Innsbruck	MSS	CMS2	99	0.0847880187950078	0.349460891877366	-0.242822473910482	873	956	1.04187494686381	0.659258851444532	-0.188697228301714	Primary
cancer-like
MUI_Innsbruck.P9	tumor_epithelial	tumor	Epithelial cell	MUI_Innsbruck	MSS	CMS2	8	0.272253696131188	-0.361251706949002	0.55062246732395	873	956	-0.0692538210105065	0.283293684176695	-0.28845470482067	Primary
epithelium
Mazzurana_2021_Cell_Res.GNI2-smartseq-smartseq	normal_epithelial	normal	Epithelial cell	Mazzurana_2021_Cell_Res	missing	missing	5	-0.256659489603735	-0.403610767075268	0.162626868684285	873	956	-0.419742096199651	-0.534512291264643	-0.28845470482067	Normal
epithelium
Mazzurana_2021_Cell_Res.GNI3-smartseq-smartseq	normal_epithelial	normal	Epithelial cell	Mazzurana_2021_Cell_Res	missing	missing	1	-0.270446063058992	-0.437502853274228	0.167056790215237	873	956	-0.419742096199651	-0.534512291264643	-0.28845470482067	Normal
epithelium
Parikh_2019_Nature.A_healthy	normal_epithelial	normal	Epithelial cell	Parikh_2019_Nature	missing	missing	21	-0.212728152300284	0.0142754013722393	-0.180541968544611	873	956	-0.419742096199651	-0.534512291264643	-0.28845470482067	Normal
epithelium
Parikh_2019_Nature.B_healthy	normal_epithelial	normal	Epithelial cell	Parikh_2019_Nature	missing	missing	80	-0.212233219567004	0.135881098929172	-0.350694726383094	873	956	-0.419742096199651	-0.534512291264643	-0.28845470482067	Normal
epithelium
Parikh_2019_Nature.C_healthy	normal_epithelial	normal	Epithelial cell	Parikh_2019_Nature	missing	missing	100	-0.224767385616674	0.0199451233201416	-0.237942831046509	873	956	-0.419742096199651	-0.534512291264643	-0.28845470482067	Normal
epithelium
Pelka_2021_Cell.C103	tumor_cancer	tumor	Cancer cell	Pelka_2021_Cell	MSS	CMS2	220	-0.142119389229627	0.0840597931700999	-0.230139721927767	873	956	-0.139977541559455	-0.397908013724277	-0.0223786254767946	Primary
cancer-like
Pelka_2021_Cell.C104	tumor_cancer	tumor	Cancer cell	Pelka_2021_Cell	MSS	CMS2	66	-0.197902385472008	-0.113298086495342	-0.102673480490619	873	956	-0.0801001046307674	-0.167442193991917	-0.28845470482067	Primary
cancer-like
Pelka_2021_Cell.C104	tumor_epithelial	tumor	Epithelial cell	Pelka_2021_Cell	MSS	CMS2	6	-0.149289833270763	-0.190707489430647	0.0191579275533059	873	956	-0.305094552755548	-0.267001356561734	-0.28845470482067	Primary
epithelium
Pelka_2021_Cell.C105	tumor_cancer	tumor	Cancer cell	Pelka_2021_Cell	MSS	CMS2	63	-0.125521703730336	0.0249462516133836	-0.144896039644455	873	956	0.04818513520784	0.0276028695595941	-0.238748121572517	Primary
cancer-like
Pelka_2021_Cell.C105	tumor_epithelial	tumor	Epithelial cell	Pelka_2021_Cell	MSS	CMS2	4	-0.0490595369259907	0.143569605049014	-0.18378179718423	873	956	0.066063137618296	0.141830368694174	-0.0930666139457819	Primary
epithelium
Pelka_2021_Cell.C106	normal_epithelial	normal	Epithelial cell	Pelka_2021_Cell	missing	missing	40	-0.228783717741734	0.153088609086906	-0.362985402905684	873	956	-0.419742096199651	-0.534512291264643	-0.28845470482067	Normal
epithelium
Pelka_2021_Cell.C106	tumor_cancer	tumor	Cancer cell	Pelka_2021_Cell	MSI-H	CMS3	53	-0.143304401687107	-0.031035263986884	-0.126647290895263	873	956	-0.268817761117123	-0.345698279688846	-0.28845470482067	Primary
cancer-like
Pelka_2021_Cell.C106	tumor_epithelial	tumor	Epithelial cell	Pelka_2021_Cell	MSI-H	CMS3	7	-0.0972751893407395	0.103223132303801	-0.214635885752879	873	956	0.0900508321676184	0.065953204572642	-0.28845470482067	Primary
epithelium
Pelka_2021_Cell.C107	normal_epithelial	normal	Epithelial cell	Pelka_2021_Cell	missing	missing	44	-0.220496691863055	0.0733288063561841	-0.283300635054603	873	956	-0.324590772700795	-0.534512291264643	-0.217932201804554	Normal
epithelium
Pelka_2021_Cell.C107	tumor_cancer	tumor	Cancer cell	Pelka_2021_Cell	MSS	CMS3	133	-0.102639649726964	0.182021391257733	-0.2825426674333	873	956	0.119948052679137	0.400650135061398	-0.103504117543942	Primary
cancer-like
Pelka_2021_Cell.C107	tumor_epithelial	tumor	Epithelial cell	Pelka_2021_Cell	MSS	CMS3	41	-0.13392147938305	-0.243545035945115	0.12337124648437	873	956	-0.222741177837639	-0.376985140678427	-0.28845470482067	Primary
epithelium
Pelka_2021_Cell.C109	normal_epithelial	normal	Epithelial cell	Pelka_2021_Cell	missing	missing	58	-0.220344853418364	0.124381615208591	-0.335837884022381	873	956	-0.419742096199651	-0.534512291264643	-0.28845470482067	Normal
epithelium
Pelka_2021_Cell.C109	tumor_cancer	tumor	Cancer cell	Pelka_2021_Cell	MSI-H	CMS2	83	-0.221767695241617	0.03382702797017	-0.228372624656767	873	956	-0.0891612614019219	-0.189370294686155	-0.141318371215863	Primary
cancer-like
Pelka_2021_Cell.C110	normal_epithelial	normal	Epithelial cell	Pelka_2021_Cell	missing	missing	26	-0.213672333322334	0.0692391071220366	-0.304734040022314	873	956	-0.419742096199651	-0.534512291264643	-0.28845470482067	Normal
epithelium
Pelka_2021_Cell.C110	tumor_cancer	tumor	Cancer cell	Pelka_2021_Cell	MSI-H	CMS1	49	-0.0838748601421814	0.160915326500272	-0.249380723638341	873	956	-0.333681081113365	-0.399656470461206	-0.0518771239762231	Primary
cancer-like
Pelka_2021_Cell.C110	tumor_epithelial	tumor	Epithelial cell	Pelka_2021_Cell	MSI-H	CMS1	1	-0.230320494836716	-0.0901400562331133	-0.140180438603603	873	956	-0.419742096199651	-0.534512291264643	-0.28845470482067	Primary
epithelium
Pelka_2021_Cell.C111	normal_epithelial	normal	Epithelial cell	Pelka_2021_Cell	missing	missing	25	-0.213014269236088	0.143869655092109	-0.332075253513255	873	956	-0.270156512580973	-0.224061697865917	-0.28845470482067	Normal
epithelium
Pelka_2021_Cell.C111	tumor_cancer	tumor	Cancer cell	Pelka_2021_Cell	MSI-H	CMS1	39	-0.104094636030516	0.0409526283733429	-0.129254774998624	873	956	-0.292584838300548	-0.329558476332826	-0.17244266844474	Primary
cancer-like
Pelka_2021_Cell.C111	tumor_epithelial	tumor	Epithelial cell	Pelka_2021_Cell	MSI-H	CMS1	1	-0.0141352608212456	0.198434248677273	-0.212569509498518	873	956	-0.419742096199651	-0.534512291264643	-0.0154182257651426	Primary
epithelium
Pelka_2021_Cell.C112	normal_epithelial	normal	Epithelial cell	Pelka_2021_Cell	missing	missing	39	-0.220406651991066	0.0607080385124632	-0.291928242015181	873	956	-0.419742096199651	-0.534512291264643	-0.28845470482067	Normal
epithelium
Pelka_2021_Cell.C112	tumor_cancer	tumor	Cancer cell	Pelka_2021_Cell	MSS	CMS2	76	-0.15129248576385	0.00754607277843734	-0.177787147162798	873	956	-0.0762948607327663	-0.370002527776271	-0.249739361211942	Primary
cancer-like
Pelka_2021_Cell.C112	tumor_epithelial	tumor	Epithelial cell	Pelka_2021_Cell	MSS	CMS2	2	-0.249622611140452	-0.328566713345107	0.078944102204655	873	956	0.0258420167365512	-0.0558625209387559	0.156557931551353	Primary
epithelium
Pelka_2021_Cell.C113	normal_epithelial	normal	Epithelial cell	Pelka_2021_Cell	missing	missing	9	-0.203801486381884	-0.0821262133050351	-0.142035363082941	873	956	-0.419742096199651	-0.534512291264643	-0.28845470482067	Normal
epithelium
Pelka_2021_Cell.C113	tumor_cancer	tumor	Cancer cell	Pelka_2021_Cell	MSS	CMS3	145	-0.138066978942564	-0.0414114102194278	-0.111362760396134	873	956	-0.0620009538453361	-0.091529811002875	-0.235360045656111	Primary
cancer-like
Pelka_2021_Cell.C113	tumor_epithelial	tumor	Epithelial cell	Pelka_2021_Cell	MSS	CMS3	7	-0.0670630958722434	0.108892928520923	-0.138613463322713	873	956	-0.105783055870707	-0.534512291264643	-0.28845470482067	Primary
epithelium
Pelka_2021_Cell.C114	normal_epithelial	normal	Epithelial cell	Pelka_2021_Cell	missing	missing	19	-0.179921818599334	0.13646719480073	-0.339727363317982	873	956	-0.320887001344932	-0.303850403270297	-0.21454482303732	Normal
epithelium
Pelka_2021_Cell.C114	tumor_cancer	tumor	Cancer cell	Pelka_2021_Cell	MSI-H	CMS3	71	-0.11677842788553	0.0565835742704187	-0.168493119784285	873	956	-0.21038702651324	-0.278091541344792	0.102904044036811	Primary
cancer-like
Pelka_2021_Cell.C114	tumor_epithelial	tumor	Epithelial cell	Pelka_2021_Cell	MSI-H	CMS3	5	-0.107093442460002	-0.27829149665577	0.142662168218365	873	956	-0.328942260281075	-0.534512291264643	-0.28845470482067	Primary
epithelium
Pelka_2021_Cell.C115	normal_epithelial	normal	Epithelial cell	Pelka_2021_Cell	missing	missing	18	-0.233546469075888	-0.0172343216206236	-0.200031325258543	873	956	-0.419742096199651	-0.534512291264643	-0.28845470482067	Normal
epithelium
Pelka_2021_Cell.C115	tumor_cancer	tumor	Cancer cell	Pelka_2021_Cell	MSI-H	missing	22	-0.0820881373242368	0.029635651112864	-0.118380065834924	873	956	-0.159162670511325	0.0178968043645176	0.181078236190661	Primary
cancer-like
Pelka_2021_Cell.C115	tumor_epithelial	tumor	Epithelial cell	Pelka_2021_Cell	MSI-H	missing	1	-0.201289796404989	-0.437254439973547	0.235964643568558	873	956	0.2503298650186	-0.534512291264643	-0.28845470482067	Primary
epithelium
Pelka_2021_Cell.C116	normal_epithelial	normal	Epithelial cell	Pelka_2021_Cell	missing	missing	52	-0.236968386370407	0.167667237767006	-0.401767631886059	873	956	-0.419742096199651	-0.534512291264643	-0.28845470482067	Normal
epithelium
Pelka_2021_Cell.C116	tumor_cancer	tumor	Cancer cell	Pelka_2021_Cell	MSI-H	missing	43	-0.141675542243677	0.0986466956781733	-0.211378580657819	873	956	-0.205683701522347	-0.309596354348844	-0.0492749480105839	Primary
cancer-like
Pelka_2021_Cell.C116	tumor_epithelial	tumor	Epithelial cell	Pelka_2021_Cell	MSI-H	missing	3	-0.120124835526101	-0.0642275505809352	-0.0558972849451654	873	956	-0.0976127960455849	0.217122742428179	-0.28845470482067	Primary
epithelium
Pelka_2021_Cell.C118	tumor_cancer	tumor	Cancer cell	Pelka_2021_Cell	MSI-H	missing	54	-0.123549493847503	0.0904380490553937	-0.207337901621632	873	956	-0.333171027797089	-0.378324312485656	-0.208607167958065	Primary
cancer-like
Pelka_2021_Cell.C118	tumor_epithelial	tumor	Epithelial cell	Pelka_2021_Cell	MSI-H	missing	1	-0.115604772393	0.181763240088907	-0.297368012481907	873	956	-0.419742096199651	-0.534512291264643	-0.161815608349548	Primary
epithelium
Pelka_2021_Cell.C119	normal_epithelial	normal	Epithelial cell	Pelka_2021_Cell	missing	missing	1	-0.12955712407256	0.340084108538298	-0.469641232610858	873	956	-0.347912525187818	-0.366909958903699	-0.28845470482067	Normal
epithelium
Pelka_2021_Cell.C119	tumor_cancer	tumor	Cancer cell	Pelka_2021_Cell	MSI-H	missing	55	-0.22590620915951	0.0546136943346096	-0.244493779404301	873	956	-0.178877697122567	-0.534512291264643	-0.010186627155949	Primary
cancer-like
Pelka_2021_Cell.C119	tumor_epithelial	tumor	Epithelial cell	Pelka_2021_Cell	MSI-H	missing	3	-0.137710402123568	0.0196053543963977	-0.284437484690047	873	956	-0.419742096199651	-0.534512291264643	-0.28845470482067	Primary
epithelium
Pelka_2021_Cell.C122	normal_epithelial	normal	Epithelial cell	Pelka_2021_Cell	missing	missing	113	-0.210161484963609	0.120525875730415	-0.310143180100951	873	956	-0.419742096199651	-0.534512291264643	-0.28845470482067	Normal
epithelium
Pelka_2021_Cell.C122	tumor_cancer	tumor	Cancer cell	Pelka_2021_Cell	MSI-H	CMS3	99	-0.134751686382735	0.047877905874274	-0.197158896606846	873	956	-0.263884028488939	-0.339187732326711	-0.177770497696368	Primary
cancer-like
Pelka_2021_Cell.C122	tumor_epithelial	tumor	Epithelial cell	Pelka_2021_Cell	MSI-H	CMS3	3	-0.075366909159302	-0.0482774664477081	-0.0760914875070408	873	956	-0.190414270282333	-0.534512291264643	-0.28845470482067	Primary
epithelium
Pelka_2021_Cell.C123	normal_epithelial	normal	Epithelial cell	Pelka_2021_Cell	missing	missing	98	-0.20078460692342	0.0597322328557023	-0.248790090596962	873	956	-0.299804825681645	-0.338385230828732	-0.28845470482067	Normal
epithelium
Pelka_2021_Cell.C123	tumor_cancer	tumor	Cancer cell	Pelka_2021_Cell	MSI-H	CMS1	156	-0.136365953439957	0.110685650257466	-0.240517285500154	873	956	-0.37517038829348	-0.534512291264643	0.0985792562921323	Primary
cancer-like
Pelka_2021_Cell.C123	tumor_epithelial	tumor	Epithelial cell	Pelka_2021_Cell	MSI-H	CMS1	47	-0.0989312916425974	0.117017179103648	-0.215356298931808	873	956	-0.352931899596903	-0.534512291264643	-0.28845470482067	Primary
epithelium
Pelka_2021_Cell.C124	normal_epithelial	normal	Epithelial cell	Pelka_2021_Cell	missing	missing	388	-0.205577454599434	0.156322255482037	-0.349255409636042	873	956	-0.419742096199651	-0.534512291264643	-0.28845470482067	Normal
epithelium
Pelka_2021_Cell.C124	tumor_cancer	tumor	Cancer cell	Pelka_2021_Cell	MSS	CMS3	40	-0.171923163815025	-0.00439512554369252	-0.163770974675579	873	956	-0.34687401763149	-0.534512291264643	-0.28845470482067	Primary
cancer-like
Pelka_2021_Cell.C124	tumor_epithelial	tumor	Epithelial cell	Pelka_2021_Cell	MSS	CMS3	6	-0.189730855747457	-0.118041736544893	-0.0973837187742215	873	956	-0.419742096199651	-0.534512291264643	-0.28845470482067	Primary
epithelium
Pelka_2021_Cell.C125	normal_epithelial	normal	Epithelial cell	Pelka_2021_Cell	missing	missing	183	-0.217487141286466	0.0620637671950464	-0.272137284404062	873	956	-0.419742096199651	-0.534512291264643	-0.28845470482067	Normal
epithelium
Pelka_2021_Cell.C125	tumor_cancer	tumor	Cancer cell	Pelka_2021_Cell	MSS	CMS2	88	-0.126087023353789	0.137652461470465	-0.289411494865053	873	956	-0.129001094602571	-0.404690759368869	-0.177316541402518	Primary
cancer-like
Pelka_2021_Cell.C125	tumor_epithelial	tumor	Epithelial cell	Pelka_2021_Cell	MSS	CMS2	2	-0.245384482884269	-0.218784563146961	-0.0265999197373083	873	956	-0.419742096199651	-0.534512291264643	-0.28845470482067	Primary
epithelium
Pelka_2021_Cell.C126	normal_epithelial	normal	Epithelial cell	Pelka_2021_Cell	missing	missing	157	-0.199365492456533	0.0560232538254123	-0.262964550750685	873	956	-0.381567612943584	-0.534512291264643	-0.28845470482067	Normal
epithelium
Pelka_2021_Cell.C126	tumor_cancer	tumor	Cancer cell	Pelka_2021_Cell	MSS	CMS3	56	-0.133724248166913	0.0213114479667493	-0.16375776098069	873	956	0.0454398137696386	-0.0754902575235203	-0.205587098657918	Primary
cancer-like
Pelka_2021_Cell.C129	normal_epithelial	normal	Epithelial cell	Pelka_2021_Cell	missing	missing	49	-0.224565371859518	-0.107107947934596	-0.113123243019426	873	956	-0.419742096199651	-0.534512291264643	-0.28845470482067	Normal
epithelium
Pelka_2021_Cell.C129	tumor_cancer	tumor	Cancer cell	Pelka_2021_Cell	MSS	CMS1	160	-0.141776616616757	0.087378185136959	-0.217777675343278	873	956	-0.356063906906991	-0.443387842968473	-0.169656780787976	Primary
cancer-like
Pelka_2021_Cell.C129	tumor_epithelial	tumor	Epithelial cell	Pelka_2021_Cell	MSS	CMS1	4	-0.203436456066278	-0.204055381542937	0.000618925476659579	873	956	-0.419742096199651	-0.534512291264643	-0.28845470482067	Primary
epithelium
Pelka_2021_Cell.C130	normal_epithelial	normal	Epithelial cell	Pelka_2021_Cell	missing	missing	82	-0.213572761423178	0.0615883147878324	-0.270350050953541	873	956	-0.317520457006021	-0.382981797957891	-0.28845470482067	Normal
epithelium
Pelka_2021_Cell.C130	tumor_cancer	tumor	Cancer cell	Pelka_2021_Cell	MSI-H	CMS1	146	-0.108221033807976	0.194296407358463	-0.276763999299076	873	956	-0.352426015947519	-0.402332384921706	0.360048174953499	Primary
cancer-like
Pelka_2021_Cell.C130	tumor_epithelial	tumor	Epithelial cell	Pelka_2021_Cell	MSI-H	CMS1	2	-0.0858643528494881	-0.106750400655892	0.0208860478064041	873	956	-0.419742096199651	-0.534512291264643	0.378238049434746	Primary
epithelium
Pelka_2021_Cell.C132	normal_epithelial	normal	Epithelial cell	Pelka_2021_Cell	missing	missing	36	-0.292981627215063	-0.0395444242947266	-0.247425625189214	873	956	-0.419742096199651	-0.534512291264643	-0.28845470482067	Normal
epithelium
Pelka_2021_Cell.C132	tumor_cancer	tumor	Cancer cell	Pelka_2021_Cell	MSI-H	CMS1	79	-0.134009621139161	0.144345310750731	-0.275271844971857	873	956	-0.151052919697735	-0.275395080093061	0.0598132881361866	Primary
cancer-like
Pelka_2021_Cell.C133	normal_epithelial	normal	Epithelial cell	Pelka_2021_Cell	missing	missing	28	-0.238138219066858	0.0593634102165754	-0.296490463623806	873	956	-0.419742096199651	-0.534512291264643	-0.28845470482067	Normal
epithelium
Pelka_2021_Cell.C133	tumor_cancer	tumor	Cancer cell	Pelka_2021_Cell	MSS	CMS3	54	-0.0976768310185896	0.148708439977121	-0.252629787579841	873	956	-0.317102097352521	-0.369339117524516	-0.180250329400863	Primary
cancer-like
Pelka_2021_Cell.C133	tumor_epithelial	tumor	Epithelial cell	Pelka_2021_Cell	MSS	CMS3	17	-0.105333603634808	0.157146319976607	-0.262479923611416	873	956	-0.121038050668159	-0.534512291264643	-0.28845470482067	Primary
epithelium
Pelka_2021_Cell.C134	normal_epithelial	normal	Epithelial cell	Pelka_2021_Cell	missing	missing	67	-0.188292429552636	0.210571617133753	-0.368517636780739	873	956	-0.256684806282651	-0.159318246344317	-0.28845470482067	Normal
epithelium
Pelka_2021_Cell.C134	tumor_cancer	tumor	Cancer cell	Pelka_2021_Cell	MSS	CMS2	72	-0.14961300658003	0.00959250232966982	-0.140172793232926	873	956	0.0263212499599497	-0.534512291264643	-0.28845470482067	Primary
cancer-like
Pelka_2021_Cell.C135	normal_epithelial	normal	Epithelial cell	Pelka_2021_Cell	missing	missing	27	-0.203380720132175	0.0672781918867297	-0.243611009000101	873	956	-0.419742096199651	-0.534512291264643	-0.28845470482067	Normal
epithelium
Pelka_2021_Cell.C135	tumor_cancer	tumor	Cancer cell	Pelka_2021_Cell	MSS	CMS2	56	-0.150958564672549	-0.0350341586194329	-0.0870653919488506	873	956	-0.1087485620155	-0.200585752270701	-0.1958250158467	Primary
cancer-like
Pelka_2021_Cell.C135	tumor_epithelial	tumor	Epithelial cell	Pelka_2021_Cell	MSS	CMS2	6	-0.147849052690228	-0.0088670167986386	-0.149628400339948	873	956	-0.262912622958209	-0.43616110721187	-0.28845470482067	Primary
epithelium
Pelka_2021_Cell.C136	normal_epithelial	normal	Epithelial cell	Pelka_2021_Cell	missing	missing	104	-0.204814865527831	0.0996203133116728	-0.283979685209652	873	956	-0.419742096199651	-0.534512291264643	-0.28845470482067	Normal
epithelium
Pelka_2021_Cell.C136	tumor_cancer	tumor	Cancer cell	Pelka_2021_Cell	MSS	CMS2	69	-0.124279534083892	0.123355479654563	-0.22206779691759	873	956	-0.0301499023224885	-0.304442766097818	-0.18971188369553	Primary
cancer-like
Pelka_2021_Cell.C137	normal_epithelial	normal	Epithelial cell	Pelka_2021_Cell	missing	missing	33	-0.207790454765635	0.0545195900847504	-0.276953419183943	873	956	-0.29411805466709	-0.534512291264643	-0.28845470482067	Normal
epithelium
Pelka_2021_Cell.C137	tumor_cancer	tumor	Cancer cell	Pelka_2021_Cell	MSI-H	CMS1	25	-0.129893386451741	0.168789114790358	-0.288827047764284	873	956	-0.328039950818479	-0.396176885872684	0.163938090662757	Primary
cancer-like
Pelka_2021_Cell.C138	normal_epithelial	normal	Epithelial cell	Pelka_2021_Cell	missing	missing	27	-0.204235940799822	0.0637922835310902	-0.257321244899081	873	956	-0.419742096199651	-0.534512291264643	-0.28845470482067	Normal
epithelium
Pelka_2021_Cell.C138	tumor_cancer	tumor	Cancer cell	Pelka_2021_Cell	MSI-H	CMS3	28	-0.151349519693863	-0.0118956744744931	-0.111207117909677	873	956	-0.372941645990509	-0.534512291264643	-0.28845470482067	Primary
cancer-like
Pelka_2021_Cell.C138	tumor_epithelial	tumor	Epithelial cell	Pelka_2021_Cell	MSI-H	CMS3	6	-0.0890136187137159	0.299219000317126	-0.400884706316001	873	956	-0.146259067115205	-0.299711390927065	-0.28845470482067	Primary
epithelium
Pelka_2021_Cell.C139	normal_epithelial	normal	Epithelial cell	Pelka_2021_Cell	missing	missing	51	-0.215209385166945	0.133197485544249	-0.336501491198578	873	956	-0.344295643887555	-0.409098097283231	-0.28845470482067	Normal
epithelium
Pelka_2021_Cell.C139	tumor_cancer	tumor	Cancer cell	Pelka_2021_Cell	MSI-H	CMS3	174	-0.13441523929949	0.200963356466774	-0.338656050198801	873	956	-0.0998576120668226	0.0632211836158104	-0.148844795200756	Primary
cancer-like
Pelka_2021_Cell.C139	tumor_epithelial	tumor	Epithelial cell	Pelka_2021_Cell	MSI-H	CMS3	5	-0.121347390201851	0.0646090112276057	-0.224619579697998	873	956	0.143323624791365	-0.0463588434358405	-0.28845470482067	Primary
epithelium
Pelka_2021_Cell.C140	normal_epithelial	normal	Epithelial cell	Pelka_2021_Cell	missing	missing	55	-0.244700629306752	-0.116123235066914	-0.112739594143824	873	956	-0.419742096199651	-0.534512291264643	-0.28845470482067	Normal
epithelium
Pelka_2021_Cell.C140	tumor_cancer	tumor	Cancer cell	Pelka_2021_Cell	MSS	CMS2	135	-0.141721824902964	0.0756690260961552	-0.212233682981853	873	956	-0.0079537908736456	-0.162976525811381	-0.189668679797098	Primary
cancer-like
Pelka_2021_Cell.C140	tumor_epithelial	tumor	Epithelial cell	Pelka_2021_Cell	MSS	CMS2	3	-0.155920719438038	0.126239377878236	-0.282160097316274	873	956	0.00888643206556226	-0.353261989354557	-0.192135291896251	Primary
epithelium
Pelka_2021_Cell.C142	normal_epithelial	normal	Epithelial cell	Pelka_2021_Cell	missing	missing	66	-0.198132047718718	0.0783703520295255	-0.249542922142761	873	956	-0.342394272841977	-0.400962988369386	-0.28845470482067	Normal
epithelium
Pelka_2021_Cell.C142	tumor_cancer	tumor	Cancer cell	Pelka_2021_Cell	MSI-H	CMS3	54	-0.134158422630219	-0.0324110234689283	-0.143781967664868	873	956	-0.172912900785422	-0.0340497115478559	-0.28845470482067	Primary
cancer-like
Pelka_2021_Cell.C142	tumor_epithelial	tumor	Epithelial cell	Pelka_2021_Cell	MSI-H	CMS3	5	-0.180517031460088	-0.243861194642666	0.0911140594620768	873	956	-0.419742096199651	-0.534512291264643	-0.28845470482067	Primary
epithelium
Pelka_2021_Cell.C143	normal_epithelial	normal	Epithelial cell	Pelka_2021_Cell	missing	missing	74	-0.227178377240293	0.0970638411518986	-0.326970600853585	873	956	-0.419742096199651	-0.534512291264643	-0.28845470482067	Normal
epithelium
Pelka_2021_Cell.C143	tumor_cancer	tumor	Cancer cell	Pelka_2021_Cell	MSI-H	CMS1	66	-0.165762115807987	0.114632686758874	-0.271451123292358	873	956	-0.0374740441080839	0.187528634300737	0.0520999922490426	Primary
cancer-like
Pelka_2021_Cell.C143	tumor_epithelial	tumor	Epithelial cell	Pelka_2021_Cell	MSI-H	CMS1	1	-0.209327143143588	-0.166293444972654	-0.0430336981709342	873	956	0.11980668333571	-0.534512291264643	-0.28845470482067	Primary
epithelium
Pelka_2021_Cell.C144	tumor_cancer	tumor	Cancer cell	Pelka_2021_Cell	MSI-H	CMS1	51	-0.170239165673829	0.0786514035680558	-0.218084705462986	873	956	-0.256681618948736	-0.187623662668237	-0.28845470482067	Primary
cancer-like
Pelka_2021_Cell.C144	tumor_epithelial	tumor	Epithelial cell	Pelka_2021_Cell	MSI-H	CMS1	3	-0.16513067128587	-0.255557038485967	0.109109529225636	873	956	-0.419742096199651	-0.534512291264643	-0.28845470482067	Primary
epithelium
Pelka_2021_Cell.C145	tumor_cancer	tumor	Cancer cell	Pelka_2021_Cell	MSS	missing	112	-0.139789740484127	-0.00311157186063055	-0.136281274782247	873	956	-0.363420243141076	-0.500928086548247	-0.28845470482067	Primary
cancer-like
Pelka_2021_Cell.C145	tumor_epithelial	tumor	Epithelial cell	Pelka_2021_Cell	MSS	missing	24	-0.150821068853678	0.010501121161722	-0.157119915282238	873	956	-0.280997100968503	-0.349977063371223	-0.28845470482067	Primary
epithelium
Pelka_2021_Cell.C146	tumor_cancer	tumor	Cancer cell	Pelka_2021_Cell	MSI-H	CMS1	100	-0.136769701353066	0.175683967414401	-0.314938518344521	873	956	-0.353722649303107	-0.451335693881293	-0.115335540167998	Primary
cancer-like
Pelka_2021_Cell.C146	tumor_epithelial	tumor	Epithelial cell	Pelka_2021_Cell	MSI-H	CMS1	9	-0.15789160327995	0.145511558598827	-0.300399034378901	873	956	-0.106826835385399	-0.534512291264643	-0.28845470482067	Primary
epithelium
Pelka_2021_Cell.C147	tumor_cancer	tumor	Cancer cell	Pelka_2021_Cell	MSI-H	CMS1	115	-0.10345532741412	0.111288799813447	-0.2086763911194	873	956	-0.244363314169803	-0.194155931591927	-0.0218051337342265	Primary
cancer-like
Pelka_2021_Cell.C149	tumor_cancer	tumor	Cancer cell	Pelka_2021_Cell	MSS	CMS2	83	-0.196527738957294	0.0728211191926991	-0.245559187279364	873	956	-0.259481611594342	-0.462812476561084	-0.226601491667322	Primary
cancer-like
Pelka_2021_Cell.C149	tumor_epithelial	tumor	Epithelial cell	Pelka_2021_Cell	MSS	CMS2	1	-0.288955436496138	-0.305259011467042	0.0163035749709033	873	956	0.296473029222827	-0.534512291264643	-0.28845470482067	Primary
epithelium
Pelka_2021_Cell.C150	tumor_cancer	tumor	Cancer cell	Pelka_2021_Cell	MSS	CMS2	77	-0.138109651995576	0.0651983976908195	-0.199544073767006	873	956	-0.127091893964659	-0.39884297288333	-0.218859363275183	Primary
cancer-like
Pelka_2021_Cell.C151	normal_epithelial	normal	Epithelial cell	Pelka_2021_Cell	missing	missing	108	-0.217456730198228	0.119146410976341	-0.333001622057565	873	956	-0.419742096199651	-0.534512291264643	-0.28845470482067	Normal
epithelium
Pelka_2021_Cell.C151	tumor_cancer	tumor	Cancer cell	Pelka_2021_Cell	MSI-H	missing	20	-0.0976113669977322	0.178509095048988	-0.275563384526277	873	956	-0.265622482616023	-0.278642131591048	0.264503174351319	Primary
cancer-like
Pelka_2021_Cell.C152	normal_epithelial	normal	Epithelial cell	Pelka_2021_Cell	missing	missing	66	-0.215397725569899	-0.00182261750837752	-0.2088228034941	873	956	-0.419742096199651	-0.534512291264643	-0.28845470482067	Normal
epithelium
Pelka_2021_Cell.C152	tumor_cancer	tumor	Cancer cell	Pelka_2021_Cell	MSI-H	CMS3	57	-0.170889224411704	0.0691820252306528	-0.223560338868231	873	956	-0.358799898715127	-0.452982998978117	-0.102678705610944	Primary
cancer-like
Pelka_2021_Cell.C152	tumor_epithelial	tumor	Epithelial cell	Pelka_2021_Cell	MSI-H	CMS3	1	-0.249559376996852	-0.218141261774308	-0.0314181152225432	873	956	-0.419742096199651	-0.534512291264643	-0.28845470482067	Primary
epithelium
Pelka_2021_Cell.C153	tumor_cancer	tumor	Cancer cell	Pelka_2021_Cell	MSS	CMS2	137	-0.150379462613306	0.10401831455682	-0.263521029860148	873	956	-0.241160770482751	-0.534512291264643	-0.202333498799982	Primary
cancer-like
Pelka_2021_Cell.C154	tumor_cancer	tumor	Cancer cell	Pelka_2021_Cell	MSI-H	CMS3	91	-0.0704685354211658	0.114398457258991	-0.208278222183993	873	956	-0.304935018423033	-0.276011737129475	0.00890698297651161	Primary
cancer-like
Pelka_2021_Cell.C154	tumor_epithelial	tumor	Epithelial cell	Pelka_2021_Cell	MSI-H	CMS3	5	-0.0362289776559392	0.188079401566368	-0.170387579535395	873	956	-0.270308814301386	-0.185834633502023	-0.183262676038036	Primary
epithelium
Pelka_2021_Cell.C155	normal_epithelial	normal	Epithelial cell	Pelka_2021_Cell	missing	missing	46	-0.215497133844739	0.117023045374223	-0.30178174104944	873	956	-0.419742096199651	-0.534512291264643	-0.28845470482067	Normal
epithelium
Pelka_2021_Cell.C155	tumor_cancer	tumor	Cancer cell	Pelka_2021_Cell	MSS	CMS3	69	-0.115065704781448	0.0749896545279393	-0.13493888611039	873	956	-0.0613185138574469	-0.228837563441021	-0.0815264209163283	Primary
cancer-like
Pelka_2021_Cell.C155	tumor_epithelial	tumor	Epithelial cell	Pelka_2021_Cell	MSS	CMS3	7	-0.095047732795417	0.0685321124139833	-0.167452446748507	873	956	-0.167660472567974	-0.117951397442197	-0.28845470482067	Primary
epithelium
Pelka_2021_Cell.C156	tumor_cancer	tumor	Cancer cell	Pelka_2021_Cell	MSI-H	CMS1	19	-0.089778777775219	0.109371259112625	-0.235238471135316	873	956	-0.1808413475953	-0.312339409881448	0.409477716094753	Primary
cancer-like
Pelka_2021_Cell.C156	tumor_epithelial	tumor	Epithelial cell	Pelka_2021_Cell	MSI-H	CMS1	21	0.0153878963431523	0.235688581778842	-0.198637816995259	873	956	-0.26396347412404	-0.432498223593222	-0.28845470482067	Primary
epithelium
Pelka_2021_Cell.C157	normal_epithelial	normal	Epithelial cell	Pelka_2021_Cell	missing	missing	68	-0.198140671593983	0.0652330933284304	-0.266505900565515	873	956	-0.419742096199651	-0.534512291264643	-0.28845470482067	Normal
epithelium
Pelka_2021_Cell.C157	tumor_cancer	tumor	Cancer cell	Pelka_2021_Cell	MSS	CMS2	99	-0.053378298160448	0.152652851319432	-0.216241210127878	873	956	0.143567785497927	0.01988805480144	-0.13489684291058	Primary
cancer-like
Pelka_2021_Cell.C157	tumor_epithelial	tumor	Epithelial cell	Pelka_2021_Cell	MSS	CMS2	6	-0.100629416238841	-0.111809343008292	0.0253883261448811	873	956	-0.216900309227506	-0.198499497125904	-0.212115768264272	Primary
epithelium
Pelka_2021_Cell.C158	tumor_cancer	tumor	Cancer cell	Pelka_2021_Cell	MSI-H	CMS3	44	-0.0436067555706632	0.14993117233461	-0.207563611160724	873	956	-0.247414416384434	-0.30128282017728	-0.040268743734425	Primary
cancer-like
Pelka_2021_Cell.C158	tumor_epithelial	tumor	Epithelial cell	Pelka_2021_Cell	MSI-H	missing	2	0.0922550838519749	0.25673242358216	-0.164477339730185	873	956	0.224074101341477	0.486829115528707	-0.141035109311155	Primary
epithelium
Pelka_2021_Cell.C159	tumor_cancer	tumor	Cancer cell	Pelka_2021_Cell	MSS	CMS3	43	-0.0932455912162382	0.0410708812841706	-0.174398499167092	873	956	-0.0310898666568728	0.0999772863824447	0.00312441761241779	Primary
cancer-like
Pelka_2021_Cell.C159	tumor_epithelial	tumor	Epithelial cell	Pelka_2021_Cell	MSS	CMS3	16	-0.0356575604333844	0.0609690079095112	-0.109577768463667	873	956	-0.0897200563785196	-0.32754938634303	-0.237829773033736	Primary
epithelium
Pelka_2021_Cell.C160	tumor_cancer	tumor	Cancer cell	Pelka_2021_Cell	MSS	CMS1	107	-0.0560666112189111	0.177671782602406	-0.238501841228969	873	956	-0.259270819397575	-0.229043773770737	0.15708605965756	Primary
cancer-like
Pelka_2021_Cell.C160	tumor_epithelial	tumor	Epithelial cell	Pelka_2021_Cell	MSS	CMS1	2	-0.00466885296825416	0.172131622117465	-0.176800475085719	873	956	-0.196916039201296	-0.207159512529193	-0.28845470482067	Primary
epithelium
Pelka_2021_Cell.C161	tumor_cancer	tumor	Cancer cell	Pelka_2021_Cell	MSS	CMS2	99	-0.0875143526200348	0.13356325453679	-0.21953300183463	873	956	0.220342320478833	-0.117385494789985	-0.202692351411248	Primary
cancer-like
Pelka_2021_Cell.C161	tumor_epithelial	tumor	Epithelial cell	Pelka_2021_Cell	MSS	CMS2	1	-0.0844720740985793	0.184097097715986	-0.268569171814565	873	956	-0.121940078188315	-0.534512291264643	-0.111284522232857	Primary
epithelium
Pelka_2021_Cell.C162	normal_epithelial	normal	Epithelial cell	Pelka_2021_Cell	missing	missing	35	-0.228754148485459	0.0857356465803226	-0.290286385307938	873	956	-0.419742096199651	-0.534512291264643	-0.28845470482067	Normal
epithelium
Pelka_2021_Cell.C162	tumor_cancer	tumor	Cancer cell	Pelka_2021_Cell	MSS	CMS2	349	-0.111059048633864	0.101362211929038	-0.200609258602037	873	956	0.170914530387816	0.0218683235200124	-0.179679562514721	Primary
cancer-like
Pelka_2021_Cell.C162	tumor_epithelial	tumor	Epithelial cell	Pelka_2021_Cell	MSS	CMS2	394	-0.107567819819711	0.115059005719574	-0.217253911642514	873	956	-0.173977292026902	-0.15544501646531	-0.28845470482067	Primary
epithelium
Pelka_2021_Cell.C163	tumor_cancer	tumor	Cancer cell	Pelka_2021_Cell	MSI-H	CMS3	96	-0.0583595784463394	0.100616173945508	-0.173800263971713	873	956	0.0710317597301789	0.13508699875181	-0.158333059950896	Primary
cancer-like
Pelka_2021_Cell.C163	tumor_epithelial	tumor	Epithelial cell	Pelka_2021_Cell	MSI-H	CMS3	14	-0.0292188124152076	-0.169141016527056	0.0954849907618069	873	956	0.216884465067898	0.848713261553165	-0.28845470482067	Primary
epithelium
Pelka_2021_Cell.C164	tumor_cancer	tumor	Cancer cell	Pelka_2021_Cell	MSI-H	missing	67	-0.052393487076285	0.212893343664713	-0.288725171486264	873	956	0.149482535804618	0.746779359575579	-0.0878600857751707	Primary
cancer-like
Pelka_2021_Cell.C164	tumor_epithelial	tumor	Epithelial cell	Pelka_2021_Cell	MSI-H	missing	4	-0.00642070995872221	0.268077443751636	-0.282956502146309	873	956	-0.0153252110211071	0.0350617034935674	-0.28845470482067	Primary
epithelium
Pelka_2021_Cell.C165	normal_epithelial	normal	Epithelial cell	Pelka_2021_Cell	missing	missing	6	-0.184211154590797	-0.146442462129108	-0.0448130036753753	873	956	-0.419742096199651	-0.534512291264643	-0.28845470482067	Normal
epithelium
Pelka_2021_Cell.C165	tumor_cancer	tumor	Cancer cell	Pelka_2021_Cell	MSI-H	CMS3	48	-0.0648723783933224	0.0479474829471814	-0.122345213963129	873	956	-0.231158677308912	-0.122139761592668	-0.166086816729644	Primary
cancer-like
Pelka_2021_Cell.C166	tumor_cancer	tumor	Cancer cell	Pelka_2021_Cell	MSS	CMS2	251	-0.0307041474080355	0.167901882544947	-0.202571443352403	873	956	0.249971719102857	0.0403660663632183	-0.0258153200056603	Primary
cancer-like
Pelka_2021_Cell.C166	tumor_epithelial	tumor	Epithelial cell	Pelka_2021_Cell	MSS	CMS2	33	0.0141767512044687	0.220780880562523	-0.191914851816271	873	956	-0.09486932587504	-0.260552964912396	-0.203242700739501	Primary
epithelium
Pelka_2021_Cell.C167	tumor_cancer	tumor	Cancer cell	Pelka_2021_Cell	MSI-H	CMS1	13	-0.025250677375151	-0.0847525085727432	0.049119545155124	873	956	-0.419742096199651	-0.534512291264643	-0.139996954762145	Primary
cancer-like
Pelka_2021_Cell.C168	tumor_cancer	tumor	Cancer cell	Pelka_2021_Cell	MSI-H	CMS1	33	-0.0886424945405683	0.16865369846315	-0.275472656579794	873	956	-0.301946863020593	-0.328674018487566	0.615332552405179	Primary
cancer-like
Pelka_2021_Cell.C169	tumor_cancer	tumor	Cancer cell	Pelka_2021_Cell	MSI-H	CMS1	34	-0.120809297601182	0.159755878702017	-0.258912933534316	873	956	0.0826772524313363	0.542143978249128	0.17195324728884	Primary
cancer-like
Pelka_2021_Cell.C170	normal_epithelial	normal	Epithelial cell	Pelka_2021_Cell	missing	missing	1	-0.282394585473234	-0.0712412369233685	-0.211153348549865	873	956	-0.419742096199651	-0.534512291264643	-0.28845470482067	Normal
epithelium
Pelka_2021_Cell.C170	tumor_cancer	tumor	Cancer cell	Pelka_2021_Cell	MSI-H	CMS1	177	-0.134343822328778	0.0746030824925259	-0.218215456228872	873	956	-0.148493869210355	-0.0207540379960598	0.00750249111756096	Primary
cancer-like
Pelka_2021_Cell.C171	tumor_cancer	tumor	Cancer cell	Pelka_2021_Cell	MSS	CMS3	202	-0.0519325932246787	0.0662570669996055	-0.109185692908752	873	956	0.142026157029183	0.0173158779491746	-0.19093550628907	Primary
cancer-like
Pelka_2021_Cell.C171	tumor_epithelial	tumor	Epithelial cell	Pelka_2021_Cell	MSS	CMS3	14	-0.0126841610978757	0.0847612058434898	-0.0984764144412615	873	956	0.149501428513586	0.0535837926860692	-0.198486080571759	Primary
epithelium
Pelka_2021_Cell.C172	tumor_cancer	tumor	Cancer cell	Pelka_2021_Cell	MSS	missing	17	-0.105343842248586	0.132989968736018	-0.223803209230219	873	956	-0.0737818282142318	0.0303543067526657	0.133743474827579	Primary
cancer-like
Pelka_2021_Cell.C172	tumor_epithelial	tumor	Epithelial cell	Pelka_2021_Cell	MSS	missing	4	-0.0712633958952321	0.275413346078285	-0.34166127567236	873	956	-0.258310689710169	-0.35765801750384	-0.28845470482067	Primary
epithelium
Pelka_2021_Cell.C173	tumor_cancer	tumor	Cancer cell	Pelka_2021_Cell	MSI-H	CMS1	32	-0.0888698794870652	-0.0684825087335609	-0.022900971684818	873	956	-0.211187845950729	-0.295256816536363	-0.0865912459599232	Primary
cancer-like
Pelka_2021_Cell.C173	tumor_epithelial	tumor	Epithelial cell	Pelka_2021_Cell	MSI-H	CMS1	3	-0.071709283603115	0.0121101829673001	-0.0353781275258922	873	956	-0.270613652585605	-0.186545922831868	-0.28845470482067	Primary
epithelium
Qi_2022_Nat_Commun.P1	normal_epithelial	normal	Epithelial cell	Qi_2022_Nat_Commun	missing	missing	3	-0.207603377557084	-0.201939481636787	0.0208792261339529	873	956	-0.0263044665613054	-0.534512291264643	0.260245953360591	Normal
epithelium
Qi_2022_Nat_Commun.P1	tumor_cancer	tumor	Cancer cell	Qi_2022_Nat_Commun	missing	CMS4	20	-0.0667676114839364	-0.0593822230823175	-0.101112010428589	873	956	-0.206308404569845	-0.12912170045712	-0.28845470482067	Primary
cancer-like
Qi_2022_Nat_Commun.P2	normal_epithelial	normal	Epithelial cell	Qi_2022_Nat_Commun	missing	missing	2	-0.28979988870091	-0.0426203292098954	-0.247179559491015	873	956	-0.190607715288411	0.000134597528251179	0.641842322817322	Normal
epithelium
Qi_2022_Nat_Commun.P2	tumor_cancer	tumor	Cancer cell	Qi_2022_Nat_Commun	missing	CMS4	50	-0.199696778219578	-0.0753388583281506	-0.148647512326064	873	956	-0.419742096199651	-0.534512291264643	-0.28845470482067	Primary
cancer-like
Qi_2022_Nat_Commun.P2	tumor_epithelial	tumor	Epithelial cell	Qi_2022_Nat_Commun	missing	CMS4	2	-0.047212567149506	-0.0921553383615373	0.0449427712120313	873	956	-0.0570494699372401	0.31177050334765	-0.193863191696454	Primary
epithelium
Qi_2022_Nat_Commun.P3	normal_epithelial	normal	Epithelial cell	Qi_2022_Nat_Commun	missing	missing	93	-0.153792033998708	0.166685152900302	-0.310615541332573	873	956	-0.161762461017391	-0.133433032171199	-0.234343349408615	Normal
epithelium
Qi_2022_Nat_Commun.P3	tumor_cancer	tumor	Cancer cell	Qi_2022_Nat_Commun	missing	CMS2	145	-0.23351582408158	-0.0633145497946568	-0.175386179784242	873	956	-0.0876880554435475	-0.534512291264643	-0.246148626988825	Primary
cancer-like
Qi_2022_Nat_Commun.P4	normal_epithelial	normal	Epithelial cell	Qi_2022_Nat_Commun	missing	missing	13	-0.234498215184266	-0.0433305206998257	-0.225016017852449	873	956	-0.419742096199651	-0.534512291264643	-0.28845470482067	Normal
epithelium
Qi_2022_Nat_Commun.P4	tumor_cancer	tumor	Cancer cell	Qi_2022_Nat_Commun	missing	CMS4	77	-0.209553987222805	-0.0775612124647245	-0.157014774815444	873	956	-0.213487410548638	-0.534512291264643	-0.28845470482067	Primary
cancer-like
Qi_2022_Nat_Commun.P4	tumor_epithelial	tumor	Epithelial cell	Qi_2022_Nat_Commun	missing	CMS4	9	-0.0499061196308309	-0.16860090639001	0.178647212656434	873	956	-0.273642692748299	-0.350634089217661	-0.28845470482067	Primary
epithelium
Qi_2022_Nat_Commun.P5	normal_epithelial	normal	Epithelial cell	Qi_2022_Nat_Commun	missing	missing	12	-0.140871693420734	0.131078307336413	-0.244893630875273	873	956	-0.22178653887451	-0.318332883953113	-0.28845470482067	Normal
epithelium
Qi_2022_Nat_Commun.P5	tumor_cancer	tumor	Cancer cell	Qi_2022_Nat_Commun	missing	CMS4	37	-0.145198977314883	-0.101402671898834	-0.0463972357068503	873	956	-0.275614271203885	-0.534512291264643	-0.28845470482067	Primary
cancer-like
Qian_2020_Cell_Res.P31	normal_epithelial	normal	Epithelial cell	Qian_2020_Cell_Res	MSI-H	missing	19	-0.254450299162665	-0.0204064077811571	-0.234291454295985	873	956	-0.419742096199651	-0.534512291264643	-0.28845470482067	Normal
epithelium
Qian_2020_Cell_Res.P31	tumor_cancer	tumor	Cancer cell	Qian_2020_Cell_Res	MSI-H	CMS1	164	-0.139387676802021	0.111613274011528	-0.236981656726311	873	956	-0.419742096199651	-0.534512291264643	-0.28845470482067	Primary
cancer-like
Qian_2020_Cell_Res.P31	tumor_epithelial	tumor	Epithelial cell	Qian_2020_Cell_Res	MSI-H	CMS1	1	-0.0788597214332952	0.30643333142335	-0.385293052856645	873	956	-0.290699512137784	-0.23341292845362	-0.10423405556211	Primary
epithelium
Qian_2020_Cell_Res.P32	normal_epithelial	normal	Epithelial cell	Qian_2020_Cell_Res	MSS	missing	30	-0.188988239945032	0.0943335681464229	-0.27401874045751	873	956	-0.271268485059205	-0.339766783755893	-0.28845470482067	Normal
epithelium
Qian_2020_Cell_Res.P32	tumor_cancer	tumor	Cancer cell	Qian_2020_Cell_Res	MSS	CMS4	105	-0.279397846882324	-0.214125024987254	-0.069976321981264	873	956	-0.419742096199651	-0.534512291264643	-0.28845470482067	Primary
cancer-like
Qian_2020_Cell_Res.P32	tumor_epithelial	tumor	Epithelial cell	Qian_2020_Cell_Res	MSS	CMS4	1	-0.10993393682543	0.230455941774432	-0.340389878599863	873	956	-0.0743847457886232	0.27132152636109	-0.028019175056401	Primary
epithelium
Qian_2020_Cell_Res.P33	normal_epithelial	normal	Epithelial cell	Qian_2020_Cell_Res	MSS	missing	32	-0.289306093293885	-0.0136190045700013	-0.285235088685882	873	956	-0.419742096199651	-0.534512291264643	-0.28845470482067	Normal
epithelium
Qian_2020_Cell_Res.P33	tumor_cancer	tumor	Cancer cell	Qian_2020_Cell_Res	MSS	CMS4	120	-0.0827143286452728	-0.00187885162781118	-0.0798735266763371	873	956	-0.259018883783726	-0.329984829302764	-0.28845470482067	Primary
cancer-like
Qian_2020_Cell_Res.P33	tumor_epithelial	tumor	Epithelial cell	Qian_2020_Cell_Res	MSS	CMS4	5	-0.0860260383604591	0.140392617448477	-0.179302078314769	873	956	0.0418409536498463	-0.263692058649114	-0.28845470482067	Primary
epithelium
Qian_2020_Cell_Res.P35	normal_epithelial	normal	Epithelial cell	Qian_2020_Cell_Res	MSS	missing	22	-0.123302723356415	-0.111677210989725	-0.0739338662654793	873	956	-0.354379183663199	-0.435313748081659	-0.28845470482067	Normal
epithelium
Qian_2020_Cell_Res.P35	tumor_cancer	tumor	Cancer cell	Qian_2020_Cell_Res	MSS	CMS4	86	-0.243645440945593	-0.180910355071418	-0.0941829076851559	873	956	-0.419742096199651	-0.534512291264643	-0.28845470482067	Primary
cancer-like
Qian_2020_Cell_Res.P36	normal_epithelial	normal	Epithelial cell	Qian_2020_Cell_Res	MSS	missing	4	-0.275268336383695	-0.146106361305073	-0.127962325361519	873	956	-0.419742096199651	-0.534512291264643	-0.28845470482067	Normal
epithelium
Qian_2020_Cell_Res.P36	tumor_cancer	tumor	Cancer cell	Qian_2020_Cell_Res	MSS	CMS4	8	-0.140691810894153	0.0949485718174947	-0.300916637161023	873	956	-0.334234118395291	-0.392621094918074	-0.28845470482067	Primary
cancer-like
Qian_2020_Cell_Res.P37	normal_epithelial	normal	Epithelial cell	Qian_2020_Cell_Res	MSS	missing	2	-0.252313310589041	0.0584545723754296	-0.310767882964471	873	956	-0.0949324858693242	-0.121961675743628	0.208059222994574	Normal
epithelium
Qian_2020_Cell_Res.P37	tumor_cancer	tumor	Cancer cell	Qian_2020_Cell_Res	MSS	CMS4	9	-0.0792096135675732	0.144324004226809	-0.219871013720034	873	956	0.127389438772957	0.0733296269553228	-0.123551969607564	Primary
cancer-like
Qian_2020_Cell_Res.P38	normal_epithelial	normal	Epithelial cell	Qian_2020_Cell_Res	MSS	missing	24	-0.167146291974145	0.124600718539853	-0.258321607573034	873	956	-0.268457664276214	-0.22041618170574	0.0529607574398956	Normal
epithelium
Qian_2020_Cell_Res.P38	tumor_cancer	tumor	Cancer cell	Qian_2020_Cell_Res	MSS	CMS2	24	-0.137189790172378	0.0542767072846851	-0.178918923490205	873	956	-0.0830414595109297	-0.0222013212980724	-0.26641756312129	Primary
cancer-like
Sathe_2023_Clin_Cancer_Res.P5915	metastasis_cancer	metastasis	Cancer cell	Sathe_2023_Clin_Cancer_Res	MSS	missing	159	-0.305166559509925	-0.248411362769065	-0.0543653061173263	873	956	-0.419742096199651	-0.534512291264643	-0.28845470482067	Metastasis
cancer-like
Sathe_2023_Clin_Cancer_Res.P6198	metastasis_cancer	metastasis	Cancer cell	Sathe_2023_Clin_Cancer_Res	MSS	missing	749	-0.170859593011006	-0.134297012353364	-0.0300181868594689	873	956	-0.166625045843402	-0.534512291264643	-0.28845470482067	Metastasis
cancer-like
Sathe_2023_Clin_Cancer_Res.P6198	metastasis_epithelial	metastasis	Epithelial cell	Sathe_2023_Clin_Cancer_Res	MSS	missing	23	-0.166409198061417	-0.0853154470155152	-0.0560248353789527	873	956	0.199839037130885	-0.534512291264643	-0.28845470482067	Metastasis
epithelium
Sathe_2023_Clin_Cancer_Res.P6335	metastasis_cancer	metastasis	Cancer cell	Sathe_2023_Clin_Cancer_Res	MSS	missing	37	-0.213048930240399	-0.0881860702527784	-0.0939687085084162	873	956	0.422774513803634	-0.269934520869401	-0.28845470482067	Metastasis
cancer-like
Sathe_2023_Clin_Cancer_Res.P6335	metastasis_epithelial	metastasis	Epithelial cell	Sathe_2023_Clin_Cancer_Res	MSS	missing	1	-0.0613734427952498	0.337986466934707	-0.399359909729957	873	956	0.124433303613688	-0.534512291264643	-0.28845470482067	Metastasis
epithelium
Sathe_2023_Clin_Cancer_Res.P8640	metastasis_cancer	metastasis	Cancer cell	Sathe_2023_Clin_Cancer_Res	MSS	missing	1	-0.147270693198811	-0.1313331466791	-0.0159375465197107	873	956	1.3588090307721	1.05492677954613	-0.28845470482067	Metastasis
cancer-like
Smillie_2019_Cell.N10	normal_epithelial	normal	Epithelial cell	Smillie_2019_Cell	missing	missing	225	-0.224883397214601	0.154892203738471	-0.369567765965114	873	956	-0.419742096199651	-0.534512291264643	-0.131145205080329	Normal
epithelium
Smillie_2019_Cell.N11	normal_epithelial	normal	Epithelial cell	Smillie_2019_Cell	missing	missing	180	-0.239499766818186	0.062406801364438	-0.295015255335979	873	956	-0.419742096199651	-0.534512291264643	-0.28845470482067	Normal
epithelium
Smillie_2019_Cell.N13	normal_epithelial	normal	Epithelial cell	Smillie_2019_Cell	missing	missing	54	-0.266028421636776	-0.00596768407869532	-0.256386207053798	873	956	-0.419742096199651	-0.534512291264643	-0.28845470482067	Normal
epithelium
Smillie_2019_Cell.N15	normal_epithelial	normal	Epithelial cell	Smillie_2019_Cell	missing	missing	199	-0.23255009229216	0.151900239625168	-0.379135704912251	873	956	-0.419742096199651	-0.534512291264643	-0.28845470482067	Normal
epithelium
Smillie_2019_Cell.N16	normal_epithelial	normal	Epithelial cell	Smillie_2019_Cell	missing	missing	112	-0.221753876089389	0.0547303596778857	-0.269884545988903	873	956	-0.419742096199651	-0.534512291264643	-0.28845470482067	Normal
epithelium
Smillie_2019_Cell.N17	normal_epithelial	normal	Epithelial cell	Smillie_2019_Cell	missing	missing	113	-0.262705634429378	-0.0353283847060295	-0.223408194097099	873	956	-0.419742096199651	-0.534512291264643	-0.28845470482067	Normal
epithelium
Smillie_2019_Cell.N18	normal_epithelial	normal	Epithelial cell	Smillie_2019_Cell	missing	missing	101	-0.211600973462362	0.0788860163222555	-0.305802751271459	873	956	-0.360237674014467	-0.534512291264643	-0.28845470482067	Normal
epithelium
Smillie_2019_Cell.N20	normal_epithelial	normal	Epithelial cell	Smillie_2019_Cell	missing	missing	68	-0.236349875627894	0.0734667624154225	-0.320057762073194	873	956	-0.419742096199651	-0.534512291264643	-0.28845470482067	Normal
epithelium
Smillie_2019_Cell.N21	normal_epithelial	normal	Epithelial cell	Smillie_2019_Cell	missing	missing	169	-0.244391462278749	0.0931929055563752	-0.324468678856815	873	956	-0.419742096199651	-0.534512291264643	-0.28845470482067	Normal
epithelium
Smillie_2019_Cell.N46	normal_epithelial	normal	Epithelial cell	Smillie_2019_Cell	missing	missing	104	-0.234942788595063	0.106449734414732	-0.343485596596352	873	956	-0.419742096199651	-0.534512291264643	-0.28845470482067	Normal
epithelium
Smillie_2019_Cell.N51	normal_epithelial	normal	Epithelial cell	Smillie_2019_Cell	missing	missing	112	-0.20811448489443	0.315300874987927	-0.514546313787426	873	956	-0.291590052563526	-0.27421706372263	-0.164184994579132	Normal
epithelium
Smillie_2019_Cell.N8	normal_epithelial	normal	Epithelial cell	Smillie_2019_Cell	missing	missing	41	-0.280725338632199	0.0153671622946337	-0.306151853866928	873	956	-0.419742096199651	-0.534512291264643	-0.28845470482067	Normal
epithelium
Thomas_2024_Nat_Med.MC_1	normal_epithelial	normal	Epithelial cell	Thomas_2024_Nat_Med	missing	missing	1	-0.278239782063154	-0.0178560075354835	-0.26038377452767	873	956	-0.419742096199651	-0.534512291264643	1.33108361923025	Normal
epithelium
Thomas_2024_Nat_Med.MC_2	normal_epithelial	normal	Epithelial cell	Thomas_2024_Nat_Med	missing	missing	1	-0.109006382630328	-0.0402769870059337	-0.0687293956243945	873	956	-0.419742096199651	-0.534512291264643	-0.28845470482067	Normal
epithelium
Thomas_2024_Nat_Med.SIC_13	normal_epithelial	normal	Epithelial cell	Thomas_2024_Nat_Med	missing	missing	1	-0.154980384531657	-0.0396822241376803	-0.115298160393977	873	956	-0.284068649398352	-0.217940915394943	-0.28845470482067	Normal
epithelium
Thomas_2024_Nat_Med.SIC_188	normal_epithelial	normal	Epithelial cell	Thomas_2024_Nat_Med	missing	missing	2	-0.159292247449978	0.246501677377032	-0.405793924827009	873	956	-0.238089862176197	-0.26145947253508	0.0236726286117791	Normal
epithelium
Thomas_2024_Nat_Med.SIC_196	normal_epithelial	normal	Epithelial cell	Thomas_2024_Nat_Med	missing	missing	1	-0.194746587435996	0.0695935364822683	-0.264340123918264	873	956	-0.419742096199651	-0.534512291264643	-0.0228019455419714	Normal
epithelium
Tian_2023_Nat_Med.P02	metastasis_cancer	metastasis	Cancer cell	Tian_2023_Nat_Med	MSS	missing	135	-0.227896033151955	-0.201019129394242	-0.0248372841433117	873	956	-0.388309534710592	-0.492328274652401	-0.251592888046067	Metastasis
cancer-like
Tian_2023_Nat_Med.P03	metastasis_cancer	metastasis	Cancer cell	Tian_2023_Nat_Med	MSS	missing	52	-0.149590903098812	-0.0846427869309465	-0.0462491891752422	873	956	-0.253955039321342	-0.410905661115956	-0.263503103278596	Metastasis
cancer-like
Tian_2023_Nat_Med.P07	metastasis_cancer	metastasis	Cancer cell	Tian_2023_Nat_Med	MSS	missing	65	-0.150127424030052	-0.0647544035001935	-0.0908162343698111	873	956	-0.379164301941244	-0.447372206639391	-0.28845470482067	Metastasis
cancer-like
Tian_2023_Nat_Med.P10	metastasis_cancer	metastasis	Cancer cell	Tian_2023_Nat_Med	MSS	missing	444	-0.225647337247992	-0.216923113495589	-0.00158514093943375	873	956	-0.382436218276088	-0.482777142499209	-0.245799688533826	Metastasis
cancer-like
Tian_2023_Nat_Med.P10	metastasis_epithelial	metastasis	Epithelial cell	Tian_2023_Nat_Med	MSS	missing	22	-0.200919517265972	-0.106250186824199	-0.093354630592725	873	956	-0.172263992596582	-0.298313469190556	-0.260979348300847	Metastasis
epithelium
Tian_2023_Nat_Med.P11	metastasis_cancer	metastasis	Cancer cell	Tian_2023_Nat_Med	MSI	missing	735	-0.250193617523906	-0.19507004724794	-0.0542265296514281	873	956	-0.388157604175845	-0.475426329736525	-0.232141553567988	Metastasis
cancer-like
Tian_2023_Nat_Med.P11	metastasis_epithelial	metastasis	Epithelial cell	Tian_2023_Nat_Med	MSI	missing	1	-0.205267845583866	-0.0426253491309276	-0.162642496452938	873	956	-0.173683307357369	-0.178070535913652	-0.28845470482067	Metastasis
epithelium
Tian_2023_Nat_Med.P12	metastasis_cancer	metastasis	Cancer cell	Tian_2023_Nat_Med	MSS	missing	366	-0.221399915728051	-0.158642227675651	-0.0517563137830036	873	956	-0.360867898046264	-0.454724241624524	-0.263733949262219	Metastasis
cancer-like
Tian_2023_Nat_Med.P14	metastasis_cancer	metastasis	Cancer cell	Tian_2023_Nat_Med	MSI	missing	8	-0.0725153506556836	-0.0337805793112026	-0.0420968962699475	873	956	-0.385838712208768	-0.455404395285915	-0.250767939845022	Metastasis
cancer-like
Tian_2023_Nat_Med.P15	metastasis_cancer	metastasis	Cancer cell	Tian_2023_Nat_Med	MSS	missing	11	-0.176961644201131	-0.122333564120356	-0.0546280800807749	873	956	-0.354242207057856	-0.421620982842521	-0.259782608823148	Metastasis
cancer-like
Tian_2023_Nat_Med.P18	metastasis_cancer	metastasis	Cancer cell	Tian_2023_Nat_Med	MSS	missing	305	-0.148021374517373	-0.101876721667678	-0.0458665510277702	873	956	-0.318938129215306	-0.39541206041849	-0.28845470482067	Metastasis
cancer-like
Tian_2023_Nat_Med.P19	metastasis_cancer	metastasis	Cancer cell	Tian_2023_Nat_Med	MSI	missing	121	-0.214191476930583	-0.1937198749632	-0.0213060952939532	873	956	-0.269113710380677	-0.392420619808791	-0.169372793608484	Metastasis
cancer-like
Tian_2023_Nat_Med.P20	metastasis_cancer	metastasis	Cancer cell	Tian_2023_Nat_Med	MSS	missing	749	-0.2381876470468	-0.17969201745898	-0.0532130661140819	873	956	-0.381604162142672	-0.509447861825374	-0.244363502396166	Metastasis
cancer-like
Tian_2023_Nat_Med.P21	metastasis_cancer	metastasis	Cancer cell	Tian_2023_Nat_Med	MSS	missing	731	-0.183504826698629	-0.139277186779262	-0.0400218837073494	873	956	-0.371034760934482	-0.445874400044789	-0.244654306740377	Metastasis
cancer-like
Tian_2023_Nat_Med.P23	metastasis_cancer	metastasis	Cancer cell	Tian_2023_Nat_Med	MSS	missing	71	-0.178493278875825	-0.198713438361774	0.0212832718897567	873	956	-0.358625449707563	-0.41412783700321	-0.28845470482067	Metastasis
cancer-like
Tian_2023_Nat_Med.P24	metastasis_cancer	metastasis	Cancer cell	Tian_2023_Nat_Med	MSS	missing	2456	-0.230432121098608	-0.157026132068799	-0.0696908476037742	873	956	-0.390016685381821	-0.534512291264643	-0.1470820618717	Metastasis
cancer-like
Tian_2023_Nat_Med.P25	metastasis_cancer	metastasis	Cancer cell	Tian_2023_Nat_Med	MSS	missing	57	-0.182723635637132	-0.124968775726833	-0.0424345904930185	873	956	-0.376279088138597	-0.499561224255018	-0.255941952991528	Metastasis
cancer-like
Tian_2023_Nat_Med.P26	metastasis_epithelial	metastasis	Epithelial cell	Tian_2023_Nat_Med	MSI	missing	1	-0.223156170743964	-0.094757440828164	-0.1283987299158	873	956	-0.202845310933027	-0.366343623893464	-0.0149462348413416	Metastasis
epithelium
Tian_2023_Nat_Med.P27	metastasis_cancer	metastasis	Cancer cell	Tian_2023_Nat_Med	MSS	missing	1189	-0.23109797844844	-0.16396591504896	-0.0655130704832494	873	956	-0.32126211618281	-0.474579367831903	-0.173711360842754	Metastasis
cancer-like
Tian_2023_Nat_Med.P27	metastasis_epithelial	metastasis	Epithelial cell	Tian_2023_Nat_Med	MSS	missing	2	-0.176722810791871	-0.210403371128782	0.0336805603369116	873	956	-0.133598495895727	-0.399594479559391	-0.209237245233535	Metastasis
epithelium
Tian_2023_Nat_Med.P28	metastasis_cancer	metastasis	Cancer cell	Tian_2023_Nat_Med	MSS	missing	1047	-0.196435087124961	-0.12310257807028	-0.0695603381234331	873	956	-0.246798729050445	-0.420711306643391	-0.270088370128498	Metastasis
cancer-like
Tian_2023_Nat_Med.P28	metastasis_epithelial	metastasis	Epithelial cell	Tian_2023_Nat_Med	MSS	missing	1	-0.225531017734107	-0.165517323788156	-0.0600136939459507	873	956	-0.26141519573363	-0.534512291264643	-0.18822205880841	Metastasis
epithelium
Tian_2023_Nat_Med.P29	metastasis_cancer	metastasis	Cancer cell	Tian_2023_Nat_Med	MSS	missing	174	-0.20091639137137	-0.101368046474203	-0.0880237975129296	873	956	-0.312091565300747	-0.480281363715429	-0.138924508289055	Metastasis
cancer-like
Tian_2023_Nat_Med.P29	metastasis_epithelial	metastasis	Epithelial cell	Tian_2023_Nat_Med	MSS	missing	2	-0.2036651463091	-0.0168660888677207	-0.18679905744138	873	956	-0.338838228468237	-0.504688333898602	-0.20782498539453	Metastasis
epithelium
Tian_2023_Nat_Med.P30	metastasis_cancer	metastasis	Cancer cell	Tian_2023_Nat_Med	MSS	missing	62	-0.193906097003198	-0.18417273432518	-0.0198611707026396	873	956	-0.265106417335472	-0.407372269381124	-0.262075159987616	Metastasis
cancer-like
Tian_2023_Nat_Med.P32	metastasis_cancer	metastasis	Cancer cell	Tian_2023_Nat_Med	MSS	missing	47	-0.228340208345277	-0.193460634510847	-0.0176366442022402	873	956	-0.198075948279783	-0.347648961278388	-0.270189430124667	Metastasis
cancer-like
Tian_2023_Nat_Med.P33	metastasis_cancer	metastasis	Cancer cell	Tian_2023_Nat_Med	MSS	missing	1498	-0.251445581361841	-0.148761834597154	-0.101183265036125	873	956	-0.394092480113371	-0.534512291264643	-0.148889358275321	Metastasis
cancer-like
Tian_2023_Nat_Med.P34	metastasis_cancer	metastasis	Cancer cell	Tian_2023_Nat_Med	MSS	missing	547	-0.237353694923767	-0.245799045591553	0.00928071868635838	873	956	-0.333920622618686	-0.460833909791891	-0.241912727755381	Metastasis
cancer-like
Tian_2023_Nat_Med.P34	metastasis_epithelial	metastasis	Epithelial cell	Tian_2023_Nat_Med	MSS	missing	1	-0.197956940444232	-0.214509452455839	0.016552512011607	873	956	-0.278355822429765	-0.377328013662262	-0.28845470482067	Metastasis
epithelium
Tian_2023_Nat_Med.P35	metastasis_cancer	metastasis	Cancer cell	Tian_2023_Nat_Med	MSS	missing	60	-0.20959003212675	-0.193321795355406	-0.0136247057789869	873	956	-0.372104852194797	-0.469957804050816	-0.219286648443254	Metastasis
cancer-like
Tian_2023_Nat_Med.P36	metastasis_cancer	metastasis	Cancer cell	Tian_2023_Nat_Med	MSS	missing	216	-0.218223388222208	-0.222338185765266	0.00490025817390356	873	956	-0.249666246535266	-0.434107306080986	-0.220265015918139	Metastasis
cancer-like
Uhlitz_2021_EMBO_Mol_Med.P007	normal_epithelial	normal	Epithelial cell	Uhlitz_2021_EMBO_Mol_Med	MSS	missing	28	-0.109394806717485	-0.0720877777357847	-0.0795385511530432	873	956	-0.419742096199651	-0.534512291264643	-0.28845470482067	Normal
epithelium
Uhlitz_2021_EMBO_Mol_Med.P007	tumor_cancer	tumor	Cancer cell	Uhlitz_2021_EMBO_Mol_Med	MSS	CMS1	52	0.0115643481811706	0.0267678742483349	0.0124861131812083	873	956	-0.0650168058291949	-0.0643908156266179	-0.166675217839153	Primary
cancer-like
Uhlitz_2021_EMBO_Mol_Med.P007	tumor_epithelial	tumor	Epithelial cell	Uhlitz_2021_EMBO_Mol_Med	MSS	CMS1	1	-0.0307932784193226	-0.170813109076132	0.14001983065681	873	956	0.653772960773721	0.658121307347762	-0.28845470482067	Primary
epithelium
Uhlitz_2021_EMBO_Mol_Med.P008	normal_epithelial	normal	Epithelial cell	Uhlitz_2021_EMBO_Mol_Med	MSS	missing	46	-0.0687930482737426	-0.0213445611625452	-0.0661829213252588	873	956	-0.242368562317467	-0.199662735822825	-0.28845470482067	Normal
epithelium
Uhlitz_2021_EMBO_Mol_Med.P008	tumor_cancer	tumor	Cancer cell	Uhlitz_2021_EMBO_Mol_Med	MSS	CMS4	25	0.0772491240632455	0.146868706302069	-0.0598066178158289	873	956	-0.178656211688242	-0.120839441122164	-0.204728960544282	Primary
cancer-like
Uhlitz_2021_EMBO_Mol_Med.P008	tumor_epithelial	tumor	Epithelial cell	Uhlitz_2021_EMBO_Mol_Med	MSS	CMS4	12	0.0412906992798338	0.154362696960509	-0.0930643651816719	873	956	-0.0334605876879229	-0.0875137722215563	-0.28845470482067	Primary
epithelium
Uhlitz_2021_EMBO_Mol_Med.P009	normal_epithelial	normal	Epithelial cell	Uhlitz_2021_EMBO_Mol_Med	MSS	missing	307	-0.0960603178019373	0.144321990670549	-0.246904122928688	873	956	-0.419742096199651	-0.534512291264643	-0.28845470482067	Normal
epithelium
Uhlitz_2021_EMBO_Mol_Med.P009	tumor_cancer	tumor	Cancer cell	Uhlitz_2021_EMBO_Mol_Med	MSS	CMS2	223	0.0203581750824692	0.185524996922991	-0.166362452206391	873	956	-0.0932053633386886	0.0477255616607028	-0.155383931647877	Primary
cancer-like
Uhlitz_2021_EMBO_Mol_Med.P009	tumor_epithelial	tumor	Epithelial cell	Uhlitz_2021_EMBO_Mol_Med	MSS	CMS3	28	0.026163033036205	-0.129081410707978	0.14778197321189	873	956	-0.0592704557060619	-0.0208491300530846	-0.28845470482067	Primary
epithelium
Uhlitz_2021_EMBO_Mol_Med.P012	normal_epithelial	normal	Epithelial cell	Uhlitz_2021_EMBO_Mol_Med	MSS	missing	51	-0.144209227350592	0.120919693151035	-0.266999775229898	873	956	-0.419742096199651	-0.534512291264643	-0.28845470482067	Normal
epithelium
Uhlitz_2021_EMBO_Mol_Med.P012	tumor_cancer	tumor	Cancer cell	Uhlitz_2021_EMBO_Mol_Med	MSS	CMS2	46	-0.0113989243822205	0.123960035940797	-0.0518791950984176	873	956	-0.0269285200926093	0.311593849885457	-0.28845470482067	Primary
cancer-like
Uhlitz_2021_EMBO_Mol_Med.P012	tumor_epithelial	tumor	Epithelial cell	Uhlitz_2021_EMBO_Mol_Med	MSS	CMS2	3	0.0516645468721201	-0.112446138681061	0.167077430694155	873	956	-0.123110765258134	-0.204966385612065	0.0418009281876907	Primary
epithelium
Uhlitz_2021_EMBO_Mol_Med.P013	normal_epithelial	normal	Epithelial cell	Uhlitz_2021_EMBO_Mol_Med	MSS	missing	74	-0.112813489549069	0.157327183394063	-0.260099181956821	873	956	-0.419742096199651	-0.534512291264643	-0.28845470482067	Normal
epithelium
Uhlitz_2021_EMBO_Mol_Med.P013	tumor_cancer	tumor	Cancer cell	Uhlitz_2021_EMBO_Mol_Med	MSS	CMS2	60	-0.00135592905413972	0.162296211209155	-0.178660398652606	873	956	-0.0126489152288697	0.215995667729224	-0.28845470482067	Primary
cancer-like
Uhlitz_2021_EMBO_Mol_Med.P013	tumor_epithelial	tumor	Epithelial cell	Uhlitz_2021_EMBO_Mol_Med	MSS	CMS2	3	-0.0343699157687025	-0.154825158794564	0.105519468228802	873	956	-0.0471639835701985	0.334836638204081	-0.28845470482067	Primary
epithelium
Uhlitz_2021_EMBO_Mol_Med.P014	normal_epithelial	normal	Epithelial cell	Uhlitz_2021_EMBO_Mol_Med	MSS	missing	86	-0.101556039106264	0.128807344544813	-0.228634779543984	873	956	-0.419742096199651	-0.534512291264643	-0.28845470482067	Normal
epithelium
Uhlitz_2021_EMBO_Mol_Med.P014	tumor_cancer	tumor	Cancer cell	Uhlitz_2021_EMBO_Mol_Med	MSS	CMS3	68	0.0421186171749908	0.0481192865806108	0.0065676944648882	873	956	0.154947095520269	0.464825574166907	-0.28845470482067	Primary
cancer-like
Uhlitz_2021_EMBO_Mol_Med.P014	tumor_epithelial	tumor	Epithelial cell	Uhlitz_2021_EMBO_Mol_Med	MSS	CMS3	13	0.0487556496267191	-0.170155638755546	0.176672690029344	873	956	-0.115223916792824	0.176030127351289	-0.28845470482067	Primary
epithelium
Uhlitz_2021_EMBO_Mol_Med.P016	normal_epithelial	normal	Epithelial cell	Uhlitz_2021_EMBO_Mol_Med	missing	missing	141	-0.0936260810024595	0.0832025194059797	-0.170371696217546	873	956	-0.363050703411002	-0.534512291264643	-0.28845470482067	Normal
epithelium
Uhlitz_2021_EMBO_Mol_Med.P016	tumor_cancer	tumor	Cancer cell	Uhlitz_2021_EMBO_Mol_Med	missing	CMS4	50	-0.0225974431247116	0.175575762631882	-0.17907351373538	873	956	-8.56374490242322e-06	0.265468425606288	-0.150694590764934	Primary
cancer-like
Uhlitz_2021_EMBO_Mol_Med.P016	tumor_epithelial	tumor	Epithelial cell	Uhlitz_2021_EMBO_Mol_Med	missing	CMS4	6	0.0287368689731462	0.299713755649801	-0.235776688280619	873	956	0.227666362685535	0.777930627118972	-0.237788438431818	Primary
epithelium
Uhlitz_2021_EMBO_Mol_Med.P017	normal_epithelial	normal	Epithelial cell	Uhlitz_2021_EMBO_Mol_Med	MSS	missing	87	-0.137680361606317	0.0971537009371178	-0.251079901644039	873	956	-0.419742096199651	-0.534512291264643	-0.28845470482067	Normal
epithelium
Uhlitz_2021_EMBO_Mol_Med.P017	tumor_cancer	tumor	Cancer cell	Uhlitz_2021_EMBO_Mol_Med	MSS	CMS3	92	-0.111311675811272	0.099059901733122	-0.228491156610793	873	956	-0.281998919917197	-0.534512291264643	-0.28845470482067	Primary
cancer-like
Uhlitz_2021_EMBO_Mol_Med.P017	tumor_epithelial	tumor	Epithelial cell	Uhlitz_2021_EMBO_Mol_Med	MSS	CMS3	5	-0.100620986756073	-0.0603740700052226	-0.00977772747107757	873	956	0.128793998174579	0.30343990231527	-0.28845470482067	Primary
epithelium
Uhlitz_2021_EMBO_Mol_Med.P020	normal_epithelial	normal	Epithelial cell	Uhlitz_2021_EMBO_Mol_Med	MSS	missing	31	-0.177080541204635	0.174835068661148	-0.338474303181623	873	956	-0.419742096199651	-0.534512291264643	-0.28845470482067	Normal
epithelium
Uhlitz_2021_EMBO_Mol_Med.P020	tumor_cancer	tumor	Cancer cell	Uhlitz_2021_EMBO_Mol_Med	MSS	CMS1	19	0.134212726826937	0.146341752189323	0.0151567948578132	873	956	-0.0669588783711309	-0.0293711603802079	1.44088138471719	Primary
cancer-like
Uhlitz_2021_EMBO_Mol_Med.P021	normal_epithelial	normal	Epithelial cell	Uhlitz_2021_EMBO_Mol_Med	MSS	missing	59	-0.121584046212503	0.0856384995049457	-0.180132398874276	873	956	-0.419742096199651	-0.534512291264643	-0.28845470482067	Normal
epithelium
Uhlitz_2021_EMBO_Mol_Med.P021	tumor_cancer	tumor	Cancer cell	Uhlitz_2021_EMBO_Mol_Med	MSS	CMS4	5	0.043387052733995	-0.161582761740918	0.250098193213029	873	956	0.16900170843914	0.697454685652608	-0.28845470482067	Primary
cancer-like
Uhlitz_2021_EMBO_Mol_Med.P025	normal_epithelial	normal	Epithelial cell	Uhlitz_2021_EMBO_Mol_Med	MSS	missing	10	-0.102118146020507	0.139980246258965	-0.276378471588417	873	956	-0.294482984513153	-0.41889172721639	-0.28845470482067	Normal
epithelium
Uhlitz_2021_EMBO_Mol_Med.P025	tumor_cancer	tumor	Cancer cell	Uhlitz_2021_EMBO_Mol_Med	MSS	CMS2	21	-0.00389724409151031	0.105183950930176	-0.113215151282346	873	956	0.32126603542924	0.313098152477336	-0.230968801505368	Primary
cancer-like
Uhlitz_2021_EMBO_Mol_Med.P025	tumor_epithelial	tumor	Epithelial cell	Uhlitz_2021_EMBO_Mol_Med	MSS	CMS2	7	-0.0353919077431269	-0.133508239814342	0.161084077655409	873	956	-0.0237582024533712	0.332392773930567	-0.28845470482067	Primary
epithelium
Uhlitz_2021_EMBO_Mol_Med.P026	tumor_cancer	tumor	Cancer cell	Uhlitz_2021_EMBO_Mol_Med	MSI	CMS1	42	-0.0305435268155705	0.130076030402465	-0.139432482531003	873	956	-0.237481399807099	-0.191997652668242	-0.164808673696142	Primary
cancer-like
Uhlitz_2021_EMBO_Mol_Med.P026	tumor_epithelial	tumor	Epithelial cell	Uhlitz_2021_EMBO_Mol_Med	MSI	CMS1	2	0.0209134443635399	-0.214008533058084	0.234921977421624	873	956	0.141891149653643	0.775965282393045	-0.28845470482067	Primary
epithelium
Wang_2020_J_Exp_Med.SRR8513796	normal_epithelial	normal	Epithelial cell	Wang_2020_J_Exp_Med	missing	missing	94	-0.108830555823758	0.0564067975654707	-0.212202102932595	873	956	-0.1748247589185	-0.0276041626284581	-0.28845470482067	Normal
epithelium
Wang_2020_J_Exp_Med.SRR8513797	normal_epithelial	normal	Epithelial cell	Wang_2020_J_Exp_Med	missing	missing	169	-0.123538484271071	0.14012729421397	-0.255970920172226	873	956	-0.419742096199651	-0.534512291264643	-0.28845470482067	Normal
epithelium
Wang_2020_J_Exp_Med.SRR8513798	normal_epithelial	normal	Epithelial cell	Wang_2020_J_Exp_Med	missing	missing	119	-0.0949110431620491	0.108736894939641	-0.240037919699383	873	956	-0.306685677703577	-0.2951069434654	-0.28845470482067	Normal
epithelium
Wang_2020_J_Exp_Med.SRR8513799	normal_epithelial	normal	Epithelial cell	Wang_2020_J_Exp_Med	missing	missing	46	-0.0634752879347973	0.057667977524153	-0.146579847685546	873	956	-0.248163726750734	-0.200897794901602	-0.28845470482067	Normal
epithelium
Wang_2021_Adv_Sci.col36-smartseq-smartseq	tumor_cancer	tumor	Cancer cell	Wang_2021_Adv_Sci	missing	missing	1	-0.131294060427756	-0.0173177659830713	-0.113976294444685	873	956	0.189731030291645	-0.185792940421468	0.181929810510373	Primary
cancer-like
Wang_2021_Adv_Sci.col38-smartseq-smartseq	tumor_cancer	tumor	Cancer cell	Wang_2021_Adv_Sci	missing	CMS2	5	-0.073701339128077	-0.0804103628053553	-0.130574079411569	873	956	-0.133611900596402	0.129874078862887	-0.197709785147367	Primary
cancer-like
Wang_2021_Adv_Sci.col39-smartseq-smartseq	tumor_cancer	tumor	Cancer cell	Wang_2021_Adv_Sci	missing	CMS2	6	-0.0102084274695774	-0.108278711354076	-0.0648120734942951	873	956	-0.262924815088902	-0.426684784128921	-0.0958998013888497	Primary
cancer-like
Wang_2021_Adv_Sci.col39-smartseq-smartseq	tumor_epithelial	tumor	Epithelial cell	Wang_2021_Adv_Sci	missing	CMS2	14	0.120518230308681	-0.0565781488878817	0.306021318751884	873	956	-0.246081477599435	-0.410968039770808	-0.0356764962106173	Primary
epithelium
Wang_2021_Adv_Sci.col40-smartseq-smartseq	tumor_cancer	tumor	Cancer cell	Wang_2021_Adv_Sci	missing	missing	1	-0.159828914416022	-0.164554932211076	0.00472601779505347	873	956	-0.386935997632957	-0.504883684597812	-0.24344265846627	Primary
cancer-like
Wang_2021_Adv_Sci.col40-smartseq-smartseq	tumor_epithelial	tumor	Epithelial cell	Wang_2021_Adv_Sci	missing	missing	3	0.181841423516578	-0.0307485537385099	0.175458518575687	873	956	-0.306046178558543	-0.435400403032167	-0.118499880014684	Primary
epithelium
Wang_2021_Adv_Sci.col44-smartseq-smartseq	tumor_cancer	tumor	Cancer cell	Wang_2021_Adv_Sci	missing	CMS2	4	0.0119410048197892	-0.237598885715871	0.275301676747642	873	956	0.0301004286804851	-0.282557049758497	-0.20851321384638	Primary
cancer-like
Wang_2021_Adv_Sci.col44-smartseq-smartseq	tumor_epithelial	tumor	Epithelial cell	Wang_2021_Adv_Sci	missing	CMS2	54	0.149695705761397	-0.254913807170213	0.397348482220535	873	956	-0.135196854387701	-0.316024638064998	-0.125184080140552	Primary
epithelium
Wang_2021_Adv_Sci.col45-smartseq-smartseq	tumor_cancer	tumor	Cancer cell	Wang_2021_Adv_Sci	missing	missing	2	0.00171498765744662	0.351144102408437	-0.349429114750991	873	956	0.193065815053532	-0.254509068657053	-0.0269419277572736	Primary
cancer-like
Wang_2021_Adv_Sci.col45-smartseq-smartseq	tumor_epithelial	tumor	Epithelial cell	Wang_2021_Adv_Sci	missing	missing	9	0.196253149668998	-0.267163147497508	0.396783594775335	873	956	-0.220531668632534	-0.403341324328013	0.00634844548547106	Primary
epithelium
Wang_2021_Adv_Sci.col47-smartseq-smartseq	tumor_cancer	tumor	Cancer cell	Wang_2021_Adv_Sci	missing	missing	2	-0.0542404626346929	-0.143061676176432	0.0888212135417394	873	956	-0.379569143380811	-0.49087022152485	-0.0904871986387197	Primary
cancer-like
Wang_2021_Adv_Sci.col47-smartseq-smartseq	tumor_epithelial	tumor	Epithelial cell	Wang_2021_Adv_Sci	missing	missing	3	0.0668115455934798	-0.290953731096985	0.369549856911152	873	956	-0.319265276601544	-0.435666892065842	-0.104955274732328	Primary
epithelium
Wang_2021_Adv_Sci.col48-smartseq-smartseq	tumor_cancer	tumor	Cancer cell	Wang_2021_Adv_Sci	missing	CMS4	2	0.038917764293612	0.239323808102395	-0.200406043808783	873	956	-0.224924152522055	-0.388044864685921	-0.010751685212488	Primary
cancer-like
Wang_2021_Adv_Sci.col48-smartseq-smartseq	tumor_epithelial	tumor	Epithelial cell	Wang_2021_Adv_Sci	missing	CMS4	10	0.0788756366768926	-0.146797671185017	0.282971762320426	873	956	-0.309906958192242	-0.454733518894172	0.0764641358877986	Primary
epithelium
Wang_2023_Sci_Adv.P0107	metastasis_cancer	metastasis	Cancer cell	Wang_2023_Sci_Adv	missing	missing	17	-0.0724864946058551	0.196922059272499	-0.263556193085552	873	956	0.0710211352900703	0.562664416234862	-0.28845470482067	Metastasis
cancer-like
Wang_2023_Sci_Adv.P0107	metastasis_epithelial	metastasis	Epithelial cell	Wang_2023_Sci_Adv	missing	missing	3	-0.0757722895948967	-0.22095928578791	0.187899788589119	873	956	-0.419742096199651	-0.534512291264643	-0.28845470482067	Metastasis
epithelium
Wang_2023_Sci_Adv.P0107	tumor_cancer	tumor	Cancer cell	Wang_2023_Sci_Adv	missing	missing	62	-0.0361911143659952	0.0934862437680251	-0.117422111973912	873	956	0.202561589750685	0.558672358276998	-0.28845470482067	Primary
cancer-like
Wang_2023_Sci_Adv.P0107	tumor_epithelial	tumor	Epithelial cell	Wang_2023_Sci_Adv	missing	missing	13	0.0263075573259212	-0.166896172018973	0.127745229629526	873	956	-0.419742096199651	-0.534512291264643	-0.28845470482067	Primary
epithelium
Wang_2023_Sci_Adv.P0115	metastasis_cancer	metastasis	Cancer cell	Wang_2023_Sci_Adv	missing	missing	1	-0.00500052446940753	-0.340761241628963	0.335760717159556	873	956	0.0429031075067021	0.544993184050182	-0.28845470482067	Metastasis
cancer-like
Wang_2023_Sci_Adv.P0115	tumor_cancer	tumor	Cancer cell	Wang_2023_Sci_Adv	missing	missing	5	0.208587208525847	-0.213612115621894	0.417092386000605	873	956	0.0736139566810812	0.300734923037776	-0.28845470482067	Primary
cancer-like
Wang_2023_Sci_Adv.P0813	metastasis_cancer	metastasis	Cancer cell	Wang_2023_Sci_Adv	missing	missing	488	-0.0738688282063158	0.171209104293627	-0.249837107320611	873	956	0.240763258108879	0.406846649923463	0.151685611070267	Metastasis
cancer-like
Wang_2023_Sci_Adv.P0813	metastasis_epithelial	metastasis	Epithelial cell	Wang_2023_Sci_Adv	missing	missing	8	-0.0457832220764681	0.145616821216248	-0.211066266916664	873	956	0.0565935993559812	0.34678300831062	-0.205406929146295	Metastasis
epithelium
Wang_2023_Sci_Adv.P0813	tumor_cancer	tumor	Cancer cell	Wang_2023_Sci_Adv	missing	missing	85	-0.0942688822848667	0.100884238770254	-0.203184213219412	873	956	0.128665294022521	0.421565536665325	-0.189736981075379	Primary
cancer-like
Wang_2023_Sci_Adv.P0813	tumor_epithelial	tumor	Epithelial cell	Wang_2023_Sci_Adv	missing	missing	10	-0.0697802049028411	0.034377272439686	-0.100300726342129	873	956	0.143445034385854	0.681460397670533	-0.28845470482067	Primary
epithelium
Wang_2023_Sci_Adv.P0920	metastasis_cancer	metastasis	Cancer cell	Wang_2023_Sci_Adv	missing	missing	1403	-0.0113364151178242	0.163333150189099	-0.170172483958796	873	956	0.799186433115724	0.354092569524272	-0.159236844475183	Metastasis
cancer-like
Wang_2023_Sci_Adv.P0920	metastasis_epithelial	metastasis	Epithelial cell	Wang_2023_Sci_Adv	missing	missing	2	0.0130226693863789	0.145589399933678	-0.132566730547299	873	956	0.475018610184899	0.0599159674724811	-0.28845470482067	Metastasis
epithelium
Wang_2023_Sci_Adv.P0920	tumor_cancer	tumor	Cancer cell	Wang_2023_Sci_Adv	missing	missing	331	-0.0137675683225052	0.153056710752468	-0.166353401590413	873	956	0.505906484737761	0.311738437548265	-0.0710460277767771	Primary
cancer-like
Wang_2023_Sci_Adv.P0920	tumor_epithelial	tumor	Epithelial cell	Wang_2023_Sci_Adv	missing	missing	1	-0.0967753957038682	-0.148402250358579	0.0516268546547109	873	956	-0.419742096199651	-0.534512291264643	-0.28845470482067	Primary
epithelium
Wang_2023_Sci_Adv.P1125	metastasis_cancer	metastasis	Cancer cell	Wang_2023_Sci_Adv	missing	missing	1	-0.0655370265646367	-0.152430562797644	0.0868935362330077	873	956	-0.419742096199651	-0.534512291264643	-0.28845470482067	Metastasis
cancer-like
Wang_2023_Sci_Adv.P1231	metastasis_cancer	metastasis	Cancer cell	Wang_2023_Sci_Adv	missing	missing	40	-0.00452163866436347	0.0794931764207421	-0.0809757676651103	873	956	0.100671902263859	0.192076091883633	-0.256162672038207	Metastasis
cancer-like
Wang_2023_Sci_Adv.P1231	metastasis_epithelial	metastasis	Epithelial cell	Wang_2023_Sci_Adv	missing	missing	404	0.0395208289430414	0.0863980782171884	-0.0410929853000165	873	956	0.0444092042468257	0.306319627787734	-0.28845470482067	Metastasis
epithelium
Wang_2023_Sci_Adv.P1231	tumor_cancer	tumor	Cancer cell	Wang_2023_Sci_Adv	missing	missing	13	-0.0615257084398008	0.0301165114283555	-0.105365676216775	873	956	0.258173427245751	0.243569946657603	-0.0137318424254598	Primary
cancer-like
Wang_2023_Sci_Adv.P1231	tumor_epithelial	tumor	Epithelial cell	Wang_2023_Sci_Adv	missing	missing	19	0.0389806903880298	0.0517949772321981	0.00283304873592457	873	956	0.0578821079369592	0.274972054211028	-0.28845470482067	Primary
epithelium
Wu_2022_Cancer_Discov.P15	tumor_cancer	tumor	Cancer cell	Wu_2022_Cancer_Discov	MSS	missing	2	-0.200783102697376	-0.168502578198081	-0.0322805244992952	873	956	-0.419742096199651	-0.534512291264643	-0.28845470482067	Primary
cancer-like
Wu_2022_Cancer_Discov.P20	normal_epithelial	normal	Epithelial cell	Wu_2022_Cancer_Discov	MSS	missing	4	-0.228903815502636	-0.252288216767116	0.0233844012644796	873	956	-0.419742096199651	-0.534512291264643	-0.28845470482067	Normal
epithelium
Wu_2024_Cell.COAD20	tumor_cancer	tumor	Cancer cell	Wu_2024_Cell	missing	missing	4	-0.283430832219405	-0.205893277077751	-0.0701166914961623	873	956	-0.419742096199651	-0.534512291264643	-0.28845470482067	Primary
cancer-like
Wu_2024_Cell.COAD20	tumor_epithelial	tumor	Epithelial cell	Wu_2024_Cell	missing	missing	3	-0.165668073102654	-0.0877823524113266	-0.0268161442847763	873	956	-0.419742096199651	-0.534512291264643	-0.28845470482067	Primary
epithelium
Yang_2023_Front_Oncol.JCML	tumor_cancer	tumor	Cancer cell	Yang_2023_Front_Oncol	missing	CMS2	85	0.0454518037913681	0.0326062027985896	0.0140320431338343	873	956	-0.182324728988761	-0.187908985845647	-0.28845470482067	Primary
cancer-like
Yang_2023_Front_Oncol.JCML	tumor_epithelial	tumor	Epithelial cell	Yang_2023_Front_Oncol	missing	CMS3	26	0.415449094358682	-0.097213508454735	0.538028068897751	873	956	-0.150798136382477	-0.00403051455723165	-0.28845470482067	Primary
epithelium
Zhang_2018_Nature.P1207-smartseq-smartseq	tumor_cancer	tumor	Cancer cell	Zhang_2018_Nature	MSS	missing	1	-0.17938876761225	0.0251278741439592	-0.20451664175621	873	956	-0.419742096199651	-0.534512291264643	0.296105209652018	Primary
cancer-like
Zhang_2018_Nature.P1212-smartseq-smartseq	normal_epithelial	normal	Epithelial cell	Zhang_2018_Nature	MSS	missing	1	-0.214134003646834	-0.0474187316140961	-0.166715272032738	873	956	-0.419742096199651	-0.534512291264643	-0.28845470482067	Normal
epithelium
Zhang_2020_Cell.P0104-smartseq-smartseq	tumor_epithelial	tumor	Epithelial cell	Zhang_2020_Cell	MSS	missing	1	-0.104742125451427	-0.326545915158831	0.221803789707404	873	956	-0.419742096199651	-0.534512291264643	-0.28845470482067	Primary
epithelium
Zhang_2020_Cell.P0411-smartseq-smartseq	tumor_cancer	tumor	Cancer cell	Zhang_2020_Cell	MSS	missing	4	-0.27568403180424	-0.203539641393886	-0.0759253412088211	873	956	-0.128348682705216	-0.230431354919621	-0.267194531353747	Primary
cancer-like
Zhang_2020_Cell.P0413-smartseq-smartseq	tumor_cancer	tumor	Cancer cell	Zhang_2020_Cell	MSI	missing	4	-0.240827616630887	-0.0412739096386761	-0.199553706992211	873	956	-0.389674939191715	-0.464355591579459	0.647690740008422	Primary
cancer-like
Zhang_2020_Cell.P0720-smartseq-smartseq	normal_epithelial	normal	Epithelial cell	Zhang_2020_Cell	MSS	missing	1	-0.261875993081494	-0.355339153650392	0.0934631605688973	873	956	-0.419742096199651	-0.534512291264643	0.535782535214417	Normal
epithelium
Zhang_2020_Cell.P0720-smartseq-smartseq	tumor_cancer	tumor	Cancer cell	Zhang_2020_Cell	MSS	missing	7	-0.305801655825667	-0.410400910194867	0.149298346816039	873	956	-0.416904719171808	-0.534512291264643	-0.28845470482067	Primary
cancer-like
Zhang_2020_Cell.P0728-smartseq-smartseq	normal_epithelial	normal	Epithelial cell	Zhang_2020_Cell	MSS	missing	1	-0.196611973003523	-0.274747162282972	0.078135189279449	873	956	-0.419742096199651	-0.534512291264643	-0.265738282561355	Normal
epithelium
Zhang_2020_Cell.P0728-smartseq-smartseq	tumor_cancer	tumor	Cancer cell	Zhang_2020_Cell	MSS	missing	2	-0.282683488970528	-0.140409417516875	-0.142274071453654	873	956	0.220740605832397	0.686013745978032	-0.255170752615229	Primary
cancer-like
Zhang_2020_Cell.P0825-smartseq-smartseq	normal_epithelial	normal	Epithelial cell	Zhang_2020_Cell	MSI	missing	3	-0.306040278189937	-0.478217684205489	0.179827061628149	873	956	-0.419742096199651	-0.534512291264643	-0.28845470482067	Normal
epithelium
Zhang_2020_Cell.P0825-smartseq-smartseq	tumor_cancer	tumor	Cancer cell	Zhang_2020_Cell	MSI	missing	5	-0.308465507578776	-0.500093455255271	0.183860505748724	873	956	-0.419742096199651	-0.534512291264643	-0.28845470482067	Primary
cancer-like
Zhang_2020_Cell.P1212-smartseq-smartseq	tumor_cancer	tumor	Cancer cell	Zhang_2020_Cell	MSS	missing	6	-0.24003643051793	-0.0603138893393238	-0.165581740665072	873	956	-0.263250437834491	-0.169365088412601	-0.171461422583161	Primary
cancer-like
Zhang_2020_Cell.P1228-smartseq-smartseq	tumor_cancer	tumor	Cancer cell	Zhang_2020_Cell	MSS	missing	3	-0.280779479367944	-0.264742782230358	0.0267522174399706	873	956	-0.419742096199651	-0.534512291264643	-0.28845470482067	Primary
cancer-like
Zheng_2022_Signal_Transduct_Target_Ther.P0	tumor_cancer	tumor	Cancer cell	Zheng_2022_Signal_Transduct_Target_Ther	missing	CMS3	104	-0.119074999307588	0.100795161171876	-0.221492084181229	873	956	0.181279206439385	0.333649269370636	-0.28845470482067	Primary
cancer-like
Zheng_2022_Signal_Transduct_Target_Ther.P0	tumor_epithelial	tumor	Epithelial cell	Zheng_2022_Signal_Transduct_Target_Ther	missing	CMS3	146	-0.11472807134614	0.0720018085751926	-0.188845365334779	873	956	-0.0848553768781347	-0.27891811637004	-0.28845470482067	Primary
epithelium
Zheng_2022_Signal_Transduct_Target_Ther.P1	normal_epithelial	normal	Epithelial cell	Zheng_2022_Signal_Transduct_Target_Ther	MSS	missing	47	-0.183547519293752	0.185366130496565	-0.361739585011117	873	956	-0.419742096199651	-0.534512291264643	-0.28845470482067	Normal
epithelium
Zheng_2022_Signal_Transduct_Target_Ther.P1	polyp_cancer	polyp	Cancer cell	Zheng_2022_Signal_Transduct_Target_Ther	MSS	missing	1323	-0.0336866785703862	0.15497956223722	-0.187283884863437	873	956	0.885417221077862	0.550887107075282	-0.207009413372817	Polyp
cancer-like
Zheng_2022_Signal_Transduct_Target_Ther.P1	polyp_epithelial	polyp	Epithelial cell	Zheng_2022_Signal_Transduct_Target_Ther	MSS	missing	117	-0.0786905641750707	0.149248863048648	-0.239069926633488	873	956	0.0525131135005898	0.0429131244431741	-0.28845470482067	Polyp
epithelium
Zheng_2022_Signal_Transduct_Target_Ther.P1	tumor_cancer	tumor	Cancer cell	Zheng_2022_Signal_Transduct_Target_Ther	MSS	CMS3	125	-0.0448146025871852	0.279288285050067	-0.294523368034946	873	956	0.384741974053891	0.729083043853595	-0.190989806169535	Primary
cancer-like
Zheng_2022_Signal_Transduct_Target_Ther.P1	tumor_epithelial	tumor	Epithelial cell	Zheng_2022_Signal_Transduct_Target_Ther	MSS	CMS3	141	0.0105180558166574	0.253024776696032	-0.252054549998286	873	956	0.187022044968821	-0.0680302272756111	-0.28845470482067	Primary
epithelium
Zheng_2022_Signal_Transduct_Target_Ther.P2	normal_epithelial	normal	Epithelial cell	Zheng_2022_Signal_Transduct_Target_Ther	MSS	missing	152	-0.171238592494737	0.0843804615214516	-0.278667762093625	873	956	-0.328599172168649	-0.423203747276604	-0.28845470482067	Normal
epithelium
Zheng_2022_Signal_Transduct_Target_Ther.P2	polyp_cancer	polyp	Cancer cell	Zheng_2022_Signal_Transduct_Target_Ther	MSS	missing	942	-0.0739593174580289	0.142141834760564	-0.22249838385712	873	956	0.268916739518746	0.380865905571402	-0.14144397515331	Polyp
cancer-like
Zheng_2022_Signal_Transduct_Target_Ther.P2	polyp_epithelial	polyp	Epithelial cell	Zheng_2022_Signal_Transduct_Target_Ther	MSS	missing	171	-0.0934771876505378	0.12688013183552	-0.23226294268914	873	956	0.188327427837721	0.45077117379836	0.064746054342016	Polyp
epithelium
Zheng_2022_Signal_Transduct_Target_Ther.P2	tumor_cancer	tumor	Cancer cell	Zheng_2022_Signal_Transduct_Target_Ther	MSS	CMS3	217	-0.126096670365321	0.13602788565608	-0.250698943024882	873	956	-0.155099901305539	-0.19657909489574	-0.28845470482067	Primary
cancer-like
Zheng_2022_Signal_Transduct_Target_Ther.P2	tumor_epithelial	tumor	Epithelial cell	Zheng_2022_Signal_Transduct_Target_Ther	MSS	CMS3	39	-0.14521323468305	-0.247395904591465	0.103811719863924	873	956	-0.279372185860303	-0.534512291264643	-0.28845470482067	Primary
epithelium
Zheng_2022_Signal_Transduct_Target_Ther.P3	normal_epithelial	normal	Epithelial cell	Zheng_2022_Signal_Transduct_Target_Ther	MSS	missing	6	-0.214820054441403	0.0839722478592951	-0.308004283070451	873	956	-0.364005376962739	-0.534512291264643	-0.28845470482067	Normal
epithelium
Zheng_2022_Signal_Transduct_Target_Ther.P3	polyp_cancer	polyp	Cancer cell	Zheng_2022_Signal_Transduct_Target_Ther	MSS	missing	376	-0.0607141196088693	0.15413322181979	-0.226933292136731	873	956	0.525676919153554	0.646256337484219	-0.152528028832718	Polyp
cancer-like
Zheng_2022_Signal_Transduct_Target_Ther.P3	polyp_epithelial	polyp	Epithelial cell	Zheng_2022_Signal_Transduct_Target_Ther	MSS	missing	57	-0.0785024269423904	-0.0084067222685003	-0.0936889233907858	873	956	0.170656844036103	0.151779971695574	-0.157423323668718	Polyp
epithelium
Zheng_2022_Signal_Transduct_Target_Ther.P3	tumor_cancer	tumor	Cancer cell	Zheng_2022_Signal_Transduct_Target_Ther	MSS	CMS2	14	-0.131246430514551	0.19343921674758	-0.312790371057557	873	956	0.0815895064331264	0.0977991892306473	-0.108861365982685	Primary
cancer-like
deVries_2023_Nature.HTO7	tumor_epithelial	tumor	Epithelial cell	deVries_2023_Nature	MSI	missing	1	0.0345109926083927	-0.24048143773791	0.274992430346303	873	956	0.309068165844643	1.16604498683871	-0.28845470482067	Primary
epithelium
