context	fidelity
Donor-disjoint validation	0.497873577841591
Donor-disjoint validation	0.689609593534757
Donor-disjoint validation	0.660431134045026
Donor-disjoint validation	0.631626079529513
Donor-disjoint validation	0.532610096457285
Donor-disjoint validation	0.609863855663894
Donor-disjoint validation	0.669012839514429
Donor-disjoint validation	0.59956942771639
Donor-disjoint validation	0.645761530098704
Donor-disjoint validation	0.617733072060432
Donor-disjoint validation	0.718326614239597
Donor-disjoint validation	0.641823670241326
Donor-disjoint validation	0.672214869780063
Donor-disjoint validation	0.669011734149315
Donor-disjoint validation	0.653533627871166
Donor-disjoint validation	0.625915957445905
Donor-disjoint validation	0.623793457823482
Donor-disjoint validation	0.620905356865518
Donor-disjoint validation	0.586189633551733
Donor-disjoint validation	0.676180232338124
Donor-disjoint validation	0.638676760700678
Donor-disjoint validation	0.570551944511452
Donor-disjoint validation	0.631651471642748
Donor-disjoint validation	0.567564709653329
Donor-disjoint validation	0.596386238892873
Donor-disjoint validation	0.688879305930314
Donor-disjoint validation	0.701256687407682
Donor-disjoint validation	0.638055521593016
Donor-disjoint validation	0.600021148565367
Donor-disjoint validation	0.636361383317597
Donor-disjoint validation	0.614197296288096
Donor-disjoint validation	0.548039541274389
Donor-disjoint validation	0.654656004233301
Donor-disjoint validation	0.656752175162993
Donor-disjoint validation	0.616021360051021
Donor-disjoint validation	0.589056939207788
Donor-disjoint validation	0.590544923428003
Donor-disjoint validation	0.638498319680392
Donor-disjoint validation	0.605328116687209
Donor-disjoint validation	0.69581869040692
Donor-disjoint validation	0.655646263224966
Donor-disjoint validation	0.613529794693693
Donor-disjoint validation	0.546019608685451
Donor-disjoint validation	0.617138268659478
Donor-disjoint validation	0.649792975371835
Donor-disjoint validation	0.648239877602678
Donor-disjoint validation	0.56241398054736
Donor-disjoint validation	0.602726191266261
Donor-disjoint validation	0.670591267625181
Donor-disjoint validation	0.545293527702932
Donor-disjoint validation	0.62860475644453
Donor-disjoint validation	0.625260639545835
Donor-disjoint validation	0.553223338763668
Donor-disjoint validation	0.680400038993661
Donor-disjoint validation	0.573294649082516
Donor-disjoint validation	0.692017407912868
Donor-disjoint validation	0.546845724520109
Donor-disjoint validation	0.711877232578043
Donor-disjoint validation	0.580192022682666
Donor-disjoint validation	0.739284451508653
Donor-disjoint validation	0.67467558431173
Donor-disjoint validation	0.579612782985979
Donor-disjoint validation	0.580108452486774
Donor-disjoint validation	0.66930473861974
Donor-disjoint validation	0.595731955151824
Donor-disjoint validation	0.660889363262959
Donor-disjoint validation	0.605144066579263
Donor-disjoint validation	0.721869929714065
Donor-disjoint validation	0.616358415311561
Donor-disjoint validation	0.720012821317754
Donor-disjoint validation	0.67482098069863
Donor-disjoint validation	0.661728696950972
Donor-disjoint validation	0.582144001903371
Donor-disjoint validation	0.621652165580049
Donor-disjoint validation	0.648702502470086
Donor-disjoint validation	0.555741339827705
Donor-disjoint validation	0.809101152927259
Donor-disjoint validation	0.607555324977447
Donor-disjoint validation	0.574860964705027
Donor-disjoint validation	0.642233424372325
Donor-disjoint validation	0.614532062435472
Donor-disjoint validation	0.671693873508393
Donor-disjoint validation	0.75225777457612
Donor-disjoint validation	0.591753381292111
Donor-disjoint validation	0.616160147511243
Donor-disjoint validation	0.609597483320721
Donor-disjoint validation	0.604072420618529
Donor-disjoint validation	0.634539572600712
Donor-disjoint validation	0.737281946725442
Donor-disjoint validation	0.701640005154963
Donor-disjoint validation	0.598190475875765
Donor-disjoint validation	0.629080599165293
Donor-disjoint validation	0.67819265383634
Donor-disjoint validation	0.58530967778178
Donor-disjoint validation	0.639053469521282
Donor-disjoint validation	0.644307566229706
Donor-disjoint validation	0.589479910515133
Donor-disjoint validation	0.684498711258776
Donor-disjoint validation	0.570751155325683
Donor-disjoint validation	0.640870796503142
Donor-disjoint validation	0.660718622830485
Donor-disjoint validation	0.646151456772663
Donor-disjoint validation	0.643540930735144
Donor-disjoint validation	0.695837367532326
Donor-disjoint validation	0.58125179680194
Donor-disjoint validation	0.688950865934618
Donor-disjoint validation	0.564603910501915
Donor-disjoint validation	0.815432504684077
Donor-disjoint validation	0.664471401522036
Donor-disjoint validation	0.666097197484643
Donor-disjoint validation	0.624454350491208
Donor-disjoint validation	0.718384907831085
Donor-disjoint validation	0.748061106136058
Donor-disjoint validation	0.69913522194428
Donor-disjoint validation	0.653914721574613
Donor-disjoint validation	0.7007279732735
Donor-disjoint validation	0.7075880391645
Donor-disjoint validation	0.634398528851357
Donor-disjoint validation	0.598793866899046
Donor-disjoint validation	0.651610430208082
Donor-disjoint validation	0.589684787242128
Donor-disjoint validation	0.626461194797639
Donor-disjoint validation	0.555259805598859
Donor-disjoint validation	0.726046771374095
Donor-disjoint validation	0.675911453600378
Donor-disjoint validation	0.559184590626559
Donor-disjoint validation	0.62350927397636
Donor-disjoint validation	0.587484014658599
Donor-disjoint validation	0.674576450411571
Donor-disjoint validation	0.666751481225692
Donor-disjoint validation	0.613642146447206
Donor-disjoint validation	0.767487277778297
Donor-disjoint validation	0.610705487566944
Donor-disjoint validation	0.601983999788514
Donor-disjoint validation	0.606339282468831
Donor-disjoint validation	0.602611847822854
Donor-disjoint validation	0.551101873300267
Donor-disjoint validation	0.598188159758665
Donor-disjoint validation	0.543309948747774
Donor-disjoint validation	0.643911030629071
Donor-disjoint validation	0.62071141908845
Donor-disjoint validation	0.684099913753507
Donor-disjoint validation	0.671212506732844
Donor-disjoint validation	0.653143701197207
Donor-disjoint validation	0.710555447242591
Donor-disjoint validation	0.636588339870663
Donor-disjoint validation	0.571411104979496
Donor-disjoint validation	0.574180245257269
Donor-disjoint validation	0.656448164535839
Donor-disjoint validation	0.664550708642163
Donor-disjoint validation	0.568553683574757
Donor-disjoint validation	0.637506980678803
Donor-disjoint validation	0.701518899084133
Donor-disjoint validation	0.563189600192981
Donor-disjoint validation	0.62092518364555
Donor-disjoint validation	0.653989643811897
Donor-disjoint validation	0.603200042297131
Donor-disjoint validation	0.612888728805998
Donor-disjoint validation	0.581079964708331
Donor-disjoint validation	0.649409657624553
Donor-disjoint validation	0.596556737826269
Donor-disjoint validation	0.666902385834055
Donor-disjoint validation	0.62251793497477
Donor-disjoint validation	0.625868660800143
Donor-disjoint validation	0.586578591703814
Donor-disjoint validation	0.686558434477449
Donor-disjoint validation	0.600886917960089
Donor-disjoint validation	0.635616827649106
Donor-disjoint validation	0.623529100756392
Donor-disjoint validation	0.60947852264053
Donor-disjoint validation	0.68170087336966
Donor-disjoint validation	0.532028510909686
Donor-disjoint validation	0.543508216548092
Donor-disjoint validation	0.602142614028769
Donor-disjoint validation	0.628312735447221
Donor-disjoint validation	0.714745506755975
Donor-disjoint validation	0.58767567353224
Donor-disjoint validation	0.558349483925348
Donor-disjoint validation	0.784489509981132
Donor-disjoint validation	0.720199061201397
Donor-disjoint validation	0.661391641690431
Donor-disjoint validation	0.674569841484894
Donor-disjoint validation	0.722624541299411
Donor-disjoint validation	0.616405696244156
Donor-disjoint validation	0.650011069952184
Donor-disjoint validation	0.717000335404562
Donor-disjoint validation	0.569435035902994
Donor-disjoint validation	0.644446353689929
Donor-disjoint validation	0.650394387699466
Donor-disjoint validation	0.609552227956308
Donor-disjoint validation	0.705015027072823
Donor-disjoint validation	0.703993946214122
Donor-disjoint validation	0.625141678865644
Donor-disjoint validation	0.724270166761007
Donor-disjoint validation	0.798280354438413
Donor-disjoint validation	0.647140560537926
Donor-disjoint validation	0.623059866962306
Donor-disjoint validation	0.590543947710172
Donor-disjoint validation	0.601276844634047
Donor-disjoint validation	0.63079335339232
Donor-disjoint validation	0.606722600216112
Donor-disjoint validation	0.603094299470295
Donor-disjoint validation	0.724751421745351
Donor-disjoint validation	0.541493388584791
Donor-disjoint validation	0.707574821311145
Donor-disjoint validation	0.68211836276882
Donor-disjoint validation	0.591812861632207
Donor-disjoint validation	0.705988678908602
Donor-disjoint validation	0.560506375962012
Donor-disjoint validation	0.702249186688576
Donor-disjoint validation	0.72458619857842
Donor-disjoint validation	0.663270768624334
Donor-disjoint validation	0.680160993453858
Donor-disjoint validation	0.615538908403581
Donor-disjoint validation	0.544387203796167
Donor-disjoint validation	0.621453897779731
Donor-disjoint validation	0.658529976439176
Donor-disjoint validation	0.656752175162993
Donor-disjoint validation	0.694133411319744
Donor-disjoint validation	0.573400391909352
Donor-disjoint validation	0.539537143056147
Donor-disjoint validation	0.670214558804577
Donor-disjoint validation	0.713073448306628
Donor-disjoint validation	0.677841260190139
Donor-disjoint validation	0.594681135810139
Donor-disjoint validation	0.55457155980583
Donor-disjoint validation	0.578337260137267
Donor-disjoint validation	0.675072119912366
Donor-disjoint validation	0.631367287795626
Donor-disjoint validation	0.578773449297967
Donor-disjoint validation	0.568714662895172
Donor-disjoint validation	0.569672957263376
Donor-disjoint validation	0.606742426996144
Donor-disjoint validation	0.602592021042823
Donor-disjoint validation	0.668186722314833
Donor-disjoint validation	0.571142026306733
Donor-disjoint validation	0.654624100772914
Donor-disjoint validation	0.654862022133295
Donor-disjoint validation	0.612802812759194
Donor-disjoint validation	0.632914822360882
Donor-disjoint validation	0.587765865168562
Donor-disjoint validation	0.674325311197835
Donor-disjoint validation	0.605917312278085
Donor-disjoint validation	0.639119558788055
Donor-disjoint validation	0.581231970021909
Donor-disjoint validation	0.64992515390538
Donor-disjoint validation	0.635332643801983
Donor-disjoint validation	0.642549591733555
Donor-disjoint validation	0.640302556663285
Donor-disjoint validation	0.5195839019764
Donor-disjoint validation	0.678284058277515
Donor-disjoint validation	0.558206469478324
Donor-disjoint validation	0.722935161366459
Donor-disjoint validation	0.521943288800182
Donor-disjoint validation	0.636799825524336
Donor-disjoint validation	0.636105888223223
Donor-disjoint validation	0.577180697968746
Donor-disjoint validation	0.622740362930658
Donor-disjoint validation	0.561541600784586
Donor-disjoint validation	0.567207827612757
Donor-disjoint validation	0.525049484338496
Donor-disjoint validation	0.663537334715507
Donor-disjoint validation	0.638438839340297
Donor-disjoint validation	0.674338529051189
Donor-disjoint validation	0.773875573737447
Donor-disjoint validation	0.6486242670284
Donor-disjoint validation	0.746508008366901
Donor-disjoint validation	0.548455904342986
Donor-disjoint validation	0.560473331328626
Donor-disjoint validation	0.684137393204633
Donor-disjoint validation	0.620958228278936
Donor-disjoint validation	0.655335643157918
Donor-disjoint validation	0.584106853126518
Donor-disjoint validation	0.665905538611002
Donor-disjoint validation	0.636978266544622
Donor-disjoint validation	0.688362671460341
Donor-disjoint validation	0.695262390911404
Donor-disjoint validation	0.526285353627144
Donor-disjoint validation	0.71516847806332
Donor-disjoint validation	0.635101331368279
Donor-disjoint validation	0.596974433367149
Donor-disjoint validation	0.642602463146973
Donor-disjoint validation	0.625486376502115
Donor-disjoint validation	0.660823273996187
Donor-disjoint validation	0.684364270820597
Donor-disjoint validation	0.58662582343312
Donor-disjoint validation	0.705248479120748
Donor-disjoint validation	0.626608860587996
Donor-disjoint validation	0.575403847393807
Donor-disjoint validation	0.570291834162707
Donor-disjoint validation	0.537309043324819
Donor-disjoint validation	0.652244887169099
Donor-disjoint validation	0.716199470624973
Donor-disjoint validation	0.640745354750662
Donor-disjoint validation	0.619920626790606
Donor-disjoint validation	0.552972199549932
Donor-disjoint validation	0.629060772385261
Donor-disjoint validation	0.63709602802542
Donor-disjoint validation	0.650295253799307
Donor-disjoint validation	0.675462046586324
Donor-disjoint validation	0.660168990255138
Donor-disjoint validation	0.590292808496436
Donor-disjoint validation	0.639456614048595
Donor-disjoint validation	0.64900651309724
Donor-disjoint validation	0.710965200696581
Donor-disjoint validation	0.613279668760885
Donor-disjoint validation	0.674034518424035
Donor-disjoint validation	0.605770914774586
Donor-disjoint validation	0.717428730986944
Donor-disjoint validation	0.626060319673783
Donor-disjoint validation	0.687179673585111
Donor-disjoint validation	0.767074988186544
Donor-disjoint validation	0.543032373827329
Donor-disjoint validation	0.582346536339212
Donor-disjoint validation	0.607172007230166
Donor-disjoint validation	0.580643775547632
Donor-disjoint validation	0.696504869126729
Donor-disjoint validation	0.707759871258108
Donor-disjoint validation	0.631305546056069
Donor-disjoint validation	0.603702320724603
Donor-disjoint validation	0.616490593845107
Donor-disjoint validation	0.571734942386682
Donor-disjoint validation	0.547744538548217
Donor-disjoint validation	0.61626589033808
Donor-disjoint validation	0.655438081690668
Donor-disjoint validation	0.640375254856735
Donor-disjoint validation	0.737871360335155
Donor-disjoint validation	0.650929710760324
Donor-disjoint validation	0.61674834198552
Donor-disjoint validation	0.544611907303194
Donor-disjoint validation	0.641780712146947
Donor-disjoint validation	0.622689767068379
Donor-disjoint validation	0.596749729860122
Donor-disjoint validation	0.575027137950792
Donor-disjoint validation	0.511725888157134
Donor-disjoint validation	0.546561540672987
Donor-disjoint validation	0.601276844634047
Donor-disjoint validation	0.635735788329296
Donor-disjoint validation	0.671900945244217
Donor-disjoint validation	0.654516134895919
Donor-disjoint validation	0.698976607704026
Donor-disjoint validation	0.555769612057756
Donor-disjoint validation	0.607020001916589
Donor-disjoint validation	0.688019007273124
Donor-disjoint validation	0.659290003007062
Donor-disjoint validation	0.651115836502382
Donor-disjoint validation	0.693781991335697
Donor-disjoint validation	0.663882096362094
Donor-disjoint validation	0.571444149612882
Donor-disjoint validation	0.706642962649651
Donor-disjoint validation	0.604288209160482
Donor-disjoint validation	0.6989281955462
Donor-disjoint validation	0.609174512013376
Donor-disjoint validation	0.658329491889254
Donor-disjoint validation	0.647552549228243
Donor-disjoint validation	0.677504204929598
Donor-disjoint validation	0.657736905237905
Donor-disjoint validation	0.707872223011622
Donor-disjoint validation	0.633971204906467
Donor-disjoint validation	0.56391658212748
Donor-disjoint validation	0.618107497675324
Donor-disjoint validation	0.627197055062273
Donor-disjoint validation	0.666645738398855
Donor-disjoint validation	0.645217359697266
Donor-disjoint validation	0.584814974531605
Donor-disjoint validation	0.588667012533829
Donor-disjoint validation	0.564405642701597
Donor-disjoint validation	0.648796099405916
Donor-disjoint validation	0.614915380816085
Donor-disjoint validation	0.63138050564898
Donor-disjoint validation	0.5041784938917
Donor-disjoint validation	0.617304511757316
Donor-disjoint validation	0.724943080618992
Donor-disjoint validation	0.577213742602133
Donor-disjoint validation	0.829906054107283
Donor-disjoint validation	0.54978851365048
Donor-disjoint validation	0.659739410021115
Donor-disjoint validation	0.656938310525134
Donor-disjoint validation	0.613232392993216
Donor-disjoint validation	0.574181193938405
Donor-disjoint validation	0.61807673624765
Donor-disjoint validation	0.703622683158142
Donor-disjoint validation	0.624156948790732
Donor-disjoint validation	0.643904421702393
Donor-disjoint validation	0.686849227251248
Donor-disjoint validation	0.665766751150779
Donor-disjoint validation	0.590330132956108
Donor-disjoint validation	0.598891022103555
Donor-disjoint validation	0.575032796798636
Donor-disjoint validation	0.671884422900225
Donor-disjoint validation	0.659469533624696
Donor-disjoint validation	0.595857524758692
Donor-disjoint validation	0.538945643141237
Donor-disjoint validation	0.685394223782739
Donor-disjoint validation	0.5778722855862
Donor-disjoint validation	0.471246212258898
Donor-disjoint validation	0.515539238849914
Donor-disjoint validation	0.554399727712221
Donor-disjoint validation	0.715741332792377
Donor-disjoint validation	0.598350078729786
Donor-disjoint validation	0.699321427333207
Donor-disjoint validation	0.620929514029144
Donor-disjoint validation	0.514296760634589
Donor-disjoint validation	0.565609401875397
Donor-disjoint validation	0.639958892476067
Donor-disjoint validation	0.749832298485564
Donor-disjoint validation	0.63229914645712
Donor-disjoint validation	0.671813919060475
Donor-disjoint validation	0.555706827046851
Donor-disjoint validation	0.683154837238658
Donor-disjoint validation	0.610331074181897
Donor-disjoint validation	0.658331708638858
Donor-disjoint validation	0.665555265497107
Donor-disjoint validation	0.632378453577247
Donor-disjoint validation	0.649840311546205
Donor-disjoint validation	0.647816906295333
Donor-disjoint validation	0.499750513017933
Donor-disjoint validation	0.7135757267341
Donor-disjoint validation	0.654941329253423
Donor-disjoint validation	0.573823363216697
Donor-disjoint validation	0.596198869542038
Donor-disjoint validation	0.597053740487276
Donor-disjoint validation	0.718433287841888
Donor-disjoint validation	0.560248627821599
Donor-disjoint validation	0.550573159166086
Donor-disjoint validation	0.575614382346235
Donor-disjoint validation	0.715373354790315
Donor-disjoint validation	0.658234749854892
Donor-disjoint validation	0.559492830129589
Donor-disjoint validation	0.634394176213812
Donor-disjoint validation	0.647235320747734
Donor-disjoint validation	0.740514935373862
Donor-disjoint validation	0.65299169588363
Donor-disjoint validation	0.521407965739324
Donor-disjoint validation	0.617937948787427
Donor-disjoint validation	0.578182905653248
Donor-disjoint validation	0.655205686320513
Donor-disjoint validation	0.635696134769233
Donor-disjoint validation	0.745311792638317
Donor-disjoint validation	0.63382024681164
Donor-disjoint validation	0.667291211270471
Donor-disjoint validation	0.712222073522099
Donor-disjoint validation	0.644320784083061
Donor-disjoint validation	0.594863864147491
Donor-disjoint validation	0.564907921129069
Donor-disjoint validation	0.538558130466822
Donor-disjoint validation	0.646277026379531
Donor-disjoint validation	0.637123662931522
Donor-disjoint validation	0.734863079561564
Donor-disjoint validation	0.542807670320302
Donor-disjoint validation	0.59895479651989
Donor-disjoint validation	0.636205022123382
Donor-disjoint validation	0.58231583399698
Donor-disjoint validation	0.630732830834608
Donor-disjoint validation	0.724335059364684
Donor-disjoint validation	0.627938292350516
Donor-disjoint validation	0.561028481169516
Donor-disjoint validation	0.787768839190753
Donor-disjoint validation	0.600907737579735
Donor-disjoint validation	0.723582837250943
Donor-disjoint validation	0.590828131557294
Donor-disjoint validation	0.602596321135709
Donor-disjoint validation	0.631268153895467
Donor-disjoint validation	0.616926783005806
Donor-disjoint validation	0.647741973859231
Donor-disjoint validation	0.647504052105748
Donor-disjoint validation	0.610108386758998
Donor-disjoint validation	0.614177469508065
Donor-disjoint validation	0.708321630025676
Donor-disjoint validation	0.70833484787903
Donor-disjoint validation	0.623733977483387
Donor-disjoint validation	0.667872797778987
Donor-disjoint validation	0.569580432289894
Donor-disjoint validation	0.656092366512748
Donor-disjoint validation	0.625430200532543
Donor-disjoint validation	0.607926429307503
Donor-disjoint validation	0.64128067781152
Donor-disjoint validation	0.654934720326745
Donor-disjoint validation	0.718691035982301
Donor-disjoint validation	0.650301862725984
Donor-disjoint validation	0.642701597047132
Donor-disjoint validation	0.631664689496102
Donor-disjoint validation	0.605618909461009
Donor-disjoint validation	0.626563633330388
Donor-disjoint validation	0.744789687430813
Donor-disjoint validation	0.564669999768688
Donor-disjoint validation	0.59624745143265
Donor-disjoint validation	0.629847234659855
Donor-disjoint validation	0.588356392979998
Donor-disjoint validation	0.663638676760701
Donor-disjoint validation	0.688261370265016
Donor-disjoint validation	0.524039184391726
Donor-disjoint validation	0.678898688458501
Donor-disjoint validation	0.605334725613887
Donor-disjoint validation	0.647837803454385
Donor-disjoint validation	0.662608778983161
Donor-disjoint validation	0.60105214112702
Donor-disjoint validation	0.64630346208624
Donor-disjoint validation	0.673384651734691
Donor-disjoint validation	0.494066836075487
Donor-disjoint validation	0.720164826631331
Donor-disjoint validation	0.659944286748111
Donor-disjoint validation	0.564848440788974
Donor-disjoint validation	0.624289127324277
Donor-disjoint validation	0.663658503540733
Donor-disjoint validation	0.700133169872547
Donor-disjoint validation	0.655200159937184
Donor-disjoint validation	0.666183113531447
Donor-disjoint validation	0.741128342051609
Donor-disjoint validation	0.595520469498151
Donor-disjoint validation	0.596221015725941
Donor-disjoint validation	0.626014057187043
Donor-disjoint validation	0.64999785209883
Donor-disjoint validation	0.650050723512248
Donor-disjoint validation	0.593003448214001
Donor-disjoint validation	0.590973527944194
Donor-disjoint validation	0.774972655565873
Donor-disjoint validation	0.645669005125223
Donor-disjoint validation	0.582362096483721
Donor-disjoint validation	0.634942717128025
Donor-disjoint validation	0.641489918892689
Donor-disjoint validation	0.560056968947958
Donor-disjoint validation	0.670022899930937
Donor-disjoint validation	0.605552820194236
Donor-disjoint validation	0.532147471589876
Donor-disjoint validation	0.733725464282639
Donor-disjoint validation	0.644545487590088
Donor-disjoint validation	0.563943949601012
Donor-disjoint validation	0.725684479406715
Donor-disjoint validation	0.613947171458158
Donor-disjoint validation	0.627064876528727
Donor-disjoint validation	0.67250124743491
Donor-disjoint validation	0.599003373857069
Donor-disjoint validation	0.742635177334025
Donor-disjoint validation	0.597438045341432
Donor-disjoint validation	0.678013092283748
Donor-disjoint validation	0.783940969066919
Donor-disjoint validation	0.590233328156341
Donor-disjoint validation	0.63570274369591
Donor-disjoint validation	0.631188846775339
Donor-disjoint validation	0.633561451452477
Donor-disjoint validation	0.570823853639247
Donor-disjoint validation	0.713351023227073
Donor-disjoint validation	0.586935473744386
Donor-disjoint validation	0.5439708414155
Donor-disjoint validation	0.628617974297884
Donor-disjoint validation	0.62657581595461
Donor-disjoint validation	0.592005498636889
Donor-disjoint validation	0.710766932896263
Donor-disjoint validation	0.651742608741627
Donor-disjoint validation	0.646281398650346
Donor-disjoint validation	0.586862775550937
Donor-disjoint validation	0.562290786164873
Donor-disjoint validation	0.761470618364225
Donor-disjoint validation	0.563705096473807
Donor-disjoint validation	0.651254624191914
Donor-disjoint validation	0.556230400401823
Donor-disjoint validation	0.869812190517031
Donor-disjoint validation	0.61889624315563
Donor-disjoint validation	0.637110445078167
Donor-disjoint validation	0.535749336628985
Donor-disjoint validation	0.603252913710549
Donor-disjoint validation	0.59269845780696
Donor-disjoint validation	0.617968709985792
Donor-disjoint validation	0.582533928577329
Donor-disjoint validation	0.65564848440789
Donor-disjoint validation	0.611971099116725
Donor-disjoint validation	0.598943893516973
Donor-disjoint validation	0.72019126233804
Donor-disjoint validation	0.553956929624844
Donor-disjoint validation	0.617825597033914
Donor-disjoint validation	0.550996130473431
Donor-disjoint validation	0.618499707554995
Donor-disjoint validation	0.697192197501165
Donor-disjoint validation	0.668886164542448
Donor-disjoint validation	0.605162893520278
Donor-disjoint validation	0.642932909480836
Donor-disjoint validation	0.63422895304688
Donor-disjoint validation	0.641404002703931
Donor-disjoint validation	0.474973646904874
Donor-disjoint validation	0.649436093331263
Donor-disjoint validation	0.703285627897601
Donor-disjoint validation	0.578158819116981
Donor-disjoint validation	0.713335679507154
Donor-disjoint validation	0.703668945644882
Donor-disjoint validation	0.673598329263336
Donor-disjoint validation	0.626661732001414
Donor-disjoint validation	0.634169472706785
Donor-disjoint validation	0.618711193208667
Donor-disjoint validation	0.639608619362172
Donor-disjoint validation	0.596154926459168
Donor-disjoint validation	0.644657839343601
Donor-disjoint validation	0.604197990225397
Donor-disjoint validation	0.649217998750913
Donor-disjoint validation	0.516438906155443
Donor-disjoint validation	0.5574242326618
Donor-disjoint validation	0.60277806691962
Donor-disjoint validation	0.653659197478034
Donor-disjoint validation	0.609426658141969
Donor-disjoint validation	0.62558447695302
Donor-disjoint validation	0.643884594922362
Donor-disjoint validation	0.640461170903539
Donor-disjoint validation	0.536568843536965
Donor-disjoint validation	0.656664039614868
Donor-disjoint validation	0.776829763962184
Donor-disjoint validation	0.588290303713225
Donor-disjoint validation	0.614360230057956
Donor-disjoint validation	0.636535468457245
Donor-disjoint validation	0.595117324970838
Donor-disjoint validation	0.62240991605082
Donor-disjoint validation	0.584331556633545
Donor-disjoint validation	0.632206621483638
Donor-disjoint validation	0.596082228265719
Donor-disjoint validation	0.66254929854479
Donor-disjoint validation	0.628888940291652
Donor-disjoint validation	0.624229646984181
Donor-disjoint validation	0.726766241494947
Donor-disjoint validation	0.668216462534019
Donor-disjoint validation	0.601157883953856
Donor-disjoint validation	0.683765117973464
Donor-disjoint validation	0.602149222955446
Donor-disjoint validation	0.62218087971423
Donor-disjoint validation	0.612558282472135
Donor-disjoint validation	0.711714361249012
Donor-disjoint validation	0.570935262258733
Donor-disjoint validation	0.633653976425959
Donor-disjoint validation	0.717329597086785
Donor-disjoint validation	0.567663843553488
Donor-disjoint validation	0.562674103912154
Donor-disjoint validation	0.781292080345921
Donor-disjoint validation	0.630944316488281
Donor-disjoint validation	0.635233509901824
Donor-disjoint validation	0.634160607097873
Donor-disjoint validation	0.648312575796128
Donor-disjoint validation	0.625995264697066
Donor-disjoint validation	0.619914017863929
Donor-disjoint validation	0.673426497169727
Donor-disjoint validation	0.551320878791185
Donor-disjoint validation	0.581998605516471
Donor-disjoint validation	0.620522039118237
Donor-disjoint validation	0.76759048446737
Donor-disjoint validation	0.612082439751372
Donor-disjoint validation	0.680987109288516
Donor-disjoint validation	0.673992673993594
Donor-disjoint validation	0.722894313349041
Donor-disjoint validation	0.633078999805037
Donor-disjoint validation	0.762038986058469
Donor-disjoint validation	0.580366200627187
Donor-disjoint validation	0.574114155990496
Donor-disjoint validation	0.653540236797843
Donor-disjoint validation	0.620295056019854
Donor-disjoint validation	0.669368616189888
Donor-disjoint validation	0.600505584564775
Donor-disjoint validation	0.728440406384567
Donor-disjoint validation	0.594780269710298
Donor-disjoint validation	0.655602221921149
Donor-disjoint validation	0.517726793580089
Donor-disjoint validation	0.701620178374931
Donor-disjoint validation	0.62321848120256
Donor-disjoint validation	0.598791888203396
Donor-disjoint validation	0.605768611182158
Donor-disjoint validation	0.670597876551859
Donor-disjoint validation	0.611937043364472
Donor-disjoint validation	0.713368724195138
Donor-disjoint validation	0.534130149593055
Donor-disjoint validation	0.629551913294033
Donor-disjoint validation	0.569791917943566
Donor-disjoint validation	0.621427462073022
Donor-disjoint validation	0.563797621447289
Donor-disjoint validation	0.609631535207469
Donor-disjoint validation	0.718764921742899
Donor-disjoint validation	0.699036088044121
Donor-disjoint validation	0.538678871194535
Donor-disjoint validation	0.649027412221803
Donor-disjoint validation	0.668727550302193
Donor-disjoint validation	0.594216188263007
Donor-disjoint validation	0.556151093281696
Donor-disjoint validation	0.626919480141828
Donor-disjoint validation	0.683902775919948
Donor-disjoint validation	0.713410503567168
Donor-disjoint validation	0.622802118821893
Donor-disjoint validation	0.607751292461188
Donor-disjoint validation	0.693114489741294
Donor-disjoint validation	0.674576450411571
Donor-disjoint validation	0.582091130489953
Donor-disjoint validation	0.69972457252661
Donor-disjoint validation	0.606050492369973
Donor-disjoint validation	0.603028210203522
Donor-disjoint validation	0.64024307632319
Donor-disjoint validation	0.723350329289772
Donor-disjoint validation	0.575971264386807
Donor-disjoint validation	0.723198323976195
Donor-disjoint validation	0.701838272955281
Donor-disjoint validation	0.638015868032952
Donor-disjoint validation	0.694859246384091
Donor-disjoint validation	0.634442535196115
Donor-disjoint validation	0.63522029204847
Donor-disjoint validation	0.650671962619911
Donor-disjoint validation	0.790376065072678
Donor-disjoint validation	0.686148681023458
Donor-disjoint validation	0.57770280317625
Donor-disjoint validation	0.648398491842932
Donor-disjoint validation	0.613544026264755
Donor-disjoint validation	0.62865101893127
Donor-disjoint validation	0.657029750083438
Donor-disjoint validation	0.687503510992297
Donor-disjoint validation	0.613377789380116
Donor-disjoint validation	0.542662273933402
Donor-disjoint validation	0.628280919037344
Donor-disjoint validation	0.579764788299556
Donor-disjoint validation	0.62155303167989
Donor-disjoint validation	0.651577385574696
Donor-disjoint validation	0.68103449700295
Donor-disjoint validation	0.671602433406803
Donor-disjoint validation	0.539470162348284
Donor-disjoint validation	0.614534351548637
Donor-disjoint validation	0.568820405722009
Donor-disjoint validation	0.708579378166089
Donor-disjoint validation	0.650309546115576
Donor-disjoint validation	0.626080146453815
Donor-disjoint validation	0.649911936052025
Donor-disjoint validation	0.597203428056747
Donor-disjoint validation	0.615545517330258
Donor-disjoint validation	0.577986987023372
Donor-disjoint validation	0.673842859550395
Donor-disjoint validation	0.714871076362843
Donor-disjoint validation	0.513437600166545
Donor-disjoint validation	0.635650922525944
Donor-disjoint validation	0.772066003460833
Donor-disjoint validation	0.516272829711091
Donor-disjoint validation	0.60363623145783
Donor-disjoint validation	0.605051541452909
Donor-disjoint validation	0.651360367193462
Donor-disjoint validation	0.619981131484008
Donor-disjoint validation	0.60810386589166
Donor-disjoint validation	0.709927599208251
Donor-disjoint validation	0.571679711058029
Donor-disjoint validation	0.644895760703983
Donor-disjoint validation	0.65347414753107
Donor-disjoint validation	0.635746752121098
Donor-disjoint validation	0.597154847666997
Donor-disjoint validation	0.784575426027936
Donor-disjoint validation	0.724299906980192
Donor-disjoint validation	0.557684364270821
Donor-disjoint validation	0.614354636180738
Donor-disjoint validation	0.661213200670145
Donor-disjoint validation	0.606987960168762
Donor-disjoint validation	0.578759795724174
Donor-disjoint validation	0.636956187701306
Donor-disjoint validation	0.624388261224436
Donor-disjoint validation	0.67361154711669
Donor-disjoint validation	0.692043843619577
Donor-disjoint validation	0.697338746054177
Donor-disjoint validation	0.582379581027196
Donor-disjoint validation	0.628790845300499
Donor-disjoint validation	0.480578016727193
Donor-disjoint validation	0.731935325043536
Donor-disjoint validation	0.656551687675723
Donor-disjoint validation	0.515314535342888
Donor-disjoint validation	0.538525085833435
Donor-disjoint validation	0.65690418047657
Donor-disjoint validation	0.63060726122774
Donor-disjoint validation	0.633991031686499
Donor-disjoint validation	0.56986980371734
Donor-disjoint validation	0.651980530102009
Donor-disjoint validation	0.664498935135837
Donor-disjoint validation	0.675105164545752
Donor-disjoint validation	0.628096906852839
Donor-disjoint validation	0.691799313332518
Donor-disjoint validation	0.74006430485657
Donor-disjoint validation	0.702366987089462
Donor-disjoint validation	0.648239877602678
Donor-disjoint validation	0.671192679952812
Donor-disjoint validation	0.731801051152524
Donor-disjoint validation	0.642205927546337
Donor-disjoint validation	0.70099348854519
Donor-disjoint validation	0.674717467454612
Donor-disjoint validation	0.563830666080675
Donor-disjoint validation	0.589129637401238
Donor-disjoint validation	0.666346133194133
Donor-disjoint validation	0.700615621519987
Donor-disjoint validation	0.615168808509654
Donor-disjoint validation	0.661385032763754
Donor-disjoint validation	0.622390089238029
Donor-disjoint validation	0.476788585043634
Donor-disjoint validation	0.644241476962934
Donor-disjoint validation	0.590300392736922
Donor-disjoint validation	0.664894372829381
Donor-disjoint validation	0.610821143974887
Donor-disjoint validation	0.598335872262665
Donor-disjoint validation	0.67969836858645
Donor-disjoint validation	0.610198895648352
Donor-disjoint validation	0.679506709712809
Donor-disjoint validation	0.626146235720588
Donor-disjoint validation	0.552066776595147
Donor-disjoint validation	0.596822428053572
Donor-disjoint validation	0.609789142194362
Donor-disjoint validation	0.56628257787794
Donor-disjoint validation	0.583418148175811
Donor-disjoint validation	0.567544882873297
Donor-disjoint validation	0.663189269746647
Donor-disjoint validation	0.559488601253713
Donor-disjoint validation	0.64149877239187
Donor-disjoint validation	0.66204592543148
Donor-disjoint validation	0.706101030662115
Donor-disjoint validation	0.6453848212781
Donor-disjoint validation	0.731401210427919
Donor-disjoint validation	0.609844028818345
Donor-disjoint validation	0.576506587447666
Donor-disjoint validation	0.562251132604809
Donor-disjoint validation	0.62005713426637
Donor-disjoint validation	0.604528436559261
Donor-disjoint validation	0.554267549178676
Donor-disjoint validation	0.64956166293813
Donor-disjoint validation	0.615895790444153
Donor-disjoint validation	0.672117929687629
Donor-disjoint validation	0.810429547189389
Donor-disjoint validation	0.6052729408624
Donor-disjoint validation	0.589213222502254
Donor-disjoint validation	0.62672121234151
Donor-disjoint validation	0.657040701358283
Donor-disjoint validation	0.65033490735937
Donor-disjoint validation	0.61641891411935
Donor-disjoint validation	0.669011734149315
Donor-disjoint validation	0.582342269703689
Donor-disjoint validation	0.553091160230123
Donor-disjoint validation	0.575367498237025
Donor-disjoint validation	0.701877926515344
Donor-disjoint validation	0.674801153918598
Donor-disjoint validation	0.667029056146137
Donor-disjoint validation	0.488825957220418
Donor-disjoint validation	0.666826382926118
Donor-disjoint validation	0.754808010049723
Donor-disjoint validation	0.633087700750268
Donor-disjoint validation	0.61550891466772
Donor-disjoint validation	0.697529252761705
Donor-disjoint validation	0.784839783095026
Donor-disjoint validation	0.640520651243635
Donor-disjoint validation	0.586875993404291
Donor-disjoint validation	0.630673350494513
Donor-disjoint validation	0.674728455725148
Donor-disjoint validation	0.534976092207745
Donor-disjoint validation	0.74974101225895
Donor-disjoint validation	0.668066657634467
Donor-disjoint validation	0.586836339844228
Donor-disjoint validation	0.565575422723473
Donor-disjoint validation	0.663949296314532
Donor-disjoint validation	0.611560334543868
Donor-disjoint validation	0.650956146467033
Donor-disjoint validation	0.642397586419977
Donor-disjoint validation	0.508533776572016
Donor-disjoint validation	0.689823244256017
Donor-disjoint validation	0.582921513910131
Donor-disjoint validation	0.662720035952561
Donor-disjoint validation	0.584966013594562
Donor-disjoint validation	0.68269221237125
Donor-disjoint validation	0.619543917970002
Donor-disjoint validation	0.540818383390446
Donor-disjoint validation	0.716970595185376
Donor-disjoint validation	0.629127901117934
Donor-disjoint validation	0.572045561940513
Donor-disjoint validation	0.585168552693032
Donor-disjoint validation	0.628602490578991
Donor-disjoint validation	0.68206436433691
Donor-disjoint validation	0.546245214716867
Donor-disjoint validation	0.608538761486371
Donor-disjoint validation	0.633712246385061
Donor-disjoint validation	0.611627434361693
Donor-disjoint validation	0.625544823392957
Donor-disjoint validation	0.556831812729454
Donor-disjoint validation	0.61493749607595
Donor-disjoint validation	0.614983758562691
Donor-disjoint validation	0.648456810524986
Donor-disjoint validation	0.63362754071925
Donor-disjoint validation	0.627633244222972
Donor-disjoint validation	0.719252794749869
Donor-disjoint validation	0.533356905171816
Donor-disjoint validation	0.630560998740999
Donor-disjoint validation	0.669613146476946
Donor-disjoint validation	0.761655668311188
Donor-disjoint validation	0.572058779793868
Donor-disjoint validation	0.558543524738865
Donor-disjoint validation	0.679513318639486
Donor-disjoint validation	0.537024859477697
Donor-disjoint validation	0.608625971099164
Donor-disjoint validation	0.779246614159721
Donor-disjoint validation	0.648200224042614
Donor-disjoint validation	0.611322413183487
Donor-disjoint validation	0.68317466401869
Donor-disjoint validation	0.642794122020613
Donor-disjoint validation	0.661173547110082
Donor-disjoint validation	0.708583853375078
Donor-disjoint validation	0.552245217615433
Donor-disjoint validation	0.619610007236775
Donor-disjoint validation	0.583559276388219
Donor-disjoint validation	0.625835616166756
Donor-disjoint validation	0.672592690506613
Donor-disjoint validation	0.50840904697537
Donor-disjoint validation	0.647391700166603
Donor-disjoint validation	0.668410321821685
Donor-disjoint validation	0.694762408304633
Donor-disjoint validation	0.640533869096989
Donor-disjoint validation	0.615294378116522
Donor-disjoint validation	0.673624764970045
Donor-disjoint validation	0.586902429111
Donor-disjoint validation	0.609326517326954
Donor-disjoint validation	0.707449251704277
Donor-disjoint validation	0.601997217641869
Donor-disjoint validation	0.663030655506393
Donor-disjoint validation	0.588347451677077
Donor-disjoint validation	0.662310282498571
Donor-disjoint validation	0.515675573863017
Donor-disjoint validation	0.648649631056668
Donor-disjoint validation	0.647810297368656
Donor-disjoint validation	0.632272710750411
Donor-disjoint validation	0.749407260910314
Donor-disjoint validation	0.675488482293033
Donor-disjoint validation	0.52897518678479
Donor-disjoint validation	0.585144454614848
Donor-disjoint validation	0.640190204909772
Donor-disjoint validation	0.720759630032285
Donor-disjoint validation	0.580565427656883
Donor-disjoint validation	0.591092488624385
Donor-disjoint validation	0.615433165576744
Donor-disjoint validation	0.524111016750325
Donor-disjoint validation	0.631096321801858
Donor-disjoint validation	0.590788477997231
Donor-disjoint validation	0.584306086336654
Donor-disjoint validation	0.694850481048994
Donor-disjoint validation	0.553495219260521
Donor-disjoint validation	0.622171994297336
Donor-disjoint validation	0.556005696894796
Donor-disjoint validation	0.630155590914232
Donor-disjoint validation	0.552192346202015
Donor-disjoint validation	0.501515096440763
Donor-disjoint validation	0.580465334527346
Donor-disjoint validation	0.537943500285836
Donor-disjoint validation	0.460566186748441
Donor-disjoint validation	0.607350448250452
Donor-disjoint validation	0.593458484374845
Donor-disjoint validation	0.606815125189594
Donor-disjoint validation	0.515926713491694
Donor-disjoint validation	0.698606507810099
Donor-disjoint validation	0.644115907356066
Donor-disjoint validation	0.6024532335826
Donor-disjoint validation	0.618336527661826
Donor-disjoint validation	0.58108422925823
Donor-disjoint validation	0.714839212810419
Donor-disjoint validation	0.658615892485981
Donor-disjoint validation	0.539282698958672
Donor-disjoint validation	0.69768786700196
Donor-disjoint validation	0.612870927238823
Donor-disjoint validation	0.632061225096738
Donor-disjoint validation	0.664689496102385
Donor-disjoint validation	0.46783600609343
Donor-disjoint validation	0.557915676704525
Donor-disjoint validation	0.622207315420939
Donor-disjoint validation	0.603933633158307
Donor-disjoint validation	0.631618427009362
Donor-disjoint validation	0.616556683111879
Donor-disjoint validation	0.584437299460381
Donor-disjoint validation	0.553745443971172
Donor-disjoint validation	0.630362730940682
Donor-disjoint validation	0.682923524804954
Donor-disjoint validation	0.570855955138606
Donor-disjoint validation	0.631948873343225
Donor-disjoint validation	0.69063614223732
Donor-disjoint validation	0.700523096546505
Donor-disjoint validation	0.644155560916129
Donor-disjoint validation	0.62872371712472
Donor-disjoint validation	0.564656781915333
Donor-disjoint validation	0.640924854728165
Donor-disjoint validation	0.719180096556419
Donor-disjoint validation	0.68993559600953
Donor-disjoint validation	0.57611005184703
Donor-disjoint validation	0.612830261004304
Donor-disjoint validation	0.606949309368194
Donor-disjoint validation	0.598924066736942
Donor-disjoint validation	0.603729753933555
Donor-disjoint validation	0.648999904170563
Donor-disjoint validation	0.660730749022705
Donor-disjoint validation	0.518764395068419
Donor-disjoint validation	0.602199784879903
Donor-disjoint validation	0.591493305973139
Donor-disjoint validation	0.662680382392497
Donor-disjoint validation	0.621275456759445
Donor-disjoint validation	0.575717771929654
Donor-disjoint validation	0.686756702277767
Donor-disjoint validation	0.60300838342349
Donor-disjoint validation	0.613530808389562
Donor-disjoint validation	0.595718737298469
Donor-disjoint validation	0.695050905257732
Donor-disjoint validation	0.488469075179845
Donor-disjoint validation	0.700159605579256
Donor-disjoint validation	0.648636413203314
Donor-disjoint validation	0.676282670870874
Donor-disjoint validation	0.630528995888449
Donor-disjoint validation	0.640184653717327
Donor-disjoint validation	0.604469954944393
Donor-disjoint validation	0.62768611563639
Donor-disjoint validation	0.611143972163201
Donor-disjoint validation	0.756825793362686
Donor-disjoint validation	0.673397869609885
Donor-disjoint validation	0.613001080559512
Donor-disjoint validation	0.533528737265424
Donor-disjoint validation	0.604112074178593
Donor-disjoint validation	0.621017708619032
Donor-disjoint validation	0.678918515238533
Donor-disjoint validation	0.623304397249365
Donor-disjoint validation	0.625128461012289
Donor-disjoint validation	0.625235236873438
Donor-disjoint validation	0.641809391945701
Donor-disjoint validation	0.597860029541902
Donor-disjoint validation	0.641949240055664
Donor-disjoint validation	0.570142191057461
Donor-disjoint validation	0.625391580203005
Donor-disjoint validation	0.653679024258065
Donor-disjoint validation	0.601395805314238
Donor-disjoint validation	0.650579437646429
Donor-disjoint validation	0.651114760707287
Donor-disjoint validation	0.594886012537134
Donor-disjoint validation	0.638029085886307
Donor-disjoint validation	0.641503136767883
Donor-disjoint validation	0.570081290069863
Donor-disjoint validation	0.593089364402759
Donor-disjoint validation	0.634203565192252
Donor-disjoint validation	0.643851550288975
Donor-disjoint validation	0.608830847826159
Donor-disjoint validation	0.585898840297475
Donor-disjoint validation	0.627111139015468
Donor-disjoint validation	0.55903919423966
Donor-disjoint validation	0.589444535318141
Donor-disjoint validation	0.637262450391744
Donor-disjoint validation	0.521123781892202
Donor-disjoint validation	0.551220833980457
Donor-disjoint validation	0.791420277212968
Donor-disjoint validation	0.655450216607572
Donor-disjoint validation	0.677551586889453
Donor-disjoint validation	0.516809006660862
Donor-disjoint validation	0.644076253796002
Donor-disjoint validation	0.590160629962891
Donor-disjoint validation	0.683405976452394
Donor-disjoint validation	0.575581337712849
Donor-disjoint validation	0.670148469537805
Donor-disjoint validation	0.692876568380912
Donor-disjoint validation	0.498897961476566
Donor-disjoint validation	0.737096896778479
Donor-disjoint validation	0.575442550252626
Donor-disjoint validation	0.538016198479286
Donor-disjoint validation	0.565337501363091
Donor-disjoint validation	0.68567727566468
Donor-disjoint validation	0.699710198565202
Donor-disjoint validation	0.632378453577247
Donor-disjoint validation	0.559739740467449
Donor-disjoint validation	0.698276061476236
Donor-disjoint validation	0.639403742635177
Donor-disjoint validation	0.62041504197021
Donor-disjoint validation	0.645637027234661
Donor-disjoint validation	0.653791376011579
Donor-disjoint validation	0.608143519451724
Donor-disjoint validation	0.696392517373216
Donor-disjoint validation	0.64763185634837
Donor-disjoint validation	0.680016720613048
Donor-disjoint validation	0.635914229349583
Donor-disjoint validation	0.616122529908856
Donor-disjoint validation	0.662396198545375
Donor-disjoint validation	0.600873700106734
Donor-disjoint validation	0.64678591373368
Donor-disjoint validation	0.555384457787133
Donor-disjoint validation	0.592004520505847
Donor-disjoint validation	0.653368404704234
Donor-disjoint validation	0.567231896055404
Donor-disjoint validation	0.616239454631371
Donor-disjoint validation	0.544340941309427
Donor-disjoint validation	0.700080298459129
Donor-disjoint validation	0.573268213375807
Donor-disjoint validation	0.49309283409486
Donor-disjoint validation	0.630578562920425
Donor-disjoint validation	0.589783921142287
Donor-disjoint validation	0.749032618357616
Donor-disjoint validation	0.614858188955823
Donor-disjoint validation	0.559865310074317
Donor-disjoint validation	0.581020484368236
Donor-disjoint validation	0.644439744763252
Donor-disjoint validation	0.707508732044372
Donor-disjoint validation	0.618618668235185
Donor-disjoint validation	0.538994319627521
Donor-disjoint validation	0.62273602955512
Donor-disjoint validation	0.577555056581555
Donor-disjoint validation	0.699359925451307
Donor-disjoint validation	0.551538973731878
Donor-disjoint validation	0.638352923293492
Donor-disjoint validation	0.576308319647348
Donor-disjoint validation	0.540725858416964
Donor-disjoint validation	0.687607085442936
Donor-disjoint validation	0.658748071019526
Donor-disjoint validation	0.683062312265177
Donor-disjoint validation	0.575817857382035
Donor-disjoint validation	0.682441073157514
Donor-disjoint validation	0.597365347027867
Donor-disjoint validation	0.641743302678928
Donor-disjoint validation	0.736647489764425
Donor-disjoint validation	0.697529252761705
Donor-disjoint validation	0.776585233675125
Donor-disjoint validation	0.648728938176795
Donor-disjoint validation	0.746673231533833
Donor-disjoint validation	0.647816906295333
Donor-disjoint validation	0.670174905244514
Donor-disjoint validation	0.571564054650085
Donor-disjoint validation	0.662984393019652
Donor-disjoint validation	0.643554148588499
Donor-disjoint validation	0.582732196377647
Donor-disjoint validation	0.55420806883858
Donor-disjoint validation	0.60950495834724
Donor-disjoint validation	0.774543075331851
Donor-disjoint validation	0.565596184000204
Donor-disjoint validation	0.655998757521785
Donor-disjoint validation	0.632404889283956
Donor-disjoint validation	0.655436998754217
Donor-disjoint validation	0.59924129521745
Donor-disjoint validation	0.568146295200928
Donor-disjoint validation	0.680848321828293
Donor-disjoint validation	0.704033599839703
Donor-disjoint validation	0.644195214476193
Donor-disjoint validation	0.55220556405537
Donor-disjoint validation	0.5489566931478
Donor-disjoint validation	0.601045532200343
Donor-disjoint validation	0.634560447822478
Donor-disjoint validation	0.592136699039393
Donor-disjoint validation	0.644523421249605
Donor-disjoint validation	0.705034853885613
Donor-disjoint validation	0.572571917633592
Donor-disjoint validation	0.616404677798302
Donor-disjoint validation	0.572369399347699
Donor-disjoint validation	0.655540520223418
Donor-disjoint validation	0.624584256520156
Donor-disjoint validation	0.563943017834189
Donor-disjoint validation	0.638125969655934
Donor-disjoint validation	0.622174270787553
Donor-disjoint validation	0.641749911605606
Donor-disjoint validation	0.634266350099422
Donor-disjoint validation	0.675693359020028
Donor-disjoint validation	0.664200435528268
Donor-disjoint validation	0.627158437714098
Donor-disjoint validation	0.634420611920521
Donor-disjoint validation	0.588456499147424
Donor-disjoint validation	0.601210755367275
Donor-disjoint validation	0.652403501409354
Donor-disjoint validation	0.635707098495517
Donor-disjoint validation	0.737008893978777
Donor-disjoint validation	0.554020629799465
Donor-disjoint validation	0.552430267562397
Donor-disjoint validation	0.720920626532255
Donor-disjoint validation	0.622384508628076
Donor-disjoint validation	0.598461441869533
Donor-disjoint validation	0.509400387614885
Donor-disjoint validation	0.556085004014923
Donor-disjoint validation	0.651861569421818
Donor-disjoint validation	0.579824268639652
Donor-disjoint validation	0.572277819910536
Donor-disjoint validation	0.66745643471039
Donor-disjoint validation	0.640342210223349
Donor-disjoint validation	0.67180070120712
Donor-disjoint validation	0.686252253235599
Donor-disjoint validation	0.665879102904293
Donor-disjoint validation	0.667280195359873
Donor-disjoint validation	0.651333931443075
Donor-disjoint validation	0.76913697330985
Donor-disjoint validation	0.670954758592431
Donor-disjoint validation	0.609300081620245
Donor-disjoint validation	0.618612059308508
Donor-disjoint validation	0.728240935030946
Donor-disjoint validation	0.54549089455127
Donor-disjoint validation	0.59569230159176
Donor-disjoint validation	0.665555265497107
Donor-disjoint validation	0.602322050225443
Donor-disjoint validation	0.808345766398291
Donor-disjoint validation	0.721361042359916
Donor-disjoint validation	0.647592202788306
Donor-disjoint validation	0.771740890420691
Donor-disjoint validation	0.523701263296334
Donor-disjoint validation	0.637592896725607
Donor-disjoint validation	0.641611124145383
Donor-disjoint validation	0.625743091193275
Donor-disjoint validation	0.613204679138898
Donor-disjoint validation	0.573790318583311
Donor-disjoint validation	0.548345950875848
Donor-disjoint validation	0.624804623605103
Donor-disjoint validation	0.625090873045512
Donor-disjoint validation	0.607965078431437
Donor-disjoint validation	0.627474629982718
Donor-disjoint validation	0.541129002944277
Donor-disjoint validation	0.727732047676797
Donor-disjoint validation	0.66141807739714
Donor-disjoint validation	0.658893467406426
Donor-disjoint validation	0.660417916169832
Donor-disjoint validation	0.6329732569782
Donor-disjoint validation	0.619629834016806
Donor-disjoint validation	0.681667828736274
Donor-disjoint validation	0.684011823390294
Donor-disjoint validation	0.67955297219955
Donor-disjoint validation	0.736462439817461
Donor-disjoint validation	0.679566190052904
Donor-disjoint validation	0.649865673565285
Donor-disjoint validation	0.558465140333291
Donor-disjoint validation	0.596333367479455
Donor-disjoint validation	0.646857444984035
Donor-disjoint validation	0.633885288859663
Donor-disjoint validation	0.632279319677088
Donor-disjoint validation	0.60078778405993
Donor-disjoint validation	0.598776355204777
Donor-disjoint validation	0.60614762359519
Donor-disjoint validation	0.605823786188004
Donor-disjoint validation	0.667134798972973
Donor-disjoint validation	0.615107040006391
Donor-disjoint validation	0.599480207058833
Donor-disjoint validation	0.788946533610811
Donor-disjoint validation	0.597163774431166
Donor-disjoint validation	0.751187128454403
Donor-disjoint validation	0.589869837189091
Donor-disjoint validation	0.625432471639443
Donor-disjoint validation	0.634510880790502
Donor-disjoint validation	0.65897938345323
Donor-disjoint validation	0.706424868069301
Donor-disjoint validation	0.534949656501036
Donor-disjoint validation	0.639181151282321
Donor-disjoint validation	0.641650777705447
Donor-disjoint validation	0.617633938160273
Donor-disjoint validation	0.586552155997105
Donor-disjoint validation	0.504330499205277
Donor-disjoint validation	0.658027698011704
Donor-disjoint validation	0.621380975126553
Donor-disjoint validation	0.685712491862759
Donor-disjoint validation	0.591621202758566
Donor-disjoint validation	0.677279501422571
Donor-disjoint validation	0.521070910478784
Donor-disjoint validation	0.646981946035603
Donor-disjoint validation	0.65698787755711
Donor-disjoint validation	0.590557165563527
Donor-disjoint validation	0.547851186552882
Donor-disjoint validation	0.644122516282743
Donor-disjoint validation	0.641399638491711
Donor-disjoint validation	0.627639853149649
Donor-disjoint validation	0.625146016215882
Donor-disjoint validation	0.553514131537468
Donor-disjoint validation	0.668833293129029
Donor-disjoint validation	0.641694795958189
Donor-disjoint validation	0.594490459173273
Donor-disjoint validation	0.579085025635207
Donor-disjoint validation	0.611343250045032
Donor-disjoint validation	0.628556228015814
Donor-disjoint validation	0.647592202788306
Donor-disjoint validation	0.59576499978521
Donor-disjoint validation	0.590656299463686
Donor-disjoint validation	0.715863598137918
Donor-disjoint validation	0.629783226492104
Donor-disjoint validation	0.617455497139987
Donor-disjoint validation	0.653238384776549
Donor-disjoint validation	0.607528889270738
Donor-disjoint validation	0.632523849964147
Donor-disjoint validation	0.533436212291943
Donor-disjoint validation	0.768807797225626
Donor-disjoint validation	0.646957745827289
Donor-disjoint validation	0.588645826452226
Donor-disjoint validation	0.577378965769064
Donor-disjoint validation	0.573081752696275
Donor-disjoint validation	0.495884290911735
Donor-disjoint validation	0.765244315496942
Donor-disjoint validation	0.682877262318213
Donor-disjoint validation	0.684053651266766
Donor-disjoint validation	0.588396046540062
Donor-disjoint validation	0.639383915855146
Donor-disjoint validation	0.522498438641072
Donor-disjoint validation	0.655800489721467
Donor-disjoint validation	0.666068557815069
Donor-disjoint validation	0.606941697605584
Donor-disjoint validation	0.575060182638775
Donor-disjoint validation	0.706821403669937
Donor-disjoint validation	0.603160388737067
Donor-disjoint validation	0.567209701939519
Donor-disjoint validation	0.600060802125431
Donor-disjoint validation	0.566672504551898
Donor-disjoint validation	0.578429785110749
Donor-disjoint validation	0.653143701197207
Donor-disjoint validation	0.558801272879278
Donor-disjoint validation	0.75751312287275
Donor-disjoint validation	0.669784978570555
Donor-disjoint validation	0.709973861694991
Donor-disjoint validation	0.745873551405884
Donor-disjoint validation	0.558541143115654
Donor-disjoint validation	0.640104288862967
Donor-disjoint validation	0.578707360031194
Donor-disjoint validation	0.711817752237948
Donor-disjoint validation	0.623648061436582
Donor-disjoint validation	0.664927417462767
Donor-disjoint validation	0.618731019988699
Donor-disjoint validation	0.543030863792536
Donor-disjoint validation	0.612564891398812
Donor-disjoint validation	0.659223913740289
Donor-disjoint validation	0.533962504193274
Donor-disjoint validation	0.578103598402087
Donor-disjoint validation	0.738537642794122
Donor-disjoint validation	0.63418269056014
Donor-disjoint validation	0.643811896728912
Donor-disjoint validation	0.696828706533915
Donor-disjoint validation	0.616900347299097
Donor-disjoint validation	0.608070821258273
Donor-disjoint validation	0.740203092316792
Donor-disjoint validation	0.652546671492082
Donor-disjoint validation	0.481549528948751
Donor-disjoint validation	0.599347038044286
Donor-disjoint validation	0.661391641690431
Donor-disjoint validation	0.543243859481001
Donor-disjoint validation	0.765090269827444
Donor-disjoint validation	0.675218631917795
Donor-disjoint validation	0.629126861652033
Donor-disjoint validation	0.642562809586909
Donor-disjoint validation	0.7132849339603
Donor-disjoint validation	0.64589370863225
Donor-disjoint validation	0.605309290019183
Donor-disjoint validation	0.634268606606944
Donor-disjoint validation	0.654914893546714
Donor-disjoint validation	0.618816936035503
Donor-disjoint validation	0.527270083702056
Donor-disjoint validation	0.664588155793393
Donor-disjoint validation	0.649475746891326
Donor-disjoint validation	0.722193767121251
Donor-disjoint validation	0.682263759395949
Donor-disjoint validation	0.565634903063568
Donor-disjoint validation	0.537242954058046
Donor-disjoint validation	0.626761901458292
Donor-disjoint validation	0.593914500315576
Donor-disjoint validation	0.634481140571317
Donor-disjoint validation	0.559978587042951
Donor-disjoint validation	0.595375073111251
Donor-disjoint validation	0.603556924337703
Donor-disjoint validation	0.646053390303257
Donor-disjoint validation	0.638063184748765
Donor-disjoint validation	0.57903119743838
Donor-disjoint validation	0.681343991329088
Donor-disjoint validation	0.65835153541889
Donor-disjoint validation	0.591938431239075
Donor-disjoint validation	0.675898235747024
Donor-disjoint validation	0.627045049748696
Donor-disjoint validation	0.721922801127483
Donor-disjoint validation	0.533137267863594
Donor-disjoint validation	0.633460059712616
Donor-disjoint validation	0.580360550591383
Donor-disjoint validation	0.635385515215401
Donor-disjoint validation	0.584252249513418
Donor-disjoint validation	0.648689284616732
Donor-disjoint validation	0.619153991296044
Donor-disjoint validation	0.741161386684995
Donor-disjoint validation	0.614996976416045
Donor-disjoint validation	0.563202818046335
Donor-disjoint validation	0.590847958337326
Donor-disjoint validation	0.63876928567416
Donor-disjoint validation	0.653302315437461
Donor-disjoint validation	0.656772001943024
Donor-disjoint validation	0.646294616525539
Donor-disjoint validation	0.606518725599391
Donor-disjoint validation	0.676711133728327
Donor-disjoint validation	0.693973650209338
Donor-disjoint validation	0.655655093334567
Donor-disjoint validation	0.555028492782972
Donor-disjoint validation	0.631355113088045
Donor-disjoint validation	0.598672927523206
Donor-disjoint validation	0.657492374950846
Donor-disjoint validation	0.664028603434659
Donor-disjoint validation	0.601131448247147
Donor-disjoint validation	0.550954082754564
Donor-disjoint validation	0.620039587470797
Donor-disjoint validation	0.752061991941189
Donor-disjoint validation	0.596650595959963
Donor-disjoint validation	0.619424957289811
Donor-disjoint validation	0.606735818069467
Donor-disjoint validation	0.630245852888247
Donor-disjoint validation	0.540139448816643
Donor-disjoint validation	0.687800912692774
Donor-disjoint validation	0.552341959649885
Donor-disjoint validation	0.662845605559429
Donor-disjoint validation	0.627137574722177
Donor-disjoint validation	0.612181573651531
Donor-disjoint validation	0.573056727722134
Donor-disjoint validation	0.676354251687755
Donor-disjoint validation	0.650156466339084
Donor-disjoint validation	0.703206320777474
Donor-disjoint validation	0.636101381273713
Donor-disjoint validation	0.706233209195661
Donor-disjoint validation	0.615988315417635
Donor-disjoint validation	0.61464670330215
Donor-disjoint validation	0.683643897812776
Donor-disjoint validation	0.606643293095985
Donor-disjoint validation	0.612960148043793
Donor-disjoint validation	0.627732378123131
Donor-disjoint validation	0.62768611563639
Donor-disjoint validation	0.564667628267858
Donor-disjoint validation	0.743455912604424
Donor-disjoint validation	0.671193788921363
Donor-disjoint validation	0.657254453590465
Donor-disjoint validation	0.64537266973079
Donor-disjoint validation	0.60511002210686
Donor-disjoint validation	0.611428156010323
Donor-disjoint validation	0.705010557760367
Donor-disjoint validation	0.663764246367569
Donor-disjoint validation	0.619928259983233
Donor-disjoint validation	0.608213918092962
Donor-disjoint validation	0.718520391051818
Donor-disjoint validation	0.543647902241337
Donor-disjoint validation	0.543580914741541
Donor-disjoint validation	0.586803295210841
Donor-disjoint validation	0.732601943034864
Donor-disjoint validation	0.643653282488657
Donor-disjoint validation	0.716283265675312
Donor-disjoint validation	0.711151425631422
Donor-disjoint validation	0.653352961878887
Donor-disjoint validation	0.566976515179052
Donor-disjoint validation	0.66204592543148
Donor-disjoint validation	0.599172891460584
Donor-disjoint validation	0.648027228871425
Donor-disjoint validation	0.604270688418847
Donor-disjoint validation	0.660803447216155
Donor-disjoint validation	0.651127978560642
Donor-disjoint validation	0.694879073164123
Donor-disjoint validation	0.692585775607113
Donor-disjoint validation	0.570888999771992
Donor-disjoint validation	0.659082910775285
Donor-disjoint validation	0.613311700113343
Donor-disjoint validation	0.61537470197906
Donor-disjoint validation	0.62672121234151
Donor-disjoint validation	0.679625670393
Donor-disjoint validation	0.600047584272076
Donor-disjoint validation	0.622187488640907
Donor-disjoint validation	0.619444784069843
Donor-disjoint validation	0.697919179435664
Donor-disjoint validation	0.599538696917927
Donor-disjoint validation	0.629992631046755
Donor-disjoint validation	0.579352687607876
Donor-disjoint validation	0.682262632137228
Donor-disjoint validation	0.627534110322813
Donor-disjoint validation	0.623952072063736
Donor-disjoint validation	0.635431777702142
Donor-disjoint validation	0.525360103892327
Donor-disjoint validation	0.585415420608616
Donor-disjoint validation	0.658662154972722
Donor-disjoint validation	0.541080329984993
Donor-disjoint validation	0.713071322003283
Donor-disjoint validation	0.71941590209618
Donor-disjoint validation	0.72207599947888
Donor-disjoint validation	0.678125444037261
Donor-disjoint validation	0.703503722477951
Donor-disjoint validation	0.620092458884215
Donor-disjoint validation	0.668027004074403
Donor-disjoint validation	0.621546422753213
Donor-disjoint validation	0.575310371719081
Donor-disjoint validation	0.557776889244302
Donor-disjoint validation	0.739852819202897
Donor-disjoint validation	0.589916099675832
Donor-disjoint validation	0.595599776618278
Donor-disjoint validation	0.62107058003245
Donor-disjoint validation	0.757002983930395
Donor-disjoint validation	0.647096533287511
Donor-disjoint validation	0.794178196489999
Donor-disjoint validation	0.73105633779546
Donor-disjoint validation	0.602420188949214
Donor-disjoint validation	0.637230458611572
Donor-disjoint validation	0.611534909235338
Donor-disjoint validation	0.611203452503296
Donor-disjoint validation	0.624955389600927
Donor-disjoint validation	0.645194228415677
Donor-disjoint validation	0.691667134798973
Donor-disjoint validation	0.670062553491
Donor-disjoint validation	0.651872559857211
Donor-disjoint validation	0.549568602311142
Donor-disjoint validation	0.652978478030276
Donor-disjoint validation	0.615748106953278
Donor-disjoint validation	0.700271957332769
Donor-disjoint validation	0.628057253227258
Donor-disjoint validation	0.532689403577412
Donor-disjoint validation	0.673254665076118
Donor-disjoint validation	0.581165880755136
Donor-disjoint validation	0.625445689492798
Donor-disjoint validation	0.679625670393
Donor-disjoint validation	0.599380082677673
Donor-disjoint validation	0.614402173015091
Donor-disjoint validation	0.719907078490918
Donor-disjoint validation	0.738938703757033
Donor-disjoint validation	0.633687021059345
Donor-disjoint validation	0.746157735253006
Donor-disjoint validation	0.642368907593059
Donor-disjoint validation	0.660354040202101
Donor-disjoint validation	0.54286474313612
Donor-disjoint validation	0.591043898216559
Donor-disjoint validation	0.633528406819091
Donor-disjoint validation	0.535075226107904
Donor-disjoint validation	0.587722907074183
Donor-disjoint validation	0.685688321991715
Donor-disjoint validation	0.637751510965862
Donor-disjoint validation	0.590901806058228
Donor-disjoint validation	0.636840531293363
Donor-disjoint validation	0.570360285637811
Donor-disjoint validation	0.69191280828723
Donor-disjoint validation	0.69580432289894
Donor-disjoint validation	0.622960733062147
Donor-disjoint validation	0.700761017906887
Donor-disjoint validation	0.710747106116231
Donor-disjoint validation	0.662138450404962
Donor-disjoint validation	0.67788752267688
Donor-disjoint validation	0.720536117018833
Donor-disjoint validation	0.637956387692857
Donor-disjoint validation	0.673717289943527
Donor-disjoint validation	0.619576962603388
Donor-disjoint validation	0.58601022400957
Donor-disjoint validation	0.661086511139688
Donor-disjoint validation	0.71635147593855
Donor-disjoint validation	0.66769655774054
Donor-disjoint validation	0.678383192177674
Donor-disjoint validation	0.569901906844498
Donor-disjoint validation	0.625800301037962
Donor-disjoint validation	0.60629301998209
Donor-disjoint validation	0.63710383615149
Donor-disjoint validation	0.681330773475734
Donor-disjoint validation	0.696604003026888
Donor-disjoint validation	0.587021389791191
Donor-disjoint validation	0.594463041229789
Donor-disjoint validation	0.591218058231253
Donor-disjoint validation	0.552238608688756
Donor-disjoint validation	0.601587464187879
Donor-disjoint validation	0.702770131616775
Donor-disjoint validation	0.633416055065577
Donor-disjoint validation	0.617574457820178
Donor-disjoint validation	0.600549862699548
Donor-disjoint validation	0.67180070120712
Donor-disjoint validation	0.628572750359806
Donor-disjoint validation	0.653022514999049
Donor-disjoint validation	0.624969846772035
Donor-disjoint validation	0.505461460807212
Donor-disjoint validation	0.654500693943168
Donor-disjoint validation	0.599776618278309
Donor-disjoint validation	0.663803899927632
Donor-disjoint validation	0.66451215301103
Donor-disjoint validation	0.633684763590906
Donor-disjoint validation	0.553104378083477
Donor-disjoint validation	0.651147805340674
Donor-disjoint validation	0.573618486489702
Donor-disjoint validation	0.62232627610113
Donor-disjoint validation	0.711070943523417
Donor-disjoint validation	0.571450758539559
Donor-disjoint validation	0.653163527977239
Donor-disjoint validation	0.592795266679702
Donor-disjoint validation	0.796861420720968
Donor-disjoint validation	0.661669216610876
Donor-disjoint validation	0.684441404334084
Donor-disjoint validation	0.578753622517935
Donor-disjoint validation	0.554346856298803
Donor-disjoint validation	0.60204348012861
Donor-disjoint validation	0.540085684876679
Donor-disjoint validation	0.695544419496654
Donor-disjoint validation	0.671529735213353
Donor-disjoint validation	0.609684406708243
Donor-disjoint validation	0.734162533333774
Donor-disjoint validation	0.648001956242297
Donor-disjoint validation	0.612637589592262
Donor-disjoint validation	0.631426768135721
Donor-disjoint validation	0.540639942370159
Donor-disjoint validation	0.56415213113531
Donor-disjoint validation	0.629609313299474
Donor-disjoint validation	0.604872100746478
Donor-disjoint validation	0.703067533317252
Donor-disjoint validation	0.543111680947456
Donor-disjoint validation	0.64827729780457
Donor-disjoint validation	0.58287098383787
Donor-disjoint validation	0.578083771589297
Donor-disjoint validation	0.542382290691556
Donor-disjoint validation	0.609782533267685
Donor-disjoint validation	0.589532781928551
Donor-disjoint validation	0.628109086943735
Donor-disjoint validation	0.702613839142029
Donor-disjoint validation	0.671496690579966
Donor-disjoint validation	0.657221408957078
Donor-disjoint validation	0.660915798969668
Donor-disjoint validation	0.519187366375764
Donor-disjoint validation	0.617990820200845
Donor-disjoint validation	0.707110060290998
Donor-disjoint validation	0.623971898843768
Donor-disjoint validation	0.623661279289937
Donor-disjoint validation	0.600417684166003
Donor-disjoint validation	0.653877292058383
Donor-disjoint validation	0.605684998727782
Donor-disjoint validation	0.562614623572059
Donor-disjoint validation	0.68088136646168
Donor-disjoint validation	0.625450027345333
Donor-disjoint validation	0.537570984121109
Donor-disjoint validation	0.680960673581807
Donor-disjoint validation	0.528538997624091
Donor-disjoint validation	0.501495269660731
Donor-disjoint validation	0.546797061006197
Donor-disjoint validation	0.666131342722239
Donor-disjoint validation	0.64463801256357
Donor-disjoint validation	0.583492222945533
Donor-disjoint validation	0.612452539645299
Donor-disjoint validation	0.602056697981964
Donor-disjoint validation	0.60457900241474
Donor-disjoint validation	0.64888755241705
Donor-disjoint validation	0.582888469222147
Donor-disjoint validation	0.720230915898104
Donor-disjoint validation	0.732774658731549
Donor-disjoint validation	0.653769324947484
Donor-disjoint validation	0.576367799987443
Donor-disjoint validation	0.654214347318924
Donor-disjoint validation	0.644096080576034
Donor-disjoint validation	0.607786637411151
Donor-disjoint validation	0.61708539724606
Donor-disjoint validation	0.708354674659062
Donor-disjoint validation	0.636125715003255
Donor-disjoint validation	0.622405583221257
Donor-disjoint validation	0.658405494671617
Donor-disjoint validation	0.592447318593224
Donor-disjoint validation	0.527785579982883
Donor-disjoint validation	0.621222585346027
Donor-disjoint validation	0.627832549348968
Donor-disjoint validation	0.633839026372922
Donor-disjoint validation	0.666958561896444
Donor-disjoint validation	0.594971928583938
Donor-disjoint validation	0.652112708635554
Donor-disjoint validation	0.542369072816362
Donor-disjoint validation	0.596822428053572
Donor-disjoint validation	0.59088761189739
Donor-disjoint validation	0.698586681030067
Donor-disjoint validation	0.635253336681856
Donor-disjoint validation	0.644657839343601
Donor-disjoint validation	0.645900317558927
Donor-disjoint validation	0.659468444027348
Donor-disjoint validation	0.754808820273543
Donor-disjoint validation	0.551585236295056
Donor-disjoint validation	0.619226689489493
Donor-disjoint validation	0.647830124148688
Donor-disjoint validation	0.602642583698887
Donor-disjoint validation	0.667046680579391
Donor-disjoint validation	0.625908314360206
Donor-disjoint validation	0.597899683101966
Donor-disjoint validation	0.610165851014966
Donor-disjoint validation	0.584630890228557
Donor-disjoint validation	0.66267377346582
Donor-disjoint validation	0.686543046489856
Donor-disjoint validation	0.630184289920395
Donor-disjoint validation	0.654810232618975
Donor-disjoint validation	0.67257394562836
Donor-disjoint validation	0.77623496056123
Donor-disjoint validation	0.546693719206532
Donor-disjoint validation	0.636138932856609
Donor-disjoint validation	0.555299459224439
Donor-disjoint validation	0.61742016816526
Donor-disjoint validation	0.558107335578165
Donor-disjoint validation	0.627071485455405
Donor-disjoint validation	0.695639099732008
Donor-disjoint validation	0.634189299486817
Donor-disjoint validation	0.665533233869731
Donor-disjoint validation	0.557479487543825
Donor-disjoint validation	0.709887945648187
Donor-disjoint validation	0.624183384497441
Donor-disjoint validation	0.644378024622477
Donor-disjoint validation	0.595042305462604
Donor-disjoint validation	0.586122575763083
Donor-disjoint validation	0.641519659111874
Donor-disjoint validation	0.692332475824625
Donor-disjoint validation	0.639106340934701
Donor-disjoint validation	0.616207428116253
Donor-disjoint validation	0.626417201714356
Donor-disjoint validation	0.652489417456158
Donor-disjoint validation	0.637004702251331
Donor-disjoint validation	0.631969744284545
Donor-disjoint validation	0.607290967910357
Donor-disjoint validation	0.660063247428301
Donor-disjoint validation	0.581569025282449
Donor-disjoint validation	0.638888246354351
Donor-disjoint validation	0.626562598101255
Donor-disjoint validation	0.661954494161081
Donor-disjoint validation	0.616477375991752
Donor-disjoint validation	0.703577583145526
Donor-disjoint validation	0.643593802148562
Donor-disjoint validation	0.59517645096305
Donor-disjoint validation	0.690774929697542
Donor-disjoint validation	0.684223309393391
Donor-disjoint validation	0.616583118818588
Donor-disjoint validation	0.590739887087107
Donor-disjoint validation	0.700073689532452
Donor-disjoint validation	0.573334302642579
Donor-disjoint validation	0.602338572569435
Donor-disjoint validation	0.603378483317417
Donor-disjoint validation	0.705292602451887
Donor-disjoint validation	0.522042422700341
Donor-disjoint validation	0.557023471603094
Donor-disjoint validation	0.543842865900442
Donor-disjoint validation	0.746032165646138
Donor-disjoint validation	0.720713367545544
Donor-disjoint validation	0.62995401831753
Donor-disjoint validation	0.532147471589876
Donor-disjoint validation	0.590358897763209
Donor-disjoint validation	0.582970117738029
Donor-disjoint validation	0.653381622557589
Donor-disjoint validation	0.553322472663827
Donor-disjoint validation	0.623744921445367
Donor-disjoint validation	0.620969167654724
Donor-disjoint validation	0.624078672794004
Donor-disjoint validation	0.583456837855469
Donor-disjoint validation	0.628135522650444
Donor-disjoint validation	0.701978220247108
Donor-disjoint validation	0.612637589592262
Donor-disjoint validation	0.646442249546462
Donor-disjoint validation	0.695017860624345
Donor-disjoint validation	0.634017467393208
Donor-disjoint validation	0.567425922193106
Donor-disjoint validation	0.632979865904878
Donor-disjoint validation	0.588667012533829
Donor-disjoint validation	0.605157284454457
Donor-disjoint validation	0.68265038224536
Donor-disjoint validation	0.644972829006186
Donor-disjoint validation	0.587484014658599
Donor-disjoint validation	0.666077370704611
Donor-disjoint validation	0.756857587543495
Donor-disjoint validation	0.677570294196371
Donor-disjoint validation	0.720006212391077
Donor-disjoint validation	0.64929730587104
Donor-disjoint validation	0.609767018428203
Donor-disjoint validation	0.704605272941823
Donor-disjoint validation	0.57241566183444
Donor-disjoint validation	0.587127132618027
Donor-disjoint validation	0.579665654399397
Donor-disjoint validation	0.611058056116396
Donor-disjoint validation	0.620971446132291
Donor-disjoint validation	0.620138721370956
Donor-disjoint validation	0.597377577894462
Donor-disjoint validation	0.589255207008106
Donor-disjoint validation	0.595275939211092
Donor-disjoint validation	0.54918528456386
Donor-disjoint validation	0.627415149642622
Donor-disjoint validation	0.669845565651622
Donor-disjoint validation	0.641359984931647
Donor-disjoint validation	0.594634873323398
Donor-disjoint validation	0.577158520325749
Donor-disjoint validation	0.581950000083406
Donor-disjoint validation	0.612453551561289
Donor-disjoint validation	0.666976184732718
Donor-disjoint validation	0.670758707293332
Donor-disjoint validation	0.706629744796296
Donor-disjoint validation	0.59956050492694
Donor-disjoint validation	0.680987109288516
Donor-disjoint validation	0.552073385521824
Donor-disjoint validation	0.50806454277793
Donor-disjoint validation	0.713417112493845
Donor-disjoint validation	0.668509455721844
Donor-disjoint validation	0.607746983851088
Donor-disjoint validation	0.657858039789462
Donor-disjoint validation	0.717005759679599
Donor-disjoint validation	0.586539907244361
Donor-disjoint validation	0.549211720270569
Donor-disjoint validation	0.695288826618113
Donor-disjoint validation	0.577967160243341
Donor-disjoint validation	0.540395412083101
Donor-disjoint validation	0.681060932753337
Donor-disjoint validation	0.681872705463269
Donor-disjoint validation	0.497258947660605
Donor-disjoint validation	0.650256674614802
Donor-disjoint validation	0.666315292064992
Donor-disjoint validation	0.619464610849875
Donor-disjoint validation	0.560532811668721
Donor-disjoint validation	0.718010316534543
Donor-disjoint validation	0.712207678911906
Donor-disjoint validation	0.592149916892747
Donor-disjoint validation	0.607608196390865
Donor-disjoint validation	0.664801838620682
Donor-disjoint validation	0.505229313233384
Donor-disjoint validation	0.611706741612854
Donor-disjoint validation	0.664180608748236
Donor-disjoint validation	0.616981446958369
Donor-disjoint validation	0.647308018941184
Donor-disjoint validation	0.688895828274306
Donor-disjoint validation	0.71804336116793
Donor-disjoint validation	0.656520862729288
Donor-disjoint validation	0.728373113564492
Donor-disjoint validation	0.613040734119575
Donor-disjoint validation	0.651623648061437
Donor-disjoint validation	0.572085215500577
Donor-disjoint validation	0.616239454631371
Donor-disjoint validation	0.577777410617126
Donor-disjoint validation	0.630538909294844
Donor-disjoint validation	0.650316155053173
Donor-disjoint validation	0.554023018891617
Donor-disjoint validation	0.57045941953797
Donor-disjoint validation	0.606768862702853
Donor-disjoint validation	0.646904874413871
Donor-disjoint validation	0.541538756398267
Donor-disjoint validation	0.755304489774338
Donor-disjoint validation	0.581820164496185
Donor-disjoint validation	0.614836073564924
Donor-disjoint validation	0.681892532243301
Donor-disjoint validation	0.663538431039245
Donor-disjoint validation	0.63414513251288
Donor-disjoint validation	0.589299138691012
Donor-disjoint validation	0.605639736899021
Donor-disjoint validation	0.632411498210633
Donor-disjoint validation	0.57888580105148
Donor-disjoint validation	0.661642780904167
Donor-disjoint validation	0.687316292188678
Donor-disjoint validation	0.629582877592765
Donor-disjoint validation	0.637910125206116
Donor-disjoint validation	0.575231064598954
Donor-disjoint validation	0.629741491833019
Donor-disjoint validation	0.626177010480978
Donor-disjoint validation	0.621301892466154
Donor-disjoint validation	0.622702984921734
Donor-disjoint validation	0.660318782105881
Donor-disjoint validation	0.664636624688967
Donor-disjoint validation	0.752541958423242
Donor-disjoint validation	0.740295617290274
Donor-disjoint validation	0.651233721387478
Donor-disjoint validation	0.709089437101231
Donor-disjoint validation	0.71256573827713
Donor-disjoint validation	0.609502660924332
Donor-disjoint validation	0.561484497110247
Donor-disjoint validation	0.644999264756573
Donor-disjoint validation	0.657703860604519
Donor-disjoint validation	0.745120133764676
Donor-disjoint validation	0.691020601711667
Donor-disjoint validation	0.603035815485894
Donor-disjoint validation	0.659686538607697
Donor-disjoint validation	0.714018524821476
Donor-disjoint validation	0.656917398329924
Donor-disjoint validation	0.573605268636347
Donor-disjoint validation	0.742304731000162
Donor-disjoint validation	0.637916734132793
Donor-disjoint validation	0.661900529044581
Donor-disjoint validation	0.60592952901484
Donor-disjoint validation	0.628426315424244
Donor-disjoint validation	0.700398684161481
Donor-disjoint validation	0.624170166644086
Donor-disjoint validation	0.57958634727927
Donor-disjoint validation	0.612042786191309
Donor-disjoint validation	0.558477435472092
Donor-disjoint validation	0.582831330277806
Donor-disjoint validation	0.578000204876727
Donor-disjoint validation	0.69063614223732
Donor-disjoint validation	0.566011611884172
Donor-disjoint validation	0.54750752179785
Donor-disjoint validation	0.691832357965905
Donor-disjoint validation	0.590438204883336
Donor-disjoint validation	0.626979996398985
Donor-disjoint validation	0.668714332448839
Donor-disjoint validation	0.649642043418302
Donor-disjoint validation	0.586788711919138
Donor-disjoint validation	0.719759566851212
Donor-disjoint validation	0.642741250607195
Donor-disjoint validation	0.540018703262497
Donor-disjoint validation	0.648973468463854
Donor-disjoint validation	0.611441373863678
Donor-disjoint validation	0.686842618324571
Donor-disjoint validation	0.62657581595461
Donor-disjoint validation	0.576176141113802
Donor-disjoint validation	0.650248991312566
Donor-disjoint validation	0.623830837634125
Donor-disjoint validation	0.603653751151192
Donor-disjoint validation	0.507443303670267
Donor-disjoint validation	0.69283475508198
Donor-disjoint validation	0.722277572075581
Donor-disjoint validation	0.602221921148896
Donor-disjoint validation	0.704111743732259
Donor-disjoint validation	0.697456554568255
Donor-disjoint validation	0.689294530121836
Donor-disjoint validation	0.623972929792455
Donor-disjoint validation	0.533085939178048
Donor-disjoint validation	0.604416084805747
Donor-disjoint validation	0.701203815994263
Donor-disjoint validation	0.598851368543492
Donor-disjoint validation	0.5318500698894
Donor-disjoint validation	0.646054457739302
Donor-disjoint validation	0.52383344182988
Donor-disjoint validation	0.637599505652285
Donor-disjoint validation	0.677127496108994
Donor-disjoint validation	0.544658169789935
Donor-disjoint validation	0.68743525306542
Donor-disjoint validation	0.614739228275632
Donor-disjoint validation	0.584972622521239
Donor-disjoint validation	0.743290689164505
Donor-disjoint validation	0.694416448296714
Donor-disjoint validation	0.618023864834232
Donor-disjoint validation	0.532253214416713
Donor-disjoint validation	0.68391712378934
Donor-disjoint validation	0.677424897809471
Donor-disjoint validation	0.617772725620496
Donor-disjoint validation	0.623143508124061
Donor-disjoint validation	0.647837803454385
Donor-disjoint validation	0.665196178052296
Donor-disjoint validation	0.533984753206156
Donor-disjoint validation	0.687316292188678
Donor-disjoint validation	0.539542860541734
Donor-disjoint validation	0.59354440042165
Donor-disjoint validation	0.609575359237896
Donor-disjoint validation	0.585190717101589
Donor-disjoint validation	0.610588822322311
Donor-disjoint validation	0.727626304849961
Donor-disjoint validation	0.617144877586156
Donor-disjoint validation	0.649354554632843
Donor-disjoint validation	0.675527063647862
Donor-disjoint validation	0.649903096453375
Donor-disjoint validation	0.662012880798094
Donor-disjoint validation	0.604951407866605
Donor-disjoint validation	0.585554208068839
Donor-disjoint validation	0.598281673389031
Donor-disjoint validation	0.665555265497107
Donor-disjoint validation	0.53229374745009
Donor-disjoint validation	0.723323893583063
Donor-disjoint validation	0.637533416385512
Donor-disjoint validation	0.659928854787672
Donor-disjoint validation	0.644278890558525
Donor-disjoint validation	0.640012821339811
Donor-disjoint validation	0.542814279246979
Donor-disjoint validation	0.554194850985226
Donor-disjoint validation	0.644181996622838
Donor-disjoint validation	0.680927628948421
Donor-disjoint validation	0.572237220814154
Donor-disjoint validation	0.770775987125811
Donor-disjoint validation	0.530759596987651
Donor-disjoint validation	0.528862835031277
Donor-disjoint validation	0.593252263568106
Donor-disjoint validation	0.630400121605312
Donor-disjoint validation	0.646316679939594
Donor-disjoint validation	0.6437171308628
Donor-disjoint validation	0.727326800399512
Donor-disjoint validation	0.587146959398059
Donor-disjoint validation	0.754203291260479
Donor-disjoint validation	0.63668191679104
Donor-disjoint validation	0.570690731971674
Donor-disjoint validation	0.654624100772914
Donor-disjoint validation	0.685719100789436
Donor-disjoint validation	0.453842353707655
Donor-disjoint validation	0.639271564101632
Donor-disjoint validation	0.670518569431731
Donor-disjoint validation	0.645232815964523
Donor-disjoint validation	0.574808093291609
Donor-disjoint validation	0.628750152831429
Donor-disjoint validation	0.675547962633129
Donor-disjoint validation	0.636224848903414
Donor-disjoint validation	0.578458132314308
Donor-disjoint validation	0.604158336665334
Donor-disjoint validation	0.70094606785385
Donor-disjoint validation	0.535729509848953
Donor-disjoint validation	0.586796686284164
Donor-disjoint validation	0.595057844630743
Donor-disjoint validation	0.641148499277975
Donor-disjoint validation	0.631922437636516
Donor-disjoint validation	0.652403501409354
Donor-disjoint validation	0.645761530098704
Donor-disjoint validation	0.576777553441433
Donor-disjoint validation	0.557134359926378
Donor-disjoint validation	0.747536097319502
Donor-disjoint validation	0.756236348435832
Donor-disjoint validation	0.616503811698461
Donor-disjoint validation	0.650352504209955
Donor-disjoint validation	0.648498697214061
Donor-disjoint validation	0.735253006235522
Donor-disjoint validation	0.667630468473768
Donor-disjoint validation	0.690682404724061
Donor-disjoint validation	0.682236196430519
Donor-disjoint validation	0.597833593835193
Donor-disjoint validation	0.621229194272704
Donor-disjoint validation	0.671794092280443
Donor-disjoint validation	0.534739054360894
Donor-disjoint validation	0.530528284553947
Donor-disjoint validation	0.566375102851421
Donor-disjoint validation	0.617786964201881
Donor-disjoint validation	0.620270899904501
Donor-disjoint validation	0.548022113468662
Donor-disjoint validation	0.57004966608398
Donor-disjoint validation	0.704719764986567
Donor-disjoint validation	0.683146052565118
Donor-disjoint validation	0.599618004038054
Donor-disjoint validation	0.56971355212299
Donor-disjoint validation	0.747823184775676
Donor-disjoint validation	0.670974585372463
Donor-disjoint validation	0.594523503861257
Donor-disjoint validation	0.646697761718942
Donor-disjoint validation	0.512069552344351
Donor-disjoint validation	0.564643564061978
Donor-disjoint validation	0.590610036976945
Donor-disjoint validation	0.61762504523076
Donor-disjoint validation	0.577127826555328
Donor-disjoint validation	0.654419224045919
Donor-disjoint validation	0.639024785169094
Donor-disjoint validation	0.685494397282409
Donor-disjoint validation	0.6318055647381
Donor-disjoint validation	0.601831994474937
Donor-disjoint validation	0.59011436747615
Donor-disjoint validation	0.458173755291272
Donor-disjoint validation	0.576596760630024
Donor-disjoint validation	0.739621506769193
Donor-disjoint validation	0.626563633330388
Donor-disjoint validation	0.606037274472941
Donor-disjoint validation	0.706980017910191
Donor-disjoint validation	0.614838362175791
Median across external cohorts	0.678683385579937
Median across external cohorts	0.618871415356152
Median across external cohorts	0.570151094665433
Median across external cohorts	0.461677996548202
Median across external cohorts	0.604440333024977
Median across external cohorts	0.699537465309898
Median across external cohorts	0.744064138143694
Median across external cohorts	0.588587001991378
Median across external cohorts	0.732839962997225
Median across external cohorts	0.657142857142857
Median across external cohorts	0.685974428516079
Median across external cohorts	0.564263322884013
Median across external cohorts	0.746530989824237
Median across external cohorts	0.77522806523194
Median across external cohorts	0.618830195103018
Median across external cohorts	0.635164835164835
Median across external cohorts	0.715325316065372
Median across external cohorts	0.591208791208791
Median across external cohorts	0.828571428571429
Median across external cohorts	0.619611470860315
Median across external cohorts	0.581739130434783
Median across external cohorts	0.631575701510947
Median across external cohorts	0.469565217391304
Median across external cohorts	0.661794634597595
Median across external cohorts	0.690286771507863
Median across external cohorts	0.736263736263736
Median across external cohorts	0.166086956521739
Median across external cohorts	0.576232680400254
Median across external cohorts	0.711304347826087
Median across external cohorts	0.753846153846154
Median across external cohorts	0.512673450508788
Median across external cohorts	0.670798643231576
Median across external cohorts	0.752698119025593
Median across external cohorts	0.570374414427107
Median across external cohorts	0.792661116250385
Median across external cohorts	0.619069423408827
Median across external cohorts	0.705087881591119
Median across external cohorts	0.443045331266951
Median across external cohorts	0.786287908139904
Median across external cohorts	0.615294480419365
Median across external cohorts	0.472217082947888
Median across external cohorts	0.705998379768237
Median across external cohorts	0.727272727272727
Median across external cohorts	0.518100524205982
Median across external cohorts	0.574468085106383
Median across external cohorts	0.76277406061737
Median across external cohorts	0.665741597286463
Median across external cohorts	0.665934065934066
Median across external cohorts	0.670434782608696
Median across external cohorts	0.425698284667676
Median across external cohorts	0.416417174456694
Median across external cohorts	0.508162567726128
Median across external cohorts	0.52695652173913
Median across external cohorts	0.564835164835165
Median across external cohorts	0.586813186813187
Median across external cohorts	0.474782608695652
Median across external cohorts	0.513043478260869
Median across external cohorts	0.468023435090965
Median across external cohorts	0.568695652173913
Median across external cohorts	0.666302701560354
Median across external cohorts	0.56
Median across external cohorts	0.531119016589764
Median across external cohorts	0.752173913043478
Median across external cohorts	0.588695652173913
Median across external cohorts	0.604070305272895
Median across external cohorts	0.677705827937095
Median across external cohorts	0.787763616924081
Median across external cohorts	0.557391304347826
Median across external cohorts	0.726796176379895
Median across external cohorts	0.703289349137479
Median across external cohorts	0.721985815602837
Median across external cohorts	0.52
Median across external cohorts	0.728695652173913
Median across external cohorts	0.714285714285714
Median across external cohorts	0.6489253449075
Median across external cohorts	0.586813186813187
Median across external cohorts	0.736263736263736
Median across external cohorts	0.749450549450549
Median across external cohorts	0.4347680603008
Median across external cohorts	0.581005242059821
Median across external cohorts	0.746492337460595
Median across external cohorts	0.736263736263736
Median across external cohorts	0.668695652173913
Median across external cohorts	0.634761015814871
Median across external cohorts	0.71628332922405
Median across external cohorts	0.693246993524514
Median across external cohorts	0.634782608695652
Median across external cohorts	0.650141350442032
Median across external cohorts	0.789577551649707
Median across external cohorts	0.573562044309817
Median across external cohorts	0.765155720012334
Median across external cohorts	0.648022260575535
Median across external cohorts	0.591208791208791
Median across external cohorts	0.722994850632069
Median across external cohorts	0.635652173913043
Median across external cohorts	0.664754856614246
Median across external cohorts	0.749450549450549
Median across external cohorts	0.634085775805588
Median across external cohorts	0.607393187982107
Median across external cohorts	0.572029868620338
Median across external cohorts	0.685846438482886
Median across external cohorts	0.731868131868132
Median across external cohorts	0.69472710453284
Median across external cohorts	0.725335493642352
Median across external cohorts	0.605427073697194
Median across external cohorts	0.718162195497996
Median across external cohorts	0.735814166461203
Median across external cohorts	0.782793709528215
Median across external cohorts	0.684347826086957
Median across external cohorts	0.758260869565217
Median across external cohorts	0.656521739130435
Median across external cohorts	0.894653697906223
Median across external cohorts	0.649110364488827
Median across external cohorts	0.559050262102991
Median across external cohorts	0.647546757775351
Median across external cohorts	0.652747252747253
Median across external cohorts	0.67708911501696
Median across external cohorts	0.64218316373728
Median across external cohorts	0.587439681589236
Median across external cohorts	0.609990749306198
Median across external cohorts	0.5141065830721
Median across external cohorts	0.551389524849424
Median across external cohorts	0.67331196505935
Median across external cohorts	0.807462226333642
Median across external cohorts	0.532531606537157
Median across external cohorts	0.712981806968856
Median across external cohorts	0.649460376194881
Median across external cohorts	0.557076780758557
Median across external cohorts	0.590749306197965
Median across external cohorts	0.679120879120879
Median across external cohorts	0.745297563983965
Median across external cohorts	0.578538390379278
Median across external cohorts	0.779130434782609
Median across external cohorts	0.739354020640344
Median across external cohorts	0.702991057662658
Median across external cohorts	0.636632747456059
Median across external cohorts	0.590625963613938
Median across external cohorts	0.682392846130126
Median across external cohorts	0.753846153846154
Median across external cohorts	0.829663891458526
Median across external cohorts	0.757391304347826
Median across external cohorts	0.789010989010989
Median across external cohorts	0.627100137367476
Median across external cohorts	0.53319948751656
Median across external cohorts	0.631945729263028
Median across external cohorts	0.523650940487203
Median across external cohorts	0.736416897934012
Median across external cohorts	0.758248535306815
Median across external cohorts	0.791797718162196
Median across external cohorts	0.34729315628192
Median across external cohorts	0.702608695652174
Median across external cohorts	0.647630207838211
Median across external cohorts	0.721144654818799
Median across external cohorts	0.541932302490226
Median across external cohorts	0.690780141843972
Median across external cohorts	0.593057659117326
Median across external cohorts	0.766759173604687
Median across external cohorts	0.784615384615385
Median across external cohorts	0.753601493431017
Median across external cohorts	0.635395019548448
Median across external cohorts	0.626025285229726
Median across external cohorts	0.609171920679089
Median across external cohorts	0.65081714461918
Median across external cohorts	0.761332099907493
Median across external cohorts	0.626373626373626
Median across external cohorts	0.375824175824176
Median across external cohorts	0.744064138143694
Median across external cohorts	0.582417582417582
Median across external cohorts	0.591304347826087
Median across external cohorts	0.731853222325008
Median across external cohorts	0.853913043478261
Median across external cohorts	0.535292874502483
Median across external cohorts	0.793406593406593
Median across external cohorts	0.742608695652174
Median across external cohorts	0.52177856442056
Median across external cohorts	0.578538390379278
Median across external cohorts	0.856109062308685
Median across external cohorts	0.682639531298181
Median across external cohorts	0.8
Median across external cohorts	0.654640764724021
Median across external cohorts	0.575084798026519
Median across external cohorts	0.74250642809341
Median across external cohorts	0.554782608695652
Median across external cohorts	0.691396854764107
Median across external cohorts	0.683009559050262
Median across external cohorts	0.697193956213383
Median across external cohorts	0.628896481279279
Median across external cohorts	0.613043478260869
Median across external cohorts	0.68268113134444
Median across external cohorts	0.648720320690718
Median across external cohorts	0.657477644156645
Median across external cohorts	0.740659340659341
Median across external cohorts	0.691304347826087
Median across external cohorts	0.555103299414123
Median across external cohorts	0.532338878000262
Median across external cohorts	0.785569307047288
Median across external cohorts	0.761417250354305
Median across external cohorts	0.674252235584335
Median across external cohorts	0.551266246345673
Median across external cohorts	0.503627910253249
Median across external cohorts	0.659697810669133
Median across external cohorts	0.640826395312982
Median across external cohorts	0.654887449892075
Median across external cohorts	0.564835164835165
Median across external cohorts	0.632562399016376
Median across external cohorts	0.594636480917324
Median across external cohorts	0.665934065934066
Median across external cohorts	0.618871415356152
Median across external cohorts	0.69300030835646
Median across external cohorts	0.450549450549451
Median across external cohorts	0.595559666975023
Median across external cohorts	0.646049804515516
Median across external cohorts	0.678313550068684
Median across external cohorts	0.570027752081406
Median across external cohorts	0.703977798334875
Median across external cohorts	0.704471168670984
Median across external cohorts	0.474313906876349
Median across external cohorts	0.740869565217391
Median across external cohorts	0.551648351648352
Median across external cohorts	0.689176688251619
Median across external cohorts	0.554782608695652
Median across external cohorts	0.459403620434895
Median across external cohorts	0.559244126659857
Median across external cohorts	0.448487196646825
Median across external cohorts	0.675485661424607
Median across external cohorts	0.777693635306964
Median across external cohorts	0.747024360160345
Median across external cohorts	0.520869565217391
Median across external cohorts	0.706691335183472
Median across external cohorts	0.506428093409883
Median across external cohorts	0.762565525747764
Median across external cohorts	0.644650015417823
Median across external cohorts	0.631168327991265
Median across external cohorts	0.745054945054945
Median across external cohorts	0.642608695652174
Median across external cohorts	0.617582417582417
Median across external cohorts	0.722725871107
Median across external cohorts	0.816521739130435
Median across external cohorts	0.743334155190025
Median across external cohorts	0.647980265186556
Median across external cohorts	0.733792107506441
Median across external cohorts	0.548501285618682
Median across external cohorts	0.543879124267653
Median across external cohorts	0.863478260869565
Median across external cohorts	0.587826086956522
Median across external cohorts	0.30989010989011
Median across external cohorts	0.781806968855997
Median across external cohorts	0.514782608695652
Median across external cohorts	0.564835164835165
Median across external cohorts	0.765525747764416
Median across external cohorts	0.622325007708911
Median across external cohorts	0.753846153846154
Median across external cohorts	0.708541473943879
Median across external cohorts	0.674756084674721
Median across external cohorts	0.407454860060217
Median across external cohorts	0.786086956521739
Median across external cohorts	0.675979031760715
Median across external cohorts	0.729738297347751
Median across external cohorts	0.66880643869497
Median across external cohorts	0.654024051803885
Median across external cohorts	0.649707061362936
Median across external cohorts	0.530696347434046
Median across external cohorts	0.621978021978022
Median across external cohorts	0.481296889859463
Median across external cohorts	0.747024360160345
Median across external cohorts	0.65689831284562
Median across external cohorts	0.828571428571429
Median across external cohorts	0.649255045613046
Median across external cohorts	0.580941143320066
Median across external cohorts	0.40795559666975
Median across external cohorts	0.725069380203515
Median across external cohorts	0.745054945054945
Median across external cohorts	0.823496762257169
Median across external cohorts	0.663907576344616
Median across external cohorts	0.626373626373626
Median across external cohorts	0.71581868640148
Median across external cohorts	0.713913043478261
Median across external cohorts	0.550434782608696
Median across external cohorts	0.605303731113167
Median across external cohorts	0.53085484836744
Median across external cohorts	0.38276214293262
Median across external cohorts	0.502712127082526
Median across external cohorts	0.559913660191181
Median across external cohorts	0.769565217391304
Median across external cohorts	0.65340733888375
Median across external cohorts	0.777391304347826
Median across external cohorts	0.718681318681319
Median across external cohorts	0.455478848930999
Median across external cohorts	0.7
Median across external cohorts	0.588793980976231
Median across external cohorts	0.442129548096228
Median across external cohorts	0.711625038544557
Median across external cohorts	0.553993216157878
Median across external cohorts	0.642306506321307
Median across external cohorts	0.573626373626374
Median across external cohorts	0.762608695652174
Median across external cohorts	0.735553499845822
Median across external cohorts	0.657391304347826
Median across external cohorts	0.594610063978783
Median across external cohorts	0.660561208757323
Median across external cohorts	0.595611285266458
Median across external cohorts	0.583478260869565
Median across external cohorts	0.409443133387341
Median across external cohorts	0.740659340659341
Median across external cohorts	0.694198865837766
Median across external cohorts	0.630958988590811
Median across external cohorts	0.548695652173913
Median across external cohorts	0.612457600986741
Median across external cohorts	0.67449892075239
Median across external cohorts	0.627826086956522
Median across external cohorts	0.557076780758557
Median across external cohorts	0.611594202898551
Median across external cohorts	0.614431082331175
Median across external cohorts	0.537835337650324
Median across external cohorts	0.627752081406105
Median across external cohorts	0.691997463985066
Median across external cohorts	0.675495755697228
Median across external cohorts	0.67967930928153
Median across external cohorts	0.703535907230531
Median across external cohorts	0.763922294172063
Median across external cohorts	0.595436324390996
Median across external cohorts	0.768732654949121
Median across external cohorts	0.639099599136602
Median across external cohorts	0.753548659786552
Median across external cohorts	0.685004163266262
Median across external cohorts	0.646086956521739
Median across external cohorts	0.655627505396238
Median across external cohorts	0.518260869565217
Median across external cohorts	0.797594819611471
Median across external cohorts	0.605015673981191
Median across external cohorts	0.570573906904135
Median across external cohorts	0.781066913351835
Median across external cohorts	0.7
Median across external cohorts	0.753846153846154
Median across external cohorts	0.634584903666655
Median across external cohorts	0.628368794326241
Median across external cohorts	0.524020968239285
Median across external cohorts	0.464199814986124
Median across external cohorts	0.624528900003522
Median across external cohorts	0.416540750760811
Median across external cohorts	0.690163428923836
Median across external cohorts	0.594149554436265
Median across external cohorts	0.769472710453284
Median across external cohorts	0.744347826086956
Median across external cohorts	0.746160962072155
Median across external cohorts	0.641443108233117
Median across external cohorts	0.769363530696347
Median across external cohorts	0.716424218942623
Median across external cohorts	0.64736355226642
Median across external cohorts	0.812519272278754
Median across external cohorts	0.727659574468085
Median across external cohorts	0.638899651297947
Median across external cohorts	0.810792476102374
Median across external cohorts	0.554979956830096
Median across external cohorts	0.52
Median across external cohorts	0.745054945054945
Median across external cohorts	0.665934065934066
Median across external cohorts	0.683516483516484
Median across external cohorts	0.610122926279455
Median across external cohorts	0.671538698735738
Median across external cohorts	0.655257477644157
Median across external cohorts	0.692307692307692
Median across external cohorts	0.633055812519272
Median across external cohorts	0.705494505494506
Median across external cohorts	0.604395604395604
Median across external cohorts	0.593233771265542
Median across external cohorts	0.683478260869565
Median across external cohorts	0.651557200123343
Median across external cohorts	0.523478260869565
Median across external cohorts	0.615664508171446
Median across external cohorts	0.629263307073197
Median across external cohorts	0.606167129201357
Median across external cohorts	0.699418403381762
Median across external cohorts	0.5799901377197
Median across external cohorts	0.708695652173913
Median across external cohorts	0.523599027860942
Median across external cohorts	0.686586493987049
Median across external cohorts	0.623928461301264
Median across external cohorts	0.624051803885291
Median across external cohorts	0.666358310206599
Median across external cohorts	0.702810749885527
Median across external cohorts	0.850091012769178
Median across external cohorts	0.649565217391304
Median across external cohorts	0.690780141843972
Median across external cohorts	0.558803576934937
Median across external cohorts	0.665175583811771
Median across external cohorts	0.553129818069689
Median across external cohorts	0.532363008671502
Median across external cohorts	0.74122725871107
Median across external cohorts	0.666086956521739
Median across external cohorts	0.731113166820845
Median across external cohorts	0.742853619027831
Median across external cohorts	0.668701819303114
Median across external cohorts	0.652747252747253
Median across external cohorts	0.793346238073596
Median across external cohorts	0.745054945054945
Median across external cohorts	0.713923426437956
Median across external cohorts	0.614431082331175
Median across external cohorts	0.750107924761024
Median across external cohorts	0.735620443098165
Median across external cohorts	0.706528107893967
Median across external cohorts	0.705494505494506
Median across external cohorts	0.659821153253161
Median across external cohorts	0.74640764724021
Median across external cohorts	0.535609876369272
Median across external cohorts	0.716477052587088
Median across external cohorts	0.586813186813187
Median across external cohorts	0.706321307431391
Median across external cohorts	0.792167745914277
Median across external cohorts	0.690780141843972
Median across external cohorts	0.852975639839655
Median across external cohorts	0.705827937095282
Median across external cohorts	0.662608695652174
Median across external cohorts	0.745054945054945
Median across external cohorts	0.529565217391304
Median across external cohorts	0.67032967032967
Median across external cohorts	0.771428571428571
Median across external cohorts	0.532173913043478
Median across external cohorts	0.595559666975023
Median across external cohorts	0.661538461538462
Median across external cohorts	0.411901711381327
Median across external cohorts	0.870434782608696
Median across external cohorts	0.595929694727105
Median across external cohorts	0.790434782608696
Median across external cohorts	0.779956830095591
Median across external cohorts	0.600869565217391
Median across external cohorts	0.674725274725275
Median across external cohorts	0.783903792784459
Median across external cohorts	0.558260869565217
Median across external cohorts	0.680673452854778
Median across external cohorts	0.666111625038544
Median across external cohorts	0.711871723712612
Median across external cohorts	0.605217391304348
Median across external cohorts	0.719395621338267
Median across external cohorts	0.425980064104822
Median across external cohorts	0.473820536540241
Median across external cohorts	0.753913043478261
Median across external cohorts	0.67032967032967
Median across external cohorts	0.623805118717237
Median across external cohorts	0.584347826086956
Median across external cohorts	0.715431110278903
Median across external cohorts	0.441700018055856
Median across external cohorts	0.602960222016651
Median across external cohorts	0.514951921383537
Median across external cohorts	0.675090697756331
Median across external cohorts	0.59913660191181
Median across external cohorts	0.707678075855689
Median across external cohorts	0.697193956213383
Median across external cohorts	0.695652173913043
Median across external cohorts	0.683478260869565
Median across external cohorts	0.824175824175824
Median across external cohorts	0.667826086956522
Median across external cohorts	0.679130434782609
Median across external cohorts	0.502888239230742
Median across external cohorts	0.695652173913043
Median across external cohorts	0.661538461538462
Median across external cohorts	0.618875700045789
Median across external cohorts	0.723076923076923
Median across external cohorts	0.840869565217391
Median across external cohorts	0.575578168362627
Median across external cohorts	0.567826086956522
Median across external cohorts	0.615417823003392
Median across external cohorts	0.657142857142857
Median across external cohorts	0.572124576009867
Median across external cohorts	0.644403330249769
Median across external cohorts	0.655504162812211
Median across external cohorts	0.705494505494506
Median across external cohorts	0.777391304347826
Median across external cohorts	0.757261794634598
Median across external cohorts	0.669195189639223
Median across external cohorts	0.72453668047646
Median across external cohorts	0.594061498362157
Median across external cohorts	0.497748997841505
Median across external cohorts	0.589535416153006
Median across external cohorts	0.687894050931633
Median across external cohorts	0.73659748613779
Median across external cohorts	0.545217391304348
Median across external cohorts	0.59309281529448
Median across external cohorts	0.540178846746839
Median across external cohorts	0.678158438757163
Median across external cohorts	0.742707369719396
Median across external cohorts	0.494788775824854
Median across external cohorts	0.647610237434474
Median across external cohorts	0.729685463703286
Median across external cohorts	0.868131868131868
Median across external cohorts	0.679555966697502
Median across external cohorts	0.717052112241751
Median across external cohorts	0.746037619488128
Median across external cohorts	0.844347826086956
Median across external cohorts	0.773789700894234
Median across external cohorts	0.400813638124758
Median across external cohorts	0.82695652173913
Median across external cohorts	0.621708294788776
Median across external cohorts	0.694480419364786
Median across external cohorts	0.811304347826087
Median across external cohorts	0.638260869565217
Median across external cohorts	0.613043478260869
Median across external cohorts	0.655010792476102
Median across external cohorts	0.651187172371261
Median across external cohorts	0.706444650015418
Median across external cohorts	0.623478260869565
Median across external cohorts	0.702004316990441
Median across external cohorts	0.645310133493008
Median across external cohorts	0.696703296703297
Median across external cohorts	0.625217391304348
Median across external cohorts	0.594782608695652
Median across external cohorts	0.690434782608696
Median across external cohorts	0.790440949737897
Median across external cohorts	0.753566271001374
Median across external cohorts	0.720869565217391
Median across external cohorts	0.587457292804058
Median across external cohorts	0.755781683626272
Median across external cohorts	0.758125192722788
Median across external cohorts	0.778260869565217
Median across external cohorts	0.553913043478261
Median across external cohorts	0.71236509404872
Median across external cohorts	0.715490824557078
Median across external cohorts	0.586062288004934
Median across external cohorts	0.769102682701203
Median across external cohorts	0.616521739130435
Median across external cohorts	0.655912084815611
Median across external cohorts	0.783100278257194
Median across external cohorts	0.794757940178847
Median across external cohorts	0.749450549450549
Median across external cohorts	0.718778908418131
Median across external cohorts	0.748987355147758
Median across external cohorts	0.660015497869043
Median across external cohorts	0.472527472527473
Median across external cohorts	0.639427987742594
Median across external cohorts	0.660033109083865
Median across external cohorts	0.594696268886833
Median across external cohorts	0.503715966327357
Median across external cohorts	0.815384615384615
Median across external cohorts	0.643189737886364
Median across external cohorts	0.612229794610982
Median across external cohorts	0.423408826740869
Median across external cohorts	0.80002465570075
Median across external cohorts	0.506259636139377
Median across external cohorts	0.622571692876966
Median across external cohorts	0.76490903484428
Median across external cohorts	0.535433764221056
Median across external cohorts	0.751304347826087
Median across external cohorts	0.66672833795868
Median across external cohorts	0.64650015417823
Median across external cohorts	0.69904409497379
Median across external cohorts	0.597779833487512
Median across external cohorts	0.477890841813136
Median across external cohorts	0.512873798034588
Median across external cohorts	0.826333641689794
Median across external cohorts	0.634074178436829
Median across external cohorts	0.667208559481214
Median across external cohorts	0.636169913000599
Median across external cohorts	0.754178230033919
Median across external cohorts	0.600172589905252
Median across external cohorts	0.703885033989645
Median across external cohorts	0.731868131868132
Median across external cohorts	0.636768694304533
Median across external cohorts	0.784027135368486
Median across external cohorts	0.688436632747456
Median across external cohorts	0.567838399492797
Median across external cohorts	0.66586493987049
Median across external cohorts	0.68695652173913
Median across external cohorts	0.641647908041972
Median across external cohorts	0.513043478260869
Median across external cohorts	0.577551649707061
Median across external cohorts	0.66586493987049
Median across external cohorts	0.639099599136602
Median across external cohorts	0.682762873882208
Median across external cohorts	0.736078334683527
Median across external cohorts	0.62972556275054
Median across external cohorts	0.709528214616096
Median across external cohorts	0.512979465323518
Median across external cohorts	0.78695652173913
Median across external cohorts	0.748441407488289
Median across external cohorts	0.5
Median across external cohorts	0.746063893487373
Median across external cohorts	0.653654024051804
Median across external cohorts	0.521203902645205
Median across external cohorts	0.625161887141536
Median across external cohorts	0.803021893308665
Median across external cohorts	0.611304347826087
Median across external cohorts	0.527156493254905
Median across external cohorts	0.553006475485661
Median across external cohorts	0.814122725871107
Median across external cohorts	0.692455355570427
Median across external cohorts	0.587542399013259
Median across external cohorts	0.648110316649643
Median across external cohorts	0.515652173913043
Median across external cohorts	0.727782917052112
Median across external cohorts	0.755652173913043
Median across external cohorts	0.742213999383287
Median across external cohorts	0.551648351648352
Median across external cohorts	0.704347826086956
Median across external cohorts	0.380631185939206
Median across external cohorts	0.742608695652174
Median across external cohorts	0.674725274725275
Median across external cohorts	0.674725274725275
Median across external cohorts	0.740733888374961
Median across external cohorts	0.753191489361702
Median across external cohorts	0.498714381318023
Median across external cohorts	0.49735831777676
Median across external cohorts	0.719148936170213
Median across external cohorts	0.742213999383287
Median across external cohorts	0.651304347826087
Median across external cohorts	0.784615384615385
Median across external cohorts	0.461856305889608
Median across external cohorts	0.636509404872032
Median across external cohorts	0.66672833795868
Median across external cohorts	0.641813135985199
Median across external cohorts	0.597163120567376
Median across external cohorts	0.459340659340659
Median across external cohorts	0.626373626373626
Median across external cohorts	0.36404563675609
Median across external cohorts	0.64131976564909
Median across external cohorts	0.446068455134135
Median across external cohorts	0.679440667817266
Median across external cohorts	0.576564909034844
Median across external cohorts	0.552305308020147
Median across external cohorts	0.566086956521739
Median across external cohorts	0.657391304347826
Median across external cohorts	0.513290163428924
Median across external cohorts	0.700943961114438
Median across external cohorts	0.539290620266986
Median across external cohorts	0.755538727061393
Median across external cohorts	0.48763490595128
Median across external cohorts	0.578021978021978
Median across external cohorts	0.548695652173913
Median across external cohorts	0.634655348525941
Median across external cohorts	0.657142857142857
Median across external cohorts	0.704964539007092
Median across external cohorts	0.728241344087915
Median across external cohorts	0.762637362637363
Median across external cohorts	0.626941636434081
Median across external cohorts	0.652173913043478
Median across external cohorts	0.615911193339501
Median across external cohorts	0.657074424993836
Median across external cohorts	0.765279062596361
Median across external cohorts	0.639346284304656
Median across external cohorts	0.680912735121801
Median across external cohorts	0.608791208791209
Median across external cohorts	0.75076608784474
Median across external cohorts	0.704841196423065
Median across external cohorts	0.733913043478261
Median across external cohorts	0.731937463729539
Median across external cohorts	0.529481173611356
Median across external cohorts	0.701739130434783
Median across external cohorts	0.58418160684724
Median across external cohorts	0.566086956521739
Median across external cohorts	0.797564706829891
Median across external cohorts	0.563478260869565
Median across external cohorts	0.554650041612054
Median across external cohorts	0.779130434782609
Median across external cohorts	0.668331791551033
Median across external cohorts	0.679581557535839
Median across external cohorts	0.636521739130435
Median across external cohorts	0.687912087912088
Median across external cohorts	0.854945054945055
Median across external cohorts	0.551477580923532
Median across external cohorts	0.636874361593463
Median across external cohorts	0.662781375269812
Median across external cohorts	0.672173913043478
Median across external cohorts	0.775824175824176
Median across external cohorts	0.740659340659341
Median across external cohorts	0.661538461538462
Median across external cohorts	0.810669133518347
Median across external cohorts	0.679120879120879
Median across external cohorts	0.70208763794212
Median across external cohorts	0.547579401788467
Median across external cohorts	0.659451125501079
Median across external cohorts	0.785424958613645
Median across external cohorts	0.792167745914277
Median across external cohorts	0.465217391304348
Median across external cohorts	0.742707369719396
Median across external cohorts	0.698510592703131
Median across external cohorts	0.80695652173913
Median across external cohorts	0.719563341691721
Median across external cohorts	0.618047972949174
Median across external cohorts	0.410323694128421
Median across external cohorts	0.588159111933395
Median across external cohorts	0.710228379619136
Median across external cohorts	0.686854359079532
Median across external cohorts	0.695713845205057
Median across external cohorts	0.74382726920503
Median across external cohorts	0.60695652173913
Median across external cohorts	0.674992291088498
Median across external cohorts	0.587228347011377
Median across external cohorts	0.584347826086956
Median across external cohorts	0.687943262411347
Median across external cohorts	0.604347826086956
Median across external cohorts	0.758241758241758
Median across external cohorts	0.662739348476663
Median across external cohorts	0.581868640148011
Median across external cohorts	0.759130434782609
Median across external cohorts	0.767032967032967
Median across external cohorts	0.554856614246068
Median across external cohorts	0.53811540732782
Median across external cohorts	0.774036386062288
Median across external cohorts	0.654270736971939
Median across external cohorts	0.532369412842098
Median across external cohorts	0.685129090204642
Median across external cohorts	0.73038991229615
Median across external cohorts	0.721245760098674
Median across external cohorts	0.554116558741906
Median across external cohorts	0.745667591736047
Median across external cohorts	0.773043478260869
Median across external cohorts	0.720259019426457
Median across external cohorts	0.652747252747253
Median across external cohorts	0.665934065934066
Median across external cohorts	0.643539932161579
Median across external cohorts	0.681739130434783
Median across external cohorts	0.587122679722447
Median across external cohorts	0.694357076780759
Median across external cohorts	0.682469796766581
Median across external cohorts	0.578260869565217
Median across external cohorts	0.620055651438836
Median across external cohorts	0.679130434782609
Median across external cohorts	0.610484119642307
Median across external cohorts	0.595604395604396
Median across external cohorts	0.632173913043478
Median across external cohorts	0.733043478260869
Median across external cohorts	0.799130434782608
Median across external cohorts	0.522608695652174
Median across external cohorts	0.33472902825616
Median across external cohorts	0.760869565217391
Median across external cohorts	0.748695652173913
Median across external cohorts	0.514971168026766
Median across external cohorts	0.774776441566451
Median across external cohorts	0.72186247301881
Median across external cohorts	0.681159420289855
Median across external cohorts	0.786987357385137
Median across external cohorts	0.757385137218625
Median across external cohorts	0.591208791208791
Median across external cohorts	0.735306814677767
Median across external cohorts	0.57150153217569
Median across external cohorts	0.648843663274746
Median across external cohorts	0.568695652173913
Median across external cohorts	0.701739130434783
Median across external cohorts	0.7
Median across external cohorts	0.64822695035461
Median across external cohorts	0.72223591983375
Median across external cohorts	0.725217391304348
Median across external cohorts	0.601739130434783
Median across external cohorts	0.489238359543632
Median across external cohorts	0.636663027015604
Median across external cohorts	0.591014215952155
Median across external cohorts	0.680673452854778
Median across external cohorts	0.747826086956522
Median across external cohorts	0.639234264379557
Median across external cohorts	0.620337430875982
Median across external cohorts	0.550434782608696
Median across external cohorts	0.503296703296703
Median across external cohorts	0.741590644922687
Median across external cohorts	0.550227184671199
Median across external cohorts	0.633913043478261
Median across external cohorts	0.517182017114383
Median across external cohorts	0.791166776832027
Median across external cohorts	0.749565217391304
Median across external cohorts	0.534258402713537
Median across external cohorts	0.795868023435091
Median across external cohorts	0.538260869565217
Median across external cohorts	0.538082022818378
Median across external cohorts	0.444347826086956
Median across external cohorts	0.668948504471169
Median across external cohorts	0.747271045328399
Median across external cohorts	0.739870490286771
Median across external cohorts	0.729879740980574
Median across external cohorts	0.726179463459759
Median across external cohorts	0.584347826086956
Median across external cohorts	0.425217391304348
Median across external cohorts	0.564932549047233
Median across external cohorts	0.613222500088056
Median across external cohorts	0.73432007400555
Median across external cohorts	0.710514955288313
Median across external cohorts	0.600246685168054
Median across external cohorts	0.627505396238051
Median across external cohorts	0.708664816527906
Median across external cohorts	0.762019654115741
Median across external cohorts	0.626835969145152
Median across external cohorts	0.583965464076472
Median across external cohorts	0.652297255627505
Median across external cohorts	0.676376316438308
Median across external cohorts	0.699282469237985
Median across external cohorts	0.633672525439408
Median across external cohorts	0.762812210915819
Median across external cohorts	0.701017576318224
Median across external cohorts	0.736540240518039
Median across external cohorts	0.627205804656405
Median across external cohorts	0.600683315135078
Median across external cohorts	0.642862174632806
Median across external cohorts	0.864944081776333
Median across external cohorts	0.628438589693917
Median across external cohorts	0.633919210607462
Median across external cohorts	0.618260869565217
Median across external cohorts	0.561393771199507
Median across external cohorts	0.697391304347826
Median across external cohorts	0.728399629972248
Median across external cohorts	0.642059821153253
Median across external cohorts	0.843582582504404
Median across external cohorts	0.647793314782854
Median across external cohorts	0.591208791208791
Median across external cohorts	0.591525483427847
Median across external cohorts	0.654098129688986
Median across external cohorts	0.657391304347826
Median across external cohorts	0.555521800583915
Median across external cohorts	0.733950046253469
Median across external cohorts	0.778353376503238
Median across external cohorts	0.813913043478261
Median across external cohorts	0.580377584445775
Median across external cohorts	0.366376520628576
Median across external cohorts	0.620721554116559
Median across external cohorts	0.764150611109154
Median across external cohorts	0.552316545374244
Median across external cohorts	0.667826086956522
Median across external cohorts	0.630769230769231
Median across external cohorts	0.627628738822078
Median across external cohorts	0.637496145544249
Median across external cohorts	0.654270736971939
Median across external cohorts	0.710268270120259
Median across external cohorts	0.569565217391304
Median across external cohorts	0.6
Median across external cohorts	0.69733366207601
Median across external cohorts	0.492568609312365
Median across external cohorts	0.63432352825246
Median across external cohorts	0.456799259944496
Median across external cohorts	0.553993216157878
Median across external cohorts	0.548061005248142
Median across external cohorts	0.665934065934066
Median across external cohorts	0.575084798026519
Median across external cohorts	0.592476102374345
Median across external cohorts	0.698057354301573
Median across external cohorts	0.698550724637681
Median across external cohorts	0.666481652790626
Median across external cohorts	0.640449438202247
Median across external cohorts	0.688721778028249
Median across external cohorts	0.727472527472528
Median across external cohorts	0.695097132284921
Median across external cohorts	0.675652173913043
Median across external cohorts	0.767032967032967
Median across external cohorts	0.600869565217391
Median across external cohorts	0.735652173913043
Median across external cohorts	0.451569159240605
Median across external cohorts	0.548853509915114
Median across external cohorts	0.683009559050262
Median across external cohorts	0.763884178105331
Median across external cohorts	0.527826086956522
Median across external cohorts	0.698572265896907
Median across external cohorts	0.661547949429541
Median across external cohorts	0.678260869565217
Median across external cohorts	0.536638412338105
Median across external cohorts	0.42695652173913
Median across external cohorts	0.507692307692308
Median across external cohorts	0.612457600986741
Median across external cohorts	0.810434782608696
Median across external cohorts	0.601850138760407
Median across external cohorts	0.609565217391304
Median across external cohorts	0.812084304234156
Median across external cohorts	0.745054945054945
Median across external cohorts	0.499130434782609
Median across external cohorts	0.716521739130435
Median across external cohorts	0.572173913043478
Median across external cohorts	0.670864006199148
Median across external cohorts	0.635626763887161
Median across external cohorts	0.721615787850755
Median across external cohorts	0.609744064138144
Median across external cohorts	0.757470165952663
Median across external cohorts	0.775824175824176
Median across external cohorts	0.648843663274746
Median across external cohorts	0.602713536848597
Median across external cohorts	0.615417823003392
Median across external cohorts	0.663151403021893
Median across external cohorts	0.613937711995066
Median across external cohorts	0.654764107308048
Median across external cohorts	0.702991057662658
Median across external cohorts	0.693934697615442
Median across external cohorts	0.742189426226621
Median across external cohorts	0.638112858464385
Median across external cohorts	0.667961763798952
Median across external cohorts	0.738260869565217
Median across external cohorts	0.658260869565217
Median across external cohorts	0.668768271635378
Median across external cohorts	0.48
Median across external cohorts	0.672895467160037
Median across external cohorts	0.551526364477336
Median across external cohorts	0.35291113381001
Median across external cohorts	0.6
Median across external cohorts	0.593666163284508
Median across external cohorts	0.670428615479494
Median across external cohorts	0.718681318681319
Median across external cohorts	0.41713923426438
Median across external cohorts	0.638260869565217
Median across external cohorts	0.610434782608696
Median across external cohorts	0.660931236509405
Median across external cohorts	0.642429848905334
Median across external cohorts	0.349450549450549
Median across external cohorts	0.537711995066297
Median across external cohorts	0.598149861239593
Median across external cohorts	0.698260869565217
Median across external cohorts	0.766721145019012
Median across external cohorts	0.545844395431638
Median across external cohorts	0.89186281168971
Median across external cohorts	0.766086956521739
Median across external cohorts	0.625990630833715
Median across external cohorts	0.624757845796203
Median across external cohorts	0.720369131062661
Median across external cohorts	0.626148627813753
Median across external cohorts	0.688066604995375
Median across external cohorts	0.688436632747456
Median across external cohorts	0.672589905251664
Median across external cohorts	0.797802197802198
Median across external cohorts	0.579130434782609
Median across external cohorts	0.724082639531298
Median across external cohorts	0.642923219241443
Median across external cohorts	0.694782608695652
Median across external cohorts	0.623331337395654
Median across external cohorts	0.640449438202247
Median across external cohorts	0.67708911501696
Median across external cohorts	0.776379895158804
Median across external cohorts	0.636262719703978
Median across external cohorts	0.690148286428798
Median across external cohorts	0.419056429232192
Median across external cohorts	0.742682540241626
Median across external cohorts	0.653530681467777
Median across external cohorts	0.46
Median across external cohorts	0.70592793490895
Median across external cohorts	0.812173913043478
Median across external cohorts	0.485714285714286
Median across external cohorts	0.784755732450425
Median across external cohorts	0.823743447425224
Median across external cohorts	0.586308973172988
Median across external cohorts	0.723959296947271
Median across external cohorts	0.668331791551033
Median across external cohorts	0.714338575393154
Median across external cohorts	0.687943262411347
Median across external cohorts	0.626641998149861
Median across external cohorts	0.736521739130435
Median across external cohorts	0.261671292013568
Median across external cohorts	0.570644465001542
Median across external cohorts	0.563243909959914
Median across external cohorts	0.543165087527738
Median across external cohorts	0.607277212457601
Median across external cohorts	0.806086956521739
Median across external cohorts	0.799814986123959
Median across external cohorts	0.603083564600678
Median across external cohorts	0.545975948196115
Median across external cohorts	0.653283996299723
Median across external cohorts	0.48159111933395
Median across external cohorts	0.6490903484428
Median across external cohorts	0.558260869565217
Median across external cohorts	0.74122725871107
Median across external cohorts	0.541739130434783
Median across external cohorts	0.700277520814061
Median across external cohorts	0.70085590504033
Median across external cohorts	0.613913043478261
Median across external cohorts	0.774449088327162
Median across external cohorts	0.537711995066297
Median across external cohorts	0.736263736263736
Median across external cohorts	0.698427382053654
Median across external cohorts	0.729016342892384
Median across external cohorts	0.702004316990441
Median across external cohorts	0.795652173913043
Median across external cohorts	0.746991771130885
Median across external cohorts	0.731304347826087
Median across external cohorts	0.65304347826087
Median across external cohorts	0.570444859286394
Median across external cohorts	0.62627197039778
Median across external cohorts	0.664014801110083
Median across external cohorts	0.592846130126426
Median across external cohorts	0.71581868640148
Median across external cohorts	0.588602021767462
Median across external cohorts	0.672525439407956
Median across external cohorts	0.806593406593407
Median across external cohorts	0.562503854455751
Median across external cohorts	0.550191962241556
Median across external cohorts	0.628492136910268
Median across external cohorts	0.784803215829592
Median across external cohorts	0.630769230769231
Median across external cohorts	0.607826086956522
Median across external cohorts	0.691643539932162
Median across external cohorts	0.720404353492304
Median across external cohorts	0.574782608695652
Median across external cohorts	0.481825226304111
Median across external cohorts	0.624051803885291
Median across external cohorts	0.49489020521942
Median across external cohorts	0.466086956521739
Median across external cohorts	0.752821461609621
Median across external cohorts	0.807313198309819
Median across external cohorts	0.62022818378045
Median across external cohorts	0.679432624113475
Median across external cohorts	0.576811594202899
Median across external cohorts	0.63210172237681
Median across external cohorts	0.612870275791624
Median across external cohorts	0.50663188847155
Median across external cohorts	0.657142857142857
Median across external cohorts	0.562608695652174
Median across external cohorts	0.719083512380684
Median across external cohorts	0.725316065371569
Median across external cohorts	0.656927621997588
Median across external cohorts	0.734264379556902
Median across external cohorts	0.554782608695652
Median across external cohorts	0.532161578785076
Median across external cohorts	0.65254394079556
Median across external cohorts	0.711625038544557
Median across external cohorts	0.622538832728682
Median across external cohorts	0.645217391304348
Median across external cohorts	0.401095417561903
Median across external cohorts	0.51167623542672
Median across external cohorts	0.626373626373626
Median across external cohorts	0.792537773666358
Median across external cohorts	0.657103734921196
Median across external cohorts	0.620474868948504
Median across external cohorts	0.775516497070614
Median across external cohorts	0.696947271045328
Median across external cohorts	0.699290780141844
Median across external cohorts	0.652050570459451
Median across external cohorts	0.514400246685168
Median across external cohorts	0.611964230650632
Median across external cohorts	0.798140255714839
Median across external cohorts	0.550434782608696
Median across external cohorts	0.740659340659341
Median across external cohorts	0.555966697502313
Median across external cohorts	0.688510443450389
Median across external cohorts	0.679880948187806
Median across external cohorts	0.69559050262103
Median across external cohorts	0.823478260869565
Median across external cohorts	0.615417823003392
Median across external cohorts	0.450632130743139
Median across external cohorts	0.652790625963614
Median across external cohorts	0.645020043169904
Median across external cohorts	0.583965464076472
Median across external cohorts	0.749450549450549
Median across external cohorts	0.618963756119897
Median across external cohorts	0.753846153846154
Median across external cohorts	0.407914773722158
Median across external cohorts	0.611717545482578
Median across external cohorts	0.723076923076923
Median across external cohorts	0.576934936786926
Median across external cohorts	0.556521739130435
Median across external cohorts	0.694357076780759
Median across external cohorts	0.838174529756398
Median across external cohorts	0.789565217391304
Median across external cohorts	0.736293555349985
Median across external cohorts	0.566341446232961
Median across external cohorts	0.623014335528865
Median across external cohorts	0.758241758241758
Median across external cohorts	0.723076923076923
Median across external cohorts	0.613814369411039
Median across external cohorts	0.464569842738205
Median across external cohorts	0.6333168961995
Median across external cohorts	0.720869565217391
Median across external cohorts	0.68
Median across external cohorts	0.541227853897362
Median across external cohorts	0.593797330139833
Median across external cohorts	0.746654332408264
Median across external cohorts	0.797594819611471
Median across external cohorts	0.579130434782609
Median across external cohorts	0.437092740657251
Median across external cohorts	0.475943080553697
Median across external cohorts	0.670551958063521
Median across external cohorts	0.719109439424202
Median across external cohorts	0.698513613469057
Median across external cohorts	0.684366327474561
Median across external cohorts	0.606537156953438
Median across external cohorts	0.651755838117713
Median across external cohorts	0.807826086956522
Median across external cohorts	0.767032967032967
Median across external cohorts	0.72099907493062
Median across external cohorts	0.521060746222633
Median across external cohorts	0.5913660191181
Median across external cohorts	0.478754239901326
Median across external cohorts	0.68695652173913
Median across external cohorts	0.613186813186813
Median across external cohorts	0.611602268324469
Median across external cohorts	0.730249022577578
Median across external cohorts	0.424606845513413
Median across external cohorts	0.692307692307692
Median across external cohorts	0.800061671292013
Median across external cohorts	0.616480574830052
Median across external cohorts	0.472527472527473
Median across external cohorts	0.476923076923077
Median across external cohorts	0.359603395442218
Median across external cohorts	0.595806352143077
Median across external cohorts	0.782423681776133
Median across external cohorts	0.689972174280582
Median across external cohorts	0.638236201048412
Median across external cohorts	0.62789478583
Median across external cohorts	0.642923219241443
Median across external cohorts	0.767796132577225
Median across external cohorts	0.69731729879741
Median across external cohorts	0.676521739130435
Median across external cohorts	0.652747252747253
Median across external cohorts	0.602978815544633
Median across external cohorts	0.699167437557817
Median across external cohorts	0.666086956521739
Median across external cohorts	0.368695652173913
Median across external cohorts	0.643293246993525
Median across external cohorts	0.597830298333979
Median across external cohorts	0.656387587615794
Median across external cohorts	0.559790317607154
Median across external cohorts	0.590873868479448
Median across external cohorts	0.512627241027086
Median across external cohorts	0.753337325208693
Median across external cohorts	0.608791208791209
Median across external cohorts	0.777147687647494
Median across external cohorts	0.646130126426149
Median across external cohorts	0.659610439928146
Median across external cohorts	0.646253469010176
Median across external cohorts	0.722232500770891
Median across external cohorts	0.46
Median across external cohorts	0.64
Median across external cohorts	0.45790934320074
Median across external cohorts	0.632809127351218
Median across external cohorts	0.659141645792019
Median across external cohorts	0.668331791551033
Median across external cohorts	0.718681318681319
Median across external cohorts	0.570151094665433
Median across external cohorts	0.718162195497996
Median across external cohorts	0.799938328707987
Median across external cohorts	0.636980028882392
Median across external cohorts	0.758241758241758
Median across external cohorts	0.529474699182244
Median across external cohorts	0.795621338267037
Median across external cohorts	0.586813186813187
Median across external cohorts	0.583718778908418
Median across external cohorts	0.71754548257786
Median across external cohorts	0.773202775527456
Median across external cohorts	0.640287769808997
Median across external cohorts	0.611304347826087
Median across external cohorts	0.66695652173913
Median across external cohorts	0.591199235533482
Median across external cohorts	0.711304347826087
Median across external cohorts	0.553253160653716
Median across external cohorts	0.524514338575393
Median across external cohorts	0.52967032967033
Median across external cohorts	0.71304347826087
Median across external cohorts	0.881318681318681
Median across external cohorts	0.71495528831329
Median across external cohorts	0.714322823801541
Median across external cohorts	0.620869565217391
Median across external cohorts	0.596597513296467
Median across external cohorts	0.57921524426755
Median across external cohorts	0.587049028677151
Median across external cohorts	0.674622263336417
Median across external cohorts	0.642087281180656
Median across external cohorts	0.611470860314524
Median across external cohorts	0.782423681776133
Median across external cohorts	0.775824175824176
Median across external cohorts	0.688066604995375
Median across external cohorts	0.649565217391304
Median across external cohorts	0.798828245451742
Median across external cohorts	0.67240794798276
Median across external cohorts	0.657354301572618
Median across external cohorts	0.728276287388221
Median across external cohorts	0.669565217391304
Median across external cohorts	0.515797259694974
Median across external cohorts	0.69559050262103
Median across external cohorts	0.66759173604687
Median across external cohorts	0.643416589577552
Median across external cohorts	0.637772533549364
Median across external cohorts	0.637385086823289
Median across external cohorts	0.670434782608696
Median across external cohorts	0.596053037311132
Median across external cohorts	0.745790934320074
Median across external cohorts	0.456521739130435
Median across external cohorts	0.645760098674067
Median across external cohorts	0.731868131868132
Median across external cohorts	0.62540857230959
Median across external cohorts	0.473943879124268
Median across external cohorts	0.640579710144927
Median across external cohorts	0.687912087912088
Median across external cohorts	0.725300271212708
Median across external cohorts	0.76267126906414
Median across external cohorts	0.526117792167746
Median across external cohorts	0.447571413476102
Median across external cohorts	0.655750847980265
Median across external cohorts	0.726568278679863
Median across external cohorts	0.644347826086957
Median across external cohorts	0.662252122151386
Median across external cohorts	0.784027135368486
Median across external cohorts	0.573626373626374
Median across external cohorts	0.677459142769041
Median across external cohorts	0.820783225408572
Median across external cohorts	0.465926611162504
Median across external cohorts	0.582485353068147
Median across external cohorts	0.640869565217391
Median across external cohorts	0.727572117924694
Median across external cohorts	0.620104841196423
Median across external cohorts	0.56854764107308
Median across external cohorts	0.707953224613434
Median across external cohorts	0.74640764724021
Median across external cohorts	0.689814672380763
Median across external cohorts	0.588035769349368
Median across external cohorts	0.566816949033144
Median across external cohorts	0.726086956521739
Median across external cohorts	0.591304347826087
Median across external cohorts	0.716371385298158
Median across external cohorts	0.499788665422141
Median across external cohorts	0.591208481561058
Median across external cohorts	0.581962593779719
Median across external cohorts	0.740659340659341
Median across external cohorts	0.722608695652174
Median across external cohorts	0.679062596361394
Median across external cohorts	0.687203206907185
Median across external cohorts	0.712162304955796
Median across external cohorts	0.509316332640626
Median across external cohorts	0.667221708294789
Median across external cohorts	0.652913968547641
Median across external cohorts	0.591982732038236
Median across external cohorts	0.687912087912088
Median across external cohorts	0.793401171754548
Median across external cohorts	0.52967032967033
Median across external cohorts	0.687079864323157
Median across external cohorts	0.739130434782609
Median across external cohorts	0.577391304347826
Median across external cohorts	0.455144235849389
Median across external cohorts	0.471477027443725
Median across external cohorts	0.533024976873265
Median across external cohorts	0.617021276595745
Median across external cohorts	0.737391304347826
Median across external cohorts	0.679925994449584
Median across external cohorts	0.450337660949873
Median across external cohorts	0.574714770274437
Median across external cohorts	0.661538461538462
Median across external cohorts	0.710700574125603
Median across external cohorts	0.595066296638915
Median across external cohorts	0.656521739130435
Median across external cohorts	0.762072155411656
Median across external cohorts	0.786888279383653
Median across external cohorts	0.617582417582417
Median across external cohorts	0.593462843046562
Median across external cohorts	0.708541473943879
Median across external cohorts	0.597656490903484
Median across external cohorts	0.658236765172062
Median across external cohorts	0.672032069071847
Median across external cohorts	0.52981806968856
Median across external cohorts	0.643003064351379
Median across external cohorts	0.682608695652174
Median across external cohorts	0.59481961147086
Median across external cohorts	0.803478260869565
Median across external cohorts	0.558979958437533
Median across external cohorts	0.646746839346284
Median across external cohorts	0.723076923076923
Median across external cohorts	0.576521739130435
Median across external cohorts	0.739870490286771
Median across external cohorts	0.730005679648862
Median across external cohorts	0.785630588960839
Median across external cohorts	0.657142857142857
Median across external cohorts	0.67032967032967
Median across external cohorts	0.621978021978022
Median across external cohorts	0.46481652790626
Median across external cohorts	0.743077397471477
Median across external cohorts	0.494804691627629
Median across external cohorts	0.478531929132472
Median across external cohorts	0.556521739130435
Median across external cohorts	0.520879120879121
Median across external cohorts	0.633919210607462
Median across external cohorts	0.602836879432624
Median across external cohorts	0.513043478260869
Median across external cohorts	0.464347826086956
Median across external cohorts	0.54
Median across external cohorts	0.674375578168363
Median across external cohorts	0.608637458344186
Median across external cohorts	0.617237857067381
Median across external cohorts	0.479370952821462
Median across external cohorts	0.558186864014801
Median across external cohorts	0.648720320690718
Median across external cohorts	0.670434782608696
Median across external cohorts	0.594008664717692
Median across external cohorts	0.740659340659341
Median across external cohorts	0.70989010989011
Median across external cohorts	0.714782608695652
Median across external cohorts	0.749360489953417
Median across external cohorts	0.481332112289106
Median across external cohorts	0.558117008911275
Median across external cohorts	0.757391304347826
Median across external cohorts	0.793406593406593
Median across external cohorts	0.767032967032967
Median across external cohorts	0.614782608695652
Median across external cohorts	0.746777674992291
Median across external cohorts	0.644156645081714
Median across external cohorts	0.600635234181158
Median across external cohorts	0.574759606917685
Median across external cohorts	0.615498473881092
Median across external cohorts	0.528695652173913
Median across external cohorts	0.551032994141227
Median across external cohorts	0.626395312981807
Median across external cohorts	0.736416897934012
Median across external cohorts	0.819426456984274
Median across external cohorts	0.562944960314006
Median across external cohorts	0.475925469338875
Median across external cohorts	0.777391304347826
Median across external cohorts	0.681037481239568
Median across external cohorts	0.632335255781848
Median across external cohorts	0.604395604395604
Median across external cohorts	0.751893205593322
Median across external cohorts	0.668363213694481
Median across external cohorts	0.740798140255715
Median across external cohorts	0.465429185305202
Median across external cohorts	0.715652173913043
Median across external cohorts	0.798458217699661
Median across external cohorts	0.663151403021893
Median across external cohorts	0.702497687326549
Median across external cohorts	0.850951303607682
Median across external cohorts	0.540629072593428
Median across external cohorts	0.640869565217391
Median across external cohorts	0.768609312365094
Median across external cohorts	0.528707986432316
Median across external cohorts	0.578785075547333
Median across external cohorts	0.663891458526056
Median across external cohorts	0.661538461538462
Median across external cohorts	0.564835164835165
Median across external cohorts	0.78021978021978
Median across external cohorts	0.652630466661545
Median across external cohorts	0.713598519888992
Median across external cohorts	0.76
Median across external cohorts	0.660843224965658
Median across external cohorts	0.468131868131868
Median across external cohorts	0.596139621711106
Median across external cohorts	0.693370336108541
Median across external cohorts	0.766142460684551
Median across external cohorts	0.487388220783225
Median across external cohorts	0.731868131868132
Median across external cohorts	0.501079247610237
Median across external cohorts	0.636632747456059
Median across external cohorts	0.510699969164354
Median across external cohorts	0.694782608695652
Median across external cohorts	0.614481423528154
Median across external cohorts	0.613043478260869
Median across external cohorts	0.524743756824346
Median across external cohorts	0.758241758241758
Median across external cohorts	0.76049215244767
Median across external cohorts	0.665934065934066
Median across external cohorts	0.546282272551161
Median across external cohorts	0.644526672833796
Median across external cohorts	0.709528214616096
Median across external cohorts	0.742337341967314
Median across external cohorts	0.760188087774295
Median across external cohorts	0.489362826247755
Median across external cohorts	0.695308372371526
Median across external cohorts	0.851248843663275
Median across external cohorts	0.705494505494506
Median across external cohorts	0.558260869565217
Median across external cohorts	0.617582417582417
Median across external cohorts	0.623437004684583
Median across external cohorts	0.786552076362228
Median across external cohorts	0.64268606248459
Median across external cohorts	0.495035460992908
Median across external cohorts	0.745790934320074
Median across external cohorts	0.755041628122109
Median across external cohorts	0.57027443724946
Median across external cohorts	0.681776133209991
Median across external cohorts	0.777119950662966
Median across external cohorts	0.772309589885908
Median across external cohorts	0.745776591957987
Median across external cohorts	0.514782608695652
Median across external cohorts	0.583478260869565
Median across external cohorts	0.67622571692877
Median across external cohorts	0.730158747419513
Median across external cohorts	0.511112676552429
Median across external cohorts	0.616916957337932
Median across external cohorts	0.721122417514647
Median across external cohorts	0.627188193441584
Median across external cohorts	0.572124576009867
Median across external cohorts	0.766512488436633
Median across external cohorts	0.755652173913043
Median across external cohorts	0.752298263534219
Median across external cohorts	0.506382978723404
Median across external cohorts	0.610484119642307
Median across external cohorts	0.546669719277236
Median across external cohorts	0.631304347826087
Median across external cohorts	0.588652482269504
Median across external cohorts	0.655010792476102
Median across external cohorts	0.818578353123297
Median across external cohorts	0.783223556760945
Median across external cohorts	0.655559860519179
Median across external cohorts	0.458260869565217
Median across external cohorts	0.409372688528055
Median across external cohorts	0.717391304347826
Median across external cohorts	0.613186813186813
Median across external cohorts	0.671292013567684
Median across external cohorts	0.711601879131792
Median across external cohorts	0.642059821153253
Median across external cohorts	0.717052112241751
Median across external cohorts	0.840641381436941
Median across external cohorts	0.660067838421215
Median across external cohorts	0.657142857142857
Median across external cohorts	0.620654432742771
Median across external cohorts	0.546086956521739
Median across external cohorts	0.605797101449275
Median across external cohorts	0.714285714285714
Median across external cohorts	0.748695652173913
Median across external cohorts	0.647144549091146
Median across external cohorts	0.694357076780759
Median across external cohorts	0.663398088189947
Median across external cohorts	0.664752914656053
Median across external cohorts	0.474883592072586
Median across external cohorts	0.633919210607462
Median across external cohorts	0.801838610827375
Median across external cohorts	0.576071538698736
Median across external cohorts	0.649325490472333
Median across external cohorts	0.641443108233117
Median across external cohorts	0.617582417582417
Median across external cohorts	0.737897008942337
Median across external cohorts	0.583965464076472
Median across external cohorts	0.808695652173913
Median across external cohorts	0.727472527472528
Median across external cohorts	0.643478260869565
Median across external cohorts	0.541042244835029
Median across external cohorts	0.66845513413506
Median across external cohorts	0.684489670058588
Median across external cohorts	0.51333168961995
Median across external cohorts	0.663891458526056
Median across external cohorts	0.619241443108233
Median across external cohorts	0.53068146777675
Median across external cohorts	0.749614554424915
Median across external cohorts	0.664878199198273
Median across external cohorts	0.525217391304348
Median across external cohorts	0.585322232500771
Median across external cohorts	0.523627750118448
Median across external cohorts	0.700400863398088
Median across external cohorts	0.635164835164835
Median across external cohorts	0.644147793314783
Median across external cohorts	0.340812229227572
Median across external cohorts	0.570434782608696
Median across external cohorts	0.681036077705828
Median across external cohorts	0.72186247301881
Median across external cohorts	0.510946654332408
Median across external cohorts	0.62540857230959
Median across external cohorts	0.775824175824176
Median across external cohorts	0.812765957446809
Median across external cohorts	0.708695652173913
Median across external cohorts	0.487531259906308
Median across external cohorts	0.599876657415973
Median across external cohorts	0.697391304347826
Median across external cohorts	0.824175824175824
Median across external cohorts	0.629832648700448
Median across external cohorts	0.774159728646315
Median across external cohorts	0.524390995991366
Median across external cohorts	0.801665124884366
Median across external cohorts	0.638019090556867
Median across external cohorts	0.735452835774752
Median across external cohorts	0.737403638606229
Median across external cohorts	0.664347826086956
Median across external cohorts	0.646368047227455
Median across external cohorts	0.748230072910429
Median across external cohorts	0.500869565217391
Median across external cohorts	0.624421831637373
Median across external cohorts	0.696703296703297
Median across external cohorts	0.418512909020464
Median across external cohorts	0.757261794634598
Median across external cohorts	0.766688428648363
Median across external cohorts	0.411304347826087
Median across external cohorts	0.687573234659266
Median across external cohorts	0.720259019426457
Median across external cohorts	0.46567992599445
Median across external cohorts	0.719911239477299
Median across external cohorts	0.871488428458654
Median across external cohorts	0.78254702436016
Median across external cohorts	0.636879432624114
Median across external cohorts	0.435155507026875
Median across external cohorts	0.569904409497379
Median across external cohorts	0.672155411655874
Median across external cohorts	0.69548754662163
Median across external cohorts	0.630958988590811
Median across external cohorts	0.700154178230034
Median across external cohorts	0.576688251618871
Median across external cohorts	0.605720122574055
Median across external cohorts	0.704717853839038
Median across external cohorts	0.729579796414357
Median across external cohorts	0.758495220474869
Median across external cohorts	0.698260869565217
Median across external cohorts	0.72013567684243
Median across external cohorts	0.570027752081406
Median across external cohorts	0.62
Median across external cohorts	0.433059772463105
Median across external cohorts	0.642676534073389
Median across external cohorts	0.703731113166821
Median across external cohorts	0.651187172371261
Median across external cohorts	0.685229725562751
Median across external cohorts	0.681739130434783
Median across external cohorts	0.573626373626374
Median across external cohorts	0.586086956521739
Median across external cohorts	0.587912426765341
Median across external cohorts	0.630745658835547
Median across external cohorts	0.788798201401204
Median across external cohorts	0.574782608695652
Median across external cohorts	0.520851678348773
Median across external cohorts	0.349705892712479
Median across external cohorts	0.735206142999649
Median across external cohorts	0.552266419981499
Median across external cohorts	0.721672360959459
Median across external cohorts	0.81978021978022
Median across external cohorts	0.612112993554295
Median across external cohorts	0.701098901098901
Median across external cohorts	0.446808510638298
Median across external cohorts	0.492445266728338
Median across external cohorts	0.500862949526258
Median across external cohorts	0.594202898550725
Median across external cohorts	0.408695652173913
Median across external cohorts	0.824175824175824
Median across external cohorts	0.612852664576803
Median across external cohorts	0.649337033610854
Median across external cohorts	0.598396546407647
Median across external cohorts	0.663028060437866
Median across external cohorts	0.740659340659341
Median across external cohorts	0.753438174529756
Median across external cohorts	0.645920564272068
Median across external cohorts	0.59378950967206
Median across external cohorts	0.614782608695652
Median across external cohorts	0.690903484427999
Median across external cohorts	0.666086956521739
Median across external cohorts	0.825716928769658
Median across external cohorts	0.660068331513508
Median across external cohorts	0.761085414739439
Median across external cohorts	0.507015326029705
Median across external cohorts	0.626078686907823
Median across external cohorts	0.694748527882816
Median across external cohorts	0.664878199198273
Median across external cohorts	0.615417823003392
Median across external cohorts	0.741597286463151
Median across external cohorts	0.614782608695652
Median across external cohorts	0.668926772568772
Median across external cohorts	0.553763606911656
Median across external cohorts	0.58
Median across external cohorts	0.437362637362637
Median across external cohorts	0.64
Median across external cohorts	0.708911501695961
Median across external cohorts	0.771569534381745
Median across external cohorts	0.734813444341659
Median across external cohorts	0.61549705671873
Median across external cohorts	0.659451125501079
Median across external cohorts	0.71638899651298
Median across external cohorts	0.63243633545842
Median across external cohorts	0.762897407004921
Median across external cohorts	0.722355843354918
Median across external cohorts	0.586813186813187
Median across external cohorts	0.62540857230959
Median across external cohorts	0.687326549491212
Median across external cohorts	0.644922686766933
Median across external cohorts	0.301838610827375
Median across external cohorts	0.636262719703978
Median across external cohorts	0.65855376703885
Median across external cohorts	0.399616075516889
Median across external cohorts	0.485488358987003
Median across external cohorts	0.739870490286771
Median across external cohorts	0.642263393328872
Median across external cohorts	0.781739130434783
Median across external cohorts	0.584458834412581
Median across external cohorts	0.613913043478261
Median across external cohorts	0.705211224175146
Median across external cohorts	0.750466697192772
Median across external cohorts	0.792117220245853
Median across external cohorts	0.827567067530065
Median across external cohorts	0.663478260869565
Median across external cohorts	0.566087247582551
Median across external cohorts	0.698260869565217
Median across external cohorts	0.634655348525941
Median across external cohorts	0.850549450549451
Median across external cohorts	0.6490903484428
Median across external cohorts	0.692307692307692
Median across external cohorts	0.710434782608696
Median across external cohorts	0.64736355226642
Median across external cohorts	0.613913043478261
Median across external cohorts	0.556514388362509
Median across external cohorts	0.693913043478261
Median across external cohorts	0.517237126117792
Median across external cohorts	0.617144619179772
Median across external cohorts	0.643169904409497
Median across external cohorts	0.640748828854214
Median across external cohorts	0.773417515318314
Median across external cohorts	0.590434782608696
Median across external cohorts	0.602713536848597
Median across external cohorts	0.633913043478261
Median across external cohorts	0.651304347826087
Median across external cohorts	0.699290780141844
Median across external cohorts	0.56695652173913
Median across external cohorts	0.485217391304348
Median across external cohorts	0.621978021978022
Median across external cohorts	0.626373626373626
Median across external cohorts	0.498901098901099
Median across external cohorts	0.707826086956522
Median across external cohorts	0.303423620161319
Median across external cohorts	0.706931774153781
Median across external cohorts	0.669071847055196
Median across external cohorts	0.723076923076923
Median across external cohorts	0.690780141843972
Median across external cohorts	0.412889300030836
Median across external cohorts	0.762847381212356
Median across external cohorts	0.710884983040395
Median across external cohorts	0.742337341967314
Median across external cohorts	0.630769230769231
Median across external cohorts	0.662288004933703
Median across external cohorts	0.620313745179418
Median across external cohorts	0.66526874125805
Median across external cohorts	0.632439099599137
Median across external cohorts	0.76
Median across external cohorts	0.653654024051804
Median across external cohorts	0.647240209682393
Median across external cohorts	0.675115633672525
Median across external cohorts	0.655627505396238
Median across external cohorts	0.551648351648352
Median across external cohorts	0.698550724637681
Median across external cohorts	0.723478260869565
Median across external cohorts	0.676102374344743
Median across external cohorts	0.856521739130435
Median across external cohorts	0.544021626672292
Median across external cohorts	0.570434782608696
Median across external cohorts	0.665934065934066
Median across external cohorts	0.776996608078939
Median across external cohorts	0.792661116250385
Median across external cohorts	0.571877890841813
Median across external cohorts	0.530837237152619
Median across external cohorts	0.406731006304815
Median across external cohorts	0.742189426226621
Median across external cohorts	0.468131868131868
Median across external cohorts	0.701098901098901
Median across external cohorts	0.624347826086956
Median across external cohorts	0.593172777734303
Median across external cohorts	0.719518963922294
Median across external cohorts	0.392291088498304
Median across external cohorts	0.771076164045637
Median across external cohorts	0.693512028459723
Median across external cohorts	0.33304347826087
Median across external cohorts	0.841758241758242
Median across external cohorts	0.526086956521739
Median across external cohorts	0.564835164835165
Median across external cohorts	0.71927227875424
Median across external cohorts	0.711131668208449
Median across external cohorts	0.816983964250117
Median across external cohorts	0.735652173913043
Median across external cohorts	0.7386370644465
Median across external cohorts	0.734073388837496
Median across external cohorts	0.699570286358353
Median across external cohorts	0.703977798334875
Median across external cohorts	0.603946962688868
Median across external cohorts	0.592511711457857
Median across external cohorts	0.712173913043478
Median across external cohorts	0.642059821153253
Median across external cohorts	0.771304347826087
Median across external cohorts	0.697810669133518
Median across external cohorts	0.666086956521739
Median across external cohorts	0.635152636447734
Median across external cohorts	0.761478923548081
Median across external cohorts	0.622941720629047
Median across external cohorts	0.615652173913043
Median across external cohorts	0.628492136910268
Median across external cohorts	0.696629213483146
Median across external cohorts	0.542756003296757
Median across external cohorts	0.813913043478261
Median across external cohorts	0.755288313290163
Median across external cohorts	0.591859389454209
Median across external cohorts	0.613186813186813
Median across external cohorts	0.611224175146469
Median across external cohorts	0.775824175824176
Median across external cohorts	0.671168670983657
Median across external cohorts	0.518104328836603
Median across external cohorts	0.67032967032967
Median across external cohorts	0.756521739130435
Median across external cohorts	0.696577243293247
Median across external cohorts	0.608695652173913
Median across external cohorts	0.590379278445883
Median across external cohorts	0.576811594202899
Median across external cohorts	0.608791208791209
Median across external cohorts	0.701880974406414
Median across external cohorts	0.397872565249551
Median across external cohorts	0.538260869565217
Median across external cohorts	0.685217391304348
Median across external cohorts	0.565217391304348
Median across external cohorts	0.601863266528125
Median across external cohorts	0.679452464927093
Median across external cohorts	0.605427073697194
Median across external cohorts	0.661177838047269
Median across external cohorts	0.702388080729809
Median across external cohorts	0.512087912087912
Median across external cohorts	0.605550416281221
Median across external cohorts	0.727659574468085
Median across external cohorts	0.652747252747253
Median across external cohorts	0.677749991194393
Median across external cohorts	0.702388080729809
Median across external cohorts	0.556173418401266
Median across external cohorts	0.511341622345109
Median across external cohorts	0.551648351648352
Median across external cohorts	0.48695652173913
Median across external cohorts	0.74899945846002
Median across external cohorts	0.682980521996407
Median across external cohorts	0.630465618254702
Median across external cohorts	0.560160345359235
Median across external cohorts	0.680869565217391
Median across external cohorts	0.583428413117749
Median across external cohorts	0.61763798951588
Median across external cohorts	0.591489361702128
Median across external cohorts	0.546086956521739
Median across external cohorts	0.740659340659341
Median across external cohorts	0.574468085106383
Median across external cohorts	0.653530681467777
Median across external cohorts	0.745852558909514
Median across external cohorts	0.594589834806805
Median across external cohorts	0.645217391304348
Median across external cohorts	0.86214438274015
Median across external cohorts	0.595312981806969
Median across external cohorts	0.598217745060054
Median across external cohorts	0.501079247610237
Median across external cohorts	0.72099907493062
Median across external cohorts	0.676842429848905
Median across external cohorts	0.388115952238385
Median across external cohorts	0.772062904717854
Median across external cohorts	0.667826086956522
Median across external cohorts	0.636139377119951
Median across external cohorts	0.709565217391304
Median across external cohorts	0.650434782608696
Median across external cohorts	0.539682552440509
Median across external cohorts	0.584335491828554
Median across external cohorts	0.623330969490601
Median across external cohorts	0.699660807893925
Median across external cohorts	0.804378661732963
Median across external cohorts	0.652173913043478
Median across external cohorts	0.656120875732347
Median across external cohorts	0.531770631538164
Median across external cohorts	0.736521739130435
Median across external cohorts	0.489891162692403
Median across external cohorts	0.683478260869565
Median across external cohorts	0.629355534998458
Median across external cohorts	0.672895467160037
Median across external cohorts	0.75800185013876
Median across external cohorts	0.500709219858156
Median across external cohorts	0.613463258486495
Median across external cohorts	0.586813186813187
Median across external cohorts	0.647733580018501
Median across external cohorts	0.734836103836995
Median across external cohorts	0.596299722479186
Median across external cohorts	0.569243578549347
Median across external cohorts	0.746086956521739
Median across external cohorts	0.651063829787234
Median across external cohorts	0.506111091543095
Median across external cohorts	0.789010989010989
Median across external cohorts	0.683132901634289
Median across external cohorts	0.724351660895133
Median across external cohorts	0.679687224824769
Median across external cohorts	0.802197802197802
Median across external cohorts	0.797802197802198
Median across external cohorts	0.441882991088725
Median across external cohorts	0.695960530373111
Median across external cohorts	0.515652173913043
Median across external cohorts	0.611717545482578
Median across external cohorts	0.691803740622028
Median across external cohorts	0.80450200431699
Median across external cohorts	0.581739130434783
Median across external cohorts	0.661538461538462
Median across external cohorts	0.652747252747253
Median across external cohorts	0.574970941495545
Median across external cohorts	0.441758241758242
Median across external cohorts	0.660807893925378
Median across external cohorts	0.69213691026827
Median across external cohorts	0.494575745834948
Median across external cohorts	0.689670058587727
Median across external cohorts	0.72099907493062
Median across external cohorts	0.657849318445987
Median across external cohorts	0.716521739130435
Median across external cohorts	0.647987038145891
Median across external cohorts	0.814782608695652
Median across external cohorts	0.741720629047178
Median across external cohorts	0.774159728646315
Median across external cohorts	0.843866980948458
Median across external cohorts	0.616034535923528
Median across external cohorts	0.607893925377737
Median across external cohorts	0.567826086956522
Median across external cohorts	0.709528214616096
Median across external cohorts	0.762608695652174
Median across external cohorts	0.657391304347826
Median across external cohorts	0.743570767807586
Median across external cohorts	0.656830759889603
Median across external cohorts	0.743651157056814
Median across external cohorts	0.520879120879121
Median across external cohorts	0.512673450508788
Median across external cohorts	0.723257370293403
Median across external cohorts	0.677154191274004
Median across external cohorts	0.64268606248459
Median across external cohorts	0.759198631191445
Median across external cohorts	0.500046255133056
Median across external cohorts	0.716585392240923
Median across external cohorts	0.761297594308056
Median across external cohorts	0.506709872847029
Median across external cohorts	0.806968855997533
Median across external cohorts	0.674725274725275
Median across external cohorts	0.691890225100216
Median across external cohorts	0.671538698735738
Median across external cohorts	0.70173646578141
Median across external cohorts	0.544479520273673
Median across external cohorts	0.706074622263336
Median across external cohorts	0.711748381128585
Median across external cohorts	0.557042724807157
Median across external cohorts	0.735652173913043
Median across external cohorts	0.620802368545799
Median across external cohorts	0.731236509404872
Median across external cohorts	0.500585877274129
Median across external cohorts	0.740659340659341
Median across external cohorts	0.624298489053346
Median across external cohorts	0.678939253777367
Median across external cohorts	0.810989010989011
Median across external cohorts	0.648351648351648
Median across external cohorts	0.56
Median across external cohorts	0.729403684266141
Median across external cohorts	0.609331154503526
Median across external cohorts	0.615617625303794
Median across external cohorts	0.474058680567786
Median across external cohorts	0.670921985815603
Median across external cohorts	0.72619844316861
Median across external cohorts	0.642608695652174
Median across external cohorts	0.607604522559966
Median across external cohorts	0.722729033848755
Median across external cohorts	0.541608879618858
Median across external cohorts	0.784288142218255
Median across external cohorts	0.495995632404302
Median across external cohorts	0.68
Median across external cohorts	0.676041703356698
Median across external cohorts	0.410175763182239
Median across external cohorts	0.824175824175824
Median across external cohorts	0.805977246310451
Median across external cohorts	0.451111267655243
Median across external cohorts	0.686749321968229
Median across external cohorts	0.785753931544866
Median across external cohorts	0.65304347826087
Median across external cohorts	0.696521739130435
Median across external cohorts	0.301098901098901
Median across external cohorts	0.64390995991366
Median across external cohorts	0.43675812757564
Median across external cohorts	0.551648351648352
Median across external cohorts	0.718038852913969
Median across external cohorts	0.271881934415836
Median across external cohorts	0.507692307692308
Median across external cohorts	0.572822373287309
Median across external cohorts	0.609744064138144
Median across external cohorts	0.781930311440025
Median across external cohorts	0.707407276953964
Median across external cohorts	0.671497733829392
Median across external cohorts	0.551304347826087
Median across external cohorts	0.730912661205445
Median across external cohorts	0.572173913043478
Median across external cohorts	0.631082331174838
Median across external cohorts	0.644896700585877
Median across external cohorts	0.771428571428571
Median across external cohorts	0.505217391304348
Median across external cohorts	0.487403250409045
Median across external cohorts	0.747394387912427
Median across external cohorts	0.695220474868948
Median across external cohorts	0.561568807016308
Median across external cohorts	0.735209816541488
Median across external cohorts	0.66931853222325
Median across external cohorts	0.661547949429541
Median across external cohorts	0.578211405022719
Median across external cohorts	0.558186864014801
Median across external cohorts	0.706644300332218
Median across external cohorts	0.705012151738227
Median across external cohorts	0.675609004008634
Median across external cohorts	0.796521739130435
Median across external cohorts	0.682516188714154
Median across external cohorts	0.628456200908739
Median across external cohorts	0.685146701419464
Median across external cohorts	0.736293555349985
Median across external cohorts	0.651433857539315
Median across external cohorts	0.671304347826087
Median across external cohorts	0.585692260252852
Median across external cohorts	0.63347818621914
Median across external cohorts	0.564351378958121
Median across external cohorts	0.668084375708175
Median across external cohorts	0.312563840653728
Median across external cohorts	0.602485429994428
Median across external cohorts	0.525217391304348
Median across external cohorts	0.643786617329633
Median across external cohorts	0.635646006783842
Median across external cohorts	0.816521739130435
Median across external cohorts	0.452273607833468
Median across external cohorts	0.760468701819303
Median across external cohorts	0.673065408051847
Median across external cohorts	0.666161811841781
Median across external cohorts	0.765402405180389
Median across external cohorts	0.573626373626374
Median across external cohorts	0.617751302140916
Median across external cohorts	0.579401788467468
Median across external cohorts	0.720012334258403
Median across external cohorts	0.701437075129443
Median across external cohorts	0.825217391304348
Median across external cohorts	0.472527472527473
Median across external cohorts	0.723076923076923
Median across external cohorts	0.388538621394104
Median across external cohorts	0.486278137526981
Median across external cohorts	0.650434782608696
Median across external cohorts	0.6404563675609
Median across external cohorts	0.692260252852297
Median across external cohorts	0.758180409284633
Median across external cohorts	0.635399321615788
Median across external cohorts	0.581128584643848
Median across external cohorts	0.650570459451125
Median across external cohorts	0.669565217391304
Median across external cohorts	0.745217391304348
Median across external cohorts	0.489115016959605
Median across external cohorts	0.547949429540549
Median across external cohorts	0.55695343817453
Median across external cohorts	0.641092849297991
Median across external cohorts	0.544347826086956
Median across external cohorts	0.464347826086956
Median across external cohorts	0.740659340659341
Median across external cohorts	0.713845205057046
Median across external cohorts	0.48
Median across external cohorts	0.644341516677821
Median across external cohorts	0.753913043478261
Median across external cohorts	0.466609136698249
Median across external cohorts	0.67018193031144
Median across external cohorts	0.605920444033303
Median across external cohorts	0.662164662349676
Median across external cohorts	0.537617554858934
Median across external cohorts	0.740939029974288
Median across external cohorts	0.55435064964192
Median across external cohorts	0.543879124267653
Median across external cohorts	0.598149861239593
Median across external cohorts	0.586813186813187
Median across external cohorts	0.712981806968856
Median across external cohorts	0.746645063576486
Median across external cohorts	0.608791208791209
Median across external cohorts	0.339914057271671
Median across external cohorts	0.739377119950663
Median across external cohorts	0.631502941072875
Median across external cohorts	0.658217699660808
Median across external cohorts	0.777940192314466
Median across external cohorts	0.661917977181622
Median across external cohorts	0.593709528214616
Median across external cohorts	0.520369661031694
Median across external cohorts	0.737526981190256
Median across external cohorts	0.451742213999383
Median across external cohorts	0.79891514916699
Median across external cohorts	0.638318481208834
Median across external cohorts	0.709731957310415
Median across external cohorts	0.552868866894438
Median across external cohorts	0.613186813186813
Median across external cohorts	0.792680779120144
Median across external cohorts	0.517438095777792
Median across external cohorts	0.684079065359627
Median across external cohorts	0.502412736430559
Median across external cohorts	0.814345895812276
Median across external cohorts	0.628492136910268
Median across external cohorts	0.635646006783842
Median across external cohorts	0.551648351648352
Median across external cohorts	0.653913043478261
Median across external cohorts	0.758303687788384
Median across external cohorts	0.57459142769041
Median across external cohorts	0.797802197802198
Median across external cohorts	0.546141382832588
Median across external cohorts	0.748687964495791
Median across external cohorts	0.554520785561864
Median across external cohorts	0.705973049149986
Median across external cohorts	0.742608695652174
Median across external cohorts	0.658711069996916
Median across external cohorts	0.62695652173913
Median across external cohorts	0.71236509404872
Median across external cohorts	0.512173913043478
Median across external cohorts	0.5511253566271
Median across external cohorts	0.641586234848197
Median across external cohorts	0.758741905642923
Median across external cohorts	0.503645521468071
Median across external cohorts	0.632524391532528
Median across external cohorts	0.522648022260576
Median across external cohorts	0.77008942337342
Median across external cohorts	0.343118077256698
Median across external cohorts	0.690903484427999
Median across external cohorts	0.615787850755473
Median across external cohorts	0.655750847980265
Median across external cohorts	0.695361206015991
Median across external cohorts	0.522608695652174
Median across external cohorts	0.545721116385112
Median across external cohorts	0.733826703669442
Median across external cohorts	0.591489361702128
Median across external cohorts	0.701098901098901
Median across external cohorts	0.639962997224792
Median across external cohorts	0.693793807896869
Median across external cohorts	0.645143385753931
Median across external cohorts	0.581375269811903
Median across external cohorts	0.61646296361523
Median across external cohorts	0.793085837061041
Median across external cohorts	0.868131868131868
Median across external cohorts	0.689423373419673
Median across external cohorts	0.648596978106691
Median across external cohorts	0.728452678665774
Median across external cohorts	0.614554424915202
Median across external cohorts	0.662658032685785
Median across external cohorts	0.493632242980387
Median across external cohorts	0.370459451125501
Median across external cohorts	0.601739130434783
Median across external cohorts	0.610372170641728
Median across external cohorts	0.814782608695652
Median across external cohorts	0.721369102682701
Median across external cohorts	0.810434782608696
Median across external cohorts	0.566059666795816
Median across external cohorts	0.749450549450549
Median across external cohorts	0.846153846153846
Median across external cohorts	0.655257477644157
Median across external cohorts	0.405118717237126
Median across external cohorts	0.561147086031452
Median across external cohorts	0.586432315757015
Median across external cohorts	0.647540803169264
Median across external cohorts	0.635652173913043
Median across external cohorts	0.714285714285714
