gene	cell_type	logFC_primary	logFC_purity_adjusted	adj.P.Val	direction_retained	attenuation_ratio
ABCC5	ABS	0.586205516973708	0.675304667790336	0.00104120143517228	TRUE	1.15199302674018
ABCD3	ABS	-0.293805290894755	-0.322692819226785	0.0211266022462034	TRUE	1.09832201538664
ABHD14A	ABS	0.231088102252782	0.331128821625265	0.0539169760781998	TRUE	1.4329115969071
ABHD5	ABS	-0.591687836684017	-0.513437237748879	0.00713503260669031	TRUE	0.867750198527527
ABI2	ABS	0.282871229121671	0.31675996071878	0.032252845810163	TRUE	1.11980268089595
ABLIM2	ABS	0.449869279075832	0.507139896147348	0.00146401110210582	TRUE	1.12730501889164
ABR	ABS	0.313374957134126	0.390905778992045	0.0279819474131346	TRUE	1.24740592728581
ABRACL	ABS	-0.906996993040843	-0.83441628331838	0.00039447385557862	TRUE	0.919976901489909
ENSG00000235419	ABS	-0.447650233428318	-0.36623771606746	0.0282740924068239	TRUE	0.818133642559813
ENSG00000276256	ABS	-0.657070399879395	-0.637922358051105	0.00815260051202405	TRUE	0.970858462302053
MAP3K20	ABS	0.400930111416111	0.496883212960977	0.0212505758591108	TRUE	1.2393262536604
ENSG00000236449	ABS	-0.625181504946527	-0.547437851909881	0.00160130953007567	TRUE	0.8756462684492
ENSG00000225421	ABS	-0.159122352168479	-0.163021222598347	0.231873533820845	TRUE	1.02450234286218
ENSG00000249319	ABS	0.55899425345685	0.648495041033521	0.00693164455090945	TRUE	1.16011038937018
EPCAM-DT	ABS	0.371939771953198	0.456934541842737	0.00750033833639549	TRUE	1.22851756197838
ENSG00000226963	ABS	0.618116537446982	0.689068025454542	0.007518457896655	TRUE	1.11478658749467
ENSG00000271254	ABS	-0.288088639027209	-0.216257542138693	0.13399699988686	TRUE	0.75066320861847
ACAA2	ABS	-0.653131775843244	-0.499592175185364	0.0136604467229217	TRUE	0.764917882827477
ACAD9	ABS	0.156942078633891	0.224420009037818	0.0299781383116567	TRUE	1.42995435635421
ACADM	ABS	-0.275594441841695	-0.269349883520725	0.0460647322326338	TRUE	0.977341493974841
ACAT1	ABS	-0.538840795222031	-0.509720635503687	0.00346297089351183	TRUE	0.945957767161366
ACE	ABS	0.624513694283549	0.719153745248285	0.00212255122394553	TRUE	1.15154199472488
ACIN1	ABS	0.147941931685556	0.230817365133715	0.0401438240522976	TRUE	1.56018893699663
ACOT2	ABS	-0.39468545026325	-0.283953454097696	0.0271265343225003	TRUE	0.71944241650738
ACSF2	ABS	-0.485808798515291	-0.377456076054142	0.0184247490488951	TRUE	0.776964264969486
ACSS1	ABS	0.304926468921636	0.432847168693975	0.00402125555875807	TRUE	1.4195132689685
ACSS2	ABS	-0.131279045346961	-0.0417926489851449	0.672217371464855	TRUE	0.318349732622521
ACTB	ABS	-0.573106947327622	-0.494804785339918	0.00186536275108688	TRUE	0.863372513013802
ACTG1	ABS	-0.531270485214785	-0.505642420673009	0.00167284453573409	TRUE	0.951760797456281
ACTN1	ABS	0.138186389362719	0.15266297280346	0.145170864156363	TRUE	1.10476128298527
ACTR10	ABS	-0.836336425926126	-0.786550454175252	0.00148139794050563	TRUE	0.94047135792783
ACTR3	ABS	-0.189796722014856	-0.166826552473577	0.216109994939755	TRUE	0.878974887988418
ACTR3C	ABS	0.322161458754846	0.372770057842947	0.00883487174893943	TRUE	1.15709079318086
ACVR1	ABS	0.276697136608155	0.324978811836573	0.0259804778331224	TRUE	1.1744928618354
ACVRL1	ABS	0.253459505488302	0.376931564053509	0.0349768190823398	TRUE	1.48714708224232
ADAMTSL4-AS1	ABS	0.547688198433372	0.617217944588668	0.00666305143212484	TRUE	1.12695133171425
ADCY3	ABS	0.262863657204517	0.347867253994238	0.0871123363465763	TRUE	1.32337523449879
ADCY6	ABS	0.271333069788157	0.353299077647509	0.0209974150257344	TRUE	1.30208631746711
ADGRE3	ABS	-0.608444894118245	-0.610515702890279	0.0288841870167916	TRUE	1.00340344506471
ADGRE5	ABS	0.474066135057576	0.563270720600655	0.00354114960435468	TRUE	1.18816907377753
ADGRG1	ABS	0.271711230674121	0.334255541579157	0.00971331641556429	TRUE	1.23018669765641
ADGRG6	ABS	0.378358506698011	0.431023055525366	0.0321923089103876	TRUE	1.13919218914084
ADGRL1	ABS	0.344346902599874	0.412161481033184	0.012497876579065	TRUE	1.19693680390705
ADH5	ABS	-0.385734207259073	-0.348635116250029	0.0166645580290899	TRUE	0.903822138895432
ADI1	ABS	-0.255958527625016	-0.193466657154503	0.122345124210186	TRUE	0.755851578572665
ADIPOR1	ABS	-0.493355044198677	-0.472256247347976	0.00302469752333186	TRUE	0.957234050611623
ADPGK	ABS	0.234407964107046	0.260545597865923	0.0237294916488078	TRUE	1.11150488789255
AGAP3	ABS	0.263544397218472	0.402660479813914	0.0110562457520892	TRUE	1.52786583233685
AGAP6	ABS	0.204955822706544	0.259823212464604	0.0448634253688164	TRUE	1.26770349353099
AGBL4	ABS	0.592617917541653	0.729342663192388	0.00119505882676244	TRUE	1.23071314856275
AGFG2	ABS	-0.222783407341853	-0.0981529304155375	0.494507700707169	TRUE	0.440575586784726
AGO3	ABS	0.244211372618913	0.270807500930149	0.0377888937735485	TRUE	1.10890618248454
AGO4	ABS	0.366459885880208	0.431259641057533	0.0069037557482684	TRUE	1.17682632581103
AGPAT5	ABS	-0.563046012535945	-0.623911012276685	0.00130360550054719	TRUE	1.10809951298049
AGR2	ABS	-0.433012884464978	-0.378637225378845	0.0615994453769673	TRUE	0.874424847303752
AHCYL2	ABS	-0.226552736664518	-0.194351151597582	0.114494234174077	TRUE	0.857862740741817
AHSA1	ABS	-0.286128203762146	-0.142157441038451	0.216109994939755	TRUE	0.496831277620659
AIMP2	ABS	0.250451406964128	0.350689812704341	0.025788048364805	TRUE	1.40023095479983
AK2	ABS	-0.571675549793518	-0.491394487685134	0.0012012503954843	TRUE	0.859568837363465
AK6	ABS	-0.410496345597209	-0.346902085834644	0.0113975191091582	TRUE	0.845079595848667
AKAP8	ABS	0.140314558051975	0.211333396023739	0.0715863476973607	TRUE	1.50614019641111
AKAP8L	ABS	0.38630399149737	0.509988214632531	0.00349857899464068	TRUE	1.32017329838023
AKR1B10	ABS	-0.949496870687462	-0.87504365733248	0.000748473683916116	TRUE	0.921586667999153
ALDH2	ABS	-0.405125701987452	-0.299197203759879	0.0221024461290712	TRUE	0.738529306563585
ALDH3B1	ABS	0.637679938615878	0.745843354565798	0.000117763035796255	TRUE	1.16962022701341
ALDH6A1	ABS	-0.243319133296504	-0.220501598907209	0.0832222689882389	TRUE	0.906223838297623
ALDH9A1	ABS	-0.437017009177175	-0.386123342107587	0.0701963416171306	TRUE	0.883543052099021
ALG2	ABS	-0.661083283982351	-0.614155322506997	0.00273517089452566	TRUE	0.929013540937443
ALS2CL	ABS	0.458230591665732	0.572120582237788	0.00626716847760474	TRUE	1.24854296645287
ANKRD13D	ABS	0.536398814723212	0.624264477369654	0.00342398978671399	TRUE	1.16380659359171
ANKRD52	ABS	0.23477627483199	0.324803323520255	0.032252845810163	TRUE	1.38345888549722
ANKS3	ABS	0.449726973243935	0.477923070482525	0.0230627189341309	TRUE	1.06269603318477
ANXA7	ABS	-0.437950760346893	-0.428636694093097	0.00569892446718203	TRUE	0.97873261768876
GATD1-DT	ABS	0.419197577652024	0.490009276133831	0.0289055498201271	TRUE	1.16892201257085
AP1S3	ABS	0.517749298465628	0.553177563729048	0.00148139794050563	TRUE	1.06842745198963
AP2B1	ABS	0.256103987784624	0.319687051196612	0.00212862577419051	TRUE	1.24827049341168
AP3S1	ABS	-0.481067166295853	-0.427025530237805	0.0304548494849118	TRUE	0.887663012892439
AP5M1	ABS	-0.471297146536622	-0.500445367563608	0.00851543947751916	TRUE	1.06184680141008
APBB2	ABS	0.242962646957697	0.270917731916787	0.150037061050844	TRUE	1.11505918835317
APH1A	ABS	-0.283370904584412	-0.167461743372643	0.131164217243823	TRUE	0.590963082883332
API5	ABS	-0.16756537365286	-0.152821405248785	0.243577727286989	TRUE	0.912010649439907
APLP2	ABS	-0.468297599615925	-0.391065094720589	0.00473412777809539	TRUE	0.835078153382213
APOLD1	ABS	0.445552659239295	0.541734525712301	0.0136694021659785	TRUE	1.21587092901032
APOOL	ABS	-0.3604632281849	-0.413614346139736	0.00883487174893943	TRUE	1.14745226086577
APP	ABS	-0.175313724754597	-0.100506958588944	0.319488780231986	TRUE	0.573297719443435
APTX	ABS	0.165789398626048	0.199819751100152	0.0807363278440607	TRUE	1.20526253642347
AQP8	ABS	-2.39877081597912	-1.91330368561961	0.000366915304751246	TRUE	0.797618377243197
ARCN1	ABS	-0.332527133401223	-0.291717926447555	0.0377820793896356	TRUE	0.877275557828154
ARF1	ABS	-0.406309448283358	-0.30191932982195	0.0130522478005361	TRUE	0.743077304988962
ARF3	ABS	-0.453391175259685	-0.340449550860822	0.0233771845572583	TRUE	0.75089584764376
ARF6	ABS	-0.574550375315667	-0.504564767964422	0.00843904263101011	TRUE	0.87819065071049
ARFGAP3	ABS	0.540440360694512	0.553732516212627	0.00347946474135031	TRUE	1.02459504597516
ARFGEF3	ABS	0.447835056032074	0.508568158116479	0.0146810232853397	TRUE	1.13561489049677
ARHGAP18	ABS	0.23580574182801	0.258542727254181	0.062671496235106	TRUE	1.09642252665228
ARHGAP26	ABS	0.397754091603976	0.398736254195959	0.00391550926401034	TRUE	1.00246927087041
ARHGAP8	ABS	0.541179480602623	0.602524040867334	0.00316653159031288	TRUE	1.11335344828004
ARHGEF28	ABS	0.897656355622515	0.912543543099848	1.68308510354261e-06	TRUE	1.0165845062914
ARHGEF3	ABS	1.28538825746618	1.31933801453523	8.00931963423447e-05	TRUE	1.02641206411514
ARID1A	ABS	0.114608687863566	0.161377434303098	0.118277500906012	TRUE	1.40807330850177
ARID3A	ABS	1.0333871981741	1.13071713001986	3.62326557263631e-05	TRUE	1.09418534700036
ARID4B	ABS	0.195829234262097	0.26195799187133	0.0304548494849118	TRUE	1.33768583050642
ARIH2	ABS	0.0934439922748678	0.177006988890098	0.0626435456219689	TRUE	1.89425756092941
ARL1	ABS	-0.289739332423219	-0.251664266730663	0.148211394628207	TRUE	0.868588550356219
ARL16	ABS	0.351944327948556	0.451970454489649	0.00497163941582842	TRUE	1.28421008266885
ARL17B	ABS	0.371471406595881	0.510181966061941	0.0179536212435994	TRUE	1.37340844275791
ARL3	ABS	0.193160893486819	0.32577125971854	0.0490966048517001	TRUE	1.68652802250974
ARL5A	ABS	-0.288754306015006	-0.305103865773759	0.0328338294097618	TRUE	1.05662100761158
ARL6IP1	ABS	-0.908152074222795	-0.839577602868046	0.00559973413231391	TRUE	0.924490101051153
ARL6IP5	ABS	-0.350564329522723	-0.321556251015559	0.0652639396824873	TRUE	0.917253194166511
ARPC5	ABS	-0.325488524206352	-0.282243079894406	0.0517095757188885	TRUE	0.86713680791852
ARPIN	ABS	-0.225551905071247	-0.15923633099462	0.0819215706980498	TRUE	0.705985307214856
ARSB	ABS	0.346487034292729	0.44978156535906	0.00742206451268933	TRUE	1.29811947011865
ASCL2	ABS	2.23386194924172	2.44326462533298	3.92095447140921e-05	TRUE	1.09374020456472
ASH1L	ABS	0.282716802724993	0.356676744403073	0.0156884398636544	TRUE	1.26160433679643
ASPSCR1	ABS	0.232686120832234	0.37304697710742	0.0386491670789134	TRUE	1.60321971836208
ASRGL1	ABS	0.41312568535352	0.481665491106245	0.00628733325266181	TRUE	1.16590545730429
ASXL1	ABS	0.220780149068615	0.252972808288625	0.0418342203835891	TRUE	1.1458131963214
ATAD2	ABS	0.368659204908068	0.456656413077827	0.0213195085704204	TRUE	1.2386952692303
ATAD3B	ABS	0.320543192691571	0.431128911492432	0.0334868694607267	TRUE	1.34499475054293
ATF7IP	ABS	0.252785462122317	0.271772057187991	0.0316058067759561	TRUE	1.07510952135565
ATF7IP2	ABS	0.34138820325532	0.434741554799871	0.0421732626001126	TRUE	1.27345218919218
ATG3	ABS	-0.690886674607134	-0.621258899562013	0.00209614231402245	TRUE	0.89921968738981
ATG7	ABS	0.288224870472161	0.361321026301967	0.00815156133340806	TRUE	1.25360807937935
ATP11A	ABS	0.596019579483598	0.719669466600413	0.00212255122394553	TRUE	1.20745943820159
ATP13A2	ABS	0.194941582734915	0.322787766331975	0.0323058056433201	TRUE	1.65581792146885
ATP23	ABS	-0.172802455662136	-0.140925277010085	0.287712368757207	TRUE	0.815528208034395
ATP2B4	ABS	0.452081215033168	0.532556668848815	0.00275301399685994	TRUE	1.17801105451759
ATP5F1A	ABS	-0.631083176140901	-0.609672324670616	0.000400684433570234	TRUE	0.966072853342069
ATP5F1B	ABS	-0.498020650778924	-0.413537817029702	0.00290929003001454	TRUE	0.83036278994237
ATP5F1C	ABS	-0.512308600071542	-0.481572488727039	0.0014574952958271	TRUE	0.940004693772053
ATP5F1E	ABS	-0.33434528611812	-0.223718138085526	0.0389485523849818	TRUE	0.669123051450737
ATP5PB	ABS	-0.537220322529156	-0.521911427300293	0.00139922955856552	TRUE	0.97150350687258
ATP5MC1	ABS	-0.514912785123812	-0.391506933007641	0.0036129087685977	TRUE	0.760336399325377
ATP5MC3	ABS	-0.793364636445583	-0.697140355893474	7.51161532748248e-05	TRUE	0.878713675740311
ATP5PD	ABS	-0.519750634942936	-0.456824007954311	0.00131395792684786	TRUE	0.878929196506833
ATP5PF	ABS	-0.531035702765144	-0.426191846938465	0.00226472579210502	TRUE	0.802567218586719
ATP5MF	ABS	-0.366685028207021	-0.246785555513044	0.0478286451071946	TRUE	0.673017812370881
ATP5MG	ABS	-0.55466835253814	-0.406619324529045	0.00339442177327955	TRUE	0.733085496348172
ATP5PO	ABS	-0.596206996077733	-0.527958999748942	0.00278020296291856	TRUE	0.885529695596036
ATP6AP2	ABS	-0.672079213405385	-0.709314162188619	0.00294687933852269	TRUE	1.05540261927544
ATP6V1D	ABS	-0.463110233756877	-0.416422631122492	0.0176624766054484	TRUE	0.89918684746903
ATP5IF1	ABS	-0.340463390018452	-0.225177947346511	0.0418342203835891	TRUE	0.661386668723199
ATRAID	ABS	-0.312132007631566	-0.223743661510979	0.09617004035476	TRUE	0.71682383107304
ATXN2L	ABS	0.464546700447112	0.525634393188941	0.00676485742192529	TRUE	1.13149957298811
ATXN7L1	ABS	0.386258278567171	0.436618709059706	0.00518128456529002	TRUE	1.13038019710373
ATXN7L3B	ABS	-0.526391293712095	-0.410300429489596	0.00662291941739732	TRUE	0.779458996360236
AXIN2	ABS	0.856141685715662	0.827695174687769	0.000705588674421	TRUE	0.966773594251384
B2M	ABS	-0.779797387641242	-0.722852321742829	0.00628593156233721	TRUE	0.92697453620528
B3GALNT2	ABS	0.34728028335937	0.402055145101364	0.0225603626829369	TRUE	1.15772522762345
B4GALNT2	ABS	-0.640822007559925	-0.50565446023046	0.249397573274969	TRUE	0.789071620926151
B4GALT7	ABS	0.283595831167875	0.402056289750108	0.0142092355960336	TRUE	1.41770874449882
BACE2	ABS	0.864782204778451	0.97170168166242	0.000108088305428993	TRUE	1.12363746188714
BAIAP2	ABS	0.775702792489274	0.856776042669437	0.000108088305428993	TRUE	1.10451586737234
BANF1	ABS	-0.681389240139107	-0.57008351396472	0.0019026335489243	TRUE	0.836648835030527
BAZ1B	ABS	0.148997314815601	0.204207351919611	0.0762390101457688	TRUE	1.37054383948018
BAZ2B	ABS	0.273024776211496	0.348291656964704	0.00354114960435468	TRUE	1.27567784066199
BCAS3	ABS	0.38698232135182	0.471876170351003	0.00158934176161345	TRUE	1.21937397218206
BCL10	ABS	-0.571697290603916	-0.529140901399569	0.00502663296371526	TRUE	0.925561324316594
BCL11B	ABS	0.416000991002228	0.495366735437674	0.00468957584581671	TRUE	1.19078258502279
BCL2L11	ABS	-0.185778292787873	-0.113674383596687	0.560791225949697	TRUE	0.611881947513018
BCL7A	ABS	0.180995584365804	0.261910308483228	0.0823896481694434	TRUE	1.44705358089781
BEST4	ABS	-1.07667074770339	-0.994153763402654	0.0867227311000659	TRUE	0.923359128613135
BEX3	ABS	-0.448612253029284	-0.322112692363243	0.0651679696715807	TRUE	0.718020272937612
BEX4	ABS	-0.56270290081165	-0.39669564548681	0.13399699988686	TRUE	0.704982407083047
BICDL1	ABS	0.644188668501673	0.691410207189618	0.00275820066755352	TRUE	1.07330389526686
BID	ABS	0.210532319078876	0.303344549718757	0.0128740172731091	TRUE	1.44084552455392
BIN3	ABS	0.3303945591201	0.438017084238122	0.0039136502334499	TRUE	1.32573939899204
BIRC2	ABS	-0.302648913265612	-0.213074589538025	0.0657831144415789	TRUE	0.704032230741981
BMPR2	ABS	0.356361351205246	0.440023027201132	0.00628733325266181	TRUE	1.2347664125555
BOLA3	ABS	-0.560854882707076	-0.48868546936323	0.00241636830625457	TRUE	0.871322483642282
BPTF	ABS	0.237550412091562	0.259727858778548	0.0392745641953216	TRUE	1.09335890639684
BRAT1	ABS	0.405386014875487	0.511103676190746	0.00886295921745313	TRUE	1.26078270447423
BRCC3	ABS	-0.494321906823669	-0.501652793316885	0.00541926340278937	TRUE	1.01483018735771
BRD3	ABS	0.300135554797234	0.333943933023888	0.0230951494809844	TRUE	1.11264369611089
BRF1	ABS	0.335382083419526	0.428897683052538	0.0157499953862776	TRUE	1.27883302136934
BRINP3	ABS	-0.318074999010853	-0.302302088918397	0.0424829253661383	TRUE	0.950411349079598
BRPF3	ABS	-0.291058969477161	-0.249357963553829	0.0622413534988313	TRUE	0.856726607675959
BSDC1	ABS	0.140055437550122	0.199533056016987	0.0491156502212947	TRUE	1.42467196923775
BSG	ABS	-0.750712136534434	-0.569849937733242	0.00242043265178237	TRUE	0.759079159641512
BSPRY	ABS	0.370453699075415	0.460239601700149	0.00130360550054719	TRUE	1.24236740744882
BTBD2	ABS	0.308295808446433	0.463053187135899	0.0031681477299445	TRUE	1.50197691453971
BTRC	ABS	0.211247294391457	0.300895414549992	0.0316058067759561	TRUE	1.4243752348014
BUB3	ABS	-0.784429191341237	-0.689108039194673	0.00166717679541053	TRUE	0.878483420557589
BZW1	ABS	-0.249814538711992	-0.24301810836225	0.123182839386166	TRUE	0.972794096033069
C11orf54	ABS	-0.46272950761475	-0.392039393967717	0.0305430066188018	TRUE	0.847232319349111
TOP6BL	ABS	0.256489843227347	0.331038586125592	0.0169237780936763	TRUE	1.29064988289679
RTRAF	ABS	-0.592533512514298	-0.553984289081911	0.00106558612433956	TRUE	0.934941699299318
C15orf48	ABS	-0.750822331314796	-0.668558406190601	0.000309255723399565	TRUE	0.890434898253307
PHAF1	ABS	0.32406680576005	0.387733238289298	0.0136407204529312	TRUE	1.19646082658768
C16orf96	ABS	-0.561473561694324	-0.471350625154082	0.00775263751808337	TRUE	0.839488548190437
C17orf58	ABS	-0.496342341305319	-0.431902289861437	0.048547562557355	TRUE	0.870170150556948
C18orf32	ABS	-0.490529801537812	-0.409409674698819	0.0160588342636035	TRUE	0.834627526024552
C1D	ABS	-0.641171690897317	-0.51993817170894	0.0119589711426401	TRUE	0.810918789913024
C1orf159	ABS	0.362945313438644	0.405901488024353	0.0259787975950415	TRUE	1.11835439939624
C1orf210	ABS	-0.507523277289068	-0.417583161477518	0.00693164455090945	TRUE	0.822786225112738
C1orf226	ABS	-0.181525498577974	-0.133967875196441	0.326511541999871	TRUE	0.738011333095971
C1orf43	ABS	-0.180086425438305	-0.146471482138422	0.148918677168261	TRUE	0.813339938209842
SHLD1	ABS	0.338105557141945	0.371331304969659	0.0179536212435994	TRUE	1.09827033932413
GATD3	ABS	-0.454076562161065	-0.409331055636216	0.00642336341290486	TRUE	0.901458233580931
C22orf39	ABS	-0.396942929165246	-0.293261879559677	0.0212505758591108	TRUE	0.738801117269915
C2CD2	ABS	0.413636006662227	0.456850821315448	0.00468957584581671	TRUE	1.10447546624854
C2orf42	ABS	0.338338769373841	0.418472179829142	0.0077055064396448	TRUE	1.23684371319197
C2orf69	ABS	-0.596106596211678	-0.612817308931369	0.00404536210348981	TRUE	1.02803309479528
C2orf88	ABS	-0.240466777486821	-0.187527515291107	0.2090864592088	TRUE	0.779847916003218
C5orf15	ABS	-0.368073786493493	-0.298030204313721	0.0640944245396775	TRUE	0.809702334830601
ILRUN	ABS	0.216750136509886	0.311146712894967	0.0241170695748893	TRUE	1.43550872864514
C6orf132	ABS	0.2697135746473	0.376401884395659	0.00337678863390837	TRUE	1.39556151331231
C6orf136	ABS	-0.204386352481458	0.00720491210471059	0.94621061240445	FALSE	-0.0352514344389223
C6orf62	ABS	-0.292823633152406	-0.363820705060852	0.023075803913092	TRUE	1.24245676875232
SPMIP4	ABS	-0.322237166428899	-0.321337571280791	0.0349809880693014	TRUE	0.997208282464503
STMP1	ABS	-0.500203468231487	-0.431486801558454	0.00290929003001454	TRUE	0.862622570539171
C8orf33	ABS	0.289707377432952	0.330207914234119	0.169411082588064	TRUE	1.13979808577895
C9orf152	ABS	-0.19854780893554	-0.210437481012401	0.205850509654775	TRUE	1.05988316940189
BBLN	ABS	0.42733310280864	0.569827147062846	0.00156221291328955	TRUE	1.33344958141007
AOPEP	ABS	0.521156350310666	0.605496955939074	0.00162529986825938	TRUE	1.16183359480918
C9orf78	ABS	-0.270140299829679	-0.207638143458688	0.051327130296526	TRUE	0.768630758126801
CA1	ABS	-1.98270105718426	-1.80998977718377	0.00409678366170271	TRUE	0.912890912437517
CA12	ABS	-0.132180694631227	-0.0823218377329546	0.377983310480887	TRUE	0.622797738827334
CA2	ABS	-0.734185605892777	-0.6227834660568	0.0054668557431906	TRUE	0.84826433678101
CA7	ABS	-1.73634990002598	-1.64239264808883	0.0155531008019337	TRUE	0.945888065570343
CABIN1	ABS	0.310867589676457	0.40799385823817	0.00580536220230501	TRUE	1.31243613611441
CACNA1C	ABS	0.274338329551191	0.497096041006946	0.0214243566911925	TRUE	1.81198173007826
CACYBP	ABS	-0.47767759476129	-0.40760316208908	0.0134835633710748	TRUE	0.853301822315471
CADM2	ABS	-0.217653573343832	-0.100318779758558	0.560150574095069	TRUE	0.460910327440763
CADPS	ABS	1.43285728107235	1.59266175791729	8.07198355890722e-07	TRUE	1.11152853738884
CALCOCO2	ABS	-0.183204465465054	-0.138409423756705	0.132768584974081	TRUE	0.755491540041671
CALM1	ABS	-0.516497522479451	-0.504672668022401	0.000598872430880125	TRUE	0.977105689877689
CALM2	ABS	-0.708596072564991	-0.692243879538775	0.00441147225793281	TRUE	0.976923110839403
CALN1	ABS	0.405585455018283	0.5799893829961	0.00819587937517632	TRUE	1.43000538066621
CAMK2N1	ABS	-0.466374999855721	-0.38330411863148	0.00772488176586596	TRUE	0.821879643527333
CAMKMT	ABS	0.239130183096066	0.250539919163494	0.0770062877663585	TRUE	1.04771349195532
CAMTA1	ABS	-0.20109562203307	-0.10185604048785	0.159681026116614	TRUE	0.506505509459075
CAMTA2	ABS	0.33222242096358	0.40822198587486	0.0152320279922251	TRUE	1.22876109532539
CAPG	ABS	0.280188351017448	0.40360613542683	0.0130857177010767	TRUE	1.44048149739707
CAPN2	ABS	-0.241478464520897	-0.221289934242169	0.114494234174077	TRUE	0.91639614605475
CARHSP1	ABS	0.290253678138807	0.403823564942797	0.0113816423768826	TRUE	1.3912780280072
CARS2	ABS	0.166090560683273	0.241859058127539	0.0579580563185122	TRUE	1.45618785999978
CASP7	ABS	-0.44063883964113	-0.387583621139926	0.0422009759814375	TRUE	0.879594775293949
CAT	ABS	-0.552959843024757	-0.499648068114169	0.00165726012230903	TRUE	0.903588342656194
CATSPERB	ABS	0.785577007336245	0.815250042800285	0.000441111867279548	TRUE	1.03777228099465
CBFB	ABS	0.244905372925098	0.268408067083587	0.0213978866928111	TRUE	1.09596642931014
CBL	ABS	0.161568832730778	0.239229444364768	0.0954339509036035	TRUE	1.48066579625166
CBR1	ABS	-0.74836249957566	-0.582138432589148	0.00324264489865334	TRUE	0.777882955010753
CBX5	ABS	-0.411987710052631	-0.30167552337578	0.0133521399340387	TRUE	0.732243986931653
CCDC115	ABS	-0.508944779618051	-0.405174056731391	0.00787697769105219	TRUE	0.796106125767638
CCDC12	ABS	0.219105415289967	0.30083363161098	0.0343571426415296	TRUE	1.37300865527606
CCDC125	ABS	0.343153003442512	0.412731742228995	0.00436751641919247	TRUE	1.20276301850332
YJU2B	ABS	0.484625777560429	0.600351057730293	0.000686443852589823	TRUE	1.238793076077
CCDC137	ABS	0.231589608717432	0.405033438703209	0.0184552390188696	TRUE	1.74892751426252
CCDC149	ABS	0.926739227920375	0.990724481454865	5.16700397432057e-05	TRUE	1.06904342840658
CCDC192	ABS	0.460093362201951	0.644435559070247	0.00625084676981925	TRUE	1.40066258723242
CCDC28A	ABS	-0.527843882160695	-0.520118076797612	0.00247665867241486	TRUE	0.985363465175616
CCDC47	ABS	-0.386490107813922	-0.412182073158006	0.0135620367978119	TRUE	1.0664750916638
CCDC50	ABS	-0.292702423721396	-0.223257223956098	0.0773863595510761	TRUE	0.762744705416589
CCDC57	ABS	0.409232016351909	0.463716844499485	0.0230066560027043	TRUE	1.13313921191524
CCDC88B	ABS	1.06897038740317	1.1605281679023	2.33575504226277e-05	TRUE	1.08565043669877
CCDC90B	ABS	-0.474490136548988	-0.431423489772065	0.00788017638975006	TRUE	0.909235949370517
CCHCR1	ABS	0.279763350505877	0.451311459189929	0.00559973413231391	TRUE	1.6131900707289
CCL15	ABS	-0.45184185765223	-0.301149277084859	0.0402987954635476	TRUE	0.666492649994027
CCND3	ABS	0.40344795454879	0.467185308702963	0.00194147676343691	TRUE	1.15798160192795
CCNJL	ABS	-1.07025971503739	-0.956097957116835	0.00167284453573409	TRUE	0.893332659057838
CCNL2	ABS	0.131771952304439	0.237316523423382	0.0452081416016512	TRUE	1.80096385667186
CCNY	ABS	0.236903475462029	0.270658075970262	0.00760732949719407	TRUE	1.14248250449852
CD164	ABS	-0.429565695996	-0.410941477831852	0.0445950012780996	TRUE	0.95664407484642
CD24	ABS	-0.608588605314911	-0.630310142450939	0.0021784744272374	TRUE	1.03569165926922
CD44	ABS	0.668110150903049	0.716062132015771	0.0126072642948582	TRUE	1.07177256781372
CD58	ABS	0.19103356003614	0.229542546423383	0.0528316473357065	TRUE	1.20158231035404
CD59	ABS	-0.259044392662	-0.19557099576613	0.220064174744308	TRUE	0.754970967548833
CD82	ABS	0.781085177179955	0.897167326719951	3.07162727064391e-05	TRUE	1.14861650551237
CD9	ABS	-0.617229590274163	-0.605327109721345	0.000233631602169913	TRUE	0.980716283307916
CDC25B	ABS	0.389912318518023	0.537515976855712	0.0230627189341309	TRUE	1.37855602741329
CDC27	ABS	0.300569485238898	0.353891044123451	0.0194605728474168	TRUE	1.17740177064938
CDC42	ABS	-0.561067458081906	-0.486181311071696	0.00339442177327955	TRUE	0.866529156286804
CDC42BPB	ABS	0.389078573025646	0.476770348807967	0.0054668557431906	TRUE	1.22538320499222
CDH1	ABS	-0.333305963067413	-0.307423243543349	0.0202025192134782	TRUE	0.922345465152003
CDH17	ABS	-0.285300177410978	-0.302683783091975	0.0142457743075069	TRUE	1.06093093190039
CDK10	ABS	0.416625781093904	0.512125821030137	0.00734005542036396	TRUE	1.22922258839932
CDK12	ABS	0.25482030826078	0.296089057580321	0.0254974435344924	TRUE	1.16195235615722
CDK14	ABS	0.358833298678879	0.508800211604633	0.00826380651714377	TRUE	1.4179291985384
CDK18	ABS	0.31856718436678	0.381994558211129	0.0278243852090913	TRUE	1.19910203234029
CDK2AP2	ABS	-0.584202455223795	-0.391095214871088	0.00901258303756212	TRUE	0.669451508418033
CDK5RAP2	ABS	0.278491081048767	0.357863921979183	0.0133850495762389	TRUE	1.28501035161164
CDK5RAP3	ABS	0.419418670317666	0.530521887144907	0.00146401110210582	TRUE	1.26489811896808
CDKL5	ABS	0.524741108680478	0.608800851138805	0.000309255723399565	TRUE	1.16019279044042
CDKN1B	ABS	-0.516089581745902	-0.455488261953002	0.0640106905051866	TRUE	0.882575967552204
CDX2	ABS	-0.209918799407629	-0.105357658077842	0.262795159770876	TRUE	0.50189720203789
CEACAM7	ABS	-0.596615390033768	-0.521859960242199	0.0873105757152511	TRUE	0.874700802157756
CEP104	ABS	0.247815764747724	0.268324223803545	0.0387039938904342	TRUE	1.08275687818609
CEP164	ABS	0.535743592752123	0.660638369709339	0.000654409622740197	TRUE	1.23312416358659
CEP295	ABS	0.480259328076971	0.569765866498836	0.00325335450287903	TRUE	1.18637126483365
CEP57	ABS	-0.25114079263588	-0.272526735099241	0.0727224462191033	TRUE	1.08515519218882
CEP68	ABS	0.488754512983643	0.526312591191823	0.0134950650471548	TRUE	1.07684446324373
CFDP1	ABS	-0.372683859937743	-0.300214208578755	0.0212256828018203	TRUE	0.805546579422318
CFL1	ABS	-0.497759734112033	-0.269347596147858	0.0314620678031586	TRUE	0.541119696289525
ENSG00000280441	ABS	0.7231692679517	0.727611142437428	0.0564544216079114	TRUE	1.00614223347503
CHCHD1	ABS	-0.509408066019019	-0.377320183141929	0.00865017893354226	TRUE	0.740703197125744
CHCHD10	ABS	-0.300621956949086	-0.17880160874644	0.15869732956313	TRUE	0.594772286632152
CHCHD2	ABS	-0.518098575613117	-0.382011991510054	0.00541926340278937	TRUE	0.737334572012636
CHD1L	ABS	-0.534281926210257	-0.449880166573573	0.00629141308917723	TRUE	0.842027672103082
CHD3	ABS	0.257347838416278	0.407156049295864	0.0129505819643229	TRUE	1.58212344739908
CHD4	ABS	0.137532575355026	0.182128636540612	0.0964664566865672	TRUE	1.32425816989514
CHD7	ABS	0.186212262122258	0.244976482313282	0.0571440484041202	TRUE	1.3155765335821
CHD8	ABS	0.20852426413365	0.28983361367685	0.0294994312520371	TRUE	1.38992752177313
CHDH	ABS	0.478335346977274	0.568625585157757	0.00460901152465895	TRUE	1.18875928519824
CHEK2	ABS	0.178064521049463	0.258002034536004	0.112796879591843	TRUE	1.4489244292766
CHMP1B	ABS	-0.704850260956934	-0.58976603761205	0.00278348551577308	TRUE	0.836725288022677
CHMP2B	ABS	-0.360386592368998	-0.294387478683219	0.1184574712705	TRUE	0.816865790561369
CHMP5	ABS	-0.601697509607579	-0.55147586654934	0.00525763091240547	TRUE	0.91653340381782
CHN2	ABS	0.234291409724002	0.272641041843137	0.0373151909685423	TRUE	1.1636834750549
CHP1	ABS	-0.542704996894461	-0.43749576831754	0.0105238492523331	TRUE	0.806139193154728
CHP2	ABS	-0.801352177701636	-0.64612934587603	0.000859848070482854	TRUE	0.806298858173941
CHRAC1	ABS	-0.38172776742238	-0.278185297438883	0.0448634253688164	TRUE	0.728753109362023
CHRM3	ABS	0.435665401132837	0.457555958827739	0.116283659240378	TRUE	1.05024626155297
CISD1	ABS	-0.537666507754194	-0.483373979444474	0.000309255723399565	TRUE	0.899021926181534
CISD2	ABS	-0.471795528928641	-0.430389260515684	0.00580192198547317	TRUE	0.912236835929787
CITED2	ABS	-0.703851555168663	-0.624571953746242	0.00313842025852983	TRUE	0.887363179295066
CKMT1A	ABS	-0.397198480762807	-0.236698932978426	0.0817393083767732	TRUE	0.595921043111377
CKMT1B	ABS	-0.241450270534547	-0.160851259097036	0.165620230567452	TRUE	0.666187943135981
CLASP2	ABS	0.199973491340021	0.243739296518015	0.0564003567440536	TRUE	1.21885803405601
CLASRP	ABS	0.25258002608238	0.428266609890302	0.00453015067943641	TRUE	1.69556800089418
CLEC16A	ABS	0.215633855746601	0.256711905018471	0.030466171594422	TRUE	1.19049907135243
CLTC	ABS	-0.307468521044834	-0.318474171559496	0.0244259259232539	TRUE	1.03579439767448
CMAS	ABS	-0.722477713021109	-0.690809415818102	0.00219112425085404	TRUE	0.956167094662917
CMC2	ABS	-0.405950615752767	-0.357912413422754	0.00297218035667366	TRUE	0.881664910789866
CMIP	ABS	0.27331163830375	0.312597846744879	0.0101042622930053	TRUE	1.1437414399363
CNIH1	ABS	-0.611137627961605	-0.568502687922912	0.00634055203823445	TRUE	0.930236761593459
CNKSR2	ABS	0.437338872154854	0.577545053923412	0.00558188719429708	TRUE	1.32058934317394
CNKSR3	ABS	-0.340004820966853	-0.261565664496516	0.113944884405683	TRUE	0.769299869786304
CNN3	ABS	-0.80552388036478	-0.737717838932536	0.00164780298688867	TRUE	0.915823673158469
CNNM4	ABS	-0.341479179169552	-0.240646892638318	0.0525039765421281	TRUE	0.704719078989094
CNPPD1	ABS	-0.322635989106731	-0.186307168813903	0.133852738537811	TRUE	0.577453151862332
CNTN4	ABS	-1.03806475465653	-0.991092673061578	0.00417711188941603	TRUE	0.954750335772171
CNTROB	ABS	0.306037544624458	0.428583442838471	0.0183417943877823	TRUE	1.40042766113677
COA3	ABS	-0.409145997091608	-0.244306764804802	0.0425738596717476	TRUE	0.597113906872957
COA6	ABS	-0.453825343687013	-0.376919515370869	0.0056035155757279	TRUE	0.830538709690962
COG4	ABS	0.21593215340214	0.328697356178506	0.0233771845572583	TRUE	1.5222251572991
COMMD2	ABS	-0.290735737075059	-0.209674318612906	0.0817393083767732	TRUE	0.721185227252521
COMMD6	ABS	-0.452236919162037	-0.343797091970457	0.0227010706316715	TRUE	0.760214563214983
COPA	ABS	-0.157387809463662	-0.10828813601118	0.161419521733124	TRUE	0.688033821553263
COPB2	ABS	-0.273115443183219	-0.262635184375197	0.0379152127347666	TRUE	0.961627000341421
COPS5	ABS	-0.525507627920439	-0.44441134801434	0.00346297089351183	TRUE	0.845680108912945
CORO1C	ABS	-0.250892963697606	-0.232353618674724	0.118670608014017	TRUE	0.926106556558411
CORO7	ABS	0.310823329965389	0.488712231280027	0.0101564704668194	TRUE	1.57231515193678
COTL1	ABS	-0.330376574353543	-0.240141667197496	0.0961996354680795	TRUE	0.726872562521685
COX10	ABS	-0.301327471982245	-0.259804354204709	0.0206796619752836	TRUE	0.862199362360219
COX16	ABS	-0.623751833635935	-0.527781664713067	0.00115896597599854	TRUE	0.846140462043302
COX19	ABS	0.380463023330347	0.517254783972254	0.00130096895211728	TRUE	1.35954022402628
COX4I1	ABS	-0.466874096282095	-0.276357284845013	0.0374584992208614	TRUE	0.5919310731646
COX5A	ABS	-0.597851240586748	-0.543319356215164	0.000233631602169913	TRUE	0.908786867585881
COX5B	ABS	-0.399233236908871	-0.19163676940806	0.132851220454161	TRUE	0.480012062351922
COX6A1	ABS	-0.564568033246426	-0.392496694170241	0.00742206451268933	TRUE	0.695215936887665
COX6B1	ABS	-0.309222659728485	-0.0753291900020354	0.520641479950241	TRUE	0.24360824678301
COX6C	ABS	-0.530898915066543	-0.473428155838641	0.0026134606090065	TRUE	0.891748207432862
COX7A2	ABS	-0.345649645513033	-0.221005832329892	0.0877849210558959	TRUE	0.639392619662208
COX7A2L	ABS	-0.3217242165095	-0.255452584685507	0.0362871897270564	TRUE	0.79401105535978
COX7B	ABS	-0.176196635933919	-0.149934334148009	0.431329402930818	TRUE	0.850948903498023
COX7C	ABS	-0.546708398979773	-0.439211241459535	0.0043764538280406	TRUE	0.80337386855435
COX8A	ABS	-0.438763994825801	-0.246436885187986	0.0821591664108197	TRUE	0.561661595058242
CPNE3	ABS	-0.42332121394546	-0.426943378067756	0.0209974150257344	TRUE	1.00855653816292
CPSF7	ABS	-0.164581827050477	-0.0634080084453391	0.484349343502245	TRUE	0.385267374786719
CPT1A	ABS	-0.40523320504121	-0.311266282334698	0.00545250345251866	TRUE	0.768116428916639
CRBN	ABS	-0.186692888918132	-0.270217983121321	0.0491591198577976	TRUE	1.44739301366651
CREB3L2	ABS	0.415472958826706	0.484992463536917	0.00187582822490196	TRUE	1.16732618389061
CREBBP	ABS	0.265841024750539	0.363168042433092	0.00349451452626588	TRUE	1.36610984995218
CREBZF	ABS	-0.418718141797173	-0.356777702574345	0.0493429496293926	TRUE	0.852071278887094
CRTC1	ABS	0.466632068841357	0.627623318574917	0.00325530666258062	TRUE	1.34500682761324
CRTC3	ABS	0.44068503235213	0.477299844078166	0.000404121154889122	TRUE	1.08308612509621
CRYL1	ABS	-0.318805142466303	-0.267061987775714	0.0576638680684539	TRUE	0.837696612136492
CRYZL1	ABS	-0.283227854638947	-0.264151237013583	0.0622413534988313	TRUE	0.93264568681042
CS	ABS	-0.449200802791079	-0.431779743176968	0.00619113271367394	TRUE	0.961217656990223
CSNK1E	ABS	0.369415482895778	0.431297487750093	0.00473006470287912	TRUE	1.16751329524478
CSRP1	ABS	-0.391209278168413	-0.191852882760395	0.159598247095983	TRUE	0.490409848300693
HDGFL2	ABS	0.26094151140164	0.420073577263788	0.0181731714443568	TRUE	1.60983806297195
ANKHD1-DT	ABS	0.251806563556426	0.354475363297959	0.00946848440484457	TRUE	1.40772884666498
ENSG00000268362	ABS	0.485411657939053	0.410920654197122	0.110588876379873	TRUE	0.846540554756755
LINC02086	ABS	0.264776054313097	0.300826574905933	0.0482950846511111	TRUE	1.13615476175276
CTDSP2	ABS	-0.395015293304053	-0.270225291642245	0.0793662306708496	TRUE	0.684088176389277
CTIF	ABS	0.515206309635648	0.630162089079781	0.000444831650724066	TRUE	1.22312572127742
CTNNBIP1	ABS	0.357622297021056	0.441484590172925	0.00446377210523699	TRUE	1.23449962110984
CTNND1	ABS	-0.297343705560722	-0.283696086162114	0.0233771845572583	TRUE	0.954101535887999
CTPS2	ABS	0.385710255651171	0.447216798531188	0.00391550926401034	TRUE	1.15946307358662
CUEDC1	ABS	0.679515979862464	0.791388886914758	0.000211107181296487	TRUE	1.16463616804852
CUX1	ABS	0.35905606438635	0.420245044370427	0.00966815121030226	TRUE	1.17041622758455
CWC15	ABS	-0.284386838866469	-0.199474985840196	0.0729292225132804	TRUE	0.70142129866234
CYB561D1	ABS	0.288517594266242	0.347998945070302	0.0116774177160927	TRUE	1.20616195333021
CYB5A	ABS	-0.533650740013418	-0.399744998093715	0.00941931985193725	TRUE	0.749076068148363
CYB5B	ABS	-0.327280359911295	-0.285685309298182	0.0114807189892452	TRUE	0.872906976072789
CYC1	ABS	-0.408243220641625	-0.298107415460965	0.016165310136225	TRUE	0.730220124641475
CYCS	ABS	-0.890826159552876	-0.894561251364035	7.94048578189129e-05	TRUE	1.00419284028775
CYFIP2	ABS	0.419009285125966	0.540089764205567	0.00663162075917597	TRUE	1.28896848680382
CYP2J2	ABS	-0.411294957457544	-0.341486360180956	0.0487435259470599	TRUE	0.830271205589011
CYP3A5	ABS	0.2800019331191	0.270867213817159	0.0783456810864185	TRUE	0.967376227727488
CYSTM1	ABS	-0.44480487302889	-0.351903598556737	0.0155576495574101	TRUE	0.791141509220563
DACH1	ABS	0.704709599845554	0.787588093440376	0.000216510403891864	TRUE	1.11760659087514
DAD1	ABS	-0.700447920029871	-0.54388621664478	0.00361782413083363	TRUE	0.776483448793146
DAZAP2	ABS	-0.483858270333861	-0.452522153408026	0.0129371154278039	TRUE	0.935236992220443
DBI	ABS	-0.579969481585476	-0.444577408182356	0.00297218035667366	TRUE	0.766553107185924
DBNDD2	ABS	-0.403784573021692	-0.323716628046128	0.0421241986057613	TRUE	0.801706280216746
DCP1A	ABS	0.130010406015069	0.190981186745256	0.075065266534352	TRUE	1.46896846644045
DCPS	ABS	0.321531762981616	0.393792439742123	0.0727697476350228	TRUE	1.22473884412047
DCTN2	ABS	-0.268709298172741	-0.182477643326431	0.0669237021562121	TRUE	0.679089427002724
DCTN6	ABS	-0.531225880498254	-0.476097414361587	0.00862204746200165	TRUE	0.896224058050485
DCTPP1	ABS	-0.288728308690263	-0.18296779641037	0.117082148427362	TRUE	0.633702310799911
DDAH1	ABS	-0.186206050152448	-0.179324519924814	0.199493442457379	TRUE	0.963043465977609
DDB2	ABS	0.54431993391462	0.60194563485382	0.00164780298688867	TRUE	1.10586733527242
DDC	ABS	-0.636698357585638	-0.599124291026132	0.000437419767176738	TRUE	0.940986079024946
DDRGK1	ABS	0.251946862351922	0.35287709518446	0.0182413036087494	TRUE	1.4006012692135
DDX11	ABS	0.227892064339776	0.307530729933843	0.0785347126220289	TRUE	1.34945782699712
DDX31	ABS	0.414658382789154	0.429440284836566	0.0117042497005441	TRUE	1.03564838590259
DEAF1	ABS	0.267643024882091	0.346493744925472	0.0270697390686141	TRUE	1.29461152622273
DECR1	ABS	-0.414781858232833	-0.380502574248061	0.0120235304024181	TRUE	0.917355874408736
DEDD	ABS	-0.328965206187465	-0.216730528887274	0.0632584071967629	TRUE	0.658825081834846
DEF8	ABS	0.425925803749325	0.508486338205822	0.00430362874442317	TRUE	1.1938378321523
DENND4B	ABS	0.338948739465228	0.504792579959554	0.00422446165788214	TRUE	1.48928885458015
DENND4C	ABS	0.294303171398802	0.327105077877981	0.0136604467229217	TRUE	1.11145617739447
DEPDC5	ABS	0.274431297310291	0.364035176834806	0.032625645966945	TRUE	1.32650750990403
DERA	ABS	-0.268514063875592	-0.251048282397533	0.0319961935528844	TRUE	0.934953941607502
DGKH	ABS	0.351904859081505	0.380953337730067	0.00813492112051009	TRUE	1.08254639826338
DGKZ	ABS	0.197876849214447	0.382522838240331	0.0128999623058116	TRUE	1.93313588607718
DGUOK	ABS	-0.371336816088598	-0.289526713249644	0.0118917621125679	TRUE	0.77968760625277
DHRS1	ABS	-0.363377786836801	-0.196728416852097	0.118670608014017	TRUE	0.541388119963565
DHRS11	ABS	-0.611685615555266	-0.431311394031259	0.00384435141354548	TRUE	0.705119399676794
DHRS9	ABS	-0.795232028501602	-0.639991458472264	0.0547507479660378	TRUE	0.804785817892865
DHRSX	ABS	0.251675032525389	0.341962001273394	0.0139104724162945	TRUE	1.35874424189812
DHX30	ABS	0.246347012406958	0.328715620123367	0.0101564704668194	TRUE	1.3343600838168
DHX34	ABS	0.43473126752727	0.542509853130704	0.012497876579065	TRUE	1.24792002244622
DHX37	ABS	0.412273642027932	0.495378371203049	0.00643290671920948	TRUE	1.20157662460868
DLAT	ABS	-0.334551046835534	-0.349231245815895	0.00530336453096795	TRUE	1.04388029605413
DLD	ABS	-0.688744458086341	-0.731043844151512	0.00313842025852983	TRUE	1.06141521077745
DLEU1	ABS	0.403153927539895	0.477025748751093	0.029957923932146	TRUE	1.18323477998087
DLG2	ABS	0.393069966872129	0.605751344844603	0.00760478232072415	TRUE	1.54107766020613
DLG5	ABS	0.528950585812725	0.608680025459448	0.00059905554824859	TRUE	1.15073135711575
DLGAP4	ABS	0.2180167215291	0.364477310251835	0.0188154929370953	TRUE	1.67178603409641
DMPK	ABS	0.303051651502366	0.490058866829234	0.020740071689499	TRUE	1.61708033729494
DMTF1	ABS	-0.256383194550367	-0.297926005145671	0.0327006906823316	TRUE	1.16203406259977
DMWD	ABS	0.346735552581494	0.399515056440541	0.0121231410044584	TRUE	1.15221832161743
DNAJA1	ABS	-0.393995939409821	-0.362947726034837	0.0370189138388157	TRUE	0.921196615829362
DNAJA2	ABS	-0.571494320183937	-0.549545483059251	0.00839430793446781	TRUE	0.961593954043809
DNAJB11	ABS	-0.52562013691819	-0.484290712780791	0.0262339004693233	TRUE	0.921370165953457
DNAJC15	ABS	-0.362900018311679	-0.311822118478138	0.0205020168294793	TRUE	0.859250765345313
DNAJC25	ABS	-0.287413753431418	-0.254000785468049	0.11491289559084	TRUE	0.883746106216376
DNASE1	ABS	0.412869018915134	0.545875929272603	0.00143526513674362	TRUE	1.32215279971106
DNMT3A	ABS	0.581964094183808	0.693068394549458	0.000309255723399565	TRUE	1.19091263786896
DNPH1	ABS	-0.464709261202554	-0.289339764176111	0.0436065766643477	TRUE	0.622625345204808
DOCK10	ABS	-0.587385770651657	-0.525906869781121	0.0222981846569241	TRUE	0.895334711969052
DOCK9	ABS	0.298519932798439	0.323004808396434	0.0155576495574101	TRUE	1.08202090684017
DPM1	ABS	-0.490190034852833	-0.453548076673337	0.0139513251253307	TRUE	0.925249483722171
DPP10	ABS	-0.487500065296918	-0.415779077713308	0.0124165495528536	TRUE	0.852880045175117
DPY19L3	ABS	0.345526512991245	0.381200421992644	0.00461444825222912	TRUE	1.10324506994432
DPY30	ABS	-0.345639310509594	-0.242547877732572	0.0349747141981109	TRUE	0.701736956294038
DR1	ABS	-0.380336963577124	-0.386011369385244	0.0212256828018203	TRUE	1.0149194171262
DRAM2	ABS	-0.198835053790192	-0.139242416403264	0.193813840325375	TRUE	0.70029108926734
DSC2	ABS	-0.550989438779383	-0.531924027655095	0.00768400982297509	TRUE	0.965397864673189
VPS26C	ABS	-0.260266427155647	-0.199584045528581	0.135837953409025	TRUE	0.76684514291666
DSTN	ABS	-0.396287524920707	-0.376639522816629	0.00802106845782643	TRUE	0.9504198318935
DTWD2	ABS	-0.673554879778704	-0.656365883117226	0.000168570118097302	TRUE	0.974480183905541
DUSP22	ABS	0.163021136684929	0.305122960198169	0.0163465837988588	TRUE	1.87167729536741
DUT	ABS	-0.672114630527407	-0.649087690059385	0.000366915304751246	TRUE	0.965739563725978
DYM	ABS	0.273200236083269	0.311073678639098	0.00980788973121421	TRUE	1.13862887931138
DYNC1I2	ABS	-0.165545443269338	-0.0970865341803594	0.21624885382523	TRUE	0.586464551744877
DYNLL1	ABS	-0.58376182454916	-0.466941161365466	0.00442384209264576	TRUE	0.799883003185563
DYNLL2	ABS	-0.193308010216014	-0.0399847341120216	0.690310962415108	TRUE	0.206844683090681
DYNLT1	ABS	-0.438686319590488	-0.369729435626927	0.0212216700172273	TRUE	0.842810498335276
E2F4	ABS	-0.206831924384705	-0.10065287669367	0.412152370923327	TRUE	0.486640913839087
EAPP	ABS	-0.0951183974884499	-0.0606969014802593	0.471926810965794	TRUE	0.638119470921802
EBAG9	ABS	-0.622402928501756	-0.620398447759775	0.00130360550054719	TRUE	0.996779448408435
ECH1	ABS	-0.489318033056845	-0.340071429155774	0.0191351079811223	TRUE	0.694990591356905
ECHDC2	ABS	0.234662811281286	0.332920498669653	0.00421871960576891	TRUE	1.41871861524146
ECHS1	ABS	-0.368953252187678	-0.249281540724257	0.0588108960078133	TRUE	0.675645327005963
ECI2	ABS	-0.447660280086369	-0.441500892983498	0.00852537440461271	TRUE	0.986240934528115
EDA	ABS	-0.637220606006491	-0.543082024033113	0.0325904064682794	TRUE	0.852266889855694
EDEM1	ABS	-0.347038969154812	-0.267413060356092	0.109774002051306	TRUE	0.770556289420052
EEF1D	ABS	0.673370339540652	0.728648243677333	0.00468957584581671	TRUE	1.08209138551364
EFNA1	ABS	-0.786399081563201	-0.643540376785861	0.0135202269448771	TRUE	0.818338159178205
EFNA5	ABS	-0.271397050309022	-0.332532148177589	0.0458071619845489	TRUE	1.22526073072259
EGLN1	ABS	-0.198106834059648	-0.13279339139574	0.249095727308638	TRUE	0.67031201637273
EHBP1L1	ABS	0.515950401632861	0.749298627051004	0.000347956400149917	TRUE	1.45226871551927
EID1	ABS	-0.48416496957211	-0.419974821087934	0.00391550926401034	TRUE	0.867420915352663
EIF1	ABS	-0.320923675057123	-0.227569448454307	0.0483459223571395	TRUE	0.709107698002651
EIF1AD	ABS	-0.433773280737919	-0.282726466594835	0.0622541451825419	TRUE	0.651783959846193
EIF1B	ABS	-0.558884242638293	-0.507791595423961	0.00718556214836305	TRUE	0.908580984546743
EIF2B1	ABS	-0.214958139504833	-0.137547787753386	0.183115978378969	TRUE	0.639881737301197
EIF3B	ABS	0.103336042233608	0.196090091332052	0.0694121159146982	TRUE	1.8975962993508
EIF3H	ABS	-0.348052355930926	-0.256960809577478	0.0680457506339529	TRUE	0.738282057853601
EIF3J	ABS	0.314948451473434	0.347125354218449	0.0101042622930053	TRUE	1.10216561660958
EIF3K	ABS	-0.30812211486718	-0.169894087762304	0.106397004459971	TRUE	0.551385569437427
EIF4A1	ABS	0.485348702246437	0.479745211419636	0.0635812805508549	TRUE	0.98845471142528
EIF4A2	ABS	-0.906567073915422	-0.909826640347398	0.00469066730338814	TRUE	1.00359550498332
EIF4A3	ABS	-0.24045191629234	-0.189438480322132	0.160502592243586	TRUE	0.787843504194886
EIF4EBP2	ABS	-0.338761508166031	-0.273875229572683	0.0701963416171306	TRUE	0.808460297202518
EIF4G2	ABS	-0.387379162315013	-0.415372671128636	0.0480926302614881	TRUE	1.07226384776695
EIF4H	ABS	-0.41199338515725	-0.400282408233243	0.00220630163053308	TRUE	0.971574842349624
ELK3	ABS	0.494603887518639	0.508477075959071	0.00294687933852269	TRUE	1.02804908895891
ELMOD3	ABS	0.200993627326769	0.291774985212405	0.0286605443728237	TRUE	1.45166286659451
ELP6	ABS	0.229463923969969	0.318351903233425	0.0289758246466656	TRUE	1.38737234910656
EMC4	ABS	-0.720348323526432	-0.676864438238016	0.00131053894746604	TRUE	0.939634918457862
EML2	ABS	0.390936226405656	0.449616870715449	0.00636667615642696	TRUE	1.15010285654342
ENDOD1	ABS	-0.209614177651826	-0.198763517734833	0.258298096123192	TRUE	0.948235085820309
ENGASE	ABS	0.195348384560233	0.329749494085297	0.0305208514155545	TRUE	1.6880072739154
ENY2	ABS	-0.199717762441254	-0.1114955153361	0.297551058371009	TRUE	0.55826539399016
EP400	ABS	0.277830569138843	0.352630039740533	0.0233771845572583	TRUE	1.26922692788463
EPB41L2	ABS	0.423080278275846	0.450928756385565	0.0389485523849818	TRUE	1.06582315352351
EPB41L3	ABS	-0.337330541867769	-0.278488148720751	0.0850152294710035	TRUE	0.825564584750575
EPB41L4B	ABS	-0.175411585825355	-0.143873974002808	0.120989120353461	TRUE	0.820207931681624
EPCAM	ABS	-0.513393522538586	-0.491849022338206	0.00295280711752901	TRUE	0.958035114868905
EPHA4	ABS	0.836271400751718	0.891343158710126	0.000705588674421	TRUE	1.06585392960814
EPHB2	ABS	0.608099703235174	0.686245521477869	0.00512408081105684	TRUE	1.12850823282259
EPHB3	ABS	0.81959506146548	1.02483817572953	0.0184247490488951	TRUE	1.25042014515933
EPHB4	ABS	0.408942768387301	0.530619668746983	0.0124165495528536	TRUE	1.29754016885914
EPM2AIP1	ABS	-0.526889540336796	-0.511421705457174	0.0156651078725825	TRUE	0.970643116449542
ERAP2	ABS	0.347053044650983	0.357268215804444	0.0528920804253445	TRUE	1.02943403410777
ERBB3	ABS	-0.134810833846807	-0.0985606388082729	0.264070598044697	TRUE	0.73110325035355
ERC1	ABS	0.255576108949446	0.327912457101507	0.0135620367978119	TRUE	1.28303251211313
ERCC2	ABS	0.508997769903441	0.594805649634083	0.00270243724895754	TRUE	1.16858203474432
ERCC3	ABS	0.138665310585212	0.203966659694855	0.0463663570582741	TRUE	1.47092779610164
ERH	ABS	-0.628285723359626	-0.571221575383782	0.00191471582138488	TRUE	0.909174845370184
ERICH1	ABS	0.324727624820839	0.443466242408943	0.00238024693817589	TRUE	1.36565604066982
ERMP1	ABS	-0.21830828352513	-0.224875492926298	0.0479086760403545	TRUE	1.03008227308247
ERN1	ABS	0.359719315258342	0.454229624687999	0.00103125411818839	TRUE	1.26273348530585
ESYT2	ABS	0.26142751374285	0.284087974468858	0.00954484212906764	TRUE	1.08667970865644
ETFA	ABS	-0.256938284050647	-0.206854648555997	0.032282952353152	TRUE	0.805075231666227
ETFB	ABS	-0.303596245899108	-0.186054528952068	0.223060078555225	TRUE	0.61283540710809
ETFDH	ABS	-0.303071183311164	-0.292664335065975	0.0637298400468081	TRUE	0.965662033151783
ETHE1	ABS	-0.574905619458874	-0.397632160652724	0.015665299209675	TRUE	0.691647719545675
ETNK1	ABS	-0.675551441369826	-0.63768609118246	0.169812068734401	TRUE	0.943948975801775
EVA1C	ABS	0.475149968149139	0.528837851250046	0.00642336341290486	TRUE	1.11299144838426
EVPL	ABS	0.537786071198644	0.657008854706174	0.000748473683916116	TRUE	1.22169183973434
EWSR1	ABS	-0.298686324946273	-0.206763348090558	0.0385998563166593	TRUE	0.692242432350224
EXOC4	ABS	0.289368264336879	0.266596274809642	0.0364212258204619	TRUE	0.921304467926288
EXTL3	ABS	0.324153796947376	0.447159377967364	0.00295280711752901	TRUE	1.37946672899826
EZR	ABS	-0.275292458171453	-0.161122107425368	0.176221948351173	TRUE	0.585276140492818
F2RL1	ABS	-0.775643520889451	-0.763356263243771	0.00139922955856552	TRUE	0.984158627881543
FABP1	ABS	-0.808821528521189	-0.552084047808117	0.0109728609987661	TRUE	0.68257832950802
VCF2	ABS	-0.333485255986086	-0.250453153187766	0.0996775066537794	TRUE	0.751017170001109
FAM107B	ABS	-0.367113287912198	-0.342052528557368	0.117714623110551	TRUE	0.931735624451643
PHETA1	ABS	0.215875637526996	0.337801615900998	0.023922362621675	TRUE	1.56479730538725
FAM118A	ABS	0.58958712891055	0.626066267338391	0.0123897475381369	TRUE	1.06187234530586
FAM120A	ABS	-0.178247512758895	-0.261039345749457	0.0608939655913628	TRUE	1.4644767924619
FAM120AOS	ABS	-0.169119486452932	-0.117918358149969	0.273912743037197	TRUE	0.69724879505702
PABIR2	ABS	-0.466974043679414	-0.35018619517904	0.0215299232677116	TRUE	0.749905053436865
RTL8A	ABS	-0.297515802228007	-0.14869170926678	0.213795540442725	TRUE	0.499777518213392
FAM162A	ABS	-0.532646245619254	-0.415603744981115	0.00941931985193725	TRUE	0.780262225443708
FAM168A	ABS	0.318360708433074	0.409101120882948	0.00580075965350755	TRUE	1.28502390542
FAM174B	ABS	0.254977183369657	0.327317873716876	0.0458510331794622	TRUE	1.28371436765909
FAM182B	ABS	0.750391627649174	0.73690253066439	0.00998276304429232	TRUE	0.982023923924841
FAM193A	ABS	0.239043551963151	0.312565117922013	0.0129960135534795	TRUE	1.30756556851278
FAM193B	ABS	0.44165049759858	0.533506265587853	0.00166717679541053	TRUE	1.2079829378405
PRXL2B	ABS	-0.262998408443336	-0.176781673403948	0.0830366996666769	TRUE	0.672177730847508
SHLD2	ABS	0.238854955217013	0.252439746550664	0.0980318416682774	TRUE	1.05687464729927
TENT5C	ABS	-0.235105273791881	-0.314370745457744	0.148167793572069	TRUE	1.33714884565299
TLCD3A	ABS	0.435349356960105	0.509260636293011	0.0315764943723158	TRUE	1.16977463765883
FAM83H	ABS	0.250170404694608	0.35751809195396	0.00725031391835483	TRUE	1.42909826760042
FAM89B	ABS	0.240938717355672	0.339765604970393	0.011253331494626	TRUE	1.41017437421165
CIAO2A	ABS	-0.544326919407136	-0.467534091931879	0.00146401110210582	TRUE	0.858921496002996
FAM98B	ABS	-0.303995639452429	-0.292627767018741	0.0426378327424499	TRUE	0.962605146395639
FBXL18	ABS	0.393726864199447	0.449792821249761	0.0316058067759561	TRUE	1.14239809916022
FBXL20	ABS	0.169149367304276	0.236351325432241	0.0621327540774904	TRUE	1.39729358258301
FBXO16	ABS	0.647448029389301	0.704743632484346	0.00483060293834405	TRUE	1.08849452078662
FBXO28	ABS	0.203946211568317	0.22880193804819	0.0346326003437299	TRUE	1.12187393082095
FBXO3	ABS	-0.285960172777759	-0.270473512420211	0.0785347126220289	TRUE	0.945843296263553
FBXO34	ABS	0.427621618687391	0.42642590142503	0.00275301399685994	TRUE	0.997203796042793
FBXO38	ABS	-0.398155641616381	-0.378668166087307	0.00692858644399324	TRUE	0.951055633796971
FBXO42	ABS	0.171689369142801	0.251166418518805	0.0694121159146982	TRUE	1.46291188425243
FBXO7	ABS	-0.266677431458332	-0.184463499292206	0.153224297718489	TRUE	0.691710199410063
FBXW8	ABS	0.37943365558658	0.390403371917901	0.0467688670227412	TRUE	1.02891076257946
FCGRT	ABS	-0.58748306800134	-0.364216263226199	0.0169959058700876	TRUE	0.619960443226541
FDPS	ABS	0.365590968592462	0.44404613909045	0.0264968294997567	TRUE	1.21459821833139
FERMT1	ABS	0.362015611351954	0.242915388954423	0.0529091097302788	TRUE	0.671008048650861
FGD5-AS1	ABS	-0.576304279235154	-0.564395537661243	0.00446754057126685	TRUE	0.979336017442529
FGGY	ABS	0.218740878329482	0.25129884438848	0.087977451109115	TRUE	1.14884262286795
FH	ABS	-0.735329432807942	-0.662538590130737	0.000400574730203785	TRUE	0.901009208349999
FKBP1A	ABS	-0.848203680252229	-0.785659809967812	0.00216997310407627	TRUE	0.926263146764679
FKBP4	ABS	-0.376941563067312	-0.316913921622301	0.0190634256407556	TRUE	0.840750802441249
FMNL2	ABS	0.387754516630472	0.425825989315459	0.0218581000114188	TRUE	1.09818447252613
FMR1	ABS	-0.394974769769839	-0.344804936859305	0.022548039689527	TRUE	0.872979651485666
FNBP4	ABS	0.284719534869554	0.323432311015206	0.0183109280071532	TRUE	1.13596810687187
FOCAD	ABS	0.160634245584576	0.229089757807314	0.0391232405548466	TRUE	1.42615764760258
FOXA1	ABS	-0.705357889919725	-0.840677714809859	0.000569944118901611	TRUE	1.19184562450352
FOXD2	ABS	-0.363412058453164	-0.239730171543655	0.0598608073333833	TRUE	0.659664878936733
FOXK2	ABS	0.196256269462528	0.29186574769019	0.0260953064296076	TRUE	1.4871664914935
FPGS	ABS	0.234817328224367	0.362932862086759	0.0110742315618227	TRUE	1.54559659132131
FTX	ABS	0.456250522229908	0.458545390822304	0.00354114960435468	TRUE	1.00502984321241
FUCA1	ABS	-0.472476024035876	-0.440689756976574	0.0272256614975444	TRUE	0.932724063355035
FCSK	ABS	0.443260864629058	0.547747739988472	0.00322472031100123	TRUE	1.23572321334268
FUT8	ABS	0.326999026705051	0.397040716550138	0.0250989449013736	TRUE	1.21419540770763
FXR2	ABS	0.193999902674677	0.282519957005752	0.0618362670939992	TRUE	1.45628916876065
FZD5	ABS	-0.590765418710252	-0.566576087803197	0.00167284453573409	TRUE	0.95905425378509
FZR1	ABS	0.200110665235829	0.336923743681056	0.0513519541517893	TRUE	1.68368709026075
GABARAPL2	ABS	-0.800117961516654	-0.740829934931941	0.00150178132424931	TRUE	0.925900892822941
GABPB1-AS1	ABS	0.541453626728498	0.581267852964275	0.0134070158082638	TRUE	1.07353210740565
GABPB2	ABS	0.320768116708738	0.376562033852992	0.0156505516640318	TRUE	1.17393847529714
GABRB1	ABS	0.429618501107481	0.491168446293786	0.0123289844643469	TRUE	1.14326651442533
GALNT11	ABS	0.383641091887206	0.428697659488134	0.00165726012230903	TRUE	1.11744458180766
GALNT12	ABS	-0.284563032027307	-0.226346960829499	0.104861776499817	TRUE	0.795419416278144
GALNT6	ABS	1.53929716184419	1.57092117541707	1.29365569542317e-06	TRUE	1.02054444999755
GARNL3	ABS	0.4250580288145	0.499726480883748	0.00464362510166988	TRUE	1.17566649023782
GCA	ABS	-0.406911255341061	-0.377190427189819	0.0439248906867413	TRUE	0.92695992612362
GCN1	ABS	0.151044557541473	0.227139845005739	0.024739687034112	TRUE	1.50379364012088
GCNT2	ABS	-0.580490327396772	-0.470735670874807	0.0722124531990468	TRUE	0.810927673826774
GDF15	ABS	0.593001396991023	0.720491755564851	0.0100049656419918	TRUE	1.21499166649646
GFM1	ABS	-0.241430685534916	-0.239875629194037	0.0910414405438317	TRUE	0.993558994634698
GGA3	ABS	0.141314047531917	0.234911210666046	0.0796703105264202	TRUE	1.66233445838418
GGCT	ABS	-0.799699737409695	-0.704176278817998	0.000748473683916116	TRUE	0.880550844119186
GGH	ABS	-0.418687743942978	-0.313264384194786	0.170087983142206	TRUE	0.748205288372259
GHITM	ABS	-0.875492987265979	-0.838830763339933	0.000309255723399565	TRUE	0.958123909089739
GID8	ABS	-0.208560574258916	-0.150066985657097	0.175107353476941	TRUE	0.719536691871579
GLG1	ABS	0.288948837157089	0.321723988622382	0.00930828039046841	TRUE	1.11342890937981
GLO1	ABS	-0.323992109513447	-0.366184676202329	0.0174732599446255	TRUE	1.13022714272963
GLOD4	ABS	-0.446190666478879	-0.42775044985094	0.00498062033360981	TRUE	0.958671890711071
GLRX2	ABS	-0.940198555830251	-0.81940203766878	5.91900360513623e-05	TRUE	0.87152020452233
GLRX5	ABS	-0.54613524226919	-0.464766610982375	0.00880717941994696	TRUE	0.851010107041018
GLT8D2	ABS	-0.612879256678273	-0.556161773770181	0.0048348432700902	TRUE	0.907457329824648
GLTP	ABS	-0.23554476316172	-0.183810007891814	0.0564971088701555	TRUE	0.780361258830508
GMDS	ABS	0.507963446880414	0.499587426893746	0.0079864724340709	TRUE	0.983510585184606
GMEB1	ABS	0.266998232090976	0.386139008784863	0.015665299209675	TRUE	1.44622309204389
GMNN	ABS	-0.438975665973447	-0.51767649820978	0.0209824938007578	TRUE	1.17928290412593
GNA11	ABS	-0.435336666600293	-0.22347174785782	0.163528332085417	TRUE	0.513330865518392
GNAI2	ABS	0.202466602510762	0.338943215972098	0.0649786460004149	TRUE	1.67406975653716
GNAI3	ABS	-0.286600474753695	-0.284237876671909	0.0566263459950751	TRUE	0.991756475337953
GNAS	ABS	-0.317089931652913	-0.27675787551743	0.00634055203823445	TRUE	0.872805623548999
GNG10	ABS	-0.655782187610567	-0.581884014386194	0.0126072642948582	TRUE	0.887312930084863
GNG12	ABS	-0.236283117353403	-0.208046648474647	0.106580388827824	TRUE	0.880497306811291
GNG5	ABS	-0.532101766210911	-0.420079958804759	0.00678190858163505	TRUE	0.789472964534853
GNL1	ABS	0.271709304203633	0.409704857673279	0.00666305143212484	TRUE	1.50787938187875
GOLGA8A	ABS	0.698473704101815	0.621565514027749	0.0138581945824094	TRUE	0.889891073031927
GOLM1	ABS	-0.135567215547293	-0.0828709534006927	0.384938991891261	TRUE	0.611290517889135
GON4L	ABS	0.183350790289293	0.260253198688474	0.0697778415729954	TRUE	1.41942774436829
GOT1	ABS	-0.327390539909664	-0.269774607793314	0.00634055203823445	TRUE	0.824014670270413
GPAT3	ABS	-0.223882966354241	-0.181516063921056	0.223760600584865	TRUE	0.810763171834387
GPBP1	ABS	0.262715298127872	0.283936485553917	0.0368351306887626	TRUE	1.08077636733479
GPCPD1	ABS	0.280733100765351	0.332685290629186	0.0266236529522072	TRUE	1.18505901057695
GPD1L	ABS	-0.26292729460284	-0.188125605677342	0.0652555726710363	TRUE	0.71550428403225
GPR35	ABS	0.174992021794764	0.279752582694842	0.028770084223932	TRUE	1.59865906928571
GPX2	ABS	0.363033015235744	0.469531340041569	0.0511390782543246	TRUE	1.29335713374903
GRAMD1A	ABS	1.28335216276779	1.34157211727707	0.00064569686420958	TRUE	1.04536553270282
GRAMD2B	ABS	-0.151977855367465	-0.119789089388769	0.324162448044887	TRUE	0.788200946112401
GRB7	ABS	0.277196802176332	0.42894628378539	0.0138581945824094	TRUE	1.54744311773311
GRIN2D	ABS	1.22517358951016	1.35081982735013	8.3342180462625e-06	TRUE	1.10255382495651
GRINA	ABS	0.528075742614123	0.730035068789625	0.00236317975534389	TRUE	1.38244386151075
GRK6	ABS	0.172162517647638	0.291280481752531	0.0238782203462265	TRUE	1.69189255438684
GRSF1	ABS	-0.390583797659571	-0.39626505363463	0.00880717941994696	TRUE	1.0145455495315
GSKIP	ABS	-0.350928687071405	-0.369375238319512	0.0346326003437299	TRUE	1.05256495672112
GSR	ABS	-0.231223290930496	-0.1976626395249	0.0394603337515892	TRUE	0.854856094857311
GSTM4	ABS	-0.319734539245544	-0.252795113568935	0.0370189138388157	TRUE	0.790640617574313
GSTO2	ABS	0.165339689173327	0.221917026930659	0.0653751186133634	TRUE	1.34218848505287
GTF2A2	ABS	-0.60305097833677	-0.506281900390047	0.00356910371805476	TRUE	0.839534166392343
GTF2I	ABS	0.391072668981343	0.437534183334093	0.0198361390071671	TRUE	1.11880532197193
GTF2IRD1	ABS	0.918034603827051	1.01418999954884	0.000233631602169913	TRUE	1.10474049161213
GTF2IRD2	ABS	0.530375089049648	0.607253370616099	0.00167284453573409	TRUE	1.14495077757933
GTF2IRD2B	ABS	0.54676948568287	0.640623510686788	0.00155328595745209	TRUE	1.17165190717749
GTF3C2	ABS	0.135357414726235	0.190137580096998	0.0482785538245924	TRUE	1.40470753287921
GTF3C5	ABS	0.208245127097827	0.277687295148488	0.0474379752944882	TRUE	1.33346359177009
GTF3C6	ABS	-0.399536272566897	-0.329157241694523	0.0343571426415296	TRUE	0.823848206771789
GUCA2A	ABS	-1.34105409114081	-0.928074164478518	0.0364212258204619	TRUE	0.692048270542929
GUSBP11	ABS	0.387832405114711	0.478471088307254	0.0225603626829369	TRUE	1.23370580177728
GXYLT2	ABS	-0.41509695058968	-0.382602716339902	0.10730339266173	TRUE	0.921718928063391
H1-0	ABS	-0.449098698553718	-0.362697383797446	0.0129371154278039	TRUE	0.807611745403584
H2AZ2	ABS	-0.4275013023144	-0.305635090000468	0.00865017893354226	TRUE	0.714933705104114
MACROH2A1	ABS	-0.429455074760648	-0.389250510427545	0.00776887057131128	TRUE	0.906382374558013
H2AZ1	ABS	-0.4362503146452	-0.320651275211507	0.0377902740576778	TRUE	0.735016719637879
H3-3B	ABS	-0.371466485860557	-0.338128821615265	0.0206911869380377	TRUE	0.910253911148781
HADH	ABS	-0.686875872410417	-0.624269772047914	0.000149233949416103	TRUE	0.908853836803435
HADHA	ABS	-0.276260987155015	-0.225779587805723	0.00580536220230501	TRUE	0.817269170471162
HADHB	ABS	-0.387936348005839	-0.341213706588169	0.00883487174893943	TRUE	0.879561062896414
HCFC1	ABS	-0.271347034229644	-0.173310442691218	0.163462899946587	TRUE	0.638704024104215
HDAC4	ABS	0.391577657079388	0.469705676043452	0.00545250345251866	TRUE	1.19952113597795
HDAC7	ABS	0.974683082783648	1.0738070299923	0.000108088305428993	TRUE	1.10169864334319
HDDC2	ABS	-0.417509767003362	-0.326996307632428	0.0273807890059154	TRUE	0.783206366594521
HEBP2	ABS	-0.323496217869286	-0.223641418134674	0.104090968576087	TRUE	0.691326222011782
HECA	ABS	-0.290635004266845	-0.251141766858008	0.0392745641953216	TRUE	0.864113968279691
HECTD4	ABS	0.276421025196252	0.340837502842122	0.0162473298159213	TRUE	1.23303754698159
HELB	ABS	0.520327799900257	0.593462953739915	0.00313704739790151	TRUE	1.14055592235064
HELZ2	ABS	0.576724830502502	0.661528643443948	0.00169569559273096	TRUE	1.14704380400538
HEPACAM2	ABS	-0.784891276706965	-0.723440869035599	0.0522732544552601	TRUE	0.921708382428222
HERPUD1	ABS	-0.307932518749211	-0.263673962205613	0.11128089315613	TRUE	0.856271897741195
HIGD1A	ABS	-0.849687469967805	-0.822215953070795	0.0184247490488951	TRUE	0.967668680699681
HIGD2A	ABS	-0.459928202448556	-0.248238993588602	0.0918946184308454	TRUE	0.539734228662283
HINT1	ABS	-0.479017995648074	-0.402173042790603	0.00287101849286861	TRUE	0.839578150391812
HINT3	ABS	-0.704795778667655	-0.679263571923587	0.00122808295033358	TRUE	0.963773610006102
HIP1R	ABS	0.162396932307739	0.222421798772434	0.135533784719259	TRUE	1.36961822869258
HIPK1	ABS	-0.238231029013403	-0.18497465314197	0.137814347384601	TRUE	0.776450716382386
HLA-C	ABS	-0.471775233442269	-0.391451911863531	0.0228413896511854	TRUE	0.829742394502853
HM13	ABS	0.239835991615139	0.328549097188176	0.0124611538510317	TRUE	1.36989071146333
HMGB2	ABS	-0.630525709448408	-0.51678194866114	0.0106682828400631	TRUE	0.81960488036757
HMGB3	ABS	-0.743221117599432	-0.59007583211498	0.00331975938865199	TRUE	0.793943845434447
HMGCS2	ABS	-0.584006550606184	-0.458890859289078	0.00952776401414027	TRUE	0.785763205588638
HMGN1	ABS	-0.55560578163404	-0.524637341643519	0.00642336341290486	TRUE	0.944261847132976
HMGN2	ABS	-0.631624185801047	-0.5487413883919	0.00147998024381678	TRUE	0.868778303186677
HMGXB4	ABS	0.255063233668544	0.302503497175391	0.027799899130642	TRUE	1.18599412712102
HNRNPA2B1	ABS	-0.539657157270865	-0.479525646985317	0.00202363484439402	TRUE	0.88857460801661
HNRNPA3	ABS	-0.385935149845091	-0.371732553276458	0.00500595377748094	TRUE	0.963199525686289
HNRNPAB	ABS	-0.323238818484351	-0.285500333865613	0.0180184302737842	TRUE	0.883248909287283
HNRNPD	ABS	-0.381136176952738	-0.357709479956527	0.00748194283700071	TRUE	0.938534575270413
HNRNPF	ABS	-0.526098290062552	-0.455007036688898	0.00402125555875807	TRUE	0.864870776589672
HNRNPH2	ABS	-0.901579868407909	-0.827908799966226	0.00155290299987778	TRUE	0.91828669758146
HNRNPH3	ABS	-0.460141622524824	-0.410025569224714	0.00776282718838834	TRUE	0.891085590073073
HNRNPK	ABS	-0.545172972959357	-0.513458246413372	0.0207678637143126	TRUE	0.941826304459248
HNRNPL	ABS	-0.172097256398652	-0.0899425046537956	0.301832832256853	TRUE	0.522626022842861
HNRNPM	ABS	-0.190501329631648	-0.102376015908547	0.209008716370258	TRUE	0.537403156746995
HNRNPR	ABS	-0.283672687740871	-0.322977334188163	0.0193263694146712	TRUE	1.13855632969218
HOOK2	ABS	0.132290116256959	0.209921406003907	0.0774095795137951	TRUE	1.58682607547307
HOXA3	ABS	-0.140569514938	-0.180296438524453	0.309177850305772	TRUE	1.28261407606034
HOXB-AS4	ABS	0.53949367366482	0.62463961810541	0.00317058006768527	TRUE	1.15782565875553
HOXB5	ABS	0.159781093178144	0.285472591658765	0.0492174179623575	TRUE	1.7866481320195
HPGD	ABS	-0.656147514794522	-0.579842148930166	0.0104613191748086	TRUE	0.883706995540093
HPRT1	ABS	-0.432117226720827	-0.357784592445564	0.0433761375145834	TRUE	0.827980395876959
HS3ST4	ABS	-0.729536085900763	-0.587723489404262	0.00216344927940387	TRUE	0.805612636253072
HSBP1	ABS	-0.471834469008883	-0.33656947024152	0.0124165495528536	TRUE	0.713321074122679
HSD17B11	ABS	-0.394742037124757	-0.40398551997251	0.00446377210523699	TRUE	1.0234165150362
HSD17B2	ABS	-0.543177925213005	-0.433724874054847	0.0696530726776884	TRUE	0.798495030674826
HSF1	ABS	0.362302390038588	0.485088903896923	0.0119589711426401	TRUE	1.3389061657729
HSH2D	ABS	0.51335730852388	0.72706760132245	0.000148314201051234	TRUE	1.41629930898048
HSPA1A	ABS	-0.783992866057755	-0.645629689847169	0.00175402091346275	TRUE	0.823514750961531
HSPA1B	ABS	-0.566933366056907	-0.527265168329283	0.00242043265178237	TRUE	0.930030229119303
HSPA5	ABS	-0.608435262227917	-0.646013198697378	0.00565850508788123	TRUE	1.06176160193586
HSPA9	ABS	-0.396115554814822	-0.396563797378776	0.00634055203823445	TRUE	1.00113159546124
IFT25	ABS	-0.169222152253039	-0.102076544827847	0.325485714382662	TRUE	0.603210297640056
HSPE1	ABS	-0.502113084090868	-0.411886276118249	0.012497876579065	TRUE	0.820305801956974
HSPG2	ABS	0.411482818183649	0.495947414358948	0.00953127767896869	TRUE	1.20526882883747
HTATSF1	ABS	-0.405623348108326	-0.361417108375614	0.0616846543375093	TRUE	0.891016530633965
HUNK	ABS	0.307348388850122	0.382334909741426	0.00369613986662009	TRUE	1.24397889695095
ICA1	ABS	0.355143345267787	0.388831082574815	0.00446377210523699	TRUE	1.09485673251635
IDH1	ABS	-0.501060728734717	-0.481774338998646	0.00865017893354226	TRUE	0.961508877806543
IDNK	ABS	0.197307845992951	0.24391636297786	0.117023231144715	TRUE	1.23622231924104
IER3IP1	ABS	-0.478766704804277	-0.414034164793499	0.043588785937694	TRUE	0.864793145886699
IER5	ABS	-0.400468878458977	-0.350142602112227	0.0219133786910218	TRUE	0.874331617127384
IFITM2	ABS	0.83938348142994	1.00481984479436	0.00219112425085404	TRUE	1.19709270795107
IFITM3	ABS	0.329176632364965	0.439001038487148	0.0850152294710035	TRUE	1.33363366449541
IGHMBP2	ABS	0.258307720146251	0.361817837271576	0.0265076433594765	TRUE	1.40072405527299
IKBKB	ABS	0.31772325312409	0.393718372120356	0.00468957584581671	TRUE	1.2391865192397
IL15RA	ABS	0.249501866230859	0.290286193863607	0.0646004138731778	TRUE	1.16346301632474
IL18	ABS	0.170591522704335	0.256289850296635	0.0720920104711438	TRUE	1.50235982558659
IL1R2	ABS	-0.56427142689555	-0.537460051381581	0.0207664910279907	TRUE	0.9524849669219
IL1RAPL1	ABS	-0.568007343406359	-0.439976542435217	0.00391550926401034	TRUE	0.774596574397547
IMPA2	ABS	-0.437210795207047	-0.334202893395637	0.00734005542036396	TRUE	0.764397624805606
IMPACT	ABS	-0.397928452070725	-0.455925607002776	0.0328338294097618	TRUE	1.14574769567305
BPNT2	ABS	-0.732339606238638	-0.689883046351483	0.00139211873751268	TRUE	0.942026131694261
INO80	ABS	0.251147835447527	0.320551709546885	0.0179536212435994	TRUE	1.27634669427147
INO80D	ABS	0.191728639212795	0.329054379995412	0.0431498969509547	TRUE	1.71625053693831
INPP4B	ABS	0.235798051338159	0.271136925611824	0.164081807972543	TRUE	1.14986923799038
INPP5A	ABS	0.177503468878012	0.275470999814484	0.0571440484041202	TRUE	1.55191896561638
INPP5B	ABS	0.37392439859334	0.459576456380721	0.0361982351285903	TRUE	1.22906250062738
INPP5D	ABS	1.467684854141	1.62917486891516	0.000211343417905571	TRUE	1.11003044306039
INTS1	ABS	0.349284653591942	0.446183795064792	0.00400187519996661	TRUE	1.27742169739314
INTS3	ABS	0.340361122401794	0.344469562224576	0.0256258145159596	TRUE	1.01207082581521
INTS9	ABS	0.286511280516829	0.352109130630376	0.00993276180849989	TRUE	1.22895381290125
IPO8	ABS	-0.250748412460702	-0.227295913435555	0.104445786041358	TRUE	0.906469999969301
IQCK	ABS	0.479166170239003	0.512612564971813	0.00685468755703396	TRUE	1.06980124393199
IRF2BPL	ABS	-0.495741052009199	-0.427464532734284	0.0232784886959421	TRUE	0.862273824210854
IRF3	ABS	0.143055283184591	0.259546485136026	0.0576719503741877	TRUE	1.81430898152235
IRF6	ABS	-0.512687674153328	-0.500756002180627	0.00845426845398953	TRUE	0.976727211177048
ISCA1	ABS	-0.604899989828371	-0.563164975154641	0.00155328595745209	TRUE	0.931005099395733
ISCA2	ABS	-0.519086665071935	-0.403556387590362	0.00815260051202405	TRUE	0.777435474160056
ISCU	ABS	-0.403993753829509	-0.323942693380623	0.0139431208237863	TRUE	0.80185074722054
ISOC1	ABS	-0.741898940811654	-0.66741120902979	0.00294687933852269	TRUE	0.899598546804269
ITGA3	ABS	0.292582026682773	0.420332328107968	0.00287101849286861	TRUE	1.4366307215573
ITGA6	ABS	0.479593975125222	0.441507452583858	0.00714551973293532	TRUE	0.920585902832871
ITGB4	ABS	0.389132931117626	0.480091552188407	0.00196075749832344	TRUE	1.23374691216582
ITM2B	ABS	-0.803686334927437	-0.750814577457839	0.00297218035667366	TRUE	0.934213442269898
ITM2C	ABS	-0.387113774029634	-0.230518761976952	0.197794654721963	TRUE	0.595480650500712
ITPA	ABS	0.176413704273282	0.260480244658654	0.0389485523849818	TRUE	1.47653066824755
ITPR2	ABS	0.238163290752174	0.297898880174722	0.0205020168294793	TRUE	1.25081778654422
IWS1	ABS	-0.227982101071785	-0.134078118091159	0.153224297718489	TRUE	0.5881080903318
JAG1	ABS	0.310482216313256	0.321376653713558	0.0275250466959997	TRUE	1.03508876459871
JAGN1	ABS	-0.300986540023787	-0.193411605020613	0.189586524548986	TRUE	0.642592206964895
JPH1	ABS	0.546767600603433	0.561456066105778	0.0155398419034158	TRUE	1.02686418413625
JTB	ABS	-0.286119274812046	-0.207591502993151	0.108978960553551	TRUE	0.725541832613407
KANSL1L	ABS	0.541916479297838	0.558233781285468	0.00234256683907051	TRUE	1.03011036314816
KAT7	ABS	-0.261007144732464	-0.18444619773547	0.213243049368829	TRUE	0.706671068045016
KBTBD11	ABS	-0.241040992349893	-0.230229875762601	0.0727224462191033	TRUE	0.95514822403486
KCNG3	ABS	-0.39585858272322	-0.308636563379254	0.264929508622055	TRUE	0.779663690139185
KCNN4	ABS	0.598418981576532	0.682609723582001	0.00266393835405591	TRUE	1.14068862218185
KCNQ1	ABS	0.206905554992933	0.284888578379252	0.0365523216210723	TRUE	1.37690154519526
KCNQ1OT1	ABS	0.623574142469389	0.617883507756464	0.00502856623840921	TRUE	0.990874165034506
KCTD10	ABS	-0.292709946110724	-0.233223094378575	0.0597426980526799	TRUE	0.796772017751501
KCTD20	ABS	0.326379063133913	0.379247991508681	0.00347946474135031	TRUE	1.16198627407995
KCTD7	ABS	0.248733945376799	0.323284490442513	0.0266874087471261	TRUE	1.29972002797117
KDELR2	ABS	-0.306093916745513	-0.25575748739954	0.0323724683265429	TRUE	0.835552336743031
KDM2B	ABS	0.30801708170615	0.394128483328818	0.0171140355263688	TRUE	1.27956696799309
KEAP1	ABS	0.349086268422533	0.455471520708262	0.0019290323532036	TRUE	1.30475347187521
KIAA0319L	ABS	0.18165236234742	0.285211386946246	0.00869879508476707	TRUE	1.57009456557886
KIAA0930	ABS	0.18744820538582	0.319540218409459	0.0193327501116711	TRUE	1.7046853969701
MYORG	ABS	-0.56469638789332	-0.485648075917422	0.00473428131623005	TRUE	0.860016260647958
KIAA1191	ABS	-0.455209802024787	-0.369885243108726	0.0304505114686807	TRUE	0.812559926133982
KIAA1549	ABS	0.707964647020522	0.806551528326364	0.00134899548916526	TRUE	1.13925396094388
KIF13A	ABS	0.619857614906463	0.62119251494039	0.00138290482976682	TRUE	1.00215355914298
KIF2A	ABS	0.24941925515448	0.256604388060216	0.0360106354636716	TRUE	1.02880745073706
KIF9-AS1	ABS	0.363641555548136	0.40897530366738	0.0380616143189324	TRUE	1.12466602737663
KLF4	ABS	-0.716478957490337	-0.674583587966567	0.00822419359677765	TRUE	0.941526029360973
KLHDC10	ABS	0.248455249623419	0.305787261202194	0.00941931985193725	TRUE	1.23075387485542
KLHDC4	ABS	0.395323293481409	0.484664596146125	0.00346297089351183	TRUE	1.22599554374328
KLHL18	ABS	0.375437693253186	0.479908201774262	0.00130360550054719	TRUE	1.27826323887683
KLHL22	ABS	0.726859454394745	0.824182567383953	0.000309255723399565	TRUE	1.13389536642988
KLHL29	ABS	0.949401680516794	0.997286489275675	4.20856246076376e-05	TRUE	1.05043682746887
KLHL42	ABS	0.370665228298694	0.402800073493651	0.0172139829157246	TRUE	1.08669506266464
KLHL9	ABS	-0.560397988793662	-0.503246084520026	0.0343571426415296	TRUE	0.898015507877421
KMT2B	ABS	0.320859956993154	0.398083901223307	0.0283733965790861	TRUE	1.24067803584416
KMT2D	ABS	0.300781908615304	0.394547459294368	0.00917440425733092	TRUE	1.31173933003726
KNOP1	ABS	0.303164801523557	0.34577559686791	0.0619944951484438	TRUE	1.14055324077931
KPNA4	ABS	0.193792145138012	0.258443917700045	0.0184247490488951	TRUE	1.33361399924641
KPNA6	ABS	0.196585415772485	0.255917495998733	0.0101042622930053	TRUE	1.3018132346853
KRAS	ABS	-0.264702818383357	-0.272852747960485	0.0333956303179195	TRUE	1.03078897922925
KRT10	ABS	-0.32419612750982	-0.217870809913537	0.1305188217101	TRUE	0.672033967792962
L1TD1	ABS	0.68377160950525	0.924361031052898	0.0693153022886288	TRUE	1.35185640673459
LAMB1	ABS	0.405214980106621	0.450210593599931	0.00717642402430058	TRUE	1.11104133781399
LAMP2	ABS	-0.298685463834979	-0.218755896803112	0.124895375998028	TRUE	0.732395524021793
LAMTOR3	ABS	-1.01841932183831	-0.988834944686627	0.000404121154889122	TRUE	0.970950691412373
LAMTOR5	ABS	-0.337750391567104	-0.247442385958227	0.0531575502445078	TRUE	0.732619094267032
LAP3	ABS	-0.81968672236173	-0.754143150174297	0.000309255723399565	TRUE	0.920038265352665
LAPTM4A	ABS	-0.583978476736735	-0.602194222162008	0.0239857016939443	TRUE	1.03119249450264
LARP1	ABS	0.163230096915195	0.216272761782037	0.0259535431532052	TRUE	1.32495640123525
LARP4	ABS	0.151585713481282	0.200276362696912	0.101849134905138	TRUE	1.32120869505055
LARP7	ABS	-0.282781398198009	-0.312482294235609	0.0547507479660378	TRUE	1.10503129352519
LARS2	ABS	0.136607709507528	0.188902555935571	0.101253939540499	TRUE	1.38281035980009
LBR	ABS	-0.315165805682324	-0.376946312581261	0.0847974879510493	TRUE	1.19602541197382
LCN2	ABS	1.85192107608215	1.97789741412765	8.22862427626903e-06	TRUE	1.06802467970828
LDHA	ABS	-0.680396872598563	-0.661762222030613	0.00924872781236316	TRUE	0.972612086682908
LDLRAD4	ABS	0.318909166769515	0.384062002318601	0.00784007867813404	TRUE	1.20429903664755
LEO1	ABS	-0.402394902780184	-0.358915639636457	0.0182413036087494	TRUE	0.89194877260292
LEPROT	ABS	-0.374687257593811	-0.306186348031397	0.0230306352770873	TRUE	0.817178438353317
LETMD1	ABS	0.242441316723061	0.288753019025063	0.0152320279922251	TRUE	1.19102231801069
LGALS3	ABS	-0.715007584729568	-0.622062955749974	0.000748473683916116	TRUE	0.870008890864076
LGALS4	ABS	-0.509828138365455	-0.342346718578178	0.0136407204529312	TRUE	0.671494358227786
LGALS9	ABS	-0.264385046709124	-0.0912143277130335	0.470200811248269	TRUE	0.345005622853502
LIMCH1	ABS	0.556789264610708	0.669906188076188	0.00254319064473162	TRUE	1.20315931117057
LIMS1	ABS	0.126082225064912	0.165865214512139	0.182055222368647	TRUE	1.31553210158486
LIN7C	ABS	-0.742160358940779	-0.731561672957419	0.000377494133664034	TRUE	0.985719142964619
LIN9	ABS	0.242197451311238	0.350824468915589	0.0483459223571395	TRUE	1.44850603099352
LINC-PINT	ABS	1.1935670071028	1.33852395760887	0.00117325247028695	TRUE	1.12144852332835
LINC00467	ABS	0.252990264518627	0.337676064837849	0.011787668989574	TRUE	1.33473936430066
CIBAR1-DT	ABS	-0.487742590444083	-0.396279611186948	0.0493429496293926	TRUE	0.81247694778129
LINC00667	ABS	-0.230475914174846	-0.227159671582951	0.0694416040808975	TRUE	0.985611326876528
TMEM238L	ABS	-0.40247831353046	-0.31442945355478	0.0437087693228013	TRUE	0.781233281357864
LINC00685	ABS	0.467627707116122	0.556319961662868	0.00881789332112312	TRUE	1.1896642418682
CCDC200	ABS	0.408697589158125	0.604872016024737	0.00468957584581671	TRUE	1.4799989823055
LINC00963	ABS	1.27607241314101	1.35651600763814	7.82894100070968e-07	TRUE	1.06303999182861
SLC12A2-DT	ABS	0.408107456475733	0.406057008819188	0.0200889428177091	TRUE	0.994975716262937
CHASERR	ABS	-0.805188357465599	-0.722578651707664	0.00130360550054719	TRUE	0.897403253546839
LINS1	ABS	-0.415484696269135	-0.388879950168492	0.0133591503017621	TRUE	0.935966964994038
LIPG	ABS	0.9756167753802	1.04329094052606	0.00130096895211728	TRUE	1.06936552020591
LITAF	ABS	-0.346171438887744	-0.238066752673638	0.10839724766637	TRUE	0.687713444640469
LMBRD1	ABS	-0.315125143347358	-0.312396502513228	0.0217571091233535	TRUE	0.991341088162165
LMF1	ABS	0.309140810331513	0.376802064667247	0.0294874337027805	TRUE	1.21886872284244
LMO7	ABS	-0.630635865395088	-0.598915646449395	0.00367288588058557	TRUE	0.949701213194051
LONP1	ABS	0.256015604771322	0.331875336131834	0.0341645809282518	TRUE	1.29630901377387
LPAR1	ABS	-0.202339828194992	-0.147169602597119	0.179691182363697	TRUE	0.727338774130488
LPIN1	ABS	0.712387583187453	0.763412652269853	0.000309255723399565	TRUE	1.07162543296178
LPXN	ABS	-0.366693534137809	-0.345624212017307	0.0135620367978119	TRUE	0.942542422598093
LRG1	ABS	0.371560880387216	0.442542559333025	0.00693164455090945	TRUE	1.19103646990995
LRP1	ABS	0.376349954562819	0.528047745072092	0.00356910371805476	TRUE	1.40307641510277
LRP5L	ABS	0.379693127134191	0.492501933158907	0.0194605728474168	TRUE	1.29710520934672
LRRC19	ABS	-1.03433400665923	-0.945749070954414	0.000598809393434396	TRUE	0.914355580369117
LRRC59	ABS	-0.280441674966338	-0.22650734183708	0.0867227311000659	TRUE	0.807680748106599
LRRC61	ABS	0.234728140191949	0.365249397017189	0.0225379166637265	TRUE	1.55605287341563
LRSAM1	ABS	0.589660928662904	0.68119954326582	0.000309255723399565	TRUE	1.15523940989356
LSM3	ABS	-0.386273491498421	-0.278496983666821	0.0564886231769849	TRUE	0.720983939608393
LSM6	ABS	-0.601916242141081	-0.514733930316015	0.001943752319582	TRUE	0.855158731861182
LTBP1	ABS	0.526887078068298	0.581917966142836	0.00158509763717352	TRUE	1.10444531734636
LUC7L	ABS	0.183184912373003	0.308359762366078	0.0389485523849818	TRUE	1.68332510779159
LYN	ABS	0.431215107647432	0.460228433648186	0.00210771584266238	TRUE	1.06728272151465
LYPD8	ABS	-0.846776877114922	-0.523653668611424	0.113575164144745	TRUE	0.618408086904285
MAD1L1	ABS	0.261746573308299	0.362650041927376	0.0104378334142619	TRUE	1.3855006288859
MAD2L1BP	ABS	-0.33321432550477	-0.20889992729641	0.112164274473236	TRUE	0.626923608341141
MAGEF1	ABS	-0.510634437909732	-0.390032932665093	0.0228413896511854	TRUE	0.763820266924578
MAGOH	ABS	-0.520042345058905	-0.431419136873129	0.00486296717029423	TRUE	0.829584630890514
MAL2	ABS	-0.439394870482066	-0.36995251295597	0.112796879591843	TRUE	0.841959107419917
MAML3	ABS	0.227179206725852	0.274128022313886	0.0231384737235092	TRUE	1.20665982712357
MAN1B1	ABS	0.290509141164527	0.407934136355681	0.00542846166089559	TRUE	1.40420413182335
MANBA	ABS	0.355238840239582	0.408146858503976	0.00354114960435468	TRUE	1.14893646828908
MAOA	ABS	-0.350425494909094	-0.331276277253606	0.00541926340278937	TRUE	0.945354382219092
MAP1LC3B	ABS	-0.334782942004403	-0.262496936271113	0.0874142034974374	TRUE	0.784080977063822
MAP2K5	ABS	0.404418810778691	0.409217391128247	0.00354501009453049	TRUE	1.01186537377012
MAP2K7	ABS	0.282096532316349	0.427470680809611	0.00676165611706377	TRUE	1.51533475899036
MAP3K3	ABS	0.401596605577468	0.556792380825992	0.00196126498242202	TRUE	1.38644692981247
MAP3K5	ABS	0.502352232405068	0.486111034138381	0.00167284453573409	TRUE	0.967669700224221
MAP4	ABS	0.296938722289562	0.367173711725071	0.00851543947751916	TRUE	1.23653024736538
MAP7	ABS	0.128362875653729	0.134147562698487	0.225138717345337	TRUE	1.04506510948199
MAPK1	ABS	-0.153221356519492	-0.113419194038473	0.231873533820845	TRUE	0.740230974420623
MAPK10	ABS	0.332153243197527	0.429029255632817	0.0423211547686032	TRUE	1.29166059467822
MAPK1IP1L	ABS	-0.332117746358708	-0.288417295413142	0.0176402229292962	TRUE	0.868418801992089
MAPK8IP3	ABS	0.575760732051166	0.666916313405394	0.00103125411818839	TRUE	1.15832198390724
MAPK9	ABS	-0.193466387547586	-0.124876498934054	0.148211394628207	TRUE	0.645468706564538
MAPKBP1	ABS	0.639429505210667	0.701668375634383	0.0010048954104667	TRUE	1.09733499927128
MAPRE1	ABS	-0.64639553463652	-0.61406446758172	0.00349857899464068	TRUE	0.949982533414343
MARCKS	ABS	-0.532806815024279	-0.484515455921141	0.00758382601867624	TRUE	0.909364224065082
MARK4	ABS	0.682192899396333	0.894447996829094	0.000309255723399565	TRUE	1.31113648004924
MAT2B	ABS	-0.658965061505658	-0.639738407343837	0.0165108233070173	TRUE	0.970822953620803
MBD2	ABS	-0.147572858827438	-0.109335538408297	0.226021404288311	TRUE	0.740891917911188
MCRIP1	ABS	0.40734445173101	0.558659555626784	0.0079864724340709	TRUE	1.37146720239532
MCTS1	ABS	-0.25647314797833	-0.150680406870743	0.152043484811906	TRUE	0.5875094841643
MCUR1	ABS	-0.273591856725147	-0.202328584238989	0.0611559427380398	TRUE	0.739527070216312
MDH1	ABS	-0.631378542685299	-0.557865824262978	0.00162529986825938	TRUE	0.883567917734952
MDK	ABS	0.238428615382076	0.441134262869833	0.117569989848711	TRUE	1.85017331985477
ME1	ABS	0.48995991033066	0.588052148179682	0.0232698352272623	TRUE	1.2002046203797
MECOM	ABS	0.461146893428389	0.39932382088356	0.0247917603055721	TRUE	0.865936270143324
MECR	ABS	0.259709196533713	0.323982488119704	0.0413292016325612	TRUE	1.24748176977879
MED30	ABS	-0.474497966961172	-0.413901125108257	0.0200088101523695	TRUE	0.872292726055296
MED4	ABS	-0.310826087593038	-0.3264288082937	0.0152683903673012	TRUE	1.05019759062531
MED6	ABS	-0.283428454352873	-0.222600493277261	0.0400190151755118	TRUE	0.785385129328333
MEP1A	ABS	-0.624984210480328	-0.541418504920632	0.0203730531623577	TRUE	0.866291493195528
METTL16	ABS	0.326435568290035	0.401857725441167	0.0064663975562439	TRUE	1.23104760779046
TMT1A	ABS	-0.406855784099184	-0.363962580622853	0.029957923932146	TRUE	0.894573937122951
MFN2	ABS	-0.301871888280603	-0.203884999591202	0.0403954387037715	TRUE	0.67540240581025
MFSD14CP	ABS	0.297647550007189	0.341378175681645	0.0157499953862776	TRUE	1.14692083194839
MGAT4A	ABS	-0.186167802740047	-0.146099867309303	0.198087572498722	TRUE	0.7847751606829
MGAT4B	ABS	-0.356977289403048	-0.211926036351085	0.0948601606117289	TRUE	0.593668120191837
MGST1	ABS	-0.656220517285182	-0.649795390559717	0.000650837612281416	TRUE	0.990208890828275
MGST2	ABS	-0.430371977217685	-0.345896027924562	0.00883487174893943	TRUE	0.803714103694083
MGST3	ABS	-0.419027256986278	-0.321005892730722	0.0130861808345554	TRUE	0.76607401399006
MIB1	ABS	0.202976570589497	0.282606543978514	0.028906716878299	TRUE	1.39231115767574
MICALL1	ABS	0.304447131163715	0.492730763173523	0.00205671476322858	TRUE	1.61844442839752
MIEN1	ABS	-0.380412838274519	-0.234053935623854	0.093396015249114	TRUE	0.615262977678353
MIER1	ABS	-0.251750593793905	-0.255634933417123	0.0294886428820525	TRUE	1.01542931662913
MIR194-2HG	ABS	-0.26358750846179	-0.0617091742531639	0.649031852425306	TRUE	0.234112665707409
MIRLET7BHG	ABS	0.374070550174293	0.443443947628123	0.00882604301679922	TRUE	1.18545538380797
MKRN1	ABS	-0.256432365028817	-0.213845016749533	0.0493080751549943	TRUE	0.833923661412636
MLKL	ABS	0.340610465436891	0.367006094567942	0.0322791752485276	TRUE	1.07749506198288
AFDN	ABS	-0.166297293645489	-0.0722235128894214	0.499391808470347	TRUE	0.434303597528092
MMADHC	ABS	-0.858220983437774	-0.783937928305997	0.00297218035667366	TRUE	0.913445305387173
MNT	ABS	0.227593825114524	0.31022365704381	0.0184247490488951	TRUE	1.36305832061879
MOB1A	ABS	-0.526604915503417	-0.490617851979337	0.00346297089351183	TRUE	0.931662119998106
MOCOS	ABS	0.17914240947256	0.243709947267051	0.133081275097886	TRUE	1.36042575281082
MORF4L1	ABS	-0.213606621578775	-0.196077789643809	0.177042723688482	TRUE	0.917938723971151
MORF4L2	ABS	-0.275517467649156	-0.330873694241599	0.0403126067445385	TRUE	1.2009173032286
MPC1	ABS	-0.722481215400361	-0.714398253685886	0.000309255723399565	TRUE	0.988812218861641
MPC2	ABS	-0.734858931162682	-0.639799597869506	0.000309255723399565	TRUE	0.870642746162485
MPHOSPH6	ABS	-0.304285748963511	-0.295355535066514	0.0177354961372796	TRUE	0.970651882556393
MPLKIP	ABS	-0.560454528815976	-0.480631991531959	0.0014574952958271	TRUE	0.857575355037899
MPRIP	ABS	0.178401720566977	0.245140680978592	0.015665299209675	TRUE	1.37409370380237
MRFAP1	ABS	-0.571781533357914	-0.493354374284214	0.00385770168190438	TRUE	0.862837194805647
MRPL11	ABS	-0.242136995940661	-0.104852268572022	0.401435821298685	TRUE	0.433028699991462
MRPL3	ABS	-0.430704018179242	-0.403909630028687	0.0265957220089621	TRUE	0.937789323944956
MRPL33	ABS	-0.369501416698086	-0.31424010476399	0.0425738596717476	TRUE	0.850443572238726
MRPL34	ABS	-0.597442720639789	-0.530593092662355	0.000248638058729875	TRUE	0.888107050821798
MRPL35	ABS	-0.412417951430245	-0.356000051763632	0.00748194283700071	TRUE	0.863202124274758
MRPL4	ABS	0.227809011577521	0.312996893910899	0.0522732544552601	TRUE	1.37394430423745
MRPL47	ABS	-0.576913219235084	-0.521112451380712	0.00278020296291856	TRUE	0.903277016379765
MRPL51	ABS	-0.36782058659822	-0.265041493010786	0.0528920804253445	TRUE	0.720572753858112
MRPS16	ABS	-0.410023445135692	-0.288285537784976	0.029957923932146	TRUE	0.703095252735052
MRPS30	ABS	-0.58855246608262	-0.522291831154513	0.00290929003001454	TRUE	0.887417624176932
MRPS33	ABS	-0.473032594543352	-0.34127487797054	0.0149339411854372	TRUE	0.721461653821116
KGD4	ABS	-0.199463129211966	-0.156702951396712	0.0844183206138905	TRUE	0.785623648921031
MRPS6	ABS	-0.572750652884077	-0.46364620678797	0.0335084548317055	TRUE	0.809507949843946
MRTO4	ABS	0.24507010294737	0.305416392095543	0.105741369039646	TRUE	1.2462409262591
MSH5	ABS	0.374102930582555	0.436738969025283	0.0460647322326338	TRUE	1.16742995930342
MSI2	ABS	0.423610960639343	0.452408485830688	0.0046144956946803	TRUE	1.06798106722234
MSL1	ABS	-0.202737493781196	-0.139158060390459	0.245369070693419	TRUE	0.686395287793413
MST1R	ABS	0.221378985975466	0.342612137468148	0.0438871464274729	TRUE	1.54762718764155
MT-RNR1	ABS	-0.277564363917647	-0.14439943174096	0.308876188496609	TRUE	0.520237647595868
MT-TP	ABS	-0.37207234061796	-0.24781886161683	0.239742838649496	TRUE	0.666050212722714
MT-TY	ABS	0.519734891065658	0.723654605013782	0.00148139794050563	TRUE	1.39235332753976
MT1E	ABS	-0.280303564509154	-0.140748369811838	0.501073368892758	TRUE	0.50212836236423
MT1G	ABS	-0.449659301164474	-0.247280167500846	0.292740534827244	TRUE	0.549927838388907
MTCH1	ABS	-0.245478391661952	-0.136956700685692	0.244116621407387	TRUE	0.557917541167104
MTCH2	ABS	-0.394903140079074	-0.349443399528379	0.00197437916464898	TRUE	0.884883821026107
MTDH	ABS	0.224750757040822	0.275123612840775	0.0377902740576778	TRUE	1.22412763571161
MTF1	ABS	0.317888936267321	0.355494230154282	0.011670837872212	TRUE	1.11829695719683
MTG2	ABS	0.304110988777211	0.414867766421299	0.00205028547067463	TRUE	1.36419853846593
MTHFD1L	ABS	0.35225150496545	0.433843744589229	0.00167284453573409	TRUE	1.23163063457112
MTMR11	ABS	-0.437434298667772	-0.349534944945931	0.020192901685529	TRUE	0.799057014985925
MTX2	ABS	-0.20046990225783	-0.212956837684823	0.0884761969257544	TRUE	1.06228833000045
MUC20	ABS	0.496893022191429	0.622010429251736	0.00638253095212455	TRUE	1.25179948494448
MMUT	ABS	-0.415889559476801	-0.491126731313926	0.00565394986352639	TRUE	1.1809066136014
MXI1	ABS	-0.464867876419652	-0.392466291627297	0.0501783554423985	TRUE	0.844253413787199
MYL12A	ABS	-0.864940783039885	-0.776820383587359	0.00130360550054719	TRUE	0.89811973122273
MYL12B	ABS	-0.513328364099392	-0.429376887592072	0.0144029843545803	TRUE	0.836456579494475
MYL6	ABS	-0.504358661300394	-0.224023246866806	0.0890584347031936	TRUE	0.444174481487448
MYO10	ABS	0.17507695937769	0.211409287882068	0.0726880050110803	TRUE	1.20752204421142
MYO1F	ABS	0.455489404774518	0.558477802217995	0.012497876579065	TRUE	1.2261049244262
MYO5B	ABS	0.155519344541854	0.205868582346398	0.0378657895601768	TRUE	1.32374903554839
MYPOP	ABS	0.495492509790904	0.625430316955427	0.00172079074778627	TRUE	1.26223970009023
MYRF	ABS	0.80958226906915	0.99537015555928	8.22862427626903e-06	TRUE	1.22948611103322
NAA20	ABS	-0.376051763020016	-0.318791873292538	0.0163465837988588	TRUE	0.847734021328254
NAA25	ABS	0.196133668865744	0.244120312031417	0.0808097103794689	TRUE	1.2446629558463
NAAA	ABS	-0.210356402739489	-0.123976630457247	0.249325020265585	TRUE	0.58936466322246
NACA	ABS	-0.648299084800922	-0.527285574628112	0.00201233911232209	TRUE	0.813336910370665
NACC2	ABS	0.301258184278114	0.378737791121991	0.0130857177010767	TRUE	1.25718672848519
NAGLU	ABS	0.291138559402064	0.395501601338237	0.0109716828931575	TRUE	1.35846520004259
NARF	ABS	0.33124990867248	0.42723757021067	0.00709690949082315	TRUE	1.28977415246051
NARS1	ABS	-0.507294389918705	-0.537696427129469	0.00178463230097291	TRUE	1.05992977216964
NAT8L	ABS	0.389830483370951	0.614584952985622	0.0155232087124124	TRUE	1.57654411135622
NAT9	ABS	0.456082198388167	0.504751802167917	0.0124221271664147	TRUE	1.10671235130806
NAV2	ABS	0.315445346379549	0.373113166317372	0.0307346550773458	TRUE	1.18281398219911
NBAS	ABS	0.221133034834787	0.304467347717425	0.0103364249963687	TRUE	1.37685148645881
NBEAL2	ABS	0.682500990489613	0.84979272928428	0.00166334031186501	TRUE	1.2451157450697
NBPF1	ABS	-0.148528228892407	-0.0533031038358859	0.674074288013616	TRUE	0.358875240305319
NBPF10	ABS	-0.678123413484077	-0.655534743248751	0.00550118524595639	TRUE	0.966689440614845
NCBP1	ABS	-0.478232739197538	-0.515284203206717	0.00131863018247228	TRUE	1.0774757999031
NCBP2AS2	ABS	-0.321607881896259	-0.221179858470479	0.0772083217374403	TRUE	0.687731460952892
NCOA4	ABS	-0.313413947318571	-0.300354885789578	0.0744558568776659	TRUE	0.958332864121968
NCOR2	ABS	0.237831979926509	0.371586511527079	0.00678190858163505	TRUE	1.56239085947104
NCR3LG1	ABS	0.491633168955054	0.525775309489029	0.00941931985193725	TRUE	1.06944637321063
NDE1	ABS	0.290212910835612	0.386628757083454	0.0398424996823667	TRUE	1.33222452429918
NDFIP2	ABS	-0.411921468232668	-0.412029660146589	0.0176624766054484	TRUE	1.00026265179716
NDRG1	ABS	-0.860224893434706	-0.717073498811493	0.00636257179633591	TRUE	0.83358840726913
NDRG2	ABS	-0.340943033532853	-0.236466016270772	0.0467396717293319	TRUE	0.693564592948299
NDUFA1	ABS	-0.379967613394846	-0.197688389195881	0.0852295044226121	TRUE	0.520276945262837
NDUFA10	ABS	-0.224514195858546	-0.140558418617757	0.15659198471684	TRUE	0.626055818342618
NDUFA12	ABS	-0.509248683087135	-0.423250652955894	0.00674121610871686	TRUE	0.831127633733074
NDUFA2	ABS	-0.3132870198107	-0.0887261461623781	0.481403516757041	TRUE	0.283210412662452
NDUFA3	ABS	-0.343652193732254	-0.211514920607889	0.114944133634206	TRUE	0.615491256757944
NDUFA5	ABS	-0.555828334728826	-0.572233289444739	0.00550118524595639	TRUE	1.02951442683093
NDUFA6	ABS	-0.541809887873763	-0.459904929663743	0.00275301399685994	TRUE	0.848830816780694
NDUFA8	ABS	-0.368619669673502	-0.252919430745971	0.0294223171494161	TRUE	0.686125705038988
NDUFAB1	ABS	-0.676870513951559	-0.608374262184132	0.000172056435963301	TRUE	0.898804497528564
NDUFAF3	ABS	-0.304135616370504	-0.143434411498839	0.245829621179714	TRUE	0.471613332271169
NDUFB1	ABS	-0.372384992621455	-0.204988321770403	0.0625463779769694	TRUE	0.55047417546921
NDUFB2	ABS	-0.289125797908918	-0.182352111782703	0.0932432697895337	TRUE	0.630701629192385
NDUFB3	ABS	-0.476575176468278	-0.376520019398037	0.0172539722042342	TRUE	0.790053779528105
NDUFB4	ABS	-0.428504430629021	-0.30823243509563	0.0203254327109131	TRUE	0.719321465692108
NDUFB5	ABS	-0.927288442924473	-0.862626910868551	0.000525916278200652	TRUE	0.930268157066648
NDUFB6	ABS	-0.603318771745813	-0.486804929214055	0.0014574952958271	TRUE	0.806878472893186
NDUFB9	ABS	-0.492246153866486	-0.318322252308212	0.0231740570091333	TRUE	0.646672909087984
NDUFC1	ABS	-0.370643774681575	-0.278306624846048	0.0145840918617501	TRUE	0.750873598471053
NDUFC2	ABS	-0.450753879144034	-0.357656147097482	0.00818393106484685	TRUE	0.793462161161338
NDUFS1	ABS	-0.158939740276792	-0.132683386052544	0.135005746008057	TRUE	0.834803088399899
NDUFS2	ABS	-0.451220100293781	-0.275843449771243	0.0171415277670141	TRUE	0.611327929743481
NDUFS3	ABS	-0.34988156622815	-0.22119619700204	0.0727870601652523	TRUE	0.632203060557363
NDUFS4	ABS	-0.257612768554697	-0.168103029356008	0.0491432965620953	TRUE	0.652541526955858
NEBL	ABS	0.975896812381738	1.04844968774184	2.33575504226277e-05	TRUE	1.07434482256688
NEDD9	ABS	-0.453089855971438	-0.376666719799279	0.0294583832887076	TRUE	0.831328962312994
NEK6	ABS	0.311703495780526	0.368789394575235	0.0126072642948582	TRUE	1.18314167010467
NET1	ABS	-0.615386802524034	-0.605589222145882	0.004561186566296	TRUE	0.984078988470395
NFAT5	ABS	0.375672691476053	0.405437297459437	0.006796067889341	TRUE	1.0792301560873
NFATC3	ABS	0.287382099758367	0.331167304124876	0.0441313817210726	TRUE	1.15235884351643
NFE2L1	ABS	-0.22777397574461	-0.109913108242589	0.360699843790454	TRUE	0.482553407970665
NFIA	ABS	0.351101327955485	0.322196387681771	0.0283869611922466	TRUE	0.917673509120482
NFIX	ABS	0.368578087914443	0.459074441972152	0.00695466173135833	TRUE	1.24552830736567
NFKBIA	ABS	-0.490330482341921	-0.39985837019362	0.0152351352319896	TRUE	0.815487481593664
NIF3L1	ABS	-0.420602468439067	-0.309478159685896	0.0469009482129267	TRUE	0.735797297705899
NIPSNAP3A	ABS	-0.683278725240405	-0.603906630143082	0.00226472579210502	TRUE	0.883836431363502
NKAIN2	ABS	0.503439171320513	0.674445542496051	0.0119243507309809	TRUE	1.33967633215149
NLRC5	ABS	0.37596827661295	0.428021707856426	0.027067247719484	TRUE	1.13845165797609
NMRAL1	ABS	0.280119640144364	0.359887801768883	0.0130857177010767	TRUE	1.28476461551717
NNT	ABS	-0.233973157012698	-0.244108498078336	0.0579289018499718	TRUE	1.04331839256709
NOC2L	ABS	0.380716720507505	0.448858754954768	0.0211127786530161	TRUE	1.17898356120642
NOD1	ABS	0.42247500263482	0.481698831907633	0.0119691589009454	TRUE	1.14018303782107
NOL10	ABS	0.148883156979346	0.182618977285613	0.10759239783661	TRUE	1.22659259106755
NOL3	ABS	1.02732529112775	1.10625157481318	4.83407505762215e-07	TRUE	1.07682696451363
NOL4L	ABS	-0.59641452480356	-0.504809008895521	0.00410740665385697	TRUE	0.846406296127327
NOL7	ABS	-0.512729189161633	-0.463044970254263	0.00167284453573409	TRUE	0.903098516804535
NOMO1	ABS	0.127177133956238	0.196022996456888	0.0446401273739893	TRUE	1.54133837081389
NOMO3	ABS	0.289879537105853	0.344471552041735	0.0491591198577976	TRUE	1.18832655619961
NOP10	ABS	-0.225474407936504	-0.130246961230498	0.303622019098765	TRUE	0.577657404325803
NORAD	ABS	-0.57951692760654	-0.584884235678282	0.00808276688855108	TRUE	1.00926169334502
NOXA1	ABS	0.547629143498399	0.615248124095529	0.00446377210523699	TRUE	1.12347586208645
NPAS2	ABS	0.146388574023848	0.234061228719951	0.0915078638148786	TRUE	1.59890367319119
NPC2	ABS	-0.211266626553278	-0.108535048322449	0.473673922632267	TRUE	0.513734942868879
NPIPA2	ABS	0.562945411912033	0.698449438222529	0.00130360550054719	TRUE	1.24070544575585
NPIPB11	ABS	0.291495901982975	0.424210178227798	0.02237489959567	TRUE	1.45528693659842
NPIPB3	ABS	0.260464669184237	0.342572612525791	0.0310670903555496	TRUE	1.3152363950117
NPRL3	ABS	0.486826937180596	0.572317958171011	0.00692858644399324	TRUE	1.17560864952446
NPTN	ABS	-0.370552114621596	-0.408446837230522	0.0124611538510317	TRUE	1.1022655683604
NR1H3	ABS	-0.212177479508395	-0.0957535996220923	0.47321919445512	TRUE	0.451290117329835
NR5A2	ABS	-0.119160918970965	-0.131127077271617	0.192121400928085	TRUE	1.10042015791744
NRAS	ABS	-0.738460336237064	-0.745414741130105	0.00692858644399324	TRUE	1.00941743862437
NRF1	ABS	0.259459064407544	0.29135007093696	0.0254090054185187	TRUE	1.12291344147963
NSA2	ABS	-0.367868823696464	-0.352096673661578	0.0123897475381369	TRUE	0.957125613754374
NSD1	ABS	0.289595229559357	0.346396715790119	0.00941931985193725	TRUE	1.19614095963249
NSL1	ABS	-0.24196403731174	-0.248355026077991	0.0781743135982008	TRUE	1.02641296961836
NSUN5	ABS	0.185356048412397	0.318500824570802	0.0303794246367864	TRUE	1.71831902599786
NT5DC3	ABS	0.836153358487921	0.857866533207343	0.000366915304751246	TRUE	1.02596793339285
NT5E	ABS	-0.485335953283222	-0.474825099819484	0.0243930587382047	TRUE	0.978343138618449
NUDCD3	ABS	0.163650924010209	0.277112283361948	0.0240206151197567	TRUE	1.69331328275703
NUDT16L1	ABS	-0.162557989585203	-0.061696135303478	0.56137315905467	TRUE	0.37953308515261
NUDT2	ABS	0.184137580030976	0.313319357485768	0.0130857177010767	TRUE	1.70155031598145
NUDT9	ABS	-0.533046531343715	-0.479098955345335	0.00130360550054719	TRUE	0.898793871029631
NUP160	ABS	0.332513434293412	0.417876940710118	0.00565850508788123	TRUE	1.2567219775589
NUP188	ABS	0.359484898058263	0.42635173167879	0.0138295674322086	TRUE	1.18600735102282
NUP50	ABS	-0.25083610644471	-0.206473083094151	0.210617072969201	TRUE	0.823139403735172
NUP50-DT	ABS	0.239121824913165	0.338864601536923	0.129156035032385	TRUE	1.41712117520004
NUP98	ABS	0.187105985904829	0.284633463325733	0.00851439060889057	TRUE	1.52124188838358
NXF1	ABS	0.272354676987492	0.305306940575122	0.0177851240392386	TRUE	1.12099026149326
NXPE4	ABS	-0.606538201287309	-0.581497722479707	0.00354114960435468	TRUE	0.958715743287964
OAT	ABS	-0.354042135676775	-0.326417649375309	0.12449162825116	TRUE	0.921974015187034
OCIAD1	ABS	-0.38733476264851	-0.375539683034214	0.0164186790310336	TRUE	0.969548099598279
OCLN	ABS	-0.168862584770176	-0.173492356036624	0.199493442457379	TRUE	1.02741738954635
OGFR	ABS	0.474212445649259	0.567107617722178	0.00321279300873509	TRUE	1.19589357665578
OIP5-AS1	ABS	-0.337986078111539	-0.341680638183759	0.0145840918617501	TRUE	1.01093110134258
OLFM4	ABS	2.00210376068734	2.20705665189403	0.0162728253326993	TRUE	1.10236876591068
OPA3	ABS	0.314833785598901	0.412863265875476	0.0110599748941656	TRUE	1.31136899773986
OSBP2	ABS	0.752195830589616	0.829819353567347	0.000251270363289623	TRUE	1.10319589636237
OSBPL10	ABS	0.305798757991242	0.329220444181181	0.015403466738068	TRUE	1.07659182903094
OSBPL3	ABS	0.526109970228725	0.604839269627733	0.00750033833639549	TRUE	1.14964418820039
OSTC	ABS	-0.554306153226493	-0.499370832839283	0.00367288588058557	TRUE	0.900893540388388
OTUD5	ABS	0.271357696574811	0.359783921855009	0.00453100957925478	TRUE	1.32586591939846
OVOL2	ABS	0.172984055892766	0.232776860520366	0.0808097103794689	TRUE	1.34565500455525
OXNAD1	ABS	-0.344516713483842	-0.431914832059444	0.00404536210348981	TRUE	1.25368324715457
P4HB	ABS	0.188905182386121	0.2514776960044	0.0906670352551944	TRUE	1.33123767610769
P4HTM	ABS	0.29828684883621	0.373158007789562	0.0173789708192869	TRUE	1.25100388852364
PAAF1	ABS	0.301488060316625	0.368854786990145	0.0184247490488951	TRUE	1.22344741149209
PABPC1	ABS	-0.52598421693546	-0.559341097054107	0.00636667615642696	TRUE	1.06341802480879
PACS1	ABS	1.36711481058301	1.45704420454051	2.24167949518833e-07	TRUE	1.06578042550731
PACS2	ABS	0.260853171479728	0.346873802798273	0.0274538733425717	TRUE	1.32976647679068
PADI2	ABS	-0.282170986536636	-0.151168690768181	0.215841315616087	TRUE	0.535734352505988
PAG1	ABS	-0.307552448981971	-0.257921588759321	0.134768470075146	TRUE	0.838626353368562
PAN2	ABS	0.221112795858548	0.32087849259444	0.022664030240473	TRUE	1.45119820564213
PANK1	ABS	-0.242700379043353	-0.247643666247161	0.118277500906012	TRUE	1.02036785942936
PANK3	ABS	-0.534407080235442	-0.533061109237844	0.00331381646486346	TRUE	0.99748137506523
TENT4B	ABS	0.192316395198971	0.193886837500704	0.173889157325141	TRUE	1.00816593041955
TENT4A	ABS	0.162636852793559	0.222931803603433	0.0782714164383433	TRUE	1.37073363001195
PAPOLA	ABS	-0.232367468078986	-0.228917644225002	0.0601461041684096	TRUE	0.985153585041382
PAQR5	ABS	-0.264426516537552	-0.131316822814972	0.270714788741543	TRUE	0.49660988820054
PARK7	ABS	-0.439987125426249	-0.305543067052566	0.0193327501116711	TRUE	0.694436380965836
PARP9	ABS	0.196243479864743	0.30955173444726	0.0377820793896356	TRUE	1.57738608518669
PATJ	ABS	0.28660270137012	0.323754530786922	0.0159761073931549	TRUE	1.12962832952793
PBDC1	ABS	-0.262732235066068	-0.224412806708655	0.0579580563185122	TRUE	0.854150259301922
PBX4	ABS	0.645633623269221	0.698346125097524	0.0014574952958271	TRUE	1.0816446045071
PBXIP1	ABS	0.289670692081338	0.407038292588298	0.0349747141981109	TRUE	1.40517595916816
PCGF2	ABS	0.458958239970872	0.601876305646639	0.00219112425085404	TRUE	1.31139666581613
PCGF3	ABS	0.184861262050417	0.284535256499644	0.0185085848699752	TRUE	1.53918270027846
PCGF5	ABS	-0.25444892517668	-0.158895902413046	0.213865946921533	TRUE	0.624470715695555
PCK1	ABS	-1.22900958458464	-1.15297368315571	0.00110632596055516	TRUE	0.938132377173749
PCK2	ABS	-0.363443694805037	-0.230354907099423	0.0802448181231496	TRUE	0.633811812921925
PCMT1	ABS	-0.335189506393874	-0.2946221483842	0.0183553047597375	TRUE	0.878971873415379
PCNA	ABS	-0.610349968912134	-0.513708346094107	0.00887541809277164	TRUE	0.841661951764694
PCNX2	ABS	0.517690207861698	0.636335147317923	0.000748473683916116	TRUE	1.22918134755974
PCSK6	ABS	0.423106506231873	0.569598518324526	0.000233631602169913	TRUE	1.34622963706536
PCSK7	ABS	0.381157456820053	0.441879704869283	0.00391550926401034	TRUE	1.15931014063277
PCTP	ABS	-0.417270926060547	-0.402398010205757	0.0129314729925128	TRUE	0.964356692676374
PDCD11	ABS	0.232041470029151	0.302055189684505	0.0850152294710035	TRUE	1.30172934021905
PDCD4	ABS	-0.154579600171691	-0.13749579482534	0.270241634380746	TRUE	0.889482148178825
PDCD6IP	ABS	-0.278355792243463	-0.257125983729785	0.0323062305975941	TRUE	0.923731393039922
PDE3A	ABS	-0.185307630755611	-0.150876020576007	0.195341903098423	TRUE	0.814192162302191
PDE4A	ABS	0.66505775341791	0.764430963048933	0.000825940573092465	TRUE	1.14942042118946
PDE8A	ABS	-0.129014297498895	-0.0957691691175915	0.416003683090184	TRUE	0.742314386654795
PDHA1	ABS	-0.270640724381421	-0.189538924004395	0.0425738596717476	TRUE	0.700334084745031
PDIA6	ABS	0.4707222063658	0.49657975663364	0.0339506026946603	TRUE	1.05493165590694
PDLIM1	ABS	-0.436794955271799	-0.358107619543946	0.00843904263101011	TRUE	0.819852920052868
PDPR	ABS	0.121009659578763	0.212901175464224	0.0397921423176317	TRUE	1.75937339387068
PDZD11	ABS	-0.864283956518593	-0.73125382898348	0.000172056435963301	TRUE	0.84608053113589
PDZK1IP1	ABS	0.597845372177426	0.702105493673601	0.00321279300873509	TRUE	1.17439312295159
PES1	ABS	0.265405754007955	0.372985045743709	0.0315691892429812	TRUE	1.40533895784539
PEX11A	ABS	-0.434793962992076	-0.335331919933526	0.0283733965790861	TRUE	0.771243274920166
PEX11B	ABS	-0.502108290367786	-0.435486889900033	0.00862204746200165	TRUE	0.867316669041744
PEX16	ABS	0.226074389144552	0.351161499183728	0.0183109280071532	TRUE	1.55330066582285
PEX2	ABS	-0.620338058801796	-0.618968662650386	0.00329615111014953	TRUE	0.997792500182796
PFDN6	ABS	-0.453251184386428	-0.323104993032462	0.0257490810922043	TRUE	0.712860780429849
PFKFB3	ABS	0.251486114801899	0.32501920459467	0.0197211599430667	TRUE	1.29239423357705
PFN1	ABS	-0.491028042912791	-0.299116708927324	0.0243930587382047	TRUE	0.60916420812334
PFN2	ABS	-0.598882491010274	-0.540991060168084	0.00118739575380137	TRUE	0.903334240504291
PGGT1B	ABS	-0.358393212630506	-0.377731721475376	0.0190139780925414	TRUE	1.05395891485481
PGK1	ABS	-0.522678234727319	-0.490382930425485	0.00261740979169042	TRUE	0.938211882270777
PGM1	ABS	-0.340588309825282	-0.268055090974186	0.0311547198907669	TRUE	0.787035500753667
PGM2L1	ABS	0.626888468226428	0.604624213785121	0.00164780298688867	TRUE	0.964484504708954
PGM3	ABS	-0.188467450661512	-0.214366577335475	0.185953580040404	TRUE	1.13741962648223
PGPEP1	ABS	0.261096644725188	0.372718165712705	0.00636667615642696	TRUE	1.42751036155598
PGRMC1	ABS	-0.717444364435165	-0.703853431320926	0.00324264489865334	TRUE	0.981056464043816
PHF20	ABS	0.333291191891926	0.399796854626192	0.0168103944488085	TRUE	1.19954221519251
PHF21A	ABS	0.310168262385091	0.367584176541566	0.0138581945824094	TRUE	1.18511215078863
PHF6	ABS	-0.241318395324216	-0.204294865841506	0.147643772823269	TRUE	0.846578088533335
PHLPP2	ABS	-0.31613272318101	-0.264153115971035	0.0976416657779775	TRUE	0.835576631590231
PHYH	ABS	-0.62604591133736	-0.575940990802162	0.0033756872349915	TRUE	0.919966060591045
PI4KB	ABS	0.268585722967511	0.345689912883713	0.0119490640547832	TRUE	1.28707478962137
PIEZO1	ABS	0.491144123306269	0.537222541184405	0.00849661345846704	TRUE	1.0938185263583
PIGL	ABS	0.276151229906779	0.357562251641911	0.0398303124339206	TRUE	1.29480593572809
PIGS	ABS	-0.274920541354453	-0.185212490357672	0.176294505080045	TRUE	0.673694622617807
PILRB	ABS	0.684382443747709	0.767105765065302	0.00384435141354548	TRUE	1.12087294475965
PIM3	ABS	0.358563073749345	0.484325428686297	0.0184247490488951	TRUE	1.35073983949855
PITHD1	ABS	-0.176916250037257	-0.101765686733308	0.319042322688798	TRUE	0.57521955564781
PITPNC1	ABS	0.787495807153564	0.882367520434568	7.10274233723061e-05	TRUE	1.12047265829125
PKIB	ABS	-0.778051488829936	-0.700959308627116	0.000837107107974701	TRUE	0.900916351540237
PKP4	ABS	0.254251286432155	0.298666907556161	0.0134070158082638	TRUE	1.17469182456175
PLAGL1	ABS	-0.265517260374673	-0.227893947007354	0.126476582584661	TRUE	0.858301816935634
PLCB4	ABS	0.752344618499921	0.804163231297296	0.000400684433570234	TRUE	1.06887616595264
PLCL2	ABS	-0.193360853419947	-0.124242998809105	0.331280082497546	TRUE	0.642544737529011
PLD3	ABS	0.291868122783276	0.404694222749074	0.00453825839806775	TRUE	1.38656533947551
PLEKHA2	ABS	0.235138246975903	0.336778940125255	0.0272426457960702	TRUE	1.43225929620785
PLEKHA5	ABS	0.255262821201992	0.263305489244078	0.0445950012780996	TRUE	1.03150740089847
PLEKHB2	ABS	-0.393411989236991	-0.347862901115014	0.0244661527370211	TRUE	0.884220386342781
PLEKHG1	ABS	0.485323703370807	0.522308488551471	0.00217731181526892	TRUE	1.07620642660514
PLEKHM1	ABS	0.223188390273724	0.317736434194641	0.0126072642948582	TRUE	1.42362438209694
PLOD1	ABS	0.340520489225451	0.461108437422082	0.00246735049828545	TRUE	1.35412831830155
PLOD3	ABS	0.123063751596711	0.204749740185128	0.0882613509574486	TRUE	1.66376969276955
PLSCR1	ABS	-0.22466130629809	-0.200413039394435	0.152484706024596	TRUE	0.892067453433742
PLXNB1	ABS	0.206073834765081	0.338918539282619	0.0205589759358894	TRUE	1.64464615155523
PMEPA1	ABS	0.903796264655593	0.960735169552366	7.51161532748248e-05	TRUE	1.0629997125718
PML	ABS	0.299668338406079	0.397885340457737	0.0206796619752836	TRUE	1.32775234972793
POC1B	ABS	0.212186230455822	0.247278924021019	0.0448288585480094	TRUE	1.16538629057037
POFUT1	ABS	0.189431475811725	0.287298911563696	0.022664030240473	TRUE	1.51663766717016
POLB	ABS	0.184309037234377	0.2444334881768	0.0858535158615562	TRUE	1.32621542516098
POLE3	ABS	-0.468005921596862	-0.328834158720221	0.023922362621675	TRUE	0.702628200938613
POLM	ABS	0.428329228936906	0.530257381783772	0.00588937874999256	TRUE	1.23796683943295
POLR1C	ABS	0.172917525843291	0.215905583147208	0.0694121159146982	TRUE	1.24860439735227
POLR2A	ABS	0.232834932120681	0.318530843700893	0.00880717941994696	TRUE	1.36805435850921
POLR2J3	ABS	0.322970247955662	0.420793697841534	0.0149061420599766	TRUE	1.30288687736742
POLR3C	ABS	0.216021762456538	0.271027690997705	0.061904115498919	TRUE	1.25463142192553
POMP	ABS	-0.495410452355162	-0.420892782065196	0.0104613191748086	TRUE	0.849583976406409
POMZP3	ABS	0.19029311044955	0.314816707096088	0.0330949579894612	TRUE	1.65437785084474
POP4	ABS	-0.4256398510407	-0.285800794031665	0.0413292016325612	TRUE	0.671461549788806
SLC9A3-OT1	ABS	-1.53805843227834	-1.28658547603559	0.0224091005106965	TRUE	0.836499738264015
PPA2	ABS	-0.231247356327925	-0.194738032688049	0.0976373283369625	TRUE	0.842120038820666
PPARA	ABS	0.210480982042665	0.271857421335158	0.0361953048462324	TRUE	1.29160087860124
PPCS	ABS	-0.342815168763719	-0.288117414644184	0.0327877946807777	TRUE	0.840445350429535
PPFIBP1	ABS	0.367711417088766	0.39216164201931	0.0190048034984827	TRUE	1.06649297191836
PPIF	ABS	-0.476117006094777	-0.353724530270699	0.016955467623086	TRUE	0.742936139105869
PPIL4	ABS	-0.35437083358569	-0.380464899432078	0.0377902740576778	TRUE	1.07363491397516
PPM1A	ABS	-0.480862151640798	-0.472061665819357	0.00630788971108344	TRUE	0.981698526716208
PPM1H	ABS	0.653805898883238	0.753768274805435	1.81517657643408e-05	TRUE	1.15289304683996
PPP1CB	ABS	-0.312582143749008	-0.317519883771368	0.0405490745491422	TRUE	1.01579661577318
PPP1R13B	ABS	0.273022796417818	0.361997008196714	0.0157290498187258	TRUE	1.32588565111148
PPP1R13L	ABS	0.489889324875521	0.630303744042735	0.000400684433570234	TRUE	1.28662477836783
PPP1R15B	ABS	-0.470760413396981	-0.421175341329447	0.0494361351991562	TRUE	0.894670259740553
PPP1R26-AS1	ABS	0.600349132232073	0.651023659512643	0.000726096872149596	TRUE	1.08440842929541
PPP2CA	ABS	-0.812561968378323	-0.811172747965444	0.00130096895211728	TRUE	0.998290320656219
PPP2R1A	ABS	-0.270413305503549	-0.16662229513405	0.0890976739514959	TRUE	0.616176392739903
PPP6R1	ABS	0.396026775451793	0.504446539383417	0.00329615111014953	TRUE	1.27376877184109
PPP6R2	ABS	0.409311975030289	0.512696782547512	0.00449579959061981	TRUE	1.25258192729292
PPRC1	ABS	0.459621631646354	0.549150908820205	0.00502663296371526	TRUE	1.19478908521594
PRADC1	ABS	-0.227728852645247	-0.107984796810655	0.499391808470347	TRUE	0.474181446735132
PRDM2	ABS	0.345811701594803	0.369115005653043	0.00574125911844615	TRUE	1.06738726292595
PRDX3	ABS	-0.780002762526365	-0.701925783021935	0.00313704739790151	TRUE	0.899901662845981
PRDX4	ABS	-0.269224872067331	-0.227139881440036	0.177745163044691	TRUE	0.843680896552641
PRDX6	ABS	-1.02340681935675	-0.958742683518971	0.00297218035667366	TRUE	0.936814828067666
PRELID3B	ABS	-0.943387027836999	-0.87964088472138	0.00295280711752901	TRUE	0.932428429441333
PRKAR1A	ABS	-0.20300158995988	-0.166901936162262	0.236652761793061	TRUE	0.822170585931112
PRKCE	ABS	0.279188475337271	0.363844494118981	0.00941931985193725	TRUE	1.30322175254348
PRKCH	ABS	0.348442686966665	0.436783226868896	0.00815733147137754	TRUE	1.25352961392667
PRKRA	ABS	-0.586770790936176	-0.524461664880468	0.0193329116477292	TRUE	0.89381010947001
PRKRIP1	ABS	0.350735426534684	0.418935045370866	0.0117446192923268	TRUE	1.19444747714824
PRMT7	ABS	0.319313422787277	0.369881618874137	0.0239264795612644	TRUE	1.15836539424322
PLPBP	ABS	-0.13133420910042	-0.077048167708451	0.380713679356249	TRUE	0.58665726345174
PRPF4	ABS	0.208331154996439	0.215501808147237	0.133845267496426	TRUE	1.03441949501466
PRPS2	ABS	-0.166552500657415	-0.169600736367456	0.360189189600039	TRUE	1.0183019510245
PRR12	ABS	0.654880371839195	0.744162423019716	0.00194898448845711	TRUE	1.13633337479604
PRR13	ABS	-0.496492578753138	-0.385747080130295	0.029803676489583	TRUE	0.776944302166687
PRR15L	ABS	-0.324498142888009	-0.168812186325019	0.220064174744308	TRUE	0.520225431253946
PRSS16	ABS	-0.212970227961972	-0.109915837737128	0.435957958035385	TRUE	0.51610893592486
PRUNE2	ABS	0.860787422949916	0.924424256054997	0.00331975938865199	TRUE	1.07392862791489
PSENEN	ABS	-0.474220314616162	-0.312401962729909	0.0954339509036035	TRUE	0.658769675404499
PSMA5	ABS	-0.488638160742244	-0.398634709864318	0.0035329994508184	TRUE	0.815807568649141
PSMB2	ABS	-0.377751869724681	-0.301624280128826	0.010606055086582	TRUE	0.798471971425742
PSMB4	ABS	-0.388023536804728	-0.2564863952541	0.0446950826089091	TRUE	0.66100731251047
PSMC6	ABS	-0.154942039624864	-0.114583160714672	0.326554195334829	TRUE	0.739522733740263
PSMD6	ABS	-0.450404498644533	-0.411859814454275	0.0155576495574101	TRUE	0.914422071035578
PSME3	ABS	-0.348330831287894	-0.278718005606013	0.0493429496293926	TRUE	0.800153131939256
PSMG1	ABS	-0.641182811856176	-0.544725789689941	0.0162728253326993	TRUE	0.849563930313417
PTGDR	ABS	-0.255254636454508	-0.375024397310165	0.165569686271559	TRUE	1.46921678884765
PTGR1	ABS	-0.478050022950655	-0.409533914131694	0.0307723507354064	TRUE	0.856675859157874
PTK2	ABS	0.314453927091414	0.34662104046735	0.00685468755703396	TRUE	1.10229515552078
PTMA	ABS	-0.471085652934488	-0.426450927383931	0.000569944118901611	TRUE	0.90525135870193
PTMS	ABS	0.213871941280753	0.321822467545075	0.0801610538991169	TRUE	1.50474375281708
PTP4A1	ABS	-0.492775554389602	-0.489586290189784	0.0401438240522976	TRUE	0.99352795776615
PTPA	ABS	0.171825023570578	0.294183561270621	0.0454359398799421	TRUE	1.71211128133373
PTPDC1	ABS	0.447873670283424	0.455761617737018	0.0138581945824094	TRUE	1.01761199190076
PTPN1	ABS	-0.276735464074967	-0.20586930654379	0.0346127765927344	TRUE	0.743920939919796
PTPN12	ABS	0.226888652545193	0.26040752774272	0.0528920804253445	TRUE	1.1477327086283
PTPN14	ABS	0.63909163482451	0.744376002794832	3.81002358570656e-06	TRUE	1.16474064474218
PTPN6	ABS	0.230916723079934	0.304530041022824	0.0311547198907669	TRUE	1.31878729682739
PTPRG	ABS	0.127994653563526	0.167782097269193	0.115339822355498	TRUE	1.31085238795478
PTPRM	ABS	0.620555254623729	0.781407824023845	0.00103993333495264	TRUE	1.25920748910208
PTTG1IP	ABS	-0.322216831105834	-0.249839565421378	0.127920960515913	TRUE	0.775377141423493
PUM1	ABS	0.252608005910106	0.253983520999752	0.0291474752516095	TRUE	1.00544525532629
PUS7	ABS	0.274366913112751	0.336327569832978	0.081706906310248	TRUE	1.2258313730955
PVT1	ABS	1.17047718194097	1.26005441473654	0.000206359833366291	TRUE	1.07653052462503
PXMP2	ABS	-0.529004588373542	-0.301855020378941	0.0646933863380582	TRUE	0.570609455972799
QPCTL	ABS	0.558703373075674	0.672947515429878	0.00388395216249472	TRUE	1.20448085309614
R3HDM1	ABS	0.219685991100363	0.283426508960454	0.0394325155521472	TRUE	1.29014375263906
RAB11A	ABS	-0.580461026549823	-0.551385240815328	0.00317058006768527	TRUE	0.949909150822205
RAB11FIP3	ABS	0.461963310975637	0.562043351798105	0.00324264489865334	TRUE	1.21664066917155
RAB11FIP4	ABS	0.140729201902688	0.181377806417678	0.0707922792935133	TRUE	1.28884271327779
RAB15	ABS	0.245222296317138	0.396710836179044	0.0291482038102207	TRUE	1.61776005745412
RAB1A	ABS	-0.297940723043754	-0.325379406474118	0.00275301399685994	TRUE	1.09209443794742
RAB21	ABS	-0.251541980888387	-0.263406018489753	0.02237489959567	TRUE	1.04716523881805
RAB3GAP2	ABS	-0.163351709795912	-0.172712745846187	0.0945520303823553	TRUE	1.05730601817373
RAB4A	ABS	-0.397435995631573	-0.340937562148951	0.0338879546225339	TRUE	0.857842686360507
RAB9A	ABS	-0.25520484115386	-0.206178387163714	0.155522298799205	TRUE	0.807893714835182
RABEP1	ABS	0.217988571783361	0.261370507119582	0.0263793162536915	TRUE	1.19901013608793
RABEP2	ABS	0.384880447842881	0.45849398605967	0.0187881846098873	TRUE	1.19126338744763
RABGGTB	ABS	-0.81569031460644	-0.762588402221354	0.00164780298688867	TRUE	0.934899420240503
RAD21	ABS	-0.500127153050675	-0.514848863962112	0.00643438917015383	TRUE	1.02943593608473
RAD51B	ABS	0.33484263259159	0.383795242837941	0.00692858644399324	TRUE	1.14619587078106
RAD9A	ABS	0.55308677310314	0.652505406359079	0.00107819412465486	TRUE	1.17975232475393
RAI1	ABS	0.656494438050373	0.747313412796059	0.000598872430880125	TRUE	1.13833929045217
RALGDS	ABS	0.343112046270968	0.441422264784913	0.00634055203823445	TRUE	1.28652511499496
RANBP17	ABS	0.362574870650031	0.452254526460551	0.00575287955298254	TRUE	1.24734106820404
RANGAP1	ABS	0.314795567190199	0.536639977780104	0.00201909356275239	TRUE	1.70472533196716
RAP1A	ABS	-0.129636522030152	-0.0707838392074204	0.491925626402511	TRUE	0.54601772786651
RAP1B	ABS	-0.138133361173343	-0.0204471680285556	0.803683359729142	TRUE	0.148024835238003
RASAL1	ABS	1.54476645096418	1.66102296797197	8.07198355890722e-07	TRUE	1.07525831295419
RASSF1	ABS	0.707601136614544	0.844181724018393	0.000749463910837083	TRUE	1.19301917469679
RBM17	ABS	-0.15160339707721	-0.126064392537264	0.181317599794204	TRUE	0.831540684230584
RBM22	ABS	-0.542007115528367	-0.454903733176138	0.0263793162536915	TRUE	0.839294762270201
RBM6	ABS	0.29251929454158	0.303782654041913	0.032252845810163	TRUE	1.03850467203534
RBX1	ABS	-0.230429774086718	-0.111449623924036	0.314579839542781	TRUE	0.483659823760855
RCAN3	ABS	0.355272005964906	0.368791630100197	0.0120731746092233	TRUE	1.0380542905388
RCC2	ABS	0.414686305315743	0.501279427104888	0.00422587902169817	TRUE	1.2088159668625
REEP5	ABS	-0.140284329535291	-0.0458289856270467	0.655624222316186	TRUE	0.326686421632842
REG1A	ABS	4.03377523301615	4.55580219459724	0.00239212612732501	TRUE	1.1294139934492
REG4	ABS	2.01937671893337	2.09176927764368	0.00119505882676244	TRUE	1.03584896172743
RELA	ABS	0.277327508360935	0.390109977972489	0.00676165611706377	TRUE	1.40667610031952
REPS2	ABS	0.35478226065302	0.378973147007468	0.0101042622930053	TRUE	1.06818516323201
RERE	ABS	0.191168644747584	0.218979641983957	0.0276534190360109	TRUE	1.14547886382254
RETNLB	ABS	1.27854871491338	1.60903200360846	0.00212469919304479	TRUE	1.25848314173736
RETSAT	ABS	-0.453266495384546	-0.290845800508472	0.0805994006897093	TRUE	0.64166622388827
REXO2	ABS	-0.428419043212844	-0.317628383778098	0.064730813921208	TRUE	0.741396510752898
RFNG	ABS	0.356407754131491	0.504342123496228	0.00240114323943273	TRUE	1.41507056917218
RGPD5	ABS	0.258904195616603	0.406021915963642	0.00460901152465895	TRUE	1.56823227602266
RGPD8	ABS	0.115526118765904	0.185608597503663	0.129043189334812	TRUE	1.60663752479879
RGS12	ABS	0.545799903495772	0.636809370436621	0.000781576729033477	TRUE	1.16674511365419
RGS3	ABS	0.199441544520998	0.272246241523732	0.029957923932146	TRUE	1.36504278573248
RHOA	ABS	-0.538741650474575	-0.4990680351887	0.00473412777809539	TRUE	0.926358737530453
RHOT1	ABS	0.256706016430966	0.335574634417962	0.0138581945824094	TRUE	1.30723322765676
RIDA	ABS	-0.533340857036288	-0.488118055911573	0.00679262352129047	TRUE	0.915208444040809
RLF	ABS	0.269771314008587	0.332972161859337	0.0132812955023916	TRUE	1.23427564225282
RMDN3	ABS	0.129013081669171	0.215315880705023	0.0392256556966118	TRUE	1.66894610933455
RMND5A	ABS	-0.59414624457924	-0.544462947396346	0.00354114960435468	TRUE	0.916378673371775
RNF103	ABS	-0.652681494177678	-0.589871277155725	0.0251713674709347	TRUE	0.903765898708239
RNF115	ABS	0.246347108289204	0.314585728685855	0.0316058067759561	TRUE	1.27700191356231
RNF128	ABS	-0.288207164810539	-0.25804801564744	0.162723232758077	TRUE	0.895356004827551
RNF213	ABS	0.26369614655024	0.332983265200123	0.0182191411242172	TRUE	1.26275362593015
RNF216	ABS	0.355238269253634	0.427030548113876	0.0031439752702753	TRUE	1.20209612835655
RNF24	ABS	0.416731960704334	0.526088985176934	0.0204130680121846	TRUE	1.26241573669505
RNF38	ABS	0.187345954715364	0.269543344384195	0.0817393083767732	TRUE	1.43874654135828
RNF43	ABS	0.900809195335391	0.965777791786593	0.000313370905946415	TRUE	1.07212248363763
RNF5	ABS	-0.443003328370719	-0.269271493051329	0.0470941392297062	TRUE	0.60783176063633
RNF7	ABS	-0.451504318873396	-0.390950653035978	0.00274070957458543	TRUE	0.865884636522386
ENSG00000227598	ABS	0.17395882629833	0.195911671926769	0.158546012838985	TRUE	1.1261956412076
LINC02742	ABS	0.451649125868452	0.667714513950798	0.00732894506322606	TRUE	1.47839213165061
LINC02754	ABS	0.491660729978125	0.528799812089514	0.000936969521826051	TRUE	1.0755380282518
LINC02511	ABS	0.527241862328459	0.716188811767035	0.00159071555985096	TRUE	1.35836864054028
ENSG00000254929	ABS	0.334729436206292	0.32495358029216	0.0783456810864185	TRUE	0.970794752845976
ENSG00000262879	ABS	0.275502921318515	0.313691535958959	0.0770062877663585	TRUE	1.13861419130396
RSL1D1-DT	ABS	0.450516686353057	0.488718066431473	0.0296975851065005	TRUE	1.08479459526274
ATP6V0D1-DT	ABS	0.652123189900018	0.748877880074438	0.00333421313716107	TRUE	1.14836873105104
ENSG00000227681	ABS	0.708388381919693	0.746033286012865	0.00709690949082315	TRUE	1.05314161701969
LINC00938	ABS	-0.4164669883218	-0.333920786872587	0.0753840905520182	TRUE	0.801794130714076
GPRC5D-AS1	ABS	0.366879879683279	0.416854068484837	0.0119490640547832	TRUE	1.13621403508064
NUPR2P1	ABS	0.307506814855728	0.395177330395741	0.0101564704668194	TRUE	1.28510104916259
ENSG00000205236	ABS	0.62412229268892	0.698926398482826	0.00784425010047843	TRUE	1.11985488528478
ENSG00000270149	ABS	0.406700133862196	0.553663771967678	0.00535692837951629	TRUE	1.36135625702862
POLR2J2-UPK3BL1	ABS	0.305313568994584	0.412634377765695	0.0188282185288079	TRUE	1.35151011834988
ENSG00000266953	ABS	-0.453102704667306	-0.365147114268196	0.0321683490529313	TRUE	0.805881559538047
RP2	ABS	-0.496467890582172	-0.466909380291121	0.010600926898632	TRUE	0.9404623927312
RPA3	ABS	-0.530613828477323	-0.449263729185376	0.00843904263101011	TRUE	0.846686808888126
RPAP1	ABS	0.44001554470291	0.519076729820964	0.0103364249963687	TRUE	1.1796781638054
RPAP2	ABS	0.153327148206539	0.200733618461842	0.132351618703681	TRUE	1.30918510394157
RPL5	ABS	-0.718384297604572	-0.639997533321163	0.00130360550054719	TRUE	0.890884635779503
RPLP2	ABS	-0.42464716369336	-0.251512232401171	0.0686300616174229	TRUE	0.592285205000896
RPN1	ABS	-0.337828494918707	-0.24151907951911	0.0384870171167846	TRUE	0.714916246414405
RPRD2	ABS	0.202331088445274	0.263291401907616	0.022664030240473	TRUE	1.30128990028555
RPS13	ABS	-0.544216419089938	-0.44386663209956	0.00464362510166988	TRUE	0.815606836783448
RPS24	ABS	-0.52192498177859	-0.408594781702344	0.00709690949082315	TRUE	0.782861131325722
RRAGA	ABS	-0.598884768902814	-0.50761701154004	0.00713503260669031	TRUE	0.847603809444042
RRP12	ABS	0.330414172885759	0.455165021340383	0.0123715917987344	TRUE	1.37755901136165
RSPH3	ABS	-0.170309911019849	-0.146753846198175	0.162524214363435	TRUE	0.861687058136455
RSRC2	ABS	-0.245326675452998	-0.226731603823656	0.0700832202869283	TRUE	0.924202814084503
RSU1	ABS	-0.206438376351427	-0.139037312226073	0.0964664566865672	TRUE	0.673505162573966
RUNX1	ABS	0.306124987174895	0.40197805268143	0.00205671476322858	TRUE	1.31311741779436
RUSC1	ABS	-0.250225998510725	-0.126060425833484	0.307181804176777	TRUE	0.503786283534726
RUSC1-AS1	ABS	0.687985451225724	0.800339064810539	0.00102474543815341	TRUE	1.1633081242992
S100A10	ABS	-0.479938653583662	-0.373984787620506	0.0225603626829369	TRUE	0.779234564309403
S100A11	ABS	0.26829701418441	0.377111235253626	0.0311547198907669	TRUE	1.40557373103833
S100P	ABS	3.2941253688773	3.33743674901225	2.40911203533669e-08	TRUE	1.01314806672028
SAFB2	ABS	0.156504911572453	0.245003794772467	0.0577411027488903	TRUE	1.56547032492998
SAMD1	ABS	0.255655515167913	0.317830336943056	0.0211266022462034	TRUE	1.24319765499409
SAMD12	ABS	0.228875546967557	0.23811353263941	0.0571440484041202	TRUE	1.04036248430315
SAMD4B	ABS	0.21769658273062	0.301115469945953	0.0197211599430667	TRUE	1.38318877664036
SAMD5	ABS	0.879244784821022	0.885121788352121	0.00632578831066776	TRUE	1.00668414943433
SAP18	ABS	-0.408177629679628	-0.321721434664159	0.011028441463387	TRUE	0.788189776388953
SAP30L	ABS	-0.316068668858966	-0.258681601528817	0.0697778415729954	TRUE	0.818434811848575
SAR1B	ABS	-0.430648553809681	-0.438039458753051	0.00541926340278937	TRUE	1.01716226579188
SART1	ABS	0.265312178209175	0.326806163445462	0.0236012825065544	TRUE	1.23177973077363
SAT2	ABS	0.197313701801166	0.302540883569415	0.0200088101523695	TRUE	1.53329890832562
SATB1	ABS	-0.241940918271203	-0.183810105132424	0.309449408326425	TRUE	0.75973136931878
SATB2-AS1	ABS	-0.370112285440291	-0.283379072286932	0.0580413129460269	TRUE	0.765657027433769
SAYSD1	ABS	-0.370511689362574	-0.276349393715675	0.0343503508159363	TRUE	0.745858772205283
SBDS	ABS	-0.629374052613663	-0.573899815473736	0.00748194283700071	TRUE	0.911858080406153
SBNO2	ABS	0.36481368657838	0.512594208167543	0.00565850508788123	TRUE	1.4050849160162
SC5D	ABS	-0.459930843354297	-0.518804411737847	0.0395772230836306	TRUE	1.12800526260466
SCAI	ABS	0.282608727167054	0.365613890392657	0.021468378063415	TRUE	1.29371054481463
SCAMP2	ABS	-0.216499848429059	-0.0695319670120115	0.520641479950241	TRUE	0.321164044762808
SCHLAP1	ABS	-0.783365415301376	-0.491108052230585	0.0364212258204619	TRUE	0.626920773674501
SCIN	ABS	-0.434382213644499	-0.354133183045595	0.0400170734868789	TRUE	0.815257098292289
SCLY	ABS	0.204419727873445	0.295537861423468	0.0350522015557481	TRUE	1.44574041115266
SCO1	ABS	-0.556226767811229	-0.508198377760929	0.00242605218587761	TRUE	0.913653220539361
SCP2	ABS	-0.484875504228341	-0.467551218112949	0.00512238678161092	TRUE	0.964270650993263
SCRIB	ABS	0.374483665970681	0.545109637146771	0.00155290299987778	TRUE	1.45562994245375
SCUBE2	ABS	-0.644502976194477	-0.54150094152486	0.0160646938643427	TRUE	0.840183771876739
SDCBP	ABS	-0.43325848795412	-0.452584427213315	0.0349747141981109	TRUE	1.04460602572486
SDCCAG8	ABS	0.316935429848326	0.33415331473179	0.0163465837988588	TRUE	1.05432616003741
SDHAF3	ABS	-0.43328398468697	-0.375523576984091	0.018452447727775	TRUE	0.866691570092052
SDHC	ABS	-0.350426497993902	-0.296760412692516	0.00710793216813364	TRUE	0.846854945020966
SDHD	ABS	-0.968318035113475	-0.912957356261445	0.000347956400149917	TRUE	0.942827999846618
SEC11A	ABS	-0.397441653861513	-0.368098519236421	0.00134899548916526	TRUE	0.926169956420027
SEC61B	ABS	-0.521392739130282	-0.37845035119135	0.00626716847760474	TRUE	0.725845073758853
SEC61G	ABS	-0.599673707266683	-0.55979544375811	0.00241636830625457	TRUE	0.933500063408919
SELENOT	ABS	-0.696963775520244	-0.628177657471922	0.00500811003239988	TRUE	0.901306035601382
SEMA4B	ABS	0.162628155325549	0.273630562789306	0.0491156502212947	TRUE	1.68255344372291
SEMA4D	ABS	0.29746244856857	0.423957351023531	0.0431498969509547	TRUE	1.42524662546036
SEMA6A	ABS	-0.178936858677275	-0.165127189752419	0.115353308005456	TRUE	0.922823788084024
SENP3	ABS	0.213609049143233	0.298880447089577	0.0228432547766869	TRUE	1.39919375273828
SELENOF	ABS	-0.395434275136485	-0.378341158791657	0.00642804723839209	TRUE	0.956773811933909
SEPHS2	ABS	-0.485103656231132	-0.384111828048721	0.0216004585366469	TRUE	0.791813920828721
SEPTIN8	ABS	-0.379424872855092	-0.289312204873793	0.0256438842692183	TRUE	0.762501948532735
SEPTIN9	ABS	0.170373042737383	0.309210655592755	0.0176745643857274	TRUE	1.81490364100252
SERINC1	ABS	-0.481817064313943	-0.451002223555067	0.0166502046534833	TRUE	0.93604452178805
SERP1	ABS	-0.262898543608247	-0.186027123322037	0.107538193546962	TRUE	0.707600433113245
SERPINA1	ABS	0.42834536484797	0.722124130780721	0.0403715484156189	TRUE	1.68584555837792
SERPINB6	ABS	0.151771032781868	0.235000676144856	0.0838306262187966	TRUE	1.54838951700756
SESN2	ABS	0.24395460390161	0.358573648711261	0.00550430706486499	TRUE	1.46983759673533
SESTD1	ABS	0.464182977151811	0.500868906193028	0.0112620377126615	TRUE	1.07903333566069
SETD5	ABS	0.279040566151768	0.323943923219868	0.00432013283959383	TRUE	1.16092053455653
SETDB1	ABS	0.269142739007669	0.351105484177262	0.0134499468698772	TRUE	1.3045326263372
SETX	ABS	0.22854911539468	0.271578478883483	0.0286094643296859	TRUE	1.18827184438888
SEZ6L2	ABS	0.723930652127819	0.862178187368084	0.00139491708832688	TRUE	1.19096792604916
SF3B5	ABS	-0.371373756804071	-0.165559492064544	0.16786318522275	TRUE	0.445802884644566
SF3B6	ABS	-0.690754450117396	-0.60240577840205	0.000598809393434396	TRUE	0.872098295276519
SFSWAP	ABS	0.255807524689111	0.318145172744129	0.0101972761732489	TRUE	1.24368965741246
SFT2D1	ABS	-0.519307889170414	-0.478288311540588	0.0019026335489243	TRUE	0.921011063984885
SGF29	ABS	0.272402819860544	0.358504377930684	0.0116097033422227	TRUE	1.31608174289172
SGMS1	ABS	0.584237194024559	0.55451775493109	0.00166338464485684	TRUE	0.949131210067704
SGPL1	ABS	-0.405568463433338	-0.32457376145783	0.0143581709214686	TRUE	0.800293392415554
SGSM2	ABS	0.28719268405779	0.418120257137803	0.0106763679602218	TRUE	1.45588756381297
SH2D4A	ABS	0.330427966529647	0.369923461892089	0.0101448230843459	TRUE	1.11952830681146
SH3BGRL2	ABS	-0.664313989563853	-0.648320864609825	0.00313704739790151	TRUE	0.975925352761985
SH3BP4	ABS	0.363855246359197	0.390685931534378	0.0180548569291065	TRUE	1.07373999809994
SH3D19	ABS	0.310760533993864	0.325518589432943	0.00607183645639358	TRUE	1.04749012124999
SH3GLB1	ABS	-0.182967107254892	-0.141668278313357	0.227849014483278	TRUE	0.774282768301074
SH3PXD2B	ABS	0.422030914417381	0.509743202321681	0.0206796619752836	TRUE	1.20783379820739
SHANK2	ABS	0.359895824050101	0.436740795409045	0.0204793079587593	TRUE	1.21352004170031
SHARPIN	ABS	0.232107500667736	0.341825276310621	0.0119589711426401	TRUE	1.47270241300796
SHROOM4	ABS	0.424676863940128	0.469342047950544	0.00197437916464898	TRUE	1.10517451691626
SIAE	ABS	-0.184636292410269	-0.155876952197481	0.173366496240751	TRUE	0.844237880660627
SIKE1	ABS	-0.516654748158678	-0.51201623624795	0.00275851758542001	TRUE	0.991022027906916
SIL1	ABS	0.396692445213205	0.462264494082328	0.00285234918195361	TRUE	1.16529694391806
SKI	ABS	0.161595069591087	0.27865236226024	0.0489951442842437	TRUE	1.72438653583531
SKP1	ABS	-0.456277663620736	-0.414832127811888	0.0144029843545803	TRUE	0.909165976962445
SLC12A2	ABS	0.930041121797255	0.969679086512641	0.000598872430880125	TRUE	1.04261958292638
SLC12A9	ABS	0.226479124753754	0.372250009480751	0.0111447945063579	TRUE	1.64363938568506
SLC17A4	ABS	-0.558920018919261	-0.482867468140121	0.0258129331306181	TRUE	0.863929456443166
SLC20A1	ABS	-1.29841535587216	-1.1713291846967	0.0183109280071532	TRUE	0.902122097832017
SLC22A5	ABS	-0.725940453712853	-0.652661726004731	0.000440970990960587	TRUE	0.899056834023597
SLC25A25-AS1	ABS	-0.233266678906747	-0.0762020206722212	0.473843430230858	TRUE	0.32667340671783
SLC25A3	ABS	-0.647723253916358	-0.621908062052338	0.000962587876420857	TRUE	0.960144719665486
SLC25A37	ABS	0.445084104393832	0.485146478844015	0.019884701813815	TRUE	1.09001079583542
SLC25A4	ABS	-0.430542287738043	-0.361987386493869	0.0174732599446255	TRUE	0.8407708065
SLC25A5	ABS	-0.775774943380487	-0.680457313710896	0.000385650130988382	TRUE	0.8771323687586
SLC26A2	ABS	-0.316709524660511	-0.303799307142295	0.158062610810076	TRUE	0.959236409034258
SLC2A1-DT	ABS	0.270254744037866	0.437047742365409	0.100272659383793	TRUE	1.61716954838792
SLC35A1	ABS	-0.451396234720534	-0.438440293640716	0.0394786401342776	TRUE	0.971298074544555
SLC35A5	ABS	-0.202753614300484	-0.155567653183297	0.321642194777356	TRUE	0.767274377426109
SLC35B3	ABS	-0.219322190848645	-0.326682175046663	0.0740559824752876	TRUE	1.4895080784238
SLC35D1	ABS	-0.360731681533282	-0.399621243329666	0.00831558181969722	TRUE	1.10780744743873
SLC36A1	ABS	-0.216386979956494	-0.208029345186746	0.233953158334558	TRUE	0.961376443391242
SLC41A2	ABS	-0.162365174717399	-0.161600082274236	0.173611459763359	TRUE	0.995287829151206
SLC43A2	ABS	0.411738354329372	0.487545536123864	0.0272256614975444	TRUE	1.18411493852198
SLC48A1	ABS	0.280697827286346	0.360748259375399	0.0277153605325602	TRUE	1.28518365411996
SLIRP	ABS	-0.42294466576089	-0.231008485018585	0.0660016218691448	TRUE	0.546190799221912
SLMAP	ABS	0.158643837904824	0.212456119443654	0.0632225355763248	TRUE	1.33920183884554
SLTM	ABS	-0.356339842454477	-0.385749095202496	0.0120235304024181	TRUE	1.08253147485683
SMAD4	ABS	-0.278710625909283	-0.215958064306489	0.118146097775239	TRUE	0.774846899367161
SMAD6	ABS	0.215424917955093	0.267629910305597	0.0753840905520182	TRUE	1.24233497613023
SMAD9	ABS	0.599291076199236	0.638666294384076	0.00793423542722811	TRUE	1.06570299433551
SMAGP	ABS	-0.162433490182909	-0.0319524365978389	0.771903964894515	TRUE	0.196710891096773
SMARCA4	ABS	0.136849204013915	0.241609734283669	0.0468023716040473	TRUE	1.76551800958303
SMARCB1	ABS	0.303114163636216	0.41579624502798	0.0123897475381369	TRUE	1.37174799105396
SMARCC1	ABS	0.213825140622658	0.244563822887625	0.0433674637549084	TRUE	1.14375616532021
SMC1A	ABS	-0.272002063112796	-0.262443157091769	0.0352951698687313	TRUE	0.964857229714971
SMDT1	ABS	-0.506875141416122	-0.391887245865806	0.0107603516459198	TRUE	0.773143549259372
SMG9	ABS	0.211721154621816	0.27742038344614	0.0511390782543246	TRUE	1.31031017633395
SMIM14	ABS	-0.207729025529827	-0.172831504448007	0.062388333163012	TRUE	0.832004598332797
SMIM15	ABS	-0.878946214433601	-0.850711335409581	0.000665008806873443	TRUE	0.967876442767076
SMIM19	ABS	-0.313278700822533	-0.218262868034135	0.0528920804253445	TRUE	0.696705098243423
SMN2	ABS	-0.334823964585479	-0.325576564805584	0.0295330609901244	TRUE	0.97238130851433
SMTN	ABS	0.5159154566564	0.684180849892785	0.00409961727372724	TRUE	1.32614916080805
SMU1	ABS	-0.31883947625544	-0.313282586770285	0.00843904263101011	TRUE	0.98257151357035
SMYD3	ABS	0.336849952596388	0.359471486576746	0.0104922046045964	TRUE	1.0671561144836
SMYD4	ABS	0.449499898123204	0.5230201287005	0.00446377210523699	TRUE	1.16356006060127
SNHG7	ABS	0.303207820933595	0.407789401163129	0.00693164455090945	TRUE	1.34491715915348
SNRPB2	ABS	-0.281587794436616	-0.249993867818149	0.0955235011164034	TRUE	0.887800795195408
SNRPD3	ABS	-0.387412052029899	-0.234447262032693	0.0287519677635481	TRUE	0.605162541547879
SNRPG	ABS	-0.400479850840579	-0.332006221201951	0.0159223565633611	TRUE	0.82902103690134
SNTB1	ABS	0.691649273576123	0.751633677080621	0.00057589910288012	TRUE	1.0867266196845
SNTB2	ABS	0.234073174370219	0.27358427633435	0.0194605728474168	TRUE	1.16879807808151
SNW1	ABS	-0.312038913990633	-0.282287495234491	0.0460647322326338	TRUE	0.904654780470635
SNX12	ABS	-0.309905168071131	-0.236013646770078	0.0404304752271572	TRUE	0.761567315056542
SNX13	ABS	-0.339379790159354	-0.319488041779412	0.0207678637143126	TRUE	0.941387940717974
SNX14	ABS	0.25816683880013	0.299533081697809	0.029957923932146	TRUE	1.16023065971577
SNX19	ABS	-0.275928740226234	-0.226075828079993	0.0544402096303753	TRUE	0.819326859154408
SNX29	ABS	0.281151169423794	0.424179927540805	0.00367288588058557	TRUE	1.50872546043519
SNX3	ABS	-0.296330434518099	-0.24586931390641	0.015665299209675	TRUE	0.829713337768528
SNX7	ABS	-0.310768060906231	-0.38059193035669	0.0188010676575757	TRUE	1.22468161382751
SNX8	ABS	0.536047171520995	0.727277496506593	0.000377494133664034	TRUE	1.35674159877198
SOCS7	ABS	0.322386653855837	0.388492251632812	0.00748194283700071	TRUE	1.20505066505184
SOD3	ABS	1.19542105366007	1.31728775839884	0.000569944118901611	TRUE	1.10194458627414
MTCL2	ABS	0.430638069101987	0.528688171063706	0.00634055203823445	TRUE	1.22768563440335
SORCS2	ABS	0.427793387871422	0.6238317810265	0.0379152127347666	TRUE	1.45825484617822
SORD	ABS	0.278074555075612	0.347789611626329	0.057755814840131	TRUE	1.2507063493521
SOWAHC	ABS	-0.390012835632722	-0.367345068149048	0.0104827373527375	TRUE	0.941879432129714
SOX4	ABS	0.329893211693186	0.409314220029389	0.00713445800812147	TRUE	1.2407476283873
SPAG16	ABS	-0.202172864633856	-0.0917873071483436	0.552665484349432	TRUE	0.454004088602961
SPATS2	ABS	0.368526500625363	0.42942848124335	0.0288841870167916	TRUE	1.16525807646028
SPCS1	ABS	-0.712238540427259	-0.638969128401287	0.00201233911232209	TRUE	0.897127987511012
SPCS2	ABS	-0.565094492445753	-0.521006136831645	0.00349857899464068	TRUE	0.921980560413372
SPDYE6	ABS	0.54316222857691	0.705978760462071	0.0065010717019237	TRUE	1.29975672703115
SPINK4	ABS	0.843694739649315	1.23644465200727	0.0206796619752836	TRUE	1.4655118657267
SPINT2	ABS	-0.486641553976329	-0.382169051315309	0.00671818207263713	TRUE	0.785319396160523
SPPL2B	ABS	0.235787404793138	0.411477316935912	0.0104698486265652	TRUE	1.74512000459444
SPRYD7	ABS	-0.316386998497132	-0.244062136134311	0.0398573087446743	TRUE	0.771403810186985
SPTSSA	ABS	-0.882549407497654	-0.835717395057428	0.00297218035667366	TRUE	0.946935534665406
SPTY2D1	ABS	-0.261936777434871	-0.192749337721161	0.0890584347031936	TRUE	0.735862064154344
SQOR	ABS	-0.336387330655709	-0.270633551040912	0.0330716993006202	TRUE	0.80452955975891
SQSTM1	ABS	0.243081229328002	0.297721319683094	0.070723485242921	TRUE	1.22478119970902
SRGAP3	ABS	0.564037885696761	0.66098009070867	0.00297218035667366	TRUE	1.17187179703746
SRI	ABS	-0.787748760635062	-0.67695799116024	0.00162529986825938	TRUE	0.859357735598967
SRP14	ABS	-0.4918612311585	-0.397986174712052	0.00402125555875807	TRUE	0.809143208491264
SRP19	ABS	-0.848948732028377	-0.748013329672117	0.00103771983131851	TRUE	0.881105420682946
SRP9	ABS	-0.875669673972314	-0.822006490449166	0.000534311584853835	TRUE	0.938717549415963
SRSF1	ABS	-0.626573439358204	-0.600368812630464	0.00246476063246751	TRUE	0.95817788453564
SRSF2	ABS	-0.665869588513802	-0.605914194593147	0.00130096895211728	TRUE	0.909959254852781
SRSF3	ABS	-0.578366479251199	-0.549333374381551	0.00138290482976682	TRUE	0.949801542946893
SRSF4	ABS	0.183409240238501	0.218330896770281	0.0493080751549943	TRUE	1.19040292891661
SRSF7	ABS	-0.436228708668731	-0.409578950041395	0.00196150167113632	TRUE	0.938908746495239
SS18L2	ABS	-0.725174409419015	-0.589413187082185	0.00671818207263713	TRUE	0.812788178163103
SSH2	ABS	0.103103876383484	0.225942749943995	0.0265175743901975	TRUE	2.19140887684596
SSR3	ABS	-0.401182222220714	-0.323549026385801	0.00430861650888953	TRUE	0.806488943091296
SSU72	ABS	-0.375031604111037	-0.182482145997724	0.0962875621614099	TRUE	0.486578048349482
ST3GAL2	ABS	0.691777703166833	0.755062841401145	0.000248638058729875	TRUE	1.09148189937982
STARD3	ABS	0.350860046531453	0.474025414898586	0.00385040618140269	TRUE	1.35103845417775
STARD7	ABS	-0.372050433307644	-0.314528175435363	0.0139744951242701	TRUE	0.845391235373951
STAT3	ABS	0.391461908645465	0.443630720218846	0.00329808537808098	TRUE	1.13326663570894
STAT5A	ABS	0.395568901086823	0.521187229669475	0.00196417526629886	TRUE	1.31756371200445
STAT6	ABS	0.191716871164071	0.282136420761723	0.0242472422423336	TRUE	1.47163063453227
STBD1	ABS	-0.715436666818423	-0.595704171687508	0.00402737035240721	TRUE	0.832644172875049
STEAP2	ABS	-0.685220233981148	-0.687061222727734	0.00313842025852983	TRUE	1.00268671100952
STIM2	ABS	0.199159352549744	0.198166389267028	0.157331373135646	TRUE	0.995014227200464
STK3	ABS	0.30489552603026	0.34533763382223	0.0257863652125699	TRUE	1.13264250977548
STK39	ABS	0.274068285930163	0.238282039422495	0.0443733869243244	TRUE	0.869425802455717
STRADB	ABS	-0.362221964224575	-0.357673150346154	0.0214065439871488	TRUE	0.98744191593086
STRAP	ABS	-0.512344153398429	-0.49655632294294	0.00628593156233721	TRUE	0.969185106630441
STX18-AS1	ABS	0.274719984548283	0.328036362336355	0.0476796629441588	TRUE	1.19407535231097
STX3	ABS	-0.624734668491232	-0.600814483233096	0.000172056435963301	TRUE	0.961711448932546
STXBP6	ABS	0.353564877663062	0.368361083102461	0.028585692088301	TRUE	1.04184862913194
SUCLG1	ABS	-0.486187497332785	-0.448372161531356	0.000195159655695277	TRUE	0.922220674104367
SUCLG2	ABS	-0.301127700328068	-0.428053753216024	0.00230637795070536	TRUE	1.42150241492123
SUDS3	ABS	-0.335376237388717	-0.260587094412931	0.0235119653653268	TRUE	0.776999278308733
SUFU	ABS	0.349977319317699	0.472094005612468	0.00851439060889057	TRUE	1.34892742916267
SUGP2	ABS	0.365765540174259	0.439063345030561	0.0049952016875191	TRUE	1.20039559992825
SUMF2	ABS	0.438633459010382	0.535325289663919	0.0122045059975297	TRUE	1.22043879386604
SUMO1	ABS	-0.408994163607509	-0.348508086646837	0.0149332795247023	TRUE	0.852110170895453
SUMO2	ABS	-0.515873990996235	-0.457242660134938	0.00537030823513497	TRUE	0.886345635010459
SUMO3	ABS	-0.507554558836091	-0.384997261760151	0.0193329116477292	TRUE	0.758533747865482
SUPT6H	ABS	0.227265362625608	0.352763798246785	0.00948133678385875	TRUE	1.55221101082579
SUSD1	ABS	0.256238380255309	0.306777652198939	0.0365523216210723	TRUE	1.19723537080306
SWAP70	ABS	0.314022290109255	0.396436354517851	0.0145880532206143	TRUE	1.2624465428232
SYAP1	ABS	-0.182291352351793	-0.136700041546113	0.117690506720324	TRUE	0.749898663773715
SYMPK	ABS	0.249137586113548	0.359239477404074	0.0193327501116711	TRUE	1.44193207860795
TAB1	ABS	0.386155023830304	0.463493342324875	0.00212862577419051	TRUE	1.20027790323028
TAF13	ABS	-0.465322929544839	-0.387425089360134	0.00862204746200165	TRUE	0.832594021831458
TAF7	ABS	-0.282273407619065	-0.224051314132745	0.131164217243823	TRUE	0.793738652261244
TAF8	ABS	0.217490543040535	0.257013999664253	0.0211266022462034	TRUE	1.18172494339835
TAF9	ABS	-0.462658190511691	-0.423333249936408	0.0144227260367815	TRUE	0.915002173566212
TANGO6	ABS	0.277243247428591	0.361068963523661	0.0383577687227306	TRUE	1.30235440131562
TARBP2	ABS	0.197261045298692	0.323560511485812	0.0311547198907669	TRUE	1.64026562363531
TARDBP	ABS	-0.52236137700689	-0.44875307055859	0.00748194283700071	TRUE	0.859085472838607
TARS2	ABS	0.279464375371574	0.395128485884971	0.0205275996624354	TRUE	1.41387783455265
TBC1D16	ABS	0.299871015681769	0.404309788575963	0.0193327501116711	TRUE	1.34827898473865
TBC1D19	ABS	0.395013587087806	0.578712068759462	0.000500962429620959	TRUE	1.46504345084926
TBCA	ABS	-0.198671203426542	-0.132234111450502	0.155522298799205	TRUE	0.665592744040509
TBCD	ABS	0.432676173376996	0.547254594949709	0.00242605218587761	TRUE	1.26481333760174
TBXAS1	ABS	0.979796863567585	1.1069497938266	5.83996876032186e-07	TRUE	1.1297747880066
TCEAL8	ABS	-0.39392176759325	-0.3359173364575	0.13240584263735	TRUE	0.852751394039126
TCEAL9	ABS	-0.517385676976928	-0.490602252597919	0.0119490640547832	TRUE	0.948233154548259
TCF12	ABS	0.182901723851904	0.172751212751134	0.173820988474743	TRUE	0.944502922733583
TCF20	ABS	0.242621136601762	0.293157469033313	0.0135202269448771	TRUE	1.20829319794384
TCOF1	ABS	0.208955188230745	0.325648446270325	0.0688886385125935	TRUE	1.55846068732554
TCP1	ABS	-0.588647992309557	-0.535629997059291	0.00287507322886772	TRUE	0.909932598186142
TDP2	ABS	-0.774960585129103	-0.736944979114945	0.00776887057131128	TRUE	0.950945110314449
TDRD7	ABS	-0.271281117754553	-0.235985818554057	0.053920009825703	TRUE	0.869894007026209
TEAD1	ABS	0.4649966018938	0.516821178652565	0.0014574952958271	TRUE	1.11145151716743
TEC	ABS	0.484398674127788	0.515324867861772	0.00565850508788123	TRUE	1.06384450533369
TECPR1	ABS	0.411066249902376	0.486334785988243	0.00967761866602319	TRUE	1.18310560914145
TECPR2	ABS	0.279578961872913	0.387523280239497	0.00463625641672773	TRUE	1.3860959982234
TES	ABS	-0.519340442778478	-0.434331262431376	0.00671761284069889	TRUE	0.83631319006796
TFAM	ABS	-0.280109850929697	-0.30251154282693	0.19835788390865	TRUE	1.07997466644919
TFAP4	ABS	0.480073497165962	0.539330825140147	0.0126072642948582	TRUE	1.12343386653086
TFCP2	ABS	0.319653330448864	0.370450765169796	0.00980788973121421	TRUE	1.15891414192244
TFG	ABS	-0.327897670368428	-0.28882759637227	0.0449417825127472	TRUE	0.880846747242033
TGFBR2	ABS	0.630327668125711	0.624560769596828	0.0018224370418626	TRUE	0.990850951305959
TGS1	ABS	0.288725788027123	0.384827006031473	0.00464362510166988	TRUE	1.33284598047516
THADA	ABS	0.259235793781065	0.331592236150702	0.0184247490488951	TRUE	1.27911439741514
THEM4	ABS	0.385789409923666	0.386760180284308	0.0134950650471548	TRUE	1.00251632195097
THOC7	ABS	-0.654026252824789	-0.662922991583167	4.20856246076376e-05	TRUE	1.01360303003121
TIMM17A	ABS	-0.325158681111879	-0.251173013086738	0.028111632627118	TRUE	0.772462885591283
TIMP1	ABS	3.01768967964629	3.09772414423405	4.36289150981933e-08	TRUE	1.02652176767133
TJP1	ABS	-0.217687233990056	-0.13984199246483	0.197096675105111	TRUE	0.642398683200772
TLDC2	ABS	-0.25980568828092	-0.189453864549131	0.188808437919656	TRUE	0.729213689672107
TM9SF2	ABS	-0.230921033273455	-0.221593556018521	0.167581951399664	TRUE	0.959607502518453
TMA7	ABS	-0.468641985040057	-0.262310872765839	0.0412335482455694	TRUE	0.559725507187364
TMBIM4	ABS	-0.62010417767338	-0.544233483317611	0.00356910371805476	TRUE	0.877648470873983
TMBIM6	ABS	-0.391803300517867	-0.346481187810466	0.0123289844643469	TRUE	0.884324321292096
TMC5	ABS	0.479591444641389	0.521710097488642	0.00146401110210582	TRUE	1.08782194369365
TMC7	ABS	0.585943124793116	0.690647668842879	0.000400574730203785	TRUE	1.17869403977857
TMCC1	ABS	0.379606490029245	0.431149692307636	0.00671818207263713	TRUE	1.13578061395742
TMCO4	ABS	0.433399386116231	0.526657445609337	0.00443045430463961	TRUE	1.2151781070315
TMED10	ABS	-0.437816452027358	-0.399263662184233	0.00851439060889057	TRUE	0.911943030773279
TMED2	ABS	-0.484500192074784	-0.463142018586948	0.0227708685680639	TRUE	0.955917100060635
TMED4	ABS	-0.269303227753537	-0.182906765097308	0.0697778415729954	TRUE	0.679185194411044
TMED5	ABS	-0.321804349242897	-0.258239734370076	0.0320905409818032	TRUE	0.802474344978964
TMED7	ABS	-0.535086398874981	-0.57396494906754	0.0095272860302968	TRUE	1.0726584534279
TMEM104	ABS	0.307330828941074	0.45360347761671	0.00273517089452566	TRUE	1.47594525150512
TMEM120B	ABS	0.464382728936822	0.547996429511923	0.00297218035667366	TRUE	1.18005342439528
TMEM126A	ABS	-0.537364729511162	-0.465343910509505	0.00941931985193725	TRUE	0.86597404882309
TMEM126B	ABS	-0.683198410428509	-0.597818408419115	0.0014574952958271	TRUE	0.875028980298941
TMEM131	ABS	-0.143840517256837	-0.156717579257061	0.102356397071697	TRUE	1.08952319030688
TMEM143	ABS	0.325203378011698	0.431170031842774	0.0107794857415465	TRUE	1.32584733430187
TMEM14A	ABS	-0.350574692504387	-0.278901219385586	0.0773863595510761	TRUE	0.795554343621355
TMEM14B	ABS	-0.504934308011846	-0.448218410244531	0.00430861650888953	TRUE	0.887676680179188
TMEM14C	ABS	-0.573441946192389	-0.556270392153357	0.00128314677841232	TRUE	0.970055287805418
TMEM164	ABS	-0.208847407430523	-0.16432822527932	0.0817393083767732	TRUE	0.786833924830919
TMEM167A	ABS	-0.29329883745295	-0.228761236339814	0.115012932438898	TRUE	0.779959574086315
TMEM170A	ABS	-0.376468435711277	-0.337033173699878	0.0110599748941656	TRUE	0.895249486356294
TMEM171	ABS	-0.951464910184258	-0.850830412163716	0.000566971861589983	TRUE	0.894232044772883
TMEM183A	ABS	-0.502814946765004	-0.414066439269475	0.00176160067028653	TRUE	0.823496679908749
TMEM184B	ABS	0.35440387093674	0.433704476813692	0.00282146666413253	TRUE	1.22375773060082
TMEM220	ABS	-0.195284752907859	-0.113666924930048	0.337578974190601	TRUE	0.582057345683714
TMEM230	ABS	-0.52640757570395	-0.515053209978341	0.000598872430880125	TRUE	0.978430466715025
TMEM236	ABS	-0.165886889317158	-0.131468832035096	0.298403618937198	TRUE	0.79252093143866
PGAP4	ABS	-0.313194235249014	-0.2400846702948	0.0652035250143221	TRUE	0.766567973717377
TMEM267	ABS	0.235157216725162	0.265424188771164	0.087977451109115	TRUE	1.12870951811518
TMEM30B	ABS	-0.735258989966211	-0.731685168799363	0.00965806322205281	TRUE	0.995139371003118
TMEM33	ABS	-0.587888532357631	-0.572528165958449	0.00241968039127585	TRUE	0.973871974781373
TMEM39B	ABS	0.285209650653537	0.386382979917311	0.0162728253326993	TRUE	1.35473319024073
TMEM50A	ABS	-0.372603129644166	-0.322665528746365	0.0332119082600281	TRUE	0.865976431959948
TMEM59	ABS	-0.424730579629099	-0.397510912279889	0.02237489959567	TRUE	0.935913097255723
TMEM63A	ABS	0.535329922990433	0.613242038633347	0.00142170999701795	TRUE	1.14554037108123
TMEM65	ABS	-0.155501815287928	-0.0930561483475486	0.453345330851289	TRUE	0.598424836232589
TMEM98	ABS	-0.432047909703116	-0.363465234654692	0.032252845810163	TRUE	0.841261412199515
TMEM9B	ABS	-0.545853983092216	-0.504658300921407	0.024739687034112	TRUE	0.924529849654227
TMSB10	ABS	-0.482816360990174	-0.39950145895535	0.00636667615642696	TRUE	0.827439770549699
TMTC2	ABS	0.501653280837986	0.518444876872752	0.00679262352129047	TRUE	1.03347251314038
TMX1	ABS	-0.420332324182538	-0.408156295515087	0.0203730531623577	TRUE	0.971032376129694
TNFAIP8	ABS	0.38074777290461	0.44859322817734	0.015665299209675	TRUE	1.17819002526307
TNFRSF10A	ABS	0.567332046931897	0.613431717587569	0.00167284453573409	TRUE	1.08125694803418
TNFRSF10D	ABS	0.348795571695198	0.396021622588384	0.0133591503017621	TRUE	1.13539750709466
TNK2	ABS	0.387080442367201	0.529650927735727	0.000811090635172186	TRUE	1.36832262693675
TNRC18	ABS	0.324955984682224	0.441063271031935	0.0091160246972029	TRUE	1.35730157874536
TOB1	ABS	-0.521739975017026	-0.59209849728063	0.00607183645639358	TRUE	1.13485361603988
TP53I13	ABS	0.403626875254816	0.575425599747482	0.00354114960435468	TRUE	1.42563747615717
TP53INP2	ABS	-0.622869483747249	-0.403459437938148	0.0971996497071037	TRUE	0.647743144375758
TPK1	ABS	0.402129476244367	0.474339802671942	0.00113620826652141	TRUE	1.17956984178821
TPM3	ABS	-0.335566487919246	-0.322567795107439	0.00636667615642696	TRUE	0.961263435772718
TPP1	ABS	-0.335975229668501	-0.270388606798935	0.0694416040808975	TRUE	0.804787326332721
TPRKB	ABS	-0.312169029050394	-0.243287502104141	0.0398424996823667	TRUE	0.779345416949952
TPST1	ABS	0.181868154319529	0.302529797322431	0.0216164311047207	TRUE	1.66345668627015
TPT1	ABS	-0.558978126666926	-0.484799041306673	0.00196126498242202	TRUE	0.867295191311746
TRA2B	ABS	-0.440281276898687	-0.466751654689296	0.00281954226974499	TRUE	1.06012151590244
TRABD2A	ABS	-0.294207355491609	-0.289352392571802	0.0216581799465067	TRUE	0.983498159277171
TRAF2	ABS	0.297646382564782	0.426690733974577	0.00734005542036396	TRUE	1.43354920122944
TRAF5	ABS	0.266517426422348	0.284308821167304	0.133081275097886	TRUE	1.06675508984078
TRAK2	ABS	-0.267149127498561	-0.195289145893255	0.10835383899818	TRUE	0.731011730121811
TRAM1	ABS	-0.286578459906656	-0.269767303781457	0.087977451109115	TRUE	0.94133838205888
TRAP1	ABS	0.550051821422514	0.635541528230129	0.00742206451268933	TRUE	1.1554211866557
TRAPPC1	ABS	-0.229864794832219	3.29113431465852e-05	0.999786871142773	FALSE	-0.000143176962660191
TRAPPC12	ABS	0.282739133177341	0.353810845358422	0.00941931985193725	TRUE	1.25136850135458
TRAPPC2	ABS	-0.220705503422802	-0.178930220362317	0.116291166235799	TRUE	0.810719341327632
TRIM13	ABS	-0.302705853323936	-0.327310889592772	0.0357517865656346	TRUE	1.0812836487919
TRIM16	ABS	0.295576258934646	0.364686476002573	0.00544898448722794	TRUE	1.23381518298196
TRIM2	ABS	0.356208153910484	0.320384782972288	0.0292044762934297	TRUE	0.899431356231115
TRIM65	ABS	0.267446338006525	0.358498895709947	0.0140946517211439	TRUE	1.34045168979356
TRIM66	ABS	0.241812949081598	0.352416029560725	0.0379152127347666	TRUE	1.4573910574235
TRIP6	ABS	0.384060299666488	0.535607919670286	0.0145840918617501	TRUE	1.39459329729056
TRMT5	ABS	-0.617077676475203	-0.445616269950342	0.0204400656546356	TRUE	0.722139670479959
TRNAU1AP	ABS	0.387168304852677	0.477710310231642	0.00354114960435468	TRUE	1.23385696670965
TSC2	ABS	0.283373777216276	0.380290413891247	0.0259804778331224	TRUE	1.34200989811772
TSEN2	ABS	0.241327513478617	0.279243273773872	0.147914940673149	TRUE	1.15711329283892
TSEN34	ABS	-0.180230577732242	-0.0911074272395656	0.455061944441929	TRUE	0.505504828236852
TSG101	ABS	-0.161699502330324	-0.113260916587172	0.221386528353608	TRUE	0.70044072464614
TSPAN13	ABS	-0.577076766586574	-0.509730092855326	0.0394325155521472	TRUE	0.883296854715526
TSPAN3	ABS	-0.521031844908062	-0.464982947702704	0.0240206151197567	TRUE	0.89242711793317
TSPAN5	ABS	0.626274510164098	0.762143331980577	0.00297218035667366	TRUE	1.21694771160474
TSPAN7	ABS	-1.03138207283764	-0.909709251718765	0.000347956400149917	TRUE	0.882029342643007
TSPYL1	ABS	-0.676506330390313	-0.587016495233552	0.00388395216249472	TRUE	0.867717667763538
TST	ABS	-0.529081303737936	-0.332191551421705	0.0229987614714688	TRUE	0.627864846243453
TTC22	ABS	-0.358941320607735	-0.266612620292365	0.0606852585607311	TRUE	0.742774946726543
TTC3	ABS	0.289053284401994	0.228583828146091	0.0878524194562043	TRUE	0.790801698098657
TTC39C	ABS	0.368598179501126	0.482114811129431	0.0106682828400631	TRUE	1.3079685086398
TTC7A	ABS	0.352587844062139	0.481836349237958	0.0113816423768826	TRUE	1.36657107541416
TTF1	ABS	0.269052687071175	0.351449692986385	0.025788048364805	TRUE	1.30624858949434
TTL	ABS	0.436846980053949	0.504495438919949	0.000309255723399565	TRUE	1.15485618982108
TTLL3	ABS	0.704747255393717	0.782509708457818	0.000309255723399565	TRUE	1.11034090940965
TTLL5	ABS	0.246833646723379	0.256441040099964	0.0379152127347666	TRUE	1.03892254360019
TTYH3	ABS	0.773669639634931	0.874670025833934	0.000172056435963301	TRUE	1.13054717546712
TULP3	ABS	0.453197287003585	0.515968970907479	0.0109523741673098	TRUE	1.13850851649824
TUSC1	ABS	-0.732131500160316	-0.610779338317806	0.00138290482976682	TRUE	0.834248134637101
TUSC2	ABS	-0.41044193907564	-0.326912715641736	0.0231384737235092	TRUE	0.796489550697424
TWSG1	ABS	0.952818160665514	0.955318507879995	2.33575504226277e-05	TRUE	1.00262415990553
TXN	ABS	-0.726904528617633	-0.718569108312309	0.00155290299987778	TRUE	0.988532991641728
TXNIP	ABS	-0.374517590718996	-0.325168142604644	0.0341645809282518	TRUE	0.868231962029843
TXNL1	ABS	-0.232926060761252	-0.166124681715398	0.131815703259534	TRUE	0.713207792947115
TYK2	ABS	0.154241531254777	0.336899555002414	0.0136407204529312	TRUE	2.18423372914991
TYW1	ABS	0.272192567894394	0.341917978235555	0.0152320279922251	TRUE	1.25616206526334
TYW1B	ABS	0.242991974058268	0.346399376238321	0.0327006906823316	TRUE	1.42555892053972
ENSG00000275895	ABS	-0.16016432274084	-0.0589844694105686	0.506502769862783	TRUE	0.368274709380882
UAP1	ABS	-0.306371039675703	-0.34545602406599	0.0526049374673925	TRUE	1.1275740175431
UBA7	ABS	0.347815039708822	0.515305480763707	0.00658825580540309	TRUE	1.48155031247384
UBALD1	ABS	0.31646392579118	0.402968052740331	0.0191007886472946	TRUE	1.27334593266163
UBAP2	ABS	0.230019859005066	0.257655080445709	0.0704611053727833	TRUE	1.12014276315174
UBB	ABS	-0.489421259817556	-0.102870291833528	0.450205188861159	TRUE	0.210187624198988
UBE2A	ABS	-0.849853324314107	-0.737779596983164	0.00329615111014953	TRUE	0.868125799918009
UBE2B	ABS	-0.143329197218756	-0.122659735730604	0.236097025308164	TRUE	0.85579029333008
UBE2D1	ABS	-0.403674985209697	-0.356767793994541	0.0337662378713381	TRUE	0.88379960876003
UBE2E3	ABS	-0.463837724090084	-0.434135273884736	0.0202150906336438	TRUE	0.935963703117043
UBE2H	ABS	0.195227587926076	0.245127957106436	0.0230306352770873	TRUE	1.25560101269732
UBE2N	ABS	-0.432699842256408	-0.389076408382924	0.00991202055591501	TRUE	0.899183152815587
UBE2O	ABS	0.182310573267123	0.286348412149932	0.0476685181869786	TRUE	1.57066267204575
UBE4B	ABS	0.25896340205597	0.314333236942478	0.0136407204529312	TRUE	1.21381335913459
UBQLN1	ABS	-0.38806456938245	-0.37343408963126	0.0113816423768826	TRUE	0.962298852032609
UBR1	ABS	0.27553623714001	0.348421596645966	0.00961189824323733	TRUE	1.2645218656627
UBR7	ABS	-0.515909708366144	-0.452883895017465	0.00245129397640225	TRUE	0.877835574080826
UBXN7	ABS	0.176858993874385	0.208284299019479	0.0850754677329175	TRUE	1.17768564920942
UCHL3	ABS	-0.607615430151042	-0.503276041179501	0.00896478317578127	TRUE	0.828280547540401
UFL1	ABS	-0.274925057747983	-0.355499348471421	0.0483459223571395	TRUE	1.29307728943827
UFM1	ABS	-0.446554969370455	-0.365903719773404	0.0489622817200159	TRUE	0.819392336601356
UGDH	ABS	-0.523294678806365	-0.476344743804301	0.0014550916101087	TRUE	0.910280121500267
UGP2	ABS	-0.345394696182539	-0.298454009294697	0.0607389444067417	TRUE	0.864095519107118
UGT2A3	ABS	-1.02703096030654	-1.0616779505162	0.000347956400149917	TRUE	1.03373509811166
ULK1	ABS	0.360822703329799	0.446204244115891	0.0061227693339574	TRUE	1.23663017875029
UNC45A	ABS	0.231183057152822	0.339418985120872	0.0205589759358894	TRUE	1.46818278684022
UNC50	ABS	-0.605707727073903	-0.536785977254059	0.00705916501603546	TRUE	0.886212860197779
UNG	ABS	-0.472966916645501	-0.338692490441505	0.025549708300364	TRUE	0.716101863622234
UNK	ABS	0.341955027264175	0.400532724816604	0.0139431208237863	TRUE	1.17130234353062
UPF3A	ABS	0.349284320196968	0.395822378618049	0.0148865222795572	TRUE	1.13323832685887
UQCR10	ABS	-0.328150618013808	-0.127910723101413	0.259594585244909	TRUE	0.389792723462222
UQCRC1	ABS	-0.280300757357341	-0.186480254598478	0.131129675239998	TRUE	0.665286303028943
UQCRC2	ABS	-0.38761130675829	-0.380682384076301	0.00517586053002125	TRUE	0.982124043955432
UQCRFS1	ABS	-0.553323003262553	-0.47010334798967	0.00167284453573409	TRUE	0.849600224855653
UQCRH	ABS	-0.371073709793775	-0.267542150786897	0.0277153605325602	TRUE	0.720994626473495
UQCRQ	ABS	-0.319852172532908	-0.11134012144424	0.377466982021054	TRUE	0.348098687473459
URAD	ABS	-0.94714721743441	-0.811489614987697	0.0506906563742503	TRUE	0.856772421488841
URB1	ABS	0.192345033985108	0.246501476775293	0.0530402333006881	TRUE	1.28155883033808
URGCP	ABS	0.149242015928378	0.218098826678153	0.0422009759814375	TRUE	1.46137684700547
URM1	ABS	0.255815521109459	0.332441431584936	0.0162728253326993	TRUE	1.29953581449301
ATP5MK	ABS	-0.322894782833807	-0.299678136118325	0.0384280149525027	TRUE	0.928098414871475
USP22	ABS	-0.17758063022065	-0.101985554257195	0.307181804176777	TRUE	0.574305621792618
USP32	ABS	0.263382932746987	0.331031149390378	0.0294994312520371	TRUE	1.2568435848817
USP36	ABS	0.345002264074868	0.457159621586817	0.00776282718838834	TRUE	1.32509165646406
USP38	ABS	-0.59978961095434	-0.579782153838272	0.00909520756293701	TRUE	0.966642541400085
USP40	ABS	0.290770131157614	0.379919903115464	0.00197437916464898	TRUE	1.30659879542278
USP49	ABS	0.235187732945249	0.365328558326884	0.0516440937544761	TRUE	1.55334869617512
USP6NL	ABS	0.129768562394857	0.189472250030986	0.0698183079226759	TRUE	1.46007820795967
VAC14	ABS	0.317255497228446	0.399376804019045	0.00843904263101011	TRUE	1.25884912163229
VAMP2	ABS	-0.172382791719389	-0.0636440492031722	0.548508299137904	TRUE	0.36920187083856
VAMP8	ABS	-0.253695400096335	-0.0272377079800456	0.848250816882093	TRUE	0.107363822795773
VAPA	ABS	-0.369073832748274	-0.328117575892715	0.0550994738240446	TRUE	0.889029637916668
VAV3	ABS	-0.145123663941967	-0.148451657706363	0.231239354675031	TRUE	1.02293212336292
VDAC2	ABS	-0.682774240675121	-0.6607785352013	0.00115413809654006	TRUE	0.967784804751755
VDAC3	ABS	-0.27188258999476	-0.27631503492463	0.0352839802129682	TRUE	1.01630279059044
VGLL4	ABS	0.344874684766284	0.409179234545074	0.0200088101523695	TRUE	1.18645772687655
VIL1	ABS	-0.330806654740844	-0.277850528000845	0.00732894506322606	TRUE	0.839918193962921
SELENOS	ABS	-0.309030831401473	-0.251827594818737	0.0439248906867413	TRUE	0.81489472644747
VOPP1	ABS	0.155645927423801	0.220775044764064	0.0194070365030623	TRUE	1.41844408278622
VPS25	ABS	-0.38338563735617	-0.286315659496699	0.0439248906867413	TRUE	0.746808517583325
VPS29	ABS	-0.278449543758561	-0.232803989224985	0.0061764229967061	TRUE	0.836072439130466
VPS36	ABS	-0.168335519294546	-0.163891064345534	0.107124867692654	TRUE	0.973597640191226
VPS4B	ABS	-0.16388009415665	-0.137471951203954	0.215937900310073	TRUE	0.838856921039764
VPS53	ABS	0.13320842131737	0.207389359464335	0.0740559824752876	TRUE	1.55687874244999
VRK2	ABS	0.187695330135345	0.20772659093443	0.151328985364517	TRUE	1.10672221191993
VWA1	ABS	1.03468210399253	1.11371053173114	0.00167284453573409	TRUE	1.07637942845794
WASF2	ABS	0.179011098201067	0.246370322629675	0.031130078707723	TRUE	1.37628518625671
WASL	ABS	-0.304911792081151	-0.375403201689391	0.0322128468192181	TRUE	1.23118623627872
WDR1	ABS	-0.510882080400354	-0.444705424638129	0.00391550926401034	TRUE	0.870465889681693
WDR27	ABS	0.346833584878549	0.426600177993752	0.011587296747929	TRUE	1.22998520498854
WDR31	ABS	0.362720324448751	0.465592027647835	0.023922362621675	TRUE	1.28361163206232
WDR46	ABS	0.355159521871646	0.463503294647738	0.00383758771253871	TRUE	1.30505664667284
DNAI3	ABS	-0.470043998682115	-0.37492926817913	0.024739687034112	TRUE	0.797647176073596
WDR73	ABS	0.36663116744418	0.467650870905942	0.00537030823513497	TRUE	1.27553495837787
WRNIP1	ABS	-0.380586645119099	-0.309644356738325	0.0213195085704204	TRUE	0.813597536091753
WTAP	ABS	-0.533376233880793	-0.421112500268921	0.00537030823513497	TRUE	0.789522429983331
WWC1	ABS	0.464176423236873	0.540387244302456	0.000400684433570234	TRUE	1.16418503235071
WWP2	ABS	0.276235840876294	0.392825580834208	0.00538647864609802	TRUE	1.42206594042272
WWTR1	ABS	-0.298688600209842	-0.174636617865947	0.131129675239998	TRUE	0.58467788105491
XACT	ABS	0.777730065905398	0.770333292070971	0.00106073880557063	TRUE	0.990489278788759
XDH	ABS	0.252247365175376	0.285516752688674	0.0709712312942515	TRUE	1.13189191288546
XPNPEP3	ABS	0.169614920976323	0.224822203221263	0.0691858003700567	TRUE	1.32548600044831
XPO4	ABS	0.198146905470676	0.200708837239093	0.174332850872471	TRUE	1.01292945636638
XPO5	ABS	0.205406281961766	0.255086209909306	0.0320056487774159	TRUE	1.2418617749811
XPO7	ABS	-0.300722041083869	-0.285313449393023	0.0205589759358894	TRUE	0.948761349067366
XRRA1	ABS	0.261960561653124	0.317583660681664	0.0366498173500701	TRUE	1.21233386689022
XYLT1	ABS	0.228594535865503	0.325480755074891	0.00705590758374966	TRUE	1.42383436175566
YAP1	ABS	0.300657917921287	0.323477628259282	0.0236897695608924	TRUE	1.07589924953837
YIPF2	ABS	0.512265428608439	0.583812639885994	0.0068580123975119	TRUE	1.13966824088034
YIPF6	ABS	-0.290790568142959	-0.301196916788826	0.0649188786307484	TRUE	1.03578640363862
YME1L1	ABS	-0.253643833561896	-0.23028788168855	0.0316058067759561	TRUE	0.907918313860183
YRDC	ABS	-0.326189858005444	-0.239570611583546	0.0399393762722349	TRUE	0.734451442017388
YWHAB	ABS	-0.352621452548686	-0.336250792299345	0.0128424784876309	TRUE	0.953574406403762
YWHAE	ABS	-0.444206387950831	-0.438714744453515	0.00356910371805476	TRUE	0.987637180269627
YWHAH	ABS	-0.558525313295818	-0.460781013832092	0.0179536212435994	TRUE	0.824995757332924
YWHAQ	ABS	-0.530408996951286	-0.506800576097933	0.00240114323943273	TRUE	0.955490157616009
PTGR3	ABS	-0.227515883087615	-0.172907066922117	0.117082148427362	TRUE	0.759978004944522
ZBTB1	ABS	0.505038138382055	0.505581731458841	0.00565850508788123	TRUE	1.00107634064732
ZBTB4	ABS	0.473426430276334	0.563421352433895	0.000200470600558963	TRUE	1.19009272909633
ZC3H12A	ABS	0.617937009864585	0.750002522112781	0.00331381646486346	TRUE	1.21372002346507
ZC3H15	ABS	-0.220841132038066	-0.241236154811624	0.106020955458283	TRUE	1.0923515587216
ZCCHC7	ABS	0.2725045274829	0.29490304195848	0.0233800474841309	TRUE	1.08219501775795
ZDHHC21	ABS	-0.283914147104205	-0.226390950718528	0.165081142213943	TRUE	0.797392285758255
ZDHHC24	ABS	0.269051260203439	0.337927383472396	0.0136407204529312	TRUE	1.2559962856776
ZDHHC6	ABS	-0.519045215212688	-0.532368628695809	0.0090220950991604	TRUE	1.02566908063619
ZDHHC7	ABS	-0.121124846582595	-0.0534061928443108	0.450205188861159	TRUE	0.440918559247818
ZDHHC8	ABS	0.393603236407213	0.496764043269451	0.0147160075328465	TRUE	1.26209339080614
ZFAND6	ABS	-0.227901329573579	-0.239192149841385	0.0423211547686032	TRUE	1.04954258182228
ZFP36	ABS	-0.418491602233589	-0.373477950280727	0.037885515495756	TRUE	0.892438338756111
ZFYVE9	ABS	0.299148274029068	0.369735388880839	0.00786120947892733	TRUE	1.23596029454247
ZG16	ABS	-1.79512805025674	-1.55552110334306	0.00474638246475407	TRUE	0.866523757522809
ZHX2	ABS	0.705580361380551	0.748918937964484	4.79507946871417e-05	TRUE	1.06142259472633
ZKSCAN1	ABS	0.32920088123003	0.359796632623417	0.00821335159425519	TRUE	1.09293945775318
ZMIZ2	ABS	0.158367537270618	0.368952134951725	0.0136480211711005	TRUE	2.32972073260987
ZMYM2	ABS	0.341006770655989	0.364284440195825	0.00941931985193725	TRUE	1.06826160517299
ZMYM5	ABS	0.444660907204113	0.514831589143509	0.00160130953007567	TRUE	1.15780717576593
ZNF106	ABS	0.324445954521456	0.337685768027684	0.015665299209675	TRUE	1.04080745443646
ZNF131	ABS	0.177961034707489	0.19565203064999	0.103596320584913	TRUE	1.0994093789777
ZNF142	ABS	0.202107323696027	0.325769061109505	0.0415824208914976	TRUE	1.61186173341975
ZNF282	ABS	0.402844960509633	0.533388927268316	0.000930068353480336	TRUE	1.32405510694123
ZNF3	ABS	0.373647514617273	0.425354829532978	0.00775263751808337	TRUE	1.1383852772811
ZNF316	ABS	0.539457039219039	0.645226619772203	0.000781576729033477	TRUE	1.19606673537208
ZNF335	ABS	0.340426967767775	0.46236592703556	0.00461444825222912	TRUE	1.35819418205131
ZNF346	ABS	0.276501041932684	0.350237449407211	0.0124611538510317	TRUE	1.26667677980208
ZNF398	ABS	0.24361627543492	0.300424991374207	0.0360555011912589	TRUE	1.23318932956293
ZNF444	ABS	0.329399578390947	0.427428617197291	0.0198386903084238	TRUE	1.29759916295339
ZNF506	ABS	0.373164768351713	0.462954845739078	0.00196126498242202	TRUE	1.24061777799649
ZNF526	ABS	0.473081480909637	0.564607689358466	0.0107087757639191	TRUE	1.19346817016139
ZNF562	ABS	0.293410548129001	0.377288015822607	0.0106352525907855	TRUE	1.28587066221194
ZNF565	ABS	0.488791034608008	0.54301930289332	0.00369613986662009	TRUE	1.11094366394998
ZNF589	ABS	0.338226528329796	0.419291588293302	0.00329615111014953	TRUE	1.23967682358866
ZNF611	ABS	0.360324449244196	0.423613792832579	0.00826235321839162	TRUE	1.17564543211302
ZNF664	ABS	-0.643769797308409	-0.599295622416555	0.00684640753329322	TRUE	0.930916027626957
ZNF69	ABS	0.467158560373655	0.504493836721055	0.00346297089351183	TRUE	1.07991992337149
ZNF703	ABS	0.168756385146874	0.290165507728505	0.0445950012780996	TRUE	1.71943424526405
ZNF706	ABS	-0.375231729825163	-0.289707815100636	0.0197211599430667	TRUE	0.772077071508915
ZNF710	ABS	0.523179827037797	0.628362571995108	0.00167284453573409	TRUE	1.20104510824289
ZNF771	ABS	0.292358656774889	0.387842958692856	0.0503612897421991	TRUE	1.32659987896814
ZNF786	ABS	0.32181996954687	0.36687167057116	0.0155576495574101	TRUE	1.13999038371585
ZNF814	ABS	0.33906907445904	0.423634615521391	0.0106682828400631	TRUE	1.24940505469946
ZNF827	ABS	0.2563804344357	0.308025721731181	0.0245879169308869	TRUE	1.20144004907845
ZNF846	ABS	0.496411613377203	0.56943752320729	0.00270815822155047	TRUE	1.14710757738578
ZNFX1	ABS	0.25183889968594	0.30278020644945	0.0231384737235092	TRUE	1.20227735598844
ZNRF3	ABS	0.330200128486528	0.38000779826899	0.0277153605325602	TRUE	1.15084085524362
ZP3	ABS	0.405714213920115	0.53233530238854	0.027067247719484	TRUE	1.3120942873679
ZRANB2	ABS	-0.256296963737282	-0.335677521435876	0.0394675500916901	TRUE	1.30972102260237
ZRANB3	ABS	0.393786514185384	0.462704220938435	0.0026134606090065	TRUE	1.17501286679565
ZSWIM5	ABS	0.194297160148128	0.253493882301833	0.0445338554224953	TRUE	1.30467106214303
ZYX	ABS	0.528639225808502	0.62436506615696	0.00339442177327955	TRUE	1.18107971500233
ABCC5	GOB	0.39047744504261	0.40011016817924	0.0620856472692872	TRUE	1.02466908974878
ABCD3	GOB	-0.342994331229191	-0.305267642114978	0.0947883058645962	TRUE	0.890007834884584
ABHD14A	GOB	0.574581741867177	0.632791069872956	0.0101186596000264	TRUE	1.10130730540901
ABHD5	GOB	-0.430521719153289	-0.422507642195831	0.0540503849435261	TRUE	0.981385197073868
ABI2	GOB	0.52086979680061	0.588720789434716	0.0106073724842581	TRUE	1.13026478603842
ABLIM2	GOB	0.705894319338849	0.712100717495492	1.33994890547298e-05	TRUE	1.0087922483389
ABR	GOB	0.262458951029197	0.304880324481864	0.137741229772936	TRUE	1.16163050749962
ABRACL	GOB	-1.05884360578507	-0.96615206346666	8.99934416322249e-05	TRUE	0.912459647664695
ENSG00000235419	GOB	-0.586581637219928	-0.605054947305007	0.0019134280938449	TRUE	1.03149316124629
ENSG00000276256	GOB	-0.545190246932412	-0.486210429174131	0.0404753248475372	TRUE	0.891817914773532
MAP3K20	GOB	1.09221320777285	1.07350103363411	0.000123581527875529	TRUE	0.982867654405226
ENSG00000236449	GOB	-0.877955151503508	-0.886602504187548	1.48769286805657e-05	TRUE	1.0098494241639
ENSG00000225421	GOB	-0.695401820695017	-0.680009939472459	0.00448730654207438	TRUE	0.977866205171601
ENSG00000249319	GOB	0.458102785845845	0.533106377193989	0.00626209940466176	TRUE	1.16372655584195
EPCAM-DT	GOB	0.42835128985627	0.504030688537823	0.00840820638674882	TRUE	1.17667601446221
ENSG00000226963	GOB	1.17297253557912	1.1498148660713	0.000149924272066263	TRUE	0.980257279002372
ENSG00000271254	GOB	-0.916652019184001	-0.863409256482033	3.15802794246291e-05	TRUE	0.941916058015816
ACAA2	GOB	-0.771340861111211	-0.841993537301477	0.000565119440788481	TRUE	1.09159721694049
ACAD9	GOB	0.262147106467414	0.276427281146219	0.036445910980618	TRUE	1.05447389777152
ACADM	GOB	-0.465726949823423	-0.49258053969356	0.00186849812576688	TRUE	1.05765951461542
ACAT1	GOB	-0.385562099486967	-0.408892074092686	0.00720773530606196	TRUE	1.06050899358822
ACE	GOB	0.660903744836425	0.69976270668054	0.00197759577130477	TRUE	1.05879670397954
ACIN1	GOB	0.189228335515699	0.215424975428711	0.0984500342408992	TRUE	1.13843930847681
ACOT2	GOB	-0.260958738353583	-0.208794903893221	0.137077862670625	TRUE	0.800106964076123
ACSF2	GOB	-0.745614797578938	-0.678844680456828	0.00220735995527474	TRUE	0.910449581554823
ACSS1	GOB	0.308817950875807	0.277407570244636	0.0561517008929423	TRUE	0.898288358749578
ACSS2	GOB	-0.76846408600484	-0.680642536283378	0.000478973160989815	TRUE	0.885718081923599
ACTB	GOB	-0.723751928056456	-0.690584796894695	0.000268387231522533	TRUE	0.954173343274087
ACTG1	GOB	-0.383056580792802	-0.286519261348277	0.0736016702968806	TRUE	0.747981566470612
ACTN1	GOB	0.513988322380123	0.571699775363018	0.000197570960793684	TRUE	1.11228164234481
ACTR10	GOB	-0.841609334803313	-0.81666473579045	0.00616599036746103	TRUE	0.970360833724958
ACTR3	GOB	-0.492174778820352	-0.429881298569475	0.00820357265468205	TRUE	0.873432197399098
ACTR3C	GOB	0.465385630079844	0.511911808058715	0.00207419057375771	TRUE	1.09997338759877
ACVR1	GOB	0.385037401143958	0.392161754434636	0.0388499589007353	TRUE	1.01850301625118
ACVRL1	GOB	0.46042476563724	0.471412341325868	0.0241134582308438	TRUE	1.02386399800502
ADAMTSL4-AS1	GOB	0.285409512983465	0.407717797141056	0.0543999212466985	TRUE	1.4285361159797
ADCY3	GOB	0.842954485435657	1.03266760659137	6.60952813534238e-05	TRUE	1.22505737193826
ADCY6	GOB	0.160182359475946	0.236679083076645	0.0589405998376917	TRUE	1.47756022480232
ADGRE3	GOB	-0.557027142734215	-0.501114411731285	0.0384299926925754	TRUE	0.899622968589147
ADGRE5	GOB	0.791303849004161	0.798347427415359	0.000117111186785866	TRUE	1.00890123107585
ADGRG1	GOB	0.290005442609866	0.31689555930404	0.0206996793460361	TRUE	1.09272280013844
ADGRG6	GOB	0.911965448008503	1.02960230830372	0.000578478245219824	TRUE	1.12899267242208
ADGRL1	GOB	0.83714258180112	0.737876625150875	0.00626209940466176	TRUE	0.881422879676395
ADH5	GOB	-0.61244329775782	-0.574833943755758	0.00253321771515614	TRUE	0.938591288140876
ADI1	GOB	-0.331721276862039	-0.300533269213197	0.040946471588318	TRUE	0.905981286627529
ADIPOR1	GOB	-0.510950638867338	-0.450072623255749	0.0229030806916662	TRUE	0.880853430878291
ADPGK	GOB	0.396835453871502	0.461727778671674	0.00591365437225442	TRUE	1.16352451417102
AGAP3	GOB	1.04419424679826	1.03842294565103	1.48198550439362e-07	TRUE	0.994472962128525
AGAP6	GOB	0.339732166841634	0.351883787567563	0.0617618422794261	TRUE	1.03576823719372
AGBL4	GOB	1.410032521569	1.49912091701025	8.9254064480175e-09	TRUE	1.06318180189356
AGFG2	GOB	-0.284713433380484	-0.23164373656381	0.172949325420869	TRUE	0.813603115994343
AGO3	GOB	0.17802230204362	0.177347128767011	0.225384138166191	TRUE	0.996207366892472
AGO4	GOB	0.157366879282189	0.205565361801495	0.122684228948237	TRUE	1.30628098326127
AGPAT5	GOB	-0.22420746196193	-0.088267825571942	0.568410480994335	TRUE	0.393688170766278
AGR2	GOB	-0.857101122984313	-0.88663850898	0.000482751571110345	TRUE	1.03446196160943
AHCYL2	GOB	-0.37258059326871	-0.296447231221432	0.0284784713765446	TRUE	0.795659346131403
AHSA1	GOB	-0.332347673843172	-0.297875910139099	0.0303518978483801	TRUE	0.896278005182189
AIMP2	GOB	0.454381867198039	0.520663674465019	0.017078739052848	TRUE	1.14587247434786
AK2	GOB	-0.445037274349795	-0.405965598281257	0.0170701751660395	TRUE	0.912205834610994
AK6	GOB	-0.239698878099344	-0.178798870433101	0.27608537212632	TRUE	0.745931194383803
AKAP8	GOB	0.285738273203642	0.331626272723615	0.0136861999781973	TRUE	1.1605945154126
AKAP8L	GOB	0.237618571520065	0.263352613573791	0.0662978460338645	TRUE	1.10829979276916
AKR1B10	GOB	-0.982115540127793	-0.915883203348905	0.00114809638777285	TRUE	0.932561563204396
ALDH2	GOB	-0.276062311278584	-0.244327581408109	0.0536614624741723	TRUE	0.885045047534758
ALDH3B1	GOB	0.501480161220347	0.455442285015136	0.0594859669177641	TRUE	0.908196016980655
ALDH6A1	GOB	-0.358149563021772	-0.352472939529138	0.0238645359099488	TRUE	0.984150131456983
ALDH9A1	GOB	-0.551516431649698	-0.456312175781125	0.0327486809931469	TRUE	0.827377299378374
ALG2	GOB	-0.43318925466144	-0.369924268743455	0.180965124815542	TRUE	0.853955320365852
ALS2CL	GOB	0.888166338667339	0.900758427344902	0.000827794290974349	TRUE	1.01417762431355
ANKRD13D	GOB	0.632837902023559	0.596417111625602	0.00956149897438456	TRUE	0.942448468586508
ANKRD52	GOB	0.442670729181071	0.444251277078787	0.0385207328360424	TRUE	1.00357048206155
ANKS3	GOB	0.423124845333834	0.448579170494225	0.00468833065143611	TRUE	1.06015795442196
ANXA7	GOB	-0.364993098003143	-0.355371410944875	0.0455939057055862	TRUE	0.973638715058155
GATD1-DT	GOB	0.633080457008049	0.679943833999553	0.00175757255412909	TRUE	1.07402436210554
AP1S3	GOB	0.265705140650916	0.294795845149111	0.0722475258520607	TRUE	1.10948491409285
AP2B1	GOB	0.222333016698794	0.206465723923565	0.0420116798280908	TRUE	0.928632764441256
AP3S1	GOB	-0.410621662857588	-0.330398877410765	0.0554763658448034	TRUE	0.804630898212874
AP5M1	GOB	-0.536767685965171	-0.491182641983338	0.0229276482812471	TRUE	0.915074910107776
APBB2	GOB	0.694323502744134	0.624622234514099	0.000509869253225411	TRUE	0.899612690691647
APH1A	GOB	-0.355805702901039	-0.286025864131951	0.0398654416899377	TRUE	0.803882180077097
API5	GOB	-0.463226420947971	-0.412787916155292	0.0106780633645799	TRUE	0.891114792870711
APLP2	GOB	-0.597658761244836	-0.578718954523486	0.000477894720774509	TRUE	0.968309999033728
APOLD1	GOB	0.810957642148928	0.797413231483197	0.0194222987266784	TRUE	0.983298251398383
APOOL	GOB	-0.304606859037371	-0.266231128843207	0.223246735287937	TRUE	0.874015541490299
APP	GOB	-0.210301853371361	-0.169128940563326	0.166989959253595	TRUE	0.804219924132907
APTX	GOB	0.255854089849988	0.31016205182125	0.0321761414201281	TRUE	1.21226145731383
AQP8	GOB	-1.64697150389967	-1.64258267541518	0.00522306220799861	TRUE	0.99733521285942
ARCN1	GOB	-0.518411080336007	-0.490047363599212	0.00375305394646758	TRUE	0.945287209682302
ARF1	GOB	-0.644370069759985	-0.614749130827743	0.000327342359602245	TRUE	0.954031168854141
ARF3	GOB	-0.841492628277736	-0.8132765686605	4.57453411759543e-05	TRUE	0.966469035296263
ARF6	GOB	-0.744193896480457	-0.717359669624683	0.00422411183465059	TRUE	0.963941888017785
ARFGAP3	GOB	0.216850766526883	0.18913626240354	0.167343193936891	TRUE	0.872195498465497
ARFGEF3	GOB	0.280780706731094	0.320818474956864	0.0118860225418612	TRUE	1.14259444208934
ARHGAP18	GOB	0.297378876795214	0.392021587752629	0.0216121258152739	TRUE	1.31825633339314
ARHGAP26	GOB	0.482844376297191	0.603967841385191	0.000198874708183018	TRUE	1.25085404539008
ARHGAP8	GOB	0.400311106277209	0.496880059783649	0.0035765890631772	TRUE	1.24123475964608
ARHGEF28	GOB	0.593158740793994	0.713753201481982	1.77084125455405e-05	TRUE	1.20330891613695
ARHGEF3	GOB	1.2169776682454	1.26886345162403	3.42717572513544e-06	TRUE	1.04263495110263
ARID1A	GOB	0.300758004304884	0.342320909425738	0.00626209940466176	TRUE	1.13819384530402
ARID3A	GOB	1.02842796862036	1.05747241734818	2.74125669619397e-06	TRUE	1.02824159748084
ARID4B	GOB	0.11194638456943	0.147428871164573	0.207144788457463	TRUE	1.31695964752784
ARIH2	GOB	0.260356206855796	0.297131158428358	0.00967696322575007	TRUE	1.14124860711667
ARL1	GOB	-0.619862058651972	-0.613286669657311	0.000800537283330506	TRUE	0.989392173786276
ARL16	GOB	0.478374114941225	0.4207644180616	0.0403171112344452	TRUE	0.879571876737721
ARL17B	GOB	0.453793506991729	0.543259356939704	0.00614536803672239	TRUE	1.1971510137751
ARL3	GOB	0.346200916806373	0.329930731896966	0.0328814466918557	TRUE	0.953003634249452
ARL5A	GOB	-0.351335296296051	-0.276156700465446	0.108819835400743	TRUE	0.78602037249552
ARL6IP1	GOB	-1.01606391257364	-1.00990373910312	4.7586172184732e-05	TRUE	0.993937218521113
ARL6IP5	GOB	-0.478976873859387	-0.427253569207412	0.00804098090573119	TRUE	0.892012939507473
ARPC5	GOB	-0.466190167028898	-0.394633437046091	0.0128209196359946	TRUE	0.84650742327139
ARPIN	GOB	-0.518473087809131	-0.508486542262937	0.00117280936350765	TRUE	0.980738545970837
ARSB	GOB	1.18715033884579	1.25199597570643	7.06330050819227e-05	TRUE	1.05462293589849
ASCL2	GOB	1.91436346472367	1.70603229643035	8.80215904670568e-05	TRUE	0.891174705257242
ASH1L	GOB	0.172566707697106	0.232441275527207	0.104566784885412	TRUE	1.34696476875015
ASPSCR1	GOB	0.348658725255111	0.322365252504624	0.124763816187575	TRUE	0.924586792625802
ASRGL1	GOB	1.12572664163993	1.12074258010992	2.10117476004887e-06	TRUE	0.995572582769519
ASXL1	GOB	0.206174877190408	0.209836589172263	0.0969375958365567	TRUE	1.01776022390193
ATAD2	GOB	0.609751323639261	0.574542122215553	0.0255874926089986	TRUE	0.942256457577551
ATAD3B	GOB	0.434556411183668	0.41855697483173	0.0845191527764571	TRUE	0.963182141742293
ATF7IP	GOB	0.259254162646065	0.335001181701129	0.053377248124788	TRUE	1.29217281713804
ATF7IP2	GOB	0.400381185622692	0.376139822550191	0.103820563415222	TRUE	0.939454290203972
ATG3	GOB	-0.575103241269537	-0.510270008375385	0.00992461050693476	TRUE	0.887266792739625
ATG7	GOB	0.227645383122308	0.336520495052673	0.0101206020405411	TRUE	1.47826628608527
ATP11A	GOB	1.4929811918433	1.52387316123978	5.7024151572665e-07	TRUE	1.020691465884
ATP13A2	GOB	0.369383926937731	0.410388561715872	0.0224698075028507	TRUE	1.11100817276506
ATP23	GOB	-0.650311794979128	-0.625582653530251	0.00131968678657202	TRUE	0.961973407771774
ATP2B4	GOB	0.486580737083642	0.487707396267638	0.0467232515376008	TRUE	1.00231546195344
ATP5F1A	GOB	-0.566280878335506	-0.533394075766144	0.00146108489944337	TRUE	0.941924928374718
ATP5F1B	GOB	-0.552841633745468	-0.526544842616515	0.000741843743231893	TRUE	0.95243341035878
ATP5F1C	GOB	-0.489786252679057	-0.420493144482901	0.00227400653751874	TRUE	0.858523778858364
ATP5F1E	GOB	-0.369196826965182	-0.321109650534178	0.0238645359099488	TRUE	0.869751923855135
ATP5PB	GOB	-0.481944974225146	-0.470048101511147	0.00210814740209595	TRUE	0.975314873377139
ATP5MC1	GOB	-0.525499183803045	-0.464521884197701	0.00751011105667154	TRUE	0.88396309359788
ATP5MC3	GOB	-1.00610289313644	-0.971681963973843	1.8418672255972e-06	TRUE	0.965787863848306
ATP5PD	GOB	-0.555781410809777	-0.4873734292479	0.000646308345780341	TRUE	0.876915671824636
ATP5PF	GOB	-0.511402052117567	-0.488767227046112	0.00131474691000612	TRUE	0.955739667101978
ATP5MF	GOB	-0.334591486971593	-0.332277747845843	0.0255874926089986	TRUE	0.993084883459853
ATP5MG	GOB	-0.401097889327638	-0.370561622613734	0.0119003834419238	TRUE	0.923868293684887
ATP5PO	GOB	-0.729512976517187	-0.67691011640298	8.80215904670568e-05	TRUE	0.927893181057118
ATP6AP2	GOB	-0.669408200775481	-0.614288473816577	0.00824237995497402	TRUE	0.917659020467555
ATP6V1D	GOB	-0.479223002092639	-0.438088467352768	0.00330794067809944	TRUE	0.914164106146309
ATP5IF1	GOB	-0.187175167912432	-0.148973603368173	0.228569702355969	TRUE	0.795904740087473
ATRAID	GOB	-0.23171798112911	-0.182209516211232	0.186965075136137	TRUE	0.786341721619385
ATXN2L	GOB	0.328722907493478	0.402800954954713	0.0339663165203148	TRUE	1.22535103508935
ATXN7L1	GOB	0.403478375656585	0.489665455791279	0.000670901652268673	TRUE	1.21361015939067
ATXN7L3B	GOB	-0.513423059016881	-0.483574446049805	0.0018010913167899	TRUE	0.941863513056404
AXIN2	GOB	0.979078163084999	0.976215162488788	0.000646289858734854	TRUE	0.997075820190709
B2M	GOB	-1.15797174959704	-1.12678878320315	4.21933453175848e-05	TRUE	0.973071047368179
B3GALNT2	GOB	0.662895137658444	0.692304135488711	0.000287299663433395	TRUE	1.04436447962818
B4GALNT2	GOB	-0.36154665044132	-0.299015249828408	0.165193823611631	TRUE	0.827044724279471
B4GALT7	GOB	0.536772090023489	0.594219097413409	0.0103943682656742	TRUE	1.10702308942219
BACE2	GOB	0.959728383172676	1.03905042854091	3.11354094974199e-06	TRUE	1.08265051524892
BAIAP2	GOB	0.780384145796497	0.776311831286759	0.00767780224961443	TRUE	0.994781653969172
BANF1	GOB	-0.475407144239325	-0.469317848085025	0.00716919781172507	TRUE	0.987191407979273
BAZ1B	GOB	0.288956240286989	0.35045372536652	0.0300252918924977	TRUE	1.21282629168504
BAZ2B	GOB	0.184687852779297	0.229769199919793	0.0521753392658976	TRUE	1.24409481436967
BCAS3	GOB	0.228281643996664	0.265106409023448	0.05334092529494	TRUE	1.16131286064911
BCL10	GOB	-0.707522511063999	-0.672601510361154	0.00108481078668248	TRUE	0.950643265540301
BCL11B	GOB	0.88493173674744	0.911438371921785	0.000190735365465229	TRUE	1.02995331060424
BCL2L11	GOB	-0.569967897172732	-0.522989460599551	0.0235124847717304	TRUE	0.917577048100054
BCL7A	GOB	0.681022005086614	0.670831453221654	0.00289514212639205	TRUE	0.98503638386301
BEST4	GOB	-1.51503659060655	-1.76709934166399	0.0040616988632206	TRUE	1.1663740352017
BEX3	GOB	-0.489655803226623	-0.538970814086486	0.00141257789684444	TRUE	1.10071362482564
BEX4	GOB	-1.73185741074755	-1.70719074722607	3.54325684052984e-06	TRUE	0.985757104846849
BICDL1	GOB	0.362926276063415	0.354709847270565	0.0746859066917637	TRUE	0.977360611962374
BID	GOB	0.322983382183885	0.387457307187889	0.00676690752502827	TRUE	1.19961994505122
BIN3	GOB	0.227022620824329	0.28721766103527	0.0756696484450623	TRUE	1.2651499660799
BIRC2	GOB	-0.476010104742904	-0.417426649459251	0.0130722567951854	TRUE	0.876928126735262
BMPR2	GOB	0.177923922807332	0.235402803967279	0.115638320225	TRUE	1.32305313559317
BOLA3	GOB	-0.321809210749434	-0.245694483475787	0.0778782964954994	TRUE	0.763478717416479
BPTF	GOB	0.186597970177992	0.2425045992643	0.062727662226722	TRUE	1.29961006024331
BRAT1	GOB	0.595973144445541	0.614160903353306	0.00409306672273112	TRUE	1.03051774912557
BRCC3	GOB	-0.400044347903262	-0.329827574122169	0.116246072974397	TRUE	0.824477525681547
BRD3	GOB	0.293695353379767	0.374573149030329	0.00499243313149532	TRUE	1.27537989525487
BRF1	GOB	0.226972944241428	0.214941340353378	0.213954665353168	TRUE	0.946991021646827
BRINP3	GOB	-0.996802481550723	-0.920088465893803	0.00156361035964931	TRUE	0.923039903013106
BRPF3	GOB	-0.746146437639479	-0.687898611981054	0.000381576441056445	TRUE	0.921935128655578
BSDC1	GOB	0.132874389046903	0.193495081077327	0.104257286596133	TRUE	1.45622555607029
BSG	GOB	-0.387103274917035	-0.351174689368533	0.0701104705023485	TRUE	0.907186046007484
BSPRY	GOB	0.368862972224509	0.405037049904366	0.000802137202472519	TRUE	1.09806914871856
BTBD2	GOB	0.476850983122056	0.486719731173084	0.00490421497393805	TRUE	1.02069566468421
BTRC	GOB	0.294195670834108	0.359259269356531	0.0461472321133212	TRUE	1.22115756611222
BUB3	GOB	-0.421884458923725	-0.398677309191791	0.0583816909518727	TRUE	0.944991693244312
BZW1	GOB	-0.489794576164172	-0.390463579282326	0.0479953501576643	TRUE	0.797198658956665
C11orf54	GOB	-0.305898387937967	-0.238397854565363	0.251030904563835	TRUE	0.779336746990989
TOP6BL	GOB	0.401317003965263	0.425968025343038	0.00221476993707707	TRUE	1.06142531000234
RTRAF	GOB	-0.420508161114365	-0.387145563101057	0.032845767400951	TRUE	0.920661235385073
C15orf48	GOB	-1.12827121000072	-1.05809843111051	2.94684448097473e-06	TRUE	0.937805043443262
PHAF1	GOB	0.349755984398993	0.393510647026072	0.0126190150511064	TRUE	1.12510054031603
C16orf96	GOB	-0.308671214822853	-0.270657602621573	0.195299099927531	TRUE	0.87684756344029
C17orf58	GOB	-1.1061257668953	-0.958482035208891	0.00022218009766056	TRUE	0.866521749962647
C18orf32	GOB	-0.543201296410773	-0.46251990549801	0.0160417853557704	TRUE	0.851470547942596
C1D	GOB	-0.621846978028617	-0.48646509630489	0.0405229523796173	TRUE	0.78229068161927
C1orf159	GOB	0.395340069623163	0.41839433113617	0.0250216062690227	TRUE	1.05831501354007
C1orf210	GOB	-0.761157931229167	-0.765677126592093	0.000359836784863576	TRUE	1.00593726371034
C1orf226	GOB	-0.945925961761651	-0.857436753811309	3.39821687713057e-05	TRUE	0.906452289579257
C1orf43	GOB	-0.195452029351098	-0.14178746201137	0.263360485842105	TRUE	0.725433562813877
SHLD1	GOB	0.226193868554798	0.251967494964056	0.0654301614389725	TRUE	1.1139448499375
GATD3	GOB	-0.656850179920867	-0.74898140744167	0.00110546507382171	TRUE	1.14026216378886
C22orf39	GOB	-0.17985748490147	-0.176246938656749	0.282192668710074	TRUE	0.979925515767673
C2CD2	GOB	0.495544807107237	0.56715115450011	0.00322877547223788	TRUE	1.14450024773921
C2orf42	GOB	0.297645328358643	0.331352696316694	0.0695889374915573	TRUE	1.11324675627845
C2orf69	GOB	-0.332447686224395	-0.212223562305808	0.304933561480903	TRUE	0.638366790023502
C2orf88	GOB	-0.733154423408051	-0.631020071156878	0.0041907807098856	TRUE	0.860691896563341
C5orf15	GOB	-0.501842636628602	-0.361297347951058	0.0951380649587771	TRUE	0.719941514691273
ILRUN	GOB	0.163023007227485	0.164645006155463	0.172244391422	TRUE	1.00994950930892
C6orf132	GOB	0.22955136310421	0.246592485834998	0.109343515061504	TRUE	1.07423664360055
C6orf136	GOB	-0.35617027969834	-0.342098282600988	0.0429528014278727	TRUE	0.96049081605217
C6orf62	GOB	-0.283401391838174	-0.252674615168605	0.106968274318771	TRUE	0.891578596455468
SPMIP4	GOB	-0.389452809105733	-0.352512258599385	0.0759291273509867	TRUE	0.905147556667595
STMP1	GOB	-0.30582136738214	-0.213786481456763	0.100780124755119	TRUE	0.699056718262677
C8orf33	GOB	0.349830306460354	0.425713989321837	0.0117305737811559	TRUE	1.21691569157998
C9orf152	GOB	-0.440582385660784	-0.34741354891008	0.0678589193623243	TRUE	0.788532542872838
BBLN	GOB	0.68747897039372	0.643430860935249	0.00136536893678001	TRUE	0.935928062740239
AOPEP	GOB	0.629521234495328	0.704768489717465	5.91606127875457e-05	TRUE	1.11953092461204
C9orf78	GOB	-0.236796216255075	-0.150091923834444	0.189925352683274	TRUE	0.633844265791671
CA1	GOB	-2.70882869829105	-2.85110630463979	0.000557129791158832	TRUE	1.05252366324917
CA12	GOB	-0.693564283528128	-0.588362106383831	0.000376932129943871	TRUE	0.848316616580747
CA2	GOB	-1.68197546775308	-1.62631500302477	2.13620946870077e-05	TRUE	0.966907683378603
CA7	GOB	-2.53045478775319	-2.8517218126989	2.3437726962131e-05	TRUE	1.12696019170173
CABIN1	GOB	0.16056186411528	0.143592336181112	0.262703995110604	TRUE	0.8943115911884
CACNA1C	GOB	1.25068726879288	1.16837140633584	1.36879576653418e-06	TRUE	0.934183496937261
CACYBP	GOB	-0.237999611377227	-0.144768882170008	0.416476172370076	TRUE	0.60827360739069
CADM2	GOB	-0.622713800509456	-0.684682724984904	0.00890236728761228	TRUE	1.0995142944074
CADPS	GOB	1.60670480440001	1.68324388867107	1.39996041608018e-07	TRUE	1.04763730341844
CALCOCO2	GOB	-0.312583335401256	-0.227569799942354	0.0897373411069027	TRUE	0.728029213874208
CALM1	GOB	-0.636701714327183	-0.573828772529274	0.000448793551216983	TRUE	0.901252124215893
CALM2	GOB	-0.962055800345738	-0.874482654267389	0.000309333779713662	TRUE	0.908972903601976
CALN1	GOB	0.559815760897801	0.454705526059403	0.119154089299054	TRUE	0.812241379789257
CAMK2N1	GOB	-1.02431794223546	-1.01385393208231	1.33994890547298e-05	TRUE	0.989784411927499
CAMKMT	GOB	0.241634481325666	0.277039663838256	0.0600388575260251	TRUE	1.14652371763479
CAMTA1	GOB	-0.202378115912495	-0.177640685475224	0.0720561818921157	TRUE	0.877766277614881
CAMTA2	GOB	0.23978153169593	0.268161632741251	0.155128815378635	TRUE	1.11835816063312
CAPG	GOB	0.377942135568145	0.402866340476531	0.0336400501653463	TRUE	1.06594714524465
CAPN2	GOB	-0.607185708964944	-0.484056436277224	0.00631683256994008	TRUE	0.797213157573133
CARHSP1	GOB	0.423528904050148	0.469582569124759	0.00824237995497402	TRUE	1.1087379506669
CARS2	GOB	0.359119347252298	0.349163694020532	0.00616599036746103	TRUE	0.972277591536243
CASP7	GOB	-0.654461074021223	-0.62078100561632	0.00144007700626765	TRUE	0.948537705691247
CAT	GOB	-0.419959876008341	-0.389697203823864	0.027523673480722	TRUE	0.927939134395124
CATSPERB	GOB	0.483810718319096	0.502889380925682	0.0522539112498408	TRUE	1.03943414621501
CBFB	GOB	0.281088461145311	0.351851106501423	0.0186010854367476	TRUE	1.25174510923638
CBL	GOB	0.243428709559075	0.298180580160765	0.0609673823517948	TRUE	1.22491952859982
CBR1	GOB	-0.215350411663592	-0.236882937813708	0.15357098475046	TRUE	1.09998832128426
CBX5	GOB	-0.218155090155654	-0.19812605514845	0.144867901226852	TRUE	0.908189009053542
CCDC115	GOB	-0.386855691035998	-0.283961914089972	0.125684029448419	TRUE	0.734025427749357
CCDC12	GOB	0.386014134226479	0.37199522069841	0.0255874926089986	TRUE	0.963682901000085
CCDC125	GOB	0.145802453837314	0.23425948507736	0.0722475258520607	TRUE	1.60669096377998
YJU2B	GOB	0.530770963940974	0.52350722442254	0.00200990710011031	TRUE	0.986314738348721
CCDC137	GOB	0.385431591057902	0.334454764510055	0.134287053353399	TRUE	0.867740922823866
CCDC149	GOB	0.434831265651195	0.455081999658851	0.00486984830550857	TRUE	1.04657147635722
CCDC192	GOB	0.789099764048949	0.767673674244025	0.00164812051951443	TRUE	0.97284742591357
CCDC28A	GOB	-0.629379526675686	-0.529641649174302	0.0235709069460287	TRUE	0.841529834902338
CCDC47	GOB	-0.603508150170152	-0.514343533545444	0.00344343990409502	TRUE	0.852256151636778
CCDC50	GOB	-0.615852886091624	-0.595245122372646	0.00179363267740367	TRUE	0.966537846644251
CCDC57	GOB	0.518571392803073	0.590338801897418	0.0017084354671122	TRUE	1.13839446234474
CCDC88B	GOB	1.25548241931625	1.1714310392408	0.00011776483947939	TRUE	0.933052523251399
CCDC90B	GOB	-0.427880530622823	-0.380295292108084	0.0278901449437389	TRUE	0.888788493261253
CCHCR1	GOB	0.246443654352043	0.216441933794639	0.218617235550643	TRUE	0.878261338737711
CCL15	GOB	-0.747830284086814	-0.749796318375355	1.64385175130989e-05	TRUE	1.0026289845843
CCND3	GOB	1.65900247390069	1.67683719219514	1.13410109332455e-09	TRUE	1.01075026624434
CCNJL	GOB	-0.701412710735817	-0.609858740461243	0.00156088710585405	TRUE	0.869472039965559
CCNL2	GOB	0.459992250758282	0.484982544101347	0.00295107595745313	TRUE	1.05432763987191
CCNY	GOB	0.337991476440499	0.336273779157073	0.0078995746643943	TRUE	0.994917927216639
CD164	GOB	-0.731877714748456	-0.639078542098407	0.00262321553236084	TRUE	0.873203991896455
CD24	GOB	-0.356684078984845	-0.327027408926886	0.096961622794639	TRUE	0.916854516909291
CD44	GOB	1.18135092164838	1.22585478738102	9.96113085853706e-06	TRUE	1.03767201169195
CD58	GOB	0.228258794970419	0.225853880967063	0.124445083649636	TRUE	0.989464090513282
CD59	GOB	-0.606888525802401	-0.526175831036327	0.00895725677166967	TRUE	0.867005732791933
CD82	GOB	0.560531449957935	0.50206043510107	0.013397369102655	TRUE	0.895686468865837
CD9	GOB	-0.668502390750136	-0.626940268827251	9.41843741363208e-05	TRUE	0.937828013036351
CDC25B	GOB	1.43710453764863	1.34263141594383	1.69132688323551e-06	TRUE	0.934261482564534
CDC27	GOB	0.219085468596051	0.244391853584833	0.078514802559269	TRUE	1.11550918986527
CDC42	GOB	-0.681476636772806	-0.663348473974468	0.000910512393840762	TRUE	0.973398702435074
CDC42BPB	GOB	0.627424257193566	0.668661456760958	0.000808531812416496	TRUE	1.06572458602707
CDH1	GOB	-0.443284672574538	-0.372998981502168	0.00847533777008977	TRUE	0.841443443861571
CDH17	GOB	-0.347378122827924	-0.28464327015955	0.0882431886664771	TRUE	0.819404710470354
CDK10	GOB	0.617054433940913	0.634489604554265	0.00616080002366778	TRUE	1.02825548226272
CDK12	GOB	0.223039163636767	0.226110550075492	0.105773445182604	TRUE	1.01377061493885
CDK14	GOB	0.696373894759912	0.723635323236814	0.000709768450670845	TRUE	1.03914768873739
CDK18	GOB	0.509138318591195	0.51259604135066	0.0238409645862818	TRUE	1.00679132297296
CDK2AP2	GOB	-0.574910516585079	-0.61042359831374	0.00190578028808627	TRUE	1.06177149435291
CDK5RAP2	GOB	0.293763624010686	0.336192252741943	0.023969949088034	TRUE	1.14443118638036
CDK5RAP3	GOB	0.557503777602982	0.549660629121696	0.00229888755452257	TRUE	0.985931667557468
CDKL5	GOB	0.31358713683683	0.315886238005341	0.071056171915655	TRUE	1.00733161822804
CDKN1B	GOB	-0.816255273005988	-0.696151798223776	0.0112736328495436	TRUE	0.852860399492536
CDX2	GOB	-0.505231421321007	-0.4558853850572	0.0025159250250168	TRUE	0.902329835039191
CEACAM7	GOB	-0.760286189753615	-0.731073996668156	0.0658658238827015	TRUE	0.961577372469536
CEP104	GOB	0.272105515920945	0.301533284762389	0.0411328985090102	TRUE	1.10814837303774
CEP164	GOB	0.50318098423102	0.436260169378987	0.0190470361808816	TRUE	0.867004483577011
CEP295	GOB	0.276032277313516	0.328740934282438	0.0637038156244033	TRUE	1.19095106370135
CEP57	GOB	-0.192156335941378	-0.119978294910871	0.429536710515568	TRUE	0.624378552614955
CEP68	GOB	0.549580259841165	0.60941437525597	0.00850612309677015	TRUE	1.10887238823334
CFDP1	GOB	-0.336318321284701	-0.284266302555264	0.0170701751660395	TRUE	0.845229904423274
CFL1	GOB	-0.59450966025277	-0.566840748615997	0.000833518426265432	TRUE	0.953459273268985
ENSG00000280441	GOB	0.838427145656162	0.787624529723566	0.0349703155392142	TRUE	0.939407238666112
CHCHD1	GOB	-0.364566941186262	-0.385271569692171	0.0474158494217746	TRUE	1.0567923916484
CHCHD10	GOB	-0.630016921233353	-0.588043181389227	0.00473968109913891	TRUE	0.933376805559514
CHCHD2	GOB	-0.446897014793183	-0.428567412000894	0.00712342573524283	TRUE	0.958984727609399
CHD1L	GOB	-0.493862191093253	-0.435094223406305	0.0229030806916662	TRUE	0.88100330669806
CHD3	GOB	0.779845480987171	0.789698076241259	0.00024384624791481	TRUE	1.01263403519581
CHD4	GOB	0.421557974997853	0.488820109868029	0.000163882649218095	TRUE	1.15955607261497
CHD7	GOB	0.361601816125219	0.428205585138103	0.00221060264818277	TRUE	1.18419091399093
CHD8	GOB	0.290234174395879	0.276333502870224	0.0204323118687264	TRUE	0.952105324762015
CHDH	GOB	0.277501880991712	0.311265188261704	0.0735525102930026	TRUE	1.12166875103452
CHEK2	GOB	0.554447770727298	0.580396393254368	0.00277407723341278	TRUE	1.04680084202166
CHMP1B	GOB	-0.674213119100363	-0.645862929398997	0.0048723093643326	TRUE	0.957950700011303
CHMP2B	GOB	-0.268211196913564	-0.20129586841426	0.22683581277351	TRUE	0.750512546570275
CHMP5	GOB	-0.779615026366738	-0.696997204028412	0.000244077396894817	TRUE	0.894027411550349
CHN2	GOB	0.583115318903839	0.604567590557584	0.000808380145914144	TRUE	1.03678907234691
CHP1	GOB	-0.535092181576301	-0.545029490655898	0.00111608556982777	TRUE	1.01857120963779
CHP2	GOB	-0.905461357145467	-0.917132283626425	0.000748515831138048	TRUE	1.01288948047187
CHRAC1	GOB	-0.474042391723809	-0.439356760961384	0.0216121258152739	TRUE	0.926830107669709
CHRM3	GOB	1.81047521796637	1.76686158752106	5.7520478987833e-07	TRUE	0.975910396335447
CISD1	GOB	-0.352226903362196	-0.337705622467794	0.00675400089163102	TRUE	0.958772936548036
CISD2	GOB	-0.349347940719479	-0.35536773091018	0.0441349139976694	TRUE	1.0172315032924
CITED2	GOB	-0.888581029205895	-0.839164794103607	0.000293018413027996	TRUE	0.944387474548663
CKMT1A	GOB	-0.521389114748625	-0.548675616999354	0.00894921409729627	TRUE	1.05233423843895
CKMT1B	GOB	-0.20241376076652	-0.148480601616744	0.264265504022166	TRUE	0.7335499377832
CLASP2	GOB	0.154854357192579	0.25383271558739	0.060936846989298	TRUE	1.63917063871648
CLASRP	GOB	0.341766897827785	0.341125965439508	0.0196500214951924	TRUE	0.998124650478583
CLEC16A	GOB	0.154334715687633	0.192957417679726	0.0981382600278793	TRUE	1.25025284700212
CLTC	GOB	-0.383935527946811	-0.363887711965435	0.0126523178330113	TRUE	0.947783378921491
CMAS	GOB	-0.990763538735121	-0.957568529850837	9.66822325237069e-05	TRUE	0.966495528361224
CMC2	GOB	-0.526449547146613	-0.484298510526786	0.00613191400232314	TRUE	0.91993337851977
CMIP	GOB	0.265719452513248	0.343523845294792	0.0102229835511614	TRUE	1.29280653729205
CNIH1	GOB	-0.300622476772303	-0.225324157628884	0.149288629672541	TRUE	0.749525318426368
CNKSR2	GOB	0.501407867736878	0.476758049938561	0.062727662226722	TRUE	0.950838789368075
CNKSR3	GOB	-0.719252231392673	-0.655792945575076	0.00534055469089803	TRUE	0.911770470708555
CNN3	GOB	-0.654157594335095	-0.617529139193937	0.00970721023926811	TRUE	0.944006680563896
CNNM4	GOB	-0.580682521686668	-0.510186272997198	0.00132191981480574	TRUE	0.878597605306416
CNPPD1	GOB	-0.371490226188358	-0.325737608977535	0.0437618152009898	TRUE	0.876840320456708
CNTN4	GOB	-1.14710835165328	-1.15470136527844	0.000525470313544765	TRUE	1.00661926453087
CNTROB	GOB	0.320691034773647	0.317660240155727	0.112945671794865	TRUE	0.990549175719678
COA3	GOB	-0.553786389899537	-0.568172221992191	0.00116465490782641	TRUE	1.02597722218356
COA6	GOB	-0.423385226387743	-0.430835222834918	0.0136746359747165	TRUE	1.01759625981931
COG4	GOB	0.220441980996497	0.246731937034017	0.0715169654404558	TRUE	1.11926020587675
COMMD2	GOB	-0.350575962319758	-0.318726986063522	0.0524486037056018	TRUE	0.909152424354791
COMMD6	GOB	-0.374157655285052	-0.417126759508826	0.0196500214951924	TRUE	1.11484224261304
COPA	GOB	-0.184352060863393	-0.15873091432027	0.200513450612117	TRUE	0.86102055803917
COPB2	GOB	-0.383330085944634	-0.37968916143245	0.0206996793460361	TRUE	0.990501855592128
COPS5	GOB	-0.264629940139858	-0.223801260696939	0.131182592260732	TRUE	0.845714058578026
CORO1C	GOB	-0.543330804103821	-0.590689559101819	0.000660903082985288	TRUE	1.08716375850641
CORO7	GOB	0.679437655716101	0.662550905908849	0.00398589634834984	TRUE	0.975145990709841
COTL1	GOB	-0.300231797653915	-0.349876544121401	0.0967814560871036	TRUE	1.16535472543356
COX10	GOB	-0.377172301563461	-0.310663807576569	0.00847533777008977	TRUE	0.823665487335099
COX16	GOB	-0.735262083423457	-0.673643556751376	3.61645664854945e-05	TRUE	0.916195152638391
COX19	GOB	0.315792487392358	0.368776992280855	0.0244647589058604	TRUE	1.16778266426163
COX4I1	GOB	-0.485832748859161	-0.459275440513652	0.0103380298981697	TRUE	0.945336520833824
COX5A	GOB	-0.891533288905527	-0.82083893906437	3.54461649646694e-06	TRUE	0.920704755816865
COX5B	GOB	-0.471052139970584	-0.463147059049121	0.0109786641160001	TRUE	0.983218246451536
COX6A1	GOB	-0.712570609687878	-0.716686718134313	9.53103913979957e-05	TRUE	1.00577642185978
COX6B1	GOB	-0.415083475542166	-0.39406472264641	0.0325904809907382	TRUE	0.949362588167832
COX6C	GOB	-0.829433693848138	-0.792303815894342	3.15204747852262e-05	TRUE	0.955234664049475
COX7A2	GOB	-0.535630549582509	-0.540703698332531	0.000760641826812535	TRUE	1.0094713581105
COX7A2L	GOB	-0.383499698228543	-0.392165745579411	0.0078995746643943	TRUE	1.02259727293372
COX7B	GOB	-0.935657648865194	-0.904622402157307	0.000782982275047388	TRUE	0.966830553092225
COX7C	GOB	-0.445968748003664	-0.397689537048671	0.0120533571889367	TRUE	0.891743062330914
COX8A	GOB	-0.574755081769294	-0.538197396792001	0.00669848767337626	TRUE	0.936394324927487
CPNE3	GOB	-0.49142636023845	-0.399092487206697	0.0427157583054976	TRUE	0.812110459465481
CPSF7	GOB	-0.277629868675958	-0.277753581641626	0.0869940857044098	TRUE	1.00044560394837
CPT1A	GOB	-0.88907471204055	-0.844739505642383	2.71956580088862e-05	TRUE	0.950133317484184
CRBN	GOB	-0.473342432031315	-0.342261691499616	0.0782062872542383	TRUE	0.723074181266244
CREB3L2	GOB	0.278732421796675	0.323747095078568	0.0247843258241804	TRUE	1.16149780133841
CREBBP	GOB	0.310339868766157	0.342712771006021	0.0107868884813278	TRUE	1.10431435177366
CREBZF	GOB	-0.355446512316844	-0.335468963561303	0.100584280954274	TRUE	0.943795907222933
CRTC1	GOB	0.501711278144166	0.507421307118538	0.00850612309677015	TRUE	1.01138110547463
CRTC3	GOB	0.257184119925042	0.3151846104491	0.0427126803106508	TRUE	1.22552127456766
CRYL1	GOB	-0.19844309522003	-0.16794165240306	0.223841252750857	TRUE	0.846296275599055
CRYZL1	GOB	-0.248618552347126	-0.0747981302338541	0.669634948574937	TRUE	0.300854982573543
CS	GOB	-0.474801798316447	-0.422282083606126	0.0126147322182854	TRUE	0.889386024028246
CSNK1E	GOB	0.6066088896582	0.627861825815652	0.000258875146349234	TRUE	1.0350356490315
CSRP1	GOB	-0.4153949651682	-0.436241469745771	0.0347664423576432	TRUE	1.05018477912733
HDGFL2	GOB	0.508719636203186	0.453416879846528	0.0637038156244033	TRUE	0.891290305266358
ANKHD1-DT	GOB	0.309211800264163	0.398330825615464	0.00423142944376212	TRUE	1.28821353284437
ENSG00000268362	GOB	0.555149674361742	0.642002533537819	0.0146387949872972	TRUE	1.15644944631541
LINC02086	GOB	0.625600446056569	0.737540097727566	0.000125755449087522	TRUE	1.17893154069279
CTDSP2	GOB	-0.473763583263787	-0.449475534365188	0.00345262258176279	TRUE	0.948733820503304
CTIF	GOB	0.580524097515939	0.543858679091386	0.0012408144617077	TRUE	0.936840832996521
CTNNBIP1	GOB	0.483702360393589	0.462409639656917	0.00575992469464608	TRUE	0.95597970471067
CTNND1	GOB	-0.528508937346919	-0.439542881587189	0.00312385314615065	TRUE	0.83166593888396
CTPS2	GOB	0.366216340815434	0.409427054064224	0.00339960742576653	TRUE	1.11799231337568
CUEDC1	GOB	0.811042191054803	0.8324227727654	9.91258192750471e-05	TRUE	1.02636186125261
CUX1	GOB	0.423615917537748	0.448675923013127	0.00410665320553893	TRUE	1.05915737449395
CWC15	GOB	-0.164491263124704	-0.100166842645092	0.399387691957506	TRUE	0.608949318901842
CYB561D1	GOB	0.635655088614959	0.632872243555227	0.00460103623269701	TRUE	0.995622083249903
CYB5A	GOB	-0.53192863272985	-0.558643406496629	0.00198685819545513	TRUE	1.05022247745845
CYB5B	GOB	-0.346734388637048	-0.282227904403704	0.0142196767842355	TRUE	0.813959946439382
CYC1	GOB	-0.402213100875994	-0.351080394409456	0.0331324236757804	TRUE	0.872871603746437
CYCS	GOB	-1.19316090108118	-1.1244180985252	1.8418672255972e-06	TRUE	0.942385974520549
CYFIP2	GOB	0.742516440610552	0.724813384650025	0.000646289858734854	TRUE	0.976158028304437
CYP2J2	GOB	-0.56600102235162	-0.523682566480103	0.00654806224822238	TRUE	0.925232545171575
CYP3A5	GOB	0.378010094091278	0.514706671255535	0.0155948306450993	TRUE	1.36162149979849
CYSTM1	GOB	-0.432609153942853	-0.362990069481749	0.0323546234575066	TRUE	0.839071633536677
DACH1	GOB	0.861871800268731	0.896250460775714	6.40640586776222e-05	TRUE	1.03988836912435
DAD1	GOB	-0.45437011279604	-0.50718644003605	0.0156240837415622	TRUE	1.11624076001609
DAZAP2	GOB	-0.60399311688938	-0.578823031911923	0.000309333779713662	TRUE	0.958327198980205
DBI	GOB	-0.623472137662142	-0.618221329895628	0.00130639181440114	TRUE	0.991578119615412
DBNDD2	GOB	-0.852059220304987	-0.748459996287573	0.000121378626719951	TRUE	0.878413117834308
DCP1A	GOB	0.145534258731282	0.185769013515655	0.114272464376266	TRUE	1.27646242977513
DCPS	GOB	0.926321057778027	0.913196406723001	0.00207419057375771	TRUE	0.985831423193047
DCTN2	GOB	-0.256139848351718	-0.212094212209159	0.104584816197421	TRUE	0.828040672210917
DCTN6	GOB	-0.566022146890752	-0.523594969337247	0.0407517579553563	TRUE	0.925043255309772
DCTPP1	GOB	-0.444217357879509	-0.444874196502597	0.00200990710011031	TRUE	1.00147864240655
DDAH1	GOB	-0.233250451615609	-0.0847632312551949	0.572034268495425	TRUE	0.363400073475024
DDB2	GOB	0.573648133118047	0.634887418876515	0.000243664969469802	TRUE	1.1067540923137
DDC	GOB	-0.725719746312132	-0.671271571832737	0.00616599036746103	TRUE	0.924973552454535
DDRGK1	GOB	0.372392831669665	0.332868751090128	0.0697454598186424	TRUE	0.893864550500809
DDX11	GOB	0.45502899832301	0.521561546059003	0.0207630421183136	TRUE	1.14621606091303
DDX31	GOB	0.71661258461072	0.73451518482137	0.000384314051522579	TRUE	1.0249822576314
DEAF1	GOB	0.443467835298954	0.460533762629636	0.0198801104219782	TRUE	1.03848289768113
DECR1	GOB	-0.202325256104751	-0.180664082175872	0.233711805749256	TRUE	0.892938853280559
DEDD	GOB	-0.4294503185152	-0.375303620533266	0.0122324163628832	TRUE	0.873916270060893
DEF8	GOB	0.34465886495173	0.352563419044878	0.0836452319951679	TRUE	1.02293442849426
DENND4B	GOB	0.605734930698277	0.638165089278353	0.0119003834419238	TRUE	1.05353853135511
DENND4C	GOB	0.156545931807271	0.238063133611605	0.0528963355641102	TRUE	1.52072385952956
DEPDC5	GOB	0.176262136891047	0.187355407361773	0.189160581674396	TRUE	1.06293620777776
DERA	GOB	-0.414013417890937	-0.332469136067209	0.0171746647941545	TRUE	0.803039519252468
DGKH	GOB	0.303776328905552	0.376021108513441	0.0183856129806675	TRUE	1.23782228150618
DGKZ	GOB	0.264105516637832	0.254140394120208	0.192942218640975	TRUE	0.962268404520725
DGUOK	GOB	-0.169388302270596	-0.176933001416266	0.213035764957075	TRUE	1.04454085107729
DHRS1	GOB	-0.370040565309954	-0.384052895949181	0.0230842024659171	TRUE	1.03786701230307
DHRS11	GOB	-0.963421896983634	-0.964331539076429	0.000564903026688334	TRUE	1.00094417834559
DHRS9	GOB	-1.98416833116393	-1.91354166725678	5.92807115221505e-07	TRUE	0.964404903153694
DHRSX	GOB	0.264229126021882	0.326402854563238	0.0234029005822066	TRUE	1.23530232823844
DHX30	GOB	0.314943034500961	0.29658805460263	0.0566924326478727	TRUE	0.941719682966112
DHX34	GOB	0.57294657272065	0.650207523062884	0.00575992469464608	TRUE	1.13484843791867
DHX37	GOB	0.440814842915054	0.454437789512068	0.040471017873615	TRUE	1.03090401064294
DLAT	GOB	-0.243260516699792	-0.121022743027301	0.464844053895569	TRUE	0.497502614354206
DLD	GOB	-0.869929562294617	-0.786597677303919	0.00023180135383422	TRUE	0.904208468590384
DLEU1	GOB	0.997333897630717	1.02487657869793	5.91606127875457e-05	TRUE	1.02761630897399
DLG2	GOB	0.548079053423866	0.560086663173169	0.0141704069379647	TRUE	1.02190853613962
DLG5	GOB	0.336785302045322	0.367224178663907	0.0278567736384126	TRUE	1.09038065626299
DLGAP4	GOB	0.273861012957796	0.246271240297141	0.0720561818921157	TRUE	0.899256296605802
DMPK	GOB	0.761517930953936	0.689919732590355	0.00392693642178577	TRUE	0.905979629036585
DMTF1	GOB	-0.306291774432538	-0.155725998173794	0.426038698529607	TRUE	0.508423703059951
DMWD	GOB	0.269801228603934	0.346433700287299	0.0736384311759177	TRUE	1.28403307160569
DNAJA1	GOB	-0.427877005144756	-0.355439498020214	0.0416661830420963	TRUE	0.830704837480025
DNAJA2	GOB	-0.368453042594104	-0.337852999270192	0.110870353243496	TRUE	0.916949950776708
DNAJB11	GOB	-0.486381891950959	-0.452400615989318	0.107665319528361	TRUE	0.930134578355011
DNAJC15	GOB	-0.263075952405838	-0.277535312046012	0.0771847170293556	TRUE	1.0549626809594
DNAJC25	GOB	-0.437365808042327	-0.273070880589496	0.200513450612117	TRUE	0.624353517280594
DNASE1	GOB	0.486327333370529	0.51908068877102	0.000843987562047112	TRUE	1.06734837454743
DNMT3A	GOB	0.371238329416332	0.353915102215625	0.0672166348835965	TRUE	0.953336641644889
DNPH1	GOB	-0.298608845793341	-0.316112218667089	0.078514802559269	TRUE	1.05861639104242
DOCK10	GOB	-1.75350988526746	-1.71367198518069	0.000292057021745102	TRUE	0.977281051893989
DOCK9	GOB	0.326278691244673	0.379050147690238	0.0130722567951854	TRUE	1.16173736704734
DPM1	GOB	-0.957708338555101	-0.913285913712384	0.000193642008284627	TRUE	0.953615915144127
DPP10	GOB	-0.93289769079824	-0.952017999530957	0.000326128301624924	TRUE	1.02049561159955
DPY19L3	GOB	1.13152837281674	1.2010607271332	3.11290709531132e-07	TRUE	1.06144994326865
DPY30	GOB	-0.230941081814639	-0.190505858463075	0.14683558123475	TRUE	0.824911085399615
DR1	GOB	-0.573482089164106	-0.516600134312795	0.00375305394646758	TRUE	0.900813022889309
DRAM2	GOB	-0.293214849310644	-0.282834330223198	0.101399882282533	TRUE	0.964597566897274
DSC2	GOB	-0.45749349719731	-0.411998841288312	0.010125426387523	TRUE	0.900556715696056
VPS26C	GOB	-0.311339920300155	-0.261083843929427	0.0864375952167692	TRUE	0.838581328336316
DSTN	GOB	-0.45667938605605	-0.398083588286522	0.00756054793538607	TRUE	0.871691607813591
DTWD2	GOB	-0.547452134482377	-0.495536558368724	0.00205699361489258	TRUE	0.905168739249251
DUSP22	GOB	0.532746208059845	0.493708060456044	0.0176048348099469	TRUE	0.926722805318558
DUT	GOB	-0.57177753439054	-0.499818862993352	0.00345262258176279	TRUE	0.874149180285844
DYM	GOB	0.164683444050167	0.224670674609688	0.0442482001997106	TRUE	1.3642578093111
DYNC1I2	GOB	-0.197273520527685	-0.159199190669998	0.240376501486173	TRUE	0.806997260677244
DYNLL1	GOB	-0.986783809378602	-0.967508373199638	7.9372662574641e-06	TRUE	0.980466404094021
DYNLL2	GOB	-0.613054492624894	-0.575915830885835	0.000513230945917154	TRUE	0.939420292672445
DYNLT1	GOB	-0.543665688356327	-0.504111756125053	0.00116762642651547	TRUE	0.927245855167247
E2F4	GOB	-0.350425249539582	-0.300736286700477	0.12168970723975	TRUE	0.858203816921325
EAPP	GOB	-0.222069529804264	-0.160019024756806	0.200513450612117	TRUE	0.720580733871277
EBAG9	GOB	-0.205731467554244	-0.1483504302125	0.307618161905597	TRUE	0.721087697356679
ECH1	GOB	-0.686389658254279	-0.698487205016305	0.000221503903747719	TRUE	1.01762489661163
ECHDC2	GOB	0.261998097825662	0.318624745758286	0.0215498953547836	TRUE	1.21613381319396
ECHS1	GOB	-0.321211584058558	-0.299373294801929	0.049215647029762	TRUE	0.932012759375928
ECI2	GOB	-0.553595179606897	-0.431529531635606	0.043046258933726	TRUE	0.779503773754012
EDA	GOB	-1.74669254090175	-1.64718610290559	1.85649203667947e-06	TRUE	0.943031509171736
EDEM1	GOB	-0.78504022294792	-0.735091869251919	0.00509394123957293	TRUE	0.936374784073561
EEF1D	GOB	0.675773610441467	0.705536504911061	0.00555207535126809	TRUE	1.04404270011395
EFNA1	GOB	-0.334543589871462	-0.312701097007209	0.105773445182604	TRUE	0.934709575895192
EFNA5	GOB	-0.549535907610755	-0.477404198865749	0.00758689790886452	TRUE	0.86874068146226
EGLN1	GOB	-0.561356253345781	-0.47293228324419	0.0125773299756486	TRUE	0.842481544340927
EHBP1L1	GOB	0.517871868719657	0.488437422852812	0.0382630313130213	TRUE	0.943162686284513
EID1	GOB	-0.604912828818043	-0.589360294445046	0.000422834498275455	TRUE	0.974289627146137
EIF1	GOB	-0.171119214645758	-0.14266640612878	0.285023816029084	TRUE	0.833725227316644
EIF1AD	GOB	-0.406350839552047	-0.386169135983294	0.0407270537841173	TRUE	0.950334288490701
EIF1B	GOB	-0.579984270245785	-0.521482182542175	0.0220571557953965	TRUE	0.899131595967562
EIF2B1	GOB	-0.233926675503213	-0.226604895444101	0.11372220776404	TRUE	0.968700533860186
EIF3B	GOB	0.487294983396681	0.556591188024257	1.79700542478881e-05	TRUE	1.14220586500716
EIF3H	GOB	-0.200697404263564	-0.16097064425266	0.241712670924227	TRUE	0.802056433382003
EIF3J	GOB	0.353783248314898	0.383044618629874	0.0198294303600032	TRUE	1.08270988085035
EIF3K	GOB	-0.188242746604291	-0.143030451524598	0.26836176688398	TRUE	0.759819191468052
EIF4A1	GOB	0.552133381131759	0.562402334890886	0.0279412753084721	TRUE	1.01859868305386
EIF4A2	GOB	-0.574562359360856	-0.433794368750828	0.108077533330808	TRUE	0.754999630037341
EIF4A3	GOB	-0.59803371428206	-0.542656326585153	0.00165452436652518	TRUE	0.907400893336946
EIF4EBP2	GOB	-0.483627839776773	-0.421317480723895	0.00684444711882672	TRUE	0.871160520697819
EIF4G2	GOB	-0.490707373051891	-0.415390416402848	0.02558841385607	TRUE	0.846513501151168
EIF4H	GOB	-0.205917766781319	-0.109601263545752	0.409584207504092	TRUE	0.532257440719755
ELK3	GOB	0.384061496431886	0.444345097265343	0.0196421418527431	TRUE	1.15696340662503
ELMOD3	GOB	0.199676131563581	0.202556542101373	0.126340317786808	TRUE	1.0144254123677
ELP6	GOB	0.364875203683751	0.414560534336893	0.0145091682722271	TRUE	1.13617075140081
EMC4	GOB	-0.685674145252308	-0.591214117322783	0.0032829000967801	TRUE	0.86223772825098
EML2	GOB	0.32007578587066	0.335980064505484	0.0170701751660395	TRUE	1.04968910282158
ENDOD1	GOB	-0.705557695796959	-0.706550747383123	0.000380449231659159	TRUE	1.00140747041961
ENGASE	GOB	0.742400255749087	0.754066253483403	0.0018010913167899	TRUE	1.01571389239696
ENY2	GOB	-0.176845605684529	-0.177201337269902	0.1805037143348	TRUE	1.00201153760081
EP400	GOB	0.264044997995143	0.29854466632914	0.0449165688468955	TRUE	1.13065829156374
EPB41L2	GOB	0.502911542429407	0.614986331130125	0.00317610142288186	TRUE	1.22285189192382
EPB41L3	GOB	-0.870505242110142	-0.832598387329624	0.000336793683647442	TRUE	0.956454191259514
EPB41L4B	GOB	-0.474474593272819	-0.377844037429366	0.00497236926210718	TRUE	0.796341980764623
EPCAM	GOB	-0.548281296812514	-0.506123356019944	0.00259177623124481	TRUE	0.923108920479945
EPHA4	GOB	0.24636551064293	0.311535617924638	0.0374693784918969	TRUE	1.26452609828233
EPHB2	GOB	1.03130373583708	1.00079420774212	0.000153816154458724	TRUE	0.970416544578695
EPHB3	GOB	1.84184224476474	1.7299157058876	1.9397755155768e-07	TRUE	0.939231202240431
EPHB4	GOB	1.40974050360451	1.47153749645808	2.55551770005524e-10	TRUE	1.04383572203222
EPM2AIP1	GOB	-0.368983584364791	-0.239706814908009	0.197521485278482	TRUE	0.649640864974161
ERAP2	GOB	0.527641074473005	0.760329781428324	0.00209053633946612	TRUE	1.4409980917193
ERBB3	GOB	-0.241769157192721	-0.169272745082121	0.134310921928297	TRUE	0.700142015828713
ERC1	GOB	0.129401868152741	0.149918058326891	0.20662660154313	TRUE	1.15854632137099
ERCC2	GOB	0.381257159563224	0.410151162143848	0.0431422939929588	TRUE	1.07578612455101
ERCC3	GOB	0.20371556991631	0.223465321189817	0.103816301790754	TRUE	1.09694767700682
ERH	GOB	-0.635271145458838	-0.628318139103623	0.00614536803672239	TRUE	0.989055057191063
ERICH1	GOB	0.312123660129171	0.355942916448914	0.0166702210503426	TRUE	1.14039069098962
ERMP1	GOB	-0.209703653342033	-0.191367743709614	0.199079189519644	TRUE	0.912562755392189
ERN1	GOB	0.450503767579103	0.429003733936375	0.00277407723341278	TRUE	0.952275574168304
ESYT2	GOB	0.169739689758743	0.289500382647872	0.0295892368372919	TRUE	1.7055550358278
ETFA	GOB	-0.346007461763215	-0.30667999266941	0.0171626442848513	TRUE	0.886339245710493
ETFB	GOB	-0.3167543846725	-0.300745583200595	0.140706730626082	TRUE	0.949459889912947
ETFDH	GOB	-0.520815107256372	-0.463124586049051	0.00972852568619923	TRUE	0.889230323000361
ETHE1	GOB	-0.863728242396794	-0.828641191680807	0.000114191091117857	TRUE	0.959377210338031
ETNK1	GOB	-0.490891939941137	-0.432111820821106	0.0434945219983049	TRUE	0.880258536884758
EVA1C	GOB	0.246149008870404	0.273514823529281	0.13126754812242	TRUE	1.11117580681905
EVPL	GOB	1.21331261398611	1.31048533499415	5.96717520260834e-06	TRUE	1.08008877505097
EWSR1	GOB	-0.199984015316966	-0.156323044696082	0.196342971918262	TRUE	0.781677697831582
EXOC4	GOB	0.217967400886659	0.281632549526248	0.0330368495325171	TRUE	1.29208564391101
EXTL3	GOB	1.13906425407321	1.04566190028067	3.20156778051255e-06	TRUE	0.918000803327344
EZR	GOB	-0.381997687862762	-0.317174114146095	0.0290647961698165	TRUE	0.830303753723358
F2RL1	GOB	-1.88325660050833	-1.69422959404072	6.25578043914162e-06	TRUE	0.899627588499314
FABP1	GOB	-1.27335186748189	-1.32316130776782	0.00032841691974185	TRUE	1.03911679211217
VCF2	GOB	-0.331045077037975	-0.324703200608468	0.0806174919809872	TRUE	0.98084286138235
FAM107B	GOB	-0.597376488171485	-0.492285042742535	0.0170701751660395	TRUE	0.824078370157109
PHETA1	GOB	0.456704973460742	0.475057733629687	0.027523673480722	TRUE	1.04018515504632
FAM118A	GOB	0.584335539088465	0.577997164867006	0.0149714829848625	TRUE	0.989152851747907
FAM120A	GOB	-0.250223201748307	-0.202726082666233	0.195093040115188	TRUE	0.810180995406451
FAM120AOS	GOB	-0.744161742804902	-0.637764530401766	0.000715483334687947	TRUE	0.857024076510434
PABIR2	GOB	-0.497965140143001	-0.335915118308766	0.0860765218841687	TRUE	0.674575570113806
RTL8A	GOB	-0.797283192824418	-0.85845844628867	0.00201291434576065	TRUE	1.07672964138067
FAM162A	GOB	-0.947134193289165	-0.892034170201022	2.61238766212237e-06	TRUE	0.941824481178539
FAM168A	GOB	0.382499450974859	0.373875569529058	0.0105772599183371	TRUE	0.977453872355055
FAM174B	GOB	0.127734143917201	0.214935349106954	0.0561153244924471	TRUE	1.68267733681511
FAM182B	GOB	0.425352459613679	0.398286744235486	0.0644168043036124	TRUE	0.936368734289734
FAM193A	GOB	0.210490544405459	0.246706240958972	0.0486736951449862	TRUE	1.17205379299011
FAM193B	GOB	0.422782843911535	0.497681667206112	0.000709768450670845	TRUE	1.17715672329942
PRXL2B	GOB	-0.408408285000416	-0.34730757834992	0.0442999964199407	TRUE	0.850393077480214
SHLD2	GOB	0.226453772320384	0.296452483628065	0.0253788747189981	TRUE	1.30910817068946
TENT5C	GOB	-0.752753701002924	-0.772128282636564	0.00468833065143611	TRUE	1.02573827482725
TLCD3A	GOB	0.43917214259673	0.472017329973628	0.0352823183280323	TRUE	1.07478886794297
FAM83H	GOB	0.317264741929922	0.353578326070002	0.0309762970198446	TRUE	1.11445830355805
FAM89B	GOB	0.376336136592207	0.347507600344603	0.0671584155989682	TRUE	0.92339684275698
CIAO2A	GOB	-0.695648298904063	-0.67792355633061	2.34066274807628e-05	TRUE	0.974520540621781
FAM98B	GOB	-0.288420090286176	-0.218800289187478	0.216800580837324	TRUE	0.758616672543095
FBXL18	GOB	0.484447798270958	0.507663871398759	0.0258505631672147	TRUE	1.04792275496072
FBXL20	GOB	0.224171905528966	0.29447154007907	0.046881773821217	TRUE	1.31359698881188
FBXO16	GOB	0.542293863512022	0.590380625270685	0.00193064768400826	TRUE	1.08867288566985
FBXO28	GOB	0.275570846165441	0.256652915129548	0.0736384311759177	TRUE	0.931350027409884
FBXO3	GOB	-0.539452957317333	-0.415926930423452	0.0155948306450993	TRUE	0.77101612806394
FBXO34	GOB	0.356396140144492	0.400718937105714	0.00720773530606196	TRUE	1.12436385237857
FBXO38	GOB	-0.262890276243693	-0.194555823226842	0.283096646467164	TRUE	0.740064737299347
FBXO42	GOB	0.339830115415949	0.342450657167937	0.0155244540224317	TRUE	1.00771132878786
FBXO7	GOB	-0.416928647693785	-0.411247385143039	0.0107868884813278	TRUE	0.9863735375773
FBXW8	GOB	0.440999964925872	0.456840452634964	0.0164150939142627	TRUE	1.03591947612004
FCGRT	GOB	-0.646464582572887	-0.688804531342847	0.0035776394410271	TRUE	1.06549461472653
FDPS	GOB	0.4763702405639	0.54674561533852	0.0324867137690226	TRUE	1.14773251723557
FERMT1	GOB	0.764936187149912	0.832228206898908	1.33994890547298e-05	TRUE	1.08797076263279
FGD5-AS1	GOB	-0.409897726590353	-0.349402023237781	0.0619485286548286	TRUE	0.85241268875582
FGGY	GOB	0.899551221200389	0.889861545775016	7.9372662574641e-06	TRUE	0.989228322749157
FH	GOB	-1.05781103093685	-1.00215389389419	2.3897728357048e-05	TRUE	0.94738461273809
FKBP1A	GOB	-0.982731121564632	-0.953534131753131	2.3437726962131e-05	TRUE	0.970289950963377
FKBP4	GOB	-0.416697453896812	-0.343368437773436	0.0564202627419775	TRUE	0.824023364103551
FMNL2	GOB	0.774455305958297	0.782236074276012	2.3897728357048e-05	TRUE	1.01004676223128
FMR1	GOB	-0.290598936038118	-0.245161563681062	0.269803525976393	TRUE	0.843642330641238
FNBP4	GOB	0.38296861761115	0.444273499375485	0.0017084354671122	TRUE	1.16007808197637
FOCAD	GOB	0.171021318524672	0.202206886673145	0.0560543785262505	TRUE	1.18234901015556
FOXA1	GOB	-0.867160880552673	-0.774579953550973	0.00876590768113263	TRUE	0.893236734868973
FOXD2	GOB	-0.85340818223251	-0.886497907717182	0.000277757093306262	TRUE	1.03877362108025
FOXK2	GOB	0.326889125056088	0.326851440791652	0.0321684206911714	TRUE	0.999884718512952
FPGS	GOB	0.651420040766868	0.658290155916685	0.00119658255262812	TRUE	1.01054636750464
FTX	GOB	0.829446548762384	0.851676514664525	1.91395544803338e-06	TRUE	1.02680096256391
FUCA1	GOB	-0.835055643746585	-0.787605250638809	4.99810960785781e-05	TRUE	0.943176968549205
FCSK	GOB	0.561204780142033	0.572955686756995	0.0117339131503403	TRUE	1.02093871440651
FUT8	GOB	0.309363616150845	0.369422162212859	0.036445910980618	TRUE	1.19413577721024
FXR2	GOB	0.287702075431526	0.285570886835596	0.0778782964954994	TRUE	0.992592376705195
FZD5	GOB	-1.06323599401269	-0.955749860365418	2.3437726962131e-05	TRUE	0.898906607514654
FZR1	GOB	0.290234889604123	0.328008072580098	0.0787555415616682	TRUE	1.13014694073306
GABARAPL2	GOB	-0.930963186837273	-0.842233863626955	8.80215904670568e-05	TRUE	0.904690835830195
GABPB1-AS1	GOB	0.98408230690063	1.03697249210304	1.04306741770143e-05	TRUE	1.05374569264332
GABPB2	GOB	0.25422809732264	0.317539482192427	0.0264980229194943	TRUE	1.24903378319131
GABRB1	GOB	0.996132121580258	0.769627176906439	0.0106854940563542	TRUE	0.772615559957556
GALNT11	GOB	0.236780255607093	0.296019928614134	0.0546685337122683	TRUE	1.25018839875459
GALNT12	GOB	-0.777003145228066	-0.751854361070709	0.0001104996807916	TRUE	0.967633613439267
GALNT6	GOB	1.3640228887178	1.40596682585999	1.3788780093984e-07	TRUE	1.03075017104853
GARNL3	GOB	0.360198044268925	0.346980372156783	0.0140077243641922	TRUE	0.963304431208201
GCA	GOB	-0.33306871253269	-0.23891480850562	0.20590661371161	TRUE	0.717313874031838
GCN1	GOB	0.282492713822016	0.312248345733435	0.00967696322575007	TRUE	1.10533238719271
GCNT2	GOB	-0.472966550537827	-0.434741188577474	0.184146061213104	TRUE	0.919179565834232
GDF15	GOB	1.23283924179098	1.22471843487855	0.000205046104548079	TRUE	0.99341292308263
GFM1	GOB	-0.39270192121862	-0.323088385004922	0.0431422939929588	TRUE	0.822731867474253
GGA3	GOB	0.24537082914862	0.271241620765289	0.0684456557313405	TRUE	1.10543548190482
GGCT	GOB	-0.38428588389246	-0.38163685508631	0.0666450311792941	TRUE	0.993106619532006
GGH	GOB	-0.447252248224689	-0.446029030706333	0.0146296653839807	TRUE	0.997265038860706
GHITM	GOB	-0.839114716890294	-0.776913197686615	3.33876611796226e-05	TRUE	0.925872448722871
GID8	GOB	-0.346344691465599	-0.295510618952421	0.0723299550716966	TRUE	0.853226933266778
GLG1	GOB	0.215050740738923	0.23064182139751	0.104257286596133	TRUE	1.07249954408441
GLO1	GOB	-0.226904646640083	-0.150075717702492	0.322395950807978	TRUE	0.661404338451222
GLOD4	GOB	-0.383286653748219	-0.329419410757126	0.0720299053505905	TRUE	0.859459643417486
GLRX2	GOB	-0.719559456538548	-0.638877101546578	0.0132490690801081	TRUE	0.887872566667258
GLRX5	GOB	-0.719456036581486	-0.727227118351276	0.000457864159763961	TRUE	1.01080132958049
GLT8D2	GOB	-0.370976462646444	-0.359851305857987	0.0215953023585131	TRUE	0.970011151896017
GLTP	GOB	-0.774219056316991	-0.722584900742503	9.25482827297185e-05	TRUE	0.933308079731187
GMDS	GOB	0.533896195908557	0.52711291885043	0.00586808803774296	TRUE	0.98729476420677
GMEB1	GOB	0.196258377575092	0.193319868018493	0.220487507832541	TRUE	0.985027342053338
GMNN	GOB	-0.548164499457375	-0.455607001780657	0.0415859404689945	TRUE	0.831150142396416
GNA11	GOB	-0.589468050061231	-0.561330769545252	0.00659110169016633	TRUE	0.952266657178356
GNAI2	GOB	0.411609661721353	0.40105473834478	0.0418066359623321	TRUE	0.974356959133485
GNAI3	GOB	-0.593946191785635	-0.537993275223554	0.0011217321803429	TRUE	0.905794637063224
GNAS	GOB	-0.232673372312554	-0.205972948672125	0.0843130652420176	TRUE	0.885245039537392
GNG10	GOB	-0.935171464245669	-0.868388954624789	0.00141257789684444	TRUE	0.928587951863193
GNG12	GOB	-0.461893954089587	-0.352375334598793	0.0198767089611713	TRUE	0.762892286159796
GNG5	GOB	-0.611232035897571	-0.588361625625388	0.000981973119953274	TRUE	0.962583096223682
GNL1	GOB	0.625077276083562	0.615410192292437	0.00102821050211599	TRUE	0.984534578105776
GOLGA8A	GOB	0.716865928158686	0.785081951039588	0.00308195775188408	TRUE	1.09515869035109
GOLM1	GOB	-0.478001377146927	-0.416528130770314	0.0252385245102247	TRUE	0.871395252575354
GON4L	GOB	0.243396020615744	0.278583368871137	0.0388499589007353	TRUE	1.14456829723993
GOT1	GOB	-0.566035523626594	-0.53983706382491	0.000237788132838159	TRUE	0.953715873459973
GPAT3	GOB	-1.22507428697555	-1.08474056363055	2.3437726962131e-05	TRUE	0.885448805156584
GPBP1	GOB	0.24577070923557	0.318747417210393	0.0704462553469	TRUE	1.29693004590256
GPCPD1	GOB	0.450434364200768	0.465281428012066	0.0101635107614521	TRUE	1.03296165877051
GPD1L	GOB	-0.533400012806977	-0.524868472834654	0.000882859897154831	TRUE	0.984005362265691
GPR35	GOB	0.67457605259169	0.66329903678477	0.00250974678552855	TRUE	0.983282810346448
GPX2	GOB	1.41157901258975	1.43946382868898	7.49642356537209e-07	TRUE	1.01975434308
GRAMD1A	GOB	1.64046216251598	1.63757497840618	3.7004127879373e-07	TRUE	0.998240017858518
GRAMD2B	GOB	-0.341771431649999	-0.288349989936826	0.0427458297379943	TRUE	0.843692489289505
GRB7	GOB	0.642040664577065	0.682667402681393	0.000880492427041811	TRUE	1.06327751549988
GRIN2D	GOB	2.60746100206853	2.63474309665396	2.81175197914524e-11	TRUE	1.01046308825474
GRINA	GOB	0.892078831843319	0.769555630680803	0.00142194560250327	TRUE	0.862654289297119
GRK6	GOB	0.279696467477418	0.260322246995995	0.196698710239689	TRUE	0.930731265016826
GRSF1	GOB	-0.256104859972103	-0.170493201930991	0.202402564957906	TRUE	0.665716386442499
GSKIP	GOB	-0.328450579512662	-0.283624635321996	0.0984011345747542	TRUE	0.863523016895948
GSR	GOB	-0.401204252638254	-0.380138669707554	0.0040616988632206	TRUE	0.947494118538932
GSTM4	GOB	-0.49905587148244	-0.510950080283668	0.00992461050693476	TRUE	1.02383342122776
GSTO2	GOB	0.21401567101762	0.353807257057786	0.0194386659408622	TRUE	1.65318387843037
GTF2A2	GOB	-0.497842432431882	-0.468885261095203	0.00952530247482149	TRUE	0.941834666050406
GTF2I	GOB	0.598525261873436	0.645764068100063	0.000336585114719674	TRUE	1.07892533404315
GTF2IRD1	GOB	1.37970741251939	1.41928132764561	5.7024151572665e-07	TRUE	1.0286828314229
GTF2IRD2	GOB	0.495711355719102	0.553507418667086	0.00114326833827486	TRUE	1.11659217058714
GTF2IRD2B	GOB	0.413385049223604	0.45598784754471	0.00804201948023406	TRUE	1.10305839168862
GTF3C2	GOB	0.182912381750606	0.210344303038383	0.0433936981922953	TRUE	1.14997301453971
GTF3C5	GOB	0.263177568092739	0.209453764621529	0.192255349928131	TRUE	0.795864807701699
GTF3C6	GOB	-0.254913775436391	-0.201941027951863	0.161836389566913	TRUE	0.792193468580336
GUCA2A	GOB	-1.40118524231991	-1.38510793032607	0.00676690752502827	TRUE	0.988525919694084
GUSBP11	GOB	0.412614186524572	0.403399615726562	0.0401833614685578	TRUE	0.977667828448596
GXYLT2	GOB	-1.23772938214516	-1.12742652547548	1.33980020217844e-05	TRUE	0.910882897133369
H1-0	GOB	-0.719742764622448	-0.718009127809514	0.00011444175390289	TRUE	0.997591310537393
H2AZ2	GOB	-0.285179593582203	-0.295092813235607	0.0194358841689674	TRUE	1.03476132190555
MACROH2A1	GOB	-0.335811021655687	-0.215348287434015	0.178134947490812	TRUE	0.641278199781112
H2AZ1	GOB	-0.392535895123312	-0.362863330143791	0.0488428767194242	TRUE	0.924408021411138
H3-3B	GOB	-0.478044671995127	-0.419043188924015	0.00835960763314553	TRUE	0.876577469580681
HADH	GOB	-0.315026311896825	-0.289103274797967	0.032846076537531	TRUE	0.917711517673648
HADHA	GOB	-0.299046741320802	-0.294824123858231	0.00369088900262796	TRUE	0.985879740926382
HADHB	GOB	-0.175360032421989	-0.167002737383932	0.188320008895915	TRUE	0.952342076340712
HCFC1	GOB	-0.16157051668924	-0.182834207822727	0.177732250317042	TRUE	1.13160625817881
HDAC4	GOB	0.378050817575671	0.38765466428019	0.0115434534608247	TRUE	1.02540358665564
HDAC7	GOB	1.15175772477898	1.18841715498647	1.77084125455405e-05	TRUE	1.03182911598403
HDDC2	GOB	-0.66419985338057	-0.569693096090253	0.00651899842571885	TRUE	0.857713372248869
HEBP2	GOB	-0.326976097630618	-0.294854338320837	0.0466163035819222	TRUE	0.901761139292607
HECA	GOB	-0.462870548882841	-0.33730682072074	0.0944267161420928	TRUE	0.728728197408207
HECTD4	GOB	0.232559681375291	0.281371986106308	0.0258113842083046	TRUE	1.20989151878071
HELB	GOB	0.685701505681627	0.765927251794759	0.000181210582719041	TRUE	1.11699806030524
HELZ2	GOB	0.662942446586564	0.764109167602713	0.00027510274747625	TRUE	1.15260256985663
HEPACAM2	GOB	-0.61629816507825	-0.463495420187578	0.0109659525524038	TRUE	0.752063605655437
HERPUD1	GOB	-0.566970156877804	-0.549260229357402	0.00626209940466176	TRUE	0.968763915868294
HIGD1A	GOB	-1.31108821702211	-1.10702245006805	0.000508302645346014	TRUE	0.844353900595981
HIGD2A	GOB	-0.556388908470992	-0.53099401016311	0.0102136787317743	TRUE	0.954357648182331
HINT1	GOB	-0.279693262672237	-0.17595853979498	0.155613973929564	TRUE	0.629112543197651
HINT3	GOB	-0.821486187157824	-0.774974047892637	0.00102821050211599	TRUE	0.943380497454121
HIP1R	GOB	0.267754442686789	0.300578549139098	0.0800986523956638	TRUE	1.12259033360169
HIPK1	GOB	-0.563209246050876	-0.503900350875427	0.00766474784116802	TRUE	0.894694741623451
HLA-C	GOB	-0.428689833991515	-0.355500423936913	0.0395634869412629	TRUE	0.829271878520799
HM13	GOB	0.513345362604433	0.49510466502199	0.000320470838850044	TRUE	0.964467006208258
HMGB2	GOB	-0.453945674338119	-0.411439638047077	0.0584159275989423	TRUE	0.90636316481478
HMGB3	GOB	-0.434482835797449	-0.386937570165453	0.0521753392658976	TRUE	0.890570439808672
HMGCS2	GOB	-1.00551323141082	-1.02516651950496	3.15204747852262e-05	TRUE	1.01954552906933
HMGN1	GOB	-0.527769010162829	-0.447153655196742	0.0130722567951854	TRUE	0.847252579416864
HMGN2	GOB	-0.574636834610404	-0.496685265735549	0.00647264858423741	TRUE	0.864346376389698
HMGXB4	GOB	0.195297611734102	0.258763451446962	0.0785797879175409	TRUE	1.32496987110764
HNRNPA2B1	GOB	-0.278615980698681	-0.263943475596841	0.0736384311759177	TRUE	0.947337891153817
HNRNPA3	GOB	-0.187897885554475	-0.14399286159538	0.313427970777986	TRUE	0.766335720971347
HNRNPAB	GOB	-0.37549211857874	-0.228912096845702	0.071827650369799	TRUE	0.609632228000279
HNRNPD	GOB	-0.358386279913135	-0.30753996581869	0.0319682229886279	TRUE	0.858124272762985
HNRNPF	GOB	-0.326264466451278	-0.288414326941799	0.0773088911688768	TRUE	0.883989390811789
HNRNPH2	GOB	-0.746809153054542	-0.697764280732687	0.00521414703456175	TRUE	0.934327435434803
HNRNPH3	GOB	-0.246430455816308	-0.212849200718736	0.140041882774895	TRUE	0.863729282217437
HNRNPK	GOB	-0.296168030954027	-0.272499188634575	0.230642266594106	TRUE	0.920083061486384
HNRNPL	GOB	-0.156973192449215	-0.0993306728540181	0.333399243832055	TRUE	0.632787492591477
HNRNPM	GOB	-0.17960618511423	-0.148475764466719	0.149978747954743	TRUE	0.826674005532095
HNRNPR	GOB	-0.23469839627738	-0.204138357879824	0.168344421854511	TRUE	0.869790169501465
HOOK2	GOB	0.165966914266907	0.213774615036232	0.10137818872394	TRUE	1.28805561024314
HOXA3	GOB	-0.457128266814586	-0.394935984206299	0.0779610478372009	TRUE	0.863950039577157
HOXB-AS4	GOB	0.340805136486911	0.450892928797323	0.0119003834419238	TRUE	1.32302269104633
HOXB5	GOB	0.477534572254628	0.532264384217702	0.00395401136181375	TRUE	1.11460910925187
HPGD	GOB	-1.49819909775147	-1.45268864648944	6.87065208802335e-07	TRUE	0.969623228761562
HPRT1	GOB	-0.28954494271858	-0.237567028238958	0.178725550166693	TRUE	0.820484122459217
HS3ST4	GOB	-0.62905948228207	-0.570815669236388	0.00108380590923192	TRUE	0.907411278764309
HSBP1	GOB	-0.592326073931821	-0.562805923723148	0.000460664931213435	TRUE	0.950162332019726
HSD17B11	GOB	-0.504519859531872	-0.41232090879121	0.00758715453369939	TRUE	0.817254070382461
HSD17B2	GOB	-0.836044858629745	-0.77809790306057	0.0168750588758572	TRUE	0.930689178970434
HSF1	GOB	0.353511024771244	0.374698479330974	0.0602376372393576	TRUE	1.05993435303309
HSH2D	GOB	0.332664678613523	0.359967313337299	0.00689982052045199	TRUE	1.08207253874252
HSPA1A	GOB	-1.07713677809469	-1.01821712567863	2.3437726962131e-05	TRUE	0.945299748728034
HSPA1B	GOB	-0.789299650147018	-0.718281213898323	0.000848460840998571	TRUE	0.910023479377615
HSPA5	GOB	-0.423492467356196	-0.413013751614495	0.139958977710303	TRUE	0.975256429454063
HSPA9	GOB	-0.233143465531896	-0.155627610960149	0.270635686100735	TRUE	0.667518648249901
IFT25	GOB	-0.424414740919467	-0.504722358049231	0.00589145190191931	TRUE	1.18921966978758
HSPE1	GOB	-0.502393280856788	-0.419026940677618	0.00992461050693476	TRUE	0.834061594062334
HSPG2	GOB	0.66873140984646	0.702737862801	0.00250974678552855	TRUE	1.05085218438049
HTATSF1	GOB	-0.617526425339507	-0.438741259563684	0.0378648621303472	TRUE	0.710481756829225
HUNK	GOB	0.264774159878032	0.262109075116823	0.160903339538598	TRUE	0.989934498281716
ICA1	GOB	0.237000005658079	0.411088813659933	0.00386456628695936	TRUE	1.73455191496076
IDH1	GOB	-0.606860929988959	-0.555088165855782	0.000516627984466664	TRUE	0.914687597149945
IDNK	GOB	0.357268395794465	0.399852003761878	0.0427458297379943	TRUE	1.11919220526831
IER3IP1	GOB	-0.750579643560473	-0.779129509463528	0.000782982275047388	TRUE	1.03803709059791
IER5	GOB	-0.408395752734425	-0.258021863252728	0.19253412056402	TRUE	0.631793698943085
IFITM2	GOB	1.39708359091509	1.47266995779211	1.85649203667947e-06	TRUE	1.05410296661456
IFITM3	GOB	0.896219626378216	0.921994031916338	0.000133573294882942	TRUE	1.02875902823316
IGHMBP2	GOB	0.502114220173785	0.543799179750593	0.0252861595237587	TRUE	1.08301887877699
IKBKB	GOB	0.174023561751573	0.257886197970581	0.0715398836913333	TRUE	1.48190391792306
IL15RA	GOB	0.410364477092982	0.475851425606675	0.00226139921543132	TRUE	1.15958240093685
IL18	GOB	0.433835748841847	0.495543329072543	0.00339960742576653	TRUE	1.14223719551795
IL1R2	GOB	-1.95053937124531	-1.87168364442957	3.26259158927894e-09	TRUE	0.959572348049866
IL1RAPL1	GOB	-0.649748657705984	-0.678248637567783	0.000254007878339667	TRUE	1.04386308386141
IMPA2	GOB	-0.761746511958342	-0.693046758196754	3.07150153261325e-05	TRUE	0.909812841039508
IMPACT	GOB	-0.595736628259562	-0.475927312797151	0.0613495528112393	TRUE	0.798888787798002
BPNT2	GOB	-1.00907625384248	-0.919594448977883	0.000802137202472519	TRUE	0.911323049646785
INO80	GOB	0.214014556245269	0.220111504944963	0.110840050188215	TRUE	1.02848847670299
INO80D	GOB	0.290387439195545	0.338124906785197	0.0601273718403351	TRUE	1.16439232950949
INPP4B	GOB	0.42876967965792	0.505481110949632	0.0196548865270007	TRUE	1.17891057817548
INPP5A	GOB	0.545542869362274	0.564619267204581	0.00270484929046306	TRUE	1.03496773381825
INPP5B	GOB	0.29567518064773	0.278316895858628	0.0701988515856366	TRUE	0.941292722807929
INPP5D	GOB	3.57758473677653	3.50957669550669	3.58822513219129e-12	TRUE	0.980990515592618
INTS1	GOB	0.668904550143665	0.668020116093488	0.00175757255412909	TRUE	0.99867778736146
INTS3	GOB	0.316334768310785	0.353471500653783	0.0560543785262505	TRUE	1.11739693534576
INTS9	GOB	0.266377197583202	0.290471474726329	0.0161240366942343	TRUE	1.09045172545447
IPO8	GOB	-0.285857467068491	-0.15250728385373	0.365261935897122	TRUE	0.533508134028169
IQCK	GOB	0.270711500674151	0.319701709667891	0.0616185801826126	TRUE	1.18096833297344
IRF2BPL	GOB	-0.545754961488942	-0.299486919104677	0.133161519679926	TRUE	0.548757116724344
IRF3	GOB	0.299277966653496	0.321266766638746	0.0438271541733189	TRUE	1.07347283273516
IRF6	GOB	-0.797027983725554	-0.692473706195022	0.00278539563545653	TRUE	0.868819816034799
ISCA1	GOB	-0.451690693951455	-0.325804454976808	0.0798447211093055	TRUE	0.721299905753258
ISCA2	GOB	-0.447384886179625	-0.421188310251161	0.027523673480722	TRUE	0.94144510300255
ISCU	GOB	-0.536184183134448	-0.504980318026017	0.00967696322575007	TRUE	0.94180383142595
ISOC1	GOB	-1.08854422709318	-0.908532799416182	0.00125311398046551	TRUE	0.834631039146939
ITGA3	GOB	0.225243959906122	0.269673118331824	0.127847896939925	TRUE	1.19724905584247
ITGA6	GOB	0.963946034187446	0.995479885355432	1.50471774332244e-05	TRUE	1.03271329519455
ITGB4	GOB	0.213192247783706	0.221087180276434	0.138524797421137	TRUE	1.03703198673874
ITM2B	GOB	-0.820920977949903	-0.799726933590139	0.000230432090954257	TRUE	0.974182601091896
ITM2C	GOB	-0.793445802348947	-0.780473264798085	0.000363652516643309	TRUE	0.983650379758192
ITPA	GOB	0.497866581427879	0.569906051609698	0.000280375457334059	TRUE	1.144696336065
ITPR2	GOB	0.690807430520575	0.605424241274964	0.00669917682800282	TRUE	0.876400881818441
IWS1	GOB	-0.239071266714124	-0.226067680922504	0.0912460393400118	TRUE	0.94560791026732
JAG1	GOB	0.424578699584402	0.411794392207034	0.0357069699781925	TRUE	0.969889428297082
JAGN1	GOB	-0.301879991510173	-0.280473149085425	0.112948614545957	TRUE	0.929088236959133
JPH1	GOB	0.690772176195095	0.763407441398542	0.000893929224660614	TRUE	1.10515082643244
JTB	GOB	-0.287868987330936	-0.253922927820391	0.124582763598086	TRUE	0.882078094534303
KANSL1L	GOB	0.730504839610482	0.845252506817444	4.02208679960994e-05	TRUE	1.15707995482706
KAT7	GOB	-0.325454186504205	-0.231247148955794	0.151516835792902	TRUE	0.710536716210919
KBTBD11	GOB	-0.46140063733307	-0.40767893296526	0.0147999404534646	TRUE	0.883568205110583
KCNG3	GOB	-0.622931100751534	-0.579261384635623	0.0229030806916662	TRUE	0.929896394539901
KCNN4	GOB	1.5854761530774	1.68481498017489	1.26551509145943e-06	TRUE	1.06265551639151
KCNQ1	GOB	0.877057570595633	0.860283114896965	5.64953265872155e-05	TRUE	0.980874168058003
KCNQ1OT1	GOB	0.24576391768655	0.244619460624918	0.105170447032712	TRUE	0.995343266528281
KCTD10	GOB	-0.429425387090972	-0.412968244807573	0.0133504782328284	TRUE	0.961676363861755
KCTD20	GOB	0.32031771247419	0.393743998485031	0.00626209940466176	TRUE	1.22922955288262
KCTD7	GOB	0.307636880500196	0.297287760986278	0.0858271104317552	TRUE	0.966359301599044
KDELR2	GOB	-0.606286693281582	-0.550126430878582	0.00180128508629861	TRUE	0.907370122047332
KDM2B	GOB	0.880214528240815	0.904445558469747	6.04477941645478e-05	TRUE	1.02752855065612
KEAP1	GOB	0.676848036711707	0.694364580479995	0.000415916986591018	TRUE	1.02587958126227
KIAA0319L	GOB	0.24313931865651	0.247726345898976	0.0276713321222089	TRUE	1.01886583900873
KIAA0930	GOB	0.431741101242523	0.412430930685636	0.0873570521877685	TRUE	0.955273726542798
MYORG	GOB	-0.553400540437832	-0.404044343123574	0.0475102994233643	TRUE	0.730111941712069
KIAA1191	GOB	-0.368125343924351	-0.360346335514962	0.0753161038884963	TRUE	0.978868587730306
KIAA1549	GOB	0.963768067861562	1.16572299914501	3.15802794246291e-05	TRUE	1.20954723238709
KIF13A	GOB	0.221091958853566	0.267839106195947	0.0436430904179697	TRUE	1.21143757369006
KIF2A	GOB	0.457102926525511	0.51559807357111	0.00581223732071307	TRUE	1.12796931205457
KIF9-AS1	GOB	0.54963050097329	0.482772777963983	0.0182101075613803	TRUE	0.878358783053496
KLF4	GOB	-1.17233122646734	-1.09050494661835	3.04664014225649e-06	TRUE	0.93020208111699
KLHDC10	GOB	0.268609801297352	0.345833399761927	0.0175390287486869	TRUE	1.28749359886197
KLHDC4	GOB	0.337788425408253	0.336659710042609	0.046881773821217	TRUE	0.996658513789276
KLHL18	GOB	0.48884418890395	0.50543814940146	0.00282587680854778	TRUE	1.03394529560577
KLHL22	GOB	0.383707620776475	0.337349161507198	0.0746859066917637	TRUE	0.87918285496789
KLHL29	GOB	1.23331608635727	1.30933412835149	1.30544978284168e-05	TRUE	1.0616371122011
KLHL42	GOB	0.208846487207657	0.262764683319042	0.096961622794639	TRUE	1.25817142932251
KLHL9	GOB	-1.11026902044166	-1.0420507901813	5.00115787095394e-05	TRUE	0.938557026266284
KMT2B	GOB	0.391120024931847	0.405080109073197	0.0559810262825796	TRUE	1.03569258348197
KMT2D	GOB	0.303044844668693	0.281318876896922	0.0967814560871036	TRUE	0.928307746678472
KNOP1	GOB	0.32638538723544	0.371513217059496	0.134536112236434	TRUE	1.13826547262517
KPNA4	GOB	0.17927195275301	0.219358901877373	0.0737825916812223	TRUE	1.22360970865081
KPNA6	GOB	0.259188903152716	0.272465711665279	0.0171875334433098	TRUE	1.0512244480804
KRAS	GOB	-0.687248650756231	-0.589876447797663	0.000880492427041811	TRUE	0.858315905238342
KRT10	GOB	-0.738991313686045	-0.687402487803989	0.00072019735653413	TRUE	0.930190213434669
L1TD1	GOB	2.15409624929427	2.14411482562312	1.89136929611113e-06	TRUE	0.995366305626121
LAMB1	GOB	0.410794926320925	0.439070131515986	0.0147999404534646	TRUE	1.06883046353151
LAMP2	GOB	-0.368503824899014	-0.318630932344959	0.041652317006889	TRUE	0.864661126468031
LAMTOR3	GOB	-1.25004138722694	-1.20834503119505	9.49804082863229e-05	TRUE	0.96664401958371
LAMTOR5	GOB	-0.436155203956918	-0.402938206611619	0.0250216062690227	TRUE	0.923841336652766
LAP3	GOB	-0.705100749352834	-0.618687307546869	0.00657855988448436	TRUE	0.877445256035711
LAPTM4A	GOB	-0.681335213884418	-0.564215609728639	0.0296156071692423	TRUE	0.828102816691275
LARP1	GOB	0.305845214862721	0.389318827574389	0.000610001689849576	TRUE	1.27292764004543
LARP4	GOB	0.35604127086686	0.372763580649557	0.0407517579553563	TRUE	1.0469673353934
LARP7	GOB	-0.279681090351663	-0.177769387990208	0.328377962388384	TRUE	0.635614612938923
LARS2	GOB	0.301425787484911	0.353495739221641	0.0239788415974201	TRUE	1.1727455111628
LBR	GOB	-0.477297511818878	-0.355068870664038	0.21135754775752	TRUE	0.743915193085644
LCN2	GOB	4.12424493239131	4.05766853285784	2.17926996566535e-10	TRUE	0.983857311914095
LDHA	GOB	-0.629848408712776	-0.572190016106843	0.014573300779841	TRUE	0.908456714650164
LDLRAD4	GOB	0.698989188375763	0.742061318101432	0.00024678422824635	TRUE	1.06162059505635
LEO1	GOB	-0.276377122810506	-0.203376464883812	0.242324397205327	TRUE	0.73586577215819
LEPROT	GOB	-0.36872854518104	-0.334833599325966	0.0348465882755056	TRUE	0.908076154401248
LETMD1	GOB	0.203979841501374	0.286537309973373	0.024012529821102	TRUE	1.40473346711294
LGALS3	GOB	-1.12411434624195	-1.09682329017	5.23483037232963e-07	TRUE	0.975722170824354
LGALS4	GOB	-0.917750054615392	-0.906518674573637	3.51354386153823e-05	TRUE	0.987762049170935
LGALS9	GOB	-0.510162116436136	-0.460561088009444	0.0158477231500534	TRUE	0.902773987270571
LIMCH1	GOB	1.63672581192211	1.61856234562874	2.242408558901e-05	TRUE	0.988902560122739
LIMS1	GOB	0.542904029475112	0.556230336292059	0.000756956163441197	TRUE	1.02454633985648
LIN7C	GOB	-0.466720513508991	-0.441017263282507	0.0376132914768888	TRUE	0.944927961204798
LIN9	GOB	0.343224837134275	0.276175995300194	0.130945272378864	TRUE	0.804650379052112
LINC-PINT	GOB	1.14884069941782	1.22548193235276	1.69132688323551e-06	TRUE	1.06671180170913
LINC00467	GOB	0.692639395234617	0.85184258604982	0.00024178724799577	TRUE	1.22985003727846
CIBAR1-DT	GOB	-0.847887053358755	-0.79134772519314	0.00486749739080122	TRUE	0.933317382378179
LINC00667	GOB	-0.280314582518635	-0.244554160238258	0.162100083612802	TRUE	0.872427534953519
TMEM238L	GOB	-0.934854505145506	-0.86833891752927	8.76767294995243e-05	TRUE	0.928849262371707
LINC00685	GOB	0.445115176914013	0.496326150799612	0.0121129069439646	TRUE	1.11505106215574
CCDC200	GOB	0.355952722927555	0.365879888373625	0.106626327199906	TRUE	1.02788899987735
LINC00963	GOB	0.696820198785163	0.627405647298518	0.00941345897685893	TRUE	0.900383841329998
SLC12A2-DT	GOB	0.394450243177675	0.502950394662727	0.00797631837274624	TRUE	1.27506676282154
CHASERR	GOB	-0.793696048751329	-0.77719510394649	0.00146108489944337	TRUE	0.979209995021647
LINS1	GOB	-0.522888767612967	-0.446674262824984	0.0535310083773392	TRUE	0.854243369701918
LIPG	GOB	1.69494942902479	1.72904886782588	7.56101008472268e-09	TRUE	1.0201182632456
LITAF	GOB	-0.671540781510255	-0.642003735683151	0.000125755449087522	TRUE	0.956016005817731
LMBRD1	GOB	-0.360427071960978	-0.295022882662012	0.0352823183280323	TRUE	0.818536967983228
LMF1	GOB	0.506348837154589	0.522753054914237	0.00278539563545653	TRUE	1.03239706809999
LMO7	GOB	-0.722578815672012	-0.607246508698389	0.00775956459769508	TRUE	0.840387921051406
LONP1	GOB	0.255517901461454	0.255126697880773	0.124445083649636	TRUE	0.998468977795906
LPAR1	GOB	-0.798581074477623	-0.733120926769698	0.00041189507401419	TRUE	0.918029427693682
LPIN1	GOB	0.1937646266387	0.258918267707248	0.0677713716906084	TRUE	1.33625147272126
LPXN	GOB	-0.302270106503465	-0.328510266276891	0.106968274318771	TRUE	1.08681030379405
LRG1	GOB	0.76790341400544	0.775388809126655	0.00021459339797271	TRUE	1.00974783414775
LRP1	GOB	1.00965525536733	1.03193621536025	0.000237788132838159	TRUE	1.02206788889027
LRP5L	GOB	0.547539359729899	0.564668089741534	0.00471031969698168	TRUE	1.03128310267975
LRRC19	GOB	-1.31934619381344	-1.28931488462061	1.77084125455405e-05	TRUE	0.977237733861173
LRRC59	GOB	-0.501938064690191	-0.409777757295363	0.0706780886007767	TRUE	0.8163910771507
LRRC61	GOB	0.351608521949354	0.426632144733624	0.0241451794473473	TRUE	1.2133725950905
LRSAM1	GOB	0.491771938352115	0.508309775746275	0.00587366561325213	TRUE	1.03362907905965
LSM3	GOB	-0.400164969543333	-0.35803921603431	0.0440997411734787	TRUE	0.894729032486036
LSM6	GOB	-0.252157300801871	-0.196183763885313	0.286100751231128	TRUE	0.778021351201968
LTBP1	GOB	0.205965412863712	0.170956333287992	0.397580130786127	TRUE	0.830024473094975
LUC7L	GOB	0.439554106421764	0.424798994211236	0.0108696936045481	TRUE	0.966431636071739
LYN	GOB	0.534636832232549	0.572244796809467	0.00191260195332785	TRUE	1.07034301101156
LYPD8	GOB	-0.840455109125805	-0.762732672439505	0.0126523178330113	TRUE	0.907523393168324
MAD1L1	GOB	0.358554794379315	0.40373334246909	0.00934585579944968	TRUE	1.12600179609363
MAD2L1BP	GOB	-0.368128104326374	-0.327279385745228	0.0700739223315465	TRUE	0.88903667473068
MAGEF1	GOB	-0.743315517489564	-0.746057211678041	0.00291894896723085	TRUE	1.00368846623536
MAGOH	GOB	-0.609656855260028	-0.56109495839879	0.000333063399668243	TRUE	0.920345524794394
MAL2	GOB	-0.568470362258786	-0.502253350605057	0.0130722567951854	TRUE	0.883517213825152
MAML3	GOB	0.172055440412937	0.229378137674234	0.0665560524197802	TRUE	1.33316410759068
MAN1B1	GOB	0.247840089034742	0.264548880807937	0.147621572643303	TRUE	1.06741763141819
MANBA	GOB	0.302465846667586	0.330621478331597	0.0278901449437389	TRUE	1.0930869781637
MAOA	GOB	-0.545665697480692	-0.480410587680038	0.00124226549652809	TRUE	0.880411926016362
MAP1LC3B	GOB	-0.495414380952146	-0.442749219203959	0.0119666002803721	TRUE	0.893694725520545
MAP2K5	GOB	0.213149260842796	0.253842201890752	0.0554691103875387	TRUE	1.19091288840062
MAP2K7	GOB	0.257558531862224	0.248640065958581	0.0931401250766379	TRUE	0.965373051946058
MAP3K3	GOB	0.193409243598	0.222168090019281	0.168403867813646	TRUE	1.14869427068882
MAP3K5	GOB	0.780458112415303	0.855756427117588	8.76767294995243e-05	TRUE	1.09647963613224
MAP4	GOB	0.148592131381691	0.149954349284622	0.165193823611631	TRUE	1.00916749689411
MAP7	GOB	0.295316561217392	0.380509600535995	0.0138825751508771	TRUE	1.28848039868611
MAPK1	GOB	-0.194884622163394	-0.180356327356929	0.0844547178655688	TRUE	0.925451815309038
MAPK10	GOB	0.716496396616781	0.712620606356984	0.00513749608845135	TRUE	0.994590635377793
MAPK1IP1L	GOB	-0.510070033509464	-0.471400210950694	0.00172014391826828	TRUE	0.924187229167908
MAPK8IP3	GOB	0.924081535965457	0.950900784012268	9.7893628165878e-06	TRUE	1.0290225992004
MAPK9	GOB	-0.187411631572899	-0.144415478629079	0.259260679385807	TRUE	0.770579058605038
MAPKBP1	GOB	0.501801643506711	0.540138516780124	0.00936357831411412	TRUE	1.07639846096459
MAPRE1	GOB	-0.400646855956991	-0.30889752758229	0.100226321471867	TRUE	0.770997008935593
MARCKS	GOB	-0.843417060403104	-0.770837961235445	0.000123581527875529	TRUE	0.913946370573806
MARK4	GOB	0.652346819257214	0.641595804167518	0.000900206373775409	TRUE	0.983519479558531
MAT2B	GOB	-0.682907975435442	-0.55840829308582	0.0214506676794664	TRUE	0.817691860648958
MBD2	GOB	-0.263428185864507	-0.208536657799505	0.0625592540202047	TRUE	0.791626215376834
MCRIP1	GOB	0.598502663469148	0.486775959126536	0.0546282859127704	TRUE	0.813322962181986
MCTS1	GOB	-0.258115666237012	-0.189751943836766	0.12385390836136	TRUE	0.735143072108334
MCUR1	GOB	-0.832682070347348	-0.76562450363126	7.98407415884271e-06	TRUE	0.919467982914397
MDH1	GOB	-0.445527681433435	-0.39775257163256	0.0218138047328537	TRUE	0.892767359264494
MDK	GOB	0.592795965063715	0.491067605359979	0.00771286793280144	TRUE	0.828392287230224
ME1	GOB	0.846929958153455	0.954191937804174	0.00103891568886116	TRUE	1.12664799328221
MECOM	GOB	0.46577276209485	0.531081846817625	0.00398589634834984	TRUE	1.14021662501054
MECR	GOB	0.522268727288483	0.53422342035518	0.00325870553461266	TRUE	1.02288992704726
MED30	GOB	-0.863150498991037	-0.746860024477541	0.00108913202495007	TRUE	0.865272076365094
MED4	GOB	-0.237353417054999	-0.146277159683886	0.335229944414631	TRUE	0.616284195520938
MED6	GOB	-0.344145780315897	-0.322344149681141	0.0984011345747542	TRUE	0.936650013216075
MEP1A	GOB	-0.765223401744701	-0.660530048019399	0.00438523298748912	TRUE	0.863185896449845
METTL16	GOB	0.273853125815415	0.302993365350814	0.0290647961698165	TRUE	1.10640827797248
TMT1A	GOB	-0.342170065261997	-0.290774742936678	0.0524442801305357	TRUE	0.849795971234461
MFN2	GOB	-0.463222606252613	-0.447243775141721	0.00177727994299842	TRUE	0.96550507057469
MFSD14CP	GOB	0.153443747537293	0.192825678650166	0.125624484055771	TRUE	1.25665386661194
MGAT4A	GOB	-0.594322190844164	-0.528605096418185	0.00243759641235119	TRUE	0.889425137680564
MGAT4B	GOB	-0.333871580308852	-0.299223597636583	0.0705851011880426	TRUE	0.89622362394482
MGST1	GOB	-0.430480159019868	-0.372986899259044	0.023093004690055	TRUE	0.866443880034503
MGST2	GOB	-0.477217190946014	-0.431200242098936	0.00372900812558788	TRUE	0.90357231524737
MGST3	GOB	-0.504825408639306	-0.4777227222122	0.00117280936350765	TRUE	0.946312752957191
MIB1	GOB	0.170243211982768	0.219574816743917	0.096961622794639	TRUE	1.28977134645546
MICALL1	GOB	0.255504152765785	0.250621978292044	0.190399318036112	TRUE	0.980891995605972
MIEN1	GOB	-0.561878516734467	-0.544124417242097	0.00616599036746103	TRUE	0.968402245390065
MIER1	GOB	-0.231598575208045	-0.193708859103007	0.162242674661191	TRUE	0.836399183064915
MIR194-2HG	GOB	-0.477408184934726	-0.493238371111992	0.0322799435602617	TRUE	1.03315859819083
MIRLET7BHG	GOB	0.592945475895314	0.596783704669303	0.00342402191126039	TRUE	1.00647315635252
MKRN1	GOB	-0.458580209828389	-0.395400139110923	0.00349538755247403	TRUE	0.862226783094042
MLKL	GOB	0.294138772520305	0.339291002125414	0.0230062043625746	TRUE	1.15350655480821
AFDN	GOB	-0.194859353797072	-0.17933392218471	0.112948614545957	TRUE	0.920324935345261
MMADHC	GOB	-0.577804666211231	-0.488147019531577	0.0452783596896557	TRUE	0.844830525050005
MNT	GOB	0.219443219328935	0.222986781622185	0.157524384663887	TRUE	1.01614796895564
MOB1A	GOB	-0.83176088208422	-0.79408340919607	0.000110174049654149	TRUE	0.954701557022328
MOCOS	GOB	0.665035429394936	0.62514095251269	0.0127130371658247	TRUE	0.940011501464602
MORF4L1	GOB	-0.324945002222416	-0.299955308882269	0.0437618152009898	TRUE	0.92309562181528
MORF4L2	GOB	-0.439100580317636	-0.40832143046008	0.0706780886007767	TRUE	0.929904101162218
MPC1	GOB	-0.966730492427546	-0.920520398661923	1.53491515115753e-05	TRUE	0.952199610824744
MPC2	GOB	-0.84063287069687	-0.805874626374341	1.33994890547298e-05	TRUE	0.958652289799571
MPHOSPH6	GOB	-0.36594734310097	-0.252324197740871	0.0939654668494567	TRUE	0.689509576986465
MPLKIP	GOB	-0.380362681104472	-0.353492779269758	0.0695889374915573	TRUE	0.929357155237492
MPRIP	GOB	0.447255608855974	0.490440905393813	0.00024384624791481	TRUE	1.09655618774307
MRFAP1	GOB	-0.348943236440645	-0.288917372024756	0.0589405998376917	TRUE	0.82797814043288
MRPL11	GOB	-0.345506232283594	-0.341312920562213	0.0741521376551643	TRUE	0.987863281962626
MRPL3	GOB	-0.383695974788427	-0.31447248148897	0.0892957865096566	TRUE	0.819587647908926
MRPL33	GOB	-0.398324422102737	-0.349849010051941	0.0304862608197051	TRUE	0.878301682345017
MRPL34	GOB	-0.566878507314625	-0.517955646322434	0.00110546507382171	TRUE	0.913697802331677
MRPL35	GOB	-0.473836123970079	-0.424742666427898	0.0245256630064289	TRUE	0.896391484188992
MRPL4	GOB	0.442429264937106	0.401078230821758	0.0875578027840782	TRUE	0.906536394871559
MRPL47	GOB	-0.322378566966579	-0.178429728562386	0.32240560426022	TRUE	0.553478881184071
MRPL51	GOB	-0.291487184073191	-0.260976446736146	0.137077862670625	TRUE	0.895327345406088
MRPS16	GOB	-0.295347368870743	-0.351182106082812	0.0319682229886279	TRUE	1.18904768789901
MRPS30	GOB	-0.204704249465841	-0.0903972691842338	0.600727551232979	TRUE	0.441599377736994
MRPS33	GOB	-0.238215045727368	-0.186447411163642	0.205321782560548	TRUE	0.782685285869924
KGD4	GOB	-0.331055438528854	-0.252305952984868	0.0383009143852055	TRUE	0.762125987436022
MRPS6	GOB	-1.08910319653439	-1.07200908464275	1.2378826761366e-05	TRUE	0.984304414911245
MRTO4	GOB	0.759474683049475	0.788551165940287	9.53103913979957e-05	TRUE	1.038284992956
MSH5	GOB	0.614657889846211	0.779049411196222	0.00114667163088407	TRUE	1.26745206409234
MSI2	GOB	0.864776237428437	0.872652730465527	1.65068969710533e-05	TRUE	1.00910812843391
MSL1	GOB	-0.222860794819607	-0.178116441703701	0.22313990234063	TRUE	0.799227346594883
MST1R	GOB	0.246110305327388	0.26072466015804	0.121737516024533	TRUE	1.05938132014103
MT-RNR1	GOB	-0.383684296188713	-0.326355949006819	0.0761268067777835	TRUE	0.850584588028859
MT-TP	GOB	-0.525787413746138	-0.511529276923783	0.0258113842083046	TRUE	0.97288231621832
MT-TY	GOB	0.470708900109969	0.391973954109664	0.0949465696856855	TRUE	0.832731129617667
MT1E	GOB	-0.503869391117171	-0.533661366298713	0.0778197803209306	TRUE	1.05912638415183
MT1G	GOB	-0.906854240190988	-0.920413553440227	0.0240256023268618	TRUE	1.01495203159262
MTCH1	GOB	-0.437648318072532	-0.410135178871825	0.0147367030342896	TRUE	0.937134137012387
MTCH2	GOB	-0.253700755595001	-0.216307675740021	0.0802470205988031	TRUE	0.852609505370678
MTDH	GOB	0.248574597214117	0.298030709612462	0.0272792348172994	TRUE	1.19895883550701
MTF1	GOB	0.169105615489076	0.227095436644737	0.104361659463656	TRUE	1.34292073026639
MTG2	GOB	0.387004166274165	0.485193976099545	0.00294039795654616	TRUE	1.25371770741047
MTHFD1L	GOB	0.983700413729588	0.97658963829263	3.07150153261325e-05	TRUE	0.99277140139649
MTMR11	GOB	-1.06790330576843	-1.00240749159709	4.11401084767309e-05	TRUE	0.938668778514356
MTX2	GOB	-0.238452271180631	-0.18762795855311	0.276536239077807	TRUE	0.786857502443242
MUC20	GOB	0.513544006237837	0.583222053935804	0.110013989997183	TRUE	1.1356807729262
MMUT	GOB	-0.429435680875328	-0.383552811754632	0.0140077243641922	TRUE	0.893155433597944
MXI1	GOB	-0.985617548587628	-0.889386798943221	0.000320470838850044	TRUE	0.902365019999589
MYL12A	GOB	-1.20191346236245	-1.14069137389857	7.3369912136624e-07	TRUE	0.949062814935492
MYL12B	GOB	-0.804865148861063	-0.705217409930496	0.00024178724799577	TRUE	0.876193249177735
MYL6	GOB	-0.725904003548037	-0.723403433440841	0.000467083985955475	TRUE	0.996555233068045
MYO10	GOB	0.211626268632011	0.2564051415704	0.0485998215990295	TRUE	1.21159411460518
MYO1F	GOB	0.601305408574148	0.626355646406205	0.0204671340716811	TRUE	1.04165975804451
MYO5B	GOB	0.113291067085861	0.168541433460244	0.144311551307681	TRUE	1.48768510876952
MYPOP	GOB	0.298958035075369	0.281688246821636	0.238118292478409	TRUE	0.942233403262171
MYRF	GOB	0.571668818597625	0.600383860987257	0.00797195932282862	TRUE	1.05023020576857
NAA20	GOB	-0.436476285083299	-0.401089344971818	0.014268841790434	TRUE	0.918925858469659
NAA25	GOB	0.427436701726126	0.475905174771459	0.00351144616908648	TRUE	1.11339333484842
NAAA	GOB	-1.04511480102887	-0.968691057610157	8.96036314456719e-05	TRUE	0.926875264474795
NACA	GOB	-0.30846961503676	-0.287078873829206	0.0897245019434407	TRUE	0.93065527311335
NACC2	GOB	0.275801891246441	0.262120362427938	0.179067955018526	TRUE	0.950393636690916
NAGLU	GOB	0.282279724901428	0.286885995332075	0.0998641734141085	TRUE	1.01631810585141
NARF	GOB	0.322043250948004	0.287057123936025	0.0869940857044098	TRUE	0.891362023861734
NARS1	GOB	-0.705286110258761	-0.643724093773316	0.000525115081614747	TRUE	0.912713414329316
NAT8L	GOB	0.596660143657504	0.640505869600403	0.0204671340716811	TRUE	1.07348526025909
NAT9	GOB	0.6227562892522	0.524380437041949	0.0237234153059559	TRUE	0.842031539611779
NAV2	GOB	0.339161394674419	0.383379123851316	0.0204323118687264	TRUE	1.13037370960025
NBAS	GOB	0.153206517433748	0.170014894555386	0.133862735977642	TRUE	1.1097105880558
NBEAL2	GOB	1.08314778147376	1.03569728481081	2.45027773454536e-05	TRUE	0.956192038173786
NBPF1	GOB	-0.808400460584267	-0.814220188416771	9.49804082863229e-05	TRUE	1.00719906545859
NBPF10	GOB	-0.344169319570596	-0.193513622138801	0.426464157202382	TRUE	0.562262848937956
NCBP1	GOB	-0.281331701767567	-0.217045635875637	0.216952586483487	TRUE	0.771493701250056
NCBP2AS2	GOB	-0.358787960082783	-0.373016180413801	0.0287761231121277	TRUE	1.0396563483561
NCOA4	GOB	-0.359306824590699	-0.292461443665944	0.0454503400878148	TRUE	0.813960168997899
NCOR2	GOB	0.289699896578037	0.303916911239273	0.0357069699781925	TRUE	1.04907497320216
NCR3LG1	GOB	0.319792674980591	0.377362315756277	0.0333876969614932	TRUE	1.18002176184673
NDE1	GOB	0.59482710221943	0.57833612848925	0.00360184776264012	TRUE	0.97227602160586
NDFIP2	GOB	-0.776537930738774	-0.695494461958249	0.00216437865060134	TRUE	0.895634887141413
NDRG1	GOB	-0.307477002824454	-0.261568487883002	0.104791256741685	TRUE	0.850692850132724
NDRG2	GOB	-0.321949368815862	-0.296476222396666	0.0434945219983049	TRUE	0.920878408574347
NDUFA1	GOB	-0.669937240226946	-0.634015764873041	0.000429243621657383	TRUE	0.946380835103693
NDUFA10	GOB	-0.134074300850455	-0.0879890165190477	0.450137687712395	TRUE	0.656270560136574
NDUFA12	GOB	-0.656147372431205	-0.62951204688325	0.000144581268186555	TRUE	0.959406489049459
NDUFA2	GOB	-0.382172755705184	-0.340823509612351	0.0654592419134601	TRUE	0.891804830471144
NDUFA3	GOB	-0.357474149698367	-0.379572836488163	0.0358827520981822	TRUE	1.06181897854276
NDUFA5	GOB	-0.632200659354707	-0.548017167105944	0.0035765890631772	TRUE	0.866840549747782
NDUFA6	GOB	-0.64202317985544	-0.646946457543882	9.49804082863229e-05	TRUE	1.0076683799634
NDUFA8	GOB	-0.335638092065425	-0.379668626529541	0.0104372720412491	TRUE	1.13118455713165
NDUFAB1	GOB	-0.684627312004071	-0.618707746969923	0.000291790083967564	TRUE	0.903714672379655
NDUFAF3	GOB	-0.483559969565284	-0.501335769014486	0.0101320316313246	TRUE	1.03676027911322
NDUFB1	GOB	-0.290657797251817	-0.277038261658547	0.0722714051430429	TRUE	0.953142369748746
NDUFB2	GOB	-0.397859066319914	-0.341697150627518	0.0289673229183556	TRUE	0.858839673525909
NDUFB3	GOB	-0.552991654825733	-0.536441063414519	0.0020093347435709	TRUE	0.970070811617528
NDUFB4	GOB	-0.416961818201412	-0.403552664968225	0.0104372720412491	TRUE	0.967840812640764
NDUFB5	GOB	-0.715563612102967	-0.667032210609697	0.000673751575816181	TRUE	0.932177376445064
NDUFB6	GOB	-0.49454985774414	-0.485130152613146	0.00521339187722436	TRUE	0.980952971710553
NDUFB9	GOB	-0.458458325136495	-0.438460019508589	0.00910930609131207	TRUE	0.95637922896928
NDUFC1	GOB	-0.602686348497167	-0.581537372928038	0.000805162312006698	TRUE	0.964908819285744
NDUFC2	GOB	-0.388602224355716	-0.358154714514163	0.0255027962562515	TRUE	0.92164864755462
NDUFS1	GOB	-0.333160091245996	-0.306143742210601	0.0123325883143	TRUE	0.918908807671544
NDUFS2	GOB	-0.423785201570254	-0.452522337964975	0.00442305159807866	TRUE	1.0678106179457
NDUFS3	GOB	-0.331909202568988	-0.2997435677349	0.050448402346361	TRUE	0.903089053918586
NDUFS4	GOB	-0.26631742128626	-0.225222908263278	0.0756604144998368	TRUE	0.845693485523765
NEBL	GOB	0.933109390825352	0.987267931966308	1.36556799910511e-05	TRUE	1.05804093461438
NEDD9	GOB	-0.84071692260178	-0.800052374800525	0.000173104349688245	TRUE	0.951631105895419
NEK6	GOB	0.231033568102457	0.265872932879649	0.0640023844516613	TRUE	1.15079784753072
NET1	GOB	-0.725034518788162	-0.668688751045665	0.00297310945064563	TRUE	0.922285399822515
NFAT5	GOB	0.390942706102468	0.400288029786232	0.0140067581613599	TRUE	1.02390458637004
NFATC3	GOB	0.492134226336096	0.471479886689054	0.0154507071341583	TRUE	0.958031084729034
NFE2L1	GOB	-0.535983843965292	-0.533236817063696	0.00108068400339068	TRUE	0.994874795327274
NFIA	GOB	0.213835769130565	0.295302577747672	0.043046258933726	TRUE	1.38097839733896
NFIX	GOB	0.307372397688765	0.302151536110326	0.0475456374055309	TRUE	0.983014539959681
NFKBIA	GOB	-0.403798634325061	-0.37280215679009	0.0890717841854523	TRUE	0.923237785123319
NIF3L1	GOB	-0.282851246333624	-0.236772096322755	0.229120146288304	TRUE	0.837090518043827
NIPSNAP3A	GOB	-0.641109955498733	-0.625182299114386	0.00105790513346838	TRUE	0.975156123769819
NKAIN2	GOB	1.17222836554424	1.18120792324671	0.000180362502812738	TRUE	1.00766024604626
NLRC5	GOB	0.462700882446646	0.420031164687527	0.0180526721953376	TRUE	0.907781205141661
NMRAL1	GOB	0.361506040882295	0.332344126826991	0.0453678166001946	TRUE	0.919332152834483
NNT	GOB	-0.196508402486557	-0.136126091168032	0.278958686779678	TRUE	0.692724023225134
NOC2L	GOB	0.708979139011341	0.717469932924977	0.000279170352720771	TRUE	1.01197608426882
NOD1	GOB	0.481753457475599	0.553218591770406	0.00217610286345001	TRUE	1.14834379117752
NOL10	GOB	0.286123837284644	0.349892910299931	0.0141704069379647	TRUE	1.22287228362539
NOL3	GOB	1.08886642820061	1.12146008589647	9.91653991043107e-08	TRUE	1.02993356838977
NOL4L	GOB	-0.594567037046664	-0.595140667142231	0.00132191981480574	TRUE	1.0009647862391
NOL7	GOB	-0.368490383310895	-0.325778222376701	0.0411103674143682	TRUE	0.884088804298164
NOMO1	GOB	0.396781470198232	0.448170511235936	0.000676077150789777	TRUE	1.12951472005996
NOMO3	GOB	0.461237072110466	0.484991405404427	0.0122324163628832	TRUE	1.05150135305748
NOP10	GOB	-0.227302557443319	-0.216656280125328	0.15357098475046	TRUE	0.953162527347955
NORAD	GOB	-0.666687863954197	-0.612508036470786	0.00470209984832248	TRUE	0.918732842739832
NOXA1	GOB	0.337277936532733	0.339945732929248	0.119366402456157	TRUE	1.00790978628469
NPAS2	GOB	0.697206872089944	0.727042519291479	0.00011776483947939	TRUE	1.04279310545534
NPC2	GOB	-0.384129435121891	-0.367637853053778	0.0414473102477081	TRUE	0.957067642934262
NPIPA2	GOB	0.579197850217937	0.626752027153974	0.00157399955117078	TRUE	1.08210351077468
NPIPB11	GOB	0.291767760461934	0.286989493102437	0.0922697296710135	TRUE	0.983623045425128
NPIPB3	GOB	0.175154904135694	0.183841193771861	0.190826695882146	TRUE	1.04959204356298
NPRL3	GOB	0.796390084943999	0.801832984438138	1.38345229219899e-05	TRUE	1.00683446416152
NPTN	GOB	-0.607018809929389	-0.528929631474307	0.00316008011117912	TRUE	0.87135624600469
NR1H3	GOB	-0.281875869746236	-0.254442100605193	0.105871179671526	TRUE	0.902674290049232
NR5A2	GOB	-0.751932640476814	-0.702485419392717	0.00105578547015142	TRUE	0.934239826252599
NRAS	GOB	-0.777031284681709	-0.622227579711969	0.0455939057055862	TRUE	0.80077545393407
NRF1	GOB	0.193350549886403	0.280052366627647	0.0762424901600973	TRUE	1.44841774069007
NSA2	GOB	-0.289365681204165	-0.218463260338418	0.113364045827313	TRUE	0.754972944370272
NSD1	GOB	0.225496492233212	0.265869815756241	0.0392265863466193	TRUE	1.17904191379294
NSL1	GOB	-0.265878164893977	-0.242964456625044	0.180846538248364	TRUE	0.913818766283159
NSUN5	GOB	0.535521898933159	0.498298167946755	0.0269812004948226	TRUE	0.930490739854786
NT5DC3	GOB	0.35368640918037	0.301516331365929	0.0720561818921157	TRUE	0.852496232650446
NT5E	GOB	-0.572598173994082	-0.425310631700616	0.0375243436910689	TRUE	0.742773293763615
NUDCD3	GOB	0.268642910156046	0.304486452383947	0.0156240837415622	TRUE	1.13342448608482
NUDT16L1	GOB	-0.314356165224692	-0.317972904619029	0.0486688706028528	TRUE	1.01150522812795
NUDT2	GOB	0.318008132136275	0.304471428170773	0.0318170987801009	TRUE	0.957432837095811
NUDT9	GOB	-0.455538853662289	-0.443381233456071	0.00308195775188408	TRUE	0.973311562540764
NUP160	GOB	0.410074740275863	0.474318535058905	0.0025864717673931	TRUE	1.15666362365998
NUP188	GOB	0.769510971087154	0.72971859721154	0.00129565941469485	TRUE	0.948288750426266
NUP50	GOB	-0.38452778622159	-0.324386915538588	0.169631588175964	TRUE	0.843598114783973
NUP50-DT	GOB	0.553142605825532	0.582013426997417	0.00110251289136669	TRUE	1.05219417355999
NUP98	GOB	0.144872194768792	0.142861224115441	0.185626580600159	TRUE	0.986119001948162
NXF1	GOB	0.329160476679114	0.356771649098654	0.0358293013983627	TRUE	1.08388362022715
NXPE4	GOB	-0.503730323047088	-0.460160805015472	0.0205704872947764	TRUE	0.913506263097162
OAT	GOB	-0.544820747259069	-0.494003634493757	0.0378988863989351	TRUE	0.90672691335459
OCIAD1	GOB	-0.279464110106654	-0.272980980270122	0.102220767392773	TRUE	0.976801565560395
OCLN	GOB	-0.413595809312727	-0.289696168031955	0.0833003094653927	TRUE	0.700433035125147
OGFR	GOB	0.490190765196767	0.408661160500159	0.0843432060994086	TRUE	0.833677803652868
OIP5-AS1	GOB	-0.262295128627471	-0.20555721744658	0.188615008436118	TRUE	0.7836867521033
OLFM4	GOB	3.29713136924952	2.90441070407424	0.000173104349688245	TRUE	0.880890197813178
OPA3	GOB	0.138519166883243	0.172229525328452	0.190232322811644	TRUE	1.24336241116454
OSBP2	GOB	0.49942578141787	0.534515083723434	0.0132451043999358	TRUE	1.07025929299434
OSBPL10	GOB	0.275083246994353	0.335489241813924	0.0159337326787515	TRUE	1.21959168898719
OSBPL3	GOB	1.72903363553856	1.73823742768223	8.76615895200531e-08	TRUE	1.00532308449905
OSTC	GOB	-0.381574253791262	-0.351345355219441	0.0617816303006091	TRUE	0.920778463768267
OTUD5	GOB	0.1552293652126	0.235513266775477	0.0996637130383362	TRUE	1.51719532224409
OVOL2	GOB	0.203788255773048	0.268505011016472	0.0346125026998108	TRUE	1.31756862041892
OXNAD1	GOB	-0.419304098215376	-0.33220609812082	0.0528963355641102	TRUE	0.792279635555056
P4HB	GOB	0.241469542603853	0.213296123058158	0.203298245209827	TRUE	0.883325162909198
P4HTM	GOB	0.504328299897395	0.565474065056741	0.00193064768400826	TRUE	1.12124198695926
PAAF1	GOB	0.349561750119842	0.402541953006103	0.00754811925493625	TRUE	1.15156178520132
PABPC1	GOB	-0.24196146664507	-0.15863482598176	0.402170690267779	TRUE	0.655620203420487
PACS1	GOB	1.39601029283762	1.48249446837974	8.76615895200531e-08	TRUE	1.06195095837462
PACS2	GOB	0.393981464513886	0.388458590478835	0.0241720579687495	TRUE	0.985981893737399
PADI2	GOB	-0.948853274629897	-0.90974587022711	2.3437726962131e-05	TRUE	0.95878456085
PAG1	GOB	-1.15963096245157	-1.01663401796301	8.02870861043419e-05	TRUE	0.876687541882938
PAN2	GOB	0.21492357510455	0.214667032163571	0.187910917285097	TRUE	0.998806352719311
PANK1	GOB	-0.299643588461273	-0.265519348763265	0.150337223860173	TRUE	0.886117237237606
PANK3	GOB	-0.556099073994163	-0.504264918864827	0.00552644809643857	TRUE	0.906789711486051
TENT4B	GOB	0.287962489548242	0.356255338534091	0.062727662226722	TRUE	1.23715883653106
TENT4A	GOB	0.322547289595696	0.408151293161848	0.00455565618080298	TRUE	1.26539985399801
PAPOLA	GOB	-0.272869592824392	-0.215246240422664	0.0983290607195707	TRUE	0.788824574386301
PAQR5	GOB	-0.57331672366874	-0.501074856898811	0.0475456374055309	TRUE	0.873993093542358
PARK7	GOB	-0.179588693706347	-0.198481038578444	0.124582763598086	TRUE	1.10519785228233
PARP9	GOB	0.293322038151361	0.310357624282362	0.178997660505239	TRUE	1.05807809818303
PATJ	GOB	0.33957331464528	0.364085285450553	0.00835960763314553	TRUE	1.07218462036947
PBDC1	GOB	-0.30834315059313	-0.281343050212563	0.0742235689238169	TRUE	0.912434894925898
PBX4	GOB	0.782314290815708	0.780553258498827	0.000762669516775287	TRUE	0.997748945228848
PBXIP1	GOB	0.453190510301614	0.446272377025284	0.00800382180272843	TRUE	0.984734602514677
PCGF2	GOB	0.324749056212161	0.347568952819466	0.0868482872081015	TRUE	1.07026932386956
PCGF3	GOB	0.305912525771602	0.340930993895367	0.00999447677878249	TRUE	1.11447216172479
PCGF5	GOB	-0.27294305404868	-0.202690130876664	0.0911484908218612	TRUE	0.742609595188722
PCK1	GOB	-2.44828275709199	-2.35171734329451	1.12157834531319e-06	TRUE	0.960557899810485
PCK2	GOB	-0.274506598836237	-0.257598671186462	0.0711104328780631	TRUE	0.938406115840363
PCMT1	GOB	-0.435495215086576	-0.422403139599287	0.00575992469464608	TRUE	0.969937498659574
PCNA	GOB	-0.425280925271035	-0.37011090811033	0.0715577800211482	TRUE	0.870273943921787
PCNX2	GOB	1.20357490028369	1.2134035374677	1.87787221306381e-07	TRUE	1.00816620318494
PCSK6	GOB	0.520051081184581	0.499675814947035	0.00794190599723892	TRUE	0.960820644404516
PCSK7	GOB	0.180527564784996	0.221779548080776	0.0715407410775101	TRUE	1.22850794749771
PCTP	GOB	-0.574887689242392	-0.503783778191567	0.0131582261172342	TRUE	0.876316866091657
PDCD11	GOB	0.650072761925604	0.734100777643783	0.000152100156850061	TRUE	1.12925940085426
PDCD4	GOB	-0.827760284574633	-0.715436352727514	0.000140032155258134	TRUE	0.864303791882405
PDCD6IP	GOB	-0.244502866767629	-0.142603261365317	0.250390492478311	TRUE	0.583237584289123
PDE3A	GOB	-0.446851761217911	-0.448669443419477	0.0196583197566614	TRUE	1.0040677521257
PDE4A	GOB	0.800957081204706	0.877701826001959	1.89697591661127e-05	TRUE	1.09581630102055
PDE8A	GOB	-0.237212832406767	-0.174468929797827	0.196869447882418	TRUE	0.735495327245414
PDHA1	GOB	-0.129518699508718	-0.098116425377575	0.397879310858711	TRUE	0.757546406424277
PDIA6	GOB	0.41290459377087	0.383314601844468	0.0978963195630779	TRUE	0.928336975725626
PDLIM1	GOB	-0.620468811578141	-0.528477391485125	0.000709768450670845	TRUE	0.851738849114689
PDPR	GOB	0.493965173915588	0.555021013797211	0.000622668312212665	TRUE	1.12360353139401
PDZD11	GOB	-0.878414772268297	-0.920075309218264	1.67854062874415e-05	TRUE	1.04742695394613
PDZK1IP1	GOB	0.805066307772771	0.956288863206422	9.91258192750471e-05	TRUE	1.18783863387851
PES1	GOB	0.545162497361832	0.51832424922082	0.00586808803774296	TRUE	0.950770186373992
PEX11A	GOB	-0.364862327757729	-0.366870728015453	0.0402555642871077	TRUE	1.00550454268619
PEX11B	GOB	-0.210747071536325	-0.139629585719844	0.363812646996306	TRUE	0.662545793409882
PEX16	GOB	0.33100671603214	0.350571365609495	0.0397044127599782	TRUE	1.05910650337214
PEX2	GOB	-0.396540192559955	-0.24886580140514	0.285128394739972	TRUE	0.627592879799977
PFDN6	GOB	-0.487040963431221	-0.562571020981098	0.00616599036746103	TRUE	1.15507947630886
PFKFB3	GOB	0.285958737637215	0.346191253906497	0.0454503400878148	TRUE	1.21063359268881
PFN1	GOB	-0.582694411653665	-0.54295263491314	0.00142852179212035	TRUE	0.931796537008586
PFN2	GOB	-0.4002170646529	-0.350470331744227	0.0644168043036124	TRUE	0.87570062023263
PGGT1B	GOB	-0.390742881387865	-0.227545306969046	0.20662660154313	TRUE	0.58234024932415
PGK1	GOB	-0.633808234384753	-0.639713620611162	0.000439392314229335	TRUE	1.00931730751675
PGM1	GOB	-0.636309636395293	-0.582189210448739	0.000457837281811827	TRUE	0.914946398968358
PGM2L1	GOB	0.681954376303522	0.742186489008639	0.000594169648530728	TRUE	1.08832278932148
PGM3	GOB	-0.474748740389677	-0.420271066788185	0.0300252918924977	TRUE	0.885249461521948
PGPEP1	GOB	0.548428082498339	0.550374839726196	0.00273171487500651	TRUE	1.00354970376241
PGRMC1	GOB	-0.758330586177996	-0.669317708904535	0.00180297622572664	TRUE	0.882619956393837
PHF20	GOB	0.24467681190623	0.297956279173929	0.0286490985495944	TRUE	1.21775446088499
PHF21A	GOB	0.325712893264338	0.341712795644955	0.0178323506608501	TRUE	1.04912271731175
PHF6	GOB	-0.324992323881151	-0.264051436320958	0.151516835792902	TRUE	0.812485147856973
PHLPP2	GOB	-0.282129991713037	-0.240766960963307	0.184265556459038	TRUE	0.853390167778399
PHYH	GOB	-0.588559642641607	-0.496733003295492	0.00398589634834984	TRUE	0.843980740959449
PI4KB	GOB	0.277710216818697	0.284976841464623	0.0560472495753106	TRUE	1.0261662128573
PIEZO1	GOB	0.250290784059921	0.291825398646316	0.161268510870085	TRUE	1.16594544118912
PIGL	GOB	0.485408802855395	0.513601559179565	0.000956662436030651	TRUE	1.05808043891731
PIGS	GOB	-0.288539827889207	-0.293964076950896	0.043046258933726	TRUE	1.01879896131279
PILRB	GOB	0.756208893259066	0.894995018846707	0.00112647948453319	TRUE	1.18352881964864
PIM3	GOB	0.475053868055971	0.431400901927637	0.0569359465486761	TRUE	0.908109439657923
PITHD1	GOB	-0.284651031133409	-0.272905420727455	0.0696426390580456	TRUE	0.958736807103117
PITPNC1	GOB	1.01556889868134	0.911972766962751	1.88644458064249e-05	TRUE	0.897992020183857
PKIB	GOB	-1.56562818560996	-1.5549900370893	2.3437726962131e-05	TRUE	0.993205188423125
PKP4	GOB	0.24568544172146	0.295721048486343	0.0418066359623321	TRUE	1.20365719032555
PLAGL1	GOB	-0.320156483846287	-0.30979177043038	0.0733404543164336	TRUE	0.967626101800634
PLCB4	GOB	0.546085320277034	0.606562126377026	0.00031213259928835	TRUE	1.11074607548379
PLCL2	GOB	-0.837279835581301	-0.823901573873317	4.11401084767309e-05	TRUE	0.984021755762581
PLD3	GOB	0.502254703262124	0.520576738520033	0.000548311670780853	TRUE	1.03647956930798
PLEKHA2	GOB	0.952394240306138	0.950990923120294	3.61645664854945e-05	TRUE	0.998526537513086
PLEKHA5	GOB	0.318129032649951	0.36923741128135	0.0180526721953376	TRUE	1.16065298475174
PLEKHB2	GOB	-0.919508058309798	-0.876095424114899	2.74125669619397e-06	TRUE	0.95278710849506
PLEKHG1	GOB	0.173110961450163	0.211960154227609	0.129074667784535	TRUE	1.22441786731472
PLEKHM1	GOB	0.21279810923954	0.281380634495533	0.0347664423576432	TRUE	1.32228916648311
PLOD1	GOB	0.702119832782316	0.634062903582131	0.000638167626570896	TRUE	0.903069353659341
PLOD3	GOB	0.52326012627764	0.589817375996317	0.00176937800767416	TRUE	1.12719725118776
PLSCR1	GOB	-0.293474783255111	-0.17879418707735	0.25249621292028	TRUE	0.609231856632562
PLXNB1	GOB	0.862196957269723	0.888931942272356	9.15262442203454e-05	TRUE	1.03100797883501
PMEPA1	GOB	1.5999168948354	1.61710036028402	2.90757390613874e-10	TRUE	1.01074022376043
PML	GOB	0.552402599373973	0.569646536522387	0.00100869978331722	TRUE	1.03121624910519
POC1B	GOB	0.636686268441686	0.711482559794642	9.53103913979957e-05	TRUE	1.11747746898331
POFUT1	GOB	0.264476152653012	0.290897319431559	0.0488046067491728	TRUE	1.09989999670485
POLB	GOB	0.302370770901343	0.359339951080355	0.00965906182102591	TRUE	1.18840835709481
POLE3	GOB	-0.214104003167216	-0.195074445907174	0.28175773701581	TRUE	0.911120030552723
POLM	GOB	0.532490812774969	0.503629231912921	0.0164194543222536	TRUE	0.945798913014778
POLR1C	GOB	0.485659044984195	0.564301974732243	0.000339207112373133	TRUE	1.16193033067181
POLR2A	GOB	0.144106313059822	0.170818390866736	0.180846538248364	TRUE	1.18536368906909
POLR2J3	GOB	0.525743502336745	0.604128956602923	0.00152518207712435	TRUE	1.14909448032697
POLR3C	GOB	0.539400231164322	0.567650388381742	0.00163950335646096	TRUE	1.05237327606709
POMP	GOB	-0.468382238994372	-0.466031681710279	0.00491851999363889	TRUE	0.994981540527371
POMZP3	GOB	0.267942347678561	0.274382361737894	0.126921463059321	TRUE	1.02403507364599
POP4	GOB	-0.425151604147652	-0.455548054452959	0.0142808348759956	TRUE	1.07149555595879
SLC9A3-OT1	GOB	-0.984077427095088	-1.06532278981783	0.0300179732305043	TRUE	1.08255992921468
PPA2	GOB	-0.207752128518651	-0.197081780253417	0.106968274318771	TRUE	0.948639042394811
PPARA	GOB	0.158826699669222	0.191746740106518	0.104560134430262	TRUE	1.20727019138379
PPCS	GOB	-0.249108484549056	-0.20417733307382	0.15357098475046	TRUE	0.819632191345983
PPFIBP1	GOB	0.201075103057589	0.287487419045368	0.0742235689238169	TRUE	1.42975144447908
PPIF	GOB	-0.490029278676252	-0.465184106626035	0.00718485418505622	TRUE	0.949298596775007
PPIL4	GOB	-0.489694053042435	-0.309110594883181	0.192149131182435	TRUE	0.631232078402216
PPM1A	GOB	-0.591463818910738	-0.532597788390372	0.0312675963431483	TRUE	0.900473995807933
PPM1H	GOB	0.658142689962254	0.560830301822683	0.000531755550891774	TRUE	0.852140896459471
PPP1CB	GOB	-0.439451798077998	-0.343193193733599	0.03263260445592	TRUE	0.780957536718705
PPP1R13B	GOB	0.192237809685419	0.220697292522109	0.134287053353399	TRUE	1.14804310808192
PPP1R13L	GOB	0.568362843926501	0.592188124477763	0.000427273479341159	TRUE	1.0419191381102
PPP1R15B	GOB	-0.693468985667138	-0.598417886843237	0.0247479148339561	TRUE	0.86293388631871
PPP1R26-AS1	GOB	0.195386418319944	0.263694941452537	0.0772821783949984	TRUE	1.34960732542186
PPP2CA	GOB	-0.443586840996085	-0.303606338530546	0.203480130527532	TRUE	0.684434952688837
PPP2R1A	GOB	-0.254469800622611	-0.212780155671629	0.116377896475637	TRUE	0.836170559928998
PPP6R1	GOB	0.594601519162391	0.603388803364395	0.0175390287486869	TRUE	1.01477844223201
PPP6R2	GOB	0.298348472818057	0.28900933788209	0.0922549241255189	TRUE	0.968697225604159
PPRC1	GOB	0.396725511340194	0.293203580308718	0.176642400055317	TRUE	0.739059051983412
PRADC1	GOB	-0.579955454417785	-0.639084677133677	0.00626209940466176	TRUE	1.10195476612122
PRDM2	GOB	0.144401509807781	0.180163983339279	0.152781091813941	TRUE	1.24765996961599
PRDX3	GOB	-0.43182457869529	-0.378860034504604	0.0521753392658976	TRUE	0.877347083043044
PRDX4	GOB	-0.205786819348177	-0.246584162818521	0.157183414359764	TRUE	1.19825051769384
PRDX6	GOB	-0.747679577598889	-0.712180192646061	0.000418270038877017	TRUE	0.952520590348566
PRELID3B	GOB	-1.07720552867847	-0.994560850375648	0.0017084354671122	TRUE	0.923278635225525
PRKAR1A	GOB	-0.234742500163364	-0.178424141669607	0.249554267583461	TRUE	0.760084524725761
PRKCE	GOB	0.19876608997999	0.272677349342196	0.0845042812365594	TRUE	1.37185044677212
PRKCH	GOB	0.494174514257877	0.516832928833809	0.00418583347614057	TRUE	1.04585103829152
PRKRA	GOB	-0.23520639020853	-0.153136921872597	0.455283369042908	TRUE	0.651074665687562
PRKRIP1	GOB	0.455265612582658	0.486947810053443	0.00626209940466176	TRUE	1.06959057876358
PRMT7	GOB	0.352773821886812	0.458186653538528	0.00826262044228151	TRUE	1.29881137746536
PLPBP	GOB	-0.200269603686886	-0.110566156583015	0.363812646996306	TRUE	0.552086560054718
PRPF4	GOB	0.289789216643821	0.3032033821341	0.0720561818921157	TRUE	1.04628938800979
PRPS2	GOB	-0.532781694235261	-0.489807578763253	0.0660444113294735	TRUE	0.919340105080578
PRR12	GOB	0.51625595206135	0.483178278571677	0.0308066165293437	TRUE	0.935927763432853
PRR13	GOB	-0.645129492421479	-0.596722861465118	0.00270010441357604	TRUE	0.924966023837062
PRR15L	GOB	-0.27339209958562	-0.2639720057705	0.0967814560871036	TRUE	0.965543650202773
PRSS16	GOB	-0.927573730354764	-0.861825961736274	0.00024384624791481	TRUE	0.929118552556093
PRUNE2	GOB	0.312309102087413	0.359649564383253	0.0252213413129654	TRUE	1.15158207679323
PSENEN	GOB	-0.49459545803456	-0.564491141988454	0.0126597850319216	TRUE	1.14131889571256
PSMA5	GOB	-0.221807699860878	-0.206493966871258	0.124763816187575	TRUE	0.930959416651336
PSMB2	GOB	-0.250864403782278	-0.249561083494119	0.0701988515856366	TRUE	0.994804682256594
PSMB4	GOB	-0.209543093597014	-0.208056480184906	0.142795905327302	TRUE	0.992905452589303
PSMC6	GOB	-0.215854027208136	-0.141431692690929	0.304933561480903	TRUE	0.655219152128925
PSMD6	GOB	-0.3910954643212	-0.340685068248486	0.0697454598186424	TRUE	0.871104626180701
PSME3	GOB	-0.420936972201515	-0.355230393625101	0.0405229523796173	TRUE	0.843903997710711
PSMG1	GOB	-0.409314130683033	-0.402185762531193	0.0677713716906084	TRUE	0.982584602833173
PTGDR	GOB	-1.45144273113067	-1.44533379058992	1.64385175130989e-05	TRUE	0.995791125333623
PTGR1	GOB	-0.41198001181233	-0.347831383095252	0.0271264801181992	TRUE	0.844291890679639
PTK2	GOB	0.210020417948243	0.283051112828375	0.0239788415974201	TRUE	1.34773140437293
PTMA	GOB	-0.39463186767807	-0.353261706194056	0.0106854940563542	TRUE	0.895167712310141
PTMS	GOB	0.422307316572537	0.444426838869436	0.0108696936045481	TRUE	1.05237778610236
PTP4A1	GOB	-1.32426168619735	-1.25411495453335	1.50471774332244e-05	TRUE	0.947029554358374
PTPA	GOB	0.305017277684993	0.32929703141859	0.0488993647906137	TRUE	1.07960124068339
PTPDC1	GOB	0.439599885962687	0.533209241279704	0.0229276482812471	TRUE	1.2129421737952
PTPN1	GOB	-0.434256005780631	-0.438248753816249	0.00309206669280773	TRUE	1.00919445668561
PTPN12	GOB	0.217040732777909	0.24012668907876	0.0772300025294524	TRUE	1.10636692940248
PTPN14	GOB	0.273315263361122	0.299358143447672	0.0702891797016067	TRUE	1.09528512885188
PTPN6	GOB	0.55741595275363	0.555413269547088	0.00469579477767344	TRUE	0.996407201486343
PTPRG	GOB	0.411218053202581	0.446881260252261	0.00111532749208014	TRUE	1.08672578154566
PTPRM	GOB	0.641572138343493	0.588975732655927	0.00104188139267287	TRUE	0.918019498441177
PTTG1IP	GOB	-0.355297207394912	-0.325267579825068	0.0433421237286851	TRUE	0.91548026006164
PUM1	GOB	0.441884856244427	0.443021937463597	0.000219468915181236	TRUE	1.00257325229209
PUS7	GOB	1.04786804838422	1.13358787170782	5.13010783663361e-06	TRUE	1.081804024329
PVT1	GOB	2.25338718519192	2.29167013322004	9.56856779101044e-09	TRUE	1.01698906795942
PXMP2	GOB	-0.651538746465213	-0.711586293088945	0.0150434767818662	TRUE	1.09216266407717
QPCTL	GOB	0.558443907192323	0.499914737070404	0.0251016354475835	TRUE	0.895192391987613
R3HDM1	GOB	0.278899598100115	0.331963156968074	0.0196500214951924	TRUE	1.19026043504341
RAB11A	GOB	-0.790870937225922	-0.761894551625242	0.000174439500009674	TRUE	0.963361423164293
RAB11FIP3	GOB	1.29541477457666	1.27682244180241	5.52939341391817e-08	TRUE	0.9856475831995
RAB11FIP4	GOB	0.169731246278075	0.203343450236611	0.118522741406915	TRUE	1.19803191631238
RAB15	GOB	0.392113018741972	0.380981588613162	0.00980645991896342	TRUE	0.9716116792946
RAB1A	GOB	-0.258046031163214	-0.198546211240283	0.0885949317375909	TRUE	0.769421681648353
RAB21	GOB	-0.264185310166356	-0.189426024089445	0.138279685351221	TRUE	0.717019519253983
RAB3GAP2	GOB	-0.249576630834285	-0.195807390777253	0.157183414359764	TRUE	0.784558194101377
RAB4A	GOB	-0.386296629489067	-0.419767619950476	0.0176784983049453	TRUE	1.08664582578854
RAB9A	GOB	-0.52027827946754	-0.466571954195346	0.00875140238325991	TRUE	0.896773847012876
RABEP1	GOB	0.415542725303668	0.44643721563653	0.0148569107903409	TRUE	1.07434732568182
RABEP2	GOB	0.365254573747017	0.314863450999418	0.081216171675919	TRUE	0.862038352509444
RABGGTB	GOB	-0.553918787308143	-0.494318484660338	0.0441598964722717	TRUE	0.89240245318733
RAD21	GOB	-0.307495120838818	-0.169317096113114	0.401432220994448	TRUE	0.550633439812746
RAD51B	GOB	0.31881655645601	0.375067311105013	0.00410665320553893	TRUE	1.17643611509481
RAD9A	GOB	0.270199068634026	0.334038330539713	0.0252801843951681	TRUE	1.236267512795
RAI1	GOB	0.606552212163958	0.560635604138697	0.019284095136536	TRUE	0.924299001628488
RALGDS	GOB	0.692862461885921	0.753245398949854	0.000309333779713662	TRUE	1.08714996176813
RANBP17	GOB	0.594636211485892	0.648180672428831	0.000893929224660614	TRUE	1.09004574546367
RANGAP1	GOB	0.585109743720264	0.497878125306576	0.0304714141379752	TRUE	0.850914090305437
RAP1A	GOB	-0.563880854209058	-0.454881287346081	0.000561243596918894	TRUE	0.806697521206199
RAP1B	GOB	-0.199861077625164	-0.174911299648117	0.116377896475637	TRUE	0.875164397823172
RASAL1	GOB	1.00502151247455	0.920894920135309	2.3437726962131e-05	TRUE	0.916293739691098
RASSF1	GOB	0.786411462928509	0.820422072747344	5.86003895521194e-05	TRUE	1.04324785614414
RBM17	GOB	-0.193440743836055	-0.133018858080095	0.284390015822769	TRUE	0.687646539411733
RBM22	GOB	-0.418298241549959	-0.473544274790968	0.0254263563428823	TRUE	1.1320733097904
RBM6	GOB	0.303815812540132	0.349805853864835	0.017078739052848	TRUE	1.15137474557427
RBX1	GOB	-0.392318801342963	-0.368834093728269	0.0127490936223369	TRUE	0.940138714906596
RCAN3	GOB	0.663729241102037	0.722272407286139	1.9243414455493e-05	TRUE	1.08820338559576
RCC2	GOB	0.816430072996426	0.828531816707795	0.00024384624791481	TRUE	1.01482275593665
REEP5	GOB	-0.288645226853223	-0.273576783862199	0.0425819489644331	TRUE	0.947795973779651
REG1A	GOB	7.64128906988802	6.9565789877569	9.5557908002044e-08	TRUE	0.910393380505738
REG4	GOB	2.56814301338241	2.76915746927515	1.14206448122901e-05	TRUE	1.07827229825024
RELA	GOB	0.308000164465608	0.294104882061868	0.047542935342094	TRUE	0.954885470831326
REPS2	GOB	0.646097031242689	0.676153244566692	0.000610001689849576	TRUE	1.04651965861257
RERE	GOB	0.168538774681739	0.252386569136115	0.0477976811691948	TRUE	1.49749854069315
RETNLB	GOB	1.29617633481383	1.28077250316375	0.000282363404092145	TRUE	0.988115944384767
RETSAT	GOB	-0.469183537758627	-0.447761993262872	0.0120945593014562	TRUE	0.954342932409587
REXO2	GOB	-0.292210278222677	-0.24798473067732	0.265532619151165	TRUE	0.848651636026111
RFNG	GOB	0.445296436691683	0.41223749397166	0.0418079532050664	TRUE	0.925759696247216
RGPD5	GOB	0.226353689728242	0.262456736211841	0.0556064059648942	TRUE	1.15949837851967
RGPD8	GOB	0.252350231269975	0.303068846406239	0.0269522352763402	TRUE	1.20098501547242
RGS12	GOB	1.01286566419907	1.04900084041282	3.07150153261325e-05	TRUE	1.0356761784815
RGS3	GOB	0.235123270294046	0.269060041948318	0.107061183974383	TRUE	1.14433608214036
RHOA	GOB	-0.58853405911761	-0.536844518531537	0.00349129245116742	TRUE	0.912172388691367
RHOT1	GOB	0.280656724469295	0.329141053459494	0.0279384567894459	TRUE	1.17275313492623
RIDA	GOB	-0.416469461405153	-0.347279174049518	0.0691008074170633	TRUE	0.8338646797242
RLF	GOB	0.215576894264985	0.256586600019677	0.0679405821743777	TRUE	1.19023238039733
RMDN3	GOB	0.335217429898987	0.398641552957733	0.0161572218142983	TRUE	1.18920293935151
RMND5A	GOB	-0.738358763478323	-0.680641995374277	0.000162631922745588	TRUE	0.921830997397324
RNF103	GOB	-1.26687965956851	-1.14740042420688	0.00024384624791481	TRUE	0.905690146290359
RNF115	GOB	0.403441633215645	0.44905841128859	0.00156361035964931	TRUE	1.11306908934845
RNF128	GOB	-0.565976324193342	-0.506508942461075	0.0148569107903409	TRUE	0.894929559435153
RNF213	GOB	0.218520556958941	0.272884428938584	0.0464580328566264	TRUE	1.24878150017647
RNF216	GOB	0.231890310029743	0.272757262556818	0.0422040567553127	TRUE	1.17623398115183
RNF24	GOB	0.975389813346255	1.03653132942668	3.00856753436174e-06	TRUE	1.06268418558798
RNF38	GOB	0.181388968280494	0.195174545697195	0.170807870458847	TRUE	1.07600008725659
RNF43	GOB	1.25913282116696	1.20604614379587	1.2378826761366e-05	TRUE	0.957838699397983
RNF5	GOB	-0.703503579287507	-0.703812672293413	8.21326135633293e-05	TRUE	1.00043936237854
RNF7	GOB	-0.28459039978279	-0.263375132899767	0.0801160810878729	TRUE	0.925453329067969
ENSG00000227598	GOB	0.299847199023964	0.427021105946588	0.0196506945627244	TRUE	1.42412904751683
LINC02742	GOB	0.805478763478874	0.735719728869069	0.0199852254915774	TRUE	0.913394321771422
LINC02754	GOB	0.227437913926124	0.308522107577149	0.0805260226826623	TRUE	1.35651133204362
LINC02511	GOB	0.461574890508237	0.443331925034589	0.0411508903443079	TRUE	0.960476694359261
ENSG00000254929	GOB	0.244321246384006	0.311296653998418	0.0419271563633705	TRUE	1.27412846244712
ENSG00000262879	GOB	0.452121770825076	0.484295347699527	0.00219784736246847	TRUE	1.07116130863536
RSL1D1-DT	GOB	0.314246053861712	0.373835641761518	0.085487376294025	TRUE	1.18962716370666
ATP6V0D1-DT	GOB	0.367497703230564	0.385165675278148	0.0403217704528648	TRUE	1.04807641487898
ENSG00000227681	GOB	0.881357817698027	0.917643596434417	0.00121474484271716	TRUE	1.04117031472094
LINC00938	GOB	-0.299674377368982	-0.201360243279544	0.352980008607153	TRUE	0.671930129787552
GPRC5D-AS1	GOB	0.368673133904398	0.365679034125326	0.0404439724831407	TRUE	0.991878714493342
NUPR2P1	GOB	0.314224621349381	0.405121719457818	0.00588954859850722	TRUE	1.28927427048236
ENSG00000205236	GOB	0.661710641718704	0.681039544472147	0.010125426387523	TRUE	1.02921050612582
ENSG00000270149	GOB	0.472889041218681	0.545318447027842	0.00641081653053468	TRUE	1.15316363775845
POLR2J2-UPK3BL1	GOB	0.574298020751697	0.655412239889584	0.000921591519906206	TRUE	1.14124063849588
ENSG00000266953	GOB	-0.472299428752416	-0.526488991732693	0.0284784713765446	TRUE	1.11473560983002
RP2	GOB	-0.341077353242417	-0.31799780532129	0.0519024378895902	TRUE	0.932333390939844
RPA3	GOB	-0.304985060212017	-0.248585917727332	0.269170555832021	TRUE	0.81507572060914
RPAP1	GOB	0.2900183473064	0.338261737465865	0.0475456374055309	TRUE	1.16634599365017
RPAP2	GOB	0.47214534790474	0.515255174583747	0.00132191981480574	TRUE	1.09130626166353
RPL5	GOB	-0.23410003084859	-0.219801977772643	0.230978867595971	TRUE	0.938923318275019
RPLP2	GOB	-0.21032589435238	-0.154771861988865	0.366728854141574	TRUE	0.735866891071244
RPN1	GOB	-0.316857548166081	-0.29422122101406	0.040677960571644	TRUE	0.928559924536954
RPRD2	GOB	0.17013629857566	0.233336941187462	0.0611556696925039	TRUE	1.37147065700208
RPS13	GOB	-0.265651716056415	-0.226770944399549	0.133375192503652	TRUE	0.853640050837806
RPS24	GOB	-0.246485679128156	-0.213658007307033	0.213101764829293	TRUE	0.866817123261533
RRAGA	GOB	-0.475980712907357	-0.513919652111667	0.0166994744202988	TRUE	1.07970688344192
RRP12	GOB	0.708475110333986	0.727889686350867	0.000292092352291586	TRUE	1.02740332826615
RSPH3	GOB	-0.379082798634193	-0.307141140412429	0.0300179732305043	TRUE	0.81022178141302
RSRC2	GOB	-0.298317883377892	-0.25642784542311	0.125659415613892	TRUE	0.859579192905047
RSU1	GOB	-0.388552246159662	-0.374710751525731	0.00417402034720148	TRUE	0.964376747861487
RUNX1	GOB	1.07611018665895	1.02463282744587	8.76615895200531e-08	TRUE	0.952163486740237
RUSC1	GOB	-0.51492158263848	-0.513160781944579	0.00373787493619912	TRUE	0.996580448842563
RUSC1-AS1	GOB	0.27189406072333	0.209972595775824	0.473808040577255	TRUE	0.772258854118499
S100A10	GOB	-0.909912872825925	-0.878686903740073	3.52470407739945e-05	TRUE	0.965682462553944
S100A11	GOB	0.528426584347814	0.582070351819253	0.00114853379368439	TRUE	1.1015160271273
S100P	GOB	2.01599582411447	1.97346641601469	1.8881489539555e-05	TRUE	0.978904019744951
SAFB2	GOB	0.237198085018775	0.251825302620917	0.0609673823517948	TRUE	1.06166667661328
SAMD1	GOB	0.291127685147429	0.275264774080552	0.096085655314569	TRUE	0.945512186314937
SAMD12	GOB	0.260232403166135	0.320717751098652	0.0627594515052048	TRUE	1.23242819570745
SAMD4B	GOB	0.141019625846602	0.172774081437525	0.152139593212518	TRUE	1.22517756234486
SAMD5	GOB	1.56285066343288	1.62347309158462	1.05035005836422e-05	TRUE	1.03878964866584
SAP18	GOB	-0.375428174399125	-0.328399538076197	0.0361994219674466	TRUE	0.874733332419184
SAP30L	GOB	-0.296749197711065	-0.25070011984123	0.148215205482682	TRUE	0.844821558996526
SAR1B	GOB	-0.27637722002347	-0.17581972004804	0.300516962517803	TRUE	0.636158508407854
SART1	GOB	0.265826933925411	0.272254168071518	0.119154089299054	TRUE	1.02417826535181
SAT2	GOB	0.36677368508339	0.379931638889558	0.0223617245476773	TRUE	1.03587485782459
SATB1	GOB	-0.623003042869255	-0.544491200263892	0.0127490936223369	TRUE	0.873978396247031
SATB2-AS1	GOB	-0.574014967439936	-0.553815136452968	0.00318959981385482	TRUE	0.964809574431381
SAYSD1	GOB	-0.286125278628991	-0.210578072863812	0.245730546393336	TRUE	0.735964588214038
SBDS	GOB	-0.613972805876547	-0.510960807480677	0.00243759641235119	TRUE	0.832220584674262
SBNO2	GOB	0.42396939548055	0.455140337739767	0.0240256023268618	TRUE	1.07352168008232
SC5D	GOB	-0.889105226884914	-0.729014059825217	0.0429528014278727	TRUE	0.81994125979824
SCAI	GOB	0.191300196265976	0.220856301250245	0.143308396671206	TRUE	1.15450117439072
SCAMP2	GOB	-0.441512947209051	-0.401066881224953	0.00771994421633043	TRUE	0.908392117966707
SCHLAP1	GOB	-0.281354996606608	-0.300806151622652	0.132819591119665	TRUE	1.06913385314156
SCIN	GOB	-0.5249636355106	-0.355943073116867	0.0910954141699285	TRUE	0.678033770416617
SCLY	GOB	0.281440207549357	0.347040773646205	0.0811111293936947	TRUE	1.23308882077677
SCO1	GOB	-0.460367179568759	-0.377240304885141	0.00835960763314553	TRUE	0.819433533985881
SCP2	GOB	-0.581652854301911	-0.518459091841904	0.00245022333508817	TRUE	0.891354848527563
SCRIB	GOB	0.574281213345381	0.5520246008454	0.0085753241178133	TRUE	0.961244400856632
SCUBE2	GOB	-1.0311843771976	-0.947442211212051	0.00266965436243204	TRUE	0.9187903076915
SDCBP	GOB	-0.584330540785653	-0.457089943329974	0.0275333707487954	TRUE	0.782245512472102
SDCCAG8	GOB	0.272056423498512	0.358363789138907	0.00742306418527012	TRUE	1.31724068312935
SDHAF3	GOB	-0.837040712083387	-0.793965785301939	0.00136210600434937	TRUE	0.948539030229204
SDHC	GOB	-0.317921668035464	-0.276447478919124	0.0427157583054976	TRUE	0.869545887285312
SDHD	GOB	-1.17312623404466	-1.10292097779184	1.9397755155768e-07	TRUE	0.940155411910986
SEC11A	GOB	-0.163175939811876	-0.171536385925543	0.110870353243496	TRUE	1.05123577730458
SEC61B	GOB	-0.45173201688805	-0.505673317357451	0.00506355540763772	TRUE	1.11940995646268
SEC61G	GOB	-0.638568810248046	-0.59230859525755	0.0031567634888639	TRUE	0.927556413266525
SELENOT	GOB	-0.512921412643061	-0.410018036163583	0.0571000354297266	TRUE	0.799377889199007
SEMA4B	GOB	0.393204709280949	0.441303841441335	0.010417421467907	TRUE	1.12232593106106
SEMA4D	GOB	0.522453146535526	0.52195702814468	0.000647448278725342	TRUE	0.999050405966284
SEMA6A	GOB	-0.744481998312514	-0.646743613396608	0.000882859897154831	TRUE	0.868716254875947
SENP3	GOB	0.307080339013941	0.30263076806006	0.0455939057055862	TRUE	0.985510075414892
SELENOF	GOB	-0.416625363272306	-0.352282569149215	0.0123150515028644	TRUE	0.845561984950405
SEPHS2	GOB	-0.502966055878512	-0.515194337595431	0.00488646033791839	TRUE	1.02431233991638
SEPTIN8	GOB	-0.531047332785148	-0.522833342511397	0.00270484929046306	TRUE	0.984532470522596
SEPTIN9	GOB	0.403140658882164	0.421737092844574	0.00588954859850722	TRUE	1.04612889708018
SERINC1	GOB	-0.476796624436884	-0.384486444618642	0.0295892368372919	TRUE	0.806395064295465
SERP1	GOB	-0.1540113864476	-0.110825515478342	0.382449969511683	TRUE	0.719592999158208
SERPINA1	GOB	0.748442008143178	0.733380869593292	0.00460778715901425	TRUE	0.979876679307122
SERPINB6	GOB	0.384352013809069	0.401182721389002	0.00930799182429436	TRUE	1.04378982540805
SESN2	GOB	0.441852977371914	0.507453282667995	0.012508452461535	TRUE	1.14846636473124
SESTD1	GOB	0.67456566439452	0.758515023933902	0.00195370360826817	TRUE	1.12444949983444
SETD5	GOB	0.225872320637368	0.250266588590453	0.0204250706407127	TRUE	1.1080002537905
SETDB1	GOB	0.317221138519082	0.354053625774913	0.0164150939142627	TRUE	1.11610981357604
SETX	GOB	0.182209210912608	0.18907433029388	0.135440708664802	TRUE	1.03767712590866
SEZ6L2	GOB	0.724748528792985	0.673078755396035	0.00129623587663684	TRUE	0.928706618441845
SF3B5	GOB	-0.226284352454938	-0.23513674789105	0.17251208364395	TRUE	1.03912066981244
SF3B6	GOB	-0.688900948696391	-0.621284864780036	0.000268387231522533	TRUE	0.901849338363802
SFSWAP	GOB	0.156024642205987	0.15927500367176	0.258134861515209	TRUE	1.02083235968253
SFT2D1	GOB	-0.580217706224219	-0.556082194237358	0.00111608556982777	TRUE	0.95840266209054
SGF29	GOB	0.24654528254195	0.349455496406704	0.023969949088034	TRUE	1.41740897576186
SGMS1	GOB	0.42166921087097	0.501031835192315	0.00280501888704159	TRUE	1.18821062168001
SGPL1	GOB	-0.408401409882722	-0.396269754170317	0.0167887206837666	TRUE	0.970294775143189
SGSM2	GOB	0.403359214106925	0.377027909384695	0.0325825568974397	TRUE	0.934719962253669
SH2D4A	GOB	0.219743606939028	0.374419867102696	0.0319682229886279	TRUE	1.70389424437993
SH3BGRL2	GOB	-1.10697610847244	-1.01713986520134	7.5960983442906e-05	TRUE	0.918845363884984
SH3BP4	GOB	0.714088087309972	0.664637669940138	0.00119658255262812	TRUE	0.930750255817713
SH3D19	GOB	0.219755245251147	0.297934311168563	0.0311916957912912	TRUE	1.35575517584606
SH3GLB1	GOB	-0.472343766435017	-0.427411488866944	0.00339960742576653	TRUE	0.904873778885245
SH3PXD2B	GOB	1.27689134142482	1.22405926409222	6.25578043914162e-06	TRUE	0.958624453296355
SHANK2	GOB	0.246812251015574	0.306530428756544	0.0738924313984207	TRUE	1.24195791535973
SHARPIN	GOB	0.276899988440046	0.326097127925467	0.0388499589007353	TRUE	1.17767115037664
SHROOM4	GOB	1.11132175748025	1.17036829443399	1.70473091630273e-05	TRUE	1.0531318104377
SIAE	GOB	-0.318710286672679	-0.289887115538011	0.0405039089135481	TRUE	0.909563097458885
SIKE1	GOB	-0.361679495580605	-0.20772744203386	0.272176741139657	TRUE	0.574341218045538
SIL1	GOB	0.332146907680926	0.383574881269898	0.00323437190232442	TRUE	1.15483502149108
SKI	GOB	0.345967427105622	0.337962898821049	0.0308888792107101	TRUE	0.976863347074205
SKP1	GOB	-0.537389078455071	-0.38321851900941	0.0313295173805073	TRUE	0.713111848329923
SLC12A2	GOB	0.529206737166996	0.627892662211943	0.000802137202472519	TRUE	1.1864789658069
SLC12A9	GOB	0.660630308366878	0.685422519014678	0.00187692446579396	TRUE	1.03752811570073
SLC17A4	GOB	-0.949423271899595	-0.881498689509397	0.00745768995648665	TRUE	0.928457007110964
SLC20A1	GOB	-1.21455362231845	-1.33606256255054	0.000280375457334059	TRUE	1.1000441133263
SLC22A5	GOB	-0.614392830713923	-0.574153483925034	0.00342378290594684	TRUE	0.93450550726295
SLC25A25-AS1	GOB	-0.37278303068066	-0.390749897138231	0.0253974733668361	TRUE	1.04819657811345
SLC25A3	GOB	-0.416538828993726	-0.349770834832925	0.0271921509610633	TRUE	0.839707634646932
SLC25A37	GOB	0.507298899784655	0.561849622276291	9.91258192750471e-05	TRUE	1.10753171850913
SLC25A4	GOB	-0.40579518684868	-0.310680230159593	0.0720561818921157	TRUE	0.765608465128111
SLC25A5	GOB	-0.646771788985889	-0.563900905550983	0.00114853379368439	TRUE	0.871869978180644
SLC26A2	GOB	-0.651379062649689	-0.655187800114144	0.0392181301586048	TRUE	1.00584719049606
SLC2A1-DT	GOB	0.831297439509443	0.804378196868719	0.00499841842607839	TRUE	0.96761779675803
SLC35A1	GOB	-0.938677274549632	-0.812055390102398	0.00398105366663436	TRUE	0.865106050950274
SLC35A5	GOB	-0.514847551290099	-0.445307453826712	0.0332938400227471	TRUE	0.864930701740478
SLC35B3	GOB	-0.466213859101976	-0.344156281607577	0.056219401242269	TRUE	0.738194017377547
SLC35D1	GOB	-0.26356139115334	-0.175079271243499	0.211642489906289	TRUE	0.66428269511462
SLC36A1	GOB	-0.471315316027643	-0.408166583041903	0.0118461488858295	TRUE	0.86601595399451
SLC41A2	GOB	-0.560730425321603	-0.456276501580105	0.010125426387523	TRUE	0.813718109407762
SLC43A2	GOB	0.291224399237703	0.328170855220352	0.0855083237545016	TRUE	1.12686593595646
SLC48A1	GOB	0.341672206958646	0.33174354618323	0.124445083649636	TRUE	0.970940976253835
SLIRP	GOB	-0.449389444450425	-0.485689439805629	0.0240256023268618	TRUE	1.08077625276579
SLMAP	GOB	0.251828264663501	0.303322802950931	0.023093004690055	TRUE	1.20448275874131
SLTM	GOB	-0.306791346373568	-0.290074805452226	0.0787082929453919	TRUE	0.945511693471996
SMAD4	GOB	-0.367305378647629	-0.295745444269615	0.0977748657784986	TRUE	0.805175914816471
SMAD6	GOB	0.93351420565544	0.945659894119777	0.000827794290974349	TRUE	1.01301071627058
SMAD9	GOB	1.11782452909963	1.09778141321601	3.00933317868857e-06	TRUE	0.98206953295276
SMAGP	GOB	-0.45320895860073	-0.377637575461503	0.0122229571000542	TRUE	0.833252671411104
SMARCA4	GOB	0.262362637503797	0.271578002294153	0.0467232515376008	TRUE	1.03512453174748
SMARCB1	GOB	0.216911601321793	0.225721970613383	0.111989928641808	TRUE	1.04061732631128
SMARCC1	GOB	0.355563845650188	0.378505640292758	0.00747765225046385	TRUE	1.06452229303747
SMC1A	GOB	-0.384512379648048	-0.402137269575282	0.013397369102655	TRUE	1.0458369895486
SMDT1	GOB	-0.254455324332102	-0.312913807861476	0.065476922113125	TRUE	1.22973967506012
SMG9	GOB	0.491637182473738	0.500911064686987	0.0204323118687264	TRUE	1.0188632645045
SMIM14	GOB	-0.621994864242247	-0.530345800729795	0.00105790513346838	TRUE	0.852653022104764
SMIM15	GOB	-0.91723093281618	-0.82169986658495	8.96036314456719e-05	TRUE	0.895848403260975
SMIM19	GOB	-0.189733385486589	-0.123782679511429	0.353809275226134	TRUE	0.652403261523935
SMN2	GOB	-0.234096138180122	-0.184806768143116	0.204434942459706	TRUE	0.789448171079689
SMTN	GOB	1.01861036660403	0.983373981449636	4.50537954345299e-06	TRUE	0.965407395889883
SMU1	GOB	-0.218140466277492	-0.130521360919983	0.345485004610127	TRUE	0.598336306634412
SMYD3	GOB	0.302301891075757	0.383160751173613	0.00751601006668456	TRUE	1.26747718914399
SMYD4	GOB	0.244911728413075	0.332563928863077	0.0644168043036124	TRUE	1.35789302953334
SNHG7	GOB	0.789679788689814	0.819810746063549	2.28881731435227e-05	TRUE	1.03815591813959
SNRPB2	GOB	-0.19564112478821	-0.16328575975292	0.199834936116902	TRUE	0.834618794640872
SNRPD3	GOB	-0.303282552996258	-0.300132452657379	0.0327486809931469	TRUE	0.989613315016779
SNRPG	GOB	-0.387348523464019	-0.376363337898498	0.0179110394945436	TRUE	0.971640047915295
SNTB1	GOB	0.876551428545981	0.840517671172313	0.000454895033221524	TRUE	0.958891450974599
SNTB2	GOB	0.174541609752425	0.186764233409305	0.189919510908726	TRUE	1.07002699055095
SNW1	GOB	-0.35571633470643	-0.300063336318115	0.0971887713666174	TRUE	0.843546688868689
SNX12	GOB	-0.339684957985513	-0.295598997244836	0.0385157095548903	TRUE	0.870215151703722
SNX13	GOB	-0.317412105830067	-0.219044283500219	0.169631588175964	TRUE	0.690094295324353
SNX14	GOB	0.25402462206274	0.276135544375389	0.0644168043036124	TRUE	1.08704243759169
SNX19	GOB	-0.75387318277861	-0.739207651142227	0.000738370777756592	TRUE	0.980546420841859
SNX29	GOB	0.379797119464478	0.402407213656015	0.00882320521759491	TRUE	1.05953203179481
SNX3	GOB	-0.279613474357099	-0.194869355293991	0.0798447211093055	TRUE	0.696924051110356
SNX7	GOB	-0.423267596805832	-0.334104767507123	0.0644168043036124	TRUE	0.789346432442332
SNX8	GOB	0.265018264126371	0.274030724155681	0.195093040115188	TRUE	1.03400693932933
SOCS7	GOB	0.364244063813183	0.356324328548285	0.0287761231121277	TRUE	0.978257064282701
SOD3	GOB	1.32430459682612	1.27040666128362	0.00161258901892481	TRUE	0.959300952611906
MTCL2	GOB	1.05453721303246	1.0628932314398	5.6266028193491e-06	TRUE	1.00792387248555
SORCS2	GOB	0.589299264406945	0.602447446990658	0.0778782964954994	TRUE	1.02231155437967
SORD	GOB	0.527138890893386	0.571843740766339	0.00833251620798336	TRUE	1.08480658635751
SOWAHC	GOB	-0.986234617697975	-0.825509456873274	0.000193642008284627	TRUE	0.837031515685529
SOX4	GOB	1.03635996851981	0.989965002913938	1.20754366117121e-05	TRUE	0.955232769486325
SPAG16	GOB	-0.485928056645455	-0.502956652538074	0.00548119989091115	TRUE	1.03504345069139
SPATS2	GOB	0.492985731232652	0.516196885427742	0.000355249972003339	TRUE	1.04708281137682
SPCS1	GOB	-0.578876628848226	-0.523412872846821	0.00207977562355333	TRUE	0.904187259879951
SPCS2	GOB	-0.688575752026178	-0.648354864416985	0.000249855917349443	TRUE	0.941588289319163
SPDYE6	GOB	0.404055067828595	0.418040623315714	0.156213860644447	TRUE	1.03461299362554
SPINK4	GOB	1.57921399984712	1.58372989824858	0.000311948755706138	TRUE	1.00285958609909
SPINT2	GOB	-0.451464466138353	-0.407830394030564	0.00499243313149532	TRUE	0.903349930325597
SPPL2B	GOB	0.443603567527072	0.439540852697664	0.00894921409729627	TRUE	0.990841564119838
SPRYD7	GOB	-0.365569256171237	-0.308951699686173	0.0430306933716392	TRUE	0.845124950938042
SPTSSA	GOB	-0.413613108152452	-0.402063654146245	0.0897172676166774	TRUE	0.972076673155267
SPTY2D1	GOB	-0.246886356276147	-0.234997709721775	0.140385223971306	TRUE	0.951845672099132
SQOR	GOB	-0.866069326643035	-0.806707953745589	8.96036314456719e-05	TRUE	0.93145886700833
SQSTM1	GOB	0.311401431552188	0.382272457322891	0.0644168043036124	TRUE	1.22758734735882
SRGAP3	GOB	0.379390581210039	0.394867447291711	0.0272797916259737	TRUE	1.04079401769098
SRI	GOB	-0.973111645011497	-0.908993221068687	4.35020362812837e-06	TRUE	0.934109899648716
SRP14	GOB	-0.539938654575155	-0.509037443464186	0.00118523336066877	TRUE	0.942769033390871
SRP19	GOB	-0.701560225416309	-0.552294587840626	0.00646745440304937	TRUE	0.787237599612908
SRP9	GOB	-0.742303194573394	-0.626489084930942	0.0026535929818954	TRUE	0.843980046847285
SRSF1	GOB	-0.347717281794065	-0.301791821244861	0.193906857707198	TRUE	0.867922985270536
SRSF2	GOB	-0.35200875219046	-0.306579301869326	0.118322017916891	TRUE	0.870942270501973
SRSF3	GOB	-0.252835537342786	-0.225771733255088	0.22425705395617	TRUE	0.892958860245166
SRSF4	GOB	0.15069505761726	0.199368295989434	0.100832768262631	TRUE	1.32299160398343
SRSF7	GOB	-0.225614231353758	-0.168987929646599	0.237549308349595	TRUE	0.749012722436069
SS18L2	GOB	-0.719472436314839	-0.826126675788176	0.00138068114572182	TRUE	1.14823950729735
SSH2	GOB	0.220625269097734	0.280900168139883	0.0308881478104962	TRUE	1.27320034232093
SSR3	GOB	-0.363973426661738	-0.359061267085115	0.0101206020405411	TRUE	0.986504070855734
SSU72	GOB	-0.32964063492643	-0.292439163911826	0.0262838182549128	TRUE	0.887145372648287
ST3GAL2	GOB	1.12779768384954	1.16702712376835	1.03740150508932e-05	TRUE	1.03478411108711
STARD3	GOB	0.415482578184111	0.462272555425993	0.0319780608130159	TRUE	1.11261597886097
STARD7	GOB	-0.323655924716167	-0.341367781452598	0.0422877085779954	TRUE	1.05472433959602
STAT3	GOB	0.373429666917967	0.388303534541347	0.00301780171981343	TRUE	1.03983043914571
STAT5A	GOB	0.491977105075668	0.523830400071107	0.0251077447382511	TRUE	1.06474548239504
STAT6	GOB	0.292038066316398	0.348035578277531	0.0127883986333561	TRUE	1.19174730427253
STBD1	GOB	-1.16784687883729	-1.19500144667644	3.37618223517873e-06	TRUE	1.02325182207636
STEAP2	GOB	-0.452466273463346	-0.319019681598618	0.185297706249827	TRUE	0.705068422352726
STIM2	GOB	0.465246187300187	0.534616589834185	0.00285017091513742	TRUE	1.14910472009788
STK3	GOB	0.181918756942563	0.245227973509069	0.113364045827313	TRUE	1.34800818579963
STK39	GOB	0.853932616416908	0.921228811108972	0.000133203332337126	TRUE	1.0788073829226
STRADB	GOB	-0.800071318494614	-0.635708833227411	0.00431290169841796	TRUE	0.794565207541171
STRAP	GOB	-0.474616435160753	-0.426551933742394	0.0169557327826261	TRUE	0.898729799775941
STX18-AS1	GOB	0.419312381334628	0.445983532867353	0.0196548865270007	TRUE	1.06360687811754
STX3	GOB	-0.480549299879554	-0.407582582569448	0.00217446666618868	TRUE	0.848159767731647
STXBP6	GOB	0.475343208088367	0.552062820856893	0.00226139921543132	TRUE	1.161398356941
SUCLG1	GOB	-0.322970138629467	-0.275888167136465	0.037704263378439	TRUE	0.854221905180475
SUCLG2	GOB	-0.271541561484449	-0.198862023845379	0.1805037143348	TRUE	0.732344701703305
SUDS3	GOB	-0.482214211317315	-0.448517004101636	0.00742306418527012	TRUE	0.930119837979008
SUFU	GOB	0.308445043985087	0.330572595052823	0.0811111293936947	TRUE	1.07173903909056
SUGP2	GOB	0.294586556091569	0.345535247770766	0.00835960763314553	TRUE	1.17294981941865
SUMF2	GOB	0.738422070260278	0.76415071963445	1.77084125455405e-05	TRUE	1.03484274158423
SUMO1	GOB	-0.454988603369467	-0.388833271833505	0.0202958481329895	TRUE	0.854600025042294
SUMO2	GOB	-0.199263603550297	-0.163956758517539	0.205416823093394	TRUE	0.822813376835041
SUMO3	GOB	-0.505572531326375	-0.505278879244665	0.00279653165843244	TRUE	0.999419169231882
SUPT6H	GOB	0.374969466850761	0.401665565845851	0.0190470361808816	TRUE	1.07119539417249
SUSD1	GOB	0.364724914606254	0.38739719732568	0.0142808348759956	TRUE	1.06216269251554
SWAP70	GOB	0.26741558541087	0.35156738895092	0.0300179732305043	TRUE	1.31468548630311
SYAP1	GOB	-0.202405994261109	-0.138609326686367	0.200335425943989	TRUE	0.684808407934587
SYMPK	GOB	0.476270087115587	0.470116869336175	0.0035765890631772	TRUE	0.987080402599548
TAB1	GOB	0.428405310825297	0.438484346865179	0.0109786641160001	TRUE	1.02352686996449
TAF13	GOB	-0.57388308895589	-0.567235152563726	0.0043481693712387	TRUE	0.988415869852064
TAF7	GOB	-0.275627384831183	-0.232521518518134	0.186965075136137	TRUE	0.843608187410513
TAF8	GOB	0.272193525400769	0.309320824388729	0.0358869375651266	TRUE	1.13640037518635
TAF9	GOB	-0.213174984116134	-0.101988701730325	0.568410480994335	TRUE	0.478427157638548
TANGO6	GOB	0.451251525420258	0.441859939401436	0.0250942599214043	TRUE	0.97918769136553
TARBP2	GOB	0.382190202217933	0.44031781358967	0.043046258933726	TRUE	1.15209079415016
TARDBP	GOB	-0.293157197795559	-0.309481851994809	0.180585271434459	TRUE	1.05568566735528
TARS2	GOB	0.509363835804378	0.498633178283888	0.00894931789027332	TRUE	0.97893321675744
TBC1D16	GOB	0.722753433163466	0.712999175339495	8.21326135633293e-05	TRUE	0.986504031144789
TBC1D19	GOB	0.412663916579965	0.422190673176184	0.0106973598801453	TRUE	1.02308599374322
TBCA	GOB	-0.192062039253259	-0.113863022042596	0.316008357836399	TRUE	0.592845012399628
TBCD	GOB	0.362813407495758	0.396040886567576	0.0280072339627244	TRUE	1.0915828312442
TBXAS1	GOB	1.81577688620262	1.87284992655272	1.33152480618062e-10	TRUE	1.03143174736047
TCEAL8	GOB	-0.637076551752407	-0.518042389039259	0.0255874926089986	TRUE	0.813155636656662
TCEAL9	GOB	-0.496427052936558	-0.516785903955717	0.00360184776264012	TRUE	1.04101076059157
TCF12	GOB	0.371765217496308	0.397359359651424	0.0121081641147357	TRUE	1.06884490788967
TCF20	GOB	0.21285778131441	0.266178009507884	0.0291804890684897	TRUE	1.25049696498863
TCOF1	GOB	0.44141655999054	0.512541643784994	0.0303188519427984	TRUE	1.1611291696804
TCP1	GOB	-0.230968591886209	-0.185899450817895	0.194908346118582	TRUE	0.804868962051264
TDP2	GOB	-1.25447157370423	-1.09918627637864	0.000132906640055042	TRUE	0.876214574661856
TDRD7	GOB	-0.778281985031843	-0.728671886713792	5.62836467011277e-05	TRUE	0.936256910384452
TEAD1	GOB	0.695904144500923	0.73609180460562	2.27338432636938e-05	TRUE	1.05774884432326
TEC	GOB	0.304567122220596	0.382879970239581	0.0240256023268618	TRUE	1.25712837107304
TECPR1	GOB	0.274269617805159	0.265444712985391	0.136196693088842	TRUE	0.967823979592093
TECPR2	GOB	0.326715643403738	0.370661041172583	0.0180526721953376	TRUE	1.13450656145822
TES	GOB	-0.726042866668078	-0.660061571912887	0.000402019103200836	TRUE	0.909122039779842
TFAM	GOB	-0.561790432420755	-0.476734287053101	0.03780632676649	TRUE	0.848598088434601
TFAP4	GOB	0.479729912871249	0.484802703771264	0.0332938400227471	TRUE	1.01057426431813
TFCP2	GOB	0.378146390851643	0.425205524870307	0.00253418946057382	TRUE	1.12444686808376
TFG	GOB	-0.286724235574867	-0.260502117077601	0.147001101125356	TRUE	0.908545859596792
TGFBR2	GOB	0.950527455707838	1.04120098746318	1.14272228326317e-05	TRUE	1.09539285920765
TGS1	GOB	0.302460240891482	0.368737314436689	0.0163120104452951	TRUE	1.21912656470107
THADA	GOB	0.265579523980993	0.332377277866292	0.0102969181464896	TRUE	1.25151695764798
THEM4	GOB	0.78284868635986	0.865276024454006	2.3437726962131e-05	TRUE	1.10529153274488
THOC7	GOB	-0.272345269745537	-0.17322904749718	0.235841109353814	TRUE	0.636064094886005
TIMM17A	GOB	-0.28611410958876	-0.355638268143305	0.0258476013671153	TRUE	1.2429945124149
TIMP1	GOB	2.95350337869284	2.91401213201514	1.45070055108929e-09	TRUE	0.986629015912898
TJP1	GOB	-0.442605224061553	-0.368714195716445	0.00651899842571885	TRUE	0.833054323970581
TLDC2	GOB	-0.320665132704532	-0.335749790373834	0.104257286596133	TRUE	1.0470417770154
TM9SF2	GOB	-0.559828487457504	-0.564431847530554	0.00127914747855685	TRUE	1.00822280426271
TMA7	GOB	-0.396681423527307	-0.38009941169544	0.0194142869930228	TRUE	0.958198163946224
TMBIM4	GOB	-0.681058086302389	-0.640457257506424	0.00273171487500651	TRUE	0.940385659296118
TMBIM6	GOB	-0.35627484725658	-0.326695842181431	0.0276779912740727	TRUE	0.916977004402877
TMC5	GOB	0.36756108337137	0.419754147284408	0.0129303839531027	TRUE	1.14199834061405
TMC7	GOB	1.17289372978696	1.14787638996067	5.13010783663361e-06	TRUE	0.978670412168682
TMCC1	GOB	0.153788538589975	0.176794711931086	0.160728545392401	TRUE	1.14959615035064
TMCO4	GOB	0.355555057062833	0.393798576797585	0.00616599036746103	TRUE	1.10756005005434
TMED10	GOB	-0.33815604668208	-0.312164372792252	0.0701104705023485	TRUE	0.923137042365935
TMED2	GOB	-0.682660864747213	-0.651281957086314	0.0017084354671122	TRUE	0.954034412573924
TMED4	GOB	-0.259554374652348	-0.202594500470087	0.0797332146674106	TRUE	0.780547431502341
TMED5	GOB	-0.546875067522595	-0.432680593308244	0.0115197996711538	TRUE	0.791187272932986
TMED7	GOB	-1.12974813957331	-0.961066255832311	0.000706846356812939	TRUE	0.850690717840255
TMEM104	GOB	0.331289180643463	0.259346032296791	0.2028774346513	TRUE	0.782838823148594
TMEM120B	GOB	0.811666814536465	0.836153774447882	8.03704467969894e-05	TRUE	1.03016873361442
TMEM126A	GOB	-0.405927227776122	-0.396684833829262	0.0805260226826623	TRUE	0.977231401802006
TMEM126B	GOB	-0.485521007081996	-0.446360923536937	0.0144664239292345	TRUE	0.91934420349716
TMEM131	GOB	-0.476083083724766	-0.395280425633832	0.00690898041883764	TRUE	0.830276141175291
TMEM143	GOB	0.443349717804491	0.540165432958266	0.0228491806783808	TRUE	1.21837324185795
TMEM14A	GOB	-0.601449972566594	-0.499438405151776	0.0107868884813278	TRUE	0.83039060259742
TMEM14B	GOB	-0.550335055823561	-0.544774756686795	0.00271412214154293	TRUE	0.989896520169072
TMEM14C	GOB	-0.345596092424181	-0.262324067764306	0.0659100628269579	TRUE	0.759048130215349
TMEM164	GOB	-0.179505713119268	-0.148190319923343	0.155128815378635	TRUE	0.82554653747918
TMEM167A	GOB	-0.523286809054003	-0.380015951950597	0.0524486037056018	TRUE	0.726209691082389
TMEM170A	GOB	-0.516479193667475	-0.423927003761737	0.00779010569353599	TRUE	0.820801706940927
TMEM171	GOB	-0.663141087011187	-0.727613166952973	0.000873159300911052	TRUE	1.09722226718354
TMEM183A	GOB	-0.562913081598507	-0.548508306066831	0.000776521071608018	TRUE	0.97441030240269
TMEM184B	GOB	0.2254298698611	0.255574251586972	0.0568301037744751	TRUE	1.13371955430949
TMEM220	GOB	-0.619737167455344	-0.610137437198818	0.00222466630749053	TRUE	0.984509997526947
TMEM230	GOB	-0.362162983679451	-0.295870028917704	0.0700739223315465	TRUE	0.816952704309443
TMEM236	GOB	-0.76822995686536	-0.751026724995542	0.000116553488070803	TRUE	0.977606663582851
PGAP4	GOB	-0.797256074578466	-0.728104349890756	0.000121378626719951	TRUE	0.913262843780435
TMEM267	GOB	0.395724679372803	0.50268267114217	0.0186010854367476	TRUE	1.27028385477218
TMEM30B	GOB	-1.25258431275618	-1.08047414346112	0.000751723249113773	TRUE	0.862595940614692
TMEM33	GOB	-0.469932107621907	-0.385762343148752	0.0367407327490632	TRUE	0.820889521894776
TMEM39B	GOB	0.395805481762673	0.367587712974364	0.0346698644252797	TRUE	0.928707988927682
TMEM50A	GOB	-0.476561574929334	-0.372009974390873	0.0208097948479152	TRUE	0.780612609075827
TMEM59	GOB	-0.560627136741726	-0.50777237399405	0.00387947993394727	TRUE	0.905722075718882
TMEM63A	GOB	0.961878837936869	0.987943353028156	3.86287131534678e-06	TRUE	1.0270975034103
TMEM65	GOB	-0.279246998638757	-0.210162348973812	0.249000014782633	TRUE	0.752603788038149
TMEM98	GOB	-0.591868127859853	-0.573822354347352	0.00102821050211599	TRUE	0.969510482718924
TMEM9B	GOB	-0.698191305839825	-0.699830576134408	0.00646745440304937	TRUE	1.00234788127677
TMSB10	GOB	-0.1536612656824	-0.106055560052615	0.438320300543747	TRUE	0.690190592805732
TMTC2	GOB	0.26648250845306	0.280662545195124	0.0242562680613347	TRUE	1.05321188555444
TMX1	GOB	-0.256830136103172	-0.255523568125758	0.237008454581308	TRUE	0.9949127154732
TNFAIP8	GOB	0.69946035163612	0.961002615272246	0.000307521114196277	TRUE	1.37392006998588
TNFRSF10A	GOB	0.649877203314446	0.749809963744531	0.000516627984466664	TRUE	1.15377175860365
TNFRSF10D	GOB	0.732990304828589	0.830166445853715	3.15802794246291e-05	TRUE	1.13257493364506
TNK2	GOB	1.47999142190837	1.57061829461241	2.86412456987818e-07	TRUE	1.06123472836564
TNRC18	GOB	0.323430753809469	0.358128983980808	0.046881773821217	TRUE	1.1072817898813
TOB1	GOB	-0.607362038418973	-0.564772194421941	0.0284733525311043	TRUE	0.929877336245943
TP53I13	GOB	0.479215022838432	0.392749470803333	0.107386071879757	TRUE	0.81956836093544
TP53INP2	GOB	-1.25814666325622	-1.24735694104787	0.000172288867671647	TRUE	0.991424114116847
TPK1	GOB	0.337411104170008	0.363040742956373	0.0329876697058043	TRUE	1.07595967788141
TPM3	GOB	-0.421122730550247	-0.363400888538246	0.0104372720412491	TRUE	0.862933444754739
TPP1	GOB	-0.575284938101412	-0.565814278345804	0.00266965436243204	TRUE	0.983537445310382
TPRKB	GOB	-0.230427763305583	-0.237046707289045	0.110840050188215	TRUE	1.02872459415702
TPST1	GOB	0.280086172658755	0.299715914625183	0.0608818853391362	TRUE	1.0700846520915
TPT1	GOB	-0.720650250756721	-0.67582659907339	0.000258875146349234	TRUE	0.937801101663027
TRA2B	GOB	-0.533256430272945	-0.457811678886837	0.0255874926089986	TRUE	0.85852069079131
TRABD2A	GOB	-0.206187997612038	-0.15840230851305	0.209138991138997	TRUE	0.768242139928528
TRAF2	GOB	0.479377443811902	0.479477501132859	0.0203098153360805	TRUE	1.00020872346467
TRAF5	GOB	0.727875278643949	0.747162663743609	0.000542410476209043	TRUE	1.02649820053731
TRAK2	GOB	-0.426862339632201	-0.328046096055621	0.0264803205848565	TRUE	0.768505594422494
TRAM1	GOB	-0.499097503155048	-0.413985201872646	0.0518308184207519	TRUE	0.829467587506722
TRAP1	GOB	0.698424368967008	0.721678231337704	0.00114853379368439	TRUE	1.03329474658092
TRAPPC1	GOB	-0.427507187970851	-0.510203047960175	0.0116124249129912	TRUE	1.19343735571287
TRAPPC12	GOB	0.35829109134608	0.419728599985947	0.00468833065143611	TRUE	1.17147372659769
TRAPPC2	GOB	-0.296869506355063	-0.262007372991617	0.0914500897041046	TRUE	0.882567482960848
TRIM13	GOB	-0.350848198985766	-0.293902165355081	0.0715169654404558	TRUE	0.837690392040476
TRIM16	GOB	0.237670692788759	0.334383093333622	0.0131073941545352	TRUE	1.40691765320355
TRIM2	GOB	0.202611360892782	0.258512673654264	0.0665560524197802	TRUE	1.27590413743415
TRIM65	GOB	0.267200118886721	0.328480067597744	0.0581516579138526	TRUE	1.22934102337358
TRIM66	GOB	0.549387601257913	0.579108476662183	0.00648711508055828	TRUE	1.05409819103347
TRIP6	GOB	1.07041856385425	1.12608239285611	4.11401084767309e-05	TRUE	1.05200192792008
TRMT5	GOB	-0.309998388430068	-0.33498880022699	0.112948614545957	TRUE	1.08061465068732
TRNAU1AP	GOB	0.227953079197016	0.240230606463948	0.147773528528054	TRUE	1.05385988778998
TSC2	GOB	0.2286970739825	0.251241612700489	0.119170589855015	TRUE	1.09857816860269
TSEN2	GOB	0.579194924851333	0.654187915142254	0.00107154262110589	TRUE	1.12947798240838
TSEN34	GOB	-0.408729749558554	-0.35195338600882	0.0186842999211252	TRUE	0.861090699634527
TSG101	GOB	-0.215814908255581	-0.177087937704371	0.105679732449378	TRUE	0.820554701877466
TSPAN13	GOB	-1.1817599916143	-1.10082078611728	2.3437726962131e-05	TRUE	0.931509607643383
TSPAN3	GOB	-1.0732680312535	-0.968884362730952	2.35855891666167e-05	TRUE	0.902742217709927
TSPAN5	GOB	0.426192430634147	0.662550257973111	0.0102229835511614	TRUE	1.55458006841482
TSPAN7	GOB	-1.56994480326737	-1.39895819888695	1.97142429440657e-05	TRUE	0.891087505736148
TSPYL1	GOB	-0.476089095718009	-0.450328136971001	0.0249305761857754	TRUE	0.94589046676619
TST	GOB	-0.69984091368892	-0.661297466400355	0.00059289430996308	TRUE	0.944925415855727
TTC22	GOB	-0.675652250730397	-0.627695360291362	0.00121246446484682	TRUE	0.929021341396862
TTC3	GOB	0.215985099450562	0.258713248509371	0.0828580219249766	TRUE	1.19782915195309
TTC39C	GOB	0.512384542036277	0.538904126768362	0.00104188139267287	TRUE	1.05175719124292
TTC7A	GOB	0.190600576279393	0.226497153397613	0.148653084619092	TRUE	1.18833404294434
TTF1	GOB	0.301806898524495	0.32310728471715	0.0543396878399873	TRUE	1.07057620716024
TTL	GOB	0.641923159558055	0.695760896908017	0.000335627962754508	TRUE	1.08386944223515
TTLL3	GOB	0.259671722430687	0.332157968272126	0.0888751425644878	TRUE	1.27914570428741
TTLL5	GOB	0.296070267199872	0.356153695389112	0.0262541357896643	TRUE	1.20293637979081
TTYH3	GOB	1.34485490994303	1.34667837966798	7.64672295705529e-07	TRUE	1.00135588583681
TULP3	GOB	0.279306007621869	0.353117054599037	0.0585634225321111	TRUE	1.26426587671933
TUSC1	GOB	-0.905052607287393	-0.88550601969634	0.000185493907597743	TRUE	0.978402816108516
TUSC2	GOB	-0.56415085602572	-0.59630621844104	0.00484537873621178	TRUE	1.05699780842636
TWSG1	GOB	0.878041922676982	0.958787013241481	0.000104038420260126	TRUE	1.09196040471316
TXN	GOB	-0.514042105552082	-0.446900014147918	0.00835960763314553	TRUE	0.869384062747052
TXNIP	GOB	-0.577993108265411	-0.410582708662108	0.0114822548474727	TRUE	0.710359176936018
TXNL1	GOB	-0.218146128749103	-0.196363030363265	0.144473502757674	TRUE	0.900144465039343
TYK2	GOB	0.274153546278752	0.268497086323639	0.133067136626524	TRUE	0.979367547741432
TYW1	GOB	0.342899332047229	0.380737520770018	0.00850612309677015	TRUE	1.11034780527825
TYW1B	GOB	0.260030837830161	0.259907236631486	0.0697976841551154	TRUE	0.999524667152148
ENSG00000275895	GOB	-0.186195214840331	-0.142073047419255	0.216872963271818	TRUE	0.763032753237442
UAP1	GOB	-0.856042316435214	-0.761645356905245	0.000219451799489632	TRUE	0.88972862939409
UBA7	GOB	0.337764521256701	0.293604365474984	0.131738472278522	TRUE	0.869257565544738
UBALD1	GOB	0.327832297947365	0.330431774917248	0.0692107063918034	TRUE	1.00792928880455
UBAP2	GOB	0.293188945319043	0.334187124857206	0.0161240366942343	TRUE	1.13983535256948
UBB	GOB	-0.568221470806974	-0.562740653687219	0.00651899842571885	TRUE	0.990354435019902
UBE2A	GOB	-0.881820233459132	-0.902923953016242	0.00023492737751256	TRUE	1.02393199742574
UBE2B	GOB	-0.256024444777228	-0.197831767821999	0.14670115719318	TRUE	0.772706559305835
UBE2D1	GOB	-0.848569364444877	-0.667820992850317	0.00405120997168398	TRUE	0.786996350365768
UBE2E3	GOB	-0.439740031925308	-0.341297599702002	0.0453838423091518	TRUE	0.776134931831663
UBE2H	GOB	0.211735083044981	0.283010146599176	0.0270717868762065	TRUE	1.3366237778321
UBE2N	GOB	-0.400934445504291	-0.365128416699149	0.0298933555321883	TRUE	0.910693557995233
UBE2O	GOB	0.262908978332976	0.274895487457127	0.0644168043036124	TRUE	1.045591859206
UBE4B	GOB	0.340120276841157	0.37830822764726	0.0107868884813278	TRUE	1.11227778349698
UBQLN1	GOB	-0.345522999877338	-0.25585476219702	0.111403044147475	TRUE	0.740485473580193
UBR1	GOB	0.310587600881	0.306444207609796	0.102496378248905	TRUE	0.9866595019909
UBR7	GOB	-0.666578691116246	-0.512649029658969	0.0164194543222536	TRUE	0.769075034187625
UBXN7	GOB	0.289768642849411	0.306008021577709	0.0477679691895146	TRUE	1.05604256750699
UCHL3	GOB	-0.382358406705373	-0.399897216815118	0.0660897479656501	TRUE	1.04587007844517
UFL1	GOB	-0.324966741105234	-0.202491720212904	0.333399243832055	TRUE	0.623115213342191
UFM1	GOB	-0.27327472303796	-0.226761111982924	0.214696732355489	TRUE	0.829791754839415
UGDH	GOB	-0.257046691744277	-0.269353427764317	0.0782860208785337	TRUE	1.04787743400441
UGP2	GOB	-0.709757701547371	-0.613185160550514	0.00122203890540228	TRUE	0.863935902651968
UGT2A3	GOB	-1.67382827571366	-1.61455301369058	0.000127015664514823	TRUE	0.964587011174842
ULK1	GOB	0.303252008277104	0.273134104715362	0.129911233870462	TRUE	0.900683580851275
UNC45A	GOB	0.296391574324637	0.298885390380893	0.0805488084698639	TRUE	1.00841392358045
UNC50	GOB	-0.758628107304206	-0.66735282415383	0.00513338143602811	TRUE	0.879683757731144
UNG	GOB	-0.599446514794712	-0.509086414849443	0.0122324163628832	TRUE	0.849260780211202
UNK	GOB	0.390688122167315	0.432149247786809	0.00396126143004111	TRUE	1.10612333282489
UPF3A	GOB	0.582247203935423	0.626572900107774	0.00156361035964931	TRUE	1.07612865441475
UQCR10	GOB	-0.289363091533885	-0.296102268503608	0.083074203135162	TRUE	1.02328969093466
UQCRC1	GOB	-0.265747973618283	-0.213858827994587	0.160889739684855	TRUE	0.804743024312846
UQCRC2	GOB	-0.367747438521283	-0.315106956441352	0.0306754906685044	TRUE	0.856856971481299
UQCRFS1	GOB	-0.6448857522532	-0.657985035900063	0.000276748251116867	TRUE	1.02031256482423
UQCRH	GOB	-0.324344494721658	-0.279351411647854	0.0779610478372009	TRUE	0.861279954474285
UQCRQ	GOB	-0.410173223089065	-0.369713921429077	0.0319713679172213	TRUE	0.901360451188684
URAD	GOB	-0.983436711768391	-0.956057168050656	1.12966260627891e-05	TRUE	0.972159323126649
URB1	GOB	0.497215945431649	0.534600714452907	0.0120945593014562	TRUE	1.07518819411313
URGCP	GOB	0.225675951893814	0.300327978627112	0.0493293612415905	TRUE	1.33079300699449
URM1	GOB	0.273108626679623	0.258469049341407	0.0934472074441906	TRUE	0.946396503412582
ATP5MK	GOB	-0.516915167543888	-0.428229816777346	0.00992461050693476	TRUE	0.828433452266591
USP22	GOB	-0.165155152833204	-0.132347415757841	0.293037494509593	TRUE	0.801352022552412
USP32	GOB	0.291278171534379	0.33586818214528	0.0405940686257439	TRUE	1.15308394163563
USP36	GOB	0.513119361281734	0.541147630211838	0.00200990710011031	TRUE	1.05462329244426
USP38	GOB	-0.491718011319685	-0.413975791133832	0.0778782964954994	TRUE	0.841896740822639
USP40	GOB	0.290993018742069	0.331202321572611	0.0107868884813278	TRUE	1.13817961339541
USP49	GOB	0.511466521453212	0.563111742398396	0.011408296598963	TRUE	1.10097478286252
USP6NL	GOB	0.256586205220279	0.303488093698895	0.0270102346117513	TRUE	1.18279193317642
VAC14	GOB	0.302436128826245	0.318966633068184	0.0609722315654779	TRUE	1.05465783570929
VAMP2	GOB	-0.519918599320258	-0.494414518577323	0.00312385314615065	TRUE	0.95094601197903
VAMP8	GOB	-0.359134050188316	-0.302964027356253	0.0536645243043803	TRUE	0.843595941953682
VAPA	GOB	-0.25470171509168	-0.205921420255256	0.12520391952856	TRUE	0.808480697435172
VAV3	GOB	-0.214360193615536	-0.14313115715303	0.256331917622592	TRUE	0.667713322790432
VDAC2	GOB	-0.568847524263967	-0.498862807443236	0.00626209940466176	TRUE	0.876971044373825
VDAC3	GOB	-0.245380971962192	-0.17167903521956	0.229044209183401	TRUE	0.69964282008799
VGLL4	GOB	0.371081930865028	0.351999895323645	0.0250942599214043	TRUE	0.948577298019063
VIL1	GOB	-0.504001326283932	-0.469486158573641	0.00122258320159405	TRUE	0.931517704596581
SELENOS	GOB	-0.50800231190597	-0.449044539447607	0.00360636315981285	TRUE	0.883941920978353
VOPP1	GOB	0.224388496301887	0.280087709082816	0.0258113842083046	TRUE	1.24822668585466
VPS25	GOB	-0.499904829970062	-0.4871635886791	0.0156240837415622	TRUE	0.974512666157426
VPS29	GOB	-0.181071332993747	-0.119731952058243	0.269717607044426	TRUE	0.661241898861914
VPS36	GOB	-0.261036364455849	-0.212560439178757	0.0971736538423069	TRUE	0.814294359415617
VPS4B	GOB	-0.265802413627215	-0.216436618058793	0.112102670193104	TRUE	0.814276345745839
VPS53	GOB	0.33782592528957	0.345608086334195	0.0153817276273759	TRUE	1.02303600896809
VRK2	GOB	0.330010544343271	0.361059642830618	0.00879780675884487	TRUE	1.09408517097275
VWA1	GOB	1.31195245751779	1.10684701982084	0.00124432452131693	TRUE	0.843663970808049
WASF2	GOB	0.216643003171983	0.311797483683713	0.0199852254915774	TRUE	1.43922249561963
WASL	GOB	-0.724157981548492	-0.636843258775628	0.00305867328787204	TRUE	0.879425864248357
WDR1	GOB	-0.562835131332623	-0.501811304164826	0.00174651951160509	TRUE	0.891577792908359
WDR27	GOB	0.431474880632913	0.433891571242102	0.0140077243641922	TRUE	1.00560099954288
WDR31	GOB	0.702382119687548	0.782933488509976	0.00146108489944337	TRUE	1.11468311416905
WDR46	GOB	0.448927724220524	0.458439948683055	0.0331491212371463	TRUE	1.02118876591783
DNAI3	GOB	-0.58884862247896	-0.468475213875044	0.0684451437153697	TRUE	0.795578347288708
WDR73	GOB	0.284641589982925	0.327433987335813	0.0267920009920052	TRUE	1.15033782433359
WRNIP1	GOB	-0.427995394337486	-0.347803243409282	0.0287761231121277	TRUE	0.812633145147889
WTAP	GOB	-0.208048167883214	-0.181949383637454	0.226559966039353	TRUE	0.874554126040609
WWC1	GOB	0.622131989591319	0.682081628249705	0.000454895033221524	TRUE	1.09636160760318
WWP2	GOB	0.227570696539955	0.251126062932978	0.0828580219249766	TRUE	1.103507906559
WWTR1	GOB	-0.227685887911141	-0.261360687670664	0.0677399656122681	TRUE	1.14790025007024
XACT	GOB	0.657646902603174	0.58913208835294	0.00379247700485711	TRUE	0.895818236231281
XDH	GOB	0.789657858774435	0.813496680556769	0.00575992469464608	TRUE	1.03018879824654
XPNPEP3	GOB	0.429081885344522	0.475508489097784	0.00247753550248594	TRUE	1.10819986892708
XPO4	GOB	0.19100055779092	0.228242693813566	0.122589994793823	TRUE	1.19498443592721
XPO5	GOB	0.516599894479643	0.542505141635434	0.000718162040176239	TRUE	1.05014566869373
XPO7	GOB	-0.277043405461804	-0.183413271663614	0.234646539171713	TRUE	0.662038034646167
XRRA1	GOB	0.275705731833844	0.327717853481832	0.0276713321222089	TRUE	1.1886508535823
XYLT1	GOB	0.181281938564353	0.241556914407779	0.127268962289673	TRUE	1.33249300134789
YAP1	GOB	0.142283890222844	0.226379402107779	0.0640557229564809	TRUE	1.59104029102117
YIPF2	GOB	0.304265877885148	0.308282259731036	0.0644168043036124	TRUE	1.01320023748244
YIPF6	GOB	-0.594669131360833	-0.592945497974497	0.00429787846357255	TRUE	0.997101525376992
YME1L1	GOB	-0.149219948442307	-0.129799466908675	0.309460174509178	TRUE	0.869853315616576
YRDC	GOB	-0.320329541087047	-0.0827240237252496	0.644318060320106	TRUE	0.25824662765889
YWHAB	GOB	-0.548129242386899	-0.509970152104135	0.0035776394410271	TRUE	0.930383042297478
YWHAE	GOB	-0.326061773450548	-0.3139616462006	0.0385207328360424	TRUE	0.962890077171884
YWHAH	GOB	-0.680743459427917	-0.661234908766174	0.000131483540207168	TRUE	0.971342287036973
YWHAQ	GOB	-0.425886300446983	-0.352737876965278	0.0194358841689674	TRUE	0.82824424405074
PTGR3	GOB	-0.285503590491921	-0.211921357643427	0.184712577553298	TRUE	0.742272127920659
ZBTB1	GOB	0.651824836999145	0.702994089299844	0.00255857241425706	TRUE	1.07850153813756
ZBTB4	GOB	0.502010844406407	0.536693862988867	0.00024384624791481	TRUE	1.06908818598027
ZC3H12A	GOB	0.801411205447696	0.700383079939145	0.0107953409226084	TRUE	0.87393721871893
ZC3H15	GOB	-0.41204255370673	-0.388470569551874	0.0303188519427984	TRUE	0.942792354957509
ZCCHC7	GOB	0.2473964566122	0.29884280070441	0.03875713847763	TRUE	1.20795101432214
ZDHHC21	GOB	-0.254216914545989	-0.206636600999338	0.225489309430437	TRUE	0.812835768101327
ZDHHC24	GOB	0.531039100254901	0.549846527638571	0.00522473047167567	TRUE	1.03541627607956
ZDHHC6	GOB	-0.386350503024674	-0.266134704779342	0.218073192835603	TRUE	0.688842651156961
ZDHHC7	GOB	-0.220797252885602	-0.160625956418155	0.178638933888604	TRUE	0.727481679771522
ZDHHC8	GOB	0.394187239751967	0.404248309471487	0.0923792551531905	TRUE	1.02552358043312
ZFAND6	GOB	-0.327509831707615	-0.267734016298581	0.0644168043036124	TRUE	0.817483905452954
ZFP36	GOB	-0.567076205438693	-0.48227605471652	0.0223617245476773	TRUE	0.850460749527357
ZFYVE9	GOB	0.269485030490574	0.327125991612698	0.0101186596000264	TRUE	1.21389299812755
ZG16	GOB	-2.82912574976815	-2.74571583371784	8.76615895200531e-08	TRUE	0.970517423604394
ZHX2	GOB	0.503872580222628	0.547716257482669	0.00136210600434937	TRUE	1.08701342160883
ZKSCAN1	GOB	0.598777039566778	0.67079015600472	2.37471669443743e-05	TRUE	1.12026699702788
ZMIZ2	GOB	0.649068967403312	0.612571651317826	0.00402676709534731	TRUE	0.943769741093157
ZMYM2	GOB	0.27850824952503	0.305277538719852	0.0540169565193738	TRUE	1.09611668322383
ZMYM5	GOB	0.278022343363933	0.270497123587698	0.0475102994233643	TRUE	0.972933039534938
ZNF106	GOB	0.278668131288784	0.408234184617457	0.00835960763314553	TRUE	1.46494750845551
ZNF131	GOB	0.282048116065229	0.359659745004409	0.00835960763314553	TRUE	1.27517159136504
ZNF142	GOB	0.310518974297135	0.307707357807723	0.0583070798745337	TRUE	0.99094542774471
ZNF282	GOB	0.319496238145616	0.362511994123849	0.0321156048794569	TRUE	1.13463618923309
ZNF3	GOB	0.395841567219103	0.448665736116789	0.00218894622038374	TRUE	1.13344775605248
ZNF316	GOB	0.524488372685066	0.465596540767269	0.0194222987266784	TRUE	0.887715657801324
ZNF335	GOB	0.312463309309026	0.28766711848889	0.0895185011384586	TRUE	0.920642872038417
ZNF346	GOB	0.414584428928263	0.450524410506098	0.00831992255346809	TRUE	1.08668917371244
ZNF398	GOB	0.354628817145853	0.465870749621814	0.00379222714347117	TRUE	1.31368554132534
ZNF444	GOB	0.381595637255139	0.369780614795154	0.0277641921150352	TRUE	0.969037847117509
ZNF506	GOB	0.346936435344939	0.41008203829821	0.0303776686671208	TRUE	1.18200914207955
ZNF526	GOB	0.426720212680336	0.481622151236499	0.0273499701983447	TRUE	1.1286602718238
ZNF562	GOB	0.248318225464051	0.275329375886871	0.0271264801181992	TRUE	1.10877635087937
ZNF565	GOB	0.394878948010753	0.437904231988914	0.00647134336281755	TRUE	1.10895816096276
ZNF589	GOB	0.3050282002771	0.361439780620366	0.046994098144512	TRUE	1.1849389016885
ZNF611	GOB	0.256501615483424	0.329471013404939	0.0237234153059559	TRUE	1.28447929181261
ZNF664	GOB	-0.500171591799964	-0.452927451880003	0.0719173680832969	TRUE	0.905544135863567
ZNF69	GOB	0.221792081063068	0.282227657564663	0.0659364414352644	TRUE	1.27248753071761
ZNF703	GOB	0.63013476786282	0.683497944923364	4.19583390007279e-05	TRUE	1.08468533999724
ZNF706	GOB	-0.381649725247235	-0.298604333881835	0.0359250162239368	TRUE	0.782404163106359
ZNF710	GOB	0.171840387361122	0.205370323442034	0.146544376759541	TRUE	1.19512255876408
ZNF771	GOB	0.46826901482364	0.534887817648162	0.00482444513092296	TRUE	1.14226609217271
ZNF786	GOB	0.767151106779239	0.822751281324974	0.00130639181440114	TRUE	1.07247617067146
ZNF814	GOB	0.27457274645855	0.249794402366237	0.0935749086651806	TRUE	0.909756724176363
ZNF827	GOB	0.261375106748393	0.318014351480164	0.025411558945503	TRUE	1.21669716537426
ZNF846	GOB	0.380613377337032	0.474993254652584	0.00952530247482149	TRUE	1.24796784068884
ZNFX1	GOB	0.38161483134257	0.448821117653423	0.00537324880301288	TRUE	1.17611025775495
ZNRF3	GOB	1.10680058754219	1.06902735049039	6.50605158944801e-07	TRUE	0.965871686844982
ZP3	GOB	0.582676681110777	0.625029871146599	0.0208097948479152	TRUE	1.07268729195595
ZRANB2	GOB	-0.389190817106083	-0.346116081226557	0.0700260545573632	TRUE	0.889322322145681
ZRANB3	GOB	0.342028557550483	0.376443843524646	0.0164194543222536	TRUE	1.10062108912962
ZSWIM5	GOB	0.293133803157995	0.300275593466564	0.0535717448871195	TRUE	1.02436358492821
ZYX	GOB	1.14408089988512	1.20223465233329	1.89041836606646e-05	TRUE	1.05083010515603
ABCC5	TAC	0.519159871513606	0.572834414031084	0.00485099924547629	TRUE	1.10338730988778
ABCD3	TAC	-0.486086274156583	-0.445912570316081	0.0251602605476023	TRUE	0.91735272938902
ABHD14A	TAC	0.382273838146279	0.404884934458387	0.0624320189685176	TRUE	1.0591489504533
ABHD5	TAC	-0.515276124327527	-0.460040637996078	0.0179245192613348	TRUE	0.892804103035949
ABI2	TAC	0.277816100199886	0.318570455954316	0.0380656591029409	TRUE	1.14669544250714
ABLIM2	TAC	0.737021472172254	0.797544471790574	1.16830056045795e-05	TRUE	1.08211836683664
ABR	TAC	0.35295867336069	0.404463286051894	0.0349074410698275	TRUE	1.14592250192014
ABRACL	TAC	-0.34587427684035	-0.281890390631235	0.121612855134461	TRUE	0.815008254462796
ENSG00000235419	TAC	-0.484700220521805	-0.401149951017249	0.0319358934913941	TRUE	0.827624857660246
ENSG00000276256	TAC	-0.553127396733838	-0.514751772732847	0.0101777343888596	TRUE	0.93062064141535
MAP3K20	TAC	0.666276864124489	0.725960044492221	0.000431425209508824	TRUE	1.08957714665083
ENSG00000236449	TAC	-0.801798082794633	-0.723346614239471	0.000106812801634179	TRUE	0.902155579766763
ENSG00000225421	TAC	-1.11996580244412	-1.07889000831862	0.0004641500449617	TRUE	0.963324063970652
ENSG00000249319	TAC	0.332882139482291	0.391728339623902	0.0244425600801799	TRUE	1.17677788370722
EPCAM-DT	TAC	0.234402505651646	0.25996095649012	0.194550183552596	TRUE	1.10903659398785
ENSG00000226963	TAC	0.573455766225392	0.635754388400926	0.0129375025178966	TRUE	1.10863718850644
ENSG00000271254	TAC	-0.8548497320476	-0.819879278150596	8.047366852329e-05	TRUE	0.959091694614866
ACAA2	TAC	-0.714762912807875	-0.650670408982502	0.000737630781273651	TRUE	0.910330400924704
ACAD9	TAC	0.226287626146623	0.280176357203639	0.0271377395739872	TRUE	1.23814263278408
ACADM	TAC	-0.704832691349831	-0.663403812097988	0.000171889578445095	TRUE	0.941221683159301
ACAT1	TAC	-1.05757300385906	-0.997100811095619	2.27953513889209e-06	TRUE	0.942819840764865
ACE	TAC	0.609474170820919	0.658699206998114	0.00256966702425425	TRUE	1.08076640247263
ACIN1	TAC	0.366209030516016	0.424992723851899	0.0016093179047551	TRUE	1.16051950781512
ACOT2	TAC	-0.495074670351335	-0.422741375055206	0.0108928630954892	TRUE	0.853894170661575
ACSF2	TAC	-0.634635529861563	-0.585647595396864	0.00267074486672001	TRUE	0.922809341488674
ACSS1	TAC	0.243674213192891	0.312219440218344	0.0845993579120357	TRUE	1.28129864923866
ACSS2	TAC	-0.566731142489419	-0.49307491812169	0.00232107082898142	TRUE	0.870033215319371
ACTB	TAC	-0.251047464633833	-0.161096482972997	0.224964859191291	TRUE	0.641697310936659
ACTG1	TAC	-0.601758193890364	-0.512632141357998	0.00127942548506444	TRUE	0.85189058755284
ACTN1	TAC	0.278184989646183	0.351417221244718	0.00449559630687853	TRUE	1.26325011889275
ACTR10	TAC	-0.774857457985943	-0.713548033509881	0.00474295806909334	TRUE	0.920876512390522
ACTR3	TAC	-0.407356579387314	-0.345303831181832	0.0419707891991719	TRUE	0.847669704270364
ACTR3C	TAC	0.334850140880134	0.403271206204173	0.0242667064882861	TRUE	1.2043333926759
ACVR1	TAC	0.342474520167477	0.394398303683191	0.0327781534653704	TRUE	1.15161356672701
ACVRL1	TAC	0.327107691246699	0.361105667355046	0.0880200513434483	TRUE	1.10393511683804
ADAMTSL4-AS1	TAC	1.25719214237444	1.30925583014989	0.000380402661130769	TRUE	1.04141267354496
ADCY3	TAC	0.485371106304734	0.556203365025239	0.000871219724485445	TRUE	1.14593423011883
ADCY6	TAC	0.390459098774661	0.453976917464436	0.00514410998967693	TRUE	1.162674704954
ADGRE3	TAC	-1.22129375715548	-1.16873173769044	8.43195562109593e-05	TRUE	0.956962017404014
ADGRE5	TAC	0.719798358868877	0.788736846199082	0.000228930481353391	TRUE	1.09577472146302
ADGRG1	TAC	0.333414370582735	0.427172486635431	0.00359179947605732	TRUE	1.28120598367979
ADGRG6	TAC	0.538845413919573	0.554471386906903	0.00408651946164325	TRUE	1.0289989904037
ADGRL1	TAC	0.597982959646538	0.675539140910156	0.00343338497669854	TRUE	1.12969630657947
ADH5	TAC	-0.667151891498865	-0.598905356533756	0.000735389233917804	TRUE	0.897704651916998
ADI1	TAC	-0.20470369008278	-0.137898111270908	0.306917810031239	TRUE	0.673647413073712
ADIPOR1	TAC	-0.621014280800163	-0.551716545578639	0.000732436332767493	TRUE	0.888412010216198
ADPGK	TAC	0.345290778450154	0.419304963228187	0.00636975461573523	TRUE	1.2143532043058
AGAP3	TAC	0.892709194425981	0.981676815674272	2.75045756132674e-07	TRUE	1.09966024972499
AGAP6	TAC	0.207189002449868	0.260263198334926	0.084544939361564	TRUE	1.25616319040824
AGBL4	TAC	1.33779032687822	1.38311454742734	2.60086500580819e-08	TRUE	1.03387991349503
AGFG2	TAC	-0.344862476504758	-0.278264323083011	0.104229868398401	TRUE	0.806884894823204
AGO3	TAC	0.210166343491978	0.263450136699058	0.0750800781059455	TRUE	1.25353152327701
AGO4	TAC	0.403783780787668	0.480638245502379	0.00430191558476084	TRUE	1.19033569046481
AGPAT5	TAC	-0.542125364670594	-0.493708789069252	0.0229457694895011	TRUE	0.910691181862039
AGR2	TAC	-0.566519588080477	-0.487597763621307	0.0136125800648784	TRUE	0.860690034167083
AHCYL2	TAC	-0.270140114138521	-0.185567237203345	0.176916334149577	TRUE	0.686929587614637
AHSA1	TAC	-0.152233048003787	-0.064896653896183	0.61595092485358	TRUE	0.42629806567736
AIMP2	TAC	0.480953076171505	0.565744999992121	0.00376171886449577	TRUE	1.17629978478478
AK2	TAC	-0.604078854065756	-0.528150044965638	0.000810121219159992	TRUE	0.87430646083855
AK6	TAC	-0.364838569874766	-0.302765931842538	0.0296587796104831	TRUE	0.829862730649517
AKAP8	TAC	0.226535364752765	0.278579607049247	0.0618954059042944	TRUE	1.22974003354082
AKAP8L	TAC	0.512365528323042	0.571581309608997	0.00161069405231199	TRUE	1.1155733124353
AKR1B10	TAC	-0.939151307656179	-0.880612562049445	0.00439622179760712	TRUE	0.937668461802148
ALDH2	TAC	-0.227202582713245	-0.159298522466152	0.193468783523421	TRUE	0.701129892819945
ALDH3B1	TAC	0.36187455275806	0.388522447470163	0.0374230908717917	TRUE	1.07363848745098
ALDH6A1	TAC	-0.422174007055764	-0.379328433293434	0.0194454027125539	TRUE	0.898512051793206
ALDH9A1	TAC	-1.0009540583454	-0.939426528742552	2.73368344487653e-05	TRUE	0.938531115299583
ALG2	TAC	-0.433986709432682	-0.364031553400548	0.0856906381015325	TRUE	0.8388080682849
ALS2CL	TAC	0.726527108696048	0.779399597566873	0.000280377964316173	TRUE	1.07277428225042
ANKRD13D	TAC	0.91179741018184	0.999205074833483	0.000269393240107821	TRUE	1.09586303237493
ANKRD52	TAC	0.492102182147002	0.545004663414108	0.00267074486672001	TRUE	1.10750304141367
ANKS3	TAC	0.448710613335839	0.538553608734559	0.00699925061358302	TRUE	1.20022480576245
ANXA7	TAC	-0.364479907062556	-0.290893572849552	0.0392846345049658	TRUE	0.798105923571875
GATD1-DT	TAC	0.58698190657075	0.659835811041848	0.00126089085895439	TRUE	1.12411609907488
AP1S3	TAC	0.938952606300275	1.00559813985354	1.09672422650906e-06	TRUE	1.07097859157755
AP2B1	TAC	0.387936329613342	0.471955304177075	9.30618494523729e-05	TRUE	1.21657928930625
AP3S1	TAC	-0.636225676784219	-0.563948604395881	0.00651123808549641	TRUE	0.88639711500853
AP5M1	TAC	-0.715784387142941	-0.662495360122062	0.00362919869654185	TRUE	0.925551565557915
APBB2	TAC	0.558161268158976	0.614257674758447	0.000527694610589664	TRUE	1.10050214839252
APH1A	TAC	-0.374244473697452	-0.286865518095685	0.0388527274645001	TRUE	0.766519049063084
API5	TAC	-0.784161048020394	-0.727895073378473	0.00011408885722311	TRUE	0.928246914605152
APLP2	TAC	-0.564545875180142	-0.487824785128965	0.000538683869006764	TRUE	0.864101229990042
APOLD1	TAC	0.664497727834687	0.714168196368708	0.00313709242221517	TRUE	1.07474889146104
APOOL	TAC	-0.735062273944332	-0.680357396179991	0.00175117403892654	TRUE	0.925577900399112
APP	TAC	-0.238144720082781	-0.156885493813989	0.0944145065934513	TRUE	0.658782163045455
APTX	TAC	0.229395091339548	0.291822949786758	0.0500202212232812	TRUE	1.27214121314743
AQP8	TAC	-2.07726754278973	-2.10615882718315	0.000201285189675895	TRUE	1.01390831166342
ARCN1	TAC	-0.489843786770211	-0.414720036200382	0.0071224817681654	TRUE	0.846637330923073
ARF1	TAC	-0.373732804931751	-0.287313824021327	0.0339722372088845	TRUE	0.768768008132962
ARF3	TAC	-0.507351357356408	-0.453860495783518	0.0024240566127893	TRUE	0.894568407480749
ARF6	TAC	-0.803326721645378	-0.73741053298316	0.00014931385969238	TRUE	0.917945977786961
ARFGAP3	TAC	0.525560127400211	0.581063648511727	0.00136486535428782	TRUE	1.10560831809307
ARFGEF3	TAC	0.547908182900111	0.613282846012043	0.00161138362161394	TRUE	1.1193168219644
ARHGAP18	TAC	0.29273567055644	0.348874754422802	0.0283132050035192	TRUE	1.1917739773894
ARHGAP26	TAC	0.409034787126451	0.445034953777521	0.00555766876045582	TRUE	1.08801248153972
ARHGAP8	TAC	0.52301763202636	0.577794894831539	0.00112301230826718	TRUE	1.10473310927005
ARHGEF28	TAC	1.01726961751445	1.07483305352242	3.83750669525672e-07	TRUE	1.05658621374009
ARHGEF3	TAC	1.64571403161984	1.726362803441	6.72716576965808e-08	TRUE	1.04900533766597
ARID1A	TAC	0.206138232521343	0.264227920801654	0.0210875293848363	TRUE	1.28179968155251
ARID3A	TAC	1.71827819638563	1.78234342189031	1.42786873785815e-09	TRUE	1.03728454777547
ARID4B	TAC	0.322081503945351	0.374946727946831	0.0100160810320094	TRUE	1.16413616849743
ARIH2	TAC	0.226265656911102	0.271844352317277	0.0233823340952359	TRUE	1.2014388574404
ARL1	TAC	-0.422987440721787	-0.374912021064368	0.0800671438462006	TRUE	0.886343151051051
ARL16	TAC	0.447248415640007	0.475438437295862	0.00651123808549641	TRUE	1.06302989718927
ARL17B	TAC	0.471435033887311	0.550124720747006	0.00417778698676289	TRUE	1.16691522946618
ARL3	TAC	0.491804634383759	0.550957018331961	0.000426401382872535	TRUE	1.12027618247705
ARL5A	TAC	-0.388967533851504	-0.367416801788264	0.0347476653372882	TRUE	0.944595036377851
ARL6IP1	TAC	-1.17318228835717	-1.09177352320466	6.36780246600111e-06	TRUE	0.930608596839193
ARL6IP5	TAC	-0.359875471692615	-0.318143526475846	0.0349074410698275	TRUE	0.884037817246923
ARPC5	TAC	-0.492680701842624	-0.420963945630006	0.00524581863471162	TRUE	0.85443562951746
ARPIN	TAC	-0.586155392666444	-0.523167100808486	0.000483899961765419	TRUE	0.892539943083315
ARSB	TAC	0.522204679860164	0.567759881859731	0.0146687680725932	TRUE	1.08723629595155
ASCL2	TAC	2.53149860889123	2.56543744786706	1.17819746989344e-10	TRUE	1.01340661964286
ASH1L	TAC	0.346406018784455	0.401746960088085	0.0137635847402431	TRUE	1.15975744733831
ASPSCR1	TAC	0.761170651602089	0.80411003410743	0.00104103818087776	TRUE	1.05641229389883
ASRGL1	TAC	1.04419213004126	1.12032665100632	1.47925445577043e-06	TRUE	1.07291236811185
ASXL1	TAC	0.193821530588972	0.247165185556937	0.0512772265141765	TRUE	1.27522048147008
ATAD2	TAC	0.467156154516869	0.518075583293961	0.00653796220665995	TRUE	1.10899873261812
ATAD3B	TAC	0.490046400008828	0.54008046164061	0.00994895582228384	TRUE	1.1021006615514
ATF7IP	TAC	0.215794505209753	0.219863740848013	0.114077117053148	TRUE	1.01885699376036
ATF7IP2	TAC	0.527702215754401	0.565822863220556	0.0325296714818367	TRUE	1.07223893765854
ATG3	TAC	-0.66948296357094	-0.60110125644619	0.000750706379919533	TRUE	0.897858928687281
ATG7	TAC	0.538298436312928	0.588783088157719	0.000440528666959804	TRUE	1.093785618607
ATP11A	TAC	0.715870502967698	0.771492614023913	4.34647112869557e-05	TRUE	1.07769856534894
ATP13A2	TAC	0.566739951392187	0.616323541060101	0.00526130975276008	TRUE	1.08748913773612
ATP23	TAC	-0.627957712474877	-0.570522856916484	0.00300630861262583	TRUE	0.908537064809614
ATP2B4	TAC	0.629247979754806	0.675024804592828	0.00161069405231199	TRUE	1.07274846532818
ATP5F1A	TAC	-0.732696458451433	-0.647740394495623	0.000133424125247754	TRUE	0.884050123382109
ATP5F1B	TAC	-0.589812710205133	-0.49729967350524	0.00195637499125666	TRUE	0.843148451874295
ATP5F1C	TAC	-0.7936732773114	-0.713929357276071	2.66351394824997e-05	TRUE	0.899525507138826
ATP5F1E	TAC	-0.452370189164707	-0.373356603759946	0.0095480755990993	TRUE	0.825334234444896
ATP5PB	TAC	-0.84296332538754	-0.765166427955213	5.65966104732749e-05	TRUE	0.907710222865791
ATP5MC1	TAC	-0.482290299536665	-0.404926485944957	0.0134628801299067	TRUE	0.839590774133274
ATP5MC3	TAC	-0.958959916722729	-0.868401988177344	4.3471035259561e-06	TRUE	0.905566513296125
ATP5PD	TAC	-0.540394559150792	-0.46402931830872	0.00184741246555901	TRUE	0.858686140433988
ATP5PF	TAC	-0.50385224407191	-0.428511559912581	0.00279424206434984	TRUE	0.850470678565488
ATP5MF	TAC	-0.247547885830337	-0.158415459456182	0.249420846135898	TRUE	0.639938648333907
ATP5MG	TAC	-0.534663978624335	-0.461139147414055	0.0034926240910808	TRUE	0.862484038293629
ATP5PO	TAC	-0.744360825304927	-0.667304499578603	0.000228930481353391	TRUE	0.896479874938666
ATP6AP2	TAC	-0.862515884343159	-0.809987041455084	0.000670983358653668	TRUE	0.939098115360417
ATP6V1D	TAC	-0.396536986757627	-0.336513917190035	0.0316621711503911	TRUE	0.848631851322663
ATP5IF1	TAC	-0.44002589357178	-0.346708342699646	0.0285494811442723	TRUE	0.787927137390355
ATRAID	TAC	-0.217158986965402	-0.153913735811566	0.26879430623956	TRUE	0.708760608816469
ATXN2L	TAC	0.495713775444043	0.552723754547274	0.00251142108126778	TRUE	1.11500583991672
ATXN7L1	TAC	0.206012421109807	0.286177130882103	0.0596830816082874	TRUE	1.38912561359379
ATXN7L3B	TAC	-0.503332176936464	-0.443931481628627	0.00288394622853389	TRUE	0.88198510242405
AXIN2	TAC	1.75333172028548	1.82262150366194	1.12612949679045e-09	TRUE	1.03951892421429
B2M	TAC	-0.692143874802616	-0.617377735222398	0.00419904280820574	TRUE	0.891978904528282
B3GALNT2	TAC	0.515343017996613	0.566779319280964	0.00514866267818902	TRUE	1.09980983439789
B4GALNT2	TAC	-1.13507118265543	-1.0780376869578	0.00222745186048556	TRUE	0.94975337532206
B4GALT7	TAC	0.573458799149518	0.651405534166965	0.000408197818629148	TRUE	1.13592386259143
BACE2	TAC	1.00366931165544	1.10865396490288	1.62836714051354e-07	TRUE	1.10460084016546
BAIAP2	TAC	1.09756187808976	1.1148827269654	2.48651235197459e-05	TRUE	1.01578120488823
BANF1	TAC	-0.474229916323082	-0.397899673971218	0.0184579977082826	TRUE	0.839043806127444
BAZ1B	TAC	0.270373017844823	0.326971117549955	0.0352938242238075	TRUE	1.209333387467
BAZ2B	TAC	0.19673284357449	0.25573755136213	0.0753303437121002	TRUE	1.29992301598232
BCAS3	TAC	0.5314010985885	0.573863361023146	0.0007729599917863	TRUE	1.07990623758105
BCL10	TAC	-0.645571316319759	-0.581554384725552	0.00191910100172236	TRUE	0.900836778252244
BCL11B	TAC	0.253402257436254	0.316794689951682	0.0261183904726184	TRUE	1.25016522408596
BCL2L11	TAC	-0.788642401657826	-0.691249144276125	0.00136814156256504	TRUE	0.876505172462236
BCL7A	TAC	0.440798299941633	0.487038913779792	0.00559082232617596	TRUE	1.10490197862442
BEST4	TAC	-1.56434104146195	-1.60985561321464	0.0121593433422652	TRUE	1.02909504420478
BEX3	TAC	-1.17533258024341	-1.13692301788135	1.24345450623483e-06	TRUE	0.967320260658385
BEX4	TAC	-2.24669998568488	-2.25190688929113	6.37927941696081e-06	TRUE	1.00231757851045
BICDL1	TAC	1.256945739902	1.33723941752964	6.454333342682e-07	TRUE	1.06387998708194
BID	TAC	0.164016231535811	0.213879314835942	0.0964446487794161	TRUE	1.30401310183281
BIN3	TAC	0.416371670418821	0.469668415117602	0.00802253575628628	TRUE	1.12800281211537
BIRC2	TAC	-0.466691183339916	-0.405415103500869	0.0146751771769311	TRUE	0.868701012518558
BMPR2	TAC	0.682929946753062	0.74535285749707	0.000110823481960732	TRUE	1.09140455919497
BOLA3	TAC	-0.503997040168136	-0.421527513410939	0.00647122128810107	TRUE	0.836369025640142
BPTF	TAC	0.153515355070665	0.228371097189376	0.092863163673345	TRUE	1.48761078059099
BRAT1	TAC	0.416259620005702	0.461791795008048	0.00857244287703579	TRUE	1.10938407862315
BRCC3	TAC	-0.64110928774393	-0.568211134263287	0.00856058661354536	TRUE	0.886293717975648
BRD3	TAC	0.260011973841515	0.305263974353527	0.0324521975812431	TRUE	1.17403814079576
BRF1	TAC	0.321674285946656	0.368260151727865	0.0276115660307907	TRUE	1.1448230953373
BRINP3	TAC	-1.689748892522	-1.64997194653893	1.5832104252588e-05	TRUE	0.97645984787497
BRPF3	TAC	-0.241408808263541	-0.207682477558808	0.10695224708957	TRUE	0.860293702838239
BSDC1	TAC	0.347292244544545	0.407374827027617	0.00578733186430394	TRUE	1.17300294903466
BSG	TAC	-0.383645944373943	-0.312467354199114	0.0611067575439186	TRUE	0.814468023919859
BSPRY	TAC	0.306801758942756	0.371165878249718	0.00567055035405177	TRUE	1.20979058115169
BTBD2	TAC	0.26260508268411	0.318437134602202	0.0487663803845486	TRUE	1.21260842077932
BTRC	TAC	0.238239430062676	0.290685965416191	0.0453075436375056	TRUE	1.22014212903262
BUB3	TAC	-0.687236385122209	-0.627191551822616	0.00140127470218304	TRUE	0.912628558965318
BZW1	TAC	-0.346460102471796	-0.289339681438451	0.181599998637928	TRUE	0.835131316345451
C11orf54	TAC	-0.419033843748224	-0.361657547076908	0.0936388684634888	TRUE	0.863074790909274
TOP6BL	TAC	0.506960518678711	0.550621610824224	0.00412463266769887	TRUE	1.0861232591826
RTRAF	TAC	-0.674956518558681	-0.610014444526938	0.00175225839713269	TRUE	0.903783321968025
C15orf48	TAC	-1.32271093158527	-1.21781397958156	3.39154009251691e-07	TRUE	0.920695482664536
PHAF1	TAC	0.293800376285042	0.362980553474981	0.0361052151815437	TRUE	1.23546660513062
C16orf96	TAC	-0.624750143963864	-0.572019330620063	0.00659960116160253	TRUE	0.91559695687425
C17orf58	TAC	-0.874060209079682	-0.840205405181738	0.00283467808777175	TRUE	0.961267194700934
C18orf32	TAC	-0.429492299829064	-0.399701090006438	0.0528895550103402	TRUE	0.930636219009088
C1D	TAC	-0.55535089947528	-0.492725597744575	0.0225402054512557	TRUE	0.887232915639687
C1orf159	TAC	0.480598641471873	0.524142566157794	0.00347176369517982	TRUE	1.0906035118047
C1orf210	TAC	-0.535384932671341	-0.492322606351469	0.0024240566127893	TRUE	0.919567541609717
C1orf226	TAC	-0.497541102685775	-0.433868268461413	0.0431968840194701	TRUE	0.872024976668962
C1orf43	TAC	-0.203959358722601	-0.138532132477462	0.242381505058032	TRUE	0.679214395186815
SHLD1	TAC	0.779044757086767	0.840086140534076	4.87813198162091e-05	TRUE	1.07835414190524
GATD3	TAC	-0.629473202996954	-0.561328200433835	0.0350504216306825	TRUE	0.891742806145397
C22orf39	TAC	-0.468078930755325	-0.406520867776571	0.0100834838072632	TRUE	0.868487857636704
C2CD2	TAC	0.288836580838188	0.331107832005593	0.0171579255400251	TRUE	1.14635006080164
C2orf42	TAC	0.474858785709843	0.537775242537102	0.0146751771769311	TRUE	1.13249508847816
C2orf69	TAC	-0.351465442239354	-0.294298772168751	0.171415078115089	TRUE	0.837347678604284
C2orf88	TAC	-0.269350808124853	-0.229383837582397	0.143862871712743	TRUE	0.85161740994692
C5orf15	TAC	-0.803806421533658	-0.739456074186354	0.000159367284808381	TRUE	0.919942979275378
ILRUN	TAC	0.501159108681224	0.562812790179815	0.00148563645018606	TRUE	1.12302217086472
C6orf132	TAC	0.734041868708224	0.793199226557683	3.64800740036801e-06	TRUE	1.08059125830733
C6orf136	TAC	-0.325551691557723	-0.259601154669865	0.0539332061020484	TRUE	0.797419154628584
C6orf62	TAC	-0.527864323613262	-0.456275492883398	0.0167487864748014	TRUE	0.864380244075155
SPMIP4	TAC	-1.22138764648939	-1.16210926135664	1.94870074037499e-05	TRUE	0.951466362621949
STMP1	TAC	-0.703027124644913	-0.629155406104768	0.000992565072328937	TRUE	0.894923373578998
C8orf33	TAC	0.496943730235416	0.511549716250623	0.00109391510157105	TRUE	1.02939162952773
C9orf152	TAC	-0.708405447283761	-0.647187766994964	0.000750706379919533	TRUE	0.913583837442917
BBLN	TAC	0.678680028635358	0.739214464389544	0.0005656437228177	TRUE	1.08919436730134
AOPEP	TAC	0.830796167975106	0.882363487725271	1.88341700273212e-05	TRUE	1.06206976119768
C9orf78	TAC	-0.314090421409547	-0.246819938854254	0.137637438711986	TRUE	0.785824469738991
CA1	TAC	-1.42530285500755	-1.36845146907196	0.00784667881692084	TRUE	0.960112767798186
CA12	TAC	-0.444580397839763	-0.339109797143595	0.0151839597340978	TRUE	0.762763717859233
CA2	TAC	-1.13360087730228	-1.05903304298761	6.17863232935778e-05	TRUE	0.934220380552173
CA7	TAC	-2.75100145415598	-2.67472156744026	0.00215624696088689	TRUE	0.972271956962988
CABIN1	TAC	0.438833892660013	0.502829246719959	0.00502311772788431	TRUE	1.14583047282888
CACNA1C	TAC	1.12225524843211	1.10033071512398	9.27223208708819e-05	TRUE	0.980463862085953
CACYBP	TAC	-0.466135478331757	-0.404631459372198	0.0138028777422033	TRUE	0.868055486401346
CADM2	TAC	-0.709122931104587	-0.698951234167338	0.00205262172212841	TRUE	0.985655946957737
CADPS	TAC	2.46237026022993	2.51739668164802	1.0028883882486e-09	TRUE	1.02234693226556
CALCOCO2	TAC	-0.687426638918917	-0.630214485285964	5.43293913907283e-05	TRUE	0.916773441129765
CALM1	TAC	-0.611949153330028	-0.547453146665676	0.000214375166381545	TRUE	0.894605611735248
CALM2	TAC	-1.17463593800418	-1.07201675547254	1.19484319089023e-05	TRUE	0.912637457095006
CALN1	TAC	0.652890499683188	0.621623906049932	0.031743815204781	TRUE	0.952110509115344
CAMK2N1	TAC	-0.987068230364655	-0.915789246511232	1.47360637780541e-06	TRUE	0.927787176548991
CAMKMT	TAC	0.330130348569281	0.363915160919205	0.0468256875257454	TRUE	1.10233779625636
CAMTA1	TAC	-0.292528909299627	-0.223188974756312	0.028987197594138	TRUE	0.762963822244686
CAMTA2	TAC	0.344969807953914	0.371660247585423	0.0385709874185385	TRUE	1.07737036406118
CAPG	TAC	0.899821353912018	0.963343536393896	1.33555638730368e-05	TRUE	1.07059421540255
CAPN2	TAC	-0.22801630392656	-0.176772734842427	0.132435900901735	TRUE	0.775263574570361
CARHSP1	TAC	0.365121679028696	0.436535029489546	0.00712735358753861	TRUE	1.19558781239949
CARS2	TAC	0.162770562046735	0.229279257363545	0.0912149967177722	TRUE	1.40860395442828
CASP7	TAC	-0.331978936852036	-0.264084720017906	0.0931361971981779	TRUE	0.795486371882712
CAT	TAC	-0.68877356942276	-0.634529816307321	0.000193708429229307	TRUE	0.921245884680361
CATSPERB	TAC	0.671327258732085	0.717459751959468	0.000337568948220732	TRUE	1.0687183376324
CBFB	TAC	0.404523615275406	0.456201236509371	0.0026100911729656	TRUE	1.12774933102183
CBL	TAC	0.416551709046638	0.460569100106936	0.00174944755758729	TRUE	1.10567089296318
CBR1	TAC	-0.583030015181353	-0.507412191982539	0.00784667881692084	TRUE	0.870302006363613
CBX5	TAC	-0.507923508241495	-0.457654951055876	0.000383062702748954	TRUE	0.901031245118668
CCDC115	TAC	-0.659849891926245	-0.599523708473927	0.00117306471455609	TRUE	0.908575898563517
CCDC12	TAC	0.313401974201212	0.384907815426937	0.0171950378098353	TRUE	1.22816014930339
CCDC125	TAC	0.39115879808072	0.462127236271496	0.00306756458690036	TRUE	1.18143127174691
YJU2B	TAC	0.419141974128378	0.470746920615862	0.00568396734131532	TRUE	1.12312044527346
CCDC137	TAC	0.577032821722168	0.634578319949116	0.00353602453055371	TRUE	1.09972655984317
CCDC149	TAC	0.448891251087064	0.506144182605429	0.0031913867595476	TRUE	1.12754298815073
CCDC192	TAC	0.519795594503881	0.591363500043862	0.00620503968651437	TRUE	1.13768470971419
CCDC28A	TAC	-0.426533362473505	-0.375636385184953	0.0428320843480412	TRUE	0.880672927919645
CCDC47	TAC	-0.638683563988784	-0.576968877550404	0.00419384159337881	TRUE	0.903372045378854
CCDC50	TAC	-0.479602957923325	-0.491665146396833	0.033642285081499	TRUE	1.02515036297052
CCDC57	TAC	0.676725422123509	0.736815621620848	0.000259440026314736	TRUE	1.08879554030759
CCDC88B	TAC	1.30410170857057	1.3468438592455	3.55505443901271e-05	TRUE	1.03277516653343
CCDC90B	TAC	-0.279836630478195	-0.213364152148722	0.112786195818179	TRUE	0.762459695802216
CCHCR1	TAC	0.314727485201281	0.369012159068593	0.0402583699038876	TRUE	1.17248151629526
CCL15	TAC	-0.711115510539591	-0.631331662550988	0.00407496430657442	TRUE	0.887804657884536
CCND3	TAC	0.93725968933356	0.992639592642953	3.2049117756561e-06	TRUE	1.05908704272641
CCNJL	TAC	-0.507418377048217	-0.451292474553857	0.104229868398401	TRUE	0.889389298785632
CCNL2	TAC	0.435633257106363	0.496279431627682	0.00130755501019192	TRUE	1.13921383074413
CCNY	TAC	0.295445454657691	0.367551330487212	0.00100326175127906	TRUE	1.24405816604308
CD164	TAC	-0.926628143323875	-0.88391458177134	0.000100857998797491	TRUE	0.953904312252681
CD24	TAC	-0.793380178988996	-0.679097110119329	0.00115327084252363	TRUE	0.855954217289247
CD44	TAC	0.733618493700888	0.799156823976382	1.5832104252588e-05	TRUE	1.08933571173332
CD58	TAC	0.275254606909395	0.321717398476337	0.0515698357448855	TRUE	1.16879932397366
CD59	TAC	-0.596112629769641	-0.508724176880767	0.00342731327523513	TRUE	0.853402782419416
CD82	TAC	0.494796834159761	0.554392993422854	0.0117385409023245	TRUE	1.12044571660265
CD9	TAC	-0.983847129377101	-0.889550772681254	3.31482357238271e-06	TRUE	0.904155479159096
CDC25B	TAC	0.484005297546431	0.555602448755122	0.00443393937535877	TRUE	1.14792637925998
CDC27	TAC	0.22002228245356	0.270643303112148	0.0922634237114052	TRUE	1.23007224583843
CDC42	TAC	-0.473484809670189	-0.410203995900351	0.00910268870011732	TRUE	0.866350910362009
CDC42BPB	TAC	0.433403361643827	0.484716950728805	0.013731332512777	TRUE	1.11839684143278
CDH1	TAC	-0.285208861553946	-0.200780536913313	0.0988782792223222	TRUE	0.703977204001903
CDH17	TAC	-0.397287259165181	-0.332315305003773	0.0290403738135818	TRUE	0.836461017406063
CDK10	TAC	0.304303603268982	0.350796226138036	0.0904373783079917	TRUE	1.15278367515076
CDK12	TAC	0.175622086099763	0.230696294492157	0.126868062012218	TRUE	1.31359500171925
CDK14	TAC	0.320823818781104	0.372701072627214	0.0328470601654499	TRUE	1.16170013200144
CDK18	TAC	0.227980012909736	0.283536156744939	0.121373233177599	TRUE	1.24368865992301
CDK2AP2	TAC	-0.463471399777032	-0.389177233447474	0.0198934221568334	TRUE	0.839700645249525
CDK5RAP2	TAC	0.307813006785925	0.362552050184617	0.0160894893273585	TRUE	1.17783213246983
CDK5RAP3	TAC	0.620850684667533	0.658140077110179	0.000124920318335525	TRUE	1.06006177228042
CDKL5	TAC	0.922444382513804	0.922465788926836	8.01100610288965e-05	TRUE	1.00002320618287
CDKN1B	TAC	-0.716466826982028	-0.673923728585493	0.00940281595768092	TRUE	0.940620979514517
CDX2	TAC	-0.276478115288749	-0.204877216818988	0.143046496919123	TRUE	0.741025077536492
CEACAM7	TAC	-0.932924226382392	-0.960289767549848	0.0330767216740194	TRUE	1.0293330802155
CEP104	TAC	0.62600166337445	0.705951940413849	7.84035488442955e-05	TRUE	1.1277157581474
CEP164	TAC	0.715432335165076	0.760940628268269	5.28284640491134e-05	TRUE	1.06360949997136
CEP295	TAC	0.362786058352701	0.434703885458823	0.0202475017711363	TRUE	1.19823757129113
CEP57	TAC	-0.550770074052055	-0.487222530201268	0.00502799769143188	TRUE	0.88462055793398
CEP68	TAC	0.195364251095924	0.248923736483693	0.102020646949631	TRUE	1.2741519243532
CFDP1	TAC	-0.137017398828792	-0.0765399574182374	0.402812170541934	TRUE	0.558614877179771
CFL1	TAC	-0.352132143830141	-0.275251814563987	0.0595146404154766	TRUE	0.781671935910403
ENSG00000280441	TAC	1.26501268198758	1.22585077847334	0.00158839170795284	TRUE	0.969042283866505
CHCHD1	TAC	-0.525305824378769	-0.459783250451555	0.0273592261746322	TRUE	0.875267756635477
CHCHD10	TAC	-0.442968564518166	-0.368299307518209	0.0294843709920503	TRUE	0.831434410969596
CHCHD2	TAC	-0.370265334136999	-0.277523476952807	0.0445107311971585	TRUE	0.749525951706088
CHD1L	TAC	-0.432140329150072	-0.383458041088176	0.0245717497183671	TRUE	0.887346112412966
CHD3	TAC	0.557534954393024	0.622395266063504	7.86599629370051e-05	TRUE	1.11633407225757
CHD4	TAC	0.233460208811359	0.307629563478362	0.0128914419224428	TRUE	1.31769591505392
CHD7	TAC	0.476738148630821	0.530582207933637	0.00341400195076145	TRUE	1.11294262785023
CHD8	TAC	0.231801542753359	0.282163414877828	0.058049416180131	TRUE	1.21726288585601
CHDH	TAC	0.370154035299565	0.438430825617242	0.0144765971379669	TRUE	1.18445507493231
CHEK2	TAC	0.316865839827989	0.378110614579379	0.00502799769143188	TRUE	1.19328298305881
CHMP1B	TAC	-0.326260239367211	-0.253327592997527	0.15330699471974	TRUE	0.776458674488995
CHMP2B	TAC	-0.331429360464071	-0.274171860875791	0.0970717828709238	TRUE	0.827240714256253
CHMP5	TAC	-0.422999139209834	-0.362006121017645	0.0178064883032861	TRUE	0.855808174205449
CHN2	TAC	0.237410021599439	0.322853793968271	0.0463833249676709	TRUE	1.35989960235543
CHP1	TAC	-0.360258209939977	-0.282373554555039	0.0380143309699328	TRUE	0.783808798145325
CHP2	TAC	-1.46828650645504	-1.38861866775426	1.00585034151815e-08	TRUE	0.945740944733513
CHRAC1	TAC	-0.438353745337569	-0.385811942251866	0.00874863132463941	TRUE	0.880138350260378
CHRM3	TAC	0.708702654194899	0.730602618844987	0.0127926594963032	TRUE	1.03090148529917
CISD1	TAC	-0.521740950374096	-0.45591307479867	0.000520529254604936	TRUE	0.873830345254236
CISD2	TAC	-0.522471067562827	-0.457103105811045	0.0092808221307443	TRUE	0.874886925209649
CITED2	TAC	-1.00499793526088	-0.933821160088592	5.88415527455294e-05	TRUE	0.929177192633921
CKMT1A	TAC	-0.32191268369276	-0.253357141283854	0.121373233177599	TRUE	0.787036839858299
CKMT1B	TAC	-0.304331243015495	-0.220525563455468	0.133411336362161	TRUE	0.724623476940353
CLASP2	TAC	0.245017955321602	0.295770920944288	0.0290098919384804	TRUE	1.20713978106653
CLASRP	TAC	0.372937351780385	0.434916080629759	0.00446679398103492	TRUE	1.16619072493943
CLEC16A	TAC	0.191671509204957	0.262604892458496	0.064126848086159	TRUE	1.3700778668033
CLTC	TAC	-0.579682927908074	-0.525539531647611	0.00113500679654263	TRUE	0.906598256298745
CMAS	TAC	-0.743430834701638	-0.679832285434456	0.00188992366204817	TRUE	0.914452634598206
CMC2	TAC	-0.276719987831505	-0.212767010055016	0.0941919181554783	TRUE	0.768889199953891
CMIP	TAC	0.342605672582942	0.409000526258886	0.0123999821739325	TRUE	1.19379379557666
CNIH1	TAC	-0.616435266779301	-0.529282909670914	0.00249010081046396	TRUE	0.858618801023937
CNKSR2	TAC	0.325618266112178	0.368115008735727	0.0428320843480412	TRUE	1.13051092965684
CNKSR3	TAC	-0.508998270393254	-0.470657814458893	0.00641906864776709	TRUE	0.924674683266136
CNN3	TAC	-1.20467716561186	-1.15372009068407	2.75341143544934e-06	TRUE	0.957700638492717
CNNM4	TAC	-0.176246204216465	-0.0980018889865908	0.430402602461972	TRUE	0.556051061764855
CNPPD1	TAC	-0.286615528628505	-0.218755408981691	0.0940633475946665	TRUE	0.763236416493084
CNTN4	TAC	-1.80660834396739	-1.77499644018045	1.66765893853408e-06	TRUE	0.982502071413266
CNTROB	TAC	0.194621508458849	0.249369714539314	0.0607929946560743	TRUE	1.28130604121816
COA3	TAC	-0.501637645525082	-0.428521720216274	0.016561100341399	TRUE	0.854245537668379
COA6	TAC	-0.352876097192606	-0.304777332792951	0.0505689476546758	TRUE	0.863695034086136
COG4	TAC	0.428837262323403	0.494489106166614	0.00184007828419053	TRUE	1.15309267550006
COMMD2	TAC	-0.431818477414994	-0.391476668229776	0.00621365874965882	TRUE	0.906576926891325
COMMD6	TAC	-0.655400925257644	-0.584081540051187	0.00524676141316116	TRUE	0.891182049859908
COPA	TAC	-0.188587057014845	-0.105421393464548	0.33364444816505	TRUE	0.559006514727302
COPB2	TAC	-0.352699544031487	-0.296649345042838	0.0314454825089663	TRUE	0.841082303798939
COPS5	TAC	-0.60892789840745	-0.539824232581665	0.00215156131313178	TRUE	0.886515848581558
CORO1C	TAC	-0.209193474665792	-0.140348034160226	0.247088428166976	TRUE	0.670900631028028
CORO7	TAC	0.606620302055369	0.673688356661879	0.00173274543580522	TRUE	1.11056018794503
COTL1	TAC	-0.673092711070681	-0.599803229597436	0.000180145684000602	TRUE	0.891115324430323
COX10	TAC	-0.238467732497519	-0.169540582539924	0.15244521853632	TRUE	0.710958169326695
COX16	TAC	-0.6200369349878	-0.554540327827641	0.000162438390631363	TRUE	0.894366603883932
COX19	TAC	0.318644928499953	0.386194261954818	0.0115436742629936	TRUE	1.21198935684575
COX4I1	TAC	-0.495765508081746	-0.421419197675645	0.0176207215014284	TRUE	0.850037347911178
COX5A	TAC	-0.959796169879651	-0.879089831775283	5.42953228378972e-07	TRUE	0.915913044209701
COX5B	TAC	-0.435875050211553	-0.354409781943768	0.0415938871093055	TRUE	0.813099492094705
COX6A1	TAC	-0.491547908177903	-0.414801125294307	0.00859842941864272	TRUE	0.843867135620441
COX6B1	TAC	-0.285086814117882	-0.194566593805974	0.21464879930365	TRUE	0.682481911371465
COX6C	TAC	-0.911809566682655	-0.826597608551098	1.94870074037499e-05	TRUE	0.906546321463181
COX7A2	TAC	-0.220874951570454	-0.133446450936609	0.347255254190765	TRUE	0.604171953350912
COX7A2L	TAC	-0.490745938447581	-0.416626870255876	0.00498622808900854	TRUE	0.848966517326313
COX7B	TAC	-0.682196047755024	-0.594523535602725	0.0138010804713478	TRUE	0.871484872360648
COX7C	TAC	-0.647139896415742	-0.585004759560533	0.000542127468163145	TRUE	0.903985000462263
COX8A	TAC	-0.395039349484274	-0.317907525504911	0.0567370866552798	TRUE	0.80474901024402
CPNE3	TAC	-0.919769269858579	-0.870994832835725	0.000133235686955079	TRUE	0.946971008250413
CPSF7	TAC	-0.223535882979058	-0.167269879758295	0.094832258584955	TRUE	0.748290956821306
CPT1A	TAC	-0.606242388598069	-0.528438631429845	0.00060592650422316	TRUE	0.87166229443615
CRBN	TAC	-0.378096832692555	-0.330955362714588	0.0444973241715423	TRUE	0.875319056120475
CREB3L2	TAC	0.696046357830912	0.733800950016054	1.26768995002215e-05	TRUE	1.05424149090126
CREBBP	TAC	0.459981621182958	0.502380344613434	0.000697994464755199	TRUE	1.09217482064052
CREBZF	TAC	-0.872195312087567	-0.81266863681458	0.000188144037148209	TRUE	0.931750750722895
CRTC1	TAC	0.630549394736687	0.683621920945587	0.000683065581170259	TRUE	1.08416870534157
CRTC3	TAC	0.464379126196377	0.550213304168451	0.000557152778301172	TRUE	1.18483642595033
CRYL1	TAC	-0.36176724741801	-0.301490980045264	0.0171979223317807	TRUE	0.833383846097325
CRYZL1	TAC	-0.471537007516597	-0.369757845715646	0.0326388894983648	TRUE	0.784154456217588
CS	TAC	-0.570197136889369	-0.501283143994184	0.00155866221092176	TRUE	0.879140057996196
CSNK1E	TAC	0.522239246039573	0.572900392025894	0.000275466282969036	TRUE	1.09700754275078
CSRP1	TAC	-0.298828552022807	-0.239851212176896	0.146297581199378	TRUE	0.802638203589698
HDGFL2	TAC	0.433958465862017	0.433302571482026	0.0500202212232812	TRUE	0.998488577982486
ANKHD1-DT	TAC	0.250347539131556	0.301887746952724	0.0886213307281554	TRUE	1.20587463331958
ENSG00000268362	TAC	0.509545402373848	0.591808100185114	0.0106831511746405	TRUE	1.16144331285892
LINC02086	TAC	0.33485861534374	0.389230461716969	0.0189941113965142	TRUE	1.16237254734335
CTDSP2	TAC	-0.173655023377099	-0.100396635531929	0.430402602461972	TRUE	0.57813838943152
CTIF	TAC	0.558661902263604	0.619173251533803	0.00048446193214575	TRUE	1.10831479473545
CTNNBIP1	TAC	0.458935977877831	0.529720052910401	0.00136102271698146	TRUE	1.15423518408795
CTNND1	TAC	-0.350880529785034	-0.283229677071693	0.0355606371816933	TRUE	0.807196903302708
CTPS2	TAC	0.269423455724136	0.313989763013724	0.0185064609187427	TRUE	1.16541361319046
CUEDC1	TAC	1.1194542919772	1.1658784132973	7.42377075900594e-07	TRUE	1.04147031428867
CUX1	TAC	0.828412234797844	0.887569365146591	6.7169697609404e-06	TRUE	1.07141025671015
CWC15	TAC	-0.501505261647405	-0.440151827938222	0.00310746095246692	TRUE	0.877661435679374
CYB561D1	TAC	0.613383916301399	0.69000006091422	8.39173279430376e-05	TRUE	1.12490732570036
CYB5A	TAC	-0.700658425173775	-0.626329347997513	0.000734352972596746	TRUE	0.893915388004038
CYB5B	TAC	-0.166541333648897	-0.121426942557858	0.195453425910796	TRUE	0.729109944645039
CYC1	TAC	-0.262209634684816	-0.186192506292136	0.174585008967125	TRUE	0.710090254753398
CYCS	TAC	-0.783208428126694	-0.691339906526182	0.000262178868371794	TRUE	0.882702332736324
CYFIP2	TAC	0.363950916710592	0.425353921480225	0.0119675120579814	TRUE	1.16871232342151
CYP2J2	TAC	-0.670003225382874	-0.602031315581714	0.00041029224846627	TRUE	0.898549876737807
CYP3A5	TAC	0.596422400271288	0.669069203392518	0.00104619625636207	TRUE	1.12180428348799
CYSTM1	TAC	-0.210207124841963	-0.135728752492688	0.301603708206651	TRUE	0.645690542576664
DACH1	TAC	0.894793964384366	0.976414318906646	2.78232680451462e-05	TRUE	1.09121692565108
DAD1	TAC	-0.332391355979202	-0.29004358867701	0.0736494130198325	TRUE	0.872596664923975
DAZAP2	TAC	-0.769808830387877	-0.692812979041094	8.21877861704902e-05	TRUE	0.899980555811516
DBI	TAC	-0.56656841778879	-0.490919678150714	0.00321658429862196	TRUE	0.86647907426023
DBNDD2	TAC	-0.542150242489976	-0.47292818922611	0.00365188619496146	TRUE	0.872319427644366
DCP1A	TAC	0.309272646261465	0.361923561195627	0.0105115849440966	TRUE	1.17024109817216
DCPS	TAC	0.730659393798796	0.782590330026691	0.000306777137593805	TRUE	1.07107406907875
DCTN2	TAC	-0.406500945866136	-0.326742859952079	0.0342836669621943	TRUE	0.803793603126517
DCTN6	TAC	-0.582558576871042	-0.51039022861828	0.0190439426110838	TRUE	0.876118297596128
DCTPP1	TAC	-0.287714820422	-0.210974967211086	0.143577659360844	TRUE	0.733278066460542
DDAH1	TAC	-0.801093198936569	-0.753299346955135	8.0798670614523e-06	TRUE	0.940339211411507
DDB2	TAC	0.426263037474534	0.484187406623418	0.00130755501019192	TRUE	1.13588879179407
DDC	TAC	-0.838572373589277	-0.761112428210093	7.84631790319394e-05	TRUE	0.907628789334381
DDRGK1	TAC	0.380487279278938	0.449414823210086	0.0130051031489091	TRUE	1.18115597468008
DDX11	TAC	0.560089043813628	0.610628154167542	0.000359174991732817	TRUE	1.09023406351568
DDX31	TAC	0.340523971049567	0.401475253147311	0.0134640999769207	TRUE	1.17899263276497
DEAF1	TAC	0.59717723313279	0.640778399196791	0.000430937285698933	TRUE	1.07301210368532
DECR1	TAC	-0.541056853226525	-0.468607583534114	0.00297393878468958	TRUE	0.866096752567925
DEDD	TAC	-0.222680782194842	-0.177702248750329	0.152057057446515	TRUE	0.798013402857738
DEF8	TAC	0.322364621339283	0.315247128109121	0.137350157816691	TRUE	0.977920985247724
DENND4B	TAC	0.430523530838345	0.48139559011305	0.00241545853037129	TRUE	1.11816324923203
DENND4C	TAC	0.331974321497339	0.375584129797309	0.0100867891640983	TRUE	1.13136500468853
DEPDC5	TAC	0.469428234253366	0.524906164492263	0.00462707247131096	TRUE	1.11818192045294
DERA	TAC	-0.515581111524305	-0.462789957196832	0.00237017384174482	TRUE	0.897608439976792
DGKH	TAC	0.198287082997612	0.241706650608769	0.131614169953955	TRUE	1.21897325309728
DGKZ	TAC	0.482182383631941	0.527294688142256	0.00462707247131096	TRUE	1.09355859119223
DGUOK	TAC	-0.543300060324519	-0.491916651631743	0.000405817273380592	TRUE	0.905423517416721
DHRS1	TAC	-0.428234086261454	-0.382631597476574	0.0120778545053659	TRUE	0.89351037143494
DHRS11	TAC	-1.17410445644126	-1.09689509159238	1.62836714051354e-07	TRUE	0.934239782137522
DHRS9	TAC	-0.634652492541107	-0.596593494963478	0.0818663603867291	TRUE	0.940031752770333
DHRSX	TAC	0.282001312594261	0.339085539752984	0.0347476653372882	TRUE	1.20242539523515
DHX30	TAC	0.236412710906173	0.288387551439357	0.0394806150371162	TRUE	1.21984791060499
DHX34	TAC	0.325403688769103	0.377496767436005	0.0328589879208047	TRUE	1.16008754806669
DHX37	TAC	0.39521244418333	0.444938880797175	0.0361750649062903	TRUE	1.12582204165307
DLAT	TAC	-0.352657995557979	-0.302603983309539	0.071528275611555	TRUE	0.858066418799765
DLD	TAC	-0.875815048768959	-0.810827890802825	0.000199684199364948	TRUE	0.925798080248244
DLEU1	TAC	0.643498151738915	0.724717490456975	0.000542127468163145	TRUE	1.12621534109862
DLG2	TAC	0.502386994524416	0.515720105554173	0.00833037181470945	TRUE	1.02653952266893
DLG5	TAC	0.555865808342897	0.610744833346299	0.00152743260430051	TRUE	1.09872711035601
DLGAP4	TAC	0.632540522411636	0.697439123578	0.000201285189675895	TRUE	1.10259991078347
DMPK	TAC	1.04519823019103	1.05934472502379	1.16446898018622e-05	TRUE	1.01353474816942
DMTF1	TAC	-0.402631352834693	-0.338091603580709	0.116617341430226	TRUE	0.839705107911747
DMWD	TAC	0.64277624975107	0.681307010317646	0.00115985457400335	TRUE	1.05994428167111
DNAJA1	TAC	-0.337988419996578	-0.271489645533775	0.0977110013661807	TRUE	0.803251323038003
DNAJA2	TAC	-0.486554961421285	-0.420250036357699	0.0163350402039441	TRUE	0.863725724078732
DNAJB11	TAC	-0.35925878972004	-0.294929165981557	0.154020273157724	TRUE	0.8209379267001
DNAJC15	TAC	-0.30656733334718	-0.208387960452404	0.166257297675587	TRUE	0.679746136606178
DNAJC25	TAC	-0.496120216955845	-0.396991804847172	0.0575834678899475	TRUE	0.800192758285648
DNASE1	TAC	0.47811435789161	0.541589392480639	0.00139227714355789	TRUE	1.13276119727703
DNMT3A	TAC	0.207155651871747	0.25212874329264	0.138032105727751	TRUE	1.21709806618618
DNPH1	TAC	-0.504093395815928	-0.42427267150682	0.0119494251129419	TRUE	0.841654889804874
DOCK10	TAC	-1.2556368541364	-1.20665749739371	0.00125628358548513	TRUE	0.960992418642909
DOCK9	TAC	0.336018178573319	0.391895845222711	0.00241045014775343	TRUE	1.16629358234915
DPM1	TAC	-0.692943651529298	-0.634930857435472	0.00109896455315003	TRUE	0.916280647112079
DPP10	TAC	-1.59137050265771	-1.53173591896391	3.08657055943418e-06	TRUE	0.962526273049418
DPY19L3	TAC	0.537830958089285	0.666135622139025	0.00191910100172236	TRUE	1.23855946207626
DPY30	TAC	-0.194293653018729	-0.130556387895071	0.285692065264013	TRUE	0.671953951488504
DR1	TAC	-0.381786046176627	-0.316396562789468	0.0937871386736071	TRUE	0.828727414105365
DRAM2	TAC	-0.517888307399691	-0.515281361015462	0.00320119392276609	TRUE	0.994966199570486
DSC2	TAC	-0.554296957751595	-0.487720099013155	0.00784667881692084	TRUE	0.879889546916337
VPS26C	TAC	-0.31194812891466	-0.255829533790231	0.0571252345812027	TRUE	0.820102799399123
DSTN	TAC	-0.471937313810262	-0.39307143139865	0.00784717799400239	TRUE	0.832889072120881
DTWD2	TAC	-0.808077792856795	-0.711787462820653	3.35537771293198e-05	TRUE	0.880840271954849
DUSP22	TAC	0.330925980495104	0.376950287406495	0.0355606371816933	TRUE	1.13907734546116
DUT	TAC	-0.976303420385761	-0.893605460939896	1.58803730671968e-06	TRUE	0.915294817452151
DYM	TAC	0.144496180461092	0.197884472312157	0.173815476744894	TRUE	1.36947891411871
DYNC1I2	TAC	-0.222177667743916	-0.170477282091524	0.209840013861007	TRUE	0.767301609665008
DYNLL1	TAC	-0.487388607033293	-0.402704372789475	0.00859135900060278	TRUE	0.826249048455839
DYNLL2	TAC	-0.26978749309318	-0.168152739813282	0.218500843331424	TRUE	0.623278484429985
DYNLT1	TAC	-0.36847403223847	-0.294254566307285	0.0322202185123013	TRUE	0.798576129014292
E2F4	TAC	-0.464038506230841	-0.414507655102714	0.0110994434436158	TRUE	0.893261333999107
EAPP	TAC	-0.452530313870285	-0.392960564801265	0.00172420268045922	TRUE	0.868362964329291
EBAG9	TAC	-0.60092266071998	-0.541176711998554	0.00905374058180183	TRUE	0.900576309354281
ECH1	TAC	-0.604598674953235	-0.52062763217672	0.00194494168400705	TRUE	0.861112757511403
ECHDC2	TAC	0.289685274523078	0.346359337720157	0.0107431453540689	TRUE	1.19564012458136
ECHS1	TAC	-0.314050484552475	-0.228343206665278	0.103758258669435	TRUE	0.72709076373714
ECI2	TAC	-0.862935764889123	-0.796544052603764	0.000232281930622637	TRUE	0.92306297295038
EDA	TAC	-1.96086710915845	-1.90640977025987	1.79398641253873e-07	TRUE	0.972227929856016
EDEM1	TAC	-0.321430564122504	-0.274644176876371	0.163059744815638	TRUE	0.854443253167731
EEF1D	TAC	0.785238209896699	0.887526662223848	0.0020656543938236	TRUE	1.13026423197186
EFNA1	TAC	-0.369788102877582	-0.301575824370821	0.104964045578613	TRUE	0.815536849411993
EFNA5	TAC	-0.533443718148392	-0.529418849854455	0.00494126583203607	TRUE	0.9924549335628
EGLN1	TAC	-0.332679741570161	-0.259037446183726	0.141307399834523	TRUE	0.778639074808516
EHBP1L1	TAC	0.607230955440629	0.655402934658472	0.00136483128949406	TRUE	1.07933057230735
EID1	TAC	-0.844819879378546	-0.789010983467822	8.82706078658265e-06	TRUE	0.933939887929984
EIF1	TAC	-0.400980272626593	-0.323406797433816	0.0190001174702439	TRUE	0.806540419845004
EIF1AD	TAC	-0.240535160554221	-0.190040252749575	0.263063834477948	TRUE	0.790072654291791
EIF1B	TAC	-0.633768443642854	-0.604050738746482	0.00144263809393957	TRUE	0.95310952257964
EIF2B1	TAC	-0.288663558449938	-0.233253595355413	0.0686967754348635	TRUE	0.808046559835731
EIF3B	TAC	0.371156803465596	0.427658386456658	0.00172947040161108	TRUE	1.15223103136866
EIF3H	TAC	-0.605512302520031	-0.523573575153816	0.00172947040161108	TRUE	0.864678674528658
EIF3J	TAC	0.356371282658048	0.407989801523514	0.00283522397281617	TRUE	1.14484477671843
EIF3K	TAC	-0.333088732263373	-0.260794891134479	0.0696991947459289	TRUE	0.782959211385958
EIF4A1	TAC	0.427647491763981	0.49961874984513	0.049517169204522	TRUE	1.1682957563583
EIF4A2	TAC	-1.07167917435101	-1.00871036713752	0.000521023919456623	TRUE	0.941242856331861
EIF4A3	TAC	-0.224304853035599	-0.141530232073222	0.286035931566774	TRUE	0.630972670264785
EIF4EBP2	TAC	-0.50599734239193	-0.434347510641869	0.00338874620571772	TRUE	0.85839879827953
EIF4G2	TAC	-0.763818904198258	-0.679639494367212	0.0024240566127893	TRUE	0.889791402951195
EIF4H	TAC	-0.428542644488149	-0.343178878610543	0.0126988645939083	TRUE	0.800804501079317
ELK3	TAC	0.427567696092153	0.497777140965376	0.00666892998738937	TRUE	1.16420661690515
ELMOD3	TAC	0.454543650602649	0.516586080252656	0.00139227714355789	TRUE	1.13649388692978
ELP6	TAC	0.330304439117823	0.388404702158857	0.0165532835995945	TRUE	1.17589912868325
EMC4	TAC	-0.731339222686915	-0.67277929552873	0.000394768779658821	TRUE	0.919927818252331
EML2	TAC	0.519905419311804	0.566922372454318	0.00175240929485792	TRUE	1.09043366619404
ENDOD1	TAC	-0.316400076162836	-0.271701438406021	0.0721946567338132	TRUE	0.858727474724718
ENGASE	TAC	0.501711675022575	0.547594134873362	0.020008879810382	TRUE	1.09145184801355
ENY2	TAC	-0.399175394046341	-0.334157119020738	0.0146687680725932	TRUE	0.837118529860948
EP400	TAC	0.369212146624298	0.431160259099775	0.00451758463409541	TRUE	1.16778460037642
EPB41L2	TAC	1.49000843789559	1.5335676097369	1.6767530785635e-08	TRUE	1.029234177964
EPB41L3	TAC	-0.878624630277604	-0.831452724045318	0.00074873642518314	TRUE	0.946311650497003
EPB41L4B	TAC	-0.206381357154895	-0.138367520445457	0.250166069095483	TRUE	0.670445830732705
EPCAM	TAC	-0.924676338973719	-0.830500835012251	4.3471035259561e-06	TRUE	0.89815300771512
EPHA4	TAC	0.311447387014469	0.358014551378685	0.0373501471102455	TRUE	1.14951855852961
EPHB2	TAC	0.724871955729087	0.785781583921123	6.99250250273011e-05	TRUE	1.0840281207055
EPHB3	TAC	1.15857726176267	1.28673694684348	1.409132261617e-05	TRUE	1.11061816014395
EPHB4	TAC	0.511321908962733	0.585207461483206	0.00143472443804194	TRUE	1.14449909386898
EPM2AIP1	TAC	-0.958216653707816	-0.913463813683052	0.00102712893717544	TRUE	0.953295697949318
ERAP2	TAC	0.416786047913619	0.517674842457896	0.00931479806776468	TRUE	1.24206375201213
ERBB3	TAC	-0.162883640373063	-0.0972250875869447	0.355171123645981	TRUE	0.596899033962304
ERC1	TAC	0.30240750875663	0.355656607233135	0.0166275643254866	TRUE	1.17608391635328
ERCC2	TAC	0.386094687970239	0.441036508450196	0.0387375450149631	TRUE	1.14230141514973
ERCC3	TAC	0.319794475237698	0.365596461815603	0.00236475056470922	TRUE	1.1432231952846
ERH	TAC	-0.72673235682757	-0.650661676803643	0.00215624696088689	TRUE	0.89532504049221
ERICH1	TAC	0.389029837322097	0.434898767181962	0.00433939115466049	TRUE	1.11790594309065
ERMP1	TAC	-0.570379186945193	-0.515374595727726	0.00758876099426705	TRUE	0.903564869692988
ERN1	TAC	0.339660754207662	0.40379666516543	0.0283197827411242	TRUE	1.18882343680647
ESYT2	TAC	0.293133307862892	0.346428756535883	0.00666892998738937	TRUE	1.1818130087691
ETFA	TAC	-0.165646154358355	-0.0927038071965576	0.343634953601428	TRUE	0.559649619127314
ETFB	TAC	-0.29106137549756	-0.236383227192766	0.193288531863293	TRUE	0.812142204676512
ETFDH	TAC	-0.70810372523588	-0.665385170404525	0.000463265307385787	TRUE	0.939671896490695
ETHE1	TAC	-0.487862799877562	-0.395746367660538	0.0207564090951911	TRUE	0.811183733951138
ETNK1	TAC	-0.570839400137137	-0.529469856243033	0.00893596315732468	TRUE	0.927528576541554
EVA1C	TAC	0.293281171148701	0.366526588263923	0.020008879810382	TRUE	1.24974469662795
EVPL	TAC	0.840729111092642	0.893018689319574	1.47934724188225e-05	TRUE	1.06219551284358
EWSR1	TAC	-0.247754289286901	-0.180175328955128	0.105372790459625	TRUE	0.727233944056905
EXOC4	TAC	0.256276753819748	0.292636860097736	0.0535136541828106	TRUE	1.14187828484655
EXTL3	TAC	0.989675752473402	1.0516607031536	9.01751813387284e-06	TRUE	1.06263157455893
EZR	TAC	-0.106266688594326	-0.0319352004924262	0.777825194223014	TRUE	0.300519390552754
F2RL1	TAC	-0.789485824946273	-0.763489115723375	0.0102582315237591	TRUE	0.967071341369977
FABP1	TAC	-0.682351557335879	-0.572135236042378	0.0421198021072603	TRUE	0.838475753284977
VCF2	TAC	-0.950999510386352	-0.919897154054327	0.000134314674935514	TRUE	0.967295086913989
FAM107B	TAC	-0.508259704465828	-0.451157080541734	0.00627430133080911	TRUE	0.887650696243748
PHETA1	TAC	0.289201849845612	0.380176517389079	0.0277752771235071	TRUE	1.31457152709097
FAM118A	TAC	0.594762366035777	0.629287642396189	0.0136759300043518	TRUE	1.05804885838781
FAM120A	TAC	-0.686183203003067	-0.629693312385569	0.000296135984032433	TRUE	0.917675206314769
FAM120AOS	TAC	-0.271470971449297	-0.201468839149642	0.127375362356329	TRUE	0.742137688144203
PABIR2	TAC	-0.661503822053243	-0.604702485250021	0.00401589120225259	TRUE	0.914133017966674
RTL8A	TAC	-0.588562660913387	-0.55419187096909	0.00730743015563894	TRUE	0.941602156869828
FAM162A	TAC	-0.936077402321702	-0.84544487010229	1.16830056045795e-05	TRUE	0.90317837820396
FAM168A	TAC	0.247641864781748	0.301895252772696	0.035842914405296	TRUE	1.21908003333266
FAM174B	TAC	0.291587213217951	0.352267510819699	0.0276664273531728	TRUE	1.20810342446804
FAM182B	TAC	0.658086180673299	0.735180236868346	0.00894116966190532	TRUE	1.1171488757235
FAM193A	TAC	0.475383045260806	0.53104471752927	0.000479078681438097	TRUE	1.11708804683584
FAM193B	TAC	0.203891275413927	0.265621129723074	0.0886213307281554	TRUE	1.30275868442054
PRXL2B	TAC	-0.516242086574097	-0.444213985026191	0.00311272903457227	TRUE	0.860476114944635
SHLD2	TAC	0.443012605252909	0.492988705429057	0.00128509159406062	TRUE	1.11280965729546
TENT5C	TAC	-1.38855911613729	-1.32228071289205	3.64800740036801e-06	TRUE	0.952268216401461
TLCD3A	TAC	0.305769457362008	0.372949153868599	0.0284153625490054	TRUE	1.21970702072789
FAM83H	TAC	0.572942525542186	0.648014635426958	0.00028328854069468	TRUE	1.13102904137501
FAM89B	TAC	0.423276531893017	0.472129459991485	0.0156726390024718	TRUE	1.11541610369936
CIAO2A	TAC	-0.66741375841732	-0.598185584013776	4.34647112869557e-05	TRUE	0.89627397767809
FAM98B	TAC	-0.361517738916956	-0.329824030854158	0.114749300108603	TRUE	0.912331527194912
FBXL18	TAC	0.437628583353495	0.494691694069506	0.0572348047591638	TRUE	1.13039164461961
FBXL20	TAC	0.301119813028622	0.36178473860354	0.0214157712399155	TRUE	1.2014644103447
FBXO16	TAC	0.741849165375178	0.789357552292947	0.00157386921392782	TRUE	1.06404049385665
FBXO28	TAC	0.323626648652	0.381370178627894	0.00691058141435588	TRUE	1.17842637562887
FBXO3	TAC	-0.90497949348606	-0.84114464422167	0.000115369048059839	TRUE	0.929462656641541
FBXO34	TAC	0.485845268608758	0.53669130033393	0.00117872486355816	TRUE	1.10465478416775
FBXO38	TAC	-0.200562317383217	-0.182410876864091	0.257091510926122	TRUE	0.909497253741621
FBXO42	TAC	0.435678380323812	0.495303569067474	0.00270493218515595	TRUE	1.13685597320516
FBXO7	TAC	-0.231933581286046	-0.155626575412387	0.216528682868934	TRUE	0.670996302257979
FBXW8	TAC	0.299943903784429	0.347993401371929	0.0265233090036895	TRUE	1.16019494639249
FCGRT	TAC	-0.974087056232301	-0.897495743131761	6.99250250273011e-05	TRUE	0.921371182780326
FDPS	TAC	0.625349497300368	0.715145153272562	0.000698939458335546	TRUE	1.14359275310821
FERMT1	TAC	0.493329492212657	0.545001762860666	0.000468715517523206	TRUE	1.10474190467764
FGD5-AS1	TAC	-0.602625272545391	-0.537625856018424	0.00632642016202728	TRUE	0.89213957746508
FGGY	TAC	0.258910895539032	0.319370696087801	0.0380530215645425	TRUE	1.23351586043877
FH	TAC	-0.823513181382812	-0.751185385203611	6.87988588551877e-05	TRUE	0.91217165940471
FKBP1A	TAC	-1.19554820748494	-1.11966716442063	6.60686169714318e-07	TRUE	0.936530335967013
FKBP4	TAC	-0.310997493498273	-0.23201314340808	0.136785557894346	TRUE	0.746028981771739
FMNL2	TAC	0.422976852834927	0.466199996126722	0.00630418577770585	TRUE	1.10218796371976
FMR1	TAC	-0.692825757302424	-0.643994897113128	0.0199854459787841	TRUE	0.929519277142029
FNBP4	TAC	0.267871251406052	0.332179330944814	0.0109208026388056	TRUE	1.24007085195298
FOCAD	TAC	0.239404268542317	0.318653594620055	0.018362058217972	TRUE	1.33102720582332
FOXA1	TAC	-1.55810353328075	-1.48708288868129	1.05785568769483e-07	TRUE	0.954418533118968
FOXD2	TAC	-0.796686696691095	-0.746436173650163	0.000475128026463936	TRUE	0.936925615490205
FOXK2	TAC	0.589933699441221	0.653760753377611	4.20732496103304e-05	TRUE	1.10819360547947
FPGS	TAC	0.45869534158086	0.516609094597213	0.00179294514674992	TRUE	1.12625755652272
FTX	TAC	0.671978515011232	0.722179342968148	3.06212378264884e-05	TRUE	1.0747060015097
FUCA1	TAC	-0.424690495757376	-0.34780592832025	0.0509115062744337	TRUE	0.818963296317679
FCSK	TAC	0.315942681200228	0.359339143508991	0.0710991614780952	TRUE	1.13735549164774
FUT8	TAC	1.02293371484886	1.06712748240714	1.28670057454119e-06	TRUE	1.04320296312142
FXR2	TAC	0.401640897528587	0.46248442583469	0.0184607412776513	TRUE	1.15148738258601
FZD5	TAC	-1.08085243677788	-1.00964983472976	1.0009506472959e-06	TRUE	0.934123660524482
FZR1	TAC	0.49028421516324	0.542758113074305	0.00494885684055899	TRUE	1.10702750830678
GABARAPL2	TAC	-0.601529238721207	-0.535485971662575	0.0045300582937572	TRUE	0.890207719247309
GABPB1-AS1	TAC	0.560495711412849	0.602693222234175	0.0103873236149922	TRUE	1.07528605475849
GABPB2	TAC	0.224729035497868	0.276239141690038	0.0935671820721835	TRUE	1.22920983965447
GABRB1	TAC	1.28036896604042	1.34796053762893	1.53559629863473e-06	TRUE	1.05279069813566
GALNT11	TAC	0.484127294116383	0.547432203985572	0.000465835406906098	TRUE	1.13076087764217
GALNT12	TAC	-0.629469734438244	-0.577411840524888	0.00166684356532731	TRUE	0.91729881348495
GALNT6	TAC	2.1721298802352	2.23941556575851	6.3739850148296e-12	TRUE	1.03097682423853
GARNL3	TAC	0.379483684764614	0.442350769588537	0.029855233870001	TRUE	1.16566478968106
GCA	TAC	-1.0860224498303	-1.04309220055666	1.9080749667611e-05	TRUE	0.960470200887335
GCN1	TAC	0.312844503430141	0.383959502088177	0.00626392783675637	TRUE	1.22731739851046
GCNT2	TAC	-1.30599607740834	-1.23187960583366	0.00131486255390698	TRUE	0.943249085616126
GDF15	TAC	1.45742742699501	1.53007364708892	1.77253868563323e-07	TRUE	1.04984551460219
GFM1	TAC	-0.473926785643775	-0.434830618266086	0.0125266929998695	TRUE	0.917505892129348
GGA3	TAC	0.538987949119154	0.609571530970424	0.000386949907270946	TRUE	1.13095576991401
GGCT	TAC	-0.881072294463229	-0.811953234625081	8.44878409302314e-05	TRUE	0.921551204966379
GGH	TAC	-0.602177005712017	-0.536499070809761	0.00242963060497049	TRUE	0.890932509412913
GHITM	TAC	-0.878949924075243	-0.784897234703211	3.00939141693798e-05	TRUE	0.892994257356599
GID8	TAC	-0.351997696078358	-0.266530393222263	0.0726368843782723	TRUE	0.75719357311626
GLG1	TAC	0.482783335941376	0.551112890656473	5.65966104732749e-05	TRUE	1.1415325460268
GLO1	TAC	-0.376779542672842	-0.335936558986433	0.053358740390343	TRUE	0.891599784328331
GLOD4	TAC	-0.506538608057566	-0.459976251181707	0.00498622808900854	TRUE	0.908077378238921
GLRX2	TAC	-0.516258344030096	-0.455196236299768	0.00621898692808477	TRUE	0.881721799877063
GLRX5	TAC	-0.906500190414557	-0.844819593114893	1.83891247492021e-05	TRUE	0.93195743591465
GLT8D2	TAC	-0.213553843735421	-0.129336215472549	0.431351531245308	TRUE	0.605637497364778
GLTP	TAC	-0.687626617407313	-0.625747820658999	2.1673912622748e-05	TRUE	0.91001105079145
GMDS	TAC	0.71422072019056	0.80206311058866	2.73357654741302e-05	TRUE	1.12299053767953
GMEB1	TAC	0.297610165136348	0.344769723313076	0.0170766268476958	TRUE	1.1584608447602
GMNN	TAC	-0.861827469906163	-0.807498236372673	2.32594105882464e-05	TRUE	0.936960429516821
GNA11	TAC	-0.479168048359807	-0.412543842979968	0.010645848408759	TRUE	0.860958581007449
GNAI2	TAC	0.959529254433882	1.00174177670919	1.88341700273212e-05	TRUE	1.0439929497514
GNAI3	TAC	-0.42203444140572	-0.376283736996621	0.053411042222706	TRUE	0.89159485596315
GNAS	TAC	-0.381936544278195	-0.303390408152723	0.010523054242148	TRUE	0.794347680780553
GNG10	TAC	-1.01476489451503	-1.00653422172033	3.43017263073075e-05	TRUE	0.991889084024104
GNG12	TAC	-0.378516506283931	-0.309676835776262	0.0347476653372882	TRUE	0.818132976066225
GNG5	TAC	-0.598962550476109	-0.508285425165397	0.00343338497669854	TRUE	0.848609691476315
GNL1	TAC	0.638401629012621	0.712705241307456	5.43293913907283e-05	TRUE	1.11639007314213
GOLGA8A	TAC	0.29751144707189	0.327696706601137	0.165999519971963	TRUE	1.10145915334126
GOLM1	TAC	-0.458776567859941	-0.354571383109142	0.0136995539526521	TRUE	0.772862887839095
GON4L	TAC	0.363906484821418	0.431250154388348	0.00276415151377373	TRUE	1.18505762435088
GOT1	TAC	-0.267186126444669	-0.183307419887285	0.0916859167559392	TRUE	0.686066384982177
GPAT3	TAC	-0.495806078538349	-0.439659616223292	0.0277752771235071	TRUE	0.886757212657461
GPBP1	TAC	0.242397001351851	0.27845339168422	0.105907352134998	TRUE	1.14874932499693
GPCPD1	TAC	0.752791963091408	0.804653424720044	2.90193606505826e-05	TRUE	1.06889215636105
GPD1L	TAC	-0.394701487304256	-0.331036002151787	0.0312221822125578	TRUE	0.838699657335234
GPR35	TAC	0.552584786358375	0.611019374263181	0.0102967672926712	TRUE	1.10574773201756
GPX2	TAC	0.660097214402753	0.755842593984664	0.000380543229102597	TRUE	1.14504739225197
GRAMD1A	TAC	1.30223056756703	1.36367622455078	2.41569047091735e-08	TRUE	1.0471849290856
GRAMD2B	TAC	-0.46107801556532	-0.437439962698869	0.0218388580923945	TRUE	0.94873307321437
GRB7	TAC	0.29535022474757	0.346248088223972	0.0344426210982782	TRUE	1.17233053917566
GRIN2D	TAC	2.62937733253733	2.69370673256455	1.6767530785635e-08	TRUE	1.02446564029863
GRINA	TAC	1.0929947923488	1.15838890877455	6.42909303064863e-07	TRUE	1.05983021774992
GRK6	TAC	0.463077369224287	0.52717457443316	0.00215624696088689	TRUE	1.13841575829163
GRSF1	TAC	-0.525990488643021	-0.455426054839269	0.00484065366992214	TRUE	0.865844658169014
GSKIP	TAC	-0.415222434196495	-0.360461607953896	0.0846173125450019	TRUE	0.868116889328084
GSR	TAC	-0.432885636228786	-0.361645948107905	0.00474295806909334	TRUE	0.835430695410669
GSTM4	TAC	-0.334579631292636	-0.266689559628522	0.0595532785926281	TRUE	0.797088449760604
GSTO2	TAC	0.217877590008505	0.258465671675212	0.033642285081499	TRUE	1.18628846438554
GTF2A2	TAC	-0.443883848331803	-0.370815891853349	0.0104504707833851	TRUE	0.835389467868551
GTF2I	TAC	0.591035799040173	0.648015616508606	0.000817103492706456	TRUE	1.09640671099951
GTF2IRD1	TAC	1.49988415181152	1.55263695352571	2.60086500580819e-08	TRUE	1.03517125082659
GTF2IRD2	TAC	0.461224186308549	0.531319774120636	0.00267600246664652	TRUE	1.15197725941717
GTF2IRD2B	TAC	0.359782009984332	0.412219631251029	0.0230721114235363	TRUE	1.14574831373303
GTF3C2	TAC	0.19555023200183	0.248013524325644	0.0505689476546758	TRUE	1.2682855028437
GTF3C5	TAC	0.335878476393082	0.374314888122104	0.0440312719932551	TRUE	1.11443547125074
GTF3C6	TAC	-0.438413861162612	-0.423463028313586	0.0214157712399155	TRUE	0.96589790110792
GUCA2A	TAC	-1.77629188253735	-1.45173328844769	0.021023916698578	TRUE	0.817283073080283
GUSBP11	TAC	0.368928002498647	0.41557572022675	0.0778552251795892	TRUE	1.12644124981615
GXYLT2	TAC	-1.34142864494516	-1.27909522423765	2.66351394824997e-05	TRUE	0.953532063787069
H1-0	TAC	-0.46152697507453	-0.380257405207018	0.0166275643254866	TRUE	0.82391154958085
H2AZ2	TAC	-0.413868300763715	-0.332006638498671	0.0173685112733027	TRUE	0.802203594443004
MACROH2A1	TAC	-0.379675059921157	-0.284324118870879	0.0546689940563907	TRUE	0.748861721204237
H2AZ1	TAC	-0.503930589233256	-0.407951662968199	0.00979241028207743	TRUE	0.809539392297873
H3-3B	TAC	-0.238644917368319	-0.146046373404621	0.283637623032464	TRUE	0.61198191444914
HADH	TAC	-0.708033240866402	-0.6309928686221	9.79418923417928e-05	TRUE	0.891191023531566
HADHA	TAC	-0.412104933478281	-0.347271889365672	0.00363805454564366	TRUE	0.842678311163616
HADHB	TAC	-0.407162083986158	-0.342988894813358	0.0165501974705819	TRUE	0.842389083618646
HCFC1	TAC	-0.296665711342095	-0.233551057105914	0.0991606615618338	TRUE	0.787253289398849
HDAC4	TAC	0.549568704216242	0.623882389530575	0.00019800861601982	TRUE	1.13522182894369
HDAC7	TAC	1.35621969164249	1.42203668534826	6.24046907827621e-09	TRUE	1.04852974345628
HDDC2	TAC	-0.719936371834545	-0.671390530860979	0.000490779216585896	TRUE	0.932569261850375
HEBP2	TAC	-0.42395113796253	-0.343953338615928	0.0223952845831377	TRUE	0.811304199509727
HECA	TAC	-0.22037927662871	-0.153551061285934	0.320627966981902	TRUE	0.696758169075189
HECTD4	TAC	0.410040897258216	0.469729389693589	0.00286408689679883	TRUE	1.14556716862754
HELB	TAC	0.175665272382043	0.217429826870622	0.147097804611035	TRUE	1.23775077408441
HELZ2	TAC	1.01335926177979	1.06613340642629	2.17478103352714e-05	TRUE	1.05207841546127
HEPACAM2	TAC	-1.24127230971158	-1.16288706490933	0.0263846222032811	TRUE	0.936850887441081
HERPUD1	TAC	-0.430690277537934	-0.356479441893765	0.0418551513717857	TRUE	0.827693264708924
HIGD1A	TAC	-0.864329653613682	-0.845581688440946	0.00571026597805174	TRUE	0.978309242203651
HIGD2A	TAC	-0.463145170647043	-0.346445528153303	0.0402583699038876	TRUE	0.748027940503616
HINT1	TAC	-0.684381385853991	-0.587862918150936	0.000474205417555621	TRUE	0.858969764961365
HINT3	TAC	-0.613344074487442	-0.552523459689282	0.0131425215519026	TRUE	0.900837690738292
HIP1R	TAC	0.796311351218834	0.856055771214939	4.18510131459005e-05	TRUE	1.07502645781033
HIPK1	TAC	-0.388850768343958	-0.292175315648519	0.0940881369798109	TRUE	0.751381608149673
HLA-C	TAC	-0.312780458537569	-0.203921330914485	0.194254023928409	TRUE	0.651963143311243
HM13	TAC	0.522651829205356	0.589620663230545	0.000136206804351381	TRUE	1.12813278416534
HMGB2	TAC	-0.724963231832412	-0.635560873592881	0.000122196472730033	TRUE	0.876680148297234
HMGB3	TAC	-0.371794255081081	-0.310065939971971	0.0479332959685645	TRUE	0.833971842583612
HMGCS2	TAC	-0.741556389476012	-0.686899538675691	0.000853113507629213	TRUE	0.926294410545175
HMGN1	TAC	-1.08763125113776	-0.996488440454788	1.05590957242965e-05	TRUE	0.916200632716623
HMGN2	TAC	-0.792201093704284	-0.72111126580159	0.000131439571122668	TRUE	0.910262901089567
HMGXB4	TAC	0.210328072739262	0.288503208537694	0.0706481764483738	TRUE	1.37168189096347
HNRNPA2B1	TAC	-0.474380153702827	-0.411012733257379	0.00784667881692084	TRUE	0.866420591268783
HNRNPA3	TAC	-0.344556016530478	-0.277516903993159	0.0391897582441383	TRUE	0.805433342269358
HNRNPAB	TAC	-0.535959435273611	-0.447039753779473	0.00363015401569941	TRUE	0.834092515884632
HNRNPD	TAC	-0.593423188176651	-0.536918415843376	0.000215030753028771	TRUE	0.904781657577468
HNRNPF	TAC	-0.575529068908801	-0.47794175148291	0.00266641421209737	TRUE	0.830438942708983
HNRNPH2	TAC	-0.614613427908823	-0.571228598140671	0.0220124849596255	TRUE	0.929411191168136
HNRNPH3	TAC	-0.605622906526337	-0.535812614862329	0.00136486535428782	TRUE	0.884729770106587
HNRNPK	TAC	-0.813162357791019	-0.729364908357912	0.00108170038100819	TRUE	0.896948686040086
HNRNPL	TAC	-0.258166702987165	-0.176925264325684	0.13466765482715	TRUE	0.685314032671674
HNRNPM	TAC	-0.164428214851147	-0.0909827000518133	0.341869360189166	TRUE	0.553327785831512
HNRNPR	TAC	-0.40100771545121	-0.34941590765762	0.0211428363394364	TRUE	0.871344600600665
HOOK2	TAC	0.383350478755839	0.428585830442501	0.00307757105228571	TRUE	1.1179999874618
HOXA3	TAC	-0.813269852730688	-0.760755564578257	0.000257423612450108	TRUE	0.935428212448665
HOXB-AS4	TAC	0.645437938173191	0.698675270222075	0.00204015834383978	TRUE	1.08248249583773
HOXB5	TAC	0.441595186555534	0.512395495311625	0.00521164210474312	TRUE	1.16032853371509
HPGD	TAC	-0.973120660880499	-0.934080011649305	9.98043507853523e-06	TRUE	0.959880977970534
HPRT1	TAC	-0.488427635276595	-0.416550383397746	0.00873316438785083	TRUE	0.852839506433445
HS3ST4	TAC	-0.984936252561589	-0.907814809801207	7.85663697899455e-06	TRUE	0.921699051527643
HSBP1	TAC	-0.521306323423721	-0.450917752639604	0.00215624696088689	TRUE	0.864976564408744
HSD17B11	TAC	-0.981880593139805	-0.940903041317036	4.23096404439225e-06	TRUE	0.95826625751739
HSD17B2	TAC	-1.13477892838244	-1.11000246060873	4.19938155519144e-05	TRUE	0.978166260269721
HSF1	TAC	0.663328103886593	0.724989433866536	0.000730978156344297	TRUE	1.09295751170296
HSH2D	TAC	0.458209365348142	0.514006240119724	0.0028520893974425	TRUE	1.12177157210479
HSPA1A	TAC	-1.13278557399371	-1.05320536842834	1.12641526969617e-05	TRUE	0.929748217674763
HSPA1B	TAC	-0.917962927420185	-0.86916535589195	9.79418923417928e-05	TRUE	0.946841457241226
HSPA5	TAC	-0.611867485328187	-0.526314508593892	0.00651590575871958	TRUE	0.86017727892763
HSPA9	TAC	-0.624981007483901	-0.552834235928713	0.000726129629484625	TRUE	0.884561657568376
IFT25	TAC	-0.45014829790833	-0.404928647144977	0.00439622179760712	TRUE	0.899544992231512
HSPE1	TAC	-0.593413823083569	-0.508457893016175	0.00259579400943428	TRUE	0.856835269482036
HSPG2	TAC	0.616669348270411	0.672710882924486	0.00188992366204817	TRUE	1.09087776911769
HTATSF1	TAC	-0.393015066642208	-0.327759725736749	0.0850866600198365	TRUE	0.833962241033202
HUNK	TAC	0.270812231982014	0.342565881552383	0.00866508300374011	TRUE	1.26495719578551
ICA1	TAC	0.434852711690694	0.511533902217245	0.00179294514674992	TRUE	1.17633830597127
IDH1	TAC	-0.938895694662832	-0.88929698047632	4.36579463824523e-05	TRUE	0.94717335006598
IDNK	TAC	0.547999825476524	0.617262121231447	0.00481279568031768	TRUE	1.12639109089988
IER3IP1	TAC	-0.631017636774021	-0.568848750665001	0.00834342809934452	TRUE	0.901478370039151
IER5	TAC	-0.409285508051216	-0.338478170389227	0.0428408723074862	TRUE	0.826997691662398
IFITM2	TAC	1.69064069169821	1.7739334943841	1.08080618328675e-06	TRUE	1.04926700457105
IFITM3	TAC	0.835220444913809	0.977462815675744	0.000166348089431015	TRUE	1.17030518305453
IGHMBP2	TAC	0.471133208889533	0.517791239599108	0.00439897996947407	TRUE	1.09903362749476
IKBKB	TAC	0.451152275103685	0.518831551694833	0.00401589120225259	TRUE	1.15001426419848
IL15RA	TAC	0.327675602179552	0.385436452715063	0.0117973334858729	TRUE	1.17627449267297
IL18	TAC	0.336789700942645	0.411037498139593	0.00927149537247738	TRUE	1.22045744566753
IL1R2	TAC	-1.27119663437754	-1.20234376381158	1.78061483174443e-05	TRUE	0.945836176163515
IL1RAPL1	TAC	-0.638980909055041	-0.556434033478206	0.0016169657385713	TRUE	0.87081480149554
IMPA2	TAC	-0.751882976417952	-0.671670656080024	4.90355215496933e-06	TRUE	0.893318078938204
IMPACT	TAC	-0.757162622153533	-0.700619681822467	0.00815639958683564	TRUE	0.925322594279356
BPNT2	TAC	-0.389896904598495	-0.338319782146603	0.148669888196499	TRUE	0.867715999169051
INO80	TAC	0.206231761297738	0.27073713449728	0.0515043632634165	TRUE	1.31278098384863
INO80D	TAC	0.301406942562111	0.36932132752402	0.0136586562489069	TRUE	1.22532455418778
INPP4B	TAC	0.465222016423808	0.513170863827145	0.00792894812119925	TRUE	1.10306659124158
INPP5A	TAC	0.215703395594083	0.263405542619668	0.146297581199378	TRUE	1.2211469452959
INPP5B	TAC	0.404937668432061	0.466448969223683	0.015204827259108	TRUE	1.15190313370894
INPP5D	TAC	3.78499343612968	3.82570928481783	5.60248776899233e-10	TRUE	1.01075717814977
INTS1	TAC	0.498056530168829	0.551920155117918	0.00196975943720527	TRUE	1.1081476131451
INTS3	TAC	0.405586005619472	0.462954527941847	0.037734766494117	TRUE	1.14144601028517
INTS9	TAC	0.159842376521354	0.214201940856431	0.114234002760604	TRUE	1.34008230807188
IPO8	TAC	-0.593725156720671	-0.54584722240162	0.0117973334858729	TRUE	0.919360104962546
IQCK	TAC	0.787811795158868	0.852025770605799	0.000100876864025642	TRUE	1.08150928412284
IRF2BPL	TAC	-0.333489844131316	-0.274942729029038	0.251445004850283	TRUE	0.824441085290668
IRF3	TAC	0.449169949402075	0.505876408238253	0.00341157522100079	TRUE	1.12624722315387
IRF6	TAC	-0.612713283182154	-0.539574028076104	0.00372209576167691	TRUE	0.880630537784005
ISCA1	TAC	-0.512280176462609	-0.476317157162074	0.00856058661354536	TRUE	0.929798143764089
ISCA2	TAC	-0.609302504152963	-0.562304408124811	0.00144962931254745	TRUE	0.922865742865298
ISCU	TAC	-0.426236718331164	-0.374079497577201	0.010532094224882	TRUE	0.877633205890443
ISOC1	TAC	-1.15461044619865	-1.10041290430287	0.000112438537572419	TRUE	0.95305988952879
ITGA3	TAC	0.454372024818415	0.508171440990948	0.000484411773214006	TRUE	1.11840389203986
ITGA6	TAC	0.694734282978382	0.744949344402152	2.33503445169859e-05	TRUE	1.07227952132792
ITGB4	TAC	0.797735012738363	0.853103611596652	8.6212924153338e-06	TRUE	1.0694072567634
ITM2B	TAC	-1.18118423893513	-1.08656654674071	6.63341158551166e-06	TRUE	0.919895906941899
ITM2C	TAC	-0.980596154779296	-0.846033880507017	9.45911675626674e-05	TRUE	0.862775033721639
ITPA	TAC	0.295977466324266	0.367039064361391	0.00954881677861755	TRUE	1.24009124383567
ITPR2	TAC	0.29027564325341	0.3863928055927	0.115398306663678	TRUE	1.33112375968582
IWS1	TAC	-0.14272541747043	-0.078554594278725	0.449451437624738	TRUE	0.550389661988552
JAG1	TAC	0.691753901164227	0.758539601336586	2.66351394824997e-05	TRUE	1.09654546228067
JAGN1	TAC	-0.296104258026987	-0.242477863499759	0.0680070343838676	TRUE	0.818893538091774
JPH1	TAC	0.545940979895757	0.627750043560857	0.00215156131313178	TRUE	1.14984964799807
JTB	TAC	-0.234299524698159	-0.141336496423003	0.334461293086917	TRUE	0.603229974986432
KANSL1L	TAC	0.644169238410052	0.689247992891613	0.00136486535428782	TRUE	1.06997967582684
KAT7	TAC	-0.610572239282634	-0.52423226514351	0.00864951300441189	TRUE	0.858591713503769
KBTBD11	TAC	-0.245903791942856	-0.158662071711834	0.31260971261775	TRUE	0.645220110101856
KCNG3	TAC	-0.848902066767352	-0.844960963650315	0.0129146940040781	TRUE	0.99535741133009
KCNN4	TAC	0.607795826191876	0.672943877487045	0.000349888385061191	TRUE	1.10718739498978
KCNQ1	TAC	0.246626109998691	0.337103801531229	0.00937693505045887	TRUE	1.3668617711767
KCNQ1OT1	TAC	0.703267643283339	0.77366940850247	0.000123188035461404	TRUE	1.1001066462982
KCTD10	TAC	-0.436981301332568	-0.393280191100834	0.0165501974705819	TRUE	0.899993180260876
KCTD20	TAC	0.395167428500486	0.447578626381073	0.000207092407530754	TRUE	1.13263035893284
KCTD7	TAC	0.36861338498666	0.429773154172904	0.0084632995594633	TRUE	1.1659184708891
KDELR2	TAC	-0.215778437787662	-0.120645736776599	0.31418172195737	TRUE	0.559118594116993
KDM2B	TAC	0.236486237241	0.294220764689171	0.0872242737730343	TRUE	1.24413483051589
KEAP1	TAC	0.297088510645221	0.355273554604391	0.0213415593982596	TRUE	1.19585087229662
KIAA0319L	TAC	0.378275035041794	0.442466478117763	0.00558963061280792	TRUE	1.16969516127036
KIAA0930	TAC	0.45322005167313	0.531953421597042	0.0031542072502383	TRUE	1.17371996149168
MYORG	TAC	-0.522575441334688	-0.468386012679303	0.00702399687633038	TRUE	0.896303147126504
KIAA1191	TAC	-0.585633063525391	-0.523659001246797	0.0106831511746405	TRUE	0.894175950542268
KIAA1549	TAC	0.927578637680064	1.01597724838637	1.74451522819285e-05	TRUE	1.09530039515291
KIF13A	TAC	0.440466388015512	0.494965313065627	0.00226602276230045	TRUE	1.12373004282042
KIF2A	TAC	0.54869704594804	0.620734289010536	0.00117872486355816	TRUE	1.13128782739851
KIF9-AS1	TAC	0.262230102792298	0.326643284286007	0.103470021468641	TRUE	1.24563610664001
KLF4	TAC	-0.879901087263978	-0.794861310361031	0.000894752396089616	TRUE	0.903353026682379
KLHDC10	TAC	0.282563489895718	0.331670851382792	0.0202797572380373	TRUE	1.17379230949192
KLHDC4	TAC	0.430415150987944	0.495119822109405	0.00320119392276609	TRUE	1.15033083982509
KLHL18	TAC	0.696174908381481	0.753646537039193	0.000231266556869079	TRUE	1.08255343300339
KLHL22	TAC	0.746335766439554	0.805158281545583	1.81831603950229e-05	TRUE	1.07881508263586
KLHL29	TAC	1.28315282564548	1.40602422893388	3.17659810637545e-05	TRUE	1.09575741940684
KLHL42	TAC	0.670176442213178	0.719082446611747	0.000157918443837187	TRUE	1.07297481874633
KLHL9	TAC	-0.912880413781724	-0.903578155786842	0.00399295405943972	TRUE	0.989809992793748
KMT2B	TAC	0.482155868273197	0.560908804109075	0.0092808221307443	TRUE	1.16333501470785
KMT2D	TAC	0.368954282628158	0.424314407048927	0.0136125800648784	TRUE	1.15004602745474
KNOP1	TAC	0.490661993903008	0.555793948004155	0.00465905274300368	TRUE	1.13274301843322
KPNA4	TAC	0.311166169222129	0.372332715153487	0.010523054242148	TRUE	1.196571966947
KPNA6	TAC	0.301029291670714	0.364280918528143	0.00267600246664652	TRUE	1.21011784768978
KRAS	TAC	-0.55911141641586	-0.463033308881923	0.015204827259108	TRUE	0.828159281472308
KRT10	TAC	-0.512675598781934	-0.438246719957264	0.0271608481628045	TRUE	0.854822661734818
L1TD1	TAC	1.09598993255802	1.10537482418821	0.00319188285665175	TRUE	1.00856293598271
LAMB1	TAC	0.503794547126799	0.565024100362833	0.000234827523093369	TRUE	1.1215367526013
LAMP2	TAC	-0.440776796528695	-0.38180118336955	0.0153880804125289	TRUE	0.866200731019412
LAMTOR3	TAC	-1.09696909451286	-1.07200971258358	3.45477515183959e-05	TRUE	0.977246959778422
LAMTOR5	TAC	-0.57058547149058	-0.517394705679778	0.00489050983840119	TRUE	0.906778618684686
LAP3	TAC	-0.732981185313828	-0.665750157192703	0.00231012435705779	TRUE	0.90827727986996
LAPTM4A	TAC	-0.935087701744813	-0.862068919132017	0.000457178867196242	TRUE	0.921912369848788
LARP1	TAC	0.248253790281359	0.320850836949583	0.00204015834383978	TRUE	1.29243076847264
LARP4	TAC	0.23351564248105	0.289661550403791	0.0553920889717489	TRUE	1.24043745989007
LARP7	TAC	-0.487559458184936	-0.416250679328008	0.0410448157311241	TRUE	0.853743420089946
LARS2	TAC	0.251005319925843	0.314190200805552	0.0161804219690926	TRUE	1.25172725780624
LBR	TAC	-0.711512654605517	-0.644064188093284	0.00474295806909334	TRUE	0.905204122406468
LCN2	TAC	2.38505422395719	2.50084701930612	2.28600417759808e-08	TRUE	1.04854933451233
LDHA	TAC	-0.299728011848123	-0.207375675153679	0.267186479000682	TRUE	0.691879527292097
LDLRAD4	TAC	0.879580976141616	0.936690019711186	3.53710176795648e-05	TRUE	1.06492755655095
LEO1	TAC	-0.264236460615832	-0.223375190839442	0.203846119175539	TRUE	0.845360970695874
LEPROT	TAC	-0.260056828796224	-0.203050283541157	0.16857780540248	TRUE	0.780791969513185
LETMD1	TAC	0.14194861319356	0.210593936160218	0.0570541503416866	TRUE	1.48359276939926
LGALS3	TAC	-0.782387905212093	-0.690666469563281	2.66351394824997e-05	TRUE	0.882767313965637
LGALS4	TAC	-0.571080856104891	-0.496662845161879	0.00256130330331127	TRUE	0.869689186483002
LGALS9	TAC	-0.494821538922176	-0.433377748118257	0.00911118339577447	TRUE	0.875826361686364
LIMCH1	TAC	1.4464949178852	1.514521128446	2.56169344450159e-06	TRUE	1.04702830941173
LIMS1	TAC	0.296699233449572	0.357358424406883	0.0123815509099896	TRUE	1.20444673972379
LIN7C	TAC	-0.796963979657864	-0.752193836223144	0.00131058858922471	TRUE	0.943824131858582
LIN9	TAC	0.259115177871332	0.311369932896209	0.0319352013975766	TRUE	1.2016661295342
LINC-PINT	TAC	1.5261624302147	1.66315718593281	0.000234827523093369	TRUE	1.08976420399685
LINC00467	TAC	0.608768930682287	0.661275216314037	0.000317935562359233	TRUE	1.08624994309894
CIBAR1-DT	TAC	-0.991616103491832	-0.925180172865634	0.00130755501019192	TRUE	0.933002368162182
LINC00667	TAC	-0.284071525830906	-0.226755426404806	0.135576390917106	TRUE	0.798233563682769
TMEM238L	TAC	-0.749380143739044	-0.694102135638342	0.000201285189675895	TRUE	0.926235024289687
LINC00685	TAC	0.593313920545557	0.675844924842285	0.00607490465742954	TRUE	1.13910174940922
CCDC200	TAC	0.535006530648478	0.60160029124866	0.0379572727325271	TRUE	1.12447279946184
LINC00963	TAC	1.87174111174168	1.91236434644234	6.72716576965808e-08	TRUE	1.02170344736557
SLC12A2-DT	TAC	0.312083765663628	0.347316605837324	0.0190001174702439	TRUE	1.11289545964935
CHASERR	TAC	-1.15045563508112	-1.10244680259151	1.99871002945015e-06	TRUE	0.958269722859656
LINS1	TAC	-0.262388694997262	-0.207700962423127	0.231971224586438	TRUE	0.791577405517775
LIPG	TAC	0.97973350860066	1.04197016080149	1.99871002945015e-06	TRUE	1.06352406205819
LITAF	TAC	-0.148480788583314	-0.0678318312555548	0.581626936760922	TRUE	0.456839109643425
LMBRD1	TAC	-0.763810579461946	-0.703229299948407	0.000257423612450108	TRUE	0.920685466865078
LMF1	TAC	0.474878037629228	0.521614441241569	0.00840040571671879	TRUE	1.09841769866989
LMO7	TAC	-0.264695319929618	-0.213312770145964	0.147780996333478	TRUE	0.805880399406697
LONP1	TAC	0.254807205260232	0.30620046048425	0.0707666305392573	TRUE	1.2016946701783
LPAR1	TAC	-0.65995735709675	-0.615031557733621	0.00221982828917109	TRUE	0.931926208746632
LPIN1	TAC	0.944042449566567	0.986606322468699	2.76742441669543e-07	TRUE	1.04508682095988
LPXN	TAC	-0.451726674670451	-0.443733318259692	0.0082583906924129	TRUE	0.98230488288833
LRG1	TAC	0.66168330668205	0.720877771215984	0.000223281014281951	TRUE	1.08946041699429
LRP1	TAC	1.29059355265749	1.33730889408415	1.62836714051354e-07	TRUE	1.03619678816035
LRP5L	TAC	0.951970635744659	1.01148564143421	1.16830056045795e-05	TRUE	1.06251769062498
LRRC19	TAC	-1.19783070955591	-1.13596670266668	4.90355215496933e-06	TRUE	0.94835329700959
LRRC59	TAC	-0.215145397039518	-0.139163763625544	0.365607471781616	TRUE	0.646835886523673
LRRC61	TAC	0.340659121714418	0.406211159295213	0.0276093326007041	TRUE	1.19242707270216
LRSAM1	TAC	0.919811986495958	0.973919644802038	7.82970656482177e-07	TRUE	1.05882469363354
LSM3	TAC	-0.681215358366292	-0.610853868408534	0.000522834656451251	TRUE	0.896711826746683
LSM6	TAC	-0.757792564494187	-0.714671979522771	0.000429349740364719	TRUE	0.943097112598092
LTBP1	TAC	0.90582679725101	0.933082113938047	1.45480928542716e-05	TRUE	1.03008888318357
LUC7L	TAC	0.315446702082259	0.372879833305018	0.0319108073678008	TRUE	1.18206920802673
LYN	TAC	0.754269326388922	0.817001160111839	5.91818977330064e-07	TRUE	1.08316901076071
LYPD8	TAC	-0.567257239163454	-0.561428680820585	0.0913338824953333	TRUE	0.989725017257665
MAD1L1	TAC	0.52049717516858	0.573102526745831	0.00184741246555901	TRUE	1.10106750638985
MAD2L1BP	TAC	-0.563916678421815	-0.510420353570943	0.0112368427362647	TRUE	0.905134345377783
MAGEF1	TAC	-0.761256788003342	-0.701853175605209	0.00270920533523736	TRUE	0.921966393818386
MAGOH	TAC	-0.557664085820202	-0.500392747507531	0.00419384159337881	TRUE	0.897301368747035
MAL2	TAC	-0.554559528417289	-0.49486794975285	0.0316621711503911	TRUE	0.892362180062438
MAML3	TAC	0.248941909287536	0.298598304660021	0.0614543460751327	TRUE	1.19946981010389
MAN1B1	TAC	0.415401807820982	0.483613395704972	0.00617228722386313	TRUE	1.16420628557636
MANBA	TAC	0.154046084773114	0.212132053946269	0.133851998184164	TRUE	1.37706877950652
MAOA	TAC	-1.14604129569994	-1.08807047286173	1.62836714051354e-07	TRUE	0.949416462516908
MAP1LC3B	TAC	-0.19959941040205	-0.141290478113802	0.347048814801698	TRUE	0.707870217798756
MAP2K5	TAC	0.188331774972281	0.23054960097574	0.0850426224696328	TRUE	1.22416730267462
MAP2K7	TAC	0.362148507307316	0.411660075370157	0.0193861249009036	TRUE	1.13671620085079
MAP3K3	TAC	0.338455566033754	0.391612539245925	0.0619022086764635	TRUE	1.1570574649875
MAP3K5	TAC	0.702273526565989	0.744805877882837	9.44065996773448e-05	TRUE	1.06056379702197
MAP4	TAC	0.430371870832946	0.490301621754434	0.000767163125209755	TRUE	1.1392510872179
MAP7	TAC	0.230546756220463	0.285287489572858	0.0378076315278494	TRUE	1.23743874886727
MAPK1	TAC	-0.1887290646605	-0.129496078138158	0.209871618364764	TRUE	0.68614804175025
MAPK10	TAC	0.449904424560607	0.424374825223314	0.0207160985187327	TRUE	0.943255505072602
MAPK1IP1L	TAC	-0.390392875848347	-0.326110767712888	0.0209152287560239	TRUE	0.835339955946249
MAPK8IP3	TAC	0.991010705951129	1.04827552187871	1.69347587101396e-05	TRUE	1.0577842555925
MAPK9	TAC	-0.228747084202879	-0.171598841796084	0.137098368711779	TRUE	0.750168433377234
MAPKBP1	TAC	0.666611351241199	0.726884971692198	0.00113651578443335	TRUE	1.09041793293614
MAPRE1	TAC	-0.526208586210632	-0.448583751428988	0.0316413662194682	TRUE	0.852482766690219
MARCKS	TAC	-1.06887826871299	-0.999398353123508	8.39512173693286e-07	TRUE	0.934997354120464
MARK4	TAC	0.763134044988934	0.80899305827611	0.00115985457400335	TRUE	1.06009299884903
MAT2B	TAC	-1.34986227971484	-1.27926010113169	1.60501380072732e-05	TRUE	0.94769675422143
MBD2	TAC	-0.399118080072128	-0.32582270267057	0.0116261486804181	TRUE	0.81635665969251
MCRIP1	TAC	0.591513838864638	0.632801535305907	0.00395579511611365	TRUE	1.0698000515432
MCTS1	TAC	-0.364896132660179	-0.313811419833546	0.0436550437225873	TRUE	0.860002043720735
MCUR1	TAC	-0.271696376325694	-0.196184323839618	0.158041291810677	TRUE	0.722071919002864
MDH1	TAC	-0.740944309263281	-0.661791867305966	0.000522834656451251	TRUE	0.893173561133068
MDK	TAC	0.609498676301761	0.652731026726084	0.00753722817251529	TRUE	1.0709309996974
ME1	TAC	1.68998207324009	1.71864013449677	3.19708013368281e-09	TRUE	1.01695761257499
MECOM	TAC	0.18155289624085	0.227093029006716	0.132151464432144	TRUE	1.25083671871283
MECR	TAC	0.230794772975739	0.288738349410848	0.0623488760072172	TRUE	1.25106104305577
MED30	TAC	-0.729704772485818	-0.683456539865949	0.00952162916485686	TRUE	0.93662062471879
MED4	TAC	-0.589126728215955	-0.535009706104688	0.00136483128949406	TRUE	0.908140270133136
MED6	TAC	-0.285194968356312	-0.211839837128779	0.146187110929267	TRUE	0.742789532191587
MEP1A	TAC	-0.468941186204614	-0.388986924876655	0.104484594670088	TRUE	0.829500449779063
METTL16	TAC	0.432258271501324	0.48875566815607	0.00225437586759654	TRUE	1.13070286997289
TMT1A	TAC	-0.828986367930749	-0.765794276235395	0.000171889578445095	TRUE	0.923771856643325
MFN2	TAC	-0.423572324469975	-0.365573802068517	0.0033853682909199	TRUE	0.863072918009852
MFSD14CP	TAC	0.360044043269417	0.415442810489583	0.00783637764850522	TRUE	1.15386664008412
MGAT4A	TAC	-0.554243355853427	-0.497508627505319	0.00363567540208067	TRUE	0.897635708666733
MGAT4B	TAC	-0.502307298259066	-0.424549088463626	0.00449559630687853	TRUE	0.845197929504628
MGST1	TAC	-1.12753944529868	-1.0413847299954	7.48611504846578e-07	TRUE	0.923590508817672
MGST2	TAC	-0.469257434261987	-0.401731049201136	0.00647122128810107	TRUE	0.856099487977102
MGST3	TAC	-0.37253116567763	-0.273001396604153	0.0440108727186811	TRUE	0.732828342314841
MIB1	TAC	0.241368356561089	0.286403782421045	0.0605007440651038	TRUE	1.18658380287127
MICALL1	TAC	0.744921540002999	0.805395343412269	0.000359174991732817	TRUE	1.0811814401407
MIEN1	TAC	-0.322393023022396	-0.250684675468492	0.104014408865598	TRUE	0.777574753691483
MIER1	TAC	-0.311381193784299	-0.273059287221345	0.0643859560930696	TRUE	0.876929283694955
MIR194-2HG	TAC	-0.423673793956203	-0.380031886706015	0.0237421298787894	TRUE	0.896991723649778
MIRLET7BHG	TAC	0.541117076523592	0.607168838689762	0.0025354850733565	TRUE	1.122065565904
MKRN1	TAC	-0.494793017713233	-0.427425745741492	0.00370719667333646	TRUE	0.863847569468361
MLKL	TAC	0.555970829007152	0.626062136450978	0.00130755501019192	TRUE	1.12607011696818
AFDN	TAC	-0.457110003124427	-0.390198605737919	0.00277633748210566	TRUE	0.853620798212341
MMADHC	TAC	-1.02126889485615	-0.986162768556944	9.79673763163546e-05	TRUE	0.965624992128884
MNT	TAC	0.350689096505154	0.393351179916573	0.00791189794694898	TRUE	1.12165215239531
MOB1A	TAC	-0.621544925036013	-0.556712172718096	0.00439622179760712	TRUE	0.895690963426078
MOCOS	TAC	0.793076484807491	0.82464612098926	0.000115392508328682	TRUE	1.03980654676633
MORF4L1	TAC	-0.560292945142563	-0.486831231255803	0.00489025375811977	TRUE	0.868886955433522
MORF4L2	TAC	-0.618504285362526	-0.563381880506592	0.00489050983840119	TRUE	0.910877893394668
MPC1	TAC	-0.950514520200363	-0.8767138850608	1.47925445577043e-06	TRUE	0.922357172277594
MPC2	TAC	-1.0984992186264	-1.00167296943134	6.22434517861404e-07	TRUE	0.911855877953076
MPHOSPH6	TAC	-0.52882675317148	-0.465217958321387	0.0123999821739325	TRUE	0.879717138990004
MPLKIP	TAC	-0.673868190940488	-0.611870745556925	0.000595183874604825	TRUE	0.907997667471088
MPRIP	TAC	0.13565245376091	0.211393227947781	0.072862263031041	TRUE	1.55834429888283
MRFAP1	TAC	-0.378223492942123	-0.305423216226637	0.0525068902618826	TRUE	0.807520479097723
MRPL11	TAC	-0.330508689538363	-0.265230558901007	0.107921686912358	TRUE	0.802491938325335
MRPL3	TAC	-0.656510610922653	-0.567235408880242	0.0110771804958267	TRUE	0.864015599204186
MRPL33	TAC	-0.299661444583081	-0.238540453476931	0.108193010315485	TRUE	0.79603318274332
MRPL34	TAC	-0.26795331134265	-0.195689108093977	0.118707925340084	TRUE	0.73031046757148
MRPL35	TAC	-0.771337116425984	-0.740712150722519	0.000150476676229927	TRUE	0.960296263396001
MRPL4	TAC	0.353429313297337	0.393431100546106	0.046227051934108	TRUE	1.11318186054114
MRPL47	TAC	-0.38531670218708	-0.341038828985994	0.0387567406113188	TRUE	0.885087064874784
MRPL51	TAC	-0.283395613305528	-0.210430957934201	0.143577659360844	TRUE	0.742534280893529
MRPS16	TAC	-0.241897817577753	-0.174447362631077	0.222828358837028	TRUE	0.721161374575051
MRPS30	TAC	-0.621781703746278	-0.573315199819484	0.00535334299248722	TRUE	0.922052219235819
MRPS33	TAC	-0.739948325615144	-0.641647263917878	0.000231432541036169	TRUE	0.867151450588736
KGD4	TAC	-0.425686882273645	-0.347858366313308	0.0170478481894484	TRUE	0.817169569462311
MRPS6	TAC	-0.916271611419122	-0.875129861363136	1.47789233957539e-05	TRUE	0.955098739780593
MRTO4	TAC	0.229584396803424	0.310742325927858	0.0554017544796955	TRUE	1.35349932423292
MSH5	TAC	0.248710504848754	0.313792888266024	0.10695224708957	TRUE	1.26167927026986
MSI2	TAC	0.669402665395694	0.731202324191288	2.32508891479346e-05	TRUE	1.09232060460809
MSL1	TAC	-0.323277478498978	-0.253249002287415	0.119523993338109	TRUE	0.783379663387888
MST1R	TAC	0.937818425043144	0.986611271266675	1.13157936558063e-05	TRUE	1.05202803114183
MT-RNR1	TAC	-0.23032606467673	-0.149943813390698	0.302925380082185	TRUE	0.651006709124081
MT-TP	TAC	-0.604672547680057	-0.548363783128486	0.0150397572754901	TRUE	0.906877259820029
MT-TY	TAC	0.631318224882088	0.646314860959906	0.0156047178044922	TRUE	1.02375447989106
MT1E	TAC	-0.841074714953759	-0.7393073339353	0.00303718549734818	TRUE	0.879003162015096
MT1G	TAC	-1.57149784691633	-1.40978521487325	3.00088515398679e-05	TRUE	0.897096497866413
MTCH1	TAC	-0.244847212717375	-0.161159521724474	0.194738046168636	TRUE	0.658204436701098
MTCH2	TAC	-0.466874961465718	-0.397306788899647	0.00232384789453654	TRUE	0.850991853691046
MTDH	TAC	0.329456492483797	0.399412613922255	0.00722578041810447	TRUE	1.21233796581471
MTF1	TAC	0.308861830015084	0.376527576949802	0.0203913694913859	TRUE	1.21908096229117
MTG2	TAC	0.586794224295627	0.637328725695205	2.89171622231385e-05	TRUE	1.08611962985873
MTHFD1L	TAC	0.85819683683343	0.907694864552029	8.6212924153338e-06	TRUE	1.05767677716133
MTMR11	TAC	-0.817251629667206	-0.736355611902673	0.00096703717105929	TRUE	0.901014553134052
MTX2	TAC	-0.671990634870555	-0.611882595929245	0.00116237784428121	TRUE	0.910552266918291
MUC20	TAC	0.689612441019909	0.799862974652476	0.00476406780847041	TRUE	1.15987317959274
MMUT	TAC	-0.587155365135054	-0.500264041783903	0.017526419051288	TRUE	0.852013064155235
MXI1	TAC	-0.286319074009947	-0.205891408801509	0.264629818002691	TRUE	0.71909777409505
MYL12A	TAC	-0.769057933275716	-0.680461531101646	0.000572037802812543	TRUE	0.884798792989881
MYL12B	TAC	-0.272807461341885	-0.186744877229209	0.178181259203189	TRUE	0.684529947643839
MYL6	TAC	-0.309295622247924	-0.225129624899405	0.141139239593874	TRUE	0.727878471939528
MYO10	TAC	0.16599492593589	0.2193514788722	0.1063479167382	TRUE	1.32143484287536
MYO1F	TAC	0.350040760236625	0.401679793126399	0.1679944659602	TRUE	1.147522913774
MYO5B	TAC	0.285583814557157	0.341214338983071	0.00978947517410711	TRUE	1.19479578880259
MYPOP	TAC	0.658625840120564	0.718859206809795	0.00104866672952273	TRUE	1.09145308765627
MYRF	TAC	0.642376859162095	0.689187441720445	0.00102486515225322	TRUE	1.07287090419074
NAA20	TAC	-0.437243844174779	-0.359977669587993	0.026410179514617	TRUE	0.823288136319879
NAA25	TAC	0.256614699389645	0.298537947361684	0.0641007641805616	TRUE	1.16337040735294
NAAA	TAC	-0.357634783446626	-0.289073092588329	0.0502957228789397	TRUE	0.80829132390997
NACA	TAC	-0.810010332271464	-0.733742125683114	7.1825315460066e-05	TRUE	0.9058429213187
NACC2	TAC	0.229822549768117	0.291854293213612	0.0997732908238073	TRUE	1.26991147521461
NAGLU	TAC	0.64267068295173	0.671854970000292	0.00417667966436759	TRUE	1.04541095124259
NARF	TAC	0.510025642254381	0.565111450569178	0.00148426156007457	TRUE	1.1080059584285
NARS1	TAC	-0.689158001871059	-0.622403646842761	0.000102152172607281	TRUE	0.903136356471142
NAT8L	TAC	0.62904780877166	0.685618366901195	0.0137727177890479	TRUE	1.08993045892648
NAT9	TAC	0.452372439692945	0.516532593194719	0.0229457694895011	TRUE	1.14183037663683
NAV2	TAC	0.161440098964009	0.226029929605928	0.121706737307343	TRUE	1.40008542522213
NBAS	TAC	0.319515339372807	0.375971046523979	0.00492701440945345	TRUE	1.17669169581026
NBEAL2	TAC	1.24680733557567	1.29290399421488	4.42752353340893e-08	TRUE	1.03697175764364
NBPF1	TAC	-0.53759537381756	-0.480169996509229	0.00856058661354536	TRUE	0.893181042648221
NBPF10	TAC	-1.10978721018536	-1.04577691313659	8.95332696208166e-05	TRUE	0.942322008704647
NCBP1	TAC	-0.630791917221562	-0.563981241479717	0.00208743536537618	TRUE	0.894084445412482
NCBP2AS2	TAC	-0.237782574264559	-0.133774379747952	0.312341935827858	TRUE	0.562591182981783
NCOA4	TAC	-0.626913856655731	-0.576071931003289	0.00183832756752309	TRUE	0.918901257146144
NCOR2	TAC	0.681815793263089	0.731269519886703	1.19352939384852e-05	TRUE	1.07253238647778
NCR3LG1	TAC	0.319271177562958	0.380358769857493	0.0132174860247122	TRUE	1.19133450366809
NDE1	TAC	0.516871918374223	0.569697203944914	0.000457178867196242	TRUE	1.10220188733961
NDFIP2	TAC	-0.551790386108	-0.496361410464744	0.00506747485608618	TRUE	0.899547043517342
NDRG1	TAC	-0.680725877591986	-0.611746888861363	2.84472867873085e-05	TRUE	0.898668478750021
NDRG2	TAC	-0.670784307133853	-0.584495090485748	0.000234827523093369	TRUE	0.871360710543746
NDUFA1	TAC	-0.449487998622194	-0.36111106570266	0.0161804219690926	TRUE	0.803383108802828
NDUFA10	TAC	-0.185902080527995	-0.113163645562932	0.316850768146217	TRUE	0.608727160242245
NDUFA12	TAC	-0.624262209514324	-0.567202214476907	0.000201334680359533	TRUE	0.908596108866162
NDUFA2	TAC	-0.289537125541868	-0.144012717967043	0.369960655059994	TRUE	0.497389471894229
NDUFA3	TAC	-0.261368957744788	-0.178579226290648	0.253884161718578	TRUE	0.68324573748739
NDUFA5	TAC	-1.0056611335893	-0.953393870394344	5.94877794222946e-05	TRUE	0.948026963109921
NDUFA6	TAC	-0.492251352724661	-0.423557420641113	0.00535334299248722	TRUE	0.860449480324798
NDUFA8	TAC	-0.264119013888052	-0.191388806306571	0.143018857385331	TRUE	0.724630928645264
NDUFAB1	TAC	-0.748287400281053	-0.665817521585891	7.86599629370051e-05	TRUE	0.889788497488817
NDUFAF3	TAC	-0.421457206611281	-0.354201140324	0.0319964391138202	TRUE	0.840420177345995
NDUFB1	TAC	-0.366098939611736	-0.292256671412709	0.0373501471102455	TRUE	0.798299693855054
NDUFB2	TAC	-0.287970949962701	-0.194187540402509	0.169599567294954	TRUE	0.674330311538928
NDUFB3	TAC	-0.512679579234934	-0.434069700806238	0.00766931851789729	TRUE	0.84666859845285
NDUFB4	TAC	-0.467277278468454	-0.384733994676468	0.0195671412045702	TRUE	0.823352669612934
NDUFB5	TAC	-1.00065985815679	-0.937887007563632	2.74934957339935e-05	TRUE	0.937268543270252
NDUFB6	TAC	-0.541009191155921	-0.482127806764468	0.00626392783675637	TRUE	0.891163800256985
NDUFB9	TAC	-0.418785691071851	-0.345030247799159	0.0416700157102055	TRUE	0.823882609064506
NDUFC1	TAC	-0.437382738522582	-0.349337400655949	0.0176611251292019	TRUE	0.798699559648747
NDUFC2	TAC	-0.412913902598879	-0.326742480319227	0.0330823754432663	TRUE	0.791308982968874
NDUFS1	TAC	-0.313037757041489	-0.246449687441694	0.0356588298400795	TRUE	0.787284223382135
NDUFS2	TAC	-0.222548156219673	-0.125609343323756	0.312036229187079	TRUE	0.564414216938152
NDUFS3	TAC	-0.402272172641124	-0.333028647086751	0.0204579666000643	TRUE	0.827868964686883
NDUFS4	TAC	-0.343136170754157	-0.281054124011561	0.0325844873267645	TRUE	0.819074606427675
NEBL	TAC	1.1487322920201	1.21479385177715	6.26088555398503e-07	TRUE	1.05750822904167
NEDD9	TAC	-0.28573157042076	-0.217000513607153	0.106507959100233	TRUE	0.759455853224775
NEK6	TAC	0.564396835183558	0.622046630242863	7.9690663856197e-05	TRUE	1.10214407924622
NET1	TAC	-1.00527618657682	-0.940040370638429	1.46505395912394e-05	TRUE	0.935106573885399
NFAT5	TAC	0.610100313968789	0.661946811798376	0.000100857998797491	TRUE	1.08498028380336
NFATC3	TAC	0.413937909224566	0.464617610180464	0.00210842288618079	TRUE	1.12243309884528
NFE2L1	TAC	-0.397597546295935	-0.334762071275622	0.0182682965086353	TRUE	0.841962115697907
NFIA	TAC	0.231182557627376	0.292292418814608	0.0392589812489791	TRUE	1.26433595083644
NFIX	TAC	0.40310648253107	0.475065401922401	0.00179294514674992	TRUE	1.17851094564272
NFKBIA	TAC	-0.206514055096524	-0.129400175919734	0.43290265155732	TRUE	0.626592586442858
NIF3L1	TAC	-0.376029577952032	-0.339006127993958	0.0330921909924208	TRUE	0.901541123015603
NIPSNAP3A	TAC	-0.95849950784811	-0.907674097419236	0.000171889578445095	TRUE	0.946973983802057
NKAIN2	TAC	1.19949961076987	1.2813610461204	1.74552259817048e-05	TRUE	1.06824632089542
NLRC5	TAC	0.712341084971444	0.76866632883369	0.000157918443837187	TRUE	1.07907060964272
NMRAL1	TAC	0.330339547861278	0.417463202346238	0.00603624924366389	TRUE	1.26373970373522
NNT	TAC	-0.255759436535477	-0.210591409480251	0.140703179269442	TRUE	0.82339643976749
NOC2L	TAC	0.483686062795167	0.561330715690712	0.0112662078770224	TRUE	1.1605269592571
NOD1	TAC	0.300993095425367	0.363131033965647	0.0318537264697396	TRUE	1.20644306957429
NOL10	TAC	0.218118823969955	0.261340503874331	0.0350504216306825	TRUE	1.1981565786836
NOL3	TAC	0.761148029060667	0.932100728490286	0.000532595091335431	TRUE	1.22459849188678
NOL4L	TAC	-0.570661800965335	-0.521584413270376	0.00155866221092176	TRUE	0.91399917146734
NOL7	TAC	-0.399657314431398	-0.329845853974407	0.0165866206390397	TRUE	0.825321699525721
NOMO1	TAC	0.242327477346456	0.315507102392042	0.0117385409023245	TRUE	1.3019864930173
NOMO3	TAC	0.418651824592691	0.459540683241136	0.0257218772827679	TRUE	1.09766793370177
NOP10	TAC	-0.327251703358526	-0.25064945389175	0.154564456547044	TRUE	0.765922533998692
NORAD	TAC	-0.876564055108701	-0.813389417298526	0.000318048358966801	TRUE	0.927929239806279
NOXA1	TAC	0.998273111020541	1.03905008814356	2.20633640093962e-05	TRUE	1.04084751624866
NPAS2	TAC	0.806881602674964	0.864397779516358	2.73118323270157e-05	TRUE	1.07128205259696
NPC2	TAC	-0.449908246456099	-0.357520606950311	0.0211497674016592	TRUE	0.794652264692813
NPIPA2	TAC	0.232707463750502	0.270584553932708	0.122797274497875	TRUE	1.16276697606406
NPIPB11	TAC	0.286831295813094	0.319610072268106	0.0892769078351741	TRUE	1.11427894003718
NPIPB3	TAC	0.32117343162133	0.351350968534918	0.0495504204090032	TRUE	1.09396025306716
NPRL3	TAC	0.711723396945833	0.76831289836207	0.000142200612156533	TRUE	1.07951052566078
NPTN	TAC	-0.477466901189424	-0.417020440959262	0.00914392285982918	TRUE	0.873401779098022
NR1H3	TAC	-0.418266227426033	-0.36796802215678	0.0130546076567351	TRUE	0.879745956113209
NR5A2	TAC	-1.35895606037968	-1.30032811081513	1.05144469484447e-07	TRUE	0.956858097716444
NRAS	TAC	-0.938736157482254	-0.886621128406806	0.00271457835738161	TRUE	0.944483837487176
NRF1	TAC	0.280247803338177	0.336759443846838	0.034248359987977	TRUE	1.20164882591593
NSA2	TAC	-0.483467556726212	-0.417553590911689	0.00795806578596095	TRUE	0.863664138580761
NSD1	TAC	0.389056203373309	0.44634896413919	0.0025030963907197	TRUE	1.14726088485192
NSL1	TAC	-0.355206563469133	-0.303182622657718	0.0997732908238073	TRUE	0.853538909013049
NSUN5	TAC	0.594808057644417	0.647149132456864	0.000234827523093369	TRUE	1.08799657997192
NT5DC3	TAC	0.710699773332731	0.786828240666224	0.000367652550852994	TRUE	1.10711761870487
NT5E	TAC	-0.592158856805505	-0.514345506269698	0.038077662609816	TRUE	0.868593790937143
NUDCD3	TAC	0.377863024732632	0.438672138079208	0.000587309065022513	TRUE	1.16092898581332
NUDT16L1	TAC	-0.432027128090227	-0.397150297603903	0.0146751771769311	TRUE	0.919271665553742
NUDT2	TAC	0.292760043167807	0.365152502864865	0.0197459125268518	TRUE	1.24727575154634
NUDT9	TAC	-0.41723697162577	-0.358926798169749	0.0162537613189865	TRUE	0.860246868275324
NUP160	TAC	0.159058291733212	0.2169849307068	0.139209085769633	TRUE	1.36418496855699
NUP188	TAC	0.393046597343721	0.430682997178273	0.0157434496990916	TRUE	1.09575556712335
NUP50	TAC	-0.536338556314178	-0.480302202995075	0.0100160810320094	TRUE	0.895520557566856
NUP50-DT	TAC	0.809298696339651	0.837616928942023	3.23206567384988e-06	TRUE	1.03499107650914
NUP98	TAC	0.201583784159355	0.276597545413321	0.0318537264697396	TRUE	1.37212200161233
NXF1	TAC	0.18583548408332	0.236519388119678	0.129851491010674	TRUE	1.27273534054257
NXPE4	TAC	-1.44669456077035	-1.36843941907865	1.79398641253873e-07	TRUE	0.945907627073659
OAT	TAC	-1.27813090207417	-1.20625870525781	2.84472867873085e-05	TRUE	0.943767734040599
OCIAD1	TAC	-0.749873207107944	-0.679742467961996	0.00115053201324225	TRUE	0.906476536991603
OCLN	TAC	-0.388392741092803	-0.337326619270435	0.0130502362131749	TRUE	0.868519371194514
OGFR	TAC	0.369286835375605	0.396567901424893	0.107065210289612	TRUE	1.07387500294057
OIP5-AS1	TAC	-0.497922747810956	-0.430691931833987	0.00791189794694898	TRUE	0.864977416130234
OLFM4	TAC	1.98082924362762	2.09584586135282	0.018157223882396	TRUE	1.05806488272284
OPA3	TAC	0.539939618559125	0.602027926492621	0.000405817273380592	TRUE	1.11499120605223
OSBP2	TAC	0.820825141980256	0.871535788543202	5.85803571788318e-05	TRUE	1.06178008441677
OSBPL10	TAC	0.508120166795864	0.55179056639989	0.00253742804990291	TRUE	1.08594502335817
OSBPL3	TAC	0.825691282224532	0.866936770812475	3.32446120316731e-05	TRUE	1.04995267538349
OSTC	TAC	-0.881870527907225	-0.821889656156234	8.31581206920387e-05	TRUE	0.931984492220947
OTUD5	TAC	0.331794022496498	0.386856966356011	0.00498557855640954	TRUE	1.16595520149883
OVOL2	TAC	0.353700623100646	0.419785493205266	0.00598608049062218	TRUE	1.18683843281163
OXNAD1	TAC	-0.342230012559573	-0.268276310730055	0.145274031563977	TRUE	0.783906439775955
P4HB	TAC	0.52995140972367	0.599279603729179	0.000800545357564547	TRUE	1.13081990675647
P4HTM	TAC	0.284046109207796	0.329569198545542	0.0656185794602877	TRUE	1.16026654779645
PAAF1	TAC	0.187970520541666	0.240121165884442	0.103987231250278	TRUE	1.27744055393631
PABPC1	TAC	-1.03136604994096	-0.942478516532873	3.02154469081148e-05	TRUE	0.913815726808949
PACS1	TAC	1.56702163379533	1.60621247458034	1.9080749667611e-05	TRUE	1.02500976370702
PACS2	TAC	0.503045117719533	0.558430133828228	0.000406458304182881	TRUE	1.1100995003386
PADI2	TAC	-0.373201635381363	-0.294247441544754	0.0898206925895042	TRUE	0.788440922141383
PAG1	TAC	-0.538366287536678	-0.441225404747094	0.0334899094426221	TRUE	0.819563585167903
PAN2	TAC	0.438674271845601	0.496143859860849	0.00303053932203135	TRUE	1.13100742784267
PANK1	TAC	-0.381048464900183	-0.331858198766817	0.0500202212232812	TRUE	0.870908111003014
PANK3	TAC	-0.538210684148385	-0.482409025347362	0.0190903225094545	TRUE	0.896320046322903
TENT4B	TAC	0.362754926881037	0.411848286457026	0.0081076007938883	TRUE	1.13533478372877
TENT4A	TAC	0.470078430636248	0.526237585757247	0.000262276106637646	TRUE	1.1194676280828
PAPOLA	TAC	-0.617375347783138	-0.556025411219874	0.00128509159406062	TRUE	0.900627816151781
PAQR5	TAC	-0.944952455038013	-0.906001428510707	5.65966104732749e-05	TRUE	0.95877990864023
PARK7	TAC	-0.272900814913555	-0.175252204245304	0.227083956549288	TRUE	0.642182780952184
PARP9	TAC	0.824910569408556	0.874120967290328	0.000147986097896351	TRUE	1.05965543382121
PATJ	TAC	0.29774357977176	0.356681354691604	0.0134453009023697	TRUE	1.19794809669792
PBDC1	TAC	-0.187854728114167	-0.128115235472996	0.326840593649429	TRUE	0.681991008472969
PBX4	TAC	1.12335802963231	1.20171101541257	7.49668439697344e-07	TRUE	1.06974889902724
PBXIP1	TAC	0.315579806344373	0.320456437662916	0.104320761443507	TRUE	1.0154529257592
PCGF2	TAC	0.370490567276221	0.422094822051485	0.0281783464016881	TRUE	1.13928628508588
PCGF3	TAC	0.255614722758476	0.293550860200104	0.0183494636050242	TRUE	1.1484113944308
PCGF5	TAC	-0.505214655424449	-0.458378164865618	0.00401521540562199	TRUE	0.907293879827216
PCK1	TAC	-2.38605263768724	-2.33621570350825	7.01539591500442e-07	TRUE	0.979113229359728
PCK2	TAC	-0.373053893371216	-0.302992413475787	0.0450991705326124	TRUE	0.812194749497728
PCMT1	TAC	-0.271198541714665	-0.215575235182408	0.0799720592285803	TRUE	0.794898209331894
PCNA	TAC	-0.805124328825325	-0.708734822447329	0.00021940324143166	TRUE	0.880279973009103
PCNX2	TAC	0.872717454526922	0.905953162708111	2.75045756132674e-07	TRUE	1.03808301072562
PCSK6	TAC	0.406995774899973	0.47133307293646	0.00713764660894972	TRUE	1.1580785403787
PCSK7	TAC	0.532040800609471	0.59299058435988	0.000522834656451251	TRUE	1.1145584768698
PCTP	TAC	-0.328810546973662	-0.276033776623863	0.106745587047151	TRUE	0.839491856828952
PDCD11	TAC	0.546483394847363	0.59713932756691	0.000474600853200776	TRUE	1.09269436765539
PDCD4	TAC	-1.04809315653899	-0.991396985980335	1.44482563643891e-05	TRUE	0.945905409070815
PDCD6IP	TAC	-0.180540418574788	-0.115077141545662	0.329720399461666	TRUE	0.637403759524306
PDE3A	TAC	-1.06058849606896	-0.997016302515694	6.7169697609404e-06	TRUE	0.940059510555796
PDE4A	TAC	0.713440239946239	0.76110486293019	0.00146077057978754	TRUE	1.06680955224441
PDE8A	TAC	-0.536743216413716	-0.492580380222541	0.00273711441593682	TRUE	0.917720737140841
PDHA1	TAC	-0.441166620606146	-0.366674731219743	0.0130899903023402	TRUE	0.831147947494182
PDIA6	TAC	0.496531751941537	0.554357790081293	0.00869315385568748	TRUE	1.11645989992311
PDLIM1	TAC	-0.677010823471449	-0.595411744533907	0.000100026856132211	TRUE	0.879471529688206
PDPR	TAC	0.17889484089565	0.245706925894619	0.0696017166669561	TRUE	1.37347127879412
PDZD11	TAC	-0.392432812661203	-0.323013408625944	0.0466129986417083	TRUE	0.823104995822072
PDZK1IP1	TAC	0.757932001274004	0.875033345957647	2.78232680451462e-05	TRUE	1.15450112211492
PES1	TAC	0.503813105741159	0.510913343752128	0.0152802583157005	TRUE	1.01409299982485
PEX11A	TAC	-0.409668816247156	-0.373992663368677	0.0215353324258227	TRUE	0.912914648458486
PEX11B	TAC	-0.671437400953356	-0.59273382414205	0.00155866221092176	TRUE	0.882783448316169
PEX16	TAC	0.494763815500342	0.542588068840928	0.0138177832491813	TRUE	1.09666077397399
PEX2	TAC	-0.897754783473373	-0.858902641955685	0.000320554694672264	TRUE	0.956722991363665
PFDN6	TAC	-0.316945318759101	-0.254699852974672	0.142902624842331	TRUE	0.803608186963823
PFKFB3	TAC	0.536130723117912	0.592899780440134	0.000102152172607281	TRUE	1.10588659607507
PFN1	TAC	-0.282071221518234	-0.209975435509486	0.15564321551623	TRUE	0.744405736889087
PFN2	TAC	-0.755529069395904	-0.704377726204365	0.000262276106637646	TRUE	0.932297319502957
PGGT1B	TAC	-0.802171969457135	-0.712838624054535	0.000683839261880721	TRUE	0.888635668155974
PGK1	TAC	-0.793616317660483	-0.70620009258	6.4873717862911e-05	TRUE	0.889850771543888
PGM1	TAC	-0.689061758000138	-0.624843818230966	0.000179110821773664	TRUE	0.906803796577608
PGM2L1	TAC	0.279243629662354	0.338692883674669	0.0615128098163222	TRUE	1.21289385933064
PGM3	TAC	-0.403899517307152	-0.351039591111944	0.0505304409510172	TRUE	0.869126047617904
PGPEP1	TAC	0.236436914517	0.296035881632514	0.0568492782925573	TRUE	1.25207132835947
PGRMC1	TAC	-0.85363744859463	-0.794178000107828	0.000442917654177511	TRUE	0.930345782527826
PHF20	TAC	0.354372335514077	0.410874403691599	0.0104504707833851	TRUE	1.15944266105184
PHF21A	TAC	0.409225879559219	0.46498518319755	0.00964338812222891	TRUE	1.13625556550429
PHF6	TAC	-0.402980065128124	-0.347160775356936	0.034276522142048	TRUE	0.861483744230771
PHLPP2	TAC	-0.231630521222981	-0.17106543166704	0.216450138237923	TRUE	0.738527162844669
PHYH	TAC	-0.54535468249246	-0.522828818491112	0.0200860208263977	TRUE	0.958695020461919
PI4KB	TAC	0.466464097428011	0.549693725501676	0.00199973189970708	TRUE	1.17842665391094
PIEZO1	TAC	0.683813871092137	0.718132285831308	0.00141894306290621	TRUE	1.05018677770365
PIGL	TAC	0.456861710888575	0.504831545916108	0.00487730258032968	TRUE	1.10499858903525
PIGS	TAC	-0.335139588953027	-0.273192905074005	0.0416700157102055	TRUE	0.815161544857942
PILRB	TAC	0.619500998651833	0.697020015109126	0.0130899903023402	TRUE	1.12513138255788
PIM3	TAC	0.356887461529622	0.412007176576144	0.0143721596388442	TRUE	1.15444564740459
PITHD1	TAC	-0.339389243700935	-0.272789643219698	0.0380656591029409	TRUE	0.80376631930055
PITPNC1	TAC	1.18021291434322	1.24484392858049	5.34188215203946e-08	TRUE	1.05476216490415
PKIB	TAC	-1.48130855676303	-1.46151504860863	1.66765893853408e-06	TRUE	0.986637822306481
PKP4	TAC	0.348012124899625	0.382900953664156	0.0139676261930047	TRUE	1.10025176213212
PLAGL1	TAC	-0.554215344581099	-0.501639559418349	0.00164907703980753	TRUE	0.905134735664007
PLCB4	TAC	0.531538039037403	0.579774394365257	0.00264452726473776	TRUE	1.09074864221422
PLCL2	TAC	-0.408938163205599	-0.375407460578817	0.0886596645604246	TRUE	0.91800544521465
PLD3	TAC	0.627054432338622	0.67685774481457	0.000100191129329795	TRUE	1.07942422524661
PLEKHA2	TAC	0.56824517998434	0.618887479260791	0.000394768779658821	TRUE	1.08912050829511
PLEKHA5	TAC	0.211937744535915	0.268369532239815	0.07662429873762	TRUE	1.26626586891103
PLEKHB2	TAC	-0.438283525688401	-0.365624963468923	0.00672345141629552	TRUE	0.834220184056988
PLEKHG1	TAC	0.397099088595384	0.462032958117892	0.00193316877698851	TRUE	1.16352057052609
PLEKHM1	TAC	0.199989845466143	0.260246488932895	0.0315633589380511	TRUE	1.30129851506362
PLOD1	TAC	0.708296812968637	0.765089598833143	2.32508891479346e-05	TRUE	1.08018218467831
PLOD3	TAC	0.538424006862766	0.605714247267306	0.000201334680359533	TRUE	1.12497630036339
PLSCR1	TAC	-0.563312717476154	-0.502740000751099	0.00125325659782232	TRUE	0.892470532182475
PLXNB1	TAC	0.69053496986099	0.758610711203865	1.17074738838843e-05	TRUE	1.09858406064008
PMEPA1	TAC	1.48019250832732	1.51595647507097	1.62836714051354e-07	TRUE	1.02416169960492
PML	TAC	0.605943355219196	0.652548783477953	0.000457178867196242	TRUE	1.07691383667686
POC1B	TAC	0.432571562485782	0.492260133388037	0.00455101665073971	TRUE	1.13798542502252
POFUT1	TAC	0.325288204184654	0.380698682193133	0.00598608049062218	TRUE	1.17034272161011
POLB	TAC	0.231160380501981	0.304120118839352	0.0452961452096697	TRUE	1.31562388926222
POLE3	TAC	-0.351575122864023	-0.320714593606059	0.039521661390987	TRUE	0.912222090668514
POLM	TAC	0.590561982323266	0.64806365813601	0.00362919869654185	TRUE	1.09736772351402
POLR1C	TAC	0.294057146493501	0.339293977175675	0.0264472184518769	TRUE	1.153836868859
POLR2A	TAC	0.491575487352307	0.557737795520365	0.00100818904553423	TRUE	1.13459236652425
POLR2J3	TAC	0.548368463774745	0.611275049347297	0.00268477091677548	TRUE	1.11471590678196
POLR3C	TAC	0.270428599744387	0.316719821725311	0.00956452572476812	TRUE	1.17117724243915
POMP	TAC	-0.29148383971103	-0.213549761814165	0.130078643255753	TRUE	0.732629850168961
POMZP3	TAC	0.360289005718532	0.419928420783454	0.0387375450149631	TRUE	1.16553215368307
POP4	TAC	-0.219061514312514	-0.159971280646757	0.31183809027946	TRUE	0.730257348712296
SLC9A3-OT1	TAC	-1.18982124252501	-1.15613329728774	0.00487730258032968	TRUE	0.971686549177946
PPA2	TAC	-0.415081981206903	-0.358255114338417	0.0104504707833851	TRUE	0.86309483561957
PPARA	TAC	0.407611556198352	0.471154315663699	0.00152031898095679	TRUE	1.15589047586871
PPCS	TAC	-0.409714586355632	-0.361925425473411	0.0206470333357359	TRUE	0.883359874230252
PPFIBP1	TAC	0.305750912782575	0.358303514045041	0.0344426210982782	TRUE	1.1718804394865
PPIF	TAC	-0.590218214594028	-0.514121560405481	0.00168325559522809	TRUE	0.871070305343102
PPIL4	TAC	-0.625577920099526	-0.564567312531558	0.00976402251336576	TRUE	0.902473208200409
PPM1A	TAC	-0.928783731095646	-0.897590954795808	2.66351394824997e-05	TRUE	0.96641545792039
PPM1H	TAC	0.920105713167506	0.960970779777946	4.1981718242043e-06	TRUE	1.04441344730896
PPP1CB	TAC	-0.493656069949228	-0.431824204227556	0.0128285003046643	TRUE	0.874747076992223
PPP1R13B	TAC	0.517429215792449	0.56223786151772	0.00104028520427373	TRUE	1.0865986000745
PPP1R13L	TAC	0.877483852957111	0.942155706487508	2.02971280670256e-05	TRUE	1.07370147417808
PPP1R15B	TAC	-0.496701335753315	-0.451681566543085	0.0598112897036744	TRUE	0.909362496193108
PPP1R26-AS1	TAC	0.352063155933042	0.413472891484498	0.0109777440148195	TRUE	1.17442818004829
PPP2CA	TAC	-0.886472706102674	-0.823875823983024	0.00298505231026921	TRUE	0.929386565780627
PPP2R1A	TAC	-0.179706339992841	-0.0963480643112502	0.451388243754304	TRUE	0.536141709385926
PPP6R1	TAC	0.883934145607903	0.947273446308676	2.61541479610135e-05	TRUE	1.07165613073722
PPP6R2	TAC	0.648327592389041	0.707938788745159	0.000205774795140017	TRUE	1.09194610418547
PPRC1	TAC	0.414889286373251	0.473665440070125	0.00366763286367163	TRUE	1.14166707993514
PRADC1	TAC	-0.286165645378294	-0.222644492339554	0.218052173540298	TRUE	0.778026628756331
PRDM2	TAC	0.45412026334984	0.504663247698886	0.00758876099426705	TRUE	1.11129867664617
PRDX3	TAC	-0.963417204063	-0.90731174312847	0.000191787758906811	TRUE	0.941764107286108
PRDX4	TAC	-0.545717471090182	-0.472054080453719	0.00332835921662158	TRUE	0.865015517114918
PRDX6	TAC	-1.09970749418684	-1.02173399986513	3.96792230374994e-06	TRUE	0.929096150809299
PRELID3B	TAC	-1.03281427280676	-0.960935771824853	0.000311397971340305	TRUE	0.93040520171495
PRKAR1A	TAC	-0.615312810432616	-0.560512065766134	0.00439622179760712	TRUE	0.910938397937868
PRKCE	TAC	0.250201958242572	0.300246698125865	0.0635466342721991	TRUE	1.20001737889987
PRKCH	TAC	0.580001501985315	0.60650346865877	0.00964259940164083	TRUE	1.04569292766095
PRKRA	TAC	-0.796856000190027	-0.735268395034786	0.000199684199364948	TRUE	0.922711750754774
PRKRIP1	TAC	0.375448994950259	0.43820382344637	0.0153880804125289	TRUE	1.16714608199824
PRMT7	TAC	0.281607255010292	0.332630555221965	0.0603941629435323	TRUE	1.18118602878256
PLPBP	TAC	-0.310504500230469	-0.261626857860134	0.0702172305859579	TRUE	0.842586364017088
PRPF4	TAC	0.353009408080158	0.38582393517032	0.0202475017711363	TRUE	1.09295652279814
PRPS2	TAC	-0.823004553467771	-0.755050719351578	5.88415527455294e-05	TRUE	0.917432007113611
PRR12	TAC	0.681901961324199	0.733546457491521	0.0017644505099995	TRUE	1.07573595486811
PRR13	TAC	-0.291344982618244	-0.20544140753073	0.223800554481385	TRUE	0.705148259923612
PRR15L	TAC	-0.487728371024762	-0.427282425889979	0.0119862443633848	TRUE	0.876066374798373
PRSS16	TAC	-0.40547777335815	-0.345087837072657	0.0611067575439186	TRUE	0.851064743240188
PRUNE2	TAC	0.688201126621556	0.744534341135136	0.00119596798636923	TRUE	1.08185574294266
PSENEN	TAC	-0.286067845917967	-0.229190559273868	0.3229637432661	TRUE	0.801175534210826
PSMA5	TAC	-0.423210550297584	-0.343134922710742	0.0165641926087309	TRUE	0.810790096015952
PSMB2	TAC	-0.155399663169456	-0.0953953540955514	0.449527062468703	TRUE	0.613871048044212
PSMB4	TAC	-0.296421976203127	-0.199458102733262	0.194738046168636	TRUE	0.672885679017876
PSMC6	TAC	-0.439313475101858	-0.392424083381451	0.015204827259108	TRUE	0.893266666337663
PSMD6	TAC	-0.877108969321096	-0.81365644868261	3.376843191417e-05	TRUE	0.927657197842134
PSME3	TAC	-0.188829305374678	-0.129899380342925	0.399627075675112	TRUE	0.687919600642373
PSMG1	TAC	-0.806950527772038	-0.787572888708976	0.000325117813616939	TRUE	0.975986583568434
PTGDR	TAC	-1.25976636430208	-1.20374133394723	2.73904832028159e-05	TRUE	0.955527443863856
PTGR1	TAC	-0.435952512709866	-0.387502205125874	0.0118874242344212	TRUE	0.888863336782195
PTK2	TAC	0.357463178372791	0.411530803104305	0.00298104575618976	TRUE	1.15125368989789
PTMA	TAC	-0.450702848380036	-0.385773610893112	0.00115985457400335	TRUE	0.855937814193321
PTMS	TAC	0.748390913625306	0.824554002076954	0.00014553061103532	TRUE	1.10176912501877
PTP4A1	TAC	-1.19912677491396	-1.13813296494403	4.808338221748e-05	TRUE	0.949134811059235
PTPA	TAC	0.394837069897067	0.469837609168018	0.00940281595768092	TRUE	1.18995313507545
PTPDC1	TAC	0.341677055732787	0.412442971316818	0.0495504204090032	TRUE	1.20711345522532
PTPN1	TAC	-0.263953729727674	-0.252598666109788	0.0552627225429921	TRUE	0.956980855585555
PTPN12	TAC	0.547274253146844	0.600767422933942	0.00173360745173229	TRUE	1.09774472210142
PTPN14	TAC	0.442638352150917	0.483605484679154	0.00677957246497245	TRUE	1.092552153082
PTPN6	TAC	0.333008625453986	0.38714928408509	0.0096546030247998	TRUE	1.1625803492546
PTPRG	TAC	0.459276649436808	0.532361726194951	0.000193708429229307	TRUE	1.15913083508113
PTPRM	TAC	0.473278037099684	0.485549587454469	0.0355606371816933	TRUE	1.02592883969429
PTTG1IP	TAC	-0.191762174655664	-0.128089323908973	0.293600819056401	TRUE	0.667959278929619
PUM1	TAC	0.233676115069273	0.294627247989391	0.0176970651935841	TRUE	1.26083595622107
PUS7	TAC	0.417249654682655	0.489156848244901	0.000468820729441722	TRUE	1.17233613678347
PVT1	TAC	1.58764260905883	1.62627703852136	1.07152701951284e-09	TRUE	1.02433446245527
PXMP2	TAC	-0.867793688406482	-0.843545511062504	0.00132073625147061	TRUE	0.972057670310435
QPCTL	TAC	0.339630228223491	0.45085127881934	0.0350566912351962	TRUE	1.32747688913797
R3HDM1	TAC	0.341352321610352	0.389433834010143	0.0122274700890145	TRUE	1.14085597008089
RAB11A	TAC	-0.59990420720269	-0.526853298054476	0.00148368595910772	TRUE	0.878229043452045
RAB11FIP3	TAC	0.662687305985067	0.733237869790551	5.35597730383306e-05	TRUE	1.10646131768076
RAB11FIP4	TAC	0.288396363506974	0.363651491098775	0.00999464947146127	TRUE	1.2609433998289
RAB15	TAC	0.368175284875732	0.434457122773358	0.0149481744408319	TRUE	1.18002793946366
RAB1A	TAC	-0.354382634233896	-0.294346802924493	0.0243085876348066	TRUE	0.830590368968873
RAB21	TAC	-0.180954412052731	-0.129853258609926	0.385885239559323	TRUE	0.717602058644948
RAB3GAP2	TAC	-0.303284533907331	-0.235422524259093	0.110678754057357	TRUE	0.776243091680458
RAB4A	TAC	-0.506681902858057	-0.44927036465364	0.00784667881692084	TRUE	0.886691160902779
RAB9A	TAC	-0.266000725781097	-0.210095755484125	0.255961397781268	TRUE	0.789831512177982
RABEP1	TAC	0.167524608937733	0.234639918564364	0.0772979662096052	TRUE	1.40062955557519
RABEP2	TAC	0.512012505444666	0.565477987210493	0.00991348260658757	TRUE	1.10442221859287
RABGGTB	TAC	-0.639352175250496	-0.563634034644316	0.0211664642079128	TRUE	0.881570527891746
RAD21	TAC	-0.777414492170934	-0.73699308952727	0.000669795731888528	TRUE	0.948005339428666
RAD51B	TAC	0.339144453453711	0.383892465957528	0.00535334299248722	TRUE	1.13194381346391
RAD9A	TAC	0.328395473954166	0.383565216407743	0.0396936884444975	TRUE	1.16799787703919
RAI1	TAC	0.777632419287654	0.835288261480237	0.000416872839275824	TRUE	1.07414279647111
RALGDS	TAC	0.586627250667557	0.635464224218882	0.000121553427516508	TRUE	1.08325043457451
RANBP17	TAC	0.25195888851306	0.316164574932993	0.0419913923525135	TRUE	1.2548260424502
RANGAP1	TAC	0.777818136397775	0.841858518929186	1.44482563643891e-05	TRUE	1.08233336243353
RAP1A	TAC	-0.30347346722138	-0.238875158012513	0.0630537858356459	TRUE	0.78713687954228
RAP1B	TAC	-0.116973076096324	-0.0518183307289558	0.622989285309672	TRUE	0.442993656816248
RASAL1	TAC	1.45464679760551	1.49795923166185	9.67291526470123e-08	TRUE	1.02977522387403
RASSF1	TAC	0.6786715689686	0.749556013257875	6.11019831576821e-05	TRUE	1.10444587268773
RBM17	TAC	-0.442214411238392	-0.377717364752359	0.00304752050698099	TRUE	0.854149831287918
RBM22	TAC	-0.767579777395522	-0.735982331288923	0.00131058858922471	TRUE	0.958834967990152
RBM6	TAC	0.492021451510607	0.535464564576342	0.00158350364027718	TRUE	1.08829516057147
RBX1	TAC	-0.173127749282432	-0.106650712396591	0.364659854635081	TRUE	0.616023213139599
RCAN3	TAC	0.437217193748662	0.501137804128961	0.00408651946164325	TRUE	1.14619875726352
RCC2	TAC	0.428634500576974	0.488288876921115	0.00791189794694898	TRUE	1.13917306297986
REEP5	TAC	-0.454161223944819	-0.395672699068527	0.00832672192591717	TRUE	0.871216383538286
REG1A	TAC	6.62250939775742	6.32453771032001	7.58374616050553e-05	TRUE	0.955006226561443
REG4	TAC	4.74286903431977	4.99154908742338	4.42752353340893e-08	TRUE	1.0524324098566
RELA	TAC	0.451085210983759	0.507297505856682	0.0048729030326044	TRUE	1.12461569012722
REPS2	TAC	0.182398620957492	0.229471841932129	0.161604194485988	TRUE	1.25807882059376
RERE	TAC	0.130360401903881	0.193919698433996	0.114351066854594	TRUE	1.48756597557116
RETNLB	TAC	1.46407170865985	1.53509065994266	0.0091893903294269	TRUE	1.04850783664676
RETSAT	TAC	-0.346031991955946	-0.27957169482057	0.12941777315226	TRUE	0.807935975053321
REXO2	TAC	-0.397806457953148	-0.371358481515063	0.0398774170613169	TRUE	0.933515467360262
RFNG	TAC	0.291066161085784	0.338561844914195	0.106745587047151	TRUE	1.1631783085029
RGPD5	TAC	0.375862435816709	0.434313983371858	0.00792558195588339	TRUE	1.1555131398756
RGPD8	TAC	0.399798271221859	0.45835259336243	0.0089323247256004	TRUE	1.1464596681762
RGS12	TAC	0.535678925600427	0.597933404052091	0.00157434018503808	TRUE	1.11621603067898
RGS3	TAC	0.417986785664729	0.477293225823995	0.00797390324412669	TRUE	1.14188592126172
RHOA	TAC	-0.642726222815616	-0.559496965290321	0.000572037802812543	TRUE	0.870505894157097
RHOT1	TAC	0.300979827553601	0.362413566662451	0.0153919676786366	TRUE	1.20411248025554
RIDA	TAC	-0.786050169782647	-0.710741400387046	0.0035670368314965	TRUE	0.904193431551035
RLF	TAC	0.181329773074254	0.237434718795891	0.086494009643674	TRUE	1.30940834905618
RMDN3	TAC	0.251509358863294	0.298517416419844	0.036551251388629	TRUE	1.18690381053415
RMND5A	TAC	-0.853658020283869	-0.802793243278879	5.60630821713318e-05	TRUE	0.940415510899698
RNF103	TAC	-0.833691277247606	-0.818580405044683	0.00237017384174482	TRUE	0.981874738748844
RNF115	TAC	0.245660074760045	0.300112362151494	0.0230721114235363	TRUE	1.22165704966359
RNF128	TAC	-0.369070658954979	-0.32034809171033	0.087352000472169	TRUE	0.867985801465208
RNF213	TAC	0.558543197907289	0.625103590691475	6.87988588551877e-05	TRUE	1.11916785135612
RNF216	TAC	0.340865429627732	0.405972701410948	0.00463798009155037	TRUE	1.19100579326663
RNF24	TAC	1.20907508464323	1.33775163664177	7.09555516208778e-08	TRUE	1.1064256088252
RNF38	TAC	0.345040613804308	0.404035098876319	0.00774966783063466	TRUE	1.17097837967988
RNF43	TAC	1.65240374385717	1.7165173029447	2.60086500580819e-08	TRUE	1.03880017781724
RNF5	TAC	-0.582486351168347	-0.493899127203704	0.00213839919798636	TRUE	0.847915365249408
RNF7	TAC	-0.220537092060276	-0.16121027010218	0.269079170069081	TRUE	0.730989370523299
ENSG00000227598	TAC	0.352915401994646	0.395376810289419	0.00541755139682141	TRUE	1.12031610990845
LINC02742	TAC	0.624114032455711	0.654844334359742	0.0168994480328422	TRUE	1.04923828067624
LINC02754	TAC	0.370449372904602	0.473994902593917	0.0380165124476414	TRUE	1.27951330805999
LINC02511	TAC	0.52356303837953	0.478960042748256	0.0449317310414638	TRUE	0.914808738658627
ENSG00000254929	TAC	0.23522449195557	0.302273250103937	0.040559543760989	TRUE	1.28504156854989
ENSG00000262879	TAC	0.194100859334549	0.247538875778691	0.119285482283953	TRUE	1.27531056084629
RSL1D1-DT	TAC	0.386987527018215	0.494023788253232	0.0311004380683662	TRUE	1.27658840081939
ATP6V0D1-DT	TAC	0.708467736734142	0.738890843086925	0.000701694653344051	TRUE	1.04294211969768
ENSG00000227681	TAC	0.526621302695888	0.558887377642821	0.0132531820269186	TRUE	1.06126997670196
LINC00938	TAC	-0.831364495395964	-0.740001732782084	0.0028286587393589	TRUE	0.890105046438908
GPRC5D-AS1	TAC	0.218301866255388	0.289851591869338	0.0988782792223222	TRUE	1.32775590443302
NUPR2P1	TAC	0.31075141323195	0.36533580097	0.0134277320587369	TRUE	1.17565290265408
ENSG00000205236	TAC	0.263090392808063	0.305633996567254	0.274031002836067	TRUE	1.1617071733601
ENSG00000270149	TAC	0.388281775376773	0.415141442727926	0.0179245192613348	TRUE	1.0691757096379
POLR2J2-UPK3BL1	TAC	0.387133355503543	0.452442174705158	0.0292183729692111	TRUE	1.16869850730549
ENSG00000266953	TAC	-0.334935855842484	-0.266938783468621	0.132411117249426	TRUE	0.796984792199013
RP2	TAC	-0.345899670582117	-0.283619309038147	0.169272182163891	TRUE	0.819946745138099
RPA3	TAC	-0.575328206621799	-0.510192482151012	0.00303869395909701	TRUE	0.886785101580105
RPAP1	TAC	0.25937293539913	0.322956408520578	0.0512772265141765	TRUE	1.24514305250702
RPAP2	TAC	0.207851151178624	0.260381167865734	0.0726368843782723	TRUE	1.25272901491879
RPL5	TAC	-1.02891431209331	-0.945596335578647	3.44836781068849e-06	TRUE	0.919023405996605
RPLP2	TAC	-0.364153576235133	-0.283294568818214	0.07662429873762	TRUE	0.777953553956839
RPN1	TAC	-0.306925089708453	-0.215782206104908	0.125025575773187	TRUE	0.703045183793475
RPRD2	TAC	0.207239436747762	0.265173985034482	0.0605405240052786	TRUE	1.27955368532117
RPS13	TAC	-0.737414187853604	-0.663058134148393	9.52888838348941e-05	TRUE	0.899166499736546
RPS24	TAC	-0.739671230268941	-0.648441137668288	0.000380543229102597	TRUE	0.876661293737918
RRAGA	TAC	-0.273000143543764	-0.233616782302574	0.125025575773187	TRUE	0.85573867936492
RRP12	TAC	0.545843302759279	0.610903402388161	0.00213839919798636	TRUE	1.11919189866395
RSPH3	TAC	-0.300505801213284	-0.240888249407868	0.107065210289612	TRUE	0.801609314812853
RSRC2	TAC	-0.312030690978706	-0.193965485845329	0.174585008967125	TRUE	0.621623101358851
RSU1	TAC	-0.185778122964815	-0.122906202244342	0.21481615273109	TRUE	0.661575218238263
RUNX1	TAC	0.661167546311815	0.698466889930564	8.85602063293831e-06	TRUE	1.05641435945671
RUSC1	TAC	-0.271831714161623	-0.187938117200167	0.156865248673808	TRUE	0.691376713639911
RUSC1-AS1	TAC	0.797915037186032	0.857816717766509	0.00044740101643601	TRUE	1.07507275560532
S100A10	TAC	-0.544674168176541	-0.461910466393161	0.0043212994213285	TRUE	0.848049151916905
S100A11	TAC	0.84875617456568	0.941670102715279	1.15943093769526e-05	TRUE	1.10947069480483
S100P	TAC	5.72250325780485	5.72983646501204	9.90671541992935e-14	TRUE	1.00128146841982
SAFB2	TAC	0.295281473475894	0.364928815725469	0.0115271761643454	TRUE	1.23586763310858
SAMD1	TAC	0.306571197954554	0.392314167087685	0.00684995438121527	TRUE	1.27968370709711
SAMD12	TAC	0.252862313534151	0.286529769650495	0.121706737307343	TRUE	1.13314540884242
SAMD4B	TAC	0.449750367463255	0.509992628983146	0.00264479253963768	TRUE	1.13394599733109
SAMD5	TAC	0.503106026765065	0.555882355957336	0.00784667881692084	TRUE	1.10490100770929
SAP18	TAC	-0.34764073242897	-0.26294081985202	0.0523937191696236	TRUE	0.756357915871508
SAP30L	TAC	-0.520341632580813	-0.469255168936103	0.00384382454106414	TRUE	0.901821302686604
SAR1B	TAC	-0.451242847526922	-0.387011358663201	0.0819128842022518	TRUE	0.857656494245288
SART1	TAC	0.268541083218164	0.323353802058911	0.0610405751960205	TRUE	1.2041129728974
SAT2	TAC	0.215116306662316	0.271684769456922	0.0667346806965046	TRUE	1.26296687439602
SATB1	TAC	-0.343829881373653	-0.214054034029178	0.244848538369699	TRUE	0.622557973070868
SATB2-AS1	TAC	-1.38825970541011	-1.29695064013831	5.8394403150417e-06	TRUE	0.934227677345983
SAYSD1	TAC	-0.347892161116447	-0.318917415687864	0.106765840926565	TRUE	0.91671342827732
SBDS	TAC	-0.523474763899272	-0.46403026050386	0.0107381256358699	TRUE	0.886442465817033
SBNO2	TAC	0.716729115806835	0.768560439835851	0.000242401994015844	TRUE	1.07231647617757
SC5D	TAC	-1.20457100548365	-1.14132709295564	8.95332696208166e-05	TRUE	0.94749673349259
SCAI	TAC	0.228304897675052	0.278419342722396	0.0737346356179141	TRUE	1.21950665779703
SCAMP2	TAC	-0.230580884577788	-0.151586715034253	0.216528682868934	TRUE	0.657412323280054
SCHLAP1	TAC	-0.537827444479086	-0.460600300133278	0.0188799333044169	TRUE	0.856409067371773
SCIN	TAC	-0.540952037366957	-0.464656338569141	0.038982461100025	TRUE	0.858960326373519
SCLY	TAC	0.619288403866759	0.659510069005525	0.000108375271778673	TRUE	1.06494819681368
SCO1	TAC	-0.575519529671658	-0.512834638435082	0.00420763774880247	TRUE	0.891081209229618
SCP2	TAC	-0.856874459869965	-0.785191503022489	1.9080749667611e-05	TRUE	0.916343688364391
SCRIB	TAC	0.653411938645279	0.693959849823293	0.00112588426224425	TRUE	1.06205566317335
SCUBE2	TAC	-1.28820927379525	-1.26540241182896	9.23689521260862e-05	TRUE	0.982295685623274
SDCBP	TAC	-0.891706421419948	-0.825853179329289	0.00182333769126097	TRUE	0.926149189342166
SDCCAG8	TAC	0.21633316991577	0.257356678541076	0.0988782792223222	TRUE	1.18963115384145
SDHAF3	TAC	-1.06013293172535	-0.968528527964947	1.75537673024228e-05	TRUE	0.91359158741412
SDHC	TAC	-0.461268494661602	-0.387428472119428	0.00487730258032968	TRUE	0.839919648975062
SDHD	TAC	-1.14217335550782	-1.07310494204977	1.47925445577043e-06	TRUE	0.939528957557109
SEC11A	TAC	-0.350878517919484	-0.266983336447895	0.0299397927040931	TRUE	0.760899635665812
SEC61B	TAC	-0.472647309830855	-0.393478144545904	0.0143218753969207	TRUE	0.832498432471174
SEC61G	TAC	-0.333109072421184	-0.26041895802169	0.0913338824953333	TRUE	0.78178284406621
SELENOT	TAC	-0.641115363439502	-0.593176628830267	0.0115933311015385	TRUE	0.925226039893897
SEMA4B	TAC	0.604793046815087	0.668042927762387	0.000117683071509074	TRUE	1.10458103194205
SEMA4D	TAC	0.418414527717962	0.479168008789036	0.00343138414683934	TRUE	1.14519926304286
SEMA6A	TAC	-0.901032139854093	-0.827513347873259	7.72802921665953e-05	TRUE	0.918406027122696
SENP3	TAC	0.251490544947632	0.318634163785864	0.020008879810382	TRUE	1.26698267663388
SELENOF	TAC	-0.685281530342868	-0.617006736986457	0.000208506757360954	TRUE	0.900369716192043
SEPHS2	TAC	-0.702010757198309	-0.634376167014412	0.000475128026463936	TRUE	0.903655906280093
SEPTIN8	TAC	-0.441484414035067	-0.374431808918167	0.00934566406590333	TRUE	0.848120108014564
SEPTIN9	TAC	0.587851959914874	0.668259056828934	2.84472867873085e-05	TRUE	1.1367812007052
SERINC1	TAC	-0.641058849322364	-0.577586732148009	0.00799614437674315	TRUE	0.900988626486556
SERP1	TAC	-0.382540569914357	-0.320209700300122	0.00791189794694898	TRUE	0.837060760305267
SERPINA1	TAC	1.7297669619141	1.77461621949297	0.00163694940097135	TRUE	1.02592791894305
SERPINB6	TAC	0.536463706875715	0.611178535645662	0.000953090994461581	TRUE	1.13927284886628
SESN2	TAC	0.251189006188065	0.316756776553846	0.0599114236521919	TRUE	1.26102961813819
SESTD1	TAC	0.227982920538322	0.298570491329629	0.0768189893694357	TRUE	1.30961780217849
SETD5	TAC	0.339231784875037	0.388982761209269	0.00205352080315885	TRUE	1.14665776779307
SETDB1	TAC	0.237970154226532	0.29842895994138	0.0271728655129587	TRUE	1.25406045523379
SETX	TAC	0.221043670710295	0.278517515727904	0.0431968840194701	TRUE	1.26001126760574
SEZ6L2	TAC	0.865825010846845	0.932083183208633	1.16830056045795e-05	TRUE	1.07652605495536
SF3B5	TAC	-0.287935708022575	-0.192537340307515	0.247854753641903	TRUE	0.668681705474402
SF3B6	TAC	-0.677172781187557	-0.617666206364425	0.0034241876051569	TRUE	0.912124975373678
SFSWAP	TAC	0.269979709914613	0.333578818774152	0.0193681551816613	TRUE	1.23556995775591
SFT2D1	TAC	-0.596998414333191	-0.525543380293883	0.00128509159406062	TRUE	0.880309507824877
SGF29	TAC	0.195084937744658	0.248658979093654	0.0918858100050409	TRUE	1.27461905551682
SGMS1	TAC	0.442190048403866	0.506502382065541	0.00723338516582976	TRUE	1.14544048174268
SGPL1	TAC	-0.224613290176375	-0.172656658070291	0.218803674826363	TRUE	0.768684070006342
SGSM2	TAC	0.249704102945601	0.281919432411758	0.0893256939085609	TRUE	1.12901401733545
SH2D4A	TAC	0.270552086608835	0.356286001417339	0.0113829078184842	TRUE	1.3168850622559
SH3BGRL2	TAC	-0.776686270755166	-0.712737707641439	0.000802121539467865	TRUE	0.917664872521114
SH3BP4	TAC	0.245144066461024	0.289405394636077	0.034515915436786	TRUE	1.18055231282578
SH3D19	TAC	0.398497610556171	0.460232451174645	0.00376910346846792	TRUE	1.15491897312085
SH3GLB1	TAC	-0.536947818211011	-0.467982080469015	0.00342476166314925	TRUE	0.871559702073519
SH3PXD2B	TAC	0.71566381164596	0.786494494079651	2.91215398811621e-05	TRUE	1.09897200512457
SHANK2	TAC	0.251291932359842	0.308195211422896	0.1063479167382	TRUE	1.22644292050558
SHARPIN	TAC	0.298733933659178	0.366887890505737	0.0314412881503411	TRUE	1.22814266866755
SHROOM4	TAC	0.801902357916477	0.867339944598916	2.33866312818245e-05	TRUE	1.08160293586424
SIAE	TAC	-0.553968889466507	-0.477378986304465	0.00301560985810263	TRUE	0.861743313355013
SIKE1	TAC	-0.334339048722628	-0.286194524611592	0.206389270495127	TRUE	0.856000894017687
SIL1	TAC	0.529895149948119	0.589286632722551	0.000193708429229307	TRUE	1.11208157459121
SKI	TAC	0.518087760090622	0.556061882153706	0.00129089648168	TRUE	1.07329669795025
SKP1	TAC	-0.858202541295625	-0.798073743180492	6.25635010608041e-05	TRUE	0.929936355088909
SLC12A2	TAC	0.622808884848646	0.658715417201085	0.000691850997413095	TRUE	1.05765256923264
SLC12A9	TAC	0.269582646337704	0.330581828703598	0.0436659560589559	TRUE	1.22627265958908
SLC17A4	TAC	-0.775513155594389	-0.685360195262614	0.055949236852685	TRUE	0.883750572531968
SLC20A1	TAC	-0.734879869164687	-0.66570211553936	0.00404784982990668	TRUE	0.905865221612399
SLC22A5	TAC	-0.555584443996619	-0.499047922324808	0.0136995539526521	TRUE	0.898239552451985
SLC25A25-AS1	TAC	-0.260721251766201	-0.213584199279657	0.110039691030244	TRUE	0.819205177302486
SLC25A3	TAC	-0.667038384709897	-0.586355510137789	0.000262276106637646	TRUE	0.879043130917874
SLC25A37	TAC	0.532135413441829	0.585025140819058	7.44718481129192e-05	TRUE	1.09939148201985
SLC25A4	TAC	-0.318992560102547	-0.267657999422345	0.100172368136126	TRUE	0.839072859054457
SLC25A5	TAC	-0.661682856051762	-0.57459170376797	0.000302878064603814	TRUE	0.868379312706601
SLC26A2	TAC	-1.08991122585661	-1.03055854346325	0.000218711941840112	TRUE	0.945543562645011
SLC2A1-DT	TAC	0.818253731378859	0.862401209463244	0.00890440884838834	TRUE	1.05395328660462
SLC35A1	TAC	-0.493793463529101	-0.45866103150909	0.0249957425567502	TRUE	0.928851970277366
SLC35A5	TAC	-0.68983481403528	-0.639185603637959	0.00392133644840821	TRUE	0.926577769972145
SLC35B3	TAC	-0.976600290593095	-0.908562748905168	5.05003245619369e-05	TRUE	0.930332253283882
SLC35D1	TAC	-0.446903004032221	-0.391626421945197	0.0217970375177315	TRUE	0.876311903056622
SLC36A1	TAC	-0.363348147462087	-0.299245101879315	0.058910982336142	TRUE	0.823576792587167
SLC41A2	TAC	-0.621939349130242	-0.591220561307399	0.0017548345028883	TRUE	0.950608065134
SLC43A2	TAC	1.06982774241169	1.10404199434271	2.2259654807051e-06	TRUE	1.03198108496784
SLC48A1	TAC	0.511775732589137	0.54819006412895	0.00630418577770585	TRUE	1.07115290784811
SLIRP	TAC	-0.391269319043246	-0.279426542987364	0.0787530887284104	TRUE	0.714153983937799
SLMAP	TAC	0.40610755194835	0.461180411434518	0.00894116966190532	TRUE	1.13561151281711
SLTM	TAC	-0.274768052690211	-0.222700724220611	0.169599567294954	TRUE	0.81050443106534
SMAD4	TAC	-0.618048163835053	-0.561910041329398	0.00205943607035487	TRUE	0.909168693007173
SMAD6	TAC	0.841346015858586	0.902586252236265	7.01539591500442e-07	TRUE	1.07278840717536
SMAD9	TAC	0.86914852697443	1.03991860027782	0.000138639438820225	TRUE	1.19647973620557
SMAGP	TAC	-0.235142862458655	-0.156166510822519	0.307944495967227	TRUE	0.664134599662694
SMARCA4	TAC	0.406264413183706	0.456441490214401	0.00207546681380314	TRUE	1.12350842309195
SMARCB1	TAC	0.439390325595294	0.495306694843285	0.00412473892939902	TRUE	1.12725899044826
SMARCC1	TAC	0.184938568733023	0.23793805683436	0.0626360386188123	TRUE	1.28657888110861
SMC1A	TAC	-0.278710904322659	-0.200109642136334	0.141078130973267	TRUE	0.717982823896514
SMDT1	TAC	-0.474753257624027	-0.409913011869791	0.0344340563108203	TRUE	0.863423273641684
SMG9	TAC	0.466888847092048	0.497678979811468	0.00362919869654185	TRUE	1.06594745818238
SMIM14	TAC	-0.353722270773738	-0.292398703237422	0.0262464664261274	TRUE	0.826633569319296
SMIM15	TAC	-0.97671253416295	-0.929108054188511	0.00136483128949406	TRUE	0.95126050059833
SMIM19	TAC	-0.378888092364209	-0.314774272197347	0.0113829078184842	TRUE	0.830784283119587
SMN2	TAC	-0.340028479835917	-0.269088288012583	0.098956407593532	TRUE	0.791369852732435
SMTN	TAC	0.749839028078747	0.783497146199109	4.31296874622344e-05	TRUE	1.04488712491613
SMU1	TAC	-0.476045369023347	-0.412578023288141	0.00431821417937967	TRUE	0.86667794738679
SMYD3	TAC	0.392158114903986	0.437783178683893	0.00655787811243948	TRUE	1.11634354115324
SMYD4	TAC	0.301601931470347	0.366773496490162	0.0663955900810261	TRUE	1.21608470709088
SNHG7	TAC	0.449770441883202	0.494002853309835	0.00545394012328962	TRUE	1.09834441596791
SNRPB2	TAC	-0.18557482836305	-0.132539971385439	0.337097091899904	TRUE	0.714213088890178
SNRPD3	TAC	-0.225423011115295	-0.125343829671464	0.319835208877094	TRUE	0.556038307940777
SNRPG	TAC	-0.573442547583444	-0.495578241642284	0.00630892684234111	TRUE	0.864216029540728
SNTB1	TAC	0.728838044026869	0.79248822259424	5.86483953655288e-05	TRUE	1.0873310320297
SNTB2	TAC	0.363115524202168	0.411099284288586	0.00815639958683564	TRUE	1.13214461208137
SNW1	TAC	-0.37763553177941	-0.313092489470736	0.0325844873267645	TRUE	0.829086415664997
SNX12	TAC	-0.249366541167787	-0.177203109351353	0.162226441403406	TRUE	0.71061301376483
SNX13	TAC	-0.364088008059129	-0.310001789895835	0.0360208042723627	TRUE	0.851447405665416
SNX14	TAC	0.16216390754973	0.221601278287276	0.131612989437273	TRUE	1.36652650787487
SNX19	TAC	-0.285781356208552	-0.232219116310099	0.104014408865598	TRUE	0.812576157489554
SNX29	TAC	0.424308586718966	0.484483944828707	0.00392133644840821	TRUE	1.14181979812159
SNX3	TAC	-0.378491173378475	-0.30813781421105	0.0333490549011262	TRUE	0.814121532770661
SNX7	TAC	-0.535573372276111	-0.46945037983197	0.0297488382438585	TRUE	0.876537938839029
SNX8	TAC	0.297275829848376	0.357461536127773	0.0530503909382461	TRUE	1.20245744940009
SOCS7	TAC	0.408601725289878	0.460368429741883	0.00238417686640809	TRUE	1.12669232959131
SOD3	TAC	1.20673416974926	1.23828707918934	0.000108279428764358	TRUE	1.02614735724823
MTCL2	TAC	0.509435904117628	0.575620674329272	0.00403046438192211	TRUE	1.12991775741892
SORCS2	TAC	0.991445498983445	1.03885793767574	0.000754025894357223	TRUE	1.0478215280022
SORD	TAC	0.609004806929135	0.693896974626183	0.000255065819867971	TRUE	1.13939490580561
SOWAHC	TAC	-0.590318798575815	-0.531053858862904	0.0134704487374497	TRUE	0.899605196622754
SOX4	TAC	0.394700627458558	0.44862923646812	0.00777608962619207	TRUE	1.13663167792968
SPAG16	TAC	-0.802720039836805	-0.773618442583557	0.000131885367126627	TRUE	0.963746267927777
SPATS2	TAC	0.545946347455399	0.595643366414903	0.000398544284412552	TRUE	1.09102912619736
SPCS1	TAC	-0.744942355223435	-0.681250069627932	7.87333999821064e-05	TRUE	0.914500383621764
SPCS2	TAC	-1.09550181807631	-1.0291062475516	5.33383908550433e-06	TRUE	0.939392551039945
SPDYE6	TAC	0.676075440091511	0.713657985019982	0.0289988650300094	TRUE	1.05558927702415
SPINK4	TAC	1.51372391726296	1.64889429322259	0.00727070855588004	TRUE	1.08929658467975
SPINT2	TAC	-0.307136962828539	-0.211649570124997	0.0656345890324639	TRUE	0.689104848129764
SPPL2B	TAC	0.419534008009573	0.484615318214709	0.00767735498141343	TRUE	1.15512761531278
SPRYD7	TAC	-0.171924815624327	-0.129656022838915	0.413581541074446	TRUE	0.754143736423868
SPTSSA	TAC	-0.975849947066488	-0.913413605029187	0.000162662935777898	TRUE	0.936018501384366
SPTY2D1	TAC	-0.280087132485142	-0.249008169249869	0.199699519747544	TRUE	0.88903823264026
SQOR	TAC	-0.783885641065397	-0.686173042427087	0.000172172739996952	TRUE	0.875348400940848
SQSTM1	TAC	0.707335161502228	0.774923837813269	0.000192466436283083	TRUE	1.09555396082318
SRGAP3	TAC	0.599004768567492	0.671144114636898	0.00043311737109746	TRUE	1.12043200631261
SRI	TAC	-1.00020932460625	-0.908469025872807	1.62836714051354e-07	TRUE	0.908278900749542
SRP14	TAC	-0.426443320700165	-0.341183951138485	0.0172412813129231	TRUE	0.800068695127655
SRP19	TAC	-0.37996721417941	-0.341076193730119	0.133851998184164	TRUE	0.897646378429568
SRP9	TAC	-1.05284097472001	-0.986664154248781	1.44482563643891e-05	TRUE	0.937144524139718
SRSF1	TAC	-0.711962257062736	-0.640896631512551	0.00257888250637351	TRUE	0.900183436909462
SRSF2	TAC	-0.715714424427386	-0.631014284432962	0.00040633161864258	TRUE	0.881656513961991
SRSF3	TAC	-0.668817723423695	-0.573514543286023	0.00175240929485792	TRUE	0.857505002035812
SRSF4	TAC	0.288492330405111	0.333774410264694	0.011091932734999	TRUE	1.15696112196812
SRSF7	TAC	-0.305495358504626	-0.234402173154063	0.0706481764483738	TRUE	0.767285546665724
SS18L2	TAC	-0.313132757590125	-0.266389024784407	0.140049376856305	TRUE	0.850722316101776
SSH2	TAC	0.353269261091254	0.413514615192347	0.00502799769143188	TRUE	1.17053664367795
SSR3	TAC	-0.237224790872283	-0.148075967372146	0.26450717177899	TRUE	0.624201066118198
SSU72	TAC	-0.180835083336446	-0.0886566828632076	0.465600662367256	TRUE	0.490262626186649
ST3GAL2	TAC	0.665634099168199	0.72971510505084	5.90266540492658e-05	TRUE	1.09627061769029
STARD3	TAC	0.789434456245969	0.835064649663028	2.49008829827683e-05	TRUE	1.05780111706049
STARD7	TAC	-0.50574491720288	-0.432615493630942	0.00626392783675637	TRUE	0.855402553571088
STAT3	TAC	0.403823009311508	0.486161223103692	0.00231175387990404	TRUE	1.20389678619989
STAT5A	TAC	0.432290063993908	0.469812676907167	0.00722578041810447	TRUE	1.08679961914134
STAT6	TAC	0.562735894974629	0.63414470988001	5.85230356989758e-05	TRUE	1.12689578813628
STBD1	TAC	-0.837677590211859	-0.803555283919421	0.000257423612450108	TRUE	0.959265585362254
STEAP2	TAC	-0.722795214652673	-0.670043123358353	0.00680239271225043	TRUE	0.927016546007891
STIM2	TAC	0.280160814852609	0.346991400329503	0.0235312169512841	TRUE	1.23854365754916
STK3	TAC	0.297205289742113	0.322518216389844	0.0564192053613786	TRUE	1.08516983890056
STK39	TAC	0.266808478625527	0.318564445745977	0.0550820291754557	TRUE	1.19398171822377
STRADB	TAC	-1.19714457882002	-1.17372510503506	2.73904832028159e-05	TRUE	0.980437221870023
STRAP	TAC	-0.732885497500413	-0.676727248646663	0.000734352972596746	TRUE	0.923373775241448
STX18-AS1	TAC	0.228509000108871	0.286113630885278	0.0679906752615689	TRUE	1.25208911136525
STX3	TAC	-0.639293076068892	-0.572867854518425	0.00128509159406062	TRUE	0.8960958220306
STXBP6	TAC	0.386445471373645	0.37825092719009	0.0136125800648784	TRUE	0.978795082901536
SUCLG1	TAC	-0.82429563823054	-0.746243422124451	1.16830056045795e-05	TRUE	0.905310409899003
SUCLG2	TAC	-0.741207503989846	-0.691761294600294	0.000302878064603814	TRUE	0.933289653540489
SUDS3	TAC	-0.448478505998494	-0.394457393352869	0.0103376207316422	TRUE	0.879545815634236
SUFU	TAC	0.403808470252491	0.484573034981826	0.00231219604642337	TRUE	1.20000710901095
SUGP2	TAC	0.288537155427324	0.342836766215671	0.0154342482025573	TRUE	1.18818931900791
SUMF2	TAC	0.454205538009925	0.513732659110886	0.00725920899124632	TRUE	1.13105767349684
SUMO1	TAC	-0.689209443998984	-0.641153828856437	0.00242963060497049	TRUE	0.930274293887043
SUMO2	TAC	-0.836907164920443	-0.74979225261729	2.84341655429547e-05	TRUE	0.8959085117745
SUMO3	TAC	-0.732381272606507	-0.673780495323455	0.000661680095177141	TRUE	0.919985969774329
SUPT6H	TAC	0.197286633441679	0.235986478548173	0.107065210289612	TRUE	1.19616050226704
SUSD1	TAC	0.264095485536383	0.313759692590557	0.0696017166669561	TRUE	1.18805397961766
SWAP70	TAC	0.928159558581999	1.00081914127857	1.12641526969617e-05	TRUE	1.07828350419358
SYAP1	TAC	-0.116873067731175	-0.0364774366101515	0.703929419576295	TRUE	0.312111569570971
SYMPK	TAC	0.390344774360062	0.451337854116147	0.00693746004782954	TRUE	1.15625437757192
TAB1	TAC	0.182771399542295	0.234637827940078	0.143862871712743	TRUE	1.28377759609911
TAF13	TAC	-0.283612012395935	-0.187825878983729	0.348403486091	TRUE	0.662263482413841
TAF7	TAC	-0.367442345662171	-0.294829233612851	0.0570256135740024	TRUE	0.802382297776639
TAF8	TAC	0.181224918540061	0.233931313163542	0.142244671267239	TRUE	1.2908341471365
TAF9	TAC	-0.514517680714896	-0.467283418923416	0.0103712763879268	TRUE	0.908197009428615
TANGO6	TAC	0.363141507555058	0.420700217670771	0.0197495826567924	TRUE	1.15850215114004
TARBP2	TAC	0.501919346656885	0.566766291141257	0.00661346942186608	TRUE	1.12919793770911
TARDBP	TAC	-0.46737302900105	-0.40055304211248	0.0341767608540872	TRUE	0.857030716917087
TARS2	TAC	0.201311326401633	0.257453843674179	0.114015534427131	TRUE	1.27888404629821
TBC1D16	TAC	0.740066987640689	0.785995781785801	3.2395651007413e-05	TRUE	1.06206032009552
TBC1D19	TAC	0.279137392502237	0.289729545571955	0.0564192053613786	TRUE	1.03794601996805
TBCA	TAC	-0.141376032969779	-0.0689558214370772	0.55140515970666	TRUE	0.487747604658121
TBCD	TAC	0.728474777160773	0.788859489373208	6.46045359207595e-05	TRUE	1.08289197389618
TBXAS1	TAC	1.56898143977213	1.63593773594201	3.07285103589893e-09	TRUE	1.04267500843069
TCEAL8	TAC	-0.995328101489442	-0.991217773880109	0.000867778536756525	TRUE	0.995870379221503
TCEAL9	TAC	-0.970374395207689	-0.910052928193502	1.44482563643891e-05	TRUE	0.937836913966309
TCF12	TAC	0.213733545206213	0.264575584109314	0.0852202480069063	TRUE	1.23787580397849
TCF20	TAC	0.405597808015529	0.468906658941973	9.92267057824126e-05	TRUE	1.15608775411335
TCOF1	TAC	0.611767161882885	0.678963462079497	8.95332696208166e-05	TRUE	1.10983966512651
TCP1	TAC	-0.406667159996602	-0.344247888705052	0.0423963601621506	TRUE	0.846510174826825
TDP2	TAC	-0.805595586538416	-0.717157783765151	0.00211398297438707	TRUE	0.890220596722388
TDRD7	TAC	-0.234185160097597	-0.194289647180333	0.194254023928409	TRUE	0.829641157020206
TEAD1	TAC	0.452175898717061	0.515624780291357	0.00179294514674992	TRUE	1.1403190257471
TEC	TAC	0.315273342641126	0.358909109730312	0.022438506725096	TRUE	1.13840614218645
TECPR1	TAC	0.802432898230215	0.891404416574745	8.50620287522459e-05	TRUE	1.11087720673063
TECPR2	TAC	0.521311733485052	0.572229374312283	0.000893093739573443	TRUE	1.09767215574996
TES	TAC	-0.24255686224793	-0.170653425476794	0.208088260011347	TRUE	0.703560492559307
TFAM	TAC	-0.595865851320157	-0.553633017334088	0.00499744199136286	TRUE	0.929123587309961
TFAP4	TAC	0.260695586434137	0.259057998278385	0.0999898853984179	TRUE	0.99371838941291
TFCP2	TAC	0.408094493843827	0.465473749228045	0.00161138362161394	TRUE	1.14060286587982
TFG	TAC	-0.499993677876818	-0.424465381736131	0.0316097210623655	TRUE	0.848941497697707
TGFBR2	TAC	1.16700206991828	1.2197197921981	7.48611504846578e-07	TRUE	1.04517363219716
TGS1	TAC	0.616324749925917	0.65666161273086	0.000136206804351381	TRUE	1.0654474168201
THADA	TAC	0.369189787268903	0.421637682723779	0.00279424206434984	TRUE	1.14206215140148
THEM4	TAC	0.385128372711518	0.438171281046794	0.00886287756473715	TRUE	1.13772786450872
THOC7	TAC	-0.654493143061646	-0.587343219182309	0.000710715808768962	TRUE	0.897401638823568
TIMM17A	TAC	-0.230746562031394	-0.170245774907723	0.140805204710391	TRUE	0.737804166653456
TIMP1	TAC	4.18006122698532	4.181077081589	7.91547409703954e-13	TRUE	1.00024302385743
TJP1	TAC	-0.623128747920238	-0.553407376971042	0.00222745186048556	TRUE	0.888110809873723
TLDC2	TAC	-0.657088920003467	-0.60453256125204	0.00182616731230284	TRUE	0.920016367417747
TM9SF2	TAC	-0.540084007110869	-0.469389704025829	0.00240088419875468	TRUE	0.869104987086707
TMA7	TAC	-0.345771691944849	-0.24596411775573	0.121706737307343	TRUE	0.711348336158651
TMBIM4	TAC	-0.721108769213041	-0.653717036716165	0.000652769666032543	TRUE	0.906544289330413
TMBIM6	TAC	-0.305935443977692	-0.222614412102362	0.0510259860612715	TRUE	0.727651589524863
TMC5	TAC	0.609683819493629	0.681015371122516	0.00011408885722311	TRUE	1.116997613104
TMC7	TAC	0.885833532528143	0.939151584151959	0.000236102887113308	TRUE	1.06018969667094
TMCC1	TAC	0.379522639862709	0.426820532315046	0.0106971373748858	TRUE	1.12462469292859
TMCO4	TAC	0.636022387188706	0.696588839171861	0.000134651220380865	TRUE	1.09522691842793
TMED10	TAC	-0.353425094491656	-0.257727882658804	0.105372790459625	TRUE	0.729229154000802
TMED2	TAC	-0.792561968478177	-0.717575561477999	0.00178365751821436	TRUE	0.905387326187046
TMED4	TAC	-0.281973508856755	-0.206227093386309	0.100342249800873	TRUE	0.731370454701383
TMED5	TAC	-0.556004669222105	-0.495745503402356	0.00777608962619207	TRUE	0.891621115513191
TMED7	TAC	-1.37392139979854	-1.35058056494058	4.10884441634662e-06	TRUE	0.983011520992845
TMEM104	TAC	0.597204009966054	0.639794659206774	0.00112301230826718	TRUE	1.07131675027289
TMEM120B	TAC	0.675396450974726	0.736199559101481	0.000661795517534692	TRUE	1.09002580342109
TMEM126A	TAC	-0.421438198775097	-0.388452520614191	0.0360131804989616	TRUE	0.921730687306518
TMEM126B	TAC	-0.606284705761834	-0.571064261896937	0.00240943791266731	TRUE	0.941907748075815
TMEM131	TAC	-0.515168958467138	-0.448970184533448	0.00413082894317457	TRUE	0.871500848710564
TMEM143	TAC	0.533998520668079	0.577348727710037	0.00419384159337881	TRUE	1.08118038789269
TMEM14A	TAC	-0.33345326325905	-0.260372656838275	0.138032105727751	TRUE	0.780837033332611
TMEM14B	TAC	-0.797287546406496	-0.724761540170061	2.84472867873085e-05	TRUE	0.909034066111628
TMEM14C	TAC	-0.975828111854376	-0.868587147339317	7.85663697899455e-06	TRUE	0.890102608018468
TMEM164	TAC	-0.362506361599281	-0.29969776694734	0.00624223908645696	TRUE	0.826737951922149
TMEM167A	TAC	-0.245014750077614	-0.183858007358856	0.231780157867735	TRUE	0.750395669242831
TMEM170A	TAC	-0.807781644595309	-0.727687348219196	0.000572037802812543	TRUE	0.900846600177156
TMEM171	TAC	-0.910971494978965	-0.842444109418445	1.08552691153915e-05	TRUE	0.92477548865335
TMEM183A	TAC	-0.494622505523173	-0.439691398626414	0.00337162278581435	TRUE	0.888943373414323
TMEM184B	TAC	0.804904225454952	0.867007280013914	3.57544629219944e-06	TRUE	1.07715583120943
TMEM220	TAC	-0.656719325408618	-0.60874703866673	0.000572037802812543	TRUE	0.926951614052108
TMEM230	TAC	-0.763314919501627	-0.707699631424763	1.02494975843379e-05	TRUE	0.927139786402739
TMEM236	TAC	-1.06436303169383	-1.01319032729018	1.46505395912394e-05	TRUE	0.951921757069851
PGAP4	TAC	-0.660010835546329	-0.597530809269501	0.00419384159337881	TRUE	0.905334847684569
TMEM267	TAC	0.293515251685545	0.351039342873726	0.0289988650300094	TRUE	1.19598331213742
TMEM30B	TAC	-1.52546694597743	-1.54614083668834	8.43195562109593e-05	TRUE	1.01355249995119
TMEM33	TAC	-0.616897981249267	-0.546686248151711	0.00759914033907347	TRUE	0.886185827751662
TMEM39B	TAC	0.218349722661872	0.245872808050252	0.145591829438943	TRUE	1.12605047101892
TMEM50A	TAC	-0.405072113817892	-0.340365155463181	0.0253287082720267	TRUE	0.840258175896549
TMEM59	TAC	-0.874957075766614	-0.784725319786085	4.4221689400271e-06	TRUE	0.89687293413626
TMEM63A	TAC	0.40963348919149	0.472408732039313	0.00584997774054976	TRUE	1.15324734062082
TMEM65	TAC	-0.569442439534789	-0.500624265833899	0.0155402905544698	TRUE	0.87914814751582
TMEM98	TAC	-1.10109973615923	-1.01383380671698	1.05144469484447e-07	TRUE	0.920746571290044
TMEM9B	TAC	-0.845059274433947	-0.77933684175081	0.000539598761656879	TRUE	0.922227428688762
TMSB10	TAC	-0.529858904897885	-0.442179596338451	0.00784667881692084	TRUE	0.834523289598518
TMTC2	TAC	0.84832410206453	0.89727013679357	2.64953668706155e-06	TRUE	1.05769732889814
TMX1	TAC	-0.719628714369896	-0.660738297505153	0.0114116008520565	TRUE	0.91816555441884
TNFAIP8	TAC	0.371945034392877	0.430521709606846	0.0192513773665147	TRUE	1.15748745055727
TNFRSF10A	TAC	0.511434582272442	0.568005241297003	0.00474295806909334	TRUE	1.11061172041437
TNFRSF10D	TAC	0.477389328807976	0.548754595438031	0.00641146676747628	TRUE	1.14949070354851
TNK2	TAC	1.131533612077	1.20464042127532	3.80848665201823e-07	TRUE	1.06460860589384
TNRC18	TAC	0.583093219157694	0.650823096102984	0.00184741246555901	TRUE	1.11615617318124
TOB1	TAC	-0.700606385361225	-0.64605219250462	0.00347541971722931	TRUE	0.922132892310884
TP53I13	TAC	0.589020638462218	0.629793127914566	0.00306842257808829	TRUE	1.06922081636867
TP53INP2	TAC	-1.00077539759576	-0.973486958698069	0.00184741246555901	TRUE	0.972732704097994
TPK1	TAC	0.511896333004713	0.61925227061174	0.00505632698215547	TRUE	1.2097220290227
TPM3	TAC	-0.423411499969252	-0.340981976255246	0.00684995438121527	TRUE	0.805320536357676
TPP1	TAC	-0.453114935050832	-0.392071044774194	0.00814524721102295	TRUE	0.865279456591318
TPRKB	TAC	-0.601265168421178	-0.541861116166834	0.00125325659782232	TRUE	0.901201573990508
TPST1	TAC	0.438976341131526	0.47694557201514	0.0074612776337684	TRUE	1.0864949368017
TPT1	TAC	-0.935994384598713	-0.861937350350527	3.57544629219944e-06	TRUE	0.920878762237514
TRA2B	TAC	-0.435642616784258	-0.387553828391774	0.0081076007938883	TRUE	0.889614131997792
TRABD2A	TAC	-0.71010822029693	-0.662216423629071	0.00011068418606442	TRUE	0.932557045110909
TRAF2	TAC	0.460794402398694	0.517323641248072	0.00655518578797	TRUE	1.12267778982364
TRAF5	TAC	0.533581873847171	0.600039089634113	0.00102874991311185	TRUE	1.12454923797876
TRAK2	TAC	-0.988858483334622	-0.937124638890985	1.47925445577043e-06	TRUE	0.947683267812822
TRAM1	TAC	-0.639134150645858	-0.612274041817261	0.0106461018989671	TRUE	0.957974223718988
TRAP1	TAC	0.578104109369618	0.636454144889756	0.00626149777236003	TRUE	1.10093343841434
TRAPPC1	TAC	-0.281343207242861	-0.227170921833593	0.150515397765164	TRUE	0.807451240994401
TRAPPC12	TAC	0.403763262249271	0.457661599641295	0.0023003572584577	TRUE	1.13348994926326
TRAPPC2	TAC	-0.295057856843391	-0.234070336309402	0.128925862641318	TRUE	0.793303180649214
TRIM13	TAC	-0.812335666925363	-0.750522418683898	7.3949406029169e-05	TRUE	0.923906765690316
TRIM16	TAC	0.741366735759439	0.788962036096171	4.73200299148837e-05	TRUE	1.06419940097255
TRIM2	TAC	0.270391342300791	0.324380566158761	0.0385469174061183	TRUE	1.19967068249512
TRIM65	TAC	0.613468046772657	0.678280626694921	3.13949882560511e-05	TRUE	1.10564947964809
TRIM66	TAC	0.471055746744874	0.545547262150065	0.00314428063318493	TRUE	1.15813736679777
TRIP6	TAC	0.996005656465174	1.09548356363301	7.22512663306857e-06	TRUE	1.09987684961638
TRMT5	TAC	-0.614935891952503	-0.566682233885834	0.00525688315464396	TRUE	0.921530587662631
TRNAU1AP	TAC	0.331574197985539	0.391598924549579	0.0130051031489091	TRUE	1.18102954611281
TSC2	TAC	0.389159862145333	0.449898268449348	0.0166024179802929	TRUE	1.15607572160495
TSEN2	TAC	0.534886673016632	0.587553184369272	0.000494988350350565	TRUE	1.09846293431768
TSEN34	TAC	-0.3519612401831	-0.291132775631526	0.0385578972267459	TRUE	0.827172831531309
TSG101	TAC	-0.149216019696898	-0.0822182046060558	0.471621169612138	TRUE	0.551001191246525
TSPAN13	TAC	-0.713790559134615	-0.640133649044406	0.0117973334858729	TRUE	0.896808791952209
TSPAN3	TAC	-0.704250208655813	-0.627496726171471	0.000542127468163145	TRUE	0.891013901677303
TSPAN5	TAC	1.18958950008947	1.25703823837137	2.84472867873085e-05	TRUE	1.05669917082895
TSPAN7	TAC	-1.15023655870641	-1.09649497677277	2.1738547142115e-05	TRUE	0.953277800529938
TSPYL1	TAC	-0.787337745594405	-0.722567691552168	0.000229251844267996	TRUE	0.917735362740246
TST	TAC	-0.475698457975372	-0.391704036277892	0.0316621711503911	TRUE	0.823429274807889
TTC22	TAC	-0.587699607267158	-0.527135746380735	0.00314428063318493	TRUE	0.896947589997466
TTC3	TAC	0.218201613000003	0.260272482025446	0.0800775464304769	TRUE	1.19280732368116
TTC39C	TAC	0.170936460636214	0.21151637905206	0.119733185388374	TRUE	1.23739767551528
TTC7A	TAC	0.521753552588858	0.575284102206595	0.00439622179760712	TRUE	1.10259738405638
TTF1	TAC	0.33571556550314	0.39626171413187	0.0130051031489091	TRUE	1.18034954244075
TTL	TAC	0.842604417887558	0.896267822281719	1.99386299594287e-07	TRUE	1.06368754216682
TTLL3	TAC	0.947541369380676	0.983303783816116	7.80827520626428e-06	TRUE	1.03774232512805
TTLL5	TAC	0.256910192216317	0.316025110319446	0.0355606371816933	TRUE	1.2300995440981
TTYH3	TAC	1.01197963640875	1.07587090118254	6.26334865574783e-05	TRUE	1.06313493125269
TULP3	TAC	0.250754500189172	0.280430228396399	0.0409503564018293	TRUE	1.1183457452801
TUSC1	TAC	-1.21470501597471	-1.18335560932864	2.23304912475906e-06	TRUE	0.974191753360863
TUSC2	TAC	-0.243957201793086	-0.167747206063622	0.237369752235917	TRUE	0.687609157797677
TWSG1	TAC	0.704371845416168	0.782000132729151	4.73200299148837e-05	TRUE	1.11020924220376
TXN	TAC	-0.985144018773045	-0.910246452333228	1.16446898018622e-05	TRUE	0.923972977541802
TXNIP	TAC	-0.930339716398643	-0.869740338102458	2.73904832028159e-05	TRUE	0.934863171776901
TXNL1	TAC	-0.531026332636142	-0.475684115067926	0.00105100750392607	TRUE	0.895782536256753
TYK2	TAC	0.369700071893039	0.450120438153921	0.00375328855342727	TRUE	1.21752867357881
TYW1	TAC	0.463740487657019	0.522279324523233	0.00140127470218304	TRUE	1.12623188706678
TYW1B	TAC	0.425296320589767	0.475708499585648	0.0103805215024495	TRUE	1.11853424672467
ENSG00000275895	TAC	-0.110271600777422	-0.023461470135514	0.830454915583294	TRUE	0.212760764966765
UAP1	TAC	-0.686916536392433	-0.654415432707502	0.00127825162898643	TRUE	0.952685512776237
UBA7	TAC	0.396229835268645	0.385247299179632	0.0866423237710442	TRUE	0.972282410077558
UBALD1	TAC	0.654121384361223	0.68864397560796	0.000156546589195261	TRUE	1.0527770411916
UBAP2	TAC	0.241393045044647	0.303646019648743	0.0234241668844297	TRUE	1.25789050630097
UBB	TAC	-0.416095151821528	-0.289571580501433	0.165164094782756	TRUE	0.695926350580592
UBE2A	TAC	-0.403261253796986	-0.34809123092246	0.0380143309699328	TRUE	0.863190370125913
UBE2B	TAC	-0.153163090192584	-0.0829717649436968	0.495201079190897	TRUE	0.541721669622687
UBE2D1	TAC	-0.341850765469834	-0.317580936532029	0.168528535346988	TRUE	0.929004608474552
UBE2E3	TAC	-0.708154806984614	-0.648152437565521	0.000572037802812543	TRUE	0.915269417326151
UBE2H	TAC	0.249307674491455	0.309292947752825	0.0146100427333087	TRUE	1.24060740762886
UBE2N	TAC	-0.477104035580189	-0.41209376264261	0.011091932734999	TRUE	0.863739838506036
UBE2O	TAC	0.331237618149575	0.391166503275559	0.00643693050536173	TRUE	1.1809241518544
UBE4B	TAC	0.219180555113683	0.278013610694567	0.0514502970245455	TRUE	1.26842278755234
UBQLN1	TAC	-0.443745501579204	-0.374838706639886	0.0233662325607495	TRUE	0.844715507663533
UBR1	TAC	0.192639423645051	0.263347702586467	0.103672407485223	TRUE	1.36704988835359
UBR7	TAC	-0.32667181084657	-0.251364445042331	0.103180011428663	TRUE	0.769470877792975
UBXN7	TAC	0.348182366441632	0.381042029693844	0.0210203448677003	TRUE	1.09437486334541
UCHL3	TAC	-0.556366739615017	-0.480338140257157	0.0304764610609158	TRUE	0.863348050944834
UFL1	TAC	-0.666076719955349	-0.640225911926929	0.00893596315732468	TRUE	0.961189443717305
UFM1	TAC	-0.529254546618917	-0.474612183646563	0.0203012390449895	TRUE	0.896755987602884
UGDH	TAC	-0.76833058011374	-0.69146719297572	1.44482563643891e-05	TRUE	0.899960525941007
UGP2	TAC	-0.663329900134328	-0.610826411978316	0.00070975911786159	TRUE	0.920848603168078
UGT2A3	TAC	-3.08065895989461	-3.00375465200114	5.60248776899233e-10	TRUE	0.975036409776401
ULK1	TAC	0.30026306281281	0.341475944088629	0.0471207031587275	TRUE	1.13725591449626
UNC45A	TAC	0.422509552952412	0.466423875778246	0.00630892684234111	TRUE	1.10393687555458
UNC50	TAC	-0.262703807726483	-0.280082681873928	0.152462471512172	TRUE	1.06615387229385
UNG	TAC	-0.711294320391814	-0.650342100684818	0.000401093534563301	TRUE	0.914308018552123
UNK	TAC	0.451306526348784	0.515261054881241	0.00163744659693319	TRUE	1.14170973561998
UPF3A	TAC	0.149517659651831	0.211739459986955	0.105712521238227	TRUE	1.41615017570509
UQCR10	TAC	-0.371954179884227	-0.270739520167095	0.114077117053148	TRUE	0.72788406424513
UQCRC1	TAC	-0.185528914390104	-0.115076290494668	0.407512226393699	TRUE	0.620260679436209
UQCRC2	TAC	-0.719203005117435	-0.640334076166878	0.00016393524891473	TRUE	0.890338432418426
UQCRFS1	TAC	-0.674890293357588	-0.606339464216547	0.00139769529692296	TRUE	0.898426707546794
UQCRH	TAC	-0.286157544739833	-0.202051128948924	0.140703179269442	TRUE	0.70608352868216
UQCRQ	TAC	-0.277646872990095	-0.187857608243949	0.208149400788117	TRUE	0.67660624526699
URAD	TAC	-0.65672581445969	-0.618074870412057	0.00226032219231402	TRUE	0.94114599548758
URB1	TAC	0.308907007339075	0.37241854612386	0.0130051031489091	TRUE	1.20560083544842
URGCP	TAC	0.333195883749382	0.393867095532454	0.0078323383409533	TRUE	1.18208871940539
URM1	TAC	0.379704973621609	0.449111404590308	0.00337574943978708	TRUE	1.18279041832585
ATP5MK	TAC	-0.685145087918689	-0.626061027975576	0.000191787758906811	TRUE	0.913764163262708
USP22	TAC	-0.274752198789972	-0.213322051375281	0.0570049333548561	TRUE	0.776416175429228
USP32	TAC	0.224453294845472	0.276555884861832	0.0910624948962852	TRUE	1.23213109904326
USP36	TAC	0.298248231246589	0.351523366084745	0.0138571504498266	TRUE	1.17862682576685
USP38	TAC	-0.983175720048033	-0.957264999966124	0.000287390500779615	TRUE	0.973645891010569
USP40	TAC	0.280090324828068	0.407909705369493	0.00417778698676289	TRUE	1.45635057412242
USP49	TAC	0.429191587217789	0.508292388463931	0.00559175718194965	TRUE	1.18430184468179
USP6NL	TAC	0.473703101098189	0.514044064452422	0.000354950564353573	TRUE	1.08516085974677
VAC14	TAC	0.362366014834654	0.416569916177641	0.018468418299137	TRUE	1.1495832918209
VAMP2	TAC	-0.44154159130621	-0.372638452367778	0.0114894964323174	TRUE	0.843948700880938
VAMP8	TAC	-0.210020271250827	-0.121188940441053	0.348142052947912	TRUE	0.577034491572086
VAPA	TAC	-0.491283542143244	-0.438530073472343	0.00498821483641004	TRUE	0.892621135972188
VAV3	TAC	-0.669685547543452	-0.609846747943668	0.000734352972596746	TRUE	0.910646422310762
VDAC2	TAC	-0.600930691169725	-0.513950410689272	0.0020029715056095	TRUE	0.855257383657433
VDAC3	TAC	-0.407427549562854	-0.346828243017771	0.025247579640809	TRUE	0.851263601074345
VGLL4	TAC	0.36721236383997	0.428206374956132	0.00656906045209174	TRUE	1.16610010207266
VIL1	TAC	-0.127795731102852	-0.0648625048700781	0.479967466954266	TRUE	0.507548290622288
SELENOS	TAC	-0.278035673275789	-0.215962409961486	0.0537215402799009	TRUE	0.776743528688381
VOPP1	TAC	0.122252901339986	0.188412477639472	0.0794209139038242	TRUE	1.54116978471943
VPS25	TAC	-0.3021313370637	-0.231374424874868	0.104229868398401	TRUE	0.765807437002425
VPS29	TAC	-0.383403259164313	-0.312876992839336	0.00446512716274005	TRUE	0.816051990588968
VPS36	TAC	-0.166198919093439	-0.16120601302635	0.202382591049857	TRUE	0.969958251868765
VPS4B	TAC	-0.247762701840479	-0.204716393276081	0.16629059529688	TRUE	0.826259932408577
VPS53	TAC	0.393188405605177	0.462103083017216	0.00109214098299263	TRUE	1.17527138753232
VRK2	TAC	0.191110120449966	0.23483976871194	0.0940881369798109	TRUE	1.22881911308001
VWA1	TAC	2.22086476693401	2.17802448033322	1.21377498133954e-07	TRUE	0.980710087692584
WASF2	TAC	0.207899319478578	0.273326174289534	0.0370136429788636	TRUE	1.31470451647004
WASL	TAC	-0.762972893741787	-0.750485461044451	0.000334802725009099	TRUE	0.983633189593283
WDR1	TAC	-0.523904220082026	-0.439207151767445	0.0037286105526577	TRUE	0.838334823297815
WDR27	TAC	0.168309497897203	0.213620043057054	0.137637438711986	TRUE	1.2692096745932
WDR31	TAC	0.319799857578648	0.366511834432217	0.0145139450175811	TRUE	1.14606628410421
WDR46	TAC	0.28296141096712	0.32089835744678	0.0655087470490539	TRUE	1.13407109594908
DNAI3	TAC	-1.02408709214834	-0.949623106095237	7.85052796526024e-05	TRUE	0.927287447889913
WDR73	TAC	0.425716774237679	0.473491850268772	0.00718590372370922	TRUE	1.11222267695851
WRNIP1	TAC	-0.304742982359461	-0.238185816299879	0.0992074239863539	TRUE	0.781595738335743
WTAP	TAC	-0.726915536864177	-0.677112766336006	9.82149533569899e-05	TRUE	0.931487541533349
WWC1	TAC	0.818255702591955	0.88365213858928	1.23742081823732e-07	TRUE	1.07992176014193
WWP2	TAC	0.406318870419271	0.47068499298048	0.00304960490019815	TRUE	1.15841283102306
WWTR1	TAC	-0.252085473855622	-0.186013611988371	0.257701882003592	TRUE	0.737898971897552
XACT	TAC	1.17655881005172	1.18420317410814	2.42838011556657e-05	TRUE	1.00649722223072
XDH	TAC	0.410702655839862	0.491146781159987	0.0260063961038486	TRUE	1.19586950358434
XPNPEP3	TAC	0.335894970146624	0.391755348855996	0.00568396734131532	TRUE	1.16630311160953
XPO4	TAC	0.259101758909789	0.324246449570712	0.0137309920603165	TRUE	1.25142511936248
XPO5	TAC	0.180025239134117	0.257686486695349	0.0421571809219991	TRUE	1.43139088682657
XPO7	TAC	-0.200055143313439	-0.153353893708383	0.227636065259049	TRUE	0.766558115769677
XRRA1	TAC	0.234937760136781	0.293253521943404	0.0828439807449852	TRUE	1.24821791853584
XYLT1	TAC	0.380189579831504	0.437618871355509	0.0109777440148195	TRUE	1.15105435438146
YAP1	TAC	0.240452651081336	0.291349305149771	0.0233823340952359	TRUE	1.2116701722337
YIPF2	TAC	0.599156327695118	0.665225618256545	0.000801864443487606	TRUE	1.11027053793388
YIPF6	TAC	-0.419635249582306	-0.377169511416394	0.0178517051687631	TRUE	0.898803214915378
YME1L1	TAC	-0.457984618422652	-0.406824102948568	0.00487220519219438	TRUE	0.888292066117227
YRDC	TAC	-0.352039015045012	-0.313882992784755	0.0623602337775273	TRUE	0.891614222771932
YWHAB	TAC	-0.497093125849678	-0.422987052520243	0.0020972857053429	TRUE	0.850921146409405
YWHAE	TAC	-0.59063493571335	-0.518156041811928	0.00113651578443335	TRUE	0.877286476774551
YWHAH	TAC	-0.567428424672462	-0.485200569820356	0.00476714413836583	TRUE	0.855086824563697
YWHAQ	TAC	-0.744378480501991	-0.680637211505481	0.000112438537572419	TRUE	0.91436981231171
PTGR3	TAC	-0.365487199056124	-0.320838962416246	0.0409388440322668	TRUE	0.877839123353204
ZBTB1	TAC	0.253916408483719	0.332888696968549	0.0832190822629633	TRUE	1.31101687739055
ZBTB4	TAC	0.878356842972876	0.919043971388467	7.7539526338587e-08	TRUE	1.04632186649549
ZC3H12A	TAC	1.08936318519588	1.07323051066692	0.000949575682928573	TRUE	0.985190729089989
ZC3H15	TAC	-0.394095324657043	-0.333475975421852	0.0204500943980708	TRUE	0.846180998752157
ZCCHC7	TAC	0.154633447682119	0.212209316965578	0.129860073055114	TRUE	1.37233774546512
ZDHHC21	TAC	-0.348226977069621	-0.259155255487312	0.222341585445287	TRUE	0.744213609376678
ZDHHC24	TAC	0.412557220967699	0.463746873729791	0.0113829078184842	TRUE	1.12407891599139
ZDHHC6	TAC	-0.648565902292428	-0.581512231454624	0.00474295806909334	TRUE	0.896612401915064
ZDHHC7	TAC	-0.303094142944147	-0.261062265495023	0.0131637972678105	TRUE	0.861324019524623
ZDHHC8	TAC	0.765139573657246	0.799600553222793	0.000201285189675895	TRUE	1.04503881481496
ZFAND6	TAC	-0.19813869399287	-0.145059175289015	0.407512226393699	TRUE	0.732109273387231
ZFP36	TAC	-0.271667795222184	-0.188298869980343	0.25291648095898	TRUE	0.693121795413189
ZFYVE9	TAC	0.284456040689678	0.337063742763663	0.0133993893507018	TRUE	1.18494141290315
ZG16	TAC	-1.24455015550962	-1.1521858048259	0.0252081205160068	TRUE	0.925784951072625
ZHX2	TAC	0.484989909856908	0.53710314509567	0.00416294316051114	TRUE	1.10745220504513
ZKSCAN1	TAC	0.270901808477586	0.327380423407027	0.0244425600801799	TRUE	1.20848371314625
ZMIZ2	TAC	0.508812296972228	0.569170497892254	0.00126640581881049	TRUE	1.11862567253032
ZMYM2	TAC	0.353834748496782	0.403867004049225	0.0160353071872988	TRUE	1.14140006250092
ZMYM5	TAC	0.332546296819837	0.392793437953157	0.00693746004782954	TRUE	1.18116918368801
ZNF106	TAC	0.442834839311511	0.510452366612072	0.0010266917100364	TRUE	1.15269242909092
ZNF131	TAC	0.147953983031615	0.216459134942457	0.0870151471422361	TRUE	1.46301661170016
ZNF142	TAC	0.473305712561895	0.521308229877912	0.00236475056470922	TRUE	1.10141968719581
ZNF282	TAC	0.383750347302905	0.45404477032117	0.0123522180725741	TRUE	1.18317748377901
ZNF3	TAC	0.426844665134296	0.487398314902809	0.00303869395909701	TRUE	1.14186343350329
ZNF316	TAC	0.439996376835876	0.481787222466884	0.0186024538184563	TRUE	1.09497997672512
ZNF335	TAC	0.31869188786929	0.374488635871736	0.0416700157102055	TRUE	1.17508054056692
ZNF346	TAC	0.171308616607736	0.205103081370215	0.198507733822571	TRUE	1.19727241648248
ZNF398	TAC	0.224782791752604	0.323861541977791	0.0189941113965142	TRUE	1.44077551245218
ZNF444	TAC	0.317899361304894	0.369291763357182	0.0623488760072172	TRUE	1.16166248916429
ZNF506	TAC	0.243267239415554	0.305403923001905	0.0526755092521131	TRUE	1.25542561232509
ZNF526	TAC	0.539588502630219	0.560344843616667	0.0174189780774144	TRUE	1.03846698157072
ZNF562	TAC	0.403872330894964	0.457425866418929	0.00136102271698146	TRUE	1.13260015957343
ZNF565	TAC	0.555711905730023	0.643968900007848	0.00131058858922471	TRUE	1.15881789353043
ZNF589	TAC	0.42347851874299	0.47604918695009	0.00632718183477348	TRUE	1.12414010600383
ZNF611	TAC	0.41425017142245	0.47459927601164	0.00856058661354536	TRUE	1.14568275103415
ZNF664	TAC	-0.867898869494227	-0.813895348973899	0.0012717467947471	TRUE	0.937776712911495
ZNF69	TAC	0.191872524683356	0.243667960066695	0.109909615044269	TRUE	1.26994711967655
ZNF703	TAC	0.485931172338695	0.559822472971799	0.0016247066906295	TRUE	1.15206124825761
ZNF706	TAC	-0.268081895626867	-0.198649390311488	0.108638969776652	TRUE	0.741002632225418
ZNF710	TAC	0.633856400012632	0.688333851737954	0.000234550829364759	TRUE	1.08594604665069
ZNF771	TAC	0.285951946287988	0.32383645209667	0.0498223252756741	TRUE	1.13248556724467
ZNF786	TAC	0.4028380466122	0.447128650157263	0.0284153625490054	TRUE	1.10994642615696
ZNF814	TAC	0.372411557408611	0.419548146796462	0.0068289078683931	TRUE	1.12657123134375
ZNF827	TAC	0.32390271501498	0.392424642705671	0.00766090192248585	TRUE	1.21155095191938
ZNF846	TAC	0.445124378449694	0.50343764321377	0.00856058661354536	TRUE	1.13100442839634
ZNFX1	TAC	0.951563635300003	1.0030399344369	3.07285103589893e-09	TRUE	1.0540965388202
ZNRF3	TAC	0.902503862916555	0.930523326104988	1.44482563643891e-05	TRUE	1.0310463637218
ZP3	TAC	0.618308398626186	0.671155686442419	0.000734352972596746	TRUE	1.08547075849795
ZRANB2	TAC	-0.695499557087925	-0.682792064256677	0.00144676352088279	TRUE	0.981728970634497
ZRANB3	TAC	0.269634030588077	0.31941503118878	0.0384417689736079	TRUE	1.18462432391093
ZSWIM5	TAC	0.319613064968823	0.357467035581448	0.0170065708272143	TRUE	1.1184368687066
ZYX	TAC	1.49878878153133	1.54361734166564	1.51042203209265e-09	TRUE	1.02990985833808
