gene	common_effect	common_se	common_z	common_p_value	logFC_ABS	logFC_GOB	logFC_TAC	discovery_common_effect	discovery_common_z	strict_state_shared	shared_direction	expected_sign	common_direction_match	all_state_direction_match
ABCD3	-0.610920886665034	0.108845521989461	-5.61273330770728	1.99155420337698e-08	-0.765815764754064	-0.620427477874164	-0.427632914030229	-0.337870397272451	-3.22217882659298	TRUE	down	-1	TRUE	TRUE
ABHD5	-0.457044893694032	0.146699672167447	-3.11551407676187	0.00183624584157857	-0.740351028236211	-0.743614858317731	0.146818110378268	-0.520344995016802	-4.24791291970942	TRUE	down	-1	TRUE	FALSE
ABI2	0.552051987343845	0.118608298247919	4.65441284883731	3.24905223434478e-06	0.652711914998542	0.348295034822186	0.516206882432552	0.316147673591055	3.23998931509516	TRUE	up	1	TRUE	TRUE
ABLIM2	0.436578266456548	0.0966409812176836	4.51752725350704	6.25659772894543e-06	0.460902690139795	0.50463666922303	0.1473539867586	0.624529591270727	8.2861428857813	TRUE	up	1	TRUE	TRUE
ABR	0.456011772099265	0.101431642130378	4.49575460400334	6.93236511706545e-06	0.544897878637429	0.39145499163458	0.38532267352641	0.310655418298048	2.81682737187509	TRUE	up	1	TRUE	TRUE
ABRACL	-0.707133349644674	0.128610742187845	-5.4982448403249	3.83590083370052e-08	-0.940684385353114	-0.849258174059149	-0.373690089542023	-0.744651203112759	-5.48619545857756	TRUE	down	-1	TRUE	TRUE
ENSG00000235419	-0.758892647981931	0.105035946724147	-7.22507552557213	5.00823422267558e-13	-0.867664512769458	-0.865475241304857	-0.492577478639923	-0.508067517984998	-4.3140186591596	TRUE	down	-1	TRUE	TRUE
MAP3K20	0.652151985822144	0.173722374676759	3.75398958847752	0.000174042095627661	0.791283462861743	0.769136044886314	0.547648179566044	0.667777925275057	5.13982564356427	TRUE	up	1	TRUE	TRUE
ENSG00000236449	-0.589141844149636	0.0953055914238356	-6.1816083961921	6.34517682801856e-10	-0.729812217053674	-0.580066290984562	-0.537196037409746	-0.770108098251019	-7.53041463526676	TRUE	down	-1	TRUE	TRUE
ENSG00000225421	-0.626203951818365	0.156722222677686	-3.99562959942326	6.45225479724792e-05	-0.385964556946568	-0.850151461860776	-0.42987305559158	-0.323922154557206	-3.07051660636784	TRUE	down	-1	TRUE	TRUE
ENSG00000249319	0.542166173977929	0.161292975615693	3.36137498802012	0.00077555455088452	0.736717823413351	0.55960667766585	0.0579293656165636	0.419771450831181	3.81131165527984	TRUE	up	1	TRUE	TRUE
EPCAM-DT	0.325373097829787	0.102584125572989	3.17176849743952	0.00151513735592476	0.450902519263267	0.24208894246416	0.243072722913327	0.373017868253698	3.54203447368723	TRUE	up	1	TRUE	TRUE
ENSG00000226963	1.08766335154713	0.146752343957101	7.41155692794299	1.24825193742611e-13	1.13322711939494	1.39026681625249	0.830573425422503	0.774405240268143	4.97943986078937	TRUE	up	1	TRUE	TRUE
ENSG00000271254	-0.622348577439603	0.131773671432907	-4.72285981465177	2.32551152624963e-06	-0.519522871412193	-0.925536112034821	-0.398216401625081	-0.681908216175817	-6.6305465454461	TRUE	down	-1	TRUE	TRUE
ACAA2	-0.682043520115838	0.118861447560925	-5.73813910322976	9.57224824487488e-09	-1.09506187092174	-0.562792376715751	-0.594260771740152	-0.713014478369503	-5.66889183034232	TRUE	down	-1	TRUE	TRUE
ACAD9	0.0137888658082655	0.0969053669317219	0.142292075711151	0.88684930550554	-0.196912869575566	0.0551522030917095	0.111211050945792	0.192388697343719	3.17613445844731	TRUE	up	1	TRUE	FALSE
ACADM	-0.68506317726107	0.114624166737173	-5.97660333559398	2.27838052986661e-09	-0.631223335825841	-0.747896162366414	-0.737171416616585	-0.477209180121831	-5.32329883758204	TRUE	down	-1	TRUE	TRUE
ACAT1	-0.667958772102867	0.124250910290013	-5.37588634597356	7.6206853657498e-08	-0.994936974683704	-0.541010012118769	-0.624460890031922	-0.625279775359167	-6.26247273742797	TRUE	down	-1	TRUE	TRUE
ACE	0.825493238199582	0.154937336574512	5.32791679817334	9.93456107925238e-08	0.683712296857319	1.15065305652506	1.05867156097642	0.635902069533163	5.18956180582566	TRUE	up	1	TRUE	TRUE
ACIN1	0.178514287046304	0.0681088742671067	2.62101361925634	0.00876687595913347	0.252835118573536	0.0888366354312169	0.115025671395026	0.231225503379027	3.57001129743176	TRUE	up	1	TRUE	TRUE
ACOT2	-0.428615109468867	0.118283416814353	-3.62362807071748	0.000290499257799312	-0.458000610211157	-0.472438046462822	-0.342034017171109	-0.360708704754175	-4.21655111877431	TRUE	down	-1	TRUE	TRUE
ACSF2	-0.450767081246169	0.111075000433726	-4.05822263773139	4.94476159189009e-05	-0.455881105670115	-0.377595300754425	-0.848612372170124	-0.595516790709343	-5.71364153913118	TRUE	down	-1	TRUE	TRUE
ACSS1	0.190028543388697	0.101284509559659	1.87618564985759	0.0606297918657054	0.296895177002332	0.227588173765901	0.00521980527859726	0.299029443929807	3.38998450714779	TRUE	up	1	TRUE	TRUE
ACSS2	-0.619863177493765	0.0862839579738581	-7.18399099959657	6.77053234571169e-13	-0.560968277750261	-0.996505521445989	-0.451411425645289	-0.32103746901606	-5.20702618883188	TRUE	down	-1	TRUE	TRUE
ACTB	-0.460092624645507	0.0899007390880797	-5.11778467354683	3.09145248626122e-07	-1.04816381231549	-0.709823856752825	-0.238498605292188	-0.467988963781049	-5.34180422967372	TRUE	down	-1	TRUE	TRUE
ACTG1	-0.484400617603155	0.103526844525318	-4.67898562758464	2.88297648393908e-06	-0.797831620992527	-0.502983601212648	-0.384357825766081	-0.514894675544123	-5.20198156204732	TRUE	down	-1	TRUE	TRUE
ACTN1	0.27760935474305	0.0839254932898733	3.30780724498342	0.000940295047198096	0.616998691929651	0.554403573474298	0.0719539427823885	0.303796113914365	5.03670352324941	TRUE	up	1	TRUE	TRUE
ACTR10	-0.818435694150713	0.162795371866527	-5.02738919888788	4.9720259441866e-07	-0.797339843265496	-1.07923752297013	-0.530307069189157	-0.817903741849333	-5.02273893205516	TRUE	down	-1	TRUE	TRUE
ACTR3	-0.605192612649562	0.0865896482902986	-6.98920280424983	2.76452560987037e-12	-0.70579681191987	-0.648188392878303	-0.197501428786449	-0.375553011522472	-3.8116187870967	TRUE	down	-1	TRUE	TRUE
ACTR3C	0.347614551956204	0.0895418611602033	3.8821457076291	0.000103538803795966	0.348385057928524	0.445263636969815	0.197678478347631	0.371458840880273	4.56684947967017	TRUE	up	1	TRUE	TRUE
ACVRL1	0.314180342452625	0.150590513021319	2.08632227986464	0.0369494398145853	0.257237380962077	0.386194097874218	0.341561290861166	0.352348614643376	2.8537250597093	TRUE	up	1	TRUE	TRUE
ADCY6	0.128635696297304	0.0882750118052134	1.45721528286113	0.145056963235409	0.201106666756436	-0.0690851883378442	0.294269537344659	0.243785224007652	3.18304886262461	TRUE	up	1	TRUE	FALSE
ADGRE3	-0.702593304069219	0.179232438147237	-3.92001197624755	8.85445683547225e-05	-0.918405900097813	-0.709757201889576	-0.382016775806983	-0.770438807209759	-4.50280308152763	TRUE	down	-1	TRUE	TRUE
ADGRE5	0.782290836732676	0.14002315252543	5.58686776167677	2.31201638630904e-08	0.642673338938671	1.0100254250514	0.861163494272247	0.641740299911244	5.91634721404701	TRUE	up	1	TRUE	TRUE
ADGRG1	0.615736901769467	0.0909583519054622	6.76943775772713	1.29283816777203e-11	0.779758030409364	0.638462371725285	0.390533409291677	0.296979890579802	4.32004112275471	TRUE	up	1	TRUE	TRUE
ADH5	-0.555156429403251	0.119494709565365	-4.64586617618896	3.3865249237076e-06	-0.474507127854717	-0.760690439628154	-0.543137981272817	-0.543222065257368	-5.14968038812511	TRUE	down	-1	TRUE	TRUE
ADI1	-0.353685488960565	0.101818823911918	-3.47367486061845	0.000513382725696459	-0.241982377126653	-0.439570395346384	-0.354650611310995	-0.269486486832506	-2.93959783654499	TRUE	down	-1	TRUE	TRUE
ADIPOR1	-0.214508542308128	0.123484060797823	-1.73713547256384	0.0823632613756929	-0.377093834355785	-0.393945955555541	-0.0168373204289014	-0.554376194664541	-5.36928284348746	TRUE	down	-1	TRUE	TRUE
ADPGK	0.261207119742695	0.0852753660076976	3.06310171356071	0.0021905558966556	0.230846553911269	0.301232312963986	0.27102572382796	0.289230483352546	3.67626159157607	TRUE	up	1	TRUE	TRUE
AGAP3	0.324130516344178	0.115509793647829	2.80608687893945	0.00501471696309066	0.189628237620118	0.727736371193725	0.230616485495691	0.754530910444279	7.76809961354609	TRUE	up	1	TRUE	TRUE
AGAP6	0.326029590083321	0.117200613748426	2.78180787332011	0.00540570310754737	0.355339481935354	0.502062057394268	-0.102096997578721	0.224301075340893	2.72034949066263	TRUE	up	1	TRUE	FALSE
AGBL4	1.19465134741311	0.192590329072948	6.20307028480439	5.53720945547735e-10	0.791132867698754	1.55890822763154	0.922952886206906	1.13628912591947	9.86835755745679	TRUE	up	1	TRUE	TRUE
AGFG2	-0.23689878396422	0.108408041068466	-2.18525103515711	0.0288704454089002	-0.403798920800365	-0.353352331889407	0.0434001016801942	-0.275134856564264	-2.68425119301721	TRUE	down	-1	TRUE	FALSE
AGO3	0.327954843591278	0.0970165551753506	3.3804008295133	0.000723801897456762	0.370810696146149	0.270246603625941	0.214417402017863	0.220121156047416	2.95527278831852	TRUE	up	1	TRUE	TRUE
AGO4	0.269151233217206	0.0865998734640055	3.10798644906885	0.00188366704804923	0.409836097818947	-0.0504593608010641	0.226357146104721	0.27293521507907	3.37014205703053	TRUE	up	1	TRUE	FALSE
AGR2	-0.249802199091354	0.148235944902646	-1.6851661670549	0.0919565166096556	0.106314367661969	-0.62824601784109	-0.204768478110449	-0.609139252479402	-4.53207752640473	TRUE	down	-1	TRUE	FALSE
AHCYL2	-0.123757327596858	0.0722365106128198	-1.71322405452535	0.0866713279137969	-0.831530952491264	-0.252037834713432	0.00905606169439562	-0.312771361722187	-4.10741448851794	TRUE	down	-1	TRUE	FALSE
AHSA1	-0.116218001585987	0.0981195525269735	-1.18445303298788	0.23623377770082	-0.0991254906804449	-0.0656758277540182	-0.189424541869821	-0.274786455784954	-3.79183669093603	TRUE	down	-1	TRUE	TRUE
AIMP2	0.29471312468158	0.124032989030041	2.37608661200771	0.0174973551402611	0.283469707122511	0.464924905825395	-0.183496983809034	0.335783363891148	3.13993046748202	TRUE	up	1	TRUE	FALSE
AK2	-0.392701252884462	0.0955799912407208	-4.10861361030504	3.98041383300306e-05	-0.598917912704406	-0.325339734529944	-0.365505420664861	-0.554933831545221	-6.35936594069309	TRUE	down	-1	TRUE	TRUE
AKAP8	0.426129749619789	0.0934921511528976	4.55792004317982	5.16626965047319e-06	0.338622724032801	0.388093093029346	0.511303445005114	0.212648223925507	3.04653761596459	TRUE	up	1	TRUE	TRUE
AKAP8L	0.527869923871489	0.117377002183331	4.49721763252233	6.88485057424612e-06	0.52872723586908	0.549217961520424	0.398871115392739	0.354772328469049	4.14888519084762	TRUE	up	1	TRUE	TRUE
ALDH2	-0.506369665114436	0.0982296501555779	-5.15495743202219	2.53688552028852e-07	-0.613895062468285	-0.519991048501488	-0.448627598376877	-0.297217714280341	-3.78190249897793	TRUE	down	-1	TRUE	TRUE
ALDH3B1	0.241455952388416	0.175579994847319	1.37519056540799	0.169072372491416	0.318635692061706	0.140242419381021	0.215427571006245	0.553274105848304	5.22190277728814	TRUE	up	1	TRUE	TRUE
ALDH6A1	-0.477326576196551	0.106536217419073	-4.48041602902917	7.4497685192369e-06	-0.428701205473518	-0.508024977890141	-0.448518479398033	-0.324774648527408	-3.58665491009805	TRUE	down	-1	TRUE	TRUE
ALDH9A1	-0.565953621706341	0.155187608720822	-3.64689955835632	0.00026542361563486	-0.72848474706335	-0.65841155849238	-0.375675263819152	-0.715726334635681	-5.23015787613839	TRUE	down	-1	TRUE	TRUE
ALG2	-0.427779650988996	0.138567419085972	-3.08715897150099	0.00202079494847531	-0.468387601744869	-0.514449262483134	-0.19016842158012	-0.547865135930336	-3.69656450906349	TRUE	down	-1	TRUE	TRUE
ANKRD52	0.442828487048904	0.136680839616827	3.23987245242521	0.00119583177829732	0.466498453840382	0.475347865429988	-0.0541521381519232	0.346909142233892	3.39008523511758	TRUE	up	1	TRUE	FALSE
ANKS3	0.443455745076756	0.119785973590422	3.70206737721264	0.000213849806466588	0.712933320208961	0.475670767953567	-0.0089529544590677	0.433982080200355	4.22018314369428	TRUE	up	1	TRUE	FALSE
ANXA7	-0.294074330644247	0.0835445131753537	-3.51997180266054	0.000431592679134938	-0.266342162971257	-0.282884898161136	-0.365705689296426	-0.385197847150413	-3.78265956755984	TRUE	down	-1	TRUE	TRUE
GATD1-DT	0.625889177580203	0.146784223786718	4.26400849787262	2.00791802382046e-05	0.541333344782166	0.802770153635939	0.531953991085805	0.571249730907643	4.89496888954272	TRUE	up	1	TRUE	TRUE
AP1S3	0.685227604353158	0.116147802281102	5.89961747786467	3.64345278998283e-09	0.770433299010345	0.837565264130274	0.504487671754192	0.53341084848456	5.62394449453802	TRUE	up	1	TRUE	TRUE
AP2B1	0.243561184866204	0.0605436171248965	4.0229044188714	5.74848294129102e-05	0.550035411500478	0.214880074037392	0.21236809503137	0.306999445403524	5.87277377327995	TRUE	up	1	TRUE	TRUE
AP3S1	-0.368266493351951	0.142770201433785	-2.57943527188164	0.00989620028532939	-0.63432322836727	-0.234691266394575	-0.333059134881992	-0.484919861475581	-3.91142622141211	TRUE	down	-1	TRUE	TRUE
AP5M1	-0.76033161919161	0.216119017308377	-3.51811528971882	0.000434623494821558	-0.747082831792922	-0.63924344149696	-0.968765423518231	-0.557305293133406	-4.35251015528564	TRUE	down	-1	TRUE	TRUE
APBB2	0.325485748378213	0.122894865001017	2.64848940902063	0.00808523825676193	0.249451584382355	0.607981996048961	0.179381591859019	0.561738764578067	5.59142619925795	TRUE	up	1	TRUE	TRUE
APH1A	-0.30698011548406	0.0943704559349584	-3.25292606083874	0.00114223214713421	-0.294029472910338	-0.338826192461771	-0.279810697508516	-0.33450353423712	-4.51037669537961	TRUE	down	-1	TRUE	TRUE
API5	-0.152741696812076	0.137389139987408	-1.11174505369256	0.266247782563616	-0.209902067481114	-0.208559902184236	-0.0157088170014189	-0.477338838204566	-5.22654146672468	TRUE	down	-1	TRUE	TRUE
APLP2	-0.476436947277306	0.0833563249077055	-5.71566642129234	1.09274915631559e-08	-0.711133460673996	-0.462896980806605	-0.352802594540791	-0.543508439804108	-6.74021583784222	TRUE	down	-1	TRUE	TRUE
APOLD1	0.767541608823281	0.16212020011258	4.73439835560455	2.19705840778511e-06	1.12153415885854	1.04841707934999	0.544984793229569	0.57228744028848	3.78736651910252	TRUE	up	1	TRUE	TRUE
APOOL	-0.435109280582675	0.139075055907814	-3.12859324587355	0.0017564526995823	-0.301859981247405	-0.618571917305314	-0.506473578054868	-0.45455288605556	-3.97772578134661	TRUE	down	-1	TRUE	TRUE
APP	-0.230390584214624	0.0763792292287648	-3.01640362885278	0.00255792513722889	-0.23861513797553	-0.232526679899309	-0.225197568876377	-0.214969370531075	-3.24935265601905	TRUE	down	-1	TRUE	TRUE
APTX	0.290928685056473	0.0989709580742067	2.93953590747641	0.00328704181060885	0.313244060260366	0.377711195598746	0.0556582915501569	0.200477638891577	2.8046493020382	TRUE	up	1	TRUE	TRUE
AQP8	-2.99080848267584	0.404355988792244	-7.39647381409874	1.39848366988229e-13	-3.14030541733913	-3.32978825681996	-2.13484525622129	-2.08670590918512	-6.19695621383238	TRUE	down	-1	TRUE	TRUE
ARCN1	-0.407790316262083	0.117065115131927	-3.48344864140374	0.000494998085374867	-0.466544252432159	-0.700255981783009	-0.0842728875737645	-0.454952709789929	-4.56683260498041	TRUE	down	-1	TRUE	TRUE
ARF1	-0.439904820616707	0.0894598476234451	-4.91734372797455	8.77264372157462e-07	-0.642321203116116	-0.683097555065141	-0.191902617030937	-0.459099846725098	-5.74756505822181	TRUE	down	-1	TRUE	TRUE
ARF3	-0.504854227391662	0.103426434086336	-4.88128815279693	1.05395105130412e-06	-0.888940634990805	-0.820316420028245	-0.214009456651436	-0.596235805241473	-5.99776975479099	TRUE	down	-1	TRUE	TRUE
ARF6	-0.899974059063669	0.127190098491182	-7.07581855615959	1.48569149744812e-12	-1.12959857778892	-0.94467259337612	-0.553804917412258	-0.71938575259728	-5.66970665292072	TRUE	down	-1	TRUE	TRUE
ARFGAP3	0.178562792864902	0.128380319786625	1.39088914221185	0.164259045821235	0.538534044489574	-0.0646224810143361	0.202478166696775	0.364859226377498	3.85672020016927	TRUE	up	1	TRUE	FALSE
ARFGEF3	0.263887620289457	0.0858980570564683	3.07210231910113	0.00212556851606537	0.4674194414996	0.212714066824127	0.364665009146656	0.31132199513414	4.70138964735708	TRUE	up	1	TRUE	TRUE
ARHGAP18	0.200301698687175	0.111916869826364	1.78973642667041	0.0734962934999878	0.155724878241643	0.560330465105468	-0.0220363637592108	0.266320282697365	3.04298242553461	TRUE	up	1	TRUE	FALSE
ARHGAP26	0.400848108341213	0.0912600791691062	4.39237081526563	1.12121253087107e-05	0.406640033416531	0.505202451034845	0.306330703212674	0.429658093853887	5.78953616274811	TRUE	up	1	TRUE	TRUE
ARHGAP8	0.457730344727339	0.0881419351237415	5.19310523514983	2.06815202750609e-07	1.07958504279446	0.679655392323509	0.325086297347107	0.477262979182705	5.10337100903881	TRUE	up	1	TRUE	TRUE
ARHGEF28	0.853570406703567	0.116879380472488	7.30300249071297	2.81415971208856e-13	1.26522064793313	0.605677416532152	0.95923519070201	0.792283693352739	9.55161882206126	TRUE	up	1	TRUE	TRUE
ARHGEF3	1.56464654848799	0.16255759094713	9.62518292361303	6.25954511860156e-22	1.61750826052531	1.61038389567045	1.4478658153682	1.36391379975201	8.97242030636232	TRUE	up	1	TRUE	TRUE
ARID1A	0.219033552812246	0.0733176342091015	2.98746072721827	0.00281305434469302	0.295168123691598	0.0700262748130783	0.204222849932231	0.21349928425738	3.74127231050287	TRUE	up	1	TRUE	TRUE
ARID3A	1.49673673596312	0.172976677919553	8.65282391802673	5.02405091093279e-18	1.54136833609328	1.34925461552812	1.83914605842315	1.27386227547908	11.3707840124073	TRUE	up	1	TRUE	TRUE
ARID4B	0.197198911224735	0.0642436223163181	3.06954844877491	0.00214382630776668	0.245551695818544	0.127523487941895	0.228058315636227	0.167182180343751	3.07298119227511	TRUE	up	1	TRUE	TRUE
ARIH2	0.0794775309488519	0.0678033452110417	1.17217713523534	0.241125946269276	0.0493929178363102	0.167405997812017	0.0355900056333395	0.153648294226438	3.42798618246549	TRUE	up	1	TRUE	TRUE
ARL1	-0.369405068993278	0.133295356797634	-2.7713273580422	0.0055828268531257	-0.37280939511649	-0.617230234570351	-0.156028349505516	-0.501387906027517	-4.16694460768103	TRUE	down	-1	TRUE	TRUE
ARL17B	0.356493317922137	0.13574651286881	2.62616925023087	0.00863518684558255	0.384315874992821	0.347924829718615	0.321574084864679	0.446935964999367	4.64614079617784	TRUE	up	1	TRUE	TRUE
ARL3	0.517719891009797	0.117975602322207	4.38836404154003	1.14206494275058e-05	0.533992802635116	0.231954037240473	0.572145900133049	0.378491890297615	4.09664066805369	TRUE	up	1	TRUE	TRUE
ARL6IP1	-0.607803603125246	0.13869077334177	-4.38243719088264	1.17359005681748e-05	-1.01148365533852	-0.5476944254954	-0.446184507794082	-1.0887587937306	-8.26408127816472	TRUE	down	-1	TRUE	TRUE
ARL6IP5	-0.496687171199525	0.122376146599986	-4.05869268643554	4.93482050864121e-05	-0.859568433289263	-0.398838655503906	-0.230946702720229	-0.417454033182099	-4.30559766342478	TRUE	down	-1	TRUE	TRUE
ARPC5	-0.469510733857392	0.117715730963978	-3.98851309007347	6.64887346690124e-05	-0.914254610536931	-0.578551318922478	-0.187901000311417	-0.436665504191393	-4.47399446791907	TRUE	down	-1	TRUE	TRUE
ARPIN	-0.330702808219594	0.0933070856285619	-3.54424110443296	0.000393744995230411	-0.291872712822975	-0.47503133034218	-0.296416177358161	-0.330970778923163	-6.13616212957754	TRUE	down	-1	TRUE	TRUE
ARSB	1.03279096982301	0.136700898118647	7.55511473616373	4.18490777646268e-14	0.612867170015506	1.67254762489567	0.859408784939555	0.500529177661714	4.07722348729521	TRUE	up	1	TRUE	TRUE
ASCL2	1.02139828832289	0.255973972038837	3.99024275861891	6.60057027429995e-05	1.75692449218516	0.922834894985764	1.09206194229226	2.33729157800139	11.141160505107	TRUE	up	1	TRUE	TRUE
ASH1L	0.205064835187119	0.0775612239949002	2.64390921938781	0.00819546330506875	0.307678174923086	0.101807533458515	0.288525829940076	0.254703777829828	3.36568052695567	TRUE	up	1	TRUE	TRUE
ASPSCR1	0.716787253118108	0.132503455748617	5.40957403011424	6.31748323078479e-08	0.747768264063517	0.715970209658657	0.648431210298672	0.387646057200425	3.02251983660239	TRUE	up	1	TRUE	TRUE
ASRGL1	0.696858179283598	0.120660069176179	5.77538355515195	7.67779832296495e-09	0.724946281041106	1.18804598755262	0.447349189902881	0.771226947254535	7.57091038827277	TRUE	up	1	TRUE	TRUE
ASXL1	0.305841485579242	0.085198707014712	3.58974327540475	0.000331003792383472	0.378937957856623	0.258165417671988	0.123570688020731	0.208346964115501	3.10468961596009	TRUE	up	1	TRUE	TRUE
ATF7IP	0.408084219181565	0.112700831146471	3.62095128341335	0.000293521785901332	0.459084648736655	0.410778079817125	0.353216166875745	0.244826274966107	3.16882957332892	TRUE	up	1	TRUE	TRUE
ATF7IP2	0.462967351342623	0.159513127755917	2.90237774066498	0.00370341684184331	0.546336611177639	0.478382219577486	0.345016820674429	0.397106485279716	2.65163799137135	TRUE	up	1	TRUE	TRUE
ATG3	-0.289974434072887	0.103739901082756	-2.79520638680354	0.0051866591634462	-0.345270294727033	-0.267250291405448	-0.239198437645755	-0.646361553161503	-5.66216676832302	TRUE	down	-1	TRUE	TRUE
ATG7	0.353961506398865	0.0734287766357013	4.82047396969388	1.43217544187091e-06	0.491353972852822	0.201767226545411	0.514261921771411	0.307250703386487	4.58350804849124	TRUE	up	1	TRUE	TRUE
ATP13A2	0.325197397306793	0.131846744838102	2.46648028896058	0.0136448238076876	0.367266894830854	0.312835197788181	0.300984468629755	0.312222887650652	3.0497309101512	TRUE	up	1	TRUE	TRUE
ATP5F1A	-0.832108894099988	0.113948635548677	-7.30249107497674	2.82488053260753e-13	-1.00034394725557	-0.696388356429284	-0.770243503825865	-0.638284960440851	-6.6500541779807	TRUE	down	-1	TRUE	TRUE
ATP5F1B	-0.715792136430175	0.0807581955185321	-8.86339933469561	7.76109736458582e-19	-0.907326247339549	-0.730310892911253	-0.625924154820342	-0.542535537241713	-6.38326369337855	TRUE	down	-1	TRUE	TRUE
ATP5F1C	-0.663113298888211	0.0889446447040389	-7.45534822354627	8.96307821485364e-14	-0.727858776785045	-0.645972655994718	-0.652423934066626	-0.604661283277544	-7.62251268853263	TRUE	down	-1	TRUE	TRUE
ATP5F1E	-0.307288444872234	0.0791628543578314	-3.88172517735693	0.000103718051578372	-0.370878065133815	-0.16907970429382	-0.369885681161075	-0.372435175685704	-4.98022098980303	TRUE	down	-1	TRUE	TRUE
ATP5PB	-0.69241195371791	0.113133523055285	-6.12030753589763	9.3394927954001e-10	-0.840079246351446	-0.708776373208187	-0.564773930900916	-0.579455450067145	-5.97906288527211	TRUE	down	-1	TRUE	TRUE
ATP5MC1	-0.557142669147465	0.115585861544074	-4.82016279244519	1.43441122609533e-06	-0.535904912794156	-0.489395221161855	-0.639611554722185	-0.51219530002254	-5.97538920939349	TRUE	down	-1	TRUE	TRUE
ATP5MC3	-0.753649871464587	0.090714037480779	-8.30797407318877	9.73497908003185e-17	-0.962140866988947	-0.762243239321315	-0.648392958297704	-0.933804794541428	-10.5571095104951	TRUE	down	-1	TRUE	TRUE
ATP5PD	-0.39667979322566	0.11485262652193	-3.45381560037652	0.000552715162250842	-0.574346672342748	-0.425967440059495	-0.230187575196247	-0.541877623979731	-7.53897843786115	TRUE	down	-1	TRUE	TRUE
ATP5PF	-0.441369809974706	0.108629556253244	-4.06307293519415	4.84308886371426e-05	-0.742974485299816	-0.407417868718401	-0.432052421812885	-0.514895250526144	-6.72338581216932	TRUE	down	-1	TRUE	TRUE
ATP5MF	-0.280713927161122	0.0890061003977907	-3.15387289080794	0.00161119245097168	-0.347321026678701	-0.249320515336516	-0.232673979640524	-0.323348298438327	-3.88302589214104	TRUE	down	-1	TRUE	TRUE
ATP5MG	-0.365098533768988	0.0872039357961859	-4.18672082212322	2.83013580653993e-05	-0.522085226998276	-0.315975299148979	-0.325986857493507	-0.47640385209086	-5.83842262183761	TRUE	down	-1	TRUE	TRUE
ATP5PO	-0.684124782765883	0.0952900887478872	-7.17939076094156	7.00227457795088e-13	-0.843639148918624	-0.666780506287697	-0.607801069924715	-0.707715524285052	-7.88532812627314	TRUE	down	-1	TRUE	TRUE
ATP6AP2	-0.802071912807292	0.190176380764493	-4.21751591645098	2.47008389543484e-05	-0.75586893091216	-1.04023827229891	-0.640884476132997	-0.738251698832838	-5.08387149664139	TRUE	down	-1	TRUE	TRUE
ATP6V1D	-0.539722144845508	0.1162142114994	-4.64420089317814	3.41395248513059e-06	-0.739514388338619	-0.745846122722071	-0.0142943107194526	-0.447638566085791	-4.72922360024223	TRUE	down	-1	TRUE	TRUE
ATP5IF1	-0.48659943010259	0.0850769244373985	-5.71952304717645	1.06823484857476e-08	-0.519058418912348	-0.393240589115749	-0.543174740761102	-0.282989936232176	-3.96760720981013	TRUE	down	-1	TRUE	TRUE
ATRAID	-0.124439213460949	0.0989008079800305	-1.25822241498852	0.208311330715578	-0.165630887014757	0.0109063805934663	-0.124024064136413	-0.251425413629038	-2.70610166622294	TRUE	down	-1	TRUE	FALSE
ATXN2L	0.456904366589298	0.142503676952053	3.20626370043089	0.0013447069687504	0.379167838366257	0.538638037429335	0.500164855734207	0.437399667936284	4.22435902520114	TRUE	up	1	TRUE	TRUE
ATXN7L1	0.597948717793216	0.0736813722675371	8.11533090917558	4.84462850638726e-16	0.665462876204886	0.59171891580024	0.479189388116404	0.37782109452961	6.0166796291557	TRUE	up	1	TRUE	TRUE
ATXN7L3B	-0.204045310377192	0.112084926669893	-1.82045272669122	0.0686900891053301	-0.134690684087075	-0.162196751993098	-0.427835004059077	-0.51499263105137	-5.80918834572248	TRUE	down	-1	TRUE	TRUE
AXIN2	1.18100687335225	0.17456090573623	6.76558630565774	1.32770419933886e-11	1.0804699790529	1.15095167778949	1.25872354407567	1.30898658015039	9.66927068210392	TRUE	up	1	TRUE	TRUE
B2M	-0.748948530974343	0.141262875583544	-5.30180720079853	1.14661900466422e-07	-1.44695208793458	-1.17102460555166	-0.405039543258281	-0.885607080305864	-5.88139460906704	TRUE	down	-1	TRUE	TRUE
B3GALNT2	0.559501588160056	0.118972858144564	4.70276663842272	2.5665971116035e-06	0.540362627474105	0.826795454697026	0.136086524945915	0.5131724391825	5.16463195806856	TRUE	up	1	TRUE	TRUE
B4GALNT2	-0.901172007875865	0.253306840305488	-3.55762997473361	0.000374215950716644	-1.33698321421667	-0.842490937804288	-1.22020554451675	-0.546145720978739	-3.0534125347565	TRUE	down	-1	TRUE	TRUE
B4GALT7	0.420640490820479	0.119404041185336	3.52283295142056	0.000426960378357355	0.572347916857053	0.394775150913276	-0.0943208855534643	0.442765911055508	4.01608524935866	TRUE	up	1	TRUE	FALSE
BACE2	0.76197068186518	0.124785100353203	6.10626332557677	1.01990688696216e-09	1.26510499156989	0.700071475792454	0.748731725987636	0.961800693782507	9.34570672045378	TRUE	up	1	TRUE	TRUE
BAIAP2	0.706622496717949	0.164271594707347	4.30155011264613	1.69607404701954e-05	0.910429097797081	0.53421180883737	0.268128833434093	0.861487507511833	7.12712167320418	TRUE	up	1	TRUE	TRUE
BANF1	-0.0541741238395147	0.11785645478292	-0.45966191617844	0.645758909369121	-0.184436362823212	0.0385433438318216	-0.107386001505675	-0.54981430234817	-5.40518097169022	TRUE	down	-1	TRUE	FALSE
BAZ1B	0.325801463401314	0.0915716164052245	3.55788699807996	0.000373850069711784	0.419211873889819	0.249269169779974	0.28456242494893	0.183209785959881	2.83439810997464	TRUE	up	1	TRUE	TRUE
BAZ2B	0.245313420135425	0.105407264083853	2.32729140887552	0.0199497607158233	0.377758128627678	0.157124163385803	0.240794322607443	0.217315452676341	4.76173034096021	TRUE	up	1	TRUE	TRUE
BCAS3	0.520393521584828	0.0879311668362523	5.91819192566748	3.25500007611096e-09	0.596266360510876	0.513727765972726	0.461441088152381	0.341245407419481	4.81985073508547	TRUE	up	1	TRUE	TRUE
BCL10	-0.580525491767263	0.129229125840758	-4.49221866967212	7.04849959736029e-06	-0.650710639220078	-0.916501853952058	-0.310401943821498	-0.644875813911751	-5.55318854180513	TRUE	down	-1	TRUE	TRUE
BCL11B	0.457642909477961	0.131274883429533	3.48614218898635	0.000490040459950967	0.49092803539058	0.635115090506382	0.352468531216993	0.384332624337518	4.3975419982986	TRUE	up	1	TRUE	TRUE
BCL2L11	-0.603891899431142	0.193415247992526	-3.12225590122282	0.00179470864839389	-0.631103215291489	-0.736666355572384	-0.382952049015706	-0.544603381287588	-4.00731530399814	TRUE	down	-1	TRUE	TRUE
BCL7A	0.461053519111403	0.129596195426175	3.557616159913	0.000374235626034606	0.49922375305301	0.667402212490122	0.189162521779904	0.361996606948612	3.58544782039107	TRUE	up	1	TRUE	TRUE
BEX3	-0.149548969494583	0.163159012238101	-0.916584180323077	0.359360577219114	0.0490898174230572	0.0341317137430101	-0.629585528008872	-0.602216193541354	-5.46244119631525	TRUE	down	-1	TRUE	FALSE
BID	0.552692871666034	0.0985053485769243	5.61079047636107	2.01404496850881e-08	0.59276477436018	0.546678017303447	0.527953633987422	0.229084788717842	3.18777275477013	TRUE	up	1	TRUE	TRUE
BIN3	0.219881762142193	0.144222923512562	1.52459648429635	0.1273597748443	0.134319990447962	0.0721616559983494	0.512417810621805	0.317930388250755	3.67768297456775	TRUE	up	1	TRUE	TRUE
BIRC2	-0.452178851337055	0.108357208176362	-4.17303896018704	3.00563520884736e-05	-0.32240989495508	-0.592102821995613	-0.526988824248806	-0.394222244200502	-4.42114541321408	TRUE	down	-1	TRUE	TRUE
BMPR2	0.364886794641107	0.101249965407646	3.60382142524219	0.000313572538421606	0.289736568415724	0.290441356373396	0.514316350286086	0.357963811617246	4.20400889903668	TRUE	up	1	TRUE	TRUE
BOLA3	-0.306877327332998	0.121475358895211	-2.52625166226281	0.0115286863397249	-0.416627303797719	-0.153338695201242	-0.359937815702112	-0.427669556763632	-5.11657081926921	TRUE	down	-1	TRUE	TRUE
BPTF	0.200057868840956	0.0708672289345302	2.82299550650946	0.00475772384305278	0.306090266605382	0.251588987679733	0.0431559985293207	0.187200457994729	3.32008229658565	TRUE	up	1	TRUE	TRUE
BRAT1	0.519673872584779	0.155709070417432	3.33746692592548	0.000845457835156199	0.507544252634686	0.791799347448575	0.279865118798377	0.46706991628161	4.1923929934614	TRUE	up	1	TRUE	TRUE
BRCC3	-0.524990285389845	0.181599047229767	-2.89093083580776	0.00384102643191974	-0.472972834812511	-0.773865636321495	-0.39877267849925	-0.499679450965847	-3.77785457757808	TRUE	down	-1	TRUE	TRUE
BRD3	0.198166485604876	0.0971845476772672	2.03907401270161	0.0414426413816865	0.120586968426513	0.46308752195219	0.268828874640936	0.285250705416395	4.19751136103102	TRUE	up	1	TRUE	TRUE
BRF1	0.568159629048506	0.136335490147975	4.16736411356895	3.08142087787426e-05	0.547399447170884	0.626369947540625	0.526570815900464	0.30107629147754	2.97220883423093	TRUE	up	1	TRUE	TRUE
BRINP3	-0.363261569364544	0.236971123524304	-1.53293601330834	0.125291621423828	-0.245952592880361	-1.04950578478397	-0.196666245454658	-0.467564973309096	-4.07247084357553	TRUE	down	-1	TRUE	TRUE
BRPF3	-0.35953771972168	0.107386692133997	-3.3480658783404	0.000813776645905743	-0.423344710525237	-0.663711849752948	0.109344596731481	-0.376421370761867	-4.02792379480678	TRUE	down	-1	TRUE	FALSE
BSDC1	0.106855511715144	0.0912465612553734	1.17106343784382	0.241573278856486	0.129267321672275	-0.0603028897769974	0.228265463646399	0.174528786304184	2.87342712928153	TRUE	up	1	TRUE	FALSE
BSG	-0.428015500048021	0.128227178800134	-3.33794679141434	0.000843999098086611	-1.23167613659052	-0.21574401775798	-0.445027189246589	-0.492499462384814	-4.79524330548054	TRUE	down	-1	TRUE	TRUE
BSPRY	0.39433554843107	0.091595014828942	4.3052075395971	1.6682925813008e-05	0.533611597597036	0.332519513834015	0.371555611257965	0.350461926754214	5.41674089931867	TRUE	up	1	TRUE	TRUE
BTBD2	0.29678711880652	0.102109259673751	2.90656420147187	0.00365421902514246	0.388723402377389	0.537450306294411	0.0167886899231659	0.35910116486806	4.3842688937765	TRUE	up	1	TRUE	TRUE
BTRC	0.319174216680082	0.0931436562654831	3.42668765085144	0.000610991437141556	0.281765002270726	0.276514492725689	0.59089195412338	0.234716693009503	2.78795232763217	TRUE	up	1	TRUE	TRUE
BUB3	-0.512753073790304	0.139826247090764	-3.66707313153779	0.000245342644439585	-0.621131664599561	-0.42327210713308	-0.474835366109142	-0.633362358092545	-4.97076290712392	TRUE	down	-1	TRUE	TRUE
BZW1	-0.502914392767527	0.12622369765499	-3.98431041168002	6.7676362141601e-05	-0.608007642144119	-0.531714556535712	-0.302097358515812	-0.361738678198986	-2.93737420834296	TRUE	down	-1	TRUE	TRUE
C11orf54	-0.671392902934269	0.145634509487081	-4.61012232127459	4.02432114774103e-06	-0.820742239148459	-0.658118263027738	-0.552130002691595	-0.403050244249796	-2.94532747268785	TRUE	down	-1	TRUE	TRUE
TOP6BL	0.477296098562146	0.089957957829061	5.30576849542437	1.12199282317051e-07	0.473025676569193	0.510854151134107	0.414702181834067	0.351123449222853	4.6903369715187	TRUE	up	1	TRUE	TRUE
RTRAF	-0.443192785391741	0.123536862685393	-3.58753473058812	0.00033381927935466	-0.537854547603589	-0.441021047908827	-0.35750398827485	-0.556765693814004	-5.32715526221014	TRUE	down	-1	TRUE	TRUE
C15orf48	-0.861820307747557	0.123795060777247	-6.96166957176334	3.3626347762798e-12	-0.951787566053674	-0.899636842625259	-0.777257290613624	-1.04305371600802	-10.6185205634098	TRUE	down	-1	TRUE	TRUE
PHAF1	0.325235496395151	0.128079353191998	2.53932806724598	0.0111065620836478	0.221810024247798	0.491744120179162	0.17152173539633	0.331801618643555	3.98063711736281	TRUE	up	1	TRUE	TRUE
C16orf96	-0.372525329049497	0.147422158828387	-2.52692900450027	0.0115064760416247	-0.550279476890785	-0.0790038754368425	-0.543101533188129	-0.509024042734584	-4.13323582179133	TRUE	down	-1	TRUE	TRUE
C17orf58	-0.862537318910513	0.174086335416015	-4.95465262594737	7.24596214471432e-07	-0.701265919922128	-1.46417843096228	-0.820573878769606	-0.854185011076519	-5.44489051148585	TRUE	down	-1	TRUE	TRUE
C18orf32	-0.595335315078415	0.117474057075734	-5.06780245696809	4.02434730120997e-07	-0.668504465838541	-0.667409744710108	-0.384575063253066	-0.501052428751224	-4.16184667111226	TRUE	down	-1	TRUE	TRUE
C1D	-0.489919735768733	0.182864315930066	-2.67914345823543	0.0073810763259932	-0.479831253200577	-0.810980582717888	-0.328242935887869	-0.608244609718697	-4.26571187334705	TRUE	down	-1	TRUE	TRUE
C1orf159	0.471766491216251	0.113237009043558	4.16618643675744	3.0973742568537e-05	0.45988928357248	0.537506805157657	0.421228957958901	0.411916078019931	4.025498698168	TRUE	up	1	TRUE	TRUE
C1orf210	-0.881919415949	0.137134673006859	-6.43104618702004	1.26728642323542e-10	-0.794963966753221	-1.02729459412388	-0.594722940661835	-0.589499542459974	-5.89686461986254	TRUE	down	-1	TRUE	TRUE
C1orf226	-0.375387648459316	0.155438402614264	-2.41502512986368	0.0157341241003011	-0.383077230369986	-0.654717425896474	-0.00848684401246695	-0.582372478910955	-6.0237430141125	TRUE	down	-1	TRUE	TRUE
C1orf43	-0.232820704921484	0.0661416620188923	-3.52003106385477	0.000431496259141854	-0.335360077722854	-0.162460566246682	-0.186724597087202	-0.193517132413847	-2.6511719801194	TRUE	down	-1	TRUE	TRUE
SHLD1	0.460993823318936	0.106732477260966	4.3191522875627	1.56629676350347e-05	0.527256313514548	0.441147831007939	0.413175603104219	0.347283605292486	4.3203655813936	TRUE	up	1	TRUE	TRUE
C22orf39	-0.202073218503765	0.130530079829575	-1.54809695027843	0.121598956249195	-0.138284950614567	-0.150388203924053	-0.467112005311421	-0.36956925349634	-4.14487066818699	TRUE	down	-1	TRUE	TRUE
C2CD2	0.742366375407394	0.121154791489338	6.12742068457709	8.93150971389119e-10	0.940102722533673	0.635093449624249	0.528992017586889	0.376595456171923	4.18940844999797	TRUE	up	1	TRUE	TRUE
C2orf69	-0.56419913471808	0.160776196174494	-3.50922056960311	0.000449422027357381	-0.688916968640598	-0.442653960810208	-0.259083597876941	-0.44620324557449	-3.14428121128159	TRUE	down	-1	TRUE	TRUE
C2orf88	-0.730463989979439	0.144255472509137	-5.06368304282649	4.11233155693481e-07	-0.77349570200599	-0.937144840577095	-0.215748752341939	-0.365199047019962	-3.24966071625346	TRUE	down	-1	TRUE	TRUE
C5orf15	-0.594968004467921	0.150137958779103	-3.96280866814829	7.4073144534948e-05	-0.491016652878732	-0.770214672612281	-0.697196146990871	-0.602195149947594	-5.23396414560252	TRUE	down	-1	TRUE	TRUE
ILRUN	0.247083629929246	0.101685392211165	2.42988323648436	0.0151036877569973	0.250306433947425	0.18611811500726	0.406953529375294	0.245017473977349	3.27016742643894	TRUE	up	1	TRUE	TRUE
C6orf132	0.364796177069606	0.090452615118872	4.03300862656313	5.50672573541135e-05	0.296863137840296	0.316541356552867	0.495217431466793	0.373601884797106	5.2150775283546	TRUE	up	1	TRUE	TRUE
C6orf136	-0.40595551976876	0.0949534721581371	-4.27530990222953	1.90871604532219e-05	-0.498811492443941	-0.365466938091013	-0.29327238454831	-0.282000275226874	-3.22906654225127	TRUE	down	-1	TRUE	TRUE
C6orf62	-0.250254402669554	0.150545695813632	-1.66231522805777	0.096449586062199	-0.454192228480658	-0.170760249031461	0.0998540032055879	-0.334230149548576	-3.14957219890418	TRUE	down	-1	TRUE	FALSE
STMP1	-0.272549639180711	0.0916416140943009	-2.97408160991416	0.002938669063589	-0.328122552712378	-0.19992859469152	-0.225725465987088	-0.448387238604792	-4.83439614286037	TRUE	down	-1	TRUE	TRUE
C8orf33	0.15205272560177	0.123223965504777	1.23395416613074	0.217219983799992	0.446257033720265	0.219875712117309	0.0854898179615516	0.417679544503027	3.80408948480531	TRUE	up	1	TRUE	TRUE
C9orf152	-0.431855625376338	0.152298119030647	-2.83559395299842	0.00457405590742918	-0.0656205804651044	-0.63437971776978	-0.184175343805268	-0.499317774421933	-4.08684240002089	TRUE	down	-1	TRUE	TRUE
BBLN	0.567800161458292	0.162214731664098	3.50029960678324	0.000464735508847855	0.467475881295548	0.680174641289975	0.537272953200399	0.570088490017725	5.56254564400669	TRUE	up	1	TRUE	TRUE
AOPEP	0.740351464227785	0.108414723117882	6.82888304223016	8.55783061105079e-12	0.929124981110315	0.661938330610763	0.626228186649076	0.634384853332773	7.24500855880344	TRUE	up	1	TRUE	TRUE
C9orf78	-0.318340148870187	0.0872362555487428	-3.64917254721365	0.00026308635705063	-0.329788192382675	-0.310737109443736	-0.307246627878774	-0.259447392347713	-3.39472404537281	TRUE	down	-1	TRUE	TRUE
CA1	-1.77233019537151	0.517562394779765	-3.42437977188369	0.000616204432480608	-2.16703674585197	-2.41142876114151	-0.832381344471316	-1.81645305638275	-4.94284803245343	TRUE	down	-1	TRUE	TRUE
CA12	-0.500870878387397	0.0726882842258305	-6.89066860941817	5.55307642893521e-12	-0.627560226100711	-0.979617467444558	-0.389856663502004	-0.248375063282067	-4.23401809823242	TRUE	down	-1	TRUE	TRUE
CA2	-1.65757437535318	0.22980747828169	-7.21288266050847	5.47796176526803e-13	-1.63001864438163	-2.6526017677487	-1.44058854288241	-1.035634153287	-6.53290419274132	TRUE	down	-1	TRUE	TRUE
CABIN1	0.311431099759717	0.0816785330073913	3.81288801711871	0.000137352355128421	0.270933968114177	0.315625165589793	0.418542701087434	0.272340815721752	3.40224451033469	TRUE	up	1	TRUE	TRUE
CACNA1C	0.858323374499946	0.166860427215661	5.14396006783919	2.69006737311271e-07	0.731259781199376	0.955341965548462	0.909712408710156	0.93776585642188	6.55934594683677	TRUE	up	1	TRUE	TRUE
CACYBP	-0.396535420158828	0.138922627423024	-2.854361650902	0.00431234097123632	-0.431945992715756	-0.25352371260711	-0.541034475795054	-0.41122121841155	-3.83758623618689	TRUE	down	-1	TRUE	TRUE
CADM2	-0.467207460592238	0.126462992129703	-3.69442042074302	0.000220388900095136	-0.45317808251804	-0.316462270398976	-0.668439475757453	-0.463855836155998	-3.24678536632681	TRUE	down	-1	TRUE	TRUE
CALCOCO2	-0.30423683698532	0.0855694222172819	-3.55543871983601	0.000377348892304108	-0.339224217421149	-0.253610610037631	-0.324000012129445	-0.399540684151453	-6.00131417404694	TRUE	down	-1	TRUE	TRUE
CALM1	-0.533261907740478	0.0801058943048702	-6.65696216699072	2.79545107070323e-11	-1.01553783559596	-0.410936002535706	-0.440058401173676	-0.58868349685245	-6.87029602854979	TRUE	down	-1	TRUE	TRUE
CALM2	-0.764615315257498	0.131916161065885	-5.79622169929289	6.78255896974938e-09	-1.12285813533766	-0.874818390708611	-0.615158828130523	-0.980109498274215	-6.78231552125183	TRUE	down	-1	TRUE	TRUE
CAMK2N1	-0.921632491400992	0.137896649623034	-6.68350169435187	2.33299160656763e-11	-1.02752264255101	-1.31453295560924	-0.523182284752661	-0.794745919557529	-8.1712266822867	TRUE	down	-1	TRUE	TRUE
CAMKMT	0.38013573178418	0.0817674824953832	4.64898417051843	3.33573809059097e-06	0.371253225852931	0.558966793067255	0.234310816320785	0.251978421685948	2.97899182975054	TRUE	up	1	TRUE	TRUE
CAMTA1	-0.197548620661463	0.0711778092549635	-2.77542428924486	0.00551297336073108	-0.212154246439711	-0.114249574444189	-0.248902818502375	-0.213942102769343	-4.68491525997145	TRUE	down	-1	TRUE	TRUE
CAPG	0.504683932206574	0.152246484520048	3.31491353509786	0.000916714752301171	0.230844561147984	0.782418573998112	0.642319929486013	0.504592407674456	5.12905394156294	TRUE	up	1	TRUE	TRUE
CAPN2	-0.757219825779292	0.0912193243953462	-8.3010900464192	1.03160465211327e-16	-0.80112588580162	-0.903703555267507	-0.381125371649577	-0.310608895671502	-3.6531185755626	TRUE	down	-1	TRUE	TRUE
CARHSP1	0.233359586768593	0.111662760331947	2.08986045190777	0.0366303370730681	0.309055309136437	0.296593519177478	0.103513109813597	0.352324286222928	3.77391276735998	TRUE	up	1	TRUE	TRUE
CARS2	0.314166557855329	0.0817637134104154	3.8423714475682	0.000121851239101569	0.426062386340783	0.398883000240864	0.0984188841104707	0.235704109979512	3.3394207567981	TRUE	up	1	TRUE	TRUE
CASP7	-0.805238016596928	0.147992520427942	-5.44107238844549	5.29607867724325e-08	-1.08070606088072	-1.02470914734977	-0.26352265369337	-0.474154219530638	-4.09166177445505	TRUE	down	-1	TRUE	TRUE
CAT	-0.647673274453943	0.124451164014788	-5.20423637320888	1.94795936179558e-07	-0.827456710466043	-0.493760169173109	-0.590392663118652	-0.554345512054008	-5.62109209742573	TRUE	down	-1	TRUE	TRUE
CBFB	0.140556980141055	0.106747120558159	1.31672853943143	0.187929633689285	0.118976963435197	0.223433876613151	0.109072771885265	0.28081580429994	4.18740930959123	TRUE	up	1	TRUE	TRUE
CBL	0.331365997360405	0.095486219964656	3.47030176168937	0.000519873940123618	0.307961253971192	0.405481331974506	0.309294220715508	0.2866641209871	3.49368190852035	TRUE	up	1	TRUE	TRUE
CBR1	-0.468218448820412	0.179285583208123	-2.61157891472446	0.00901251849883155	-1.1661713286806	0.187365633192397	-0.859612518751314	-0.474701676294277	-4.10783327656579	TRUE	down	-1	TRUE	FALSE
CBX5	-0.045443667515715	0.104231768165794	-0.435986727611021	0.662846359244934	-0.0641750162319035	-0.00386309127925728	-0.0289294597145479	-0.390430044601999	-5.1293085325644	TRUE	down	-1	TRUE	TRUE
CCDC115	-0.446955364249344	0.12237558454706	-3.65232465204255	0.0002598770443878	-0.418083972379084	-0.484670410073327	-0.441288178368162	-0.53093509420117	-4.94599074083369	TRUE	down	-1	TRUE	TRUE
CCDC12	0.306900871899657	0.105581390417565	2.90677050838118	0.00365181001480322	0.199985907911239	0.474154006211873	0.18228890791788	0.301408850643081	3.4033277112834	TRUE	up	1	TRUE	TRUE
CCDC125	0.215154290321284	0.0864095418854675	2.48993670868506	0.0127765845424172	0.50406445300484	-0.0269129684254439	0.381143673123118	0.270059101619137	4.00517198318793	TRUE	up	1	TRUE	FALSE
YJU2B	0.425454406563663	0.106069913651963	4.01107526079133	6.04428371930508e-05	0.513974009766613	0.285384738026952	0.488983731238517	0.487871526779688	5.84817897064219	TRUE	up	1	TRUE	TRUE
CCDC149	0.708974205082089	0.121182261424643	5.85047841777539	4.90161065667307e-09	1.31038641538478	0.666407768473441	0.535179733316144	0.513459008612951	5.66966488996428	TRUE	up	1	TRUE	TRUE
CCDC28A	-0.631805152845814	0.143301509501066	-4.40892182535672	1.03886513438292e-05	-0.653645307756487	-0.744933610282181	-0.407188850233024	-0.520014044535947	-4.33344723676846	TRUE	down	-1	TRUE	TRUE
CCDC47	-0.542824194811004	0.125346401265329	-4.33059257650304	1.48708608458174e-05	-0.523670984680413	-0.513298170132957	-0.596975496779157	-0.542718404929671	-4.76960529315944	TRUE	down	-1	TRUE	TRUE
CCDC50	-0.37375997210646	0.135966283451173	-2.74891658887389	0.00597925998205586	-0.382303487164612	-0.233175789980024	-0.668675058018722	-0.432209517656153	-4.08884552096756	TRUE	down	-1	TRUE	TRUE
CCDC57	0.647184476329487	0.121457516145561	5.32848436941415	9.90357183993847e-08	0.787145006616923	0.614029876668907	0.310257403805866	0.543594078704837	5.09072073450674	TRUE	up	1	TRUE	TRUE
CCDC88B	0.778449685079791	0.189138648784815	4.11576211462439	3.8590216327063e-05	0.789703681458992	1.15222083595046	0.341466474882292	1.16254624070139	7.48478742516143	TRUE	up	1	TRUE	TRUE
CCDC90B	-0.391051240816085	0.109629229502784	-3.56703447237267	0.000361044000065302	-0.344124811949049	-0.345591563370094	-0.640093442298179	-0.365974502990888	-3.86375098284576	TRUE	down	-1	TRUE	TRUE
CCHCR1	0.330290527737675	0.122456226470844	2.69721301445063	0.00699225261364112	0.285426522696465	0.393109791762029	0.321911088883291	0.280291065568132	2.69711775186915	TRUE	up	1	TRUE	TRUE
CCL15	-0.735774193552348	0.139083930131941	-5.29014525872514	1.22219254108194e-07	-0.921852038244098	-0.828556751081376	-0.310527008725754	-0.659507627791031	-7.22929167095181	TRUE	down	-1	TRUE	TRUE
CCND3	0.539674418784855	0.133368238316249	4.04649881859543	5.19893869746563e-05	0.173756826000888	1.50487419890874	0.463485983243144	0.704473029883433	7.73659612995023	TRUE	up	1	TRUE	TRUE
CCNJL	-0.555120724923747	0.11027260925927	-5.03407626474642	4.80158499949157e-07	-0.821363988868121	-0.671158651606203	0.102875254325563	-0.739287618378036	-5.71254800477467	TRUE	down	-1	TRUE	FALSE
CCNL2	0.296476198001468	0.0866574778840971	3.4212419428823	0.000623358509449641	0.330499773618812	0.308766109553278	0.180805311191742	0.277793212818513	3.47511942985539	TRUE	up	1	TRUE	TRUE
CCNY	0.0119786352433165	0.0675037905385065	0.177451297886502	0.859153916713586	0.0385861941993743	0.13440484893347	-0.130834267927696	0.27624425877271	4.91691232019336	TRUE	up	1	TRUE	FALSE
CD164	-0.70800767312957	0.137089049606908	-5.16458225627593	2.40976490061187e-07	-0.900411198070114	-0.76977560860043	-0.417180672514303	-0.733259369071138	-5.5301535429741	TRUE	down	-1	TRUE	TRUE
CD24	-0.67089905877205	0.127884272629072	-5.24614203904489	1.55317177178451e-07	-1.35078352685937	-0.636248972893625	-0.617125237400829	-0.57956749978823	-4.49950705388598	TRUE	down	-1	TRUE	TRUE
CD44	0.581755248205434	0.140429213947279	4.14269390145446	3.43249943753673e-05	1.23177681055855	1.19653937073967	0.384913374593486	0.836506251577996	6.83827140216472	TRUE	up	1	TRUE	TRUE
CD58	0.185742599971148	0.113069528275736	1.64272906063771	0.100439003308454	0.0127860563613688	0.228412360408991	0.297817749350093	0.210361514172213	2.72017947024944	TRUE	up	1	TRUE	TRUE
CD59	-0.25984505151237	0.10453204237874	-2.48579330891576	0.0129263017360303	-0.519663199929353	-0.24347617981828	-0.190672804914495	-0.48836405754782	-4.28293322906668	TRUE	down	-1	TRUE	TRUE
CD82	0.759323061308548	0.137934990315837	5.50493431412787	3.69305938857474e-08	1.1132088953614	0.947132719990799	0.259615649193353	0.660797695384253	5.71749776188932	TRUE	up	1	TRUE	TRUE
CD9	-0.448916113755351	0.109080995267199	-4.11543837362054	3.86444241447892e-05	-0.950396218701287	-0.522761730343773	-0.394523733580195	-0.769293825677803	-9.45233852833541	TRUE	down	-1	TRUE	TRUE
CDC25B	0.660529857960907	0.142626347600076	4.63119100415467	3.63568277615997e-06	0.619625546931598	1.0798010481492	0.373604405892715	0.766135830765299	5.59176010724286	TRUE	up	1	TRUE	TRUE
CDC27	0.231372694546794	0.0881936826977437	2.62346108552641	0.00870413877371297	0.312877950906296	0.0406766810277812	0.227182993595139	0.248717390109995	2.98055978431027	TRUE	up	1	TRUE	TRUE
CDC42	-0.752071596918439	0.101922378819029	-7.37886620811512	1.59643154260164e-13	-0.943065044132259	-0.837600969497998	-0.497729803435897	-0.565196949088521	-5.32007663249516	TRUE	down	-1	TRUE	TRUE
CDC42BPB	0.441256269742727	0.146494550622263	3.01210023081684	0.002594469164812	0.37966338458857	0.75888365712144	0.296890796023554	0.464226118581068	4.77387019549045	TRUE	up	1	TRUE	TRUE
CDH1	-0.282632123250589	0.0877077337388142	-3.2224310354688	0.00127107760519276	-0.786746981055267	-0.503843318938508	-0.0387723851741183	-0.353788498255874	-4.53663484702178	TRUE	down	-1	TRUE	TRUE
CDH17	-0.744752636943735	0.105879936944284	-7.0339354030371	2.00788110552316e-12	-0.907334422739228	-0.765446445295184	-0.550725288392557	-0.331603973895617	-3.54822819523619	TRUE	down	-1	TRUE	TRUE
CDK10	0.674389889063977	0.134364386005776	5.01911190242766	5.19109058051165e-07	0.765071454369272	1.01178884565658	0.147117115460327	0.446053592958687	3.73494586158521	TRUE	up	1	TRUE	TRUE
CDK12	0.356730439750972	0.0960115148756975	3.71549641949528	0.000202805137354536	0.351360471471192	0.472619565904265	0.199516645596813	0.229767699027697	2.9902576576228	TRUE	up	1	TRUE	TRUE
CDK18	0.571083515843392	0.143403332737674	3.98235874258283	6.82346805041524e-05	0.632491209041378	0.568319691883027	0.297318755848307	0.336927876974481	2.9426727586643	TRUE	up	1	TRUE	TRUE
CDK2AP2	-0.575810408736394	0.108055967063929	-5.32881639378352	9.88548679841456e-08	-0.582757328130982	-0.580412486989035	-0.558387541229927	-0.552920291819919	-5.29356217163063	TRUE	down	-1	TRUE	TRUE
CDK5RAP2	0.36404492424149	0.103753735465428	3.50874040928189	0.000450234118069242	0.386573854162631	0.477551949191881	0.292423754307476	0.291611492799628	3.69643878993172	TRUE	up	1	TRUE	TRUE
CDK5RAP3	0.307497112554423	0.093922145277286	3.27395750647092	0.00106052558176205	0.271537396427923	0.239886218957586	0.475232748139152	0.538021778992179	6.44289897844253	TRUE	up	1	TRUE	TRUE
CDKN1B	-0.63788983540139	0.136195393707813	-4.68363736860212	2.81828426355283e-06	-0.611841562287694	-1.04968637341728	-0.279486146669568	-0.688775819041846	-4.0751612675577	TRUE	down	-1	TRUE	TRUE
CDX2	-0.431792339738004	0.0831574839280444	-5.19246517982231	2.07527692243245e-07	-0.447122499758245	-0.555107738965009	-0.210613852153715	-0.270929014024161	-4.41342901621386	TRUE	down	-1	TRUE	TRUE
CEP104	0.279311934973962	0.110955520558143	2.51733247312913	0.0118247188003957	0.245300996222122	0.373636899001296	0.159733154078473	0.325455194577788	4.46085833341288	TRUE	up	1	TRUE	TRUE
CEP164	0.71930091361309	0.132050954391358	5.44714664826505	5.11842618776991e-08	0.789624724838386	0.747528775854008	0.50813936477295	0.587610963763036	5.96726271159035	TRUE	up	1	TRUE	TRUE
CEP295	0.424599815610099	0.146742909625856	2.89349459331753	0.00380980849877958	0.542680424241015	0.470780507129644	0.309811878122678	0.373955260598113	3.5999284787901	TRUE	up	1	TRUE	TRUE
CEP57	-0.0947460278022479	0.152301406583303	-0.622095553335718	0.533879038711756	-0.0510894005231047	-0.192047638608258	-0.0749276788815331	-0.384493364702587	-4.26145604761818	TRUE	down	-1	TRUE	TRUE
CFDP1	-0.410167882824662	0.0878429927843299	-4.66932955974869	3.02184285349797e-06	-0.430546914410779	-0.448896919482051	-0.38177077643683	-0.241207566579994	-3.8559649047089	TRUE	down	-1	TRUE	TRUE
CFL1	-0.415185807913878	0.0924511015679819	-4.4908692365183	7.09330916755584e-06	-0.6952770817431	-0.575411792151843	-0.171952385619821	-0.497966944149547	-5.88722003272097	TRUE	down	-1	TRUE	TRUE
ENSG00000280441	1.53692056107954	0.267267266243627	5.75050054831092	8.89796152027583e-09	1.01732370192207	1.98895227290501	1.28591926484302	0.928678916241016	3.90751620575988	TRUE	up	1	TRUE	TRUE
CHCHD1	-0.115607280338082	0.132797254164611	-0.87055474953405	0.383997312928197	-0.0579235445894333	-0.166637522258263	-0.159664126114431	-0.476547538593432	-4.39048020554964	TRUE	down	-1	TRUE	TRUE
CHCHD10	-0.221881232477845	0.192177742936238	-1.15456258923523	0.248269594025505	-0.253950999144934	-0.410054826535167	0.0132274962240846	-0.405459272726182	-4.41633756301674	TRUE	down	-1	TRUE	FALSE
CHCHD2	-0.269329015967266	0.0769178920766456	-3.50151322008266	0.000462624018831898	-0.40394609526424	-0.190578061944445	-0.242185217853791	-0.44334629966679	-5.32581325132447	TRUE	down	-1	TRUE	TRUE
CHD3	0.68848974519483	0.114638788394857	6.00573117384516	1.90471559536382e-09	0.762181295915936	0.964775531317293	0.535116420150452	0.546421183709276	7.71495269090836	TRUE	up	1	TRUE	TRUE
CHD4	0.280516104710286	0.0734258061803333	3.82040210796379	0.000133234278925596	0.446030664896993	0.378989585714266	0.0675105721634669	0.280297529654767	4.99701428982992	TRUE	up	1	TRUE	TRUE
CHD7	0.283036684082639	0.102746418832582	2.75471094076599	0.0058744009124842	0.23206225567205	0.361483329293966	0.264998160146185	0.291417831925918	4.17431386556474	TRUE	up	1	TRUE	TRUE
CHD8	0.142104207201064	0.0881359722805116	1.61232926266232	0.106890308789423	0.122646242927799	0.137416736974066	0.170043333213506	0.247181263114134	3.63877193880045	TRUE	up	1	TRUE	TRUE
CHDH	0.190284503292521	0.124924122683226	1.52320063735833	0.127708516698912	0.522407423483942	0.425344155829569	-0.103276491870072	0.376968172560741	3.6514410379969	TRUE	up	1	TRUE	FALSE
CHMP1B	-0.615963573924313	0.171315181807662	-3.59549905282688	0.000323770306458515	-0.687264451908277	-0.576331559725914	-0.559188639122448	-0.566116253933027	-4.42931219849738	TRUE	down	-1	TRUE	TRUE
CHMP2B	-0.746122703077972	0.153030802631085	-4.87563738966112	1.08457678536896e-06	-0.89758980223836	-0.398787195335147	-0.430570194334802	-0.311227937292654	-2.69422194082963	TRUE	down	-1	TRUE	TRUE
CHMP5	-0.386205511414831	0.133529551329712	-2.89228494793043	0.0038245090649973	-0.845325810366204	-0.759518862380206	0.154664310617658	-0.579941417147608	-5.53589638334134	TRUE	down	-1	TRUE	FALSE
CHN2	0.376808135173345	0.0879365142833227	4.28500194992158	1.82737585434898e-05	0.115108461896228	0.929342829695807	0.425165828578531	0.359858078125537	4.27334496896782	TRUE	up	1	TRUE	TRUE
CHP1	-0.749641179873922	0.0988238977795886	-7.58562652068107	3.3088426267511e-14	-1.24021316338192	-0.63196982209468	-0.611100984114941	-0.465067167856448	-4.84666967941126	TRUE	down	-1	TRUE	TRUE
CHP2	-1.32141890224539	0.220735543685775	-5.98643462752187	2.14490739357326e-09	-1.58461810660471	-1.67709947938596	-0.910597589301124	-1.13496646810407	-10.1116373405453	TRUE	down	-1	TRUE	TRUE
CHRAC1	-0.31461843730297	0.104761237674828	-3.00319511573091	0.00267161087239667	-0.301098623103025	-0.595542764652904	-0.168548878512296	-0.426309581019494	-4.10240090552802	TRUE	down	-1	TRUE	TRUE
CHRM3	1.25165909742575	0.198645671349486	6.3009633631717	2.95801313633526e-10	0.930213082617219	2.1801346936008	0.63648475090342	1.08704034353396	5.6965992385893	TRUE	up	1	TRUE	TRUE
CISD1	-0.354504554730176	0.0816486151329885	-4.34183181371493	1.41299681662071e-05	-0.481984690986454	-0.490289473713517	-0.258410433200749	-0.464013747621455	-6.51558537528715	TRUE	down	-1	TRUE	TRUE
CISD2	-0.523487055948007	0.103690225358547	-5.04856705767449	4.45136226664281e-07	-0.538533870006475	-0.654000389819988	-0.437899582823466	-0.44902297212186	-4.20486891398761	TRUE	down	-1	TRUE	TRUE
CITED2	-0.661443699734091	0.17228678899396	-3.83920150579439	0.000123435095329527	-0.589140355461582	-1.21616169721139	-0.587408862348741	-0.859085906099898	-6.53708807518986	TRUE	down	-1	TRUE	TRUE
CKMT1A	-0.66023861383965	0.109762036818323	-6.01518186959734	1.79684851160258e-09	-0.824838109426593	-0.696951833759727	-0.494538679247485	-0.40173896771418	-3.85063163928939	TRUE	down	-1	TRUE	TRUE
CKMT1B	-0.553246272581041	0.159132751605437	-3.47663360935775	0.000507751168776246	-0.702419653137122	-0.49241562693796	-0.43175967696717	-0.239269629025815	-3.16193461876319	TRUE	down	-1	TRUE	TRUE
CLASP2	0.31872146932606	0.0857535062420188	3.71671647368616	0.000201828718435058	0.451618619549386	0.305914549986083	0.0697991807384132	0.199307079642267	2.84960065252764	TRUE	up	1	TRUE	TRUE
CLASRP	0.229189020189236	0.093908947623287	2.44054508105682	0.0146651154391788	0.243565200762262	0.282270993380484	0.128977574241677	0.321961866193848	3.95052173846506	TRUE	up	1	TRUE	TRUE
CLEC16A	0.208645837308963	0.0809655453298498	2.57697069116189	0.00996704013906666	0.172520609492552	0.189590504141543	0.249736924961961	0.18582839424334	2.85269275683399	TRUE	up	1	TRUE	TRUE
CLTC	-0.587284276299053	0.0901039251796045	-6.51785452330093	7.13201095613534e-11	-0.643078818511855	-0.580761692052337	-0.439530796948406	-0.463480598395684	-5.57484087004887	TRUE	down	-1	TRUE	TRUE
CMAS	-0.65623737405194	0.136185479148658	-4.81870297886607	1.44494475344788e-06	-1.01989415659833	-0.954387327667056	-0.195229355104899	-0.824504881239549	-5.93666034528902	TRUE	down	-1	TRUE	TRUE
CMC2	-0.299871274465866	0.0935699515660741	-3.20478176430511	0.0013516492206782	-0.363783096225961	-0.631097021782687	-0.0442470297534945	-0.383202779075393	-5.43850556568744	TRUE	down	-1	TRUE	TRUE
CMIP	0.384726667156924	0.0632090271538122	6.08657789053982	1.15349553316105e-09	0.479461918843895	0.300708913348063	0.404805731243384	0.276274349606054	4.4676867127852	TRUE	up	1	TRUE	TRUE
CNIH1	-0.66260198397646	0.141523403192366	-4.68192517301055	2.84193225221297e-06	-0.887469454167938	-0.696615573651234	-0.432511171017913	-0.47557841529336	-4.13325391576714	TRUE	down	-1	TRUE	TRUE
CNKSR2	-0.178569469744127	0.321496858845146	-0.555431460156622	0.578599578954083	-0.371542913365262	0.272951605261375	-0.447938135683841	0.402083938734023	3.03634946277504	TRUE	up	1	FALSE	FALSE
CNKSR3	-0.575320339523134	0.13298812424189	-4.32610312238627	1.51770391613355e-05	-0.482629528751066	-0.899674261842049	-0.399224637582419	-0.501365409745909	-4.59142883592057	TRUE	down	-1	TRUE	TRUE
CNN3	-1.06769496238295	0.170670382837725	-6.25588895173526	3.95257931058114e-10	-1.01528873778319	-1.11824172710594	-1.07533088795574	-0.903009386895731	-6.59622460687673	TRUE	down	-1	TRUE	TRUE
CNNM4	-0.48735526504329	0.0965483357061766	-5.04778525159095	4.46961135514265e-07	-0.788796867098462	-0.674161751548823	-0.277073470269522	-0.355208192146066	-5.05070794753865	TRUE	down	-1	TRUE	TRUE
CNPPD1	-0.327502630482887	0.0967697134391369	-3.3843505250108	0.000713468546841104	-0.714140349715446	-0.412840034098138	-0.14412469524803	-0.323792779563257	-3.75553632627869	TRUE	down	-1	TRUE	TRUE
CNTN4	-1.19518870704531	0.202801379193746	-5.89339535952314	3.7833972181066e-09	-0.974535609098925	-1.38844437424276	-1.20655577399237	-1.36765446416826	-7.38154150290441	TRUE	down	-1	TRUE	TRUE
CNTROB	0.38412113031014	0.116547372682776	3.29583688991137	0.000981289704326459	0.739374828492099	0.292708335572878	0.125458003877599	0.239555310067504	2.55917204916509	TRUE	up	1	TRUE	TRUE
COA3	-0.38398628396625	0.0880798722773146	-4.35952362370929	1.30345882679081e-05	-0.44136216948378	-0.415303118483977	-0.291197322178923	-0.469146611295832	-4.9800674216559	TRUE	down	-1	TRUE	TRUE
COA6	-0.28760102149728	0.114268459831345	-2.51688892912152	0.0118396146492692	-0.333720759979837	-0.135723196013371	-0.363121560653815	-0.422142569714048	-4.67430984635698	TRUE	down	-1	TRUE	TRUE
COG4	0.245898354642109	0.109201758317437	2.25178017671941	0.0243361670029136	0.278032924545687	0.27732473510758	0.0659019059575615	0.288596706683561	3.74210979237746	TRUE	up	1	TRUE	TRUE
COMMD2	0.0497030648091574	0.118208495269828	0.420469482296539	0.674142518803835	-0.272721155030947	0.379700909885342	-0.261151034010864	-0.357689899751266	-4.21401860786013	TRUE	down	-1	FALSE	FALSE
COMMD6	0.00312605566230615	0.0983868968274045	0.0317730893351586	0.97465300739709	-0.017543563374388	0.0408095175210049	0.0107582537401266	-0.45558134100781	-4.14226189186734	TRUE	down	-1	FALSE	FALSE
COPA	-0.282600126117542	0.0776422588689673	-3.63977208074886	0.000272879468619264	-0.319681768461324	-0.320922449815598	-0.221424819076376	-0.172120900516211	-2.72576978912122	TRUE	down	-1	TRUE	TRUE
COPB2	-0.0626225074639591	0.105525842883808	-0.593432904704788	0.552891473263477	-0.224431136349511	-0.403118589113467	0.140800348842085	-0.334443170435651	-3.63009627527341	TRUE	down	-1	TRUE	FALSE
COPS5	-0.544387180118989	0.135481490160847	-4.01816646298089	5.86527574735287e-05	-0.657575206118055	-0.635688826983232	-0.358481131717317	-0.453159493051435	-4.6105698392268	TRUE	down	-1	TRUE	TRUE
CORO1C	-0.301123742900396	0.114940162201914	-2.61983050251325	0.0087973480327172	-0.500104239655862	-0.406541351233576	-0.122958459954508	-0.307816675025215	-3.42656805943074	TRUE	down	-1	TRUE	TRUE
CORO7	0.397834886018491	0.13804943902165	2.88182906673094	0.00395374153446961	0.189582485166437	0.808413032711878	-0.122820942159701	0.498491953860466	4.16862353606613	TRUE	up	1	TRUE	FALSE
COTL1	-0.43677423382552	0.113592733170017	-3.84508957251509	0.000120508410434602	-0.339278259717698	-0.346245054354711	-0.549701767842695	-0.493949241010543	-4.8408537714355	TRUE	down	-1	TRUE	TRUE
COX10	-0.292125508747654	0.109192859104897	-2.67531696799899	0.00746586270269163	-0.267238263462611	-0.208792577355757	-0.452537426621341	-0.309035470389637	-4.67354548289924	TRUE	down	-1	TRUE	TRUE
COX16	-0.442007318475393	0.110170976659375	-4.01201234551986	6.02033508626364e-05	-0.49248398429571	-0.387847697567617	-0.423722256235491	-0.685617942713343	-9.16247735227167	TRUE	down	-1	TRUE	TRUE
COX19	0.371096798152678	0.0934847718184129	3.96959623406372	7.19945256852049e-05	0.415679763744234	0.514242551323403	0.21495483927632	0.341275483091926	4.06230252528516	TRUE	up	1	TRUE	TRUE
COX4I1	-0.261939717610153	0.105340914525719	-2.48659050274526	0.0128973760052814	-0.40190189412806	-0.0849434638691808	-0.256665489694378	-0.479207557008395	-4.92024573473099	TRUE	down	-1	TRUE	TRUE
COX5A	-0.774638365304997	0.0931925460319651	-8.3122352407809	9.39160165106506e-17	-0.96586760546102	-0.841680425096969	-0.603172067945088	-0.823770690484804	-11.1222545448637	TRUE	down	-1	TRUE	TRUE
COX5B	-0.369045539494345	0.0966755712871974	-3.81736083460018	0.000134886825725278	-0.416543239172939	-0.395188782452327	-0.295099014836004	-0.43162483720039	-4.41531486059151	TRUE	down	-1	TRUE	TRUE
COX6A1	-0.541584000444589	0.091424273847111	-5.92385345439309	3.14483729822566e-09	-0.635781604832351	-0.565978381690252	-0.423553624537477	-0.595609682971969	-6.48274441949016	TRUE	down	-1	TRUE	TRUE
COX6B1	-0.288293523455234	0.0994746296196169	-2.89816131568065	0.00375357470813553	-0.389161644000255	-0.371267606549329	-0.105364729658869	-0.330349169294513	-3.3493492050333	TRUE	down	-1	TRUE	TRUE
COX6C	-0.840045003801586	0.0961560997490954	-8.73626328432159	2.4094803673718e-18	-0.819305922021121	-0.977014164435615	-0.692188942847998	-0.740037508915188	-7.88929682827129	TRUE	down	-1	TRUE	TRUE
COX7A2	-0.492278525498993	0.0815657658962272	-6.03535711447005	1.586115226892e-09	-0.721590918782052	-0.491740527838038	-0.329584090664519	-0.38505620917596	-4.26783076713623	TRUE	down	-1	TRUE	TRUE
COX7A2L	-0.38909708140043	0.121343186196953	-3.20658368710447	0.00134321228957591	-0.32880334406276	-0.473221086092489	-0.43175166288394	-0.385913465781908	-4.44447863412989	TRUE	down	-1	TRUE	TRUE
COX7B	-0.605347062955753	0.144425897411086	-4.1914024687188	2.77235362935318e-05	-0.549363430059646	-0.644257631179112	-0.611936230335664	-0.576882394383588	-4.09649259099927	TRUE	down	-1	TRUE	TRUE
COX7C	-0.316543747870184	0.103924180763996	-3.04591044685771	0.00231976916828105	-0.351585851072572	-0.351284181738367	-0.261007179015535	-0.540441107212094	-6.49278032847219	TRUE	down	-1	TRUE	TRUE
COX8A	-0.350416814954922	0.115655470185854	-3.02983347343463	0.00244688612039531	-0.39027591330302	-0.449419324113621	-0.207194306778319	-0.470913832501804	-4.43035595649292	TRUE	down	-1	TRUE	TRUE
CPNE3	-0.442231093498901	0.133596582583172	-3.3101976483836	0.000932301138511629	-0.465441614087175	-0.440245597625936	-0.402744086020892	-0.581272360232412	-4.43388444538359	TRUE	down	-1	TRUE	TRUE
CPSF7	-0.0294396379842535	0.0938342783218921	-0.313740762019428	0.753717939126621	-0.00635234759462046	-0.0877493503627856	-0.0453346550921042	-0.195728320406473	-3.05103114000029	TRUE	down	-1	TRUE	TRUE
CPT1A	-0.767374422122915	0.0711365087204085	-10.7873500671641	3.95015570774146e-27	-0.784141716890256	-1.03277989443135	-0.652620936953865	-0.549479184101884	-7.95028721423799	TRUE	down	-1	TRUE	TRUE
CRBN	-0.137151822778225	0.129736661324752	-1.05715548232671	0.29044063327228	-0.0907179752545061	-0.209850672723327	-0.0322308181539638	-0.323031206193633	-3.0590833356104	TRUE	down	-1	TRUE	TRUE
CREB3L2	0.334064315715546	0.107481137492864	3.10812039682523	0.00188281348813417	0.551493467066045	0.285260017234867	0.394269444088841	0.446979483956678	5.31192836380422	TRUE	up	1	TRUE	TRUE
CREBBP	0.28116839089099	0.0711544839900502	3.95152034171602	7.76562699103527e-05	0.245311962027251	0.225823458029552	0.388170711018108	0.307693563618085	5.58547665925374	TRUE	up	1	TRUE	TRUE
CREBZF	-0.549190864759521	0.160959853143622	-3.41197419128786	0.000644942191851622	-0.670846134859418	-0.293781581032305	-0.826542109233102	-0.55647424139196	-4.36694433827381	TRUE	down	-1	TRUE	TRUE
CRTC1	0.812625554144312	0.120637389401519	6.73610029341434	1.62694008442811e-11	0.821425160023931	0.873539267849571	0.699360136913835	0.53644690711777	4.82013919007544	TRUE	up	1	TRUE	TRUE
CRTC3	0.481664695069763	0.098557727837155	4.88713270526699	1.02315131885921e-06	0.642570043598862	0.450485645742504	0.319436252583791	0.405964236770705	5.41288296586682	TRUE	up	1	TRUE	TRUE
CRYL1	-0.342765308357492	0.101491427735013	-3.37728334310586	0.000732055982717139	-0.651666271944517	-0.155002512859656	-0.394689287824381	-0.304088440622617	-3.96905643820896	TRUE	down	-1	TRUE	TRUE
CS	-0.540153577755998	0.111849027176924	-4.82930957371294	1.37007265647231e-06	-0.632525542973563	-0.598491395121101	-0.371561908388434	-0.512753779703692	-5.49195418832091	TRUE	down	-1	TRUE	TRUE
CSNK1E	0.584654804130614	0.088112091360211	6.63535270931758	3.23727489913211e-11	0.74008099190523	0.596443892190739	0.344332668687763	0.500193840774811	6.22083846881563	TRUE	up	1	TRUE	TRUE
CSRP1	-0.0304546673324332	0.127947219589719	-0.238025237516615	0.811861519945361	-0.0955789158905157	-0.160560240025104	0.0993097823693793	-0.367333396365673	-3.32077985344012	TRUE	down	-1	TRUE	FALSE
HDGFL2	0.537198350893487	0.199184575192078	2.69698770788579	0.00699698531176019	0.450107337755159	0.678869266619012	0.351959145300758	0.360032963702568	2.78858562995759	TRUE	up	1	TRUE	TRUE
ANKHD1-DT	-0.0077777133117806	0.118468819737784	-0.0656519861428145	0.947654899398413	-0.0565795397384561	0.276276644447879	-0.0831862253151057	0.271559100783735	3.40311778417631	TRUE	up	1	FALSE	FALSE
LINC02086	0.310752777957873	0.110982731322937	2.80001018404969	0.00511009944045001	0.405650715472131	1.06830106199808	0.0369206263070912	0.404086249790215	4.41491579311449	TRUE	up	1	TRUE	TRUE
CTDSP2	-0.266029717458933	0.114198677003723	-2.32953414556861	0.0198307862757718	-0.580557721861915	-0.423893602846983	0.0443524129485111	-0.335232267578684	-3.77728468789234	TRUE	down	-1	TRUE	FALSE
CTNNBIP1	0.376659549135104	0.109037132544347	3.45441539359915	0.000551487223630783	0.484053168761211	0.437682214399984	0.116657045109953	0.421145049039964	4.84421848878627	TRUE	up	1	TRUE	TRUE
CTNND1	-0.459240537734832	0.0953812523837279	-4.81478829704671	1.47356024302635e-06	-0.618815984071771	-0.553965993023268	-0.245463121417501	-0.382164420501201	-5.4087590959833	TRUE	down	-1	TRUE	TRUE
CTPS2	0.301818582850975	0.0888570169148558	3.39667696857506	0.000682094360128406	0.382333853199185	0.280142695646721	0.184019757418635	0.340440769033791	4.77313857807693	TRUE	up	1	TRUE	TRUE
CUEDC1	1.22607841452964	0.142141420992465	8.62576443916824	6.3665944313665e-18	1.19239574073487	1.42572124582399	0.929316603514424	0.837356886186981	7.64043055566301	TRUE	up	1	TRUE	TRUE
CUX1	0.543883226880797	0.0901471792721045	6.03328058928072	1.60664086529215e-09	0.66207188895486	0.371291388871809	0.658383193425507	0.482765959835801	6.36591369548699	TRUE	up	1	TRUE	TRUE
CWC15	-0.321107695410634	0.115295632667623	-2.78508116900083	0.00535143251164751	-0.329233734033477	-0.330060097980937	-0.301648967839403	-0.283033597908751	-3.57657135721006	TRUE	down	-1	TRUE	TRUE
CYB561D1	0.240250392361099	0.103415725097491	2.32315145626657	0.0201710175248527	0.211622729031478	0.313485412402153	0.309248223415831	0.459868940534524	4.94841518019762	TRUE	up	1	TRUE	TRUE
CYB5A	-0.353012735326432	0.111540375372915	-3.16488746022414	0.00155142945515252	-0.352577895165204	-0.104790553077715	-0.429649406084461	-0.568660302061849	-5.76026140112956	TRUE	down	-1	TRUE	TRUE
CYB5B	-0.196334940221562	0.0735875850433994	-2.66804434614576	0.00762941872124458	-0.29615141499378	-0.340184662294952	-0.00427898527463697	-0.252942701492392	-4.20047539667271	TRUE	down	-1	TRUE	TRUE
CYC1	-0.424390702050599	0.109479136963345	-3.87645275457998	0.000105990378951517	-0.457515893747751	-0.319483178271561	-0.47814662337958	-0.362823366827339	-5.03260426885091	TRUE	down	-1	TRUE	TRUE
CYCS	-0.700927397274825	0.107181281808824	-6.5396437273912	6.16655548034822e-11	-1.23902639094106	-1.12373495298444	-0.432185491822912	-0.96306439391685	-8.15441174142962	TRUE	down	-1	TRUE	TRUE
CYFIP2	0.506820566642381	0.15279543809332	3.3169875551706	0.000909936695204321	0.613362961016953	0.935835882003562	-0.0388311256166549	0.490724232858228	4.33401303890219	TRUE	up	1	TRUE	FALSE
CYP2J2	-0.351075603244474	0.134593033471598	-2.60842329048597	0.00909603964049459	-0.481327625461868	-0.25296049631836	-0.192931361600726	-0.582027695970141	-5.30856053700469	TRUE	down	-1	TRUE	TRUE
CYP3A5	0.516221636469909	0.144327141830784	3.57674675685847	0.000347896910805615	0.268434577523026	0.68329934214502	0.804352876858887	0.39527212050991	3.3058908444528	TRUE	up	1	TRUE	TRUE
CYSTM1	-0.0861636082583312	0.108006655428592	-0.797762026019758	0.425008601833241	-0.747021641070708	-0.132328020478055	0.133212517151813	-0.358973568340704	-3.93208233873976	TRUE	down	-1	TRUE	FALSE
DACH1	0.886327368503261	0.150519228219191	5.88846607167399	3.89796547581013e-09	1.06331093665852	0.88755439622017	0.800325194322406	0.795273740431136	7.597941085718	TRUE	up	1	TRUE	TRUE
DAD1	-0.277624349677473	0.108484727075387	-2.55910999789445	0.0104940530649257	-0.386254173748432	-0.20051458583538	-0.181723720841428	-0.49038491788526	-4.12930068743885	TRUE	down	-1	TRUE	TRUE
DAZAP2	-0.659441322199417	0.0914816638367229	-7.20845352546705	5.65908790235433e-13	-0.787404937038593	-0.725634425249088	-0.492359343613474	-0.649735657596179	-7.10079343582664	TRUE	down	-1	TRUE	TRUE
DBI	-0.491279440895795	0.112648945251564	-4.36115437919714	1.29378038030545e-05	-0.626150476889188	-0.565909126357546	-0.282425686997342	-0.589492903406305	-5.927510530093	TRUE	down	-1	TRUE	TRUE
DBNDD2	-0.324462508796056	0.116595034245751	-2.78281584541737	0.00538893841470645	-0.142255923724431	-0.832740736052621	-0.174400135492934	-0.609814042765432	-6.00950236800089	TRUE	down	-1	TRUE	TRUE
DCP1A	0.138171883813565	0.0760123271910748	1.81775626295768	0.0691013941871245	0.221348814815549	0.0446820899449041	0.0186785872233477	0.163712007526822	2.61864219828997	TRUE	up	1	TRUE	TRUE
DCPS	0.572889099944524	0.151690242043349	3.77670371032045	0.000158917589781303	0.668576909083417	0.923636520451773	0.304091786420254	0.645718924870147	4.55694084221098	TRUE	up	1	TRUE	TRUE
DCTN2	-0.224597435836139	0.0782753423573265	-2.86932549985988	0.00411348239388285	-0.323881453104342	-0.0217275323384875	-0.197699430967133	-0.278369938442107	-4.12092381501511	TRUE	down	-1	TRUE	TRUE
DCTN6	-0.419841659455563	0.156082023780669	-2.68987836834777	0.00714780660993625	-0.703229748630324	-0.393319940793674	0.00898890911437371	-0.552224434002678	-3.97079305487789	TRUE	down	-1	TRUE	FALSE
DCTPP1	-0.280173492446141	0.105245251449042	-2.66210103153011	0.00776545664302993	-0.204039202855442	-0.317961463239879	-0.391074928766167	-0.354944904680689	-4.62324286646306	TRUE	down	-1	TRUE	TRUE
DDAH1	-0.606153763875969	0.136766862539602	-4.43202214791213	9.33534258588989e-06	-0.687621388159809	-0.388601675079432	-0.687124354076578	-0.492571139738657	-5.03664866073151	TRUE	down	-1	TRUE	TRUE
DDB2	0.533870973389482	0.0989081248543567	5.39764528116991	6.7521193981383e-08	0.778512629007008	0.660348117711286	0.42064365087546	0.496456345246806	6.08459434833869	TRUE	up	1	TRUE	TRUE
DDC	-0.772621137021571	0.127086919083328	-6.07947019720402	1.20580290297061e-09	-0.822764841724906	-0.827730837707695	-0.734045400604314	-0.717835975990076	-6.4197767728912	TRUE	down	-1	TRUE	TRUE
DDRGK1	0.405472253118341	0.114743534350437	3.53372636997561	0.000409745041649508	0.333290371072787	0.628551147929551	0.397120828796312	0.308931957434651	3.17049195566926	TRUE	up	1	TRUE	TRUE
DDX11	0.555613654406041	0.122587937614855	4.53236807157699	5.83261038323746e-06	0.393019767658311	0.568434724687043	0.635796813420086	0.467017667969046	4.97702030681497	TRUE	up	1	TRUE	TRUE
DEAF1	0.511520840495733	0.0912863401675423	5.60347626552794	2.10094896914652e-08	0.524690425389102	0.567232743348241	0.434002104101112	0.415714669591004	4.11081170781585	TRUE	up	1	TRUE	TRUE
DECR1	-0.495127441373973	0.103767959642468	-4.77148671979223	1.82871040134085e-06	-0.799683240579733	-0.234653408545607	-0.218652659546642	-0.390922743219415	-3.83795582533166	TRUE	down	-1	TRUE	TRUE
DEDD	-0.332289393434956	0.133165619584423	-2.49530918319569	0.0125847421377976	-0.423425969153884	-0.409661813834782	-0.114811184010854	-0.32485950292667	-4.11045640163896	TRUE	down	-1	TRUE	TRUE
DENND4B	0.677638672918243	0.119812270510432	5.65583700259853	1.55088598681215e-08	0.599580292178829	0.903013330354058	0.321997243415898	0.41859554521126	4.15037927125318	TRUE	up	1	TRUE	TRUE
DENND4C	0.290802906333634	0.0764602567807759	3.8033210791773	0.000142769118540102	0.501006663149418	0.202352218769923	0.277484605260973	0.24888044668695	3.81824077104558	TRUE	up	1	TRUE	TRUE
DEPDC5	0.159231475276388	0.108899807613603	1.4621832560198	0.143690998734327	0.110057500207386	0.24570905462472	0.17687965392213	0.277605049233656	3.12654519834384	TRUE	up	1	TRUE	TRUE
DERA	-0.381262890100436	0.0948655990291282	-4.01897941932955	5.84507756888992e-05	-0.434420931679829	-0.6052131761064	-0.163305694051434	-0.392162332617851	-4.72528112677303	TRUE	down	-1	TRUE	TRUE
DGKH	0.426213554793997	0.125663462242107	3.3917062858959	0.00069458854775787	0.579789373226994	0.456543964630573	0.216229373581922	0.305784611732826	3.8459128122421	TRUE	up	1	TRUE	TRUE
DGKZ	0.371515152171648	0.134300205169198	2.76630368288415	0.00566957100579823	0.316805132515476	0.293587067117905	0.490244932334105	0.291476987509245	2.74668679934206	TRUE	up	1	TRUE	TRUE
DGUOK	-0.262654235184139	0.0999228244859971	-2.62857096499456	0.0085744462982279	-0.246245150793095	-0.151079755043565	-0.499038253659072	-0.375958359159853	-4.80750294170108	TRUE	down	-1	TRUE	TRUE
DHRS1	-0.277452005337291	0.117580480793787	-2.35967741809023	0.0182908323151243	-0.538106410053757	-0.0744021018307953	-0.161967803305028	-0.38293254685015	-4.07506133840393	TRUE	down	-1	TRUE	TRUE
DHRS11	-1.16792287321853	0.143955622340184	-8.11307578149733	4.93542698240873e-16	-1.31728671513136	-1.13811364190342	-1.15623325892079	-0.873761012891747	-8.76723472917681	TRUE	down	-1	TRUE	TRUE
DHRSX	0.400093886394788	0.0891346164714127	4.48864764592448	7.16767385052104e-06	0.395032230680859	0.403705221834071	0.404857431462554	0.262398277630392	3.81191833414821	TRUE	up	1	TRUE	TRUE
DHX30	0.156485187791987	0.10118279893899	1.54655919220364	0.121969576347366	0.275026061460177	-0.0311388985874701	0.204684229370807	0.25665733112804	3.42037810962086	TRUE	up	1	TRUE	FALSE
DLD	-0.757991864877376	0.167671318121534	-4.52070081734525	6.16352448813284e-06	-0.955661966562756	-0.529428903945658	-0.835600674607246	-0.842459152988422	-6.35652128466037	TRUE	down	-1	TRUE	TRUE
DLEU1	0.813247435220126	0.149820447466405	5.42814715195992	5.6942084645358e-08	1.04257150905647	1.07285375239515	0.568500545494493	0.716425695742917	5.63785235902644	TRUE	up	1	TRUE	TRUE
DLG2	0.897656514975305	0.167187682806867	5.36915459263986	7.91065886626746e-08	0.788955517057233	1.04339699048794	0.815323014732519	0.490500088062193	3.75953861059707	TRUE	up	1	TRUE	TRUE
DLG5	0.486819853295811	0.13205327941977	3.68654118576117	0.000227322666138033	0.489819492401501	0.501295114139101	0.464329623025875	0.473516918656145	5.1775197568097	TRUE	up	1	TRUE	TRUE
DLGAP4	0.461742319775913	0.0842974860163722	5.4775336916481	4.31294905236344e-08	0.433637915977929	0.412904595308495	0.692369541137555	0.34256451277434	3.86574158991767	TRUE	up	1	TRUE	TRUE
DMWD	0.369144882682644	0.159287450541534	2.3174762445356	0.0204778032374724	0.33250633871144	0.379170437337275	0.440602745510765	0.387644794109383	4.03614383459915	TRUE	up	1	TRUE	TRUE
DNAJA1	-0.382883934430101	0.121256060821321	-3.15764780611095	0.00159047584699274	-0.462300113765602	-0.465372851627202	-0.197515904853976	-0.386937291410014	-3.36613103524432	TRUE	down	-1	TRUE	TRUE
DNAJA2	-0.648245237956768	0.169355823034285	-3.82771153859607	0.000129340211033171	-0.832581352798533	-0.451947251220626	-0.512289509657624	-0.475537150465117	-3.72203911719749	TRUE	down	-1	TRUE	TRUE
DNAJB11	-0.455249996002136	0.144369702728593	-3.15336242575758	0.00161401285106187	-0.756578520969528	-0.41639019195496	-0.217441552681142	-0.450157858497969	-2.86268231218641	TRUE	down	-1	TRUE	TRUE
DNAJC15	-0.239043210411964	0.105826554240403	-2.25882069134498	0.0238945408969293	-0.402574968032091	-0.0432091117716226	-0.173504195153824	-0.319317609677245	-3.48155446415536	TRUE	down	-1	TRUE	TRUE
DNAJC25	-0.341972428141993	0.143876541693841	-2.37684631640428	0.0174613615189443	-0.4104934762235	-0.257309554699271	-0.375575129565281	-0.371376285946412	-3.00073264313207	TRUE	down	-1	TRUE	TRUE
DNASE1	0.482977436352455	0.0935401268347789	5.16331816831449	2.42610244821538e-07	0.548080694808062	0.265799233653505	0.672234420342787	0.466951689050273	6.1775694438025	TRUE	up	1	TRUE	TRUE
DNMT3A	0.585689554915792	0.12910191566072	4.53664495928152	5.71562078599489e-06	0.961319829217727	0.380686148415309	0.353492644618184	0.417235243545192	4.04737894651298	TRUE	up	1	TRUE	TRUE
DNPH1	-0.140020812175103	0.113224799730045	-1.23666204320031	0.21621257578535	-0.0872034196234696	0.0339071524230762	-0.279389830372879	-0.42738750336146	-4.03107156354125	TRUE	down	-1	TRUE	FALSE
DOCK10	-0.717146376833755	0.253108851263388	-2.83335163213034	0.00460626854431469	-0.676788787155522	-0.880776444455454	-0.708032806203714	-0.84238411349567	-4.63516800906247	TRUE	down	-1	TRUE	TRUE
DOCK9	0.219797625761608	0.0900923928609015	2.43969128560016	0.0146998179511877	0.100798800290405	0.331573469028938	0.333580738304738	0.320197068236717	4.34934294456997	TRUE	up	1	TRUE	TRUE
DPM1	-0.533674669845783	0.13517794265117	-3.94794194510671	7.88259128110678e-05	-0.482867185353721	-0.539395945465475	-0.560385016246994	-0.715334339414546	-5.91498891134382	TRUE	down	-1	TRUE	TRUE
DPP10	-0.319580903880949	0.179546198806118	-1.77993689649786	0.0750862885155235	-0.0672092118091605	-0.398412727408659	-0.406089240013857	-0.697847082348529	-5.96667869622247	TRUE	down	-1	TRUE	TRUE
DPY19L3	0.694392973311756	0.137593613485741	5.04669479723865	4.49518555500078e-07	0.426325922862412	0.997835163654327	0.542522739317266	0.508108268154004	5.71842040703667	TRUE	up	1	TRUE	TRUE
DPY30	-0.121891026070311	0.0919291771452307	-1.32592317102704	0.184865147067193	-0.0937236834420507	0.0449435040853796	-0.308902491959846	-0.250999452644338	-3.66422229767813	TRUE	down	-1	TRUE	FALSE
DR1	-0.458057345858213	0.129726539503588	-3.53094553829169	0.000414076997024618	-0.693511160442715	-0.404816989274368	-0.341777650703456	-0.469800024003146	-4.05423236153725	TRUE	down	-1	TRUE	TRUE
DRAM2	-0.311164549405535	0.12934990597252	-2.40560321297521	0.0161457904016622	-0.373054836414283	-0.144587455951314	-0.40858627886831	-0.262239777696165	-2.98528843972599	TRUE	down	-1	TRUE	TRUE
DSC2	-0.663235356002634	0.117787121671528	-5.63079686973073	1.79378893087233e-08	-1.12375952836569	-0.524848215840289	-0.566503607768815	-0.497524610041667	-4.72468871948008	TRUE	down	-1	TRUE	TRUE
VPS26C	-0.395961941404854	0.0898153834745615	-4.4086205067198	1.04031129993243e-05	-0.546807978191616	-0.611427025357737	-0.161692771393755	-0.298120120941318	-3.24985306091678	TRUE	down	-1	TRUE	TRUE
DSTN	-0.492459218300439	0.0890687454828034	-5.52897894352311	3.22099998967653e-08	-0.644514475390563	-0.585064550978688	-0.377172704287345	-0.447666125328769	-5.48067289243437	TRUE	down	-1	TRUE	TRUE
DTWD2	-0.352507525129218	0.0866324182268491	-4.06900248595356	4.72148436215793e-05	-0.461716920225426	-0.338734590451907	-0.354449096663345	-0.680247638951043	-7.89523093705935	TRUE	down	-1	TRUE	TRUE
DUSP22	0.296662741821247	0.113847967540832	2.60577986791769	0.00916653527576965	0.254803666047921	0.520609993316244	0.195719152519505	0.253076489362311	2.62672472059253	TRUE	up	1	TRUE	TRUE
DUT	-0.669538401253342	0.149243586555598	-4.48621221658939	7.25005307706954e-06	-0.645788649938051	-0.401668362240971	-0.842867251504063	-0.755497948120062	-7.7768850872239	TRUE	down	-1	TRUE	TRUE
DYM	0.2313936975284	0.0758082552731464	3.05235487473838	0.00227053493620252	0.389423354826148	0.220424776997069	-0.121624370186434	0.21740257112395	4.16702589509532	TRUE	up	1	TRUE	FALSE
DYNC1I2	-0.180958005283757	0.0868718182923298	-2.08304613441865	0.037247018554919	-0.269426483381543	-0.0437022196878679	-0.0389948919419188	-0.176491788572422	-2.67769479628943	TRUE	down	-1	TRUE	TRUE
DYNLL1	-0.632258912906987	0.118897373951591	-5.31768610099335	1.05095171732177e-07	-0.71460915873625	-0.933132360732814	-0.368718523787794	-0.670252262998922	-6.53180249773628	TRUE	down	-1	TRUE	TRUE
DYNLL2	-0.228512473333181	0.0916352148321147	-2.49371896766804	0.0126412587038352	-0.188093583721882	-0.435742530438836	-0.129313426855225	-0.320758849467681	-4.43078063117416	TRUE	down	-1	TRUE	TRUE
DYNLT1	-0.352633383459577	0.0895393075107291	-3.9383081382143	8.20581712543644e-05	-0.446616393297109	-0.538643553225206	-0.148396866770496	-0.457671280986845	-5.23869332121413	TRUE	down	-1	TRUE	TRUE
E2F4	0.0301548360389892	0.148293394819766	0.203345780003479	0.838864775639494	0.0179788580484256	-0.0927357987574562	0.159954823313496	-0.308534196277231	-3.16904822971366	TRUE	down	-1	FALSE	FALSE
EAPP	-0.223507202830761	0.0714511094209978	-3.1281138199525	0.00175932037060042	-0.158854308733785	-0.351689612586577	-0.192603051861911	-0.220668071615479	-4.00877915530237	TRUE	down	-1	TRUE	TRUE
EBAG9	-0.411956092830103	0.130520293231107	-3.15626085899661	0.00159805869857546	-0.364038785007543	-0.325533551562514	-0.574035321249364	-0.41359577504602	-3.71006675693486	TRUE	down	-1	TRUE	TRUE
ECH1	-0.49445992503681	0.098498392500081	-5.01997964115407	5.16769562169887e-07	-0.497333673214307	-0.472696314743357	-0.528911803832115	-0.589004447098674	-6.15843657798747	TRUE	down	-1	TRUE	TRUE
ECHDC2	0.214064613372748	0.0693147625030899	3.08829758109905	0.00201306780466327	0.211804411142614	0.231639471120509	0.2043824264555	0.254263509403196	4.37456498747049	TRUE	up	1	TRUE	TRUE
ECHS1	-0.625788655864992	0.101218930251086	-6.18252588041235	6.30839647071993e-10	-0.794528305524143	-0.538094772945923	-0.55822962430659	-0.335490286329858	-3.89204176049817	TRUE	down	-1	TRUE	TRUE
EDA	-0.836652113396595	0.15754846030017	-5.31044296975393	1.09359102327363e-07	-0.0768302946198278	-1.05499193318544	-0.45571887572596	-1.44729032277444	-8.95782576035342	TRUE	down	-1	TRUE	TRUE
EDEM1	-0.465277891305514	0.123134427033216	-3.77861742256699	0.000157701487109442	-0.47675207316166	-0.951419077321941	-0.400562507982119	-0.444793900487486	-3.20172422662317	TRUE	down	-1	TRUE	TRUE
EFNA1	-0.160958484609072	0.137221411222848	-1.17298374338736	0.240802324905133	-0.901952997540662	-0.22299727608687	0.0804496501663449	-0.41138129411738	-3.09889347063822	TRUE	down	-1	TRUE	FALSE
EFNA5	-0.183879634630829	0.121146634788038	-1.51782701147705	0.129058013755101	0.204514104323087	-0.560243289385581	0.0466253540124298	-0.446619337083501	-4.19785502283052	TRUE	down	-1	TRUE	FALSE
EGLN1	-0.469417629660187	0.117160708295431	-4.00661310852194	6.15956349294409e-05	-0.413781949759808	-0.436009386278726	-0.688710353036031	-0.294718370344074	-3.39208883909343	TRUE	down	-1	TRUE	TRUE
EID1	-0.469799662689062	0.107742580328581	-4.36038993363923	1.29830875542586e-05	-0.698565595367147	-0.434260999600339	-0.404164325459912	-0.640042626509583	-7.22185715401425	TRUE	down	-1	TRUE	TRUE
EIF1	-0.2550921180989	0.0843893683788886	-3.0227992340646	0.00250448337907043	-0.380107358987034	-0.16968438955858	-0.233968600767956	-0.3003835104994	-3.62101531863328	TRUE	down	-1	TRUE	TRUE
EIF1B	-0.280952971301294	0.14555058112306	-1.9302772213857	0.0535724978679231	-0.169897426590385	-0.230295026779496	-0.552014774542751	-0.593920359419989	-4.78206753753919	TRUE	down	-1	TRUE	TRUE
EIF2B1	-0.206195929439932	0.0975879136853712	-2.11292486592877	0.034607199187288	-0.184519995817862	-0.426868113210366	0.043923092016657	-0.236242085014729	-3.27307414049261	TRUE	down	-1	TRUE	FALSE
EIF3B	0.21866649128191	0.0728906770508945	2.99992399753991	0.00270046980282951	0.384285450187305	0.496738691751205	0.0544588817534582	0.314765900403919	5.61267776144689	TRUE	up	1	TRUE	TRUE
EIF3H	-0.144234444563537	0.109528092869794	-1.31687168820698	0.18788163796853	-0.200920763774454	-0.0814390682948565	-0.139599362233459	-0.35666283832933	-3.63559478745865	TRUE	down	-1	TRUE	TRUE
EIF3J	0.259811882960756	0.0854709203878675	3.03976933653842	0.0023675940078351	0.215815486687254	0.526649299853143	0.190995936625719	0.340550966857542	4.59465297169689	TRUE	up	1	TRUE	TRUE
EIF3K	-0.18016242132651	0.0708564030278634	-2.54264136517999	0.0110018087056688	-0.333514423526463	-0.0705137181127174	-0.201486320985195	-0.271064974229088	-3.73466246392921	TRUE	down	-1	TRUE	TRUE
EIF4A2	-0.699964799706019	0.187666304684794	-3.72983738813254	0.000191603386958364	-0.97399492975114	-0.657146980044677	-0.462961613159701	-0.853801723672803	-4.34037298905975	TRUE	down	-1	TRUE	TRUE
EIF4A3	-0.149407662749814	0.106646485682284	-1.40096189568705	0.161225467966099	-0.236996802736246	-0.0772617349018918	-0.153468345046169	-0.334568478574852	-3.66309843948994	TRUE	down	-1	TRUE	TRUE
EIF4EBP2	-0.35450835585456	0.090672622285617	-3.90976181032755	9.23871745821269e-05	-0.710493476101994	-0.528001369083556	-0.0993776657945925	-0.472081842771314	-5.53115670854537	TRUE	down	-1	TRUE	TRUE
EIF4G2	-0.698904187805489	0.136995869930198	-5.10164421862933	3.36715290088086e-07	-0.913898037007876	-0.641269874872405	-0.575505383131888	-0.545645011343482	-4.03776458022858	TRUE	down	-1	TRUE	TRUE
EIF4H	-0.312884019857175	0.0986781990936444	-3.17075121689495	0.00152045299215924	-0.515138841161773	-0.278144764020796	-0.176311266969784	-0.368288452073794	-4.61498603572172	TRUE	down	-1	TRUE	TRUE
ELMOD3	0.347913431428096	0.0877157097155241	3.96637537969463	7.29739025853957e-05	0.373366964317345	0.331224452778772	0.309494864547414	0.2584507064904	3.43159656196777	TRUE	up	1	TRUE	TRUE
ELP6	0.324450921210009	0.108580042921561	2.98812666195383	0.002806932001584	0.272977985120104	0.437857183280134	0.380386642426751	0.29917057776959	3.46855099018243	TRUE	up	1	TRUE	TRUE
EMC4	-0.502133811618191	0.210643478492857	-2.38380896105083	0.017134494670227	-0.14868071417012	-0.645171530481361	-0.507578940276948	-0.713207039664727	-6.40297867431263	TRUE	down	-1	TRUE	TRUE
EML2	0.519431783288202	0.0916917950552253	5.66497561723327	1.47045444529912e-08	0.543456349997849	0.366901967206371	0.648755180697568	0.384316423153755	4.47467125779802	TRUE	up	1	TRUE	TRUE
ENDOD1	-0.168659757889873	0.174866425373649	-0.964506236857569	0.334792183044095	-0.153960717771109	-0.471811308428442	0.156717619718702	-0.42950249452833	-4.1315921165345	TRUE	down	-1	TRUE	FALSE
ENGASE	0.104307787592046	0.12095864267628	0.862342576637567	0.388499029827075	0.00457991500789173	0.436440117251387	0.131539333381317	0.314415091811937	3.08335923368031	TRUE	up	1	TRUE	TRUE
ENY2	-0.0754113294497451	0.0907213336753172	-0.831241411415257	0.405837264996736	-0.101207149019032	0.00504508069000779	-0.092810613504869	-0.257135824312511	-3.5097068995804	TRUE	down	-1	TRUE	FALSE
EP400	0.380848867690948	0.101726145799314	3.74386412360782	0.00018121167459493	0.328672391503905	0.409698267312127	0.404651430035615	0.304742166603551	3.95185311903365	TRUE	up	1	TRUE	TRUE
EPB41L2	0.449673289983883	0.141497084434073	3.17796859053585	0.00148310816699244	0.368865033872838	0.276297369879216	0.749499087581727	0.804241682574028	6.00271509961755	TRUE	up	1	TRUE	TRUE
EPB41L3	-0.757459349948278	0.129650645357034	-5.84231067930574	5.14816789367674e-09	-1.07059772491648	-1.08639456090405	-0.52484175153581	-0.624784789344974	-5.18928341503421	TRUE	down	-1	TRUE	TRUE
EPB41L4B	-0.395127907524082	0.0747076882114598	-5.2889858725875	1.22996389614549e-07	-0.511238098435531	-0.422064941762764	-0.0937786505166993	-0.321996645637227	-5.08454807030953	TRUE	down	-1	TRUE	TRUE
EPCAM	-0.593539361747746	0.108439825850883	-5.47344443879806	4.4137130986274e-08	-0.814993572218765	-0.492732380914701	-0.536094554236529	-0.68005935447924	-6.95897454622958	TRUE	down	-1	TRUE	TRUE
EPHA4	0.734189686315517	0.137966950658155	5.32148955103489	1.02921023651948e-07	1.38793846554641	0.515377087661835	1.02767304859305	0.322757415681584	3.31231292713122	TRUE	up	1	TRUE	TRUE
EPHB2	0.772935440547112	0.122487973973048	6.31029655790687	2.78501288825793e-10	1.49311842529658	1.42827038090488	0.467819781954999	0.776094511519	6.41932087890338	TRUE	up	1	TRUE	TRUE
EPHB3	1.45822321424431	0.183416312413353	7.95034637354398	1.85990754430148e-15	1.88853619111014	1.94300971231411	0.896613374573615	1.45379374317603	7.70579333928579	TRUE	up	1	TRUE	TRUE
EPHB4	0.575959999890635	0.134949754389636	4.26795885991526	1.97269696548062e-05	1.00244707255294	1.56351294109141	0.157588938475648	0.852738121007544	7.60166038785207	TRUE	up	1	TRUE	TRUE
ERAP2	-0.0402984122811339	0.194599259546684	-0.207084098752525	0.835944180291116	-0.0241177979775109	-0.0207090243062204	-0.0844013257881366	0.408646726563252	3.33190796890982	TRUE	up	1	FALSE	FALSE
ERBB3	-0.219742830955069	0.0784733032639596	-2.80022404837379	0.00510671488508732	-0.257990852152805	-0.328338470251149	-0.118511925349092	-0.186628747501465	-3.57215699176748	TRUE	down	-1	TRUE	TRUE
ERC1	0.385818500708891	0.0812029387189693	4.75128741392167	2.02125588908049e-06	0.44041019421275	0.361794777549613	0.352912355228517	0.209684563301081	3.36079979107204	TRUE	up	1	TRUE	TRUE
ERCC2	0.756224019815051	0.130502390112525	5.79471394480208	6.84377293688672e-09	0.908117441740914	0.646314662112393	0.598571815330113	0.445075535244802	3.84254596883731	TRUE	up	1	TRUE	TRUE
ERCC3	0.273365251144967	0.0724199177432381	3.77472468436339	0.000160184475909748	0.348957293629356	0.235770305788684	-0.0228589667355092	0.215059969194698	3.18639613541065	TRUE	up	1	TRUE	FALSE
ERH	-0.520145287698527	0.134539661589784	-3.8661111641894	0.000110584548064879	-0.560282890238642	-0.674336513129476	-0.416391046567156	-0.656690701449715	-4.97526224862678	TRUE	down	-1	TRUE	TRUE
ERICH1	0.304423688255529	0.0971860398220913	3.13238083178208	0.00173394801504966	0.284549312222545	0.44105616081736	0.269180000929236	0.330519437076184	4.9508144955776	TRUE	up	1	TRUE	TRUE
ERMP1	-0.312315510934496	0.131942381732363	-2.36705982440129	0.0179300342724789	-0.280688925136603	-0.578631711156051	-0.131356363972281	-0.259223820768195	-2.82059916485129	TRUE	down	-1	TRUE	TRUE
ERN1	0.30034547665841	0.0986877897354349	3.04339044843931	0.00233928597962323	0.372114085592972	0.319205078099509	-0.136085986027208	0.383819519969749	5.31327045638263	TRUE	up	1	TRUE	FALSE
ESYT2	0.278622735415046	0.0621290661387393	4.48457948479152	7.30578694042198e-06	0.140146168019751	0.295029537626465	0.336510766425681	0.245624808774113	3.74158726732069	TRUE	up	1	TRUE	TRUE
ETFA	-0.331343749125203	0.0672031103031983	-4.93048234866346	8.20268284763465e-07	-0.538864946763944	-0.364195374352425	-0.223790366713469	-0.253168334289546	-3.95131079014216	TRUE	down	-1	TRUE	TRUE
ETFB	-0.21106257306168	0.185747956037754	-1.13628476761693	0.255837403679523	-0.130402931030253	-0.264929953778845	-0.209245329753673	-0.303675233224765	-2.66400006836545	TRUE	down	-1	TRUE	TRUE
ETFDH	-0.609674619611937	0.120928105635828	-5.04162879593892	4.61586021087827e-07	-0.696600794148304	-0.468433957479138	-0.646954612695831	-0.516133145884462	-5.06233670301904	TRUE	down	-1	TRUE	TRUE
ETHE1	-0.774274261402521	0.118057475842971	-6.55845176998694	5.43692852744846e-11	-1.10102304635248	-1.06541484694444	-0.376588984173523	-0.665499763026293	-6.37948482981666	TRUE	down	-1	TRUE	TRUE
ETNK1	-0.76831657827249	0.217581372267327	-3.53116891517953	0.000413727448704942	-1.77158679252744	-0.939581594385069	-0.549354261173204	-0.531735680669528	-3.5723059461129	TRUE	down	-1	TRUE	TRUE
EVA1C	0.626204155630551	0.130091261319885	4.81357586418321	1.48253283848442e-06	0.828942581898877	0.652038168010442	0.144337356311242	0.337926948891206	3.39641197432962	TRUE	up	1	TRUE	TRUE
EWSR1	-0.162592605339256	0.0731908494782124	-2.22148815730929	0.0263179159461643	-0.154995024335564	-0.0467709384716908	-0.299028624081698	-0.255268929402449	-4.06083411114361	TRUE	down	-1	TRUE	TRUE
EXOC4	0.223233794193246	0.0803010509202466	2.77996105449426	0.00543654180424908	0.309210597370517	0.283310075979256	0.0433667162830321	0.248223719651534	3.48409451460108	TRUE	up	1	TRUE	TRUE
EXTL3	0.952546410470817	0.120343558403482	7.91522556842772	2.46805215852627e-15	0.808829841843831	1.36841136252378	0.496993599533912	0.620631626542816	5.97892761659715	TRUE	up	1	TRUE	TRUE
EZR	-0.220724164927053	0.0799818319496919	-2.75967878637597	0.00578582187567409	-0.697056947839949	-0.529428049611819	0.0183466602661907	-0.130148622227273	-3.17039888324422	TRUE	down	-1	TRUE	FALSE
F2RL1	-0.78458188379341	0.181816323842744	-4.31524445776391	1.59426380205643e-05	-0.683885168114589	-1.18113343822913	-0.829779536717506	-1.00579666394827	-5.72709637864295	TRUE	down	-1	TRUE	TRUE
FABP1	-1.86654218288073	0.21857098800319	-8.53975269056973	1.34509405983458e-17	-2.13234144901309	-1.8946767007658	-1.53772755735073	-0.878681237708183	-4.88490693794684	TRUE	down	-1	TRUE	TRUE
FAM107B	-0.707486028533072	0.134077335315925	-5.27670114315765	1.31530128765069e-07	-0.786124389303829	-1.00971634096797	-0.366397893838586	-0.518157789808414	-4.59551546045981	TRUE	down	-1	TRUE	TRUE
PHETA1	0.361015870099112	0.127869826041018	2.82330774410615	0.00475309234415475	0.364266059302993	0.655779826054377	-0.134445114972864	0.281397870626575	2.66509610196927	TRUE	up	1	TRUE	FALSE
FAM118A	0.536520031230485	0.169821226435354	3.1593225563868	0.00158136364202312	0.657855722779068	0.456911836839897	0.41999547043041	0.588479444906218	4.21688291411447	TRUE	up	1	TRUE	TRUE
FAM120A	-0.501771940218095	0.116839489578541	-4.29454067308978	1.75055387649544e-05	-0.62410553834897	-0.289964531962582	-0.574859012722261	-0.485156672598666	-5.53563379622768	TRUE	down	-1	TRUE	TRUE
FAM120AOS	-0.255700612054072	0.104806331244617	-2.43974394502245	0.0146976755166643	-0.324259343933001	-0.820561984089495	0.036880873830432	-0.297397530144143	-3.46437664516137	TRUE	down	-1	TRUE	FALSE
PABIR2	-0.503077875153566	0.158007124585454	-3.18389361538877	0.00145308405461416	-0.681073575204761	-0.534223782640829	-0.278026054526435	-0.512841153502157	-4.61625043447329	TRUE	down	-1	TRUE	TRUE
RTL8A	-0.477454020211408	0.134925283958781	-3.53865492221064	0.000402171212981682	-0.359192104593039	-0.707351150545521	-0.356124037903146	-0.392300997654125	-3.52509323429825	TRUE	down	-1	TRUE	TRUE
FAM162A	-0.605219931763353	0.0879163388237893	-6.88404385192149	5.81769528687204e-12	-0.633420409464482	-0.782672417868154	-0.426719108845364	-0.850884189972595	-9.20163380836525	TRUE	down	-1	TRUE	TRUE
FAM168A	0.414551168765301	0.0837040586921231	4.95258145474268	7.323538436399e-07	0.451034405262156	0.435207114252042	0.290903199328269	0.323435058392438	4.22490984228513	TRUE	up	1	TRUE	TRUE
FAM174B	0.0826755222500162	0.0796777009668992	1.03762434466279	0.299444979448161	0.572842456272627	-0.0392975757573815	0.18077067233444	0.164349121081907	2.69979344930527	TRUE	up	1	TRUE	FALSE
FAM193A	0.191582370181133	0.0836133673199323	2.29128877740416	0.0219467172549029	0.303698490165776	0.138953190307432	0.0898245226764171	0.26981012979133	4.44258599327214	TRUE	up	1	TRUE	TRUE
FAM193B	0.310806715291279	0.0933882331354046	3.3281143122243	0.000874359810773842	0.529275190588899	0.256432025205163	0.14174877036008	0.388314531246103	5.05028818651234	TRUE	up	1	TRUE	TRUE
PRXL2B	-0.154962071205907	0.108699008382582	-1.42560703645515	0.153981804020866	-0.0132975842267044	-0.210853233365408	-0.26984260152183	-0.320877345328629	-4.7318601161076	TRUE	down	-1	TRUE	TRUE
SHLD2	0.271126836436143	0.0918354872324317	2.95231009936206	0.00315406006894899	0.268538881909651	0.345479834469883	0.191476255529639	0.275469226140969	4.24688688840052	TRUE	up	1	TRUE	TRUE
TENT5C	-0.620413603355434	0.201721860280017	-3.07558934115627	0.00210086977667226	-0.504128027290775	-0.9611638264299	-0.687753321458559	-0.942695765606385	-6.43530100188742	TRUE	down	-1	TRUE	TRUE
TLCD3A	0.590839655477702	0.141087039683005	4.18776704653526	2.81712452399339e-05	0.808226887633496	0.838041007700351	0.22429348995985	0.365310259417394	2.88083038478748	TRUE	up	1	TRUE	TRUE
FAM83H	0.297266062593626	0.110664935617997	2.68618113708351	0.00722738954840087	0.0573859211955331	0.268240232806074	0.459208919471365	0.324540915310139	3.80956477311112	TRUE	up	1	TRUE	TRUE
FAM89B	0.288219185872652	0.123268137125625	2.338148304934	0.0193795561212113	0.159803768154154	0.433267824438541	0.222922635164349	0.280746858841342	3.13311825819573	TRUE	up	1	TRUE	TRUE
CIAO2A	-0.58302456749279	0.089678098239975	-6.501303873914	7.96268005218086e-11	-0.624882636531577	-0.501743409067384	-0.626511761918328	-0.656123767174469	-8.95078509743422	TRUE	down	-1	TRUE	TRUE
FBXL18	0.777587109971975	0.147242513754123	5.28099589002162	1.28483573172211e-07	0.549637792764225	1.11276798461528	0.907482015759922	0.437230040837769	3.22077787068039	TRUE	up	1	TRUE	TRUE
FBXL20	0.190790510555971	0.0911387031162202	2.09340822320759	0.0363127289838917	0.147716386507342	0.174220786982699	0.307563280396094	0.21825331082248	2.91432188015047	TRUE	up	1	TRUE	TRUE
FBXO28	0.0967313642000895	0.0901112122915827	1.07346646149965	0.283061878760311	0.154611570375308	0.158637082422305	-0.219273813880602	0.246742601243668	3.66797415116927	TRUE	up	1	TRUE	FALSE
FBXO3	-0.352003937447429	0.146159149157804	-2.40836060880034	0.0160243442245423	-0.373198055000765	-0.43025024744637	-0.0501177352532651	-0.545196765827252	-4.9870453294253	TRUE	down	-1	TRUE	TRUE
FBXO34	0.272101061750468	0.107610603865093	2.52857108851085	0.0114527890593521	0.300937207914756	0.263656903802387	0.246921500475448	0.416645915006608	5.83762882100339	TRUE	up	1	TRUE	TRUE
FBXO38	-0.291097417694965	0.153885957769834	-1.89164379852227	0.0585384561315065	-0.306860455866702	-0.388207359132405	-0.222554283219408	-0.336971618801227	-3.5370048550835	TRUE	down	-1	TRUE	TRUE
FBXO42	0.32338284848577	0.109701604969533	2.94784063164419	0.00320001987943281	0.383934228947678	0.220210182066821	0.284940133116085	0.299838782125924	3.88419405313496	TRUE	up	1	TRUE	TRUE
FBXO7	-0.342527907091371	0.104692868427582	-3.27174058974518	0.00106887601011631	-0.378149719875519	-0.403071795476394	-0.22534117211153	-0.278355198798562	-3.46890660417825	TRUE	down	-1	TRUE	TRUE
FBXW8	0.551907970554088	0.128554365152707	4.29318732116554	1.76126289087437e-05	0.848026552794504	0.450727437960168	0.453396921074667	0.373692703250747	3.61171254015102	TRUE	up	1	TRUE	TRUE
FCGRT	-0.484013232588089	0.116130625928009	-4.16783452874984	3.07507025688453e-05	-0.656946454444697	-0.304585238926094	-0.684962808743918	-0.711836948120911	-6.10614621393161	TRUE	down	-1	TRUE	TRUE
FDPS	0.406603233900684	0.12795114156636	3.17780075209258	0.0014839669277019	0.325881794830884	0.525901048742171	0.43660915898616	0.491824371960601	3.94582608997588	TRUE	up	1	TRUE	TRUE
FERMT1	0.525328471615746	0.109530488986508	4.79618484749445	1.61716060667689e-06	0.440950069992934	1.00336858594151	0.157673466157184	0.529018986957477	6.22615336453058	TRUE	up	1	TRUE	TRUE
FGD5-AS1	-0.508370456465995	0.139815085068336	-3.63602007764415	0.000276882760607161	-0.628570324460181	-0.583343752598027	-0.180354849394285	-0.520760095967836	-4.21122477480575	TRUE	down	-1	TRUE	TRUE
FGGY	0.503589122662478	0.105788504333833	4.76033880839568	1.93268239431195e-06	0.437990146921117	0.779909393017765	0.347795618947477	0.456479288342798	5.20898011122557	TRUE	up	1	TRUE	TRUE
FH	-0.710702570198739	0.128387138430464	-5.53562123813252	3.10127119423796e-08	-0.773662998217811	-0.872778106680287	-0.475561089498042	-0.845074228620209	-7.87890496294735	TRUE	down	-1	TRUE	TRUE
FKBP1A	-0.813833089410119	0.193160097625913	-4.21325677203914	2.51714628079391e-05	-0.917746390241747	-0.984379028182224	-0.620070196159719	-1.05941145299118	-9.03582154030658	TRUE	down	-1	TRUE	TRUE
FKBP4	0.0126856482585479	0.175045852850434	0.0724704301871524	0.94222753686824	-0.0172260955754626	0.00235728681974522	0.0567229759743065	-0.368810506158207	-4.16177083280447	TRUE	down	-1	FALSE	FALSE
FMNL2	0.572062015029914	0.116607105670903	4.90589327072766	9.30030900165944e-07	0.705867229068467	0.799327033777387	0.283961092402698	0.571794044335615	5.94885561471694	TRUE	up	1	TRUE	TRUE
FNBP4	0.12781605649232	0.0881997148222817	1.44916632383521	0.147291139643135	0.225025732935809	0.0875156641701332	0.0935083292445525	0.32386315004614	4.70070277789315	TRUE	up	1	TRUE	TRUE
FOCAD	0.212730361167071	0.0920392835488533	2.31129962082067	0.0208163109571214	0.337484790390096	0.190480850863723	0.159326410777306	0.178277764526452	2.88091656347965	TRUE	up	1	TRUE	TRUE
FOXA1	-0.717012893547232	0.170287333557118	-4.21060614767764	2.54686422133357e-05	-0.580689984723814	-0.868694720844139	-0.759362875865424	-1.12312539328555	-7.34117905894296	TRUE	down	-1	TRUE	TRUE
FOXD2	-0.352532079157867	0.16174733370734	-2.17952327916407	0.0292928172422941	-0.123079338716863	-0.853439553419356	-0.645200534958272	-0.525811967622815	-5.19422711480929	TRUE	down	-1	TRUE	TRUE
FOXK2	0.352873331854563	0.0847668298835702	4.16287045698471	3.14271681863371e-05	0.332662290010464	0.29844877066008	0.447942253993997	0.4112813609926	5.90187127509731	TRUE	up	1	TRUE	TRUE
FPGS	0.435286694187111	0.106436384643388	4.08964186115047	4.32039763682943e-05	0.416982687937012	0.982781581177858	0.271238640481675	0.3776570114203	4.12880579819051	TRUE	up	1	TRUE	TRUE
FTX	0.589925525449379	0.100263002994807	5.88378073495297	4.00999009772238e-09	0.54613609841442	0.759038374336707	0.448150549753964	0.682088309471713	9.08982604564565	TRUE	up	1	TRUE	TRUE
FUCA1	-0.653266807701691	0.12135817971363	-5.38296478443572	7.32688769435049e-08	-0.805940318662047	-0.755362177039062	-0.314347261434946	-0.637125462994898	-5.37713127190743	TRUE	down	-1	TRUE	TRUE
FCSK	0.472998512530404	0.121900582535958	3.88019895139451	0.000104371056910245	0.55031866960368	0.615853734879773	-0.125219667090536	0.44264039095631	3.98127041526263	TRUE	up	1	TRUE	FALSE
FUT8	0.32634101779052	0.105590872264277	3.09061769064414	0.00199740629633515	0.565088923728521	0.0870015800270484	0.481516577475315	0.531778126074679	5.05206727923333	TRUE	up	1	TRUE	TRUE
FXR2	0.223228205331484	0.112385410303122	1.98627388314373	0.0470029209447074	0.151370457315311	0.162223441945515	0.540631181511555	0.267963569630421	2.57578885389016	TRUE	up	1	TRUE	TRUE
FZD5	-0.983726958192397	0.121399894117525	-8.10319453194966	5.35345339788402e-16	-0.960593926290602	-1.15756355710622	-0.706061021480362	-0.928991639944593	-8.63087527070473	TRUE	down	-1	TRUE	TRUE
FZR1	0.464555917587804	0.146903883814352	3.16231202011568	0.00156521754539175	0.351451155158804	0.502872612693505	0.555373918969473	0.323174220152828	2.87243564027326	TRUE	up	1	TRUE	TRUE
GABARAPL2	-0.630779936267275	0.149084928262504	-4.23101076425791	2.3264353719588e-05	-0.739687104167171	-0.879411753207188	-0.282574846657995	-0.770502844092942	-6.20155109019369	TRUE	down	-1	TRUE	TRUE
GABPB1-AS1	0.589486207575834	0.142030751160728	4.15041251812254	3.31876596961076e-05	0.891114390445847	0.880158225412867	0.300824812717708	0.795758150481102	6.58099181846827	TRUE	up	1	TRUE	TRUE
GABPB2	0.20348606960076	0.0913068953553025	2.2285947716099	0.0258408792482057	0.359680189293327	0.0726699372053462	0.0278281415196488	0.270204360002937	3.4261934510988	TRUE	up	1	TRUE	TRUE
GALNT11	0.300372432602152	0.072014051449112	4.17102532850005	3.03232151827844e-05	0.327911406914621	0.26209019619534	0.275911186452604	0.370784310770963	4.87171743000122	TRUE	up	1	TRUE	TRUE
GALNT12	-0.612045420305592	0.114278569496188	-5.35573225149626	8.52106136532629e-08	-0.474950818571518	-0.78456509402368	-0.488761216250372	-0.567470591785653	-5.79863782336453	TRUE	down	-1	TRUE	TRUE
GALNT6	1.58310621926469	0.176947194346911	8.94677208704962	3.66028962188275e-19	1.88644361590855	1.60524608912226	1.42570751860159	1.63407733274684	12.3857084496664	TRUE	up	1	TRUE	TRUE
GARNL3	0.911467986091225	0.185806801671894	4.90546082215406	9.32082446623735e-07	1.04966244239306	0.840071493450161	0.640270363653082	0.383068032045387	4.24718410226564	TRUE	up	1	TRUE	TRUE
GCA	-0.587117206424029	0.161635469526258	-3.6323537658215	0.000280847736107615	-0.511680784917937	-0.47389475756438	-0.791424779248333	-0.563159359906207	-4.33922621440869	TRUE	down	-1	TRUE	TRUE
GCN1	0.0654521002013176	0.0754426577474925	0.867574157055636	0.385627498969038	0.232085989568487	0.227155752566133	-0.302524362116998	0.227434474154102	4.16715510197582	TRUE	up	1	TRUE	FALSE
GDF15	1.43661914802997	0.211984042101542	6.77701554224454	1.2268369435235e-11	1.21148914974909	1.56300680472853	1.7383515354978	1.21716720627674	7.66804698694982	TRUE	up	1	TRUE	TRUE
GFM1	-0.565764231225119	0.138382545037563	-4.08840747271663	4.34344725949667e-05	-0.376556792014357	-0.665337171379199	-0.57999866872836	-0.363530893115599	-3.5765213282441	TRUE	down	-1	TRUE	TRUE
GGA3	0.247244140157668	0.0837304089824629	2.95285957828597	0.00314845147223964	0.17013346185064	0.397158432376845	0.420518615185981	0.265784291615774	3.23027477640523	TRUE	up	1	TRUE	TRUE
GGCT	-0.359974575680849	0.119910032234053	-3.00203885341479	0.00268177945323501	-0.442228013236827	-0.191718679645683	-0.418101400852059	-0.700101869190499	-5.51510975052044	TRUE	down	-1	TRUE	TRUE
GGH	-0.21460088954963	0.172173311400831	-1.24642366347955	0.21260889822876	-0.238065411570529	-0.121599444311362	-0.252817245842364	-0.509142976671768	-4.3495711717998	TRUE	down	-1	TRUE	TRUE
GHITM	-0.935899815656592	0.156586621333862	-5.97688236507217	2.27448313167062e-09	-1.4716207731322	-0.992020688530004	-0.683152996512497	-0.860069099802707	-7.69763902354612	TRUE	down	-1	TRUE	TRUE
GID8	-0.183297215056357	0.0844390539753023	-2.17076348474925	0.029949055503462	-0.34176157873504	-0.090789427198789	-0.0472179345911929	-0.274763654371524	-2.94711339664357	TRUE	down	-1	TRUE	TRUE
GLG1	0.388527008073126	0.0599564411339253	6.48015460432799	9.16286796259489e-11	0.474024784506224	0.0557191060950935	0.347149606822763	0.36877076253804	5.98304250377745	TRUE	up	1	TRUE	TRUE
GLO1	-0.189584444489514	0.115958456314801	-1.63493418690255	0.102062844865858	-0.368512440932825	-0.0881875068950478	-0.194995096288682	-0.298582503375201	-2.78835309638547	TRUE	down	-1	TRUE	TRUE
GLOD4	-0.427325582521325	0.0992063615829733	-4.30744133443421	1.65153879062908e-05	-0.400514023617068	-0.388868643248832	-0.515812909529786	-0.450713542916761	-4.21421545758361	TRUE	down	-1	TRUE	TRUE
GLRX5	-0.587516832044606	0.127125590880233	-4.62154651928511	3.80889898153395e-06	-0.664187123527035	-0.627966697158405	-0.512959982945239	-0.737252753520627	-6.23875597475653	TRUE	down	-1	TRUE	TRUE
GLT8D2	-0.556565660966821	0.109751425255249	-5.07114745592066	3.9542423076098e-07	-0.816128839364809	-0.459901897339405	-0.459400951510806	-0.382840899057272	-3.48656715266273	TRUE	down	-1	TRUE	TRUE
GLTP	-0.698877413654671	0.0833696354048852	-8.3828771741722	5.16493647887226e-17	-0.678526041580101	-0.853980884552807	-0.63516393263326	-0.438154039065401	-6.99942399902547	TRUE	down	-1	TRUE	TRUE
GMDS	0.385732140945283	0.121453842793968	3.17595666033911	0.00149343261067156	0.569721867212343	0.172159151521118	0.43700828018326	0.584498229119166	5.62091713952859	TRUE	up	1	TRUE	TRUE
GMEB1	0.263081968468663	0.110645175015732	2.37770845797169	0.0174205932363333	0.246408098174906	0.177998457636844	0.453200954497974	0.260980174608547	2.94067848342515	TRUE	up	1	TRUE	TRUE
GNA11	-0.446858465918958	0.121672455737402	-3.67263455981678	0.000240062669615338	-0.846738662474639	-0.660899324060595	-0.0781271673233981	-0.505032807857068	-4.62527307310298	TRUE	down	-1	TRUE	TRUE
GNAI2	0.544400784826188	0.132080215349333	4.12174361910545	3.76015543046038e-05	0.517413324566484	0.47368359206744	0.669681092700464	0.514230224893184	4.14165965138851	TRUE	up	1	TRUE	TRUE
GNAI3	-0.383569135999092	0.126067449759954	-3.04257075660252	0.00234566664169999	-0.536464902967607	-0.241901651482966	-0.304374271256161	-0.463491985506248	-4.50287985763594	TRUE	down	-1	TRUE	TRUE
GNAS	-0.219335118237472	0.0511642561930203	-4.28688179126492	1.81198651234446e-05	-0.3549469134809	-0.146374863879307	-0.245460470594204	-0.31396070839414	-5.13400653462692	TRUE	down	-1	TRUE	TRUE
GNG10	-0.702074111615214	0.152176229349615	-4.61355965130562	3.95830591208699e-06	-0.59588361272137	-0.777357668701092	-0.804224063229442	-0.86858251185055	-5.45764247616955	TRUE	down	-1	TRUE	TRUE
GNG12	-0.471596013701738	0.0975118771923995	-4.83629304737143	1.32282860122426e-06	-0.562998055708385	-0.390883962873185	-0.238866217682754	-0.362437197640446	-4.0344972781064	TRUE	down	-1	TRUE	TRUE
GNG5	-0.300125903555002	0.0974269590210367	-3.08052213238225	0.00206637996528784	-0.517964439910534	-0.255488135606555	-0.277208991846034	-0.580253891249546	-5.80195080643873	TRUE	down	-1	TRUE	TRUE
GNL1	0.347415718336899	0.102459674363745	3.39075563624697	0.000697002175538773	0.175150974745339	0.569201114431372	0.452034129919289	0.508719267169395	6.00510325476887	TRUE	up	1	TRUE	TRUE
GOLGA8A	0.538959663570847	0.154273378668986	3.49353639766494	0.000476668000473663	0.796318932971367	0.745162093138491	0.281645813615016	0.603296720745148	4.01789420142629	TRUE	up	1	TRUE	TRUE
GOLM1	-0.308939901843475	0.0945895123407856	-3.2661115825445	0.00109035275940006	-0.196562948384256	-0.779041930304949	-0.425602630694974	-0.255666232434346	-3.21964307541179	TRUE	down	-1	TRUE	TRUE
GON4L	0.249738319188951	0.104286731625393	2.39472764460614	0.0166327149527124	0.261790397481856	0.333839082172782	0.172124657841367	0.269143292450318	3.59056102045533	TRUE	up	1	TRUE	TRUE
GOT1	-0.333211545344398	0.068790708782726	-4.84384521166717	1.27350157675839e-06	-0.307278686744851	-0.538572886859199	-0.271712778847236	-0.36703423832006	-6.86384758718263	TRUE	down	-1	TRUE	TRUE
GPAT3	-0.759421620562913	0.148038255493732	-5.12990117338329	2.89894332073567e-07	-0.914360486594764	-1.04373459750487	-0.16078668380646	-0.512570439477975	-4.55490288911041	TRUE	down	-1	TRUE	TRUE
GPBP1	-0.0111349144564247	0.0948146924256495	-0.117438702500209	0.906512416090209	-0.0397342539587303	-0.0427816585182311	0.0789718559256237	0.255802081635796	2.99197432633558	TRUE	up	1	FALSE	FALSE
GPCPD1	0.581895509664803	0.119125826366557	4.88471331039732	1.03579453021668e-06	0.745944254816524	0.319667222191082	0.667974026129467	0.441835490932602	4.71274903671679	TRUE	up	1	TRUE	TRUE
GPD1L	-0.586252171153106	0.0886365281745399	-6.61411478119584	3.73781643219623e-11	-0.671227717591616	-0.718113416356418	-0.263293034551328	-0.351313987838339	-4.60730235721399	TRUE	down	-1	TRUE	TRUE
GPR35	0.373320177755703	0.148593942168389	2.51235125946555	0.0119929649685676	0.101367062797466	0.821585910195229	0.404351166828883	0.301518861226061	3.61363416857829	TRUE	up	1	TRUE	TRUE
GPX2	1.028416635022	0.130155176603026	7.90146548038328	2.75643193202784e-15	1.23135769167762	1.71359792739359	0.504817663973595	0.958431999614531	7.50770015426981	TRUE	up	1	TRUE	TRUE
GRAMD1A	1.87101679287273	0.187081590776928	10.001073783383	1.50753434654149e-23	2.34704539346436	2.45313194516645	1.17081426301851	1.36546675010582	12.2761600614774	TRUE	up	1	TRUE	TRUE
GRAMD2B	-0.519391818735928	0.133617694228263	-3.88714849283835	0.000101428711111658	-0.578552699099988	-0.632375808480171	-0.26817067450353	-0.264048281921342	-3.18313546871605	TRUE	down	-1	TRUE	TRUE
GRB7	0.0907233354793272	0.127571228628851	0.711158279609215	0.476986158594585	0.0555507900921124	0.176653564526031	0.0483062799547893	0.433274848253098	4.50630705883691	TRUE	up	1	TRUE	TRUE
GRK6	0.195674960313047	0.116421668869598	1.68074347510187	0.0928127521520667	0.0918679119136997	0.277937191214521	0.265141541501966	0.251873771707538	3.04276711702488	TRUE	up	1	TRUE	TRUE
GRSF1	-0.47649440277499	0.0969760305834092	-4.91352759963872	8.94521335961775e-07	-0.43190431708527	-0.476095313932572	-0.636172449955796	-0.376271866369073	-3.84486127155798	TRUE	down	-1	TRUE	TRUE
GSKIP	-0.886006108580742	0.149765731933799	-5.91594684004471	3.29971781411872e-09	-0.991646287912697	-1.04785944130701	-0.495908205030699	-0.35329060771633	-2.83135453075628	TRUE	down	-1	TRUE	TRUE
GSR	-0.263896282156654	0.0852765463425448	-3.09459392382774	0.00197082523018319	-0.235351562197628	-0.4343984105556	-0.212611161638531	-0.315829821523321	-4.93607029619014	TRUE	down	-1	TRUE	TRUE
GSTM4	-0.466800557525773	0.151820282043969	-3.07469167650855	0.00210720269342073	-0.441116706385994	-0.507167696735353	-0.538630783676503	-0.349728268412881	-4.45177821679139	TRUE	down	-1	TRUE	TRUE
GSTO2	0.291820454021174	0.11651277330581	2.5046219890006	0.0122582325372163	0.557591401079398	0.150122147314903	0.0267609437207271	0.195137714736348	2.5833421172272	TRUE	up	1	TRUE	TRUE
GTF2A2	-0.302209637993237	0.112400580256624	-2.68868396678429	0.00717342967625619	-0.737435763678758	-0.504698223879999	-0.159454307700925	-0.500888256208254	-4.97777422462667	TRUE	down	-1	TRUE	TRUE
GTF2I	0.688574731661751	0.127195516570214	5.41351417273933	6.17997004230698e-08	0.920335653198095	0.628296109675239	0.2029739768435	0.543100274005131	5.67344937831633	TRUE	up	1	TRUE	TRUE
GTF2IRD1	1.31755629231501	0.197611626117626	6.66740271410324	2.60369937947347e-11	1.44014812537745	1.53683649724729	1.07750216135741	1.27036684802931	9.35881159528606	TRUE	up	1	TRUE	TRUE
GTF2IRD2	0.656850446972148	0.104980665401662	6.25687067670032	3.92778850521767e-10	0.838834588981369	0.49018985226321	0.507249757210327	0.496812306109123	5.68508883213299	TRUE	up	1	TRUE	TRUE
GTF2IRD2B	0.489176846770366	0.115913093442253	4.22020353562621	2.44081848723605e-05	0.764022478026855	0.465600390995245	0.229464940807336	0.442002812654354	4.56662550656599	TRUE	up	1	TRUE	TRUE
GTF3C2	0.053725033499954	0.076349810318036	0.703669508492055	0.481638613353813	0.112474059585488	0.0891532964644889	-0.283008809034969	0.170069437426888	2.95177199079312	TRUE	up	1	TRUE	FALSE
GTF3C5	0.132808771838822	0.124028166454075	1.07079525268962	0.284261501965992	0.161904736949751	0.328860651511773	0.0183103297489939	0.245131237714677	2.56205504775333	TRUE	up	1	TRUE	TRUE
GTF3C6	-0.298248776938417	0.10575120592333	-2.82028724244193	0.00479806789187737	-0.462495161968175	-0.104149261886717	-0.432844225956176	-0.324716105123868	-3.17293511614746	TRUE	down	-1	TRUE	TRUE
GUCA2A	-1.28608706273072	0.402420580251338	-3.19587795914284	0.00139406063682307	-2.0674238765346	-0.937584412147547	-1.04843159479343	-1.42871420428347	-3.98712441817758	TRUE	down	-1	TRUE	TRUE
GUSBP11	0.355058428007931	0.13151165308554	2.69982484196278	0.00693759909041297	0.302513056959174	0.34784494721328	0.587758524579005	0.395680718558106	3.13167700990223	TRUE	up	1	TRUE	TRUE
GXYLT2	-0.80837816093072	0.182126815158319	-4.43854552789502	9.05688281645624e-06	-0.104210450491386	-1.11192251453839	-0.856009371965321	-1.00845488872788	-6.69952681527542	TRUE	down	-1	TRUE	TRUE
H1-0	-0.300653076040216	0.114995837858137	-2.6144691985384	0.00893662179183222	-0.39634872769942	-0.668359349540255	0.0278314034205902	-0.537597167053025	-5.2845785748053	TRUE	down	-1	TRUE	FALSE
H2AZ2	-0.204973155226121	0.0740632729721217	-2.76754114422239	0.00564809155926178	-0.217630606629857	-0.168639052054773	-0.218896113007135	-0.374202069843072	-5.13158885111299	TRUE	down	-1	TRUE	TRUE
MACROH2A1	-0.230603097467535	0.09316299765557	-2.47526489347295	0.0133137387340052	-0.460300675228522	-0.240042006725204	-0.131495097379255	-0.387750997404804	-3.90528755355418	TRUE	down	-1	TRUE	TRUE
H2AZ1	-0.137416509669412	0.111289762750768	-1.23476325470434	0.216918626578031	-0.1151187465717	-0.103089747748961	-0.188239293210585	-0.451333720570469	-4.41038557735021	TRUE	down	-1	TRUE	TRUE
H3-3B	-0.265444872960304	0.0871508481185716	-3.04580940622812	0.00232054882622717	-0.474068494592775	-0.464133739339851	-0.096983054560275	-0.356678524764607	-3.97998883804034	TRUE	down	-1	TRUE	TRUE
HADH	-0.638815821330775	0.104802146594746	-6.09544596258107	1.09132774161285e-09	-0.936150626357763	-0.302369284774047	-0.642498792119235	-0.528962111825751	-6.30281675075464	TRUE	down	-1	TRUE	TRUE
HADHA	-0.465399003784499	0.0610481983835627	-7.62346827764549	2.46949008434075e-14	-0.47996927265414	-0.368339613301118	-0.536471045776452	-0.324254017607147	-7.06696958514059	TRUE	down	-1	TRUE	TRUE
HADHB	-0.657316923607743	0.100417657169519	-6.54583010732963	5.91658114762479e-11	-0.817719038015116	-0.474660797286669	-0.518711673149885	-0.31113640436955	-3.58873893800744	TRUE	down	-1	TRUE	TRUE
HCFC1	0.103295570466051	0.112014467382745	0.922162760575356	0.356443684342036	0.215086112267856	0.110204762839722	-0.016356170916574	-0.234421218387588	-2.8434098668676	TRUE	down	-1	FALSE	FALSE
HDAC4	0.681435266890156	0.0940498829940894	7.24546639715629	4.30953618007502e-13	0.717927333823041	0.683523150103994	0.607279146208275	0.442328598700633	5.37124651593782	TRUE	up	1	TRUE	TRUE
HDAC7	1.11068904700305	0.192651111146775	5.76528752100915	8.15187459649713e-09	1.46970853054081	1.13417923306644	0.790951012194291	1.21433766839062	9.86544813362959	TRUE	up	1	TRUE	TRUE
HDDC2	-0.404511036988099	0.118333674751217	-3.41839326665497	0.000629920183246724	-0.207476592166319	-0.527548600239843	-0.45194136234731	-0.556548103539896	-5.05345602236423	TRUE	down	-1	TRUE	TRUE
HEBP2	-0.114245658573981	0.110648107506958	-1.03251344417976	0.301831652876474	-0.142111667785107	-0.159904433120058	-0.0254012588659204	-0.355475233491697	-3.91285979584134	TRUE	down	-1	TRUE	TRUE
HECA	-0.471517330398819	0.144189476618614	-3.27012304542861	0.00107500712527281	-0.597696758396173	-0.164039472190213	-0.59959934742389	-0.296614230404028	-3.31275773698432	TRUE	down	-1	TRUE	TRUE
HECTD4	0.329182260963233	0.072974328653818	4.51093236533681	6.45432996360372e-06	0.523575888319269	0.229230555045835	0.340158171829589	0.269304185089993	4.52033940414399	TRUE	up	1	TRUE	TRUE
HELB	0.556218956226873	0.150813816909522	3.68811669663243	0.000225920038374538	0.510366603592698	0.660033903890043	0.297391590631848	0.426230452355996	4.27664685860616	TRUE	up	1	TRUE	TRUE
HELZ2	0.4219473868079	0.155527166571584	2.71301404191461	0.00666742812087146	0.454538155871971	-0.0575110363537124	0.738230725043743	0.701851707213589	6.16920775658699	TRUE	up	1	TRUE	FALSE
HEPACAM2	-0.660690957127433	0.183945210666803	-3.59178124144914	0.000328425489308352	-0.937259345785469	-0.714987388136568	-0.192512285166189	-0.655510229847858	-4.20051666777407	TRUE	down	-1	TRUE	TRUE
HERPUD1	-0.534126349485893	0.131978546531371	-4.04706949366904	5.18628476493856e-05	-0.610650359965744	-0.584295238672522	-0.377844756059401	-0.4411960254764	-3.70282786856013	TRUE	down	-1	TRUE	TRUE
HIGD1A	-1.34730337167655	0.186060799438488	-7.24119952049313	4.4473356925112e-13	-1.36661070305913	-1.75587499367194	-0.736221418674956	-1.06184137181998	-5.22767621829553	TRUE	down	-1	TRUE	TRUE
HIGD2A	-0.197187092247074	0.113287809685044	-1.74058526504557	0.0817563023306261	-0.236743791619909	-0.352834241693146	0.0130504444569011	-0.488281114107738	-4.32649035486596	TRUE	down	-1	TRUE	FALSE
HINT1	-0.328433869571573	0.0870807335439806	-3.771602008907	0.000162202822459725	-0.692373263459878	-0.118550667235896	-0.633114495652652	-0.451185900035452	-5.93424748494042	TRUE	down	-1	TRUE	TRUE
HINT3	-0.243524880408418	0.1287274352871	-1.89178693621361	0.0585193745762037	-0.0343711813639327	-0.828156171028569	0.307651395047806	-0.722927290894359	-5.45839151346566	TRUE	down	-1	TRUE	FALSE
HIP1R	0.450318224348163	0.0923465984549384	4.87639211278476	1.08043736612755e-06	0.497297229081418	0.363180063543442	0.636952174617193	0.378380933907802	3.86020277352455	TRUE	up	1	TRUE	TRUE
HIPK1	-0.243827390721361	0.12098903213241	-2.0152850752167	0.0438747878150227	-0.285065608205845	-0.178700592530999	-0.231378749868017	-0.370927525726223	-3.70490670933364	TRUE	down	-1	TRUE	TRUE
HLA-C	-0.254709144940328	0.114666806925074	-2.22129796556349	0.0263307865744504	-0.679872405552869	-0.343086559550038	-0.067778562852491	-0.402428092012075	-4.10866765630032	TRUE	down	-1	TRUE	TRUE
HM13	0.388775571980597	0.0856250482307881	4.54044207873282	5.61363993275966e-06	0.401881190606812	0.575806941498733	0.116888604948896	0.454189413276513	7.40879563374106	TRUE	up	1	TRUE	TRUE
HMGB2	-0.230842959826264	0.105534053361769	-2.18737888361909	0.0287148763959888	-0.198776446897085	-0.036151247299426	-0.289026756615772	-0.677467559309494	-7.06674234961684	TRUE	down	-1	TRUE	TRUE
HMGB3	-0.390583407719494	0.124062566120893	-3.14827767901309	0.00164235599788887	-0.738338866604791	-0.440546540694781	-0.333112016572832	-0.491714436389738	-4.04080539387544	TRUE	down	-1	TRUE	TRUE
HMGCS2	-1.12530277621817	0.119815132376997	-9.3919920956012	5.8875998723419e-21	-1.20113892678674	-1.19794279422207	-0.942335853190622	-0.754153391439125	-6.60211867947231	TRUE	down	-1	TRUE	TRUE
HMGN1	-0.537605459704676	0.11219421714458	-4.79173947986895	1.65341509764978e-06	-0.536013557529845	-0.436588582139275	-0.606844144454814	-0.696045833545836	-5.85003376078388	TRUE	down	-1	TRUE	TRUE
HMGN2	-0.243542066746526	0.162918282815266	-1.49487253694344	0.134947710874895	-0.159784748355921	-0.622955932380713	-0.170819132616877	-0.664073842948169	-6.68253684705718	TRUE	down	-1	TRUE	TRUE
HMGXB4	0.0625235796114961	0.0908144649286865	0.688476000608424	0.491153078362694	0.103090220288564	-0.104851183394008	0.16362796622627	0.226968772793637	2.72748003774877	TRUE	up	1	TRUE	FALSE
HNRNPA2B1	-0.424889004694281	0.0885201103195589	-4.79991499288044	1.58732991862079e-06	-0.532791995906947	-0.401409844837548	-0.399991966364407	-0.425419639437382	-4.41447213069895	TRUE	down	-1	TRUE	TRUE
HNRNPA3	-0.322485557255905	0.0871967712088158	-3.69836580856449	0.000216992016685208	-0.349641530254107	-0.261750335704931	-0.350204030510615	-0.326348589141863	-4.06323370071417	TRUE	down	-1	TRUE	TRUE
HNRNPAB	-0.221916614361952	0.134296411639161	-1.65243889731184	0.0984451116016768	-0.162812813515433	-0.345244207282196	-0.220707786262582	-0.397889496635125	-5.09264609118593	TRUE	down	-1	TRUE	TRUE
HNRNPD	-0.189982708242181	0.0935704937906212	-2.03036983717642	0.0423189602581138	-0.139667186147218	-0.12107447279233	-0.265780716917906	-0.443557993131254	-5.80811254336465	TRUE	down	-1	TRUE	TRUE
HNRNPF	-0.439031918178111	0.0902087549967857	-4.86684378022681	1.13394591265771e-06	-0.583151023444395	-0.377070526609732	-0.439420231928056	-0.483761844120662	-4.60603070751014	TRUE	down	-1	TRUE	TRUE
HNRNPH2	-0.801093004483645	0.15320377398909	-5.22893779718958	1.70486709020991e-07	-0.88508562710087	-0.67429513716394	-0.779098534718581	-0.763776179719143	-4.80954003577801	TRUE	down	-1	TRUE	TRUE
HNRNPH3	-0.328716896725672	0.0866532015586649	-3.79347664959763	0.000148552606484869	-0.337945681847674	-0.28980429252118	-0.344960542216251	-0.429695795940532	-4.6181159594168	TRUE	down	-1	TRUE	TRUE
HNRNPK	-0.576622884460829	0.141986128267899	-4.06112126230287	4.88375952787821e-05	-0.650558450206927	-0.506714875538463	-0.592311079629802	-0.583753957346666	-3.89536507597216	TRUE	down	-1	TRUE	TRUE
HNRNPL	-0.152278131747532	0.0682093194669616	-2.23251211033253	0.0255811357320981	-0.189082528935325	-0.130895961135396	-0.170008142072025	-0.175858132242638	-3.18318894772091	TRUE	down	-1	TRUE	TRUE
HNRNPM	-0.150330292192658	0.0645534859993781	-2.32877109369594	0.0198711955292832	-0.126690567162803	-0.0147091027141109	-0.263483381497582	-0.185257431241182	-3.84608386251635	TRUE	down	-1	TRUE	TRUE
HNRNPR	-0.180677734290229	0.100077551249946	-1.80537725027846	0.0710156686346437	-0.128652227518997	-0.105182235506458	-0.324181301356738	-0.302387187579126	-3.19972528161061	TRUE	down	-1	TRUE	TRUE
HOOK2	0.128420956904181	0.0883013134913785	1.45434933894522	0.145849477893409	0.162760406978992	0.137200348600509	0.0762013283597927	0.229958477532513	3.37014263694048	TRUE	up	1	TRUE	TRUE
HOXB-AS4	0.825891179996197	0.130832557228715	6.31258149722181	2.74418864134754e-10	0.911855761834308	0.675322312688753	0.832189825598613	0.460551251628949	4.27517489869624	TRUE	up	1	TRUE	TRUE
HOXB5	0.383917181808495	0.149306875488734	2.57132955566714	0.0101308870187971	0.330458967276991	0.444669090597367	0.420074873906432	0.317393075062663	3.09300909747459	TRUE	up	1	TRUE	TRUE
HPGD	-1.03014905888576	0.203030245761138	-5.07386993018622	3.89805556466326e-07	-1.24771470290863	-1.2262448397163	-0.491863383334389	-1.09985175813561	-9.01787426293786	TRUE	down	-1	TRUE	TRUE
HPRT1	-0.486316873746761	0.124262054367041	-3.91363941489568	9.09153694502441e-05	-0.359995395141394	-0.36783975698235	-0.61660043384597	-0.409820654846669	-3.7297231665553	TRUE	down	-1	TRUE	TRUE
HS3ST4	-0.622056756190852	0.108171595852204	-5.750647859913	8.89021132933056e-09	-0.550522986271838	-0.629082204696943	-0.651974270321146	-0.773028818028061	-7.82028321320999	TRUE	down	-1	TRUE	TRUE
HSBP1	-0.358894378227981	0.0826031510528334	-4.34480251241784	1.39401017099193e-05	-0.465787806692642	-0.394078117524389	-0.122969862635459	-0.538846505442927	-6.84069331972167	TRUE	down	-1	TRUE	TRUE
HSD17B11	-0.79141644619403	0.124895691073464	-6.33661929720634	2.34861346971391e-10	-0.838255820309314	-0.896192406663943	-0.557635804281977	-0.631985262581884	-7.30162176404748	TRUE	down	-1	TRUE	TRUE
HSD17B2	-1.42302327348009	0.25415371822533	-5.59906533501296	2.15510570695386e-08	-1.64296811866284	-1.25524219831972	-1.2527438933422	-0.864315204241918	-5.25486630378431	TRUE	down	-1	TRUE	TRUE
HSF1	0.72689726596269	0.175229882309065	4.14824946740883	3.35027212773544e-05	0.739184332275628	0.917876912032512	0.570006310675013	0.440697228756403	3.78698418976991	TRUE	up	1	TRUE	TRUE
HSH2D	0.222668108757447	0.116829042851205	1.90593112228986	0.0566591425553388	0.22407067665103	-0.00270366705863218	0.707693560396561	0.401143689334057	4.97740759209576	TRUE	up	1	TRUE	FALSE
HSPA1A	-0.67353110857326	0.18012932059728	-3.73915310589047	0.000184641250292806	-0.861827587688504	-0.847705702771402	-0.409620761036608	-0.995555348797932	-8.52666613672944	TRUE	down	-1	TRUE	TRUE
HSPA1B	-0.410787773369005	0.108393448035982	-3.78978416880548	0.00015077823527736	-0.78593211117081	-0.368728752766371	-0.361316472900695	-0.722247646029275	-6.48602099378626	TRUE	down	-1	TRUE	TRUE
HSPA5	-0.55680409885286	0.143526152251419	-3.87946092136219	0.000104688217613461	-0.650100228460916	-0.425095502949884	-0.526570357834746	-0.577420361443265	-3.81941832329076	TRUE	down	-1	TRUE	TRUE
HSPA9	-0.243719104505365	0.0945921673490766	-2.57652521699773	0.00997989256955988	-0.28466252993389	-0.115444709321307	-0.280660093246146	-0.439841676513164	-4.76088551450928	TRUE	down	-1	TRUE	TRUE
HSPE1	-0.316222156254046	0.12090964799052	-2.61535916702727	0.00891336710247023	-0.225846756215323	-0.157420212460061	-0.557773795844747	-0.531889476537084	-5.75820142597061	TRUE	down	-1	TRUE	TRUE
HSPG2	0.578958001747254	0.162323139438043	3.56670037156493	0.000361504418236764	0.521800725492979	0.839228439627079	0.519757523445768	0.535646925689369	4.58794105748964	TRUE	up	1	TRUE	TRUE
HTATSF1	-0.311626749065354	0.131241433652824	-2.37445401495467	0.0175749252323574	-0.370271752979927	-0.196007056180854	-0.292765405610282	-0.468345403123662	-3.38259524381342	TRUE	down	-1	TRUE	TRUE
ICA1	0.211499752192262	0.0718327202002792	2.94433722685946	0.00323647139931882	0.482731835960831	0.0222016203741907	0.497712976194423	0.327138102506783	4.26690151468581	TRUE	up	1	TRUE	TRUE
IDH1	-0.847998598469625	0.126386120276825	-6.70958643727845	1.95176777715846e-11	-0.948781568773548	-0.705336335879276	-0.876395150491743	-0.643818361628117	-6.82540890677052	TRUE	down	-1	TRUE	TRUE
IER3IP1	-0.697602982498367	0.175663513073098	-3.97124576580724	7.14977737005757e-05	-0.56635906870328	-0.848221989862761	-0.85341344729967	-0.640970771066456	-4.66880606474713	TRUE	down	-1	TRUE	TRUE
IER5	-0.450766859520168	0.123654773936878	-3.64536560270831	0.000267011930346267	-0.583281619238009	-0.447529885034025	-0.402904828945492	-0.404998758951381	-3.59702776910978	TRUE	down	-1	TRUE	TRUE
IFITM2	1.03281343634205	0.183849645617636	5.61770697393705	1.93508307615207e-08	0.793252167166298	1.36056229055343	0.803318621880711	1.35039768197703	7.8368050550625	TRUE	up	1	TRUE	TRUE
IFITM3	0.307259515908222	0.16377001044299	1.87616472073916	0.0606326647985356	0.624389794094803	0.451724565270995	0.198988282706124	0.79727965675869	5.93767778677641	TRUE	up	1	TRUE	TRUE
IKBKB	0.276890150945523	0.0778584183446138	3.55632899861853	0.00037607307285899	0.255473723791176	0.239386689227167	0.330505984627199	0.290595570967804	3.92012004063287	TRUE	up	1	TRUE	TRUE
IL15RA	0.238905216349509	0.102516078870797	2.33041703292814	0.0197841203949269	0.48037721224497	0.159809356047836	0.0529499456015408	0.349205208878489	4.11985109081324	TRUE	up	1	TRUE	TRUE
IL1R2	-1.02790125159722	0.181635413454683	-5.65914560407944	1.52128448202837e-08	-0.580997115702654	-1.82510924548617	-0.557025251865832	-1.45319497755708	-10.5778908486241	TRUE	down	-1	TRUE	TRUE
IL1RAPL1	-0.502778962069586	0.0986310304714219	-5.0975738534463	3.44034211934377e-07	-0.567854552989518	-0.41456364473448	-0.506899209829441	-0.611818352641889	-6.10766414143588	TRUE	down	-1	TRUE	TRUE
IMPA2	-0.50668859934356	0.085025330193554	-5.95926647024035	2.53372656803989e-09	-0.389264348986657	-0.666068384432838	-0.548928434448051	-0.683197212770261	-9.79627538063685	TRUE	down	-1	TRUE	TRUE
BPNT2	-0.797089426018878	0.163195346768849	-4.88426564727902	1.03815034433196e-06	-0.681797751138054	-0.887290163086362	-0.78672662475307	-0.737918266232114	-5.04319342878405	TRUE	down	-1	TRUE	TRUE
INO80	0.261505146614016	0.0902979081669565	2.8960266292161	0.00377920329411582	0.353000532374546	0.14568103357901	0.213769392263255	0.228394438485124	3.17156084785152	TRUE	up	1	TRUE	TRUE
INO80D	0.0373643135484341	0.219120106339234	0.170519785576354	0.864601375584078	-0.0388262954472819	0.04957663712922	0.137243076334371	0.273420601847677	3.08111319206236	TRUE	up	1	TRUE	FALSE
INPP4B	0.264672779118664	0.126987727324588	2.08423904179452	0.0371384290886181	-0.0577549921019251	0.596154149640105	0.282901266060368	0.383658154517218	3.03129393485689	TRUE	up	1	TRUE	FALSE
INPP5A	0.219764431023348	0.134693150215724	1.63159322260541	0.102765206917597	0.11339125253447	0.436091673318662	0.296934034017537	0.295280308306026	3.13120327537519	TRUE	up	1	TRUE	TRUE
INPP5B	0.243938613339097	0.114979542331345	2.12158274761714	0.0338727924253366	0.282694803173685	0.292666235587907	0.12145448450359	0.339761728304603	3.25715466569559	TRUE	up	1	TRUE	TRUE
INTS1	0.304346640685184	0.136566058385034	2.22856721709805	0.0258427143286422	0.26636733090849	0.45424315212036	0.200912526031188	0.439662627611071	4.77094580302522	TRUE	up	1	TRUE	TRUE
INTS9	0.254735429556353	0.0912486632287299	2.7916620424106	0.00524380938895113	0.27587218300913	0.22802619676228	0.155091953703316	0.250067547289104	3.62060467919725	TRUE	up	1	TRUE	TRUE
IPO8	-0.234348503045229	0.142852512544967	-1.64049269326965	0.100902766464638	-0.156094745764176	-0.357047675732685	-0.400295870745494	-0.314234935855339	-2.88152637325327	TRUE	down	-1	TRUE	TRUE
IQCK	0.536487481248579	0.128255703571579	4.1829522298723	2.8774787146645e-05	0.633923042014442	0.364405119365128	0.167520913266897	0.457589173445927	4.43335028175487	TRUE	up	1	TRUE	TRUE
IRF2BPL	-0.240001282314173	0.142142785206353	-1.6884520868629	0.0913244790284537	-0.215737044973763	-0.517101119820196	-0.315083505815234	-0.484039737228054	-3.35814895561804	TRUE	down	-1	TRUE	TRUE
IRF3	0.36862025112143	0.105286829740355	3.50110504828074	0.000463333170446726	0.332764256131853	0.550211599956721	0.224591250338599	0.273148090422833	3.29756926074216	TRUE	up	1	TRUE	TRUE
IRF6	-0.635168003615122	0.138343545788989	-4.59123698176655	4.40626674067695e-06	-0.694076456673541	-0.740582857881373	-0.472515724323445	-0.633545315875247	-4.92022559431955	TRUE	down	-1	TRUE	TRUE
ISCA1	-0.543439057250456	0.124724969713428	-4.35709913178634	1.31797584271062e-05	-0.590470678190015	-0.563761777172506	-0.400280904663364	-0.527794975059588	-4.6190541455965	TRUE	down	-1	TRUE	TRUE
ISCA2	-0.403870189075529	0.120115481799254	-3.36234915787549	0.00077282336355498	-0.386472099371428	-0.428677734006589	-0.320190787913932	-0.524548835096983	-5.01623545910232	TRUE	down	-1	TRUE	TRUE
ISCU	-0.363223506472622	0.0978916837769592	-3.71046336581774	0.000206880234041037	-0.468847133955068	-0.200018415149283	-0.515598660344346	-0.436782469092444	-4.59019830977174	TRUE	down	-1	TRUE	TRUE
ISOC1	-0.761788608822244	0.168330384196863	-4.52555617012868	6.02368791632477e-06	-0.726943250481559	-1.43132233582007	-0.495470830900009	-0.941606551237333	-5.98174903975539	TRUE	down	-1	TRUE	TRUE
ITGA3	0.166897229807782	0.0895360452433512	1.86402280058461	0.062318502497631	0.189332735692566	0.051449257772883	0.226966167653089	0.353981687703522	4.60379977038219	TRUE	up	1	TRUE	TRUE
ITGA6	0.506786700995374	0.107281644698184	4.72389011578932	2.31375467985364e-06	0.578766455997713	1.03283333349015	0.13154921592301	0.749115093583753	8.35539223425196	TRUE	up	1	TRUE	TRUE
ITGB4	0.370424662739254	0.108339919158154	3.41909672462013	0.000628293881908407	0.527294259665973	0.153705462272677	0.374695780743478	0.434664445688713	5.71219587227129	TRUE	up	1	TRUE	TRUE
ITM2B	-0.776918983185733	0.172105333931341	-4.51420630284285	6.35543283088504e-06	-1.04460201565996	-0.727967817284599	-0.711205761321086	-0.938377236224654	-6.89228850758455	TRUE	down	-1	TRUE	TRUE
ITM2C	-0.421188557730447	0.154530061474314	-2.72560920323232	0.00641829408177547	-0.498761001722144	-0.550137532275128	-0.250360620369186	-0.737750786798685	-5.95933853827802	TRUE	down	-1	TRUE	TRUE
ITPA	0.223956741168842	0.074315351922901	3.01359995443724	0.00258167981624824	0.304231824655298	0.653706452116068	-0.0763360602449927	0.316356033992586	4.18960357706167	TRUE	up	1	TRUE	FALSE
ITPR2	0.48319070815079	0.150986596003688	3.20022254252945	0.00137321513154487	0.293362576732576	0.687609031175431	0.538718615678665	0.302214129888112	3.27463129948735	TRUE	up	1	TRUE	TRUE
IWS1	-0.126499520997628	0.0934473265964836	-1.35369866217648	0.175832535134147	-0.20914735310555	-0.011318062083327	0.00939516464026409	-0.202027116633818	-3.26522509862581	TRUE	down	-1	TRUE	FALSE
JAG1	0.0671445421038985	0.10792395804799	0.622146771841352	0.533845362483962	0.0215150060074689	0.176628649934767	0.184581967008802	0.461337337378299	4.4114337465845	TRUE	up	1	TRUE	TRUE
JAGN1	-0.442461962517538	0.118214143417607	-3.7428851550739	0.000181919386503235	-0.489691581451238	-0.230433735271371	-0.522332345410851	-0.29861801192371	-3.07783897408999	TRUE	down	-1	TRUE	TRUE
JPH1	0.478368788300357	0.16298847671522	2.9349853311175	0.00333563456493707	0.379132157819178	0.577919948487469	0.456560696891406	0.597613561884802	4.69256071499803	TRUE	up	1	TRUE	TRUE
JTB	-0.232591962099613	0.099886794222453	-2.32855568055992	0.0198826162557737	-0.228655724778342	-0.295506604303183	-0.191468459353673	-0.271949274937905	-2.70829243443291	TRUE	down	-1	TRUE	TRUE
KANSL1L	0.74263168372261	0.137699870364684	5.39311824881043	6.92453499384154e-08	0.616418635713972	0.813571376215875	0.809631612885244	0.628027820046355	5.90230763855008	TRUE	up	1	TRUE	TRUE
KBTBD11	-0.488009267037024	0.112684736487172	-4.33074862000125	1.48603254056048e-05	-0.492907569712982	-0.601955667719209	-0.417647097567129	-0.314639028915821	-3.31732977554678	TRUE	down	-1	TRUE	TRUE
KCNQ1	0.347451964352709	0.0944200992589297	3.67985171673974	0.000233369614904047	0.642875028591974	0.944261514431692	0.0634062595530455	0.316550954388356	3.9865945473625	TRUE	up	1	TRUE	TRUE
KCNQ1OT1	0.51265972350854	0.149606470336021	3.42672160072416	0.000610915058985823	0.667706743908583	0.457261389509031	0.446268096254899	0.444192769969336	4.39826845996916	TRUE	up	1	TRUE	TRUE
KCTD10	-0.1654949261019	0.120413832508951	-1.37438467536193	0.169322291146383	-0.0437264029334483	-0.489883540313699	-0.284485391859825	-0.364190546720556	-4.05411890596708	TRUE	down	-1	TRUE	TRUE
KCTD20	0.329821573301876	0.0778089185138717	4.23886592438726	2.24651770692208e-05	0.36763133827985	0.368421053304714	0.279153577806766	0.352589691660856	5.96337415043273	TRUE	up	1	TRUE	TRUE
KCTD7	0.496238384396812	0.0871387719597767	5.69480580499661	1.2351242114986e-08	0.403920495781564	0.530122603086456	0.510376461814791	0.294603841238704	3.31415745099387	TRUE	up	1	TRUE	TRUE
KDELR2	-0.307124559034117	0.0831689939595548	-3.69277713258707	0.000221818405616265	-0.318432348382227	-0.593509054185394	-0.232181206540795	-0.346237455319426	-4.07830195478477	TRUE	down	-1	TRUE	TRUE
KDM2B	0.868855521959265	0.131876083728645	6.58842374897233	4.44520442634616e-11	0.59086145478874	1.33805208604029	0.438170635338017	0.418781537539326	4.0562777605083	TRUE	up	1	TRUE	TRUE
KEAP1	0.407005877406003	0.0991927862316319	4.10318020965331	4.07509585215881e-05	0.184539179420953	0.831876904924146	0.466963748216342	0.402086252439334	4.86452039133426	TRUE	up	1	TRUE	TRUE
KIAA0319L	0.279309760458939	0.0533931468183533	5.23119121278181	1.68421183829384e-07	0.273648841356906	0.268384102821221	0.309534613164621	0.214251846059471	4.00583735506294	TRUE	up	1	TRUE	TRUE
KIAA0930	0.370351414045594	0.119500516946146	3.09916160624222	0.00194069131178123	0.412501015532295	0.448367671436498	0.223493274943352	0.275943936714085	2.82996281379605	TRUE	up	1	TRUE	TRUE
MYORG	-0.635434687578224	0.107669291336343	-5.90172629253422	3.59717591278024e-09	-0.614073342345625	-0.695448449450487	-0.381157362869343	-0.545439545613204	-5.02510332851489	TRUE	down	-1	TRUE	TRUE
KIAA1191	-0.655231589288686	0.136020181483722	-4.81716449824836	1.45612640252099e-06	-0.636898741276426	-0.708993293505861	-0.67618590489797	-0.463055117809689	-3.57625942664233	TRUE	down	-1	TRUE	TRUE
KIF13A	0.364310984233384	0.0816938196178883	4.45946812056773	8.21632926071687e-06	0.938220269636765	0.330579550423247	0.33403011543275	0.333220454462891	4.3015485203522	TRUE	up	1	TRUE	TRUE
KIF2A	0.346644397282029	0.101100023652248	3.42872716305562	0.000606418812228783	0.209125616127998	0.413830299105914	0.558537034582182	0.324227089229178	3.82327738868767	TRUE	up	1	TRUE	TRUE
KIF9-AS1	0.48132837568089	0.134550824081665	3.57729786469944	0.000347164493619253	0.24285317857797	0.740596136985274	-0.113318462790035	0.405787790220743	3.35781142026637	TRUE	up	1	TRUE	FALSE
KLF4	-0.810679396793947	0.133925691542306	-6.05320299233146	1.41993750657546e-09	-1.25452490300548	-1.05113818768528	-0.501465635897282	-1.01562990416973	-7.35818264919111	TRUE	down	-1	TRUE	TRUE
KLHDC10	0.140381314457104	0.0885270275339983	1.58574526184324	0.112797107250146	0.192638663640125	0.0804804603759258	0.146794410978795	0.254611516018692	4.56102158435115	TRUE	up	1	TRUE	TRUE
KLHDC4	0.370629622870269	0.113045144596451	3.27859833514606	0.00104324009734339	0.5714240486651	0.384424657480112	0.183027559613758	0.391341899679756	4.38443524920372	TRUE	up	1	TRUE	TRUE
KLHL18	0.339921017872636	0.113335435165789	2.99924747609072	0.00270647374124721	0.415913164149932	0.235907034560499	0.24527932540589	0.434832076291128	5.39315832267603	TRUE	up	1	TRUE	TRUE
KLHL22	0.578220188324336	0.137750539540684	4.19758928169976	2.69771316022726e-05	0.620841267599853	0.474965101952593	0.832274590891911	0.648799787327644	6.14248586023381	TRUE	up	1	TRUE	TRUE
KLHL29	1.18394040381965	0.160681526096742	7.36824221539216	1.72892455174259e-13	0.949584675302153	1.30031220473983	1.30415266275378	1.06547784042641	7.525960242082	TRUE	up	1	TRUE	TRUE
KLHL42	0.231882403415735	0.139818144632035	1.65845716252343	0.0972252270419299	-0.140268427578848	0.168501634436997	0.565691396818325	0.393880221317336	4.00199972265345	TRUE	up	1	TRUE	FALSE
KMT2D	0.469464687074208	0.113333414966838	4.1423324904802	3.43791451332074e-05	0.402389704754818	0.59774268550848	0.263662804842447	0.319662072013928	3.39078928732283	TRUE	up	1	TRUE	TRUE
KPNA4	0.0633323382364442	0.0851899460460357	0.743425030486815	0.457224394735863	0.0863989620479565	0.0750770732691889	-0.0252748427040919	0.200337325060112	3.39095988104116	TRUE	up	1	TRUE	FALSE
KPNA6	0.263403173540385	0.0598116782767341	4.40387531548074	1.06334072609895e-05	0.319977614204222	0.0760723571738941	0.289095242806676	0.235866022234545	4.50793362742539	TRUE	up	1	TRUE	TRUE
KRAS	-0.600845851684607	0.12031865810396	-4.99378783933454	5.92064365990671e-07	-0.606263962657135	-0.729657342439861	-0.325393067296409	-0.465304997783461	-4.72338448158344	TRUE	down	-1	TRUE	TRUE
KRT10	-0.340040327932848	0.1198689869982	-2.83676651023968	0.00455729260334427	-0.261995576397786	-0.490268698693106	-0.354737586079862	-0.514913748118072	-4.61717846004615	TRUE	down	-1	TRUE	TRUE
L1TD1	1.13251947951456	0.335754823373008	3.37305498142132	0.000743391068367887	1.14823960244986	2.1126673282811	0.527563747439398	1.51469078251149	5.93914669826584	TRUE	up	1	TRUE	TRUE
LAMB1	0.643739728390574	0.128413579998485	5.0130190934492	5.35825775376636e-07	0.90716327406351	0.777191336518022	0.410108651089566	0.450472652666622	5.27184534795763	TRUE	up	1	TRUE	TRUE
LAMP2	-0.368472451675083	0.1371679308408	-2.68628716214098	0.00722509632791726	-0.352652494472265	-0.346998110466003	-0.455967592176964	-0.374273675540195	-3.84297976123166	TRUE	down	-1	TRUE	TRUE
LAMTOR3	-0.905337609338729	0.155936389703976	-5.80581358243184	6.40541988244288e-09	-0.873615435394167	-1.10515592436993	-0.656137628038971	-1.12062707788061	-6.78597385947005	TRUE	down	-1	TRUE	TRUE
LAMTOR5	-0.133746502161528	0.112104926059258	-1.19304750346858	0.232850769385291	-0.16930481943437	-0.098919331528337	-0.128365999981973	-0.411089388190258	-4.16287266423608	TRUE	down	-1	TRUE	TRUE
LAP3	-0.657925310477774	0.151914479958966	-4.33089268814592	1.48506048129692e-05	-0.521323985932723	-0.766690853510321	-0.90455377723956	-0.757126200777465	-5.97294074961595	TRUE	down	-1	TRUE	TRUE
LAPTM4A	-0.513006473912459	0.164114053922165	-3.12591433611021	0.00177253176790704	-0.716607083901236	-0.500557786479586	-0.384420579653248	-0.777387907086857	-4.59600359003045	TRUE	down	-1	TRUE	TRUE
LARP1	0.226145803939425	0.0556909848227431	4.06072553141621	4.89204549949293e-05	0.238275476529858	0.32298669150345	0.150148129679978	0.24584835971418	5.45981575015157	TRUE	up	1	TRUE	TRUE
LARP4	0.169113272722837	0.084489787824034	2.00158240514283	0.0453296629037426	0.0627392228918046	0.384516896921011	0.202172342946423	0.194184687219279	2.64896185693147	TRUE	up	1	TRUE	TRUE
LARP7	-0.398174950491045	0.153350210794644	-2.59650735677339	0.00941768889199477	-0.368685378599836	-0.344125331111011	-0.588322787860097	-0.337208638890601	-2.78088079937341	TRUE	down	-1	TRUE	TRUE
LARS2	0.461709869147826	0.105288140740112	4.38520298584706	1.15877670774218e-05	0.408872531224904	0.698549844239417	-0.0081819377779584	0.211068397156017	3.57086611435094	TRUE	up	1	TRUE	FALSE
LDHA	-0.950441634851239	0.166869046634669	-5.69573359481144	1.22842565552393e-08	-1.38817978477579	-1.02091745656596	-0.588461574905059	-0.509206423093615	-3.37737760468657	TRUE	down	-1	TRUE	TRUE
LDLRAD4	0.830495573364591	0.114148786765408	7.27555322222894	3.45003638748978e-13	0.709876544837073	1.05886214912642	0.798887188122005	0.446260691287321	5.60887341557915	TRUE	up	1	TRUE	TRUE
LEPROT	-0.345403501757218	0.0893065107755045	-3.86761837135795	0.000109903483343149	-0.398263912003794	-0.317054557153447	-0.116465173766088	-0.340598196991347	-3.62095621281022	TRUE	down	-1	TRUE	TRUE
LETMD1	0.162896236552334	0.0760400598230399	2.14224235135302	0.0321739851287066	0.282949874992389	-0.00263160944566456	-0.0210176090229903	0.201311935514143	3.12896777052637	TRUE	up	1	TRUE	FALSE
LGALS3	-0.658887746775582	0.0937920516091567	-7.02498490513088	2.14089392274181e-12	-1.3606024170369	-0.945583379455645	-0.470695008722505	-0.909435258997805	-9.88414983421536	TRUE	down	-1	TRUE	TRUE
LGALS4	-0.853770632442826	0.0977708975148332	-8.73235956858529	2.49413830980601e-18	-0.899879041122501	-1.12684873358284	-0.609256350845686	-0.647796070773914	-6.92978450462042	TRUE	down	-1	TRUE	TRUE
LGALS9	-0.32500768238518	0.149936517980446	-2.16763525499215	0.0301864491587091	-0.198351301494361	-0.601111706881694	-0.271175878660878	-0.388761069642941	-3.99346909541514	TRUE	down	-1	TRUE	TRUE
LIMCH1	0.999346764480047	0.150620783140121	6.63485306373931	3.24825949246631e-11	1.08782603423552	1.21224119084834	0.66528273094859	0.923955515844637	6.20283407228133	TRUE	up	1	TRUE	TRUE
LIMS1	0.476657866548522	0.111715285322799	4.26672021801878	1.98367676719066e-05	0.373782274435937	0.748226869645651	0.390647424085999	0.27406039605154	3.56656022546662	TRUE	up	1	TRUE	TRUE
LIN7C	-0.794694853576699	0.146809484434099	-5.41310295203325	6.1941852105991e-08	-0.767237295146331	-0.990908575529677	-0.552100667327245	-0.660863404709438	-4.98684568934326	TRUE	down	-1	TRUE	TRUE
LINC-PINT	1.20423442388133	0.183047843907014	6.57879600315348	4.74272929849359e-11	1.05312309180198	1.24685059717584	0.548540453600185	1.18600130886576	7.71887167837047	TRUE	up	1	TRUE	TRUE
CIBAR1-DT	-0.109023943671982	0.19207497287706	-0.567611396940112	0.570298866659109	0.322646200985993	-0.592692818186241	-0.093417634230854	-0.680344540734865	-4.61231521989392	TRUE	down	-1	TRUE	FALSE
LINC00667	-0.15799058178031	0.148628512144133	-1.0629897285596	0.287786609387131	-0.133811962419775	-0.236667997043441	-0.136198228533494	-0.257551311988086	-2.72471793156477	TRUE	down	-1	TRUE	TRUE
TMEM238L	-0.706523341917632	0.13595962873231	-5.19656716118797	2.03002281179551e-07	-0.595251102542274	-0.902473373073391	-0.562625447981378	-0.71125287812099	-6.74478515957546	TRUE	down	-1	TRUE	TRUE
LINC00685	0.375119286807994	0.136075364948485	2.75670241229929	0.00583874627572183	0.370302215700985	0.317315114638524	0.503296350685285	0.475698566878024	3.81780871294485	TRUE	up	1	TRUE	TRUE
LINC00963	1.08492044935422	0.186339171648082	5.82228867799835	5.80471723500408e-09	1.31579162379874	0.88070835773815	1.50897403219815	1.23477637820515	8.88149359469252	TRUE	up	1	TRUE	TRUE
SLC12A2-DT	0.584637877921147	0.121400491471545	4.81577850990973	1.46627094216199e-06	0.937699537984956	0.602401021583602	0.365121443917426	0.350760324514555	3.96758979268299	TRUE	up	1	TRUE	TRUE
CHASERR	-0.70651425946967	0.132792293282284	-5.32044625487257	1.03513026294687e-07	-0.741900365133184	-0.639563328482596	-0.77565233668379	-0.93154870633285	-7.01775028633445	TRUE	down	-1	TRUE	TRUE
LINS1	-0.513801278629844	0.178963766991054	-2.8709793455316	0.00409202261201406	-0.567218629795778	-0.614744174030797	0.0269406654674735	-0.390489612629203	-3.62755297851223	TRUE	down	-1	TRUE	FALSE
LIPG	0.908873755334004	0.19338965017504	4.69970215319883	2.60541202902238e-06	1.00914192764956	1.84555528883479	0.383513396550797	1.21687978657699	9.04496463994037	TRUE	up	1	TRUE	TRUE
LITAF	-0.242321607060087	0.0780483905074006	-3.10476110378099	0.00190432765138997	-0.707351297865076	-0.831535955908802	0.0823243986840952	-0.397074484443303	-4.87313388453177	TRUE	down	-1	TRUE	FALSE
LMBRD1	-0.272960942660423	0.113671032740091	-2.40132368010195	0.0163358795499882	-0.381878621139563	-0.292963271437748	-0.182508278363339	-0.465859170307716	-5.68630220326062	TRUE	down	-1	TRUE	TRUE
LMO7	-0.350982130506377	0.135524077638174	-2.58981382956495	0.00960278490005192	-0.935771022202719	-0.621634453932056	-0.077736458914822	-0.448948132296906	-3.97012533522871	TRUE	down	-1	TRUE	TRUE
LONP1	0.61077268405246	0.147281271471925	4.14698133678787	3.36887511735875e-05	0.746940297581487	0.560818625059135	0.340791732986703	0.25556011865451	2.53331096156548	TRUE	up	1	TRUE	TRUE
LPAR1	-0.469140674032907	0.141448681669787	-3.3166846696254	0.000910923643903776	-0.40099042859917	-0.520718547130274	-0.74254668355845	-0.278743652051027	-4.15508806230886	TRUE	down	-1	TRUE	TRUE
LPIN1	0.568572786755492	0.116600860105701	4.87623149812163	1.08131701156768e-06	0.914492332655297	0.271072140857029	0.916167928353376	0.560679110282976	5.84127148403581	TRUE	up	1	TRUE	TRUE
LRG1	0.0903248289169769	0.12148548525421	0.743503050821015	0.457177175150769	0.169221271413643	0.000666033868566666	0.0721589692027039	0.55667116901214	5.19259307592952	TRUE	up	1	TRUE	TRUE
LRP1	0.456598891442972	0.142297176762201	3.20876985638313	0.0013330414835256	0.214708851107027	1.26869451989378	0.660255693378794	0.76204073576223	6.68174885635408	TRUE	up	1	TRUE	TRUE
LRP5L	0.702159190514608	0.146342578289377	4.79805124880445	1.60216790151986e-06	0.76965035684234	0.799336902097186	0.382464273321708	0.632101963094172	5.34587014246829	TRUE	up	1	TRUE	TRUE
LRRC19	-1.08289930854563	0.175209773948404	-6.18058732764831	6.38635570684832e-10	-1.30376701107974	-1.22993603816363	-0.695180196203308	-1.19845739062046	-8.59308949629806	TRUE	down	-1	TRUE	TRUE
LRRC59	-0.0419023322502567	0.109546324610263	-0.38250787873837	0.702084686029813	0.139855083790741	-0.481730164959712	-0.227821229609553	-0.290444331438027	-2.67022217992758	TRUE	down	-1	TRUE	FALSE
LRRC61	0.476097416343698	0.106503639956509	4.4702454914979	7.81298665290899e-06	0.462130832605071	0.615628849452249	0.376902094808598	0.299109027578304	2.75114164091837	TRUE	up	1	TRUE	TRUE
LRSAM1	0.682546853029933	0.121983515452976	5.59540238281666	2.20110667056328e-08	0.73816030344011	0.750528111283573	0.58079801539353	0.674450879011359	7.28444142302015	TRUE	up	1	TRUE	TRUE
LSM3	-0.475749933636984	0.108027132222402	-4.40398559000465	1.06280005814113e-05	-0.481089499930511	-0.558202264975199	-0.290940547662364	-0.507110942518284	-5.11861895197833	TRUE	down	-1	TRUE	TRUE
LTBP1	0.136237516914011	0.141267341875554	0.964394991122758	0.334847932504722	0.585417440244532	-0.151673989665295	0.216839159415233	0.57182349123114	5.0376862863564	TRUE	up	1	TRUE	FALSE
LUC7L	0.247744560963172	0.100672818169194	2.46088830598547	0.0138593505349946	0.226220090983253	0.412976473794075	0.0932750576745861	0.298934302685208	3.28921145320789	TRUE	up	1	TRUE	TRUE
LYN	0.478778817266404	0.0864346332250288	5.53920112115157	3.03854531759504e-08	0.381738149457005	0.525733562009904	0.511231423487697	0.593707854745484	7.58236927779678	TRUE	up	1	TRUE	TRUE
LYPD8	-0.665273184105034	0.216640015325391	-3.07086935488719	0.00213436518427562	-1.38863469212669	-0.902131399951647	0.0408981025491527	-0.764875713748342	-3.55581445173724	TRUE	down	-1	TRUE	FALSE
MAD1L1	0.459544204187089	0.114132822133418	4.02639832781753	5.663771247334e-05	0.388003590384673	0.582944801068994	0.42543526666322	0.330807886040444	4.11698780191176	TRUE	up	1	TRUE	TRUE
MAD2L1BP	-0.108056535587685	0.125451279150591	-0.86134263691305	0.389049359387139	-0.515333065113381	-0.0906552827628703	0.190566403069962	-0.382226297398366	-3.62828657917822	TRUE	down	-1	TRUE	FALSE
MAGEF1	-0.224658229337745	0.145479852389544	-1.54425664892887	0.122526170139699	-0.0782222391117477	-0.127874085735113	-0.390219018170075	-0.619458223327933	-4.59534439057969	TRUE	down	-1	TRUE	TRUE
MAGOH	-0.220128438446845	0.126108476534311	-1.74554831282062	0.0808894703831905	-0.190511363125821	-0.408855037873797	-0.091271506783806	-0.576866370882464	-6.53994538047761	TRUE	down	-1	TRUE	TRUE
MAL2	-0.817778937042796	0.134336065059316	-6.08756060170219	1.14643987481874e-09	-1.00658898576227	-0.87778107505206	-0.446592119740926	-0.542269392346018	-3.9072928600623	TRUE	down	-1	TRUE	TRUE
MAML3	0.273049297374457	0.0818399420953687	3.33638184954078	0.000848764971374252	0.336515309399397	0.181855816301014	0.310599506189701	0.202326298134761	3.42870739984594	TRUE	up	1	TRUE	TRUE
MAN1B1	0.105089637782464	0.113121675272854	0.928996476837732	0.352890912186863	0.0605264988941718	0.173824621555194	0.155685792689534	0.308902017141512	3.18362318462367	TRUE	up	1	TRUE	TRUE
MANBA	0.429037531843605	0.107941178383543	3.97473455699292	7.04577938649048e-05	0.566640518692958	0.340462806536716	0.574244642803177	0.288215691769229	3.41456285248796	TRUE	up	1	TRUE	TRUE
MAOA	-0.85264595278159	0.131699858263273	-6.4741599879107	9.53408409975218e-11	-1.16062476160133	-0.552789441327227	-1.12017689377773	-0.743473271655654	-10.5948669248534	TRUE	down	-1	TRUE	TRUE
MAP1LC3B	-0.2094384642669	0.127852420943562	-1.63812669890195	0.101395266516099	-0.517426779969395	-0.471052571827823	0.230998549572449	-0.357077067472945	-3.50078015893889	TRUE	down	-1	TRUE	FALSE
MAP2K5	0.233858311509289	0.0933867271021413	2.50419217769038	0.0122731350161026	0.289070530894123	0.206830993294416	0.228493288503714	0.295826248951882	4.20996762330988	TRUE	up	1	TRUE	TRUE
MAP2K7	0.277472871979786	0.0959664092238849	2.89135411258803	0.00383585638072272	0.205920561636133	0.459509026150422	0.0711931068464661	0.287813915018742	3.20118330063866	TRUE	up	1	TRUE	TRUE
MAP3K3	0.488733197837047	0.125045110396503	3.90845508702685	9.28882108533855e-05	0.520799596377658	0.538743151806943	0.368226915739751	0.310213111980366	3.03455358887289	TRUE	up	1	TRUE	TRUE
MAP3K5	0.614116352320938	0.0932669912514453	6.5844983748355	4.56423720287544e-11	0.543144612704693	0.60008576378819	0.698170573069382	0.60661616538827	6.82947819646747	TRUE	up	1	TRUE	TRUE
MAP4	0.412704994310018	0.0735703669602397	5.60966339250503	2.02720522630544e-08	0.548780844413508	0.382320018934656	0.224684332112021	0.249718106993759	4.23508409202953	TRUE	up	1	TRUE	TRUE
MAP7	0.251666391532381	0.077466194686479	3.24872536402393	0.00115923340739932	0.314054053218608	0.197162770103958	0.196882987057009	0.182819365443882	2.71241560026408	TRUE	up	1	TRUE	TRUE
MAPK1	-0.120123167677443	0.0782924746765651	-1.53428753112844	0.124958931875655	-0.191760612795915	-0.269401996882507	0.157549596800766	-0.178020675546719	-2.99784345970217	TRUE	down	-1	TRUE	FALSE
MAPK1IP1L	-0.312061588915527	0.071040548749047	-4.39272492133886	1.11938724420612e-05	-0.396184811507299	-0.523218235063291	-0.175348430889281	-0.415287954246445	-5.04018219010625	TRUE	down	-1	TRUE	TRUE
MAPK8IP3	0.752116967016376	0.125527721147551	5.99164041329406	2.07734852790649e-09	0.75394677356966	0.825881363021366	0.652713646788268	0.795049269724932	7.54816394135754	TRUE	up	1	TRUE	TRUE
MAPK9	-0.27535139225964	0.086904144958831	-3.16844947257788	0.00153254385445178	-0.299963899098392	-0.456315045741191	0.142841645128248	-0.202020620651942	-3.23486082858657	TRUE	down	-1	TRUE	FALSE
MAPRE1	-0.462176512859138	0.12600089140881	-3.66804161217882	0.000244415411915608	-0.46097359285258	-0.666416748536129	-0.356646708794421	-0.516019556642667	-3.80971536881817	TRUE	down	-1	TRUE	TRUE
MARCKS	-0.787430401732879	0.120316619370694	-6.54465198450113	5.96340905159382e-11	-1.05312301242719	-0.878854679363368	-0.623720730666415	-0.863235790914522	-8.45599171611899	TRUE	down	-1	TRUE	TRUE
MARK4	0.899938934358655	0.146898590050145	6.12625985076814	8.99688304170937e-10	0.920790101779004	0.78666081075382	0.977159572045188	0.683615924072775	5.54313912606368	TRUE	up	1	TRUE	TRUE
MAT2B	-0.848954868583579	0.175992734967648	-4.82380632779891	1.40844183897764e-06	-0.972073301548399	-1.06674982468777	-0.320318311547487	-0.892837689231757	-5.29411872381006	TRUE	down	-1	TRUE	TRUE
MBD2	-0.287068285940014	0.0681396733426963	-4.21293898044177	2.52069177606577e-05	-0.300551585196882	-0.300749409049942	-0.244169593544665	-0.246169498142618	-3.78376353912633	TRUE	down	-1	TRUE	TRUE
MCRIP1	0.553823532272138	0.147933630816467	3.74372973349946	0.00018130867382508	0.483461039168398	0.428365408559547	0.928999765896633	0.504650169867543	3.5982639516054	TRUE	up	1	TRUE	TRUE
MCTS1	-0.255224899702136	0.112049165973255	-2.27779383706485	0.0227388636952005	-0.48487189346344	-0.36308823743153	-0.0138203451523984	-0.27170037781493	-3.54426094736478	TRUE	down	-1	TRUE	TRUE
MCUR1	-0.507500941299636	0.116107543311228	-4.37095581239947	1.23703827788584e-05	-0.485658854867712	-0.821206070919923	-0.165099850447686	-0.49784591708728	-6.63436584605205	TRUE	down	-1	TRUE	TRUE
MDH1	-0.628322666404822	0.130141522867464	-4.82799534353619	1.37914317657361e-06	-0.763210653510032	-0.570718631585748	-0.491509749031344	-0.593727014025998	-5.38944068305965	TRUE	down	-1	TRUE	TRUE
MDK	0.800414986606835	0.204998542627497	3.90449110685275	9.44238640861106e-05	0.692779947599298	0.792090543359047	0.847836703199164	0.563014436235651	3.75586701471705	TRUE	up	1	TRUE	TRUE
MECOM	0.258506151457544	0.114662956726218	2.25448705351966	0.024165544227978	0.621039589126667	0.438681938237838	0.0762986665568772	0.349857285233826	3.443854990078	TRUE	up	1	TRUE	TRUE
MECR	0.370391781752875	0.123266306624833	3.00480960202841	0.00265747145388814	0.256775239014814	0.816109191500239	0.257918822482253	0.335550638817994	3.56866629379479	TRUE	up	1	TRUE	TRUE
MED4	-0.227313172462788	0.103586791393056	-2.19442237186649	0.0282050590388859	-0.423835099116346	-0.142770292957974	-0.150185937546834	-0.3885975241318	-4.31561698697604	TRUE	down	-1	TRUE	TRUE
MEP1A	-0.530177449160916	0.166694243064574	-3.18053844820265	0.00147001630942638	-1.01157782237938	-0.422283496291785	-0.0186307638306539	-0.655216102996586	-4.28798676758724	TRUE	down	-1	TRUE	TRUE
METTL16	0.306377998846473	0.118903433191458	2.57669598448973	0.00997496399162228	0.297042243657008	0.536443495373399	0.00816978899348134	0.329092175226753	4.51910982520771	TRUE	up	1	TRUE	TRUE
TMT1A	-0.662496725667803	0.131601158531329	-5.03412533036395	4.80035548159642e-07	-0.878195138172355	-0.410256109423477	-0.633238657494166	-0.476573488515361	-4.45582513468919	TRUE	down	-1	TRUE	TRUE
MFN2	-0.242303200771863	0.108787479600534	-2.22730779002875	0.0259267102581185	-0.277141156657083	-0.280320173817115	-0.185259036414718	-0.381658973978574	-5.48270559475505	TRUE	down	-1	TRUE	TRUE
MFSD14CP	0.48525451701845	0.0812354336712081	5.97343419107562	2.32310523686288e-09	0.503520707149317	0.507595560832727	0.421782412277236	0.247154467224926	3.49068305501791	TRUE	up	1	TRUE	TRUE
MGAT4A	-0.598098585616252	0.101439928342094	-5.89608643648914	3.72224042086147e-09	-0.652480637411315	-0.62717328094302	-0.46273549852043	-0.376393640415157	-4.7754569422742	TRUE	down	-1	TRUE	TRUE
MGAT4B	-0.337497057962935	0.0899829849596901	-3.7506763985894	0.000176358184424261	-0.68232531757013	-0.199772557282664	-0.367190356116675	-0.390579498142798	-4.24585735377172	TRUE	down	-1	TRUE	TRUE
MGST1	-0.781649968043265	0.122710173944472	-6.36988721405424	1.89167256093883e-10	-0.908673021323977	-0.540678962574344	-0.875661864232493	-0.70387987049198	-6.68887401114887	TRUE	down	-1	TRUE	TRUE
MGST2	-0.135060477865785	0.0952772830661253	-1.417551734468	0.156321680027771	-0.230831375737729	-0.117718528489526	-0.101693621003905	-0.463299882865971	-6.11589726936021	TRUE	down	-1	TRUE	TRUE
MGST3	-0.540594655232149	0.0934418575552177	-5.78535861097041	7.23577993204866e-09	-0.874403063520672	-0.485594322989787	-0.451809124334841	-0.450802544270029	-6.0611624998821	TRUE	down	-1	TRUE	TRUE
MIB1	0.252487110654309	0.0897258777445589	2.81398317855542	0.00489317887960844	0.29214085068461	0.191903005289266	0.278615063565092	0.19903934322552	2.70932869336	TRUE	up	1	TRUE	TRUE
MIEN1	-0.373062519431935	0.124886283401699	-2.98721772536037	0.0028152914436755	-0.412374691545499	-0.55787692425487	-0.171550846281305	-0.418212219268998	-4.1494979115435	TRUE	down	-1	TRUE	TRUE
MIER1	-0.56429976108915	0.093723331748682	-6.02091016783647	1.73439002094327e-09	-0.624144375719858	-0.496790761701559	-0.508224359881297	-0.256881107300434	-3.37656239870145	TRUE	down	-1	TRUE	TRUE
MIR194-2HG	-0.525719877751165	0.115805239599704	-4.53968991013174	5.63370188853663e-06	-0.474721836773572	-0.640486823249462	-0.327285820722714	-0.354965430898731	-3.25888291164619	TRUE	down	-1	TRUE	TRUE
MIRLET7BHG	0.976275722966319	0.136115929600088	7.17238405405333	7.37028303419742e-13	0.955402793510143	1.00756967675578	0.98148618250998	0.471445554658397	4.51884448762746	TRUE	up	1	TRUE	TRUE
MKRN1	-0.380477960788603	0.0912222333907973	-4.17089065511727	3.03411433150523e-05	-0.616569282912639	-0.329958568465883	-0.164370795103566	-0.390380150983928	-5.04864636442004	TRUE	down	-1	TRUE	TRUE
MLKL	0.548098379964656	0.130110712302555	4.2125538340773	2.52499509349486e-05	0.636225684874368	0.546481995387204	0.120543072096634	0.369926725414232	3.87445649997884	TRUE	up	1	TRUE	TRUE
AFDN	-0.207498831316756	0.0918180696364807	-2.25989102295736	0.023828015206439	-0.306525448889855	-0.11560944297884	-0.185261293038053	-0.28731749259821	-4.94528819752862	TRUE	down	-1	TRUE	TRUE
MMADHC	-0.551539737602867	0.145516784071481	-3.79021389953162	0.000150517611869417	-0.77700294802802	-0.661698875533049	-0.227626995295627	-0.813294143981248	-5.12252037556202	TRUE	down	-1	TRUE	TRUE
MNT	0.123271887914034	0.123624500806953	0.997147710278973	0.318692817647452	0.0688265717614082	0.0389771601922914	0.310856853038004	0.272340284320757	3.11885409791453	TRUE	up	1	TRUE	TRUE
MOB1A	-0.607886252278815	0.124364356832768	-4.88794593370701	1.01893502583641e-06	-0.710816851461771	-0.74513059366882	-0.47046734526445	-0.659209754390915	-5.82464662840206	TRUE	down	-1	TRUE	TRUE
MORF4L1	-0.447305218036279	0.0998857860351846	-4.4781668722987	7.52867415331518e-06	-0.291810297816089	-0.688917268270293	-0.470484601788075	-0.362261407434083	-3.62441981485111	TRUE	down	-1	TRUE	TRUE
MORF4L2	-0.498927565111572	0.159826903067671	-3.12167448367766	0.00179825650839179	-0.489191574466928	-0.510807154453308	-0.508192191825032	-0.433146649180092	-3.37289436834131	TRUE	down	-1	TRUE	TRUE
MPC1	-0.832907455745232	0.100299834760879	-8.30417575194348	1.00514764920227e-16	-0.969562806930661	-1.14513503906273	-0.648849767103435	-0.899470508794422	-8.62659383772326	TRUE	down	-1	TRUE	TRUE
MPC2	-0.675617618899199	0.108832315305734	-6.20787692516915	5.37051830123921e-10	-0.696737409225346	-0.617210780993005	-0.736082693793747	-0.873342893083077	-8.79606857551236	TRUE	down	-1	TRUE	TRUE
MPLKIP	-0.499496023641596	0.0992606351896292	-5.03216630326161	4.84968278534315e-07	-0.590912662918482	0.0457912189006069	-0.461661432383644	-0.561036546939209	-5.64944930610093	TRUE	down	-1	TRUE	FALSE
MPRIP	0.079722685887749	0.0729604609786209	1.09268341809284	0.274532822714703	-0.0235083007314203	0.259351036800057	0.0370089501463049	0.226797268510635	4.46326492949784	TRUE	up	1	TRUE	FALSE
MRFAP1	-0.341573554882454	0.117956635121804	-2.89575533016637	0.0037824718167987	-0.450617327318704	-0.142133374994833	-0.352253915192601	-0.419321860499251	-4.14106894851729	TRUE	down	-1	TRUE	TRUE
MRPL11	0.0481679367019884	0.104891116268419	0.459218458298466	0.646077296751008	0.00343530795516552	0.200860740199295	-0.120768393500136	-0.283750444844912	-2.89763617705713	TRUE	down	-1	FALSE	FALSE
MRPL3	-0.413668886337633	0.135989443885686	-3.04191909693643	0.00235075067110589	-0.214960018882841	-0.365411349918243	-0.573815393666835	-0.464307802565406	-3.48306090154863	TRUE	down	-1	TRUE	TRUE
MRPL33	-0.321347156859795	0.118298844305487	-2.71640148934988	0.00659958320075225	-0.205212102604882	-0.445040178181022	-0.482359884161215	-0.360264782156703	-3.65792984851024	TRUE	down	-1	TRUE	TRUE
MRPL34	-0.580117849813073	0.117762298813049	-4.92617633708073	8.38543288866876e-07	-0.721273150468407	-0.626634081993634	-0.37997334261065	-0.505577706441846	-6.91319268302679	TRUE	down	-1	TRUE	TRUE
MRPL35	-0.552825427453465	0.118215083097363	-4.67643732905178	2.91901752838339e-06	-0.603925922881374	-0.5258705764695	-0.4238966062184	-0.489968895755389	-5.00263910594128	TRUE	down	-1	TRUE	TRUE
MRPL51	-0.0533467130962045	0.0944543357311946	-0.564788399423216	0.572217698393308	-0.105762249613626	0.0674153709725424	-0.132241676573344	-0.319328245044893	-3.30857168439369	TRUE	down	-1	TRUE	FALSE
MRPS16	-0.188851283376979	0.106523402463308	-1.77286191587834	0.0762515906802049	-0.210468228609739	-0.0532828893668026	-0.311827276551297	-0.327627295375155	-3.58855650666606	TRUE	down	-1	TRUE	TRUE
MRPS33	-0.205466336984181	0.0957091936794681	-2.14677743156307	0.0318110048720273	-0.286144975560525	0.0459810125177084	-0.315156760874677	-0.491117474209198	-5.4152289300523	TRUE	down	-1	TRUE	FALSE
KGD4	-0.294533326502155	0.0927683246692729	-3.17493419819957	0.00149870482824404	-0.377040762069195	-0.453050469228607	0.0628237860636388	-0.255891283057517	-4.13439250630895	TRUE	down	-1	TRUE	FALSE
MRPS6	-0.785278232728713	0.116887763034318	-6.7182244945363	1.83952141692652e-11	-0.160639969984758	-1.09608492054296	-0.486066580151949	-0.909901669565879	-6.90105738206175	TRUE	down	-1	TRUE	TRUE
MSH5	0.627574758850232	0.132555676672464	4.73442386327165	2.1967821390675e-06	0.814062894272214	1.32357219939677	0.220883882585941	0.402927829355958	3.08639583931254	TRUE	up	1	TRUE	TRUE
MSI2	0.814061030609116	0.104530881385303	7.78775630532063	6.82095769645099e-15	0.7522012635197	1.08606765507891	0.406956933693324	0.626256492278859	7.44406903063812	TRUE	up	1	TRUE	TRUE
MSL1	-0.263532159737707	0.0969382866054568	-2.7185559902693	0.00655675576517569	-0.273153663007687	-0.347839155101263	-0.228117971084329	-0.23295867987944	-2.44506923712965	TRUE	down	-1	TRUE	TRUE
MST1R	0.508241171633362	0.161665497727988	3.14378255580859	0.00166779317435326	0.455310387549384	0.357387054587862	0.769196756252832	0.408649054608681	3.79599493526293	TRUE	up	1	TRUE	TRUE
MT-RNR1	0.191721172235662	0.0977583165514776	1.96117505905194	0.04985860524391	-0.0990166956881303	0.0797524643893036	0.393125100299928	-0.288047147957358	-2.92869470528291	TRUE	down	-1	FALSE	FALSE
MT-TP	-1.22363818412809	0.236585012448802	-5.17208664852719	2.3149418427143e-07	-1.51948880784166	-0.807064326754703	-1.58526687437662	-0.515760128107222	-3.67025828399276	TRUE	down	-1	TRUE	TRUE
MT-TY	-0.229997324897273	0.182137739054137	-1.26276589405182	0.206673325074776	-0.298827936042937	-0.124942015459084	-0.189368770165853	0.530633614462296	3.37313730910262	TRUE	up	1	FALSE	FALSE
MT1E	-0.232605428916038	0.221038230558615	-1.05233121133928	0.292647616715433	-0.239421102260238	-0.0608859918958238	-0.326363517063154	-0.55668984012884	-3.56581257894415	TRUE	down	-1	TRUE	TRUE
MT1G	-0.304120506271127	0.269660968300298	-1.12778837882261	0.259409302432648	-0.105219992076627	-0.154231165056971	-0.514173258639251	-0.840388994120984	-4.38670497348991	TRUE	down	-1	TRUE	TRUE
MTCH1	-0.324869495763256	0.0960105008438231	-3.38368712701239	0.000715194522070225	-0.398008911875579	-0.355821112545039	-0.258657956388736	-0.286498582641034	-3.41220537227625	TRUE	down	-1	TRUE	TRUE
MTCH2	-0.408609550387951	0.0664295189473257	-6.15102377471606	7.69843766652116e-10	-0.530097021562533	-0.178560863657709	-0.328357258428465	-0.395673203410124	-6.2596996296129	TRUE	down	-1	TRUE	TRUE
MTDH	0.105322670539475	0.0743096457244546	1.41734857585001	0.156381039589837	0.166263113030657	0.0633944560645559	0.0235398900764414	0.267645692704538	4.4831394174071	TRUE	up	1	TRUE	TRUE
MTF1	-0.0691693995842454	0.0997618005333894	-0.693345541223417	0.488092729590329	-0.0571863267743439	-0.0909664117832765	-0.0466035935615027	0.259287542155686	3.03883150872681	TRUE	up	1	FALSE	FALSE
MTG2	0.317953994241312	0.0808391604025249	3.93316794308741	8.38336213347682e-05	0.256705646390793	0.502239196324641	0.355754694609403	0.42754216889773	6.38076666352777	TRUE	up	1	TRUE	TRUE
MTHFD1L	0.656254456860078	0.136695645104356	4.80084392124623	1.57998377954133e-06	0.520889972755464	1.0462237228609	0.710770255911786	0.522270478695664	5.82085801186876	TRUE	up	1	TRUE	TRUE
MTMR11	-0.659303504346776	0.132873180226955	-4.96190053719378	6.98067417499955e-07	-0.71533519597861	-1.24568679854397	-0.328849960587648	-0.669582559151524	-5.8438394492754	TRUE	down	-1	TRUE	TRUE
MTX2	-0.338491708309102	0.0935210597273704	-3.61941694518713	0.000295267559478615	-0.242656954854104	-0.500474893328607	-0.330692190524511	-0.321786400150636	-3.32400914018678	TRUE	down	-1	TRUE	TRUE
MUC20	0.62323983241509	0.174845412275035	3.5645192190386	0.000364523742525786	0.265443572553104	1.33605211986558	1.08751649886287	0.546490351557835	3.27851621485863	TRUE	up	1	TRUE	TRUE
MMUT	-0.567001856169304	0.130774357023394	-4.3357265833689	1.45279435921151e-05	-0.639178064977569	-0.531578706480104	-0.299847879559004	-0.455835990212499	-4.15714741763988	TRUE	down	-1	TRUE	TRUE
MXI1	-1.08218461188368	0.170504745394483	-6.34694717369839	2.19629503983138e-10	-1.25324745031853	-1.45457259575409	-0.818329502020255	-0.569179763819185	-4.28728096388828	TRUE	down	-1	TRUE	TRUE
MYL12A	-0.471049133966808	0.126667438455372	-3.71878629354907	0.000200182320024598	-0.977119043065039	-0.936123157138086	-0.0631841881991965	-0.976304430281766	-7.97861029915686	TRUE	down	-1	TRUE	TRUE
MYL12B	-0.243550955753457	0.115371888931301	-2.11100778542753	0.0347716426850195	-1.09164129891219	-0.641400332353325	-0.00992982983231277	-0.471309130310054	-4.86562309707742	TRUE	down	-1	TRUE	TRUE
MYL6	-0.426526015404591	0.089571385491248	-4.76185573177571	1.9182079900436e-06	-0.650766645279853	-0.611917944300052	-0.201025489643092	-0.510074154749169	-4.77739893442935	TRUE	down	-1	TRUE	TRUE
MYO10	0.185260334114116	0.0602216773331157	3.07630644509202	0.00209582324153003	0.261786007910317	0.140664855615923	0.185952841449701	0.187471813819819	2.92209129473562	TRUE	up	1	TRUE	TRUE
MYO5B	0.0459591471566585	0.0630687359232777	0.728715210220277	0.466175886727365	-0.0221917949240764	0.0930745333338455	0.225272927466258	0.159836017701985	3.21207377532624	TRUE	up	1	TRUE	FALSE
MYPOP	0.294598169633867	0.156606851601971	1.88113206172239	0.059953956574278	0.198008985192323	0.320650213212986	0.534602856592085	0.515058424293279	4.24883354797749	TRUE	up	1	TRUE	TRUE
MYRF	0.573132572580389	0.177936282067594	3.22099892119062	0.00127744628945254	0.514582657160853	0.76841863225537	0.433442322941965	0.696018660657652	5.85344630286834	TRUE	up	1	TRUE	TRUE
NAA20	-0.251407054900777	0.097685470080449	-2.5736381745794	0.0100635454285965	-0.148542891898226	-0.377079369908485	-0.272693350362846	-0.412127144031901	-4.26661148239091	TRUE	down	-1	TRUE	TRUE
NAA25	0.212483311293847	0.128586831299838	1.65245001487267	0.0984428468882634	0.452105399525733	0.336296946961896	-0.0579718981469597	0.282392895081925	3.29886851185791	TRUE	up	1	TRUE	FALSE
NAAA	-0.47842010454817	0.118512213399765	-4.03688439211212	5.4165743592985e-05	-0.656020587825889	-1.31824935871131	-0.109310022209284	-0.36855058694211	-4.32216988041595	TRUE	down	-1	TRUE	TRUE
NACA	0.00124139617469782	0.106191290691816	0.0116901882123323	0.990672791756475	-0.0391102979831801	0.349190238844761	-0.283635065326991	-0.617535198228018	-6.3349775522108	TRUE	down	-1	FALSE	FALSE
NACC2	0.467458447656673	0.123120658833321	3.79675070038011	0.000146605091877632	0.456205803678043	0.457940432371719	0.515408605907471	0.278949890068775	2.75704322181347	TRUE	up	1	TRUE	TRUE
NAGLU	0.274712015281138	0.109635540069863	2.50568396987039	0.0122214801067598	0.335452426201282	0.201458021786585	0.211634804730034	0.333502444113799	3.07808070814229	TRUE	up	1	TRUE	TRUE
NARF	0.31031011296609	0.113407665182944	2.73623579557442	0.00621464770673955	0.215242406341023	0.518381774784759	0.268488962664989	0.3781940236728	3.95110678362984	TRUE	up	1	TRUE	TRUE
NARS1	-0.66903525969153	0.122144674994019	-5.47740013819096	4.31620444878774e-08	-0.652290867617472	-0.712529030687797	-0.520539143593542	-0.662088187298242	-7.1437908055467	TRUE	down	-1	TRUE	TRUE
NAV2	0.42537567659252	0.109196608538489	3.89550263772694	9.79952956269382e-05	0.899908470138404	0.545769801892924	0.0310097500324083	0.265600493863867	3.01086303759783	TRUE	up	1	TRUE	TRUE
NBAS	0.159724085692662	0.0788350111343584	2.02605521828931	0.0427591264262544	0.316429963082198	0.106883129893958	0.0894254038103356	0.210652216045844	3.61925370732092	TRUE	up	1	TRUE	TRUE
NBEAL2	0.820288018112668	0.199337824420357	4.11506456688757	3.87071049707288e-05	0.974103018233117	1.03162305728544	0.466453338590979	1.10170781204865	8.52488393407672	TRUE	up	1	TRUE	TRUE
NBPF1	-0.576157105223994	0.136288588300961	-4.22747870828104	2.36324529665129e-05	-0.548229574978332	-0.685270466148946	-0.447972038516977	-0.450032887365161	-4.66857973640878	TRUE	down	-1	TRUE	TRUE
NCBP1	-0.464607532253071	0.141941541188318	-3.27323155972121	0.00106325332589258	-0.51849756610674	-0.455300567608003	-0.249837836172508	-0.470817916400936	-4.57427240344875	TRUE	down	-1	TRUE	TRUE
NCBP2AS2	-0.325131129165598	0.103727932829642	-3.13446070210979	0.00172170313109075	-0.408382155122391	-0.264666065508318	-0.283276816570957	-0.304993125868871	-3.40874041512246	TRUE	down	-1	TRUE	TRUE
NCOA4	-0.892856869618621	0.108947686119054	-8.19528070236335	2.50009037122615e-16	-0.936706438868473	-0.777718110052584	-0.754614559204767	-0.420911318367187	-4.12868031948152	TRUE	down	-1	TRUE	TRUE
NCOR2	0.455496232819924	0.0901621726816023	5.05196602158711	4.37285503939806e-07	0.296340237799619	0.49105203014289	0.739903631173126	0.379775519479609	4.79394406113872	TRUE	up	1	TRUE	TRUE
NCR3LG1	0.218338384239967	0.133450324196784	1.63610231413158	0.101818175969004	0.539726386334478	0.305243264877432	-0.0700786900742604	0.351868406918883	3.6253564634978	TRUE	up	1	TRUE	FALSE
NDE1	0.647812925257136	0.137150517911303	4.7233720668564	2.31965902487453e-06	0.851512337186314	0.40129145784952	0.532044035937119	0.50839472972128	5.31395759000379	TRUE	up	1	TRUE	TRUE
NDFIP2	-0.786923180754763	0.124366051089316	-6.32747581725191	2.49204010858082e-10	-0.811956694993883	-0.840016711207116	-0.478551156887695	-0.569350851279819	-4.72237912111453	TRUE	down	-1	TRUE	TRUE
NDRG1	-0.540797302319183	0.111629438325998	-4.84457604041563	1.26882318086357e-06	-1.64427786802659	-0.651674880143275	-0.258368293502623	-0.569663562374238	-6.36562094479538	TRUE	down	-1	TRUE	TRUE
NDRG2	-0.478370804713555	0.116560715487153	-4.10404828688857	4.05982669269484e-05	-0.362930524218918	-0.449966257949366	-0.694577167826061	-0.449737563905649	-6.52074690720181	TRUE	down	-1	TRUE	TRUE
NDUFA1	-0.561395988778738	0.0878250052700108	-6.39221127346103	1.63503766542368e-10	-0.611917710567308	-0.63168470582146	-0.443977965829957	-0.488453037880996	-5.74540250956922	TRUE	down	-1	TRUE	TRUE
NDUFA10	-0.166908639100189	0.0689701602407351	-2.42001234327435	0.0155199802803777	-0.220125137475452	0.00984985844736344	-0.152068885708854	-0.190727422579828	-3.04076904896135	TRUE	down	-1	TRUE	FALSE
NDUFA12	-0.379719832268841	0.111531537006199	-3.40459606727858	0.000662619886438131	-0.443630249601073	-0.375362041227738	-0.333608672868042	-0.618253618112802	-7.52226974276798	TRUE	down	-1	TRUE	TRUE
NDUFA2	-0.168808414735838	0.104813498617012	-1.61055987027647	0.107275686354426	-0.230341232120646	-0.144686067182547	-0.134253663420932	-0.330200252186436	-3.03288267100942	TRUE	down	-1	TRUE	TRUE
NDUFA3	-0.270229762163843	0.122747481961337	-2.2015096183314	0.02769996653794	-0.250933441772662	-0.397372341960896	-0.135377528486926	-0.323957232757184	-3.41867254983514	TRUE	down	-1	TRUE	TRUE
NDUFA5	-0.766107242047492	0.140729809610542	-5.44381637527707	5.21509805809436e-08	-0.819361230899036	-0.723294834436808	-0.739685015820821	-0.699991212828832	-5.62940299036031	TRUE	down	-1	TRUE	TRUE
NDUFA6	-0.454373047991981	0.119074421899045	-3.81587448207149	0.000135701477238494	-0.555924988402277	-0.610768925476182	-0.265658799257513	-0.56139189028646	-6.49576803837116	TRUE	down	-1	TRUE	TRUE
NDUFA8	-0.388815528951051	0.089442430638669	-4.34710378703586	1.37946954068933e-05	-0.389415832063186	-0.42887599576513	-0.349246132062461	-0.328419989851303	-4.1366982371284	TRUE	down	-1	TRUE	TRUE
NDUFAB1	-0.659228125445451	0.109442633552106	-6.02350385813394	1.70681039242799e-09	-0.710944537518924	-0.590985365655739	-0.723743266125325	-0.700727325462223	-7.75620548846627	TRUE	down	-1	TRUE	TRUE
NDUFAF3	-0.299818853648435	0.118726102442526	-2.52529854413079	0.0115600038623455	-0.251547811964462	-0.514978167410537	-0.219190625975142	-0.3731543595054	-3.70546902005217	TRUE	down	-1	TRUE	TRUE
NDUFB1	-0.344545633657103	0.0741357312852774	-4.6474976058613	3.35985992166386e-06	-0.415130755888062	-0.332892590762755	-0.305534030823658	-0.345996318245882	-4.19137145461746	TRUE	down	-1	TRUE	TRUE
NDUFB2	-0.397780439381016	0.0778954177738778	-5.10659613554845	3.28013766212286e-07	-0.477577732861019	-0.282518779313051	-0.387695380533264	-0.316111698028718	-3.90630471741995	TRUE	down	-1	TRUE	TRUE
NDUFB3	-0.588908131789131	0.104401405145007	-5.64080656741327	1.69255421928043e-08	-0.669859034827062	-0.568358122012731	-0.429618738129946	-0.51759403968716	-5.07778221339106	TRUE	down	-1	TRUE	TRUE
NDUFB4	-0.357037470250453	0.104315838659307	-3.42265829273088	0.000620119794760861	-0.384882462477073	-0.385293108494819	-0.290439464111626	-0.430369735010064	-4.80041264534993	TRUE	down	-1	TRUE	TRUE
NDUFB5	-0.523691819115166	0.135582781063035	-3.86252454042591	0.00011222128807792	-0.516191178264865	-0.599695063637251	-0.379010745622313	-0.844998374745798	-6.91826228468123	TRUE	down	-1	TRUE	TRUE
NDUFB6	-0.465759144505962	0.106497185531671	-4.37344087715303	1.2230337834699e-05	-0.447122816213367	-0.496223363403998	-0.450785923788462	-0.553978406852178	-5.80767994409203	TRUE	down	-1	TRUE	TRUE
NDUFB9	-0.346960436437799	0.116079815935062	-2.98898162133456	0.00279908967992858	-0.56379193347118	-0.306802331646596	-0.200212605666556	-0.46396579507082	-4.93803239835874	TRUE	down	-1	TRUE	TRUE
NDUFC1	-0.443458632153367	0.0877499016632399	-5.05366528905343	4.33410888605098e-07	-0.497975191490154	-0.524510694386794	-0.286632967653483	-0.442654231686858	-5.31088812004769	TRUE	down	-1	TRUE	TRUE
NDUFC2	-0.309162943191421	0.094487034801228	-3.27201444983225	0.00106784118259135	-0.437961713179276	-0.129963226891688	-0.290869607839624	-0.421362761305943	-4.74749980352815	TRUE	down	-1	TRUE	TRUE
NDUFS1	-0.318654766046219	0.0545522846151331	-5.84127261203324	5.18035518670857e-09	-0.385716713123577	-0.216367960209534	-0.281824101228584	-0.230137609316687	-4.53431933528929	TRUE	down	-1	TRUE	TRUE
NDUFS2	-0.34241631629074	0.0680479645025809	-5.03198470069965	4.85428012452633e-07	-0.532587835209285	-0.300008573735213	-0.265801722770215	-0.359995538877215	-4.47641224405707	TRUE	down	-1	TRUE	TRUE
NDUFS3	-0.405177381821235	0.100691214826722	-4.02395961274774	5.72277353976568e-05	-0.554251252097301	-0.333797862699537	-0.348123219310572	-0.368587125136786	-4.7445082534171	TRUE	down	-1	TRUE	TRUE
NDUFS4	-0.126955095564103	0.0926130347828456	-1.37081239008937	0.170433447546298	-0.0284311110384319	-0.103045811056983	-0.317366043132402	-0.270891355750617	-4.38516204688564	TRUE	down	-1	TRUE	TRUE
NEBL	1.13377522800806	0.138568223325868	8.18207234527196	2.79003454025386e-16	1.82488963328551	0.895627746709187	1.38002000685977	1.00650115036249	8.92486856671992	TRUE	up	1	TRUE	TRUE
NEDD9	-0.434765999519784	0.124989281891025	-3.47842625337142	0.000504367197909604	-0.492495832863741	-0.816896090421056	-0.191734567536164	-0.43201735569859	-4.42357521240888	TRUE	down	-1	TRUE	TRUE
NEK6	0.454015980215222	0.113160818846115	4.01213056643421	6.01732016055928e-05	0.708296275736644	0.465703269238584	0.362808862546775	0.368024942820895	4.67902424890972	TRUE	up	1	TRUE	TRUE
NET1	-0.485589240012602	0.135704598101089	-3.57828140540144	0.000345860959918015	-0.893113592982283	-0.301110210603318	-0.492477007155488	-0.821881345654135	-6.49212257599181	TRUE	down	-1	TRUE	TRUE
NFAT5	0.426932990727334	0.0876728540594518	4.86961437844634	1.11816245288654e-06	0.466993913957385	0.381634670670854	0.384480376748071	0.439670099436076	5.38066158509493	TRUE	up	1	TRUE	TRUE
NFATC3	0.477844528737002	0.102632296547879	4.65588849523679	3.22586496664918e-06	0.57577947805528	0.495473936694652	0.29101006633321	0.39118746299955	4.25403072876916	TRUE	up	1	TRUE	TRUE
NFE2L1	-0.285610555867128	0.104091954836219	-2.74382930281706	0.00607271061433594	-0.48889683075666	-0.342043249363056	-0.0409200918338498	-0.386846706627959	-4.55845653679633	TRUE	down	-1	TRUE	TRUE
NFIA	0.112719977008612	0.0796492253342651	1.41520493809648	0.157008417109046	0.605161604639278	0.30665722362273	-0.117766609428611	0.256952624452139	3.20298442572671	TRUE	up	1	TRUE	FALSE
NFIX	0.742995465752956	0.116324776900616	6.38725029653612	1.68895075780045e-10	0.862382883073817	0.761505079668064	0.56805064818895	0.36470153568652	4.38157593588749	TRUE	up	1	TRUE	TRUE
NFKBIA	-0.413698006958764	0.112624635842923	-3.6732461229508	0.000239488607882165	-0.596891199358589	-0.545241719506985	-0.00476880010621337	-0.371553147382813	-3.21558012753049	TRUE	down	-1	TRUE	TRUE
NIF3L1	-0.33439845661286	0.138423096515617	-2.41577066999894	0.0157019473477524	-0.0944221282529264	-0.541768690836653	-0.778350838688914	-0.3680689230944	-3.21855592800958	TRUE	down	-1	TRUE	TRUE
NIPSNAP3A	-0.659785033051099	0.118877032865638	-5.55014721638306	2.85429138951006e-08	-0.685679529917038	-0.93546835768717	-0.415096536104349	-0.715944395615813	-5.84164994441438	TRUE	down	-1	TRUE	TRUE
NKAIN2	0.535126751056541	0.398220651326318	1.34379457537986	0.179014824149588	0.20045234151532	0.646913772538512	0.777063724881721	0.963508679115735	5.74872772420816	TRUE	up	1	TRUE	TRUE
NLRC5	0.179835383988386	0.14895394663637	1.20732204852151	0.227308142678149	0.0327495146681847	-0.0312975032936933	0.461617423542655	0.534195839115065	5.09734847221951	TRUE	up	1	TRUE	FALSE
NMRAL1	0.46298794514563	0.102354350727053	4.52338314743724	6.08589254004169e-06	0.561388507979237	0.386775499842393	0.35226795442621	0.315837612104409	3.6912262759488	TRUE	up	1	TRUE	TRUE
NNT	-0.232119351286417	0.0941460151728856	-2.46552497054881	0.0136812638799693	-0.166338507837252	-0.355404199393766	-0.195545603554957	-0.221778556680015	-2.66035703293681	TRUE	down	-1	TRUE	TRUE
NOD1	0.439478405952284	0.117434298027762	3.74233433786431	0.00018231872253394	0.428823556186032	0.588103662857502	0.29829648968167	0.402974929404905	4.01388672072848	TRUE	up	1	TRUE	TRUE
NOL10	0.100826421044262	0.0833740324322779	1.20932643057849	0.226537460489691	0.264099577416512	0.144637574863777	-0.111035880740654	0.203799485186995	3.07325140962841	TRUE	up	1	TRUE	FALSE
NOL4L	-0.798687277880566	0.116048196524971	-6.88237561458962	5.88625565230562e-12	-1.06604292037753	-0.630572870422577	-0.524218856389218	-0.586263648542091	-5.5709819439272	TRUE	down	-1	TRUE	TRUE
NOL7	-0.234604761803525	0.123561898756868	-1.89868207079883	0.0576062903034684	-0.223838134537686	-0.133862123137675	-0.360968782814959	-0.420068335576668	-4.99740386998981	TRUE	down	-1	TRUE	TRUE
NOMO1	0.110803748810052	0.0645830777423756	1.71567773917577	0.0862210412963367	0.064107174437741	0.232558228574073	0.0812673283094019	0.204837604229999	3.88295259904709	TRUE	up	1	TRUE	TRUE
NOP10	-0.136525554674485	0.111227764571768	-1.22744132456599	0.219656762445869	-0.233018255558189	-0.157874071393014	-0.00662198893840805	-0.238806801915166	-2.46147130744936	TRUE	down	-1	TRUE	TRUE
NORAD	-0.547840148451994	0.157131302772219	-3.48651184574059	0.000489363710689178	-0.582051446988008	-0.64769122382191	-0.315617222562724	-0.716149279661524	-5.19739814141747	TRUE	down	-1	TRUE	TRUE
NOXA1	0.746223509311329	0.156686695142012	4.76251993594604	1.91190302496961e-06	0.741863501785124	0.777890532170965	0.671775469039146	0.625399670531257	4.97168260377932	TRUE	up	1	TRUE	TRUE
NPAS2	0.351434505383461	0.106445712553677	3.30153744056386	0.000961565005962516	0.0376303954636255	0.700045853199189	0.380087525605886	0.489385184853529	5.20473436767849	TRUE	up	1	TRUE	TRUE
NPC2	-0.0816735337026623	0.118362675908195	-0.69002777333296	0.490176721885765	-0.204782695549568	0.072070904056535	-0.0170777885877631	-0.360658289070691	-3.31280522110003	TRUE	down	-1	TRUE	FALSE
NPIPA2	0.154374696727687	0.117145436915058	1.31780375568213	0.187569350371856	0.498561856789691	-0.0721551176213621	0.28719587542997	0.479489005705944	4.43038641122621	TRUE	up	1	TRUE	FALSE
NPIPB11	0.470586369728272	0.167001222681885	2.81786182263273	0.00483446100823728	0.662609859340464	0.308538205423387	0.506056583584434	0.290424887511611	2.61938333430941	TRUE	up	1	TRUE	TRUE
NPIPB3	0.171090540419192	0.102891611720906	1.66282301888006	0.0963478674581722	0.383713868649952	0.0164682235718878	0.2176759459814	0.227924168495487	2.72386625583354	TRUE	up	1	TRUE	TRUE
NPRL3	0.671187398227743	0.152341478659909	4.4058086092634	1.0538998782282e-05	0.952964789922501	1.02313638410758	0.187956118382179	0.701192138590691	6.97032403435566	TRUE	up	1	TRUE	TRUE
NPTN	-0.551341707239858	0.147866317966483	-3.72864973458548	0.000192508509867153	-0.575325557298349	-0.601973214617168	-0.471127865695928	-0.496840657641566	-4.71117891469442	TRUE	down	-1	TRUE	TRUE
NR1H3	-0.361340058237378	0.118256987157903	-3.05554933303771	0.00224648642074308	-0.543430550417908	-0.149007987908851	-0.351315342344538	-0.312287299849097	-3.57254200722805	TRUE	down	-1	TRUE	TRUE
NR5A2	-0.496203134772495	0.120740729622476	-4.10965824311308	3.96245106365496e-05	-0.363110817432581	-0.875735799062614	-0.950936991620527	-0.523733075497614	-7.40331720807641	TRUE	down	-1	TRUE	TRUE
NRAS	-0.824172865545498	0.176137412093411	-4.67914712581568	2.88070683070484e-06	-0.812009933328003	-0.672238542618696	-1.03152789630432	-0.817934606592092	-4.30964547225266	TRUE	down	-1	TRUE	TRUE
NRF1	0.304920780888731	0.10285072947733	2.96469244737774	0.0030298566778945	0.296180802051308	0.28640004190498	0.33014679502701	0.247309474594071	3.12588607960598	TRUE	up	1	TRUE	TRUE
NSA2	-0.0906237073735985	0.0998977343061912	-0.90716479210462	0.36431965913845	0.00145451081903288	0.172123812916608	-0.319076550697754	-0.372371454376943	-4.23428475955991	TRUE	down	-1	TRUE	FALSE
NSD1	0.380887902620376	0.0802693487644713	4.74512262131325	2.08380064367956e-06	0.543955113663103	0.198768164650446	0.312582795048928	0.305808703161957	4.89902840861174	TRUE	up	1	TRUE	TRUE
NSUN5	0.223773064464732	0.119568263613092	1.87150885780892	0.0612745832729491	0.24466898131504	0.507733597128503	0.0919616387622098	0.370991532938316	3.67828594854111	TRUE	up	1	TRUE	TRUE
NT5DC3	0.777433871570291	0.177210768804675	4.38705772123359	1.14894306908106e-05	1.23263140430789	0.641203861666202	0.703414383767787	0.587308286036461	4.89761427021379	TRUE	up	1	TRUE	TRUE
NT5E	-0.353248667081303	0.181058899210215	-1.95101521450857	0.0510552359372881	-0.369370054160599	-0.337009322779574	-0.410086421959684	-0.547231678909392	-3.80404533780827	TRUE	down	-1	TRUE	TRUE
NUDCD3	0.30315266470843	0.109568526390818	2.76678599862812	0.00566119038071522	0.32524584421495	0.227579969079717	0.38924706864441	0.308562350692425	5.17887434514084	TRUE	up	1	TRUE	TRUE
NUDT16L1	-0.0766335320993087	0.117209886857721	-0.653814572761534	0.513231276635006	0.0142684592813728	-0.226620381791291	-0.0206742010868641	-0.227681259702802	-2.89971639896342	TRUE	down	-1	TRUE	FALSE
NUDT2	0.307080894090285	0.0982888482711687	3.12426993999443	0.00178246849492208	0.137850550093902	0.367169228800773	0.414760298388466	0.24729177041842	3.21034776857647	TRUE	up	1	TRUE	TRUE
NUDT9	-0.436714048366889	0.106633058342998	-4.09548460067745	4.21286231184532e-05	-0.531126830012585	-0.201772509979492	-0.419247082606257	-0.470446776648717	-5.78162583458979	TRUE	down	-1	TRUE	TRUE
NUP160	0.364031430557639	0.0878135213187226	4.14550544256588	3.39064946399229e-05	0.422565976115771	0.604616649346315	0.15302245363853	0.315763108834684	4.01087191339535	TRUE	up	1	TRUE	TRUE
NUP50-DT	0.231745348070868	0.160588485137454	1.44310065489757	0.148992118896922	-0.0428844525920132	0.190383051723249	0.373738457532062	0.640711627967266	6.12889547854187	TRUE	up	1	TRUE	FALSE
NUP98	0.22344104858662	0.0658987827159997	3.39067034894365	0.00069721909415149	0.348929708340265	0.187345124972508	0.179873595757987	0.179229747255026	3.19591165532068	TRUE	up	1	TRUE	TRUE
NXF1	0.161152616502415	0.0973059827269117	1.65614294194724	0.0976928748806185	0.114820141674261	0.367617672208521	0.0202919927824574	0.272332876222542	3.25210434812939	TRUE	up	1	TRUE	TRUE
NXPE4	-0.499760659867316	0.15747006637457	-3.17368672899743	0.00150516049244325	-0.750331034706177	-0.280884929308814	-0.531306269034256	-0.88037349380791	-7.26433819738294	TRUE	down	-1	TRUE	TRUE
OAT	-0.508673001371349	0.197586873202204	-2.5744271020008	0.0100406242546396	-0.383519200054305	-0.434452965268933	-0.74766816767181	-0.681117657448848	-4.34572312247644	TRUE	down	-1	TRUE	TRUE
OCIAD1	-0.655168082834441	0.141242423998578	-4.63860690213756	3.50765489543053e-06	-0.831810924817751	-0.550787580816405	-0.630912886656733	-0.434356844952577	-3.88224678111977	TRUE	down	-1	TRUE	TRUE
OCLN	-0.559838728985844	0.114529592085991	-4.88815788818583	1.01783886957107e-06	-0.541223959652495	-0.434649952120786	-0.678992640172787	-0.339792710453415	-3.73135957010316	TRUE	down	-1	TRUE	TRUE
OGFR	0.420037123464523	0.165139825739531	2.54352408078129	0.0109740492362226	0.322005389317438	0.331173030661037	0.705217268992896	0.464030979446862	3.61202251083202	TRUE	up	1	TRUE	TRUE
OIP5-AS1	-0.486745421936312	0.119707914826069	-4.06610893392919	4.78045971629963e-05	-0.463229161567047	-0.477950412603908	-0.503729814312838	-0.372135645324582	-3.89682535007672	TRUE	down	-1	TRUE	TRUE
OLFM4	1.46696055424238	0.451904562966263	3.24617336150221	0.00116967587785883	1.5708121412984	2.29548407898975	-0.0804305872912383	2.63615794164862	4.98839418428787	TRUE	up	1	TRUE	FALSE
OPA3	0.346178877001907	0.0970450192998816	3.56719880627948	0.000360817735772007	0.298669332763089	0.465779726814503	0.218874807466504	0.27370224061975	3.71551620120703	TRUE	up	1	TRUE	TRUE
OSBP2	0.93808471190767	0.123375228509726	7.60350941788706	2.88206268637704e-14	1.15786233890239	0.788133176033558	1.01250938646688	0.704579296947992	6.27910498307788	TRUE	up	1	TRUE	TRUE
OSBPL10	0.470589065554725	0.105001484681783	4.48173725334353	7.40378626803423e-06	0.499071566179259	0.679538828805031	0.315560279910447	0.309211816036224	4.45426043843894	TRUE	up	1	TRUE	TRUE
OSTC	-0.501505019353022	0.12251870736127	-4.09329342558468	4.25288972476937e-05	-0.532368622776382	-0.33950493985227	-0.602600856562937	-0.590289905378475	-4.92895323571186	TRUE	down	-1	TRUE	TRUE
OTUD5	0.155658707088286	0.0820217639564919	1.89777321993288	0.0577259624219335	0.120818506879917	0.151517219044067	0.258760521430093	0.264551710008426	3.90839817041378	TRUE	up	1	TRUE	TRUE
OVOL2	0.308879928178971	0.0747454004095224	4.13242723280161	3.58952424096019e-05	0.233918799641028	0.376588702838868	0.398230610991226	0.21844889698036	3.89266698499573	TRUE	up	1	TRUE	TRUE
OXNAD1	-0.297514098458855	0.112445816908516	-2.64584407529279	0.00814873680403346	-0.296420981962932	-0.696402442133124	-0.168807549355907	-0.367532221135397	-3.48438275287979	TRUE	down	-1	TRUE	TRUE
P4HB	0.351865217816438	0.1620896349981	2.17080640486706	0.0299458095936905	0.344203369533368	0.374064531836124	0.338286334595133	0.313209110146679	3.10149399858424	TRUE	up	1	TRUE	TRUE
PAAF1	0.472995872315725	0.107476458331756	4.4009253715422	1.07790195659287e-05	0.71983848869697	0.313235330692985	0.335819962407914	0.287255360489373	3.36649221755087	TRUE	up	1	TRUE	TRUE
PABPC1	-0.178392074143688	0.10455846140563	-1.70614670248085	0.0879807690685434	-0.361007992874463	0.103974481756166	-0.644180597773174	-0.639870626186179	-4.87838267843931	TRUE	down	-1	TRUE	FALSE
PACS1	1.46742162092088	0.169699228772803	8.64719086546645	5.27826466760507e-18	1.80789320294732	1.59834260023858	1.19940581061945	1.40034544248394	9.78574500711747	TRUE	up	1	TRUE	TRUE
PACS2	0.475211541492646	0.0962366288235985	4.93794875508064	7.89485804904384e-07	0.484876295518407	0.504725885509951	0.446854046050805	0.413510186375987	4.88119139689006	TRUE	up	1	TRUE	TRUE
PADI2	-0.703841953063427	0.106377433310836	-6.61645925416151	3.67904217659343e-11	-0.658290550405436	-1.16136376495056	-0.047239484200175	-0.523223023030062	-5.7045157601513	TRUE	down	-1	TRUE	TRUE
PAG1	-0.90794142393124	0.167292013624967	-5.42728492686239	5.72177494785481e-08	-1.00822042318605	-1.36141489546312	-0.170467294576008	-0.634528972025201	-4.79876577476512	TRUE	down	-1	TRUE	TRUE
PAN2	0.301306550723835	0.108787769822156	2.76967301762326	0.00561125931264113	0.378918792387127	0.302294232001909	0.239175262586959	0.279167680740597	3.09504839321345	TRUE	up	1	TRUE	TRUE
PANK3	-0.797809245026371	0.142047205297782	-5.61650785986163	1.94855390294526e-08	-1.05797884316331	-0.776628481461384	-0.543257441408939	-0.54479696151453	-4.65766871550532	TRUE	down	-1	TRUE	TRUE
TENT4B	-0.0163563969492883	0.12582132505103	-0.129997017140413	0.896568786642865	-0.159909425257908	0.0953414607988418	0.0366713598284934	0.271811825861352	2.86872296863604	TRUE	up	1	FALSE	FALSE
TENT4A	0.217413106201766	0.0831791774921435	2.61379245090878	0.00895434131791755	0.101173518076907	0.0808492417888961	0.304445724181566	0.296518197029617	3.97486766737834	TRUE	up	1	TRUE	TRUE
PAPOLA	-0.494061543913227	0.0929633697163511	-5.31458299565412	1.06901850468779e-07	-0.525240863549917	-0.560485269564535	-0.360974282650588	-0.332035356756029	-4.15708804621242	TRUE	down	-1	TRUE	TRUE
PARK7	-0.267456842887204	0.079425714504297	-3.36738353008753	0.000758850726734597	-0.327224751090081	-0.0554292987562045	-0.376403000565777	-0.303102229898136	-3.50303239835421	TRUE	down	-1	TRUE	TRUE
PARP9	-0.231560850406819	0.15922252069935	-1.45432222395261	0.145856991752338	-0.176779590040787	-0.562067240516402	0.451166407840673	0.341287086104148	2.95622379768138	TRUE	up	1	FALSE	FALSE
PATJ	0.242014611349949	0.0808694250314009	2.99265898398531	0.0027655858021785	0.312403691887471	0.192775342290515	0.249070296847631	0.315457517079061	5.40337767944482	TRUE	up	1	TRUE	TRUE
PBDC1	-0.130680113603097	0.113266215281875	-1.15374309345365	0.24860551082766	-0.326573546505423	0.0519764166012609	-0.072870473300391	-0.252617085810031	-2.98473037731188	TRUE	down	-1	TRUE	FALSE
PBX4	0.729745875650176	0.155696928011564	4.68696386608202	2.77287900748549e-06	0.677483648744695	0.705388786336659	0.781833623499827	0.829949547338738	6.91651384464582	TRUE	up	1	TRUE	TRUE
PBXIP1	0.399979580203849	0.12360485255732	3.23595370188533	0.00121237046541679	0.521139054101963	0.308437524067566	0.258820834576695	0.3943478556286	3.61569795051463	TRUE	up	1	TRUE	TRUE
PCGF2	0.28748577464153	0.139790666375821	2.05654484734079	0.0397300281168571	0.332565692188247	0.341770088713378	0.202293094271225	0.393869493301348	3.39273631107127	TRUE	up	1	TRUE	TRUE
PCGF3	0.1929808302903	0.0788183917690775	2.44842385081513	0.0143482755981883	0.11873647083015	0.282671876634036	0.275125257552571	0.239448166543475	3.5302345073283	TRUE	up	1	TRUE	TRUE
PCGF5	-0.409013334625722	0.102417483399884	-3.99358899523774	6.50806356145011e-05	-0.581430943920242	-0.461792234663498	-0.240628075855475	-0.338708358439573	-4.00794976384471	TRUE	down	-1	TRUE	TRUE
PCK1	-1.87082912288781	0.307414015168238	-6.08569886400255	1.15984261579462e-09	-1.66694846936777	-3.45212689007699	-1.51979725098952	-1.92397587099669	-8.66474453745873	TRUE	down	-1	TRUE	TRUE
PCK2	-0.177007616389159	0.0900724260147425	-1.96516985520282	0.049394581683479	-0.644145252977653	-0.0486168715520527	-0.0862467424274205	-0.322572714891803	-3.74602567777334	TRUE	down	-1	TRUE	TRUE
PCMT1	-0.426194146923253	0.0903264707488614	-4.718374839511	2.37736158265121e-06	-0.498926098431554	-0.390608945455485	-0.0892739304698574	-0.344652120935281	-4.2345415010794	TRUE	down	-1	TRUE	TRUE
PCNA	-0.509747055212417	0.130235708695728	-3.91403448652742	9.07666634393365e-05	-0.467731568665727	-0.194712281672235	-0.64451932943836	-0.635463036103386	-5.12260433975365	TRUE	down	-1	TRUE	TRUE
PCNX2	0.753381864222223	0.145499871564223	5.17788679895626	2.24413324051378e-07	0.743325430700597	0.92748689586595	0.690010793684212	0.812690397539315	8.66989049619317	TRUE	up	1	TRUE	TRUE
PCSK6	0.360160742470703	0.0808970396448437	4.45208803748431	8.50392843182073e-06	0.392201400894293	0.422764555268162	0.240287711907474	0.437733464960692	5.36647400710351	TRUE	up	1	TRUE	TRUE
PCSK7	0.244931586714588	0.0712483802761602	3.43771445421254	0.000586645974685517	0.294184150647847	0.0719788370648558	0.339915259809972	0.308275220111785	4.29303398610323	TRUE	up	1	TRUE	TRUE
PCTP	-0.255379493599406	0.117042663069674	-2.18193509017632	0.0291143236200601	-0.257655521408318	-0.365042234725897	-0.0458360523111684	-0.445038370300796	-3.97721217066606	TRUE	down	-1	TRUE	TRUE
PDCD11	0.287515718342617	0.130723380697364	2.19942076779854	0.0278480172734162	0.592249891353383	0.636996896251899	-0.143705343447979	0.500658100347144	5.07476519918353	TRUE	up	1	TRUE	FALSE
PDCD4	-0.851038110081828	0.109007966801906	-7.80711846161087	5.85102708048648e-15	-0.60790964467961	-1.16580284780314	-0.530476824576519	-0.593331782878471	-6.07164070973966	TRUE	down	-1	TRUE	TRUE
PDCD6IP	-0.527106800668845	0.0772762888763471	-6.82106773414403	9.03663187862293e-12	-0.789713032293375	-0.542508899183354	-0.248338511295298	-0.233971227338973	-3.00400157148627	TRUE	down	-1	TRUE	TRUE
PDE3A	-0.508945554060406	0.105495799002173	-4.82432057839501	1.40481311610849e-06	-0.481672440195834	-0.509158866125273	-0.535671861715344	-0.456045458296179	-5.30064019835215	TRUE	down	-1	TRUE	TRUE
PDE4A	0.968442538279689	0.141126192241202	6.86224522110325	6.77865678281044e-12	1.07520758229308	0.74554044064588	0.962553380943889	0.747235897660671	6.92301101258703	TRUE	up	1	TRUE	TRUE
PDE8A	-0.351477322136756	0.0786254010236726	-4.47027700413169	7.81183553374725e-06	-0.440771315683854	-0.315023360902457	-0.353810767435441	-0.28200692742385	-3.96398073847552	TRUE	down	-1	TRUE	TRUE
PDHA1	-0.304013850873081	0.0822925304191674	-3.69430675329277	0.000220487500942832	-0.311150467952998	-0.231303125761097	-0.384016599207296	-0.244279961193341	-4.53829169501413	TRUE	down	-1	TRUE	TRUE
PDLIM1	-0.454822146615281	0.109256455828927	-4.16288578248812	3.14250581500674e-05	-0.68296800750849	-0.531841574610487	-0.29783406033514	-0.584582772484143	-7.67117062112202	TRUE	down	-1	TRUE	TRUE
PDPR	0.176264752498938	0.0857805669851655	2.05483314804179	0.0398951233225534	0.202696790327823	0.262882599385355	-0.0626379206865441	0.200220234660023	3.00829140559142	TRUE	up	1	TRUE	FALSE
PDZD11	-0.454617967646105	0.130681230353775	-3.47883140077104	0.000503605320475934	-0.450169830876319	-0.511743808450557	-0.421574552480399	-0.740524207937462	-7.07828772861652	TRUE	down	-1	TRUE	TRUE
PDZK1IP1	0.530796217344286	0.135612005664461	3.9140798393441	9.07496072273841e-05	0.933657979868403	0.887410061408474	0.189874816615985	0.738533665081556	5.89855282002186	TRUE	up	1	TRUE	TRUE
PEX11A	-0.793166763023917	0.16449533002143	-4.82181933627287	1.42254759241796e-06	-0.888494542908727	-0.846815207274509	-0.528473867949102	-0.405557136053514	-3.99977960690362	TRUE	down	-1	TRUE	TRUE
PEX11B	-0.266669094817892	0.125987745208582	-2.11662725113782	0.0342914954341789	-0.535993885762734	-0.0968567627605194	-0.3521677851965	-0.438496092086546	-4.15396784596977	TRUE	down	-1	TRUE	TRUE
PEX16	-0.00342421086682038	0.116520620159847	-0.0293871665128707	0.976555808024602	-0.072767122541814	0.437658219184269	-0.126343427198944	0.294577610114765	3.14219949547709	TRUE	up	1	FALSE	FALSE
PEX2	-0.529764523202456	0.171267389961226	-3.09320135796074	0.0019800973432999	-0.525135905406968	-0.540486925264337	-0.525816069698451	-0.659702383654003	-4.56566258035295	TRUE	down	-1	TRUE	TRUE
PFDN6	-0.141633941526747	0.107178970312669	-1.32147137739394	0.186344240138356	-0.0961345040010593	-0.209578856946434	-0.134265275611981	-0.434903603948678	-4.03334644314083	TRUE	down	-1	TRUE	TRUE
PFKFB3	0.453346283212026	0.100699687198629	4.50196317211796	6.73286501446964e-06	0.390122137912289	0.49823821119235	0.429560623633141	0.360380477516303	4.45348612286816	TRUE	up	1	TRUE	TRUE
PFN1	-0.441967774655522	0.125564829043732	-3.51983734634476	0.000431811518766302	-0.547079727792298	-0.53085179726843	-0.247736865975303	-0.483050331046072	-5.85807273422882	TRUE	down	-1	TRUE	TRUE
PFN2	-0.664515307883538	0.120492681011004	-5.51498482984913	3.48810044889437e-08	-0.727883389029251	-0.53220710390137	-0.719756576356275	-0.589431015643913	-5.2841150501583	TRUE	down	-1	TRUE	TRUE
PGGT1B	-0.347496126269132	0.139724294094034	-2.4870129315899	0.0128820716367404	-0.308127374063589	-0.455769782765201	-0.350992957325929	-0.482995395802848	-4.01875862363764	TRUE	down	-1	TRUE	TRUE
PGK1	-0.67165486992227	0.109185407271518	-6.15150766669783	7.67498154801437e-10	-0.869219491650099	-0.558612442061136	-0.609744651019948	-0.668035626028536	-6.72825358046233	TRUE	down	-1	TRUE	TRUE
PGM1	-0.697323583217711	0.111159046489125	-6.27320587250565	3.53688741648544e-10	-0.731690180882951	-0.630973019191678	-0.721715331979495	-0.53843070797695	-6.81337387106659	TRUE	down	-1	TRUE	TRUE
PGM2L1	0.806400160466791	0.152705299274243	5.28076081379849	1.28648547685775e-07	1.04367066524645	0.879214705241554	0.547955835179855	0.53218026920652	4.81145435075378	TRUE	up	1	TRUE	TRUE
PGPEP1	0.25095707366773	0.0906532863745488	2.76831744004139	0.00563465436989011	0.165893786943312	0.35634300232857	0.328644284458087	0.325976370290537	3.94171971790276	TRUE	up	1	TRUE	TRUE
PGRMC1	-0.886500213828185	0.161389624462561	-5.49291949083032	3.95343047515816e-08	-1.07444698397492	-0.814754722729578	-0.82000452010603	-0.779816609184627	-6.04775193937967	TRUE	down	-1	TRUE	TRUE
PHF20	0.496598425246166	0.0911757502786807	5.44660640278036	5.13398965239674e-08	0.707116233910142	0.555734290703811	0.296270086672114	0.292683254137924	3.60946861748901	TRUE	up	1	TRUE	TRUE
PHF21A	0.569975599021237	0.10141851381384	5.62003501715145	1.90918758788279e-08	0.780433812278038	0.387085539151803	0.473603719123168	0.334671803874313	3.97247620515711	TRUE	up	1	TRUE	TRUE
PHLPP2	-0.475885887306533	0.13969330571649	-3.40664776215084	0.000657659410503311	-0.747564247036732	0.00574501477413079	-0.395673077204872	-0.268469206939063	-2.78192145658884	TRUE	down	-1	TRUE	FALSE
PHYH	-0.683064329490709	0.133138579787093	-5.13047630959428	2.8900993318344e-07	-0.803916152273897	-0.877781262787521	-0.0980014977545375	-0.59275786773933	-4.98127213367245	TRUE	down	-1	TRUE	TRUE
PI4KB	0.398658488248169	0.138625749217625	2.87578960256746	0.00403018249633772	0.418835745779302	0.488204710664337	0.207302435167649	0.294583511962925	3.59782491413148	TRUE	up	1	TRUE	TRUE
PIEZO1	0.860303400078268	0.212307262805295	4.05216189361946	5.07465292191569e-05	0.97507887390679	0.87221130281447	0.76903937562425	0.479769112913332	3.80292086063239	TRUE	up	1	TRUE	TRUE
PIGL	0.396072145047857	0.110160790668636	3.59540034747249	0.00032389309624645	0.425620582535717	0.484150861874721	0.227630647708828	0.431071618867015	4.88523107790297	TRUE	up	1	TRUE	TRUE
PIGS	-0.472969748890654	0.112936766477765	-4.18791650975567	2.81527038614801e-05	-0.440253383878524	-0.4564945713135	-0.508067336458827	-0.304316335694589	-3.53067154753678	TRUE	down	-1	TRUE	TRUE
PILRB	0.714109410864816	0.152449357931271	4.68424019986204	2.81000329199462e-06	0.725480065790132	0.66236226792384	0.728787362910244	0.701602936194886	4.59021211099388	TRUE	up	1	TRUE	TRUE
PIM3	0.330479808100987	0.115853733755519	2.85256070208652	0.00433685285850221	0.437505347302847	0.361278023889842	0.128633033607334	0.38867820600976	3.04591903273233	TRUE	up	1	TRUE	TRUE
PITHD1	-0.335679763310413	0.104684892425424	-3.20657313135749	0.00134326157172003	-0.223479815540217	-0.467852667712853	-0.317526404393049	-0.26867961163136	-3.38232305803378	TRUE	down	-1	TRUE	TRUE
PITPNC1	0.730284981365846	0.135401341679602	5.39348408447761	6.91044493125661e-08	0.985023879496074	0.617569280789223	0.569438341107062	0.973032576864601	9.01792834840272	TRUE	up	1	TRUE	TRUE
PKIB	-1.39341763903917	0.194257726480198	-7.17303586470835	7.33526264280733e-13	-1.35092655259933	-1.66870874796643	-1.32344123083453	-1.06781403443604	-7.31864170058581	TRUE	down	-1	TRUE	TRUE
PKP4	0.408474729869941	0.100209054338312	4.07622577188389	4.57725785370384e-05	0.445976062168386	0.403428306823097	0.365114362852094	0.265705400917944	3.9354455454523	TRUE	up	1	TRUE	TRUE
PLAGL1	-0.162756620716781	0.124648006267163	-1.3057298354852	0.191644448117183	-0.163928873723407	-0.200570797041653	-0.125751420305899	-0.406647191313414	-4.32410538500326	TRUE	down	-1	TRUE	TRUE
PLCB4	0.719719603007629	0.10689451721242	6.73298894813665	1.66212692389081e-11	1.77307241005982	0.579087634153941	0.94527199640041	0.584048325969934	6.35885264850288	TRUE	up	1	TRUE	TRUE
PLCL2	-0.274377730469608	0.100820516171719	-2.72144738876642	0.00649967302177752	-0.239760896417927	-0.595219444968217	-0.130679623737366	-0.439941792641889	-4.60913199509466	TRUE	down	-1	TRUE	TRUE
PLD3	0.374645524648045	0.0990210785235336	3.78349266877563	0.000154642881672694	0.355189170441773	0.523759578015229	0.256105959572475	0.467344660716226	6.61775691882906	TRUE	up	1	TRUE	TRUE
PLEKHA2	0.412690792368041	0.123210176797399	3.34948624452223	0.000809615756116536	0.334881330999343	1.12589485990767	0.145112707138945	0.480223845175614	5.0289081332027	TRUE	up	1	TRUE	TRUE
PLEKHA5	0.45201932674302	0.087057145398509	5.19221397248757	2.07807976073583e-07	0.522849261018807	0.396213006316632	0.400374366488711	0.262108641324725	3.58444346275677	TRUE	up	1	TRUE	TRUE
PLEKHB2	-0.50392156492139	0.0990488940074587	-5.0876041572301	3.62615242395404e-07	-0.701283815900718	-0.663705420217027	0.00763624927775529	-0.586844125161359	-7.49771094353771	TRUE	down	-1	TRUE	FALSE
PLEKHG1	0.58362559903175	0.085466094093386	6.82873840465954	8.56646176039453e-12	0.683764630608405	0.37634094547454	0.242498559234007	0.334387367178165	4.40813874264966	TRUE	up	1	TRUE	TRUE
PLEKHM1	0.221168108381773	0.0869968204003961	2.54225507741391	0.0110139762219647	0.267849119243978	0.0667201706665877	0.263975513694716	0.212908368614045	3.11970729319074	TRUE	up	1	TRUE	TRUE
PLOD1	0.177174564886547	0.119147201308846	1.4870224641474	0.13700887795852	0.212116417782852	0.350565132991643	-0.0381225137536346	0.58425603478387	7.77918216163103	TRUE	up	1	TRUE	FALSE
PLOD3	0.139748447833262	0.0953191148445996	1.46611147261592	0.14261792072718	-0.0202051177403004	0.474618020505607	0.102314461514825	0.322032012337775	3.91401718395159	TRUE	up	1	TRUE	FALSE
PLSCR1	-0.479998147410593	0.123620781893986	-3.88282730505802	0.000103248898974814	-0.46940957103781	-0.747962011367525	-0.302896081391697	-0.393109648635309	-3.96352154183675	TRUE	down	-1	TRUE	TRUE
PLXNB1	0.20272289843351	0.125011295517487	1.62163664966701	0.104881170493839	0.0385258776313002	0.640400754143823	0.301235627233668	0.673998662674102	10.8325646306889	TRUE	up	1	TRUE	TRUE
PMEPA1	1.72704516910453	0.206397575113816	8.36756521074518	5.88209724466794e-17	1.10843041573559	2.24148892725683	1.88897114009241	1.32423351283478	11.0937650537672	TRUE	up	1	TRUE	TRUE
PML	0.32177217449578	0.149890763502321	2.14671115802807	0.0318162839093801	0.156351615722259	0.413542903488522	0.36741243558846	0.499808982238499	5.4016594500826	TRUE	up	1	TRUE	TRUE
POC1B	0.506341460619442	0.0917613301104889	5.5180266023799	3.42827545722264e-08	0.506472033007163	0.566993812748081	0.431847117848242	0.342446509097253	4.22463290677651	TRUE	up	1	TRUE	TRUE
POFUT1	0.324890738840314	0.0834972849846254	3.89103356953626	9.98181204039041e-05	0.36791790351882	0.08896538678043	0.297342772443428	0.251319093501512	3.18654533996121	TRUE	up	1	TRUE	TRUE
POLB	0.30062685673226	0.104680736430823	2.87184506894374	0.00408082981649936	0.447718790549529	0.2465613172108	0.0754807465849292	0.248890309051101	2.94081582610463	TRUE	up	1	TRUE	TRUE
POLE3	-0.148738173483665	0.121049796287577	-1.2287354299243	0.219171017810566	-0.195967362661761	-0.120874816746914	-0.15174812030279	-0.384445351598283	-3.75711774996549	TRUE	down	-1	TRUE	TRUE
POLM	0.866145085893826	0.141344171808702	6.12791510827968	8.90380671714174e-10	0.953989697810363	0.746483824289151	0.735530100367797	0.501697788297652	4.30545061801995	TRUE	up	1	TRUE	TRUE
POLR1C	0.346548912241675	0.127616585743272	2.71554759299729	0.0066166265457763	0.391232313205686	0.641400289671546	-0.104565600372178	0.296302887486795	3.46916777063975	TRUE	up	1	TRUE	FALSE
POLR2A	0.333679191631102	0.0911709483222325	3.65992893319211	0.000252285207627832	0.28581590907828	0.269988011899638	0.389248376270853	0.24905244874175	3.57571896894736	TRUE	up	1	TRUE	TRUE
POLR2J3	0.361219658794648	0.132364733536067	2.72897205429891	0.00635320876213791	0.323335977850305	0.405028616502118	0.390451914012388	0.443687750060585	4.6053509048648	TRUE	up	1	TRUE	TRUE
POLR3C	0.308829241964147	0.107239116193577	2.87981897768237	0.0039790356215344	0.414000904005535	0.508411694988037	0.04651687201122	0.310412987674242	3.91516897650145	TRUE	up	1	TRUE	TRUE
POMP	-0.392593680984829	0.0934289810682146	-4.20205461406228	2.64503297529045e-05	-0.740421112878609	-0.225484129259477	-0.395055755248569	-0.410305020539197	-4.16782604203277	TRUE	down	-1	TRUE	TRUE
POMZP3	0.28662231696113	0.0888621182832342	3.22547247914534	0.00125764926549384	0.314298497485843	0.551041116113312	0.156690548577751	0.23501903675984	2.39765351239966	TRUE	up	1	TRUE	TRUE
POP4	-0.331926914802378	0.122089899282788	-2.71870905580452	0.00655372264023883	-0.442491249434469	-0.412879352543738	-0.0385692481367359	-0.368714231365248	-3.44815835498494	TRUE	down	-1	TRUE	TRUE
SLC9A3-OT1	-1.61850262267734	0.361393724468509	-4.47850229014803	7.51685642538519e-06	-2.63227488078143	-1.60565048073647	-1.25609388270624	-1.18550306819033	-3.91509793127591	TRUE	down	-1	TRUE	TRUE
PPA2	-0.257586259343761	0.0846965335229669	-3.04128455592474	0.00235571084039896	-0.318398456338675	-0.192639961172815	-0.309101858856393	-0.265561103672419	-3.34639288087448	TRUE	down	-1	TRUE	TRUE
PPARA	0.210291059561059	0.0695485536461218	3.0236582723354	0.00249738358113191	0.0922676402351805	0.189775865748863	0.291293569137366	0.237581578835049	3.53431391825157	TRUE	up	1	TRUE	TRUE
PPCS	-0.430391746390715	0.113370201605713	-3.79633925224517	0.000146848507439898	-0.607356995319663	-0.433004961179902	-0.196680234572596	-0.324679241498727	-3.38404295916524	TRUE	down	-1	TRUE	TRUE
PPFIBP1	0.431469190511244	0.122597719107	3.51939003151167	0.000432540309355338	0.649986204059942	0.279276446642294	0.355116695788042	0.296350058436508	3.01494311758821	TRUE	up	1	TRUE	TRUE
PPIF	-0.438945845633524	0.118997791236293	-3.68868901744499	0.000225412533672621	-0.174901511609594	-0.527049320327703	-0.50304345108214	-0.515644055645023	-5.40556718641423	TRUE	down	-1	TRUE	TRUE
PPM1A	-0.724502093309584	0.143028474932691	-5.0654395472687	4.07459072312439e-07	-0.786915182634486	-0.683289655916591	-0.59929413949141	-0.703836850880522	-6.20442967528764	TRUE	down	-1	TRUE	TRUE
PPM1H	0.89015772775111	0.144139472790977	6.17566937435637	6.58837324584755e-10	1.26803463513062	0.894769375074551	0.627710133702781	0.709560243056364	7.64584589846874	TRUE	up	1	TRUE	TRUE
PPP1CB	-0.676810277747675	0.116566260604477	-5.80622792768633	6.38959663035209e-09	-0.856044119679374	-0.476517033424896	-0.484569384850825	-0.418597039923879	-4.03056810462402	TRUE	down	-1	TRUE	TRUE
PPP1R13B	0.365600656760861	0.0778679883283638	4.69513422151281	2.66431722030663e-06	0.300898613624831	0.280894431050044	0.522210371616236	0.348984145308981	4.6284170969194	TRUE	up	1	TRUE	TRUE
PPP1R13L	0.70719678868835	0.109915585976515	6.43399916768357	1.24289539656667e-10	0.576374928669942	0.699353364618677	0.858035365049463	0.584769108175625	6.16602499242283	TRUE	up	1	TRUE	TRUE
PPP1R15B	-0.676534348877148	0.151756875013033	-4.45801449732703	8.27223086415993e-06	-0.721928187042397	-1.07134148155544	-0.25031210538971	-0.549345157910343	-3.46631475595525	TRUE	down	-1	TRUE	TRUE
PPP1R26-AS1	0.384793997353941	0.0970722370040957	3.96399639309544	7.3705366375735e-05	0.645723183309384	0.221466599698934	0.277558043136129	0.362386153147614	3.97488035219918	TRUE	up	1	TRUE	TRUE
PPP2CA	-0.650818567826651	0.166998289969592	-3.89715707834587	9.73284953284842e-05	-0.81510260048589	-0.765642198343441	-0.354747069632249	-0.702286430703485	-4.19492348383923	TRUE	down	-1	TRUE	TRUE
PPP2R1A	-0.208108985826137	0.0808221825118878	-2.57489935755604	0.010026925792199	-0.288658991698612	-0.062744589781322	-0.298588094008163	-0.250571420858175	-4.59138186325451	TRUE	down	-1	TRUE	TRUE
PPP6R1	0.54701193499052	0.156060119145015	3.50513595649779	0.000456374164468419	0.524355765353731	0.466749900338137	0.698519064648951	0.544462721802154	4.99393512198991	TRUE	up	1	TRUE	TRUE
PPP6R2	0.521514129130923	0.0944726500130229	5.52026569656968	3.38487457187935e-08	0.489507656801697	0.61353308743797	0.394426211544599	0.446763442960511	4.65012413378535	TRUE	up	1	TRUE	TRUE
PRADC1	-0.216691083770057	0.142565880894406	-1.51993648417571	0.12852693979445	-0.0661800169457367	-0.507227017884402	-0.0312800788123321	-0.342235624726669	-2.89092769114251	TRUE	down	-1	TRUE	TRUE
PRDM2	0.232628550109475	0.0962145647683506	2.41781013788878	0.0156142215712897	0.263444326691102	0.00950104056984852	0.364971456390419	0.265072439770385	3.85313710100795	TRUE	up	1	TRUE	TRUE
PRDX3	-0.686064262366544	0.149035511495462	-4.60336100760412	4.15726681710668e-06	-0.85986733843881	-0.456440455296285	-0.742733487703229	-0.672437216159295	-4.75623751681459	TRUE	down	-1	TRUE	TRUE
PRDX4	-0.0716874702251682	0.12458910286195	-0.575391174496224	0.565026771560888	0.0627541549075598	0.224960653571629	-0.204934768381389	-0.390800770131933	-3.70387883245053	TRUE	down	-1	TRUE	FALSE
PRDX6	-0.675749043498596	0.127467064455046	-5.3013619352387	1.14941956815931e-07	-1.49786557017611	-0.670996647618334	-0.549050948514929	-0.924076756997789	-7.3236865285413	TRUE	down	-1	TRUE	TRUE
PRELID3B	-1.21030833803365	0.192485602413895	-6.28778632196691	3.22024724335099e-10	-1.40354415966088	-1.3001898696004	-0.799365123695886	-1.01830623076419	-5.7051101540122	TRUE	down	-1	TRUE	TRUE
PRKAR1A	-0.157992657843957	0.157768098253266	-1.0014233523328	0.316622178888522	-0.375338069452877	-0.0514371261097918	-0.0116510667697849	-0.313028645557976	-3.0153691677624	TRUE	down	-1	TRUE	TRUE
PRKCE	0.450079307192518	0.0986285656351736	4.56337678941168	5.03373561748526e-06	0.588053368964461	0.367252000404315	0.249949339620551	0.253830584107779	3.21420424717644	TRUE	up	1	TRUE	TRUE
PRKRIP1	0.451501562252943	0.101532136447069	4.44688330269031	8.71251367695166e-06	0.520736073716583	0.511884404451835	0.235283861029888	0.391222264852676	4.20015245711271	TRUE	up	1	TRUE	TRUE
PRMT7	0.52990259016411	0.103764735506253	5.10676953570782	3.27713035136843e-07	0.617593765178039	0.474559816126368	0.444996609854237	0.322379193460436	3.26019969172259	TRUE	up	1	TRUE	TRUE
PLPBP	-0.366722041420947	0.0775225949102506	-4.73051813920197	2.23947514466589e-06	-0.458384569366953	-0.245936888767175	-0.30315626369725	-0.178771894688577	-2.45076365046985	TRUE	down	-1	TRUE	TRUE
PRR12	0.616116403441333	0.174049251825928	3.53989687963455	0.000400283404885905	0.779589997617528	0.623515374941848	0.441195362576887	0.612252322449874	4.70590940199114	TRUE	up	1	TRUE	TRUE
PRR13	-0.665674949366713	0.0982369209165111	-6.77621960415934	1.2336112643234e-11	-1.20990795287947	-0.841363117158448	-0.512015421957486	-0.492469632209657	-4.11967454069634	TRUE	down	-1	TRUE	TRUE
PRR15L	-0.370617148324256	0.121702352137258	-3.04527514724012	0.00232467530969515	-0.419155593094146	-0.515597695979089	-0.102189543702379	-0.353931466464713	-3.41485877873174	TRUE	down	-1	TRUE	TRUE
PRSS16	-0.381402594533417	0.154067309050085	-2.47555822766677	0.013302806780435	-0.157735622193121	-0.851170365014413	-0.387980644762237	-0.418263969380361	-3.67727171816637	TRUE	down	-1	TRUE	TRUE
PRUNE2	0.0493599987003562	0.141556412135807	0.348694898066512	0.727318374909485	0.74109583733559	-0.0524757095995615	0.43156013035605	0.41312018904624	3.82923093834956	TRUE	up	1	TRUE	FALSE
PSENEN	-0.0190567451188239	0.117224048119569	-0.162566857436845	0.870859483730445	-0.214820608004037	0.0826727579659903	0.0924480748907777	-0.44906159885577	-3.20647162543479	TRUE	down	-1	TRUE	FALSE
PSMA5	-0.28304448379528	0.0910928417381875	-3.10720884752708	0.00188862921003249	-0.426660476234566	-0.21673229365187	-0.249389851853449	-0.378633416155669	-4.47617112303672	TRUE	down	-1	TRUE	TRUE
PSMB2	-0.225812874559581	0.0820895157083828	-2.75081260512933	0.00594476402136978	-0.248014732818185	-0.141598662418838	-0.275056676950603	-0.299550454016656	-3.77829828495813	TRUE	down	-1	TRUE	TRUE
PSMB4	0.0213419684392539	0.104188591160973	0.204839783333669	0.837697303388709	-0.158709382149609	0.176333895366288	0.0138346478637176	-0.304536571135887	-3.30631775992787	TRUE	down	-1	FALSE	FALSE
PSMC6	-0.0793157269278661	0.102578430799371	-0.773220318440981	0.439392003288914	-0.0941294456766877	0.00695972979268111	-0.122148457704983	-0.241604235339235	-2.86785169432127	TRUE	down	-1	TRUE	FALSE
PSMD6	-0.467691734486737	0.14240264554021	-3.28429105170435	0.00102239278493332	-0.546275810018632	-0.332899932908347	-0.267897719302035	-0.623282462964331	-5.72664857432771	TRUE	down	-1	TRUE	TRUE
PSME3	-0.214907960277245	0.108618616830809	-1.97855548659765	0.0478660755718012	-0.399163374775198	-0.308004157813411	-0.0474012601048176	-0.327967005844167	-3.20877219692909	TRUE	down	-1	TRUE	TRUE
PSMG1	-0.229017307435993	0.177114717309714	-1.29304504399551	0.195995480553793	-0.0772912458135525	-0.307453646935833	-0.418961052549294	-0.616918044561966	-4.41638015637324	TRUE	down	-1	TRUE	TRUE
PTGDR	-0.526910280087749	0.229654368593629	-2.29436210299187	0.0217697080775399	0.261354867356631	-1.45827269662632	-0.644253309320399	-1.12440088775266	-6.66051707470196	TRUE	down	-1	TRUE	FALSE
PTGR1	-0.601187937337838	0.131820640917039	-4.56065099635038	5.09952769159032e-06	-0.830683708453125	-0.696601320963024	-0.311730408298564	-0.430540746112556	-4.56636630692639	TRUE	down	-1	TRUE	TRUE
PTK2	0.196431023517126	0.0739484678391962	2.65632310251881	0.00789978849947127	0.399538909266301	-0.0230042765792451	0.204969577755864	0.275603119525493	4.91956700297942	TRUE	up	1	TRUE	FALSE
PTMA	-0.0684592468398424	0.0764335394414249	-0.89567024293447	0.370428907713218	-0.203889696627409	0.00735380703845314	-0.0872302258606156	-0.439963545655781	-6.61071451994875	TRUE	down	-1	TRUE	FALSE
PTMS	0.552017925805977	0.156001083814467	3.53855186328382	0.000402328238428759	0.828367613238458	0.45139937735474	0.510134738222378	0.449103773848738	4.52129734169164	TRUE	up	1	TRUE	TRUE
PTP4A1	-0.895900799600511	0.148408482070008	-6.03672234298504	1.57275995429999e-09	-1.16809796244121	-1.48536942786721	-0.432205196880422	-1.08187381956527	-7.08936963503999	TRUE	down	-1	TRUE	TRUE
PTPA	0.256421334387869	0.114796451550167	2.23370436041579	0.0255025319108177	0.379589137160061	0.263346974757528	0.0858996117788777	0.268949351369061	2.91501017120141	TRUE	up	1	TRUE	TRUE
PTPN1	-0.226638519341544	0.100565597524802	-2.25363866888623	0.0242189085923171	-0.195507806853688	-0.321226474592625	-0.0623700628493362	-0.305005764096611	-4.39346165205691	TRUE	down	-1	TRUE	TRUE
PTPN12	0.36834239442257	0.0923882036762263	3.98689854078582	6.69426350857319e-05	0.111287965524351	0.339435582286162	0.654615390199215	0.255812410340017	3.23150284738436	TRUE	up	1	TRUE	TRUE
PTPN14	0.405574704886695	0.117962212749852	3.43817478014547	0.000585649556320184	0.041663408927759	0.600620588233129	0.28162004724828	0.498404165036336	5.40761531752429	TRUE	up	1	TRUE	TRUE
PTPN6	0.239823868840655	0.102239736182524	2.34570117055571	0.0189913269196251	0.231673525581189	0.359037818148081	-0.209409626801667	0.328949905789686	3.67880955109087	TRUE	up	1	TRUE	FALSE
PTPRG	0.33189294048252	0.0610879616307374	5.43303347537992	5.5404008874353e-08	0.220017213108633	0.732959185308432	0.183465951484318	0.303405207265777	5.36203704727976	TRUE	up	1	TRUE	TRUE
PTPRM	0.700238530454867	0.189053482025185	3.70391765839883	0.00021229519358125	0.881038900150597	0.827994074865583	0.362881571799884	0.605502523067336	4.86418394830629	TRUE	up	1	TRUE	TRUE
PTTG1IP	-0.353782200259881	0.106758136982774	-3.313866373642	0.000920154702952784	-0.64172368505395	-0.342284514009117	-0.0517329251233065	-0.271208546545821	-2.73710136801948	TRUE	down	-1	TRUE	TRUE
PUM1	0.193137582964063	0.0592211518148096	3.26129393038527	0.00110905011541866	0.341177465180172	0.306860901235727	0.0523115887445263	0.341286812395091	5.83555613155564	TRUE	up	1	TRUE	TRUE
PVT1	1.29588565330195	0.167897860607435	7.71829759243856	1.17893689503161e-14	1.81144281087981	2.72857582959688	0.915761708548714	1.71890026969759	12.2612334544511	TRUE	up	1	TRUE	TRUE
R3HDM1	0.394422383381255	0.0898517039406053	4.38970399094468	1.13505059635852e-05	0.629214417826682	0.349912611166561	0.197920895084127	0.267416708341025	3.48272077367588	TRUE	up	1	TRUE	TRUE
RAB11A	-0.530426793410982	0.124631551486237	-4.25595916191059	2.08154701774916e-05	-0.72187704654357	-0.544398772114386	-0.252680869075571	-0.656637305443435	-5.88074420229963	TRUE	down	-1	TRUE	TRUE
RAB11FIP3	0.866525002234359	0.161546308872274	5.36394182128588	8.14251398341121e-08	0.909135474644794	1.47112958925307	0.317418722708949	0.802993534237983	8.20655121197426	TRUE	up	1	TRUE	TRUE
RAB11FIP4	0.120885277953773	0.0968349542880316	1.24836407310324	0.211897759606188	-0.0496697728162792	0.501280449853199	0.119561615521837	0.16538980052582	2.57580530168821	TRUE	up	1	TRUE	FALSE
RAB15	0.230987333340018	0.101056475022082	2.28572521740486	0.022270339020464	0.514118682403674	0.0780009383955926	0.386679444770656	0.357221595507131	3.53549442495889	TRUE	up	1	TRUE	TRUE
RAB1A	-0.386328726423504	0.060462474449841	-6.38956195456403	1.66361625896516e-10	-0.396353287391977	-0.432774680746728	-0.307409661230649	-0.298767101185364	-5.17929943530204	TRUE	down	-1	TRUE	TRUE
RAB21	-0.290206037866472	0.105921610583681	-2.73981896864382	0.00614730334595321	-0.429691922591658	-0.0873536006029554	-0.339932632912859	-0.245655744121594	-3.10103023618023	TRUE	down	-1	TRUE	TRUE
RAB3GAP2	-0.188083054155834	0.0864527225563274	-2.17555964224597	0.0295882038362965	-0.154313022068023	-0.348988619699137	-0.218695559122905	-0.214402071217718	-2.65791907523537	TRUE	down	-1	TRUE	TRUE
RAB4A	-0.370407713120267	0.124506344362368	-2.97501075159849	0.00292978279101275	-0.455098914888092	-0.258452108879515	-0.360909389087104	-0.433726119861539	-3.9242486370528	TRUE	down	-1	TRUE	TRUE
RAB9A	-0.461419649387854	0.123377010572774	-3.73991594743402	0.000184081799633197	-0.531964985042936	-0.551313404824393	-0.0985324376976006	-0.37186163531848	-3.42921012698609	TRUE	down	-1	TRUE	TRUE
RABEP1	0.105197699641548	0.109062026775861	0.964567620384912	0.334761423989206	0.127554156621491	0.166766393022282	0.0374981756017054	0.231292936209369	3.32109213194746	TRUE	up	1	TRUE	TRUE
RABEP2	0.39590829637808	0.124093981876859	3.19039078600079	0.00142080530452177	0.326615338557135	0.420068123617371	0.524684587266268	0.40596349922838	3.49182646196656	TRUE	up	1	TRUE	TRUE
RABGGTB	-0.501550456943443	0.161903435319854	-3.09783702830386	0.00194938597502448	-0.440795989214293	-0.609491508117723	-0.41470443996601	-0.676383756066228	-4.40618652942554	TRUE	down	-1	TRUE	TRUE
RAD21	-0.656373980170383	0.140397258329319	-4.67511964251309	2.93782296608311e-06	-0.918474168475281	-0.56762093051226	-0.627439834341728	-0.562781215575608	-4.42723244426411	TRUE	down	-1	TRUE	TRUE
RAD51B	0.52147178163933	0.105102815418771	4.96153960825484	6.9936605041641e-07	0.399084682318482	0.530079587563794	0.584706655860246	0.326343296714958	5.11790898846384	TRUE	up	1	TRUE	TRUE
RAD9A	0.577044514129249	0.104711566925377	5.5108001061667	3.572062072414e-08	0.643605908587599	0.648518953941803	0.391698136754818	0.366117301393194	3.99867669038444	TRUE	up	1	TRUE	TRUE
RAI1	0.785198562320649	0.188825891922934	4.15832042059738	3.20596119481667e-05	0.851448637069695	1.0713331377436	0.512704175501975	0.677343902587533	5.59777093916376	TRUE	up	1	TRUE	TRUE
RALGDS	0.221158874098886	0.132292510863789	1.6717414512345	0.0945753165390238	0.0858312320411063	1.01285998014536	0.26152599261834	0.516795700204299	5.21210567421276	TRUE	up	1	TRUE	TRUE
RANBP17	0.558425038996698	0.128425102011577	4.34825458769235	1.37225256586841e-05	0.85877454645651	0.874267044310427	0.297594086692628	0.392826387297751	4.21184189232528	TRUE	up	1	TRUE	TRUE
RANGAP1	0.545657329139689	0.112790796726415	4.83778238097946	1.3129577792694e-06	0.767194279904484	0.721382525681913	0.341750354008532	0.576265256696589	5.40375434397121	TRUE	up	1	TRUE	TRUE
RAP1A	-0.381656389104143	0.0729945665371033	-5.22855888061403	1.7083642832028e-07	-0.348706918911307	-0.714251704154716	-0.219863686105652	-0.350838720217114	-4.91036877431159	TRUE	down	-1	TRUE	TRUE
RAP1B	-0.351113100216016	0.0673629655027388	-5.21225717418484	1.86556678131874e-07	-0.393478210815594	-0.315221620306617	-0.464822035555574	-0.147586091101962	-2.89419625656932	TRUE	down	-1	TRUE	TRUE
RASSF1	0.451008245186363	0.129169390241638	3.49160311388525	0.000480131099699398	0.602005566673978	0.557154586640513	0.283601086998139	0.726460658460741	6.63294627955114	TRUE	up	1	TRUE	TRUE
RBM17	-0.273949986328951	0.094157337994973	-2.909491625003	0.00362017086108592	-0.279619069096383	-0.0839176040462437	-0.323216468965059	-0.249859881735034	-3.49037553668183	TRUE	down	-1	TRUE	TRUE
RBM22	-0.528569639599921	0.15415791064852	-3.42875456326765	0.000606357597812302	-0.618111373217273	-0.439554955014673	-0.509115692687276	-0.563559813824219	-4.17188306706406	TRUE	down	-1	TRUE	TRUE
RBM6	0.233937719156721	0.0565234577570325	4.13877226270035	3.49169335824813e-05	0.296275501196482	0.195801195348271	0.161363332989523	0.34480812497928	4.52338763777367	TRUE	up	1	TRUE	TRUE
RBX1	-0.104304695358515	0.0800561479158466	-1.30289425701769	0.192610864873184	-0.148458435640855	-0.198033273873228	-0.00730826102373325	-0.260269461300821	-3.39246111381322	TRUE	down	-1	TRUE	TRUE
REEP5	-0.108115567914003	0.0854275789904703	-1.26558155096568	0.205662934624172	-0.134045415951001	-0.075790092104348	-0.107966298515552	-0.257271076632927	-3.21540400004738	TRUE	down	-1	TRUE	TRUE
REG4	2.96516170879135	0.365537213005342	8.11179164061749	4.98787770696641e-16	1.89079002156964	2.68431562266132	4.73084601547887	2.79818047069346	7.74818424729971	TRUE	up	1	TRUE	TRUE
RELA	0.174147007935682	0.11375905208469	1.53084088469756	0.125808722315325	0.0485653349668129	0.415975625600348	0.242141930078098	0.311597739379289	3.68317169659254	TRUE	up	1	TRUE	TRUE
REPS2	0.21076991255609	0.114928944284093	1.83391497998178	0.066666615570443	0.136892221939475	0.328244247114014	0.075782065759454	0.390304139185868	4.36423356380543	TRUE	up	1	TRUE	TRUE
RERE	0.196801768420727	0.0714359757684284	2.75493917880666	0.00587030468170394	0.159541310050164	0.226929436634936	0.203708961232918	0.17501900365198	3.31126584045754	TRUE	up	1	TRUE	TRUE
RETNLB	1.67114558806377	0.267097060969847	6.25669777868665	3.93214353659065e-10	0.967534039425742	1.81740201515254	1.57621745712968	1.31618983872173	5.08886560907506	TRUE	up	1	TRUE	TRUE
RETSAT	-0.432013268055929	0.108352524062177	-3.98710848496729	6.68834477769205e-05	-0.847222765050617	-0.391674010940998	-0.404092084505999	-0.436397418595721	-3.95052490723996	TRUE	down	-1	TRUE	TRUE
RFNG	0.0988290605176307	0.137629678333004	0.718079572041922	0.472708225008499	0.0563847254538567	0.210686882949514	-0.159280095368851	0.373159384035165	3.51805694586993	TRUE	up	1	TRUE	FALSE
RGPD5	0.325252569873347	0.125760880714279	2.58627776798336	0.00970187107513291	0.26434985310559	0.396844206332939	0.232366159274628	0.266960437760947	3.49582533186741	TRUE	up	1	TRUE	TRUE
RGS12	0.5265600967011	0.113262753356359	4.64901374103439	3.3352599516589e-06	0.751403578318975	0.751936533567637	0.316463641952215	0.626862339516058	6.00986103509863	TRUE	up	1	TRUE	TRUE
RGS3	0.477998544500817	0.0940450653169085	5.08265418169556	3.72196969738225e-07	0.030510402955679	0.561288912108092	0.597437367752857	0.246392994281875	2.79860479331264	TRUE	up	1	TRUE	TRUE
RHOA	-0.531783768923271	0.0963169840290737	-5.52118376923794	3.36723383353173e-08	-0.903301603999958	-0.55057789662209	-0.349765836363836	-0.607384332485806	-6.48651412677702	TRUE	down	-1	TRUE	TRUE
RHOT1	0.3040064011725	0.0810563673718854	3.75055545948319	0.000176443272863328	0.337678775287945	0.308783118795344	0.109902428778966	0.274143202447181	3.72859737049245	TRUE	up	1	TRUE	TRUE
RIDA	-0.510366478716046	0.161081793611752	-3.16836848704427	0.00153297087269583	-0.45985812450889	-0.607222757634092	-0.47797490690651	-0.533903779763159	-4.14950851990504	TRUE	down	-1	TRUE	TRUE
RLF	0.190189136249411	0.08579732596067	2.21672568602656	0.02664184242756	0.192665313741504	0.246135133467937	0.122193248460727	0.232506755827134	3.26711027913435	TRUE	up	1	TRUE	TRUE
RMDN3	0.072555065502251	0.0812349524582274	0.893150833559732	0.371776403622398	0.0791593283649563	0.0999325233214536	0.0287808373491792	0.191228862571689	2.59421771754432	TRUE	up	1	TRUE	TRUE
RMND5A	-0.609114746201853	0.132954411352317	-4.58138048979627	4.61916549316261e-06	-0.653270082230374	-0.689256031365226	-0.25167565959891	-0.749521366143798	-7.29900809139787	TRUE	down	-1	TRUE	TRUE
RNF103	-0.946261793221144	0.194865173200925	-4.85598210125241	1.19791522503299e-06	-1.11860190995586	-0.956668531648293	-0.586532890089757	-0.925382364863788	-5.45454516734077	TRUE	down	-1	TRUE	TRUE
RNF115	0.402721582437401	0.0830211910378335	4.8508287751964	1.22946651050224e-06	0.497707379816367	0.383994216370594	0.338758786332137	0.312883851283893	4.41871831931521	TRUE	up	1	TRUE	TRUE
RNF128	-0.756047424004397	0.170862457364282	-4.42488909305858	9.64918426846146e-06	-0.782108584627579	-0.570563878303248	-0.930604148502947	-0.427232870963355	-3.36143848386266	TRUE	down	-1	TRUE	TRUE
RNF213	0.198892133924753	0.0766322627479427	2.59540990690755	0.00944781682625288	0.0838494793366175	0.15812725193543	0.333095566083326	0.336943668153188	4.55686402228274	TRUE	up	1	TRUE	TRUE
RNF216	0.528370219265669	0.0832293578046671	6.3483635246317	2.1761736696269e-10	0.684215436816265	0.508931776495966	0.343754447114392	0.312243850357866	4.18806070615767	TRUE	up	1	TRUE	TRUE
RNF24	0.999386193567447	0.140356214932993	7.12035583208451	1.07648780852502e-12	0.257137047649212	0.964380032427369	1.11509604554287	0.945589129574533	7.72117802715474	TRUE	up	1	TRUE	TRUE
RNF38	0.15685337056033	0.0779734351275619	2.01162575823065	0.0442594020276914	0.247203302253267	0.0647526202381219	0.22702539693378	0.242493883635415	2.90376314355761	TRUE	up	1	TRUE	TRUE
RNF43	1.56116449804217	0.235120511442179	6.63984817175806	3.1400643083583e-11	1.72755688842919	1.63969101278649	1.37029675229104	1.23227112231595	8.64030501799476	TRUE	up	1	TRUE	TRUE
RNF5	-0.421913940807718	0.136077981072351	-3.10053057432849	0.00193174269526467	-0.56359631871245	-0.526367186981394	-0.182173973357646	-0.592363020883998	-6.56894574163531	TRUE	down	-1	TRUE	TRUE
RNF7	-0.416392616983588	0.121791070088989	-3.41890925729894	0.000628726899242213	-0.523476948887337	-0.449111135120573	-0.284418506593343	-0.377622310536984	-4.66066271018815	TRUE	down	-1	TRUE	TRUE
LINC02754	0.200144320126116	0.137383253808991	1.45683199791136	0.14516276089696	0.371041849503595	0.115607031826212	0.255394887414995	0.426581515904699	4.71189441045655	TRUE	up	1	TRUE	TRUE
LINC02511	-0.0228916018522755	0.238545555749823	-0.0959632292470094	0.923549776549066	0.0898994298454802	0.357444479552809	-0.33622203906923	0.501361956406012	3.51955652870605	TRUE	up	1	FALSE	FALSE
ENSG00000254929	0.251944216859717	0.101460008149401	2.48318742975782	0.0130212554260403	0.594459085503707	0.13095769711335	0.0391054509733178	0.25049246958762	2.89937377884911	TRUE	up	1	TRUE	TRUE
ENSG00000262879	0.395689016509661	0.115453697267977	3.42725288035805	0.000609720978405456	0.597170781923819	0.410973445929204	0.184619908314596	0.353237669276784	3.97510526661193	TRUE	up	1	TRUE	TRUE
GPRC5D-AS1	0.224450155724153	0.120967138483708	1.8554638766989	0.0635300130567599	0.353557425783898	-0.066867517475608	0.316076514132204	0.330624835183262	3.30791268839236	TRUE	up	1	TRUE	FALSE
NUPR2P1	0.488985308777625	0.0921746420846465	5.30498733402812	1.12680819893384e-07	0.593066686764911	0.424449403356921	0.392927802268902	0.311052445604878	4.08804170118163	TRUE	up	1	TRUE	TRUE
ENSG00000205236	0.598660485664353	0.160595477386598	3.72775432662533	0.000193193564507879	0.622472235958859	0.604342605676182	0.523982459394141	0.573970844494966	3.63581375562098	TRUE	up	1	TRUE	TRUE
POLR2J2-UPK3BL1	0.343341562758463	0.121042186321509	2.83654462293409	0.00456046050959389	0.302586306691513	0.306126868294073	0.460274912952236	0.43742311089445	4.56077269310174	TRUE	up	1	TRUE	TRUE
ENSG00000266953	-0.381591190671312	0.135627917621373	-2.81351507391409	0.00490030886012154	-0.30055961566929	-0.407859042692599	-0.522252876629528	-0.416194708462016	-3.26347639244837	TRUE	down	-1	TRUE	TRUE
RPA3	-0.545205895172185	0.132330322895821	-4.12003751854672	3.78810709919224e-05	-0.618190756762744	-0.450101597999427	-0.506278613136483	-0.514042245173526	-4.4589899876549	TRUE	down	-1	TRUE	TRUE
RPAP1	0.331653916681655	0.128633409291144	2.57828754216566	0.00992913367376694	0.119125616132696	0.452446263768139	0.544829950943032	0.311945271841518	3.09686033979979	TRUE	up	1	TRUE	TRUE
RPAP2	0.266118400091877	0.104135952520769	2.5554901419738	0.0106038364668479	0.363840861785084	0.211772810598597	0.232447060649037	0.278948024819189	3.7432835234968	TRUE	up	1	TRUE	TRUE
RPL5	-0.17412642910256	0.113909385900085	-1.52863987218133	0.126353745793668	-0.110496144811854	0.312746043807288	-0.535205504461461	-0.748335275846332	-6.97421432131063	TRUE	down	-1	TRUE	FALSE
RPLP2	0.0738308933707961	0.105412427966871	0.700400273428857	0.483677365564653	0.194069202995513	0.231489855977418	-0.142824598056203	-0.354367548148604	-3.56511548433319	TRUE	down	-1	FALSE	FALSE
RPN1	-0.136952486563647	0.0901536710629434	-1.51910049750531	0.128737201533683	-0.208679070552146	-0.0119284737059953	-0.126945567093641	-0.323700900398866	-4.07982312787828	TRUE	down	-1	TRUE	TRUE
RPRD2	0.150708306315085	0.0737076798091781	2.04467576113173	0.04088683482625	0.25667499373602	0.0278383919035729	0.0386534018199232	0.191783994458629	3.27365258392832	TRUE	up	1	TRUE	TRUE
RPS13	-0.283061943271104	0.0991350317106542	-2.85531701948992	0.00429938894390795	-0.247714863474795	-0.0491651937612451	-0.569231032133946	-0.520249035677245	-5.57964000101181	TRUE	down	-1	TRUE	TRUE
RPS24	-0.0665996072584202	0.0895216943157495	-0.743949360738399	0.456907111438699	0.0272373574852245	0.276311481758799	-0.315440777486603	-0.525150549755401	-5.18840838215839	TRUE	down	-1	TRUE	FALSE
RRAGA	-0.303275673222824	0.140561400624211	-2.15760281183898	0.0309587259018091	-0.443518025436495	-0.353671814413718	-0.0390116716627562	-0.423662615970025	-3.47824584882725	TRUE	down	-1	TRUE	TRUE
RSPH3	-0.323822661694182	0.100776723007395	-3.21326842182019	0.00131233579696716	-0.388467569794051	-0.309468213816799	0.0398656230749551	-0.243671214673738	-3.37289143458046	TRUE	down	-1	TRUE	FALSE
RSRC2	-0.377560665333799	0.115062242784662	-3.28136021162389	0.0010330771820137	-0.546125918099021	-0.383082967121815	-0.221621429425758	-0.281865565892269	-3.09437416792393	TRUE	down	-1	TRUE	TRUE
RSU1	-0.354925529187135	0.0885017451643972	-4.01037887476502	6.06213932447689e-05	-0.544660748264637	-0.143343754507139	-0.235662968185987	-0.270038571838548	-4.63200492365791	TRUE	down	-1	TRUE	TRUE
RUNX1	0.730608832158332	0.121454640600579	6.01548716908267	1.79346508878129e-09	0.629571965352344	1.11091323085835	0.611463215761616	0.590810920390693	7.41900410503013	TRUE	up	1	TRUE	TRUE
RUSC1	-0.523412069672405	0.119913360388306	-4.36491870445027	1.27170044131876e-05	-0.411238599638066	-0.838600056434567	-0.325298808051149	-0.329280073790214	-3.89659646834931	TRUE	down	-1	TRUE	TRUE
S100A10	-0.398054743405971	0.102744734490766	-3.87421063842202	0.000106970861057839	-0.755203774193271	-0.438683749739413	-0.277158132491919	-0.655946970244849	-6.46802042311193	TRUE	down	-1	TRUE	TRUE
S100A11	0.976521603854231	0.157000520337766	6.21986221289822	4.97591654269613e-10	1.24916604002771	1.11111820316139	0.680210387575862	0.543729646124501	5.31853183212984	TRUE	up	1	TRUE	TRUE
S100P	2.26953685382039	0.322594977494802	7.03525166896612	1.98901665848851e-12	2.34381318250427	1.3705458568273	3.99012334689787	3.3172428985422	12.5226376482217	TRUE	up	1	TRUE	TRUE
SAFB2	0.21645938101956	0.0813024844883331	2.66239564979864	0.00775866219325643	0.197948667638159	0.401397152488395	0.147651423702558	0.225894859531761	3.29991003731985	TRUE	up	1	TRUE	TRUE
SAMD1	0.351837339249707	0.121693866294784	2.89116740195794	0.00383813615003833	0.259926276805891	0.621698862751231	0.333430566627764	0.285475021583986	3.63931042745068	TRUE	up	1	TRUE	TRUE
SAMD12	0.232575407330763	0.114850384163673	2.02502942436239	0.0428643429218498	0.263060213231905	0.146453992248162	0.243330351520639	0.236565354415233	2.95381367169178	TRUE	up	1	TRUE	TRUE
SAMD4B	0.389824991244905	0.0958898335385628	4.06534224598622	4.79620273156763e-05	0.393277296025138	0.123507237361274	0.671453359432659	0.218573935922963	3.15319740031435	TRUE	up	1	TRUE	TRUE
SAP18	-0.367692997048247	0.087508491477189	-4.20179791516683	2.64803471041835e-05	-0.42791404783597	-0.304563299344198	-0.3646766018926	-0.380394238091835	-4.40320377808364	TRUE	down	-1	TRUE	TRUE
SAP30L	-0.315378719765648	0.104690812518961	-3.01247752479261	0.00259124623374836	-0.393596919801923	-0.379286198581809	-0.088783141700249	-0.384778063174868	-3.65449814481334	TRUE	down	-1	TRUE	TRUE
SAR1B	-0.369747979517661	0.110795271256449	-3.33721805384486	0.000846215298796848	-0.489556393777898	-0.358979247846652	-0.0998137499664279	-0.38200497229363	-3.27635091391479	TRUE	down	-1	TRUE	TRUE
SART1	0.351389489553883	0.125406424351756	2.80200549031092	0.00507860093297643	0.366681592341914	0.453406731726679	-0.0608004641797995	0.266078464477677	2.7911233754353	TRUE	up	1	TRUE	FALSE
SAT2	0.151812379271554	0.0901400675441335	1.68418310977219	0.0921462864164619	0.0564225432428508	0.341246376115952	0.0881056192634883	0.238930197197085	2.83442688135504	TRUE	up	1	TRUE	TRUE
SATB1	-0.174079929336179	0.144918661707356	-1.20122506849884	0.229663907672884	0.229333598600963	-0.519076095575166	-0.0531021129677847	-0.407431403405256	-3.07961600832826	TRUE	down	-1	TRUE	FALSE
SATB2-AS1	-0.458907877263169	0.163870158829105	-2.80043590939427	0.00510336403134852	-0.00164132294344354	-0.609405927071967	-0.576252530539274	-0.580034113859842	-5.49325070452388	TRUE	down	-1	TRUE	TRUE
SAYSD1	-0.376791500873457	0.13175149146768	-2.85986516491077	0.00423821164257289	-0.305724398326018	-0.411416540444595	-0.42770719596016	-0.346024356552312	-3.34831912353751	TRUE	down	-1	TRUE	TRUE
SBDS	-0.539588054143472	0.139268007373078	-3.87445806342297	0.000106862242949145	-1.08184365884223	-0.894743691293692	-0.151219747563091	-0.588390980783337	-5.21491423844419	TRUE	down	-1	TRUE	TRUE
SBNO2	0.622486720681066	0.147995843637808	4.20610947834782	2.59804414930296e-05	0.456185156734737	0.711614414223514	0.702553696900325	0.489283915280157	4.36165264671326	TRUE	up	1	TRUE	TRUE
SCAI	0.39888885821439	0.0902361116561055	4.42050140341349	9.84721461334678e-06	0.536472458455429	0.363160189269898	0.34374504264027	0.235920995839005	2.6864441268314	TRUE	up	1	TRUE	TRUE
SCAMP2	-0.340160799712915	0.0905234066788378	-3.75771098540016	0.000171474769564712	-0.306501037192578	-0.502633730746018	-0.208100285456363	-0.298934374393947	-4.0025292995287	TRUE	down	-1	TRUE	TRUE
SCHLAP1	-0.278828321620243	0.128133946626462	-2.17606909770045	0.0295500942057515	-1.12399588615718	0.0186381324989996	-0.302199719199108	-0.482570290479142	-3.34580646815872	TRUE	down	-1	TRUE	FALSE
SCIN	-0.728252846408496	0.143955939435961	-5.05885932363674	4.21771867568619e-07	-1.13022730644419	-0.684534598126775	-0.230844724953045	-0.480157545462577	-3.64350013315368	TRUE	down	-1	TRUE	TRUE
SCO1	-0.585001630492939	0.112835627645816	-5.18454713904037	2.16540373667691e-07	-0.648177412812454	-0.701915071277138	-0.288914077079038	-0.504666597777099	-5.82819199897049	TRUE	down	-1	TRUE	TRUE
SCP2	-0.714020672168059	0.103432471338473	-6.90325448989316	5.08244588452073e-12	-0.884864639858292	-0.718759978557968	-0.582151644760489	-0.656984594992231	-6.39620597602578	TRUE	down	-1	TRUE	TRUE
SCRIB	0.391456224533438	0.124092935710139	3.15454076650919	0.00160750918248047	0.35727150401056	0.613736510290421	0.255928376225787	0.492503298890405	4.3539515975272	TRUE	up	1	TRUE	TRUE
SDCBP	-0.545999005762826	0.135509305772108	-4.02923624065387	5.59583620094875e-05	-0.605691546827905	-0.638643553890563	-0.281439463241031	-0.613391186543057	-4.03981497443112	TRUE	down	-1	TRUE	TRUE
SDCCAG8	0.335796058204362	0.0753455432437195	4.4567474564244	8.32125349595294e-06	0.340013455852393	0.289874699167032	0.360528618827668	0.279910332141508	3.63971183223738	TRUE	up	1	TRUE	TRUE
SDHAF3	-0.554390485131673	0.180491354176141	-3.07156255579226	0.00212941539523562	-0.307992499273728	-1.35335331030845	-0.47129873118002	-0.629085270909011	-6.05004819988876	TRUE	down	-1	TRUE	TRUE
SDHC	-0.271920434973802	0.0971188004955351	-2.79987431461639	0.00511225072413804	-0.330091637218592	-0.30216449073931	-0.171856721956489	-0.367154905831376	-5.31286848866596	TRUE	down	-1	TRUE	TRUE
SDHD	-1.01507205776829	0.143197613866088	-7.08861014065183	1.35465546590213e-12	-1.348763400232	-1.088008924404	-0.785820046437387	-1.13898329081013	-10.5321656244266	TRUE	down	-1	TRUE	TRUE
SEC11A	-0.217414363816307	0.0764399846605993	-2.84424918165076	0.00445162188020136	-0.238718357437996	-0.233592769333258	-0.155678127917951	-0.300627925623328	-4.29735558374236	TRUE	down	-1	TRUE	TRUE
SEC61B	-0.270626863614504	0.0908640470857076	-2.97837122926337	0.00289784767803223	-0.391423576572973	-0.318444191287166	-0.099823896889619	-0.493864668229243	-4.93547726618647	TRUE	down	-1	TRUE	TRUE
SEC61G	-0.691473808930957	0.143820302073251	-4.80790124177861	1.52523075933741e-06	-0.807921866118629	-0.939781144119174	-0.249402642977709	-0.494682302454027	-4.87955495536939	TRUE	down	-1	TRUE	TRUE
SELENOT	-0.647542463720779	0.157284159368465	-4.11702275881323	3.83798185814799e-05	-0.824538491297779	-0.54507747020715	-0.493959283310095	-0.607216170672349	-4.20456889774145	TRUE	down	-1	TRUE	TRUE
SEMA4B	0.253741691386292	0.111855209528635	2.26848344798222	0.0232997567282647	0.0961957811067756	0.355369505653565	0.436194655963443	0.366950289002701	4.23953752320652	TRUE	up	1	TRUE	TRUE
SEMA4D	0.503130361658284	0.112594307674974	4.46852396047118	7.87611915091239e-06	0.837553519911283	0.409565386331693	0.63096343091795	0.463018670554271	4.98484729229664	TRUE	up	1	TRUE	TRUE
SEMA6A	-0.488737760271833	0.112258476720619	-4.35368245275741	1.33869580114108e-05	-0.437410523104307	-0.755473184445609	-0.530183808324499	-0.42406980986384	-5.02270136473382	TRUE	down	-1	TRUE	TRUE
SENP3	0.32798975201825	0.130477024576594	2.51377400030847	0.0119446950932773	0.254039206841996	0.427527646625513	0.276205424801828	0.25209485461444	3.25970049498386	TRUE	up	1	TRUE	TRUE
SELENOF	-0.396239819415291	0.103397244320207	-3.83220870169607	0.000126997930692425	-0.46582087428419	-0.499917184732384	-0.267703516933417	-0.503140193246202	-5.79932002563569	TRUE	down	-1	TRUE	TRUE
SEPHS2	-0.536440140712742	0.12142196412095	-4.41798273151297	9.96263784138903e-06	-0.911929412309787	-0.620962871272952	-0.328634741627978	-0.566582698453624	-5.11983172845166	TRUE	down	-1	TRUE	TRUE
SEPTIN8	-0.167139087756315	0.100678307057208	-1.66013009794992	0.0968882831987756	-0.37115488964206	-0.250906977130913	0.0898605727766061	-0.439623594452466	-5.568792881541	TRUE	down	-1	TRUE	FALSE
SEPTIN9	0.398498291280131	0.0816056545320379	4.88321910491733	1.04367788058037e-06	0.186646278174508	0.619736188854743	0.376693686229992	0.407972690034686	5.85969710181301	TRUE	up	1	TRUE	TRUE
SERINC1	-0.662463408740666	0.131674340238209	-5.03107444884265	4.8773869085494e-07	-0.70961340764236	-0.618569532426198	-0.613831797592205	-0.516262591709624	-4.07318436873168	TRUE	down	-1	TRUE	TRUE
SERP1	-0.148651628844872	0.105647701792042	-1.40705028432591	0.159412478625294	-0.142236817632497	-0.234874347176127	-0.0858791584749806	-0.277837700340256	-3.59160553381171	TRUE	down	-1	TRUE	TRUE
SERPINA1	0.919575421942301	0.163919462644841	5.60992213557165	2.02417668126928e-08	0.4296259751714	0.755229943758372	1.84360628577946	0.784568150535919	3.86457737620573	TRUE	up	1	TRUE	TRUE
SERPINB6	0.132263007083666	0.100863207098899	1.31131074341091	0.189752800183846	-0.0901919468254462	0.328200125433328	0.0677588370067231	0.327865026308108	3.61418828515245	TRUE	up	1	TRUE	FALSE
SESN2	0.103444663432526	0.112493810304436	0.919558713075675	0.357803410494942	-0.0348755457184656	0.286270638609277	0.399862129378374	0.278282801382171	3.08935461637431	TRUE	up	1	TRUE	FALSE
SETD5	0.295662424575262	0.0510028600460117	5.79697735202562	6.75208055033697e-09	0.437030808162004	0.187571201676008	0.260213485791331	0.26170053521233	5.42093154174966	TRUE	up	1	TRUE	TRUE
SETDB1	0.379255506360752	0.0876233071455495	4.32824916926244	1.50299375773607e-05	0.369725200117723	0.426072059216093	0.35008721764625	0.264026063234705	4.04278323481363	TRUE	up	1	TRUE	TRUE
SETX	0.199094791814617	0.0882846550794387	2.25514605721086	0.0241241625174808	0.23206147642519	0.108209136902548	0.233334817621588	0.210418688196569	3.13505236564422	TRUE	up	1	TRUE	TRUE
SEZ6L2	1.10653152886712	0.159795050124142	6.92469214789491	4.3692462485214e-12	1.3194018127536	0.93517234586816	1.05142413291582	0.794468833566284	6.87046369801467	TRUE	up	1	TRUE	TRUE
SF3B5	-0.123411510068828	0.098741767561186	-1.24984100565503	0.211357633448758	-0.0645771850526129	-0.0239254493570844	-0.274579796594107	-0.320722122504045	-3.23074586956851	TRUE	down	-1	TRUE	TRUE
SF3B6	-0.22680466464531	0.0902643274984361	-2.51267218103674	0.011982061860802	-0.39612634766493	-0.190978235965497	-0.0609562254262149	-0.688199562697392	-6.9245475928326	TRUE	down	-1	TRUE	TRUE
SFSWAP	0.37845872656759	0.0722258891867579	5.23993170356118	1.60636036538696e-07	0.454794173271859	0.327514958909948	0.345291528002208	0.242731407838196	3.780872859392	TRUE	up	1	TRUE	TRUE
SFT2D1	-0.476906796724909	0.118772771154575	-4.01528727577001	5.93734301847839e-05	-0.572369216742127	-0.483482357959874	-0.347575452094098	-0.563666608253254	-6.0249932863233	TRUE	down	-1	TRUE	TRUE
SGF29	0.341943845638094	0.0978260254252676	3.49542817620978	0.000473301816378303	0.315536747173158	0.670518512166476	0.0714216246735036	0.244096409434005	2.98131537351642	TRUE	up	1	TRUE	TRUE
SGMS1	0.649907359051863	0.0976249375286604	6.65718591482904	2.79120033623284e-11	0.716997622230296	0.72212999546219	0.428217027658486	0.491519029335674	5.16552678423414	TRUE	up	1	TRUE	TRUE
SGPL1	-0.29706604402646	0.0878022267412101	-3.3833543299766	0.000716061826908747	-0.391212185846889	-0.367967820261444	-0.119688697178056	-0.359381581350844	-3.85702197003097	TRUE	down	-1	TRUE	TRUE
SGSM2	0.421090764340708	0.12233262579251	3.44217874514461	0.000577048816676184	0.564769530776403	0.332776105935802	0.269916140801844	0.312344764101137	3.14864029362787	TRUE	up	1	TRUE	TRUE
SH2D4A	0.40646567583685	0.114773703021587	3.54145300827664	0.000397929732894576	0.506128186678056	0.329226808278591	0.404977676437157	0.295001473197839	3.63253258119101	TRUE	up	1	TRUE	TRUE
SH3BGRL2	-0.82263584643858	0.129470141201892	-6.35386536850831	2.09970622267836e-10	-0.84064787295346	-1.13742455270934	-0.519554715462213	-0.838889940911523	-6.12480850857407	TRUE	down	-1	TRUE	TRUE
SH3BP4	0.400612751997385	0.0984955143723313	4.06731976121262	4.7556965801818e-05	0.646411256630085	0.730018358780426	0.196607902639549	0.376509852296978	3.7975931259228	TRUE	up	1	TRUE	TRUE
SH3D19	0.324299042789402	0.0704495959852118	4.60327753841877	4.15893405332044e-06	0.396934848196565	0.261448394991314	0.308588230977528	0.299924015063854	5.04773219369065	TRUE	up	1	TRUE	TRUE
SH3GLB1	-0.489425937570246	0.116933891576852	-4.18549259731585	2.84548342540496e-05	-0.466880631360451	-0.594487334713023	-0.337420624777584	-0.412713687620099	-5.16548604087866	TRUE	down	-1	TRUE	TRUE
SHANK2	0.547881737815818	0.0974385020207797	5.62284647704228	1.87836322698949e-08	1.05047756908721	0.622354934263489	0.304494283458182	0.285825670570753	2.70652270547539	TRUE	up	1	TRUE	TRUE
SHARPIN	0.185204983756907	0.101254492344859	1.82910386954609	0.0673840494057936	0.256680159714278	0.107042489687027	0.132477595137424	0.256061372887066	2.94821429139583	TRUE	up	1	TRUE	TRUE
SHROOM4	1.08682735428383	0.142377943996746	7.63339688560657	2.28647596448539e-14	0.816809524600211	1.1606116768526	1.162191535447	0.541185164272327	6.23895178707377	TRUE	up	1	TRUE	TRUE
SIAE	-0.441044719338751	0.114171706133522	-3.86299490718793	0.000112005343790058	-0.443031418280072	-0.426857832644504	-0.447397581344624	-0.317675883695492	-3.74225191612806	TRUE	down	-1	TRUE	TRUE
SIL1	0.571634485571302	0.0838767256452933	6.8151740685335	9.41496967269603e-12	0.699642586026967	0.45182156986089	0.611443161140295	0.389559427418303	6.38372661654066	TRUE	up	1	TRUE	TRUE
SKI	0.745227022737255	0.112076271881464	6.64928454727182	2.9452112622317e-11	0.601709473266289	0.845684536627654	0.915698444406147	0.336730387750314	3.86336754515418	TRUE	up	1	TRUE	TRUE
SKP1	-0.248925435595228	0.126958165996681	-1.96068865394398	0.049915353426707	-0.464690434019464	-0.161520296709668	-0.101177960660525	-0.638945082387102	-5.7037337924584	TRUE	down	-1	TRUE	TRUE
SLC12A2	0.495618254908998	0.100318168258063	4.94046356223378	7.79370569396112e-07	1.58652225673362	0.590090089060221	0.424707611913874	0.623121093830342	5.29960987150446	TRUE	up	1	TRUE	TRUE
SLC12A9	0.366671307934789	0.114435376203363	3.20417793954884	0.00135448735595731	0.354558801084423	0.79370622480622	0.0721396497253602	0.304776111548259	3.24374094820764	TRUE	up	1	TRUE	TRUE
SLC22A5	-0.629934441451183	0.123406156197824	-5.10456253447664	3.315606219387e-07	-0.965897626329124	-0.618158747165486	-0.426620695396174	-0.641380180597729	-6.36028142091412	TRUE	down	-1	TRUE	TRUE
SLC25A25-AS1	-0.491548202853621	0.0968348322064415	-5.07615071615649	3.85157822469475e-07	-0.588600944692871	-0.574123477077252	-0.242199184121672	-0.264756360268972	-3.12818977887801	TRUE	down	-1	TRUE	TRUE
SLC25A3	-0.488533877988343	0.0982520167003195	-4.97225293073047	6.6179284472754e-07	-0.949415200432017	-0.262568016246634	-0.644892077420479	-0.581278974022285	-6.33836766319963	TRUE	down	-1	TRUE	TRUE
SLC25A37	0.344063006087257	0.116199907092697	2.96095766937909	0.00306684087301386	0.35975820294876	0.576249026996931	0.0720515730333711	0.512573758869505	7.83270156437292	TRUE	up	1	TRUE	TRUE
SLC25A4	-0.110014863137374	0.137250001328931	-0.801565479578501	0.422804352843834	-0.167299353453838	-0.309634944543364	0.0189292509291834	-0.390263829079879	-3.77376780783898	TRUE	down	-1	TRUE	FALSE
SLC25A5	-0.837189476193118	0.115788178618096	-7.23035361800117	4.8173799594267e-13	-1.33558073088899	-0.808065040970752	-0.684205095205233	-0.680508066205169	-7.27056978001731	TRUE	down	-1	TRUE	TRUE
SLC26A2	-1.23669259893694	0.217783193331774	-5.67854929490788	1.35841887306618e-08	-1.82354851597771	-1.09361607963755	-0.858637255808621	-0.642127010949403	-3.82722584159563	TRUE	down	-1	TRUE	TRUE
SLC35A1	-0.548772351714323	0.175250157315527	-3.13136581513187	0.00173995278451225	-0.494011224497344	-0.787940417991526	-0.222421338599716	-0.592838537713618	-4.00174731621119	TRUE	down	-1	TRUE	TRUE
SLC35B3	-0.896358488462919	0.151750475701077	-5.90679195120677	3.48833830095283e-09	-0.750668862888946	-0.926924548238675	-1.3565114116886	-0.60847241211818	-4.9135990777738	TRUE	down	-1	TRUE	TRUE
SLC35D1	-0.305056352122558	0.101512297416298	-3.00511721128262	0.00265478522995869	-0.670666924341299	-0.16590303980448	-0.0200520726711742	-0.341067695244518	-3.47600403085902	TRUE	down	-1	TRUE	TRUE
SLC36A1	-0.374461675813202	0.138763138107728	-2.69856736392407	0.00696386423338911	-0.521090452345483	-0.317207730498375	-0.469624320464312	-0.398789435389548	-4.21895277295004	TRUE	down	-1	TRUE	TRUE
SLC41A2	-0.51751857777696	0.111475421130802	-4.64244559497756	3.44309316779865e-06	-0.54089280624775	-0.46968583873028	-0.522143256046025	-0.33762971744263	-3.72815534414521	TRUE	down	-1	TRUE	TRUE
SLC43A2	0.53906447905848	0.136251283741644	3.95639926652464	7.60879510694079e-05	0.920292045551455	0.399731473322186	0.560013322979094	0.597184128172639	4.77508883810031	TRUE	up	1	TRUE	TRUE
SLC48A1	0.442793904054915	0.16057792743782	2.75750167610287	0.005824491470756	0.661121329357252	0.0042792988736425	0.408537976376606	0.356640694193349	3.05235285849812	TRUE	up	1	TRUE	TRUE
SLIRP	-0.14083281289356	0.10840911073632	-1.29908650607884	0.193914243438266	-0.224017426899188	0.0908027973613479	-0.365979889279851	-0.41906679742685	-3.81313122660715	TRUE	down	-1	TRUE	FALSE
SLMAP	0.159722721675811	0.100215964713128	1.59378520311632	0.110984152826771	0.218033013793618	0.167526484958081	0.0670674268254146	0.203548943988043	3.59047087431916	TRUE	up	1	TRUE	TRUE
SLTM	-0.248620093208147	0.119789257687561	-2.07547903716548	0.0379421597233051	-0.415411305456442	-0.0700965135531094	-0.319928588323194	-0.317467165573794	-3.18481208220867	TRUE	down	-1	TRUE	TRUE
SMAD4	-0.272698203157196	0.110487569920248	-2.46813468115946	0.0135819207305534	-0.279521409208562	-0.388471091462139	-0.12550569294298	-0.397692093555142	-3.87049802965814	TRUE	down	-1	TRUE	TRUE
SMAD9	1.11119742604142	0.14092098426057	7.88525166689694	3.1390224354454e-15	0.822092296136117	1.11766416252003	1.22346181463705	0.947006490036963	7.42657299325134	TRUE	up	1	TRUE	TRUE
SMAGP	-0.0156328285017375	0.101166856804407	-0.154525197238869	0.877195645293108	0.0909833627411333	-0.131424873823989	-0.0591454145299735	-0.282568827824328	-3.55266202738227	TRUE	down	-1	TRUE	FALSE
SMARCA4	0.41493584535365	0.0788712586547929	5.26092587376802	1.43331813084631e-07	0.384983103673415	0.526666420393495	0.399273607857014	0.257847675000308	3.60771181095708	TRUE	up	1	TRUE	TRUE
SMARCB1	0.481686885475271	0.148304994334849	3.24794783638709	0.00116240578945571	0.42873798910943	0.554130279430695	0.387532285817383	0.303167260433195	3.47984828819731	TRUE	up	1	TRUE	TRUE
SMARCC1	0.261175750475596	0.0824775656396123	3.16662777871997	0.00154217576365878	0.493180929946907	0.403688594020001	0.0993528325774992	0.251984156113702	4.11279824983581	TRUE	up	1	TRUE	TRUE
SMC1A	-0.249912604001653	0.103032531117804	-2.42556987866204	0.0152843729548813	-0.228004478241719	-0.102280241992115	-0.362851187496897	-0.305795937247398	-3.61244268118571	TRUE	down	-1	TRUE	TRUE
SMDT1	-0.156134352961428	0.151505082963076	-1.03055521245765	0.302749448088133	-0.086018582354124	-0.307867845888016	-0.242742319581127	-0.417181269064391	-4.06413655460172	TRUE	down	-1	TRUE	TRUE
SMG9	0.191393128904767	0.11732260154511	1.6313406486403	0.102818460794504	-0.0857028377626638	0.487833439447131	0.162570789421955	0.340182673821452	3.43423029434321	TRUE	up	1	TRUE	FALSE
SMIM14	-0.599322745206358	0.102745354944595	-5.83308846934776	5.44106994087268e-09	-0.657226360573417	-0.879424818635675	-0.229959588395168	-0.320045632359324	-4.71315320249489	TRUE	down	-1	TRUE	TRUE
SMIM15	-0.890934765938009	0.152342478034635	-5.84823601028373	4.96813324715593e-09	-1.05692421942511	-0.673032867252066	-0.89569162595341	-0.914835590875844	-7.03936928704639	TRUE	down	-1	TRUE	TRUE
SMIM19	0.0396248940045775	0.105989804164373	0.373855714867873	0.708511665593874	0.13267927425115	-0.0520725067450519	0.0768040198117167	-0.312145157943249	-4.17712118082443	TRUE	down	-1	FALSE	FALSE
SMN2	-0.243805245199069	0.138624788843595	-1.75874204918822	0.0786213317882242	-0.237444060292297	-0.324059590350986	-0.155597900517029	-0.287174778418718	-3.00039043131131	TRUE	down	-1	TRUE	TRUE
SMTN	0.874188644977419	0.139970233732982	6.24553250832664	4.22358675041804e-10	1.21761425960354	0.988301672584902	0.566533184197451	0.808735283994516	8.2058150987577	TRUE	up	1	TRUE	TRUE
SMU1	-0.332135105734164	0.11295148179349	-2.94051127493314	0.00327671076115674	-0.344951919336021	-0.333183259318075	-0.308090229452448	-0.346587566218854	-4.22217299916695	TRUE	down	-1	TRUE	TRUE
SMYD3	0.391934965268523	0.0805614541709546	4.86504332998782	1.14431735078306e-06	0.634299656006117	0.452173789553251	0.262034415189827	0.33123376103054	4.6436872406634	TRUE	up	1	TRUE	TRUE
SMYD4	0.333949374990568	0.125056805815289	2.67038145435938	0.00757651197146611	0.409466771836534	0.336401983904287	0.165023081119971	0.352354295329633	3.28264259925338	TRUE	up	1	TRUE	TRUE
SNHG7	0.47091603147871	0.119408165463141	3.94375066103895	8.02170620748076e-05	0.564099403393905	1.15059754673921	0.180473772330085	0.521788218963237	6.37412871044947	TRUE	up	1	TRUE	TRUE
SNRPB2	-0.0510041632014569	0.0897335184738511	-0.568395891177719	0.569766179777713	-0.00691970400971255	-0.179499056581991	0.0397419365985152	-0.200480191292501	-2.62330952076557	TRUE	down	-1	TRUE	FALSE
SNRPD3	-0.0110997272910576	0.0705683598505462	-0.157290424696922	0.875015966314067	0.0366026086636004	-0.0350082104314294	-0.0565555705110767	-0.339395971829299	-4.76699788858097	TRUE	down	-1	TRUE	FALSE
SNRPG	-0.316353052259933	0.0883017046464098	-3.58263811017826	0.000340141678209617	-0.305462182267449	-0.28827532310616	-0.36598842147092	-0.428783558243421	-4.52915561147024	TRUE	down	-1	TRUE	TRUE
SNTB1	0.834726390699133	0.155294618893941	5.37511471192195	7.65339410335537e-08	1.14054728049181	1.08457734697652	0.236142011923765	0.746881194928586	6.55785523696092	TRUE	up	1	TRUE	TRUE
SNTB2	0.0887952713116755	0.0872031913198698	1.01825712990211	0.308555775856201	0.168794353600814	-0.0883731057539032	0.140791747913523	0.239417331490143	3.58606796780409	TRUE	up	1	TRUE	FALSE
SNW1	-0.317728195907676	0.110827832947909	-2.86686283992409	0.00414562639070217	-0.415335406338093	-0.54050231080093	-0.198636483350781	-0.352689336937611	-3.50003895030724	TRUE	down	-1	TRUE	TRUE
SNX12	-0.261069840581774	0.0976781344916187	-2.67275621038991	0.00752309010942913	-0.699312814210339	-0.174410771305084	-0.334849855909747	-0.303015280731213	-3.7585069027018	TRUE	down	-1	TRUE	TRUE
SNX13	-0.33695975313764	0.138359828259083	-2.43538718844515	0.0148758623748677	-0.525427570978091	-0.108925914344352	-0.190283048422413	-0.341460254477271	-3.92031065746637	TRUE	down	-1	TRUE	TRUE
SNX14	0.205842583697954	0.0992547491630143	2.07388145588764	0.0380903216832222	0.1623828395179	0.185122659719902	0.308309056698353	0.234246745140836	3.1434638185128	TRUE	up	1	TRUE	TRUE
SNX19	-0.456486357937316	0.128494603392451	-3.55257221615063	0.000381484290133825	-0.60658684347056	-0.367217112367307	-0.235018645590029	-0.351991911680988	-3.84359676103769	TRUE	down	-1	TRUE	TRUE
SNX29	0.674656298304578	0.10530741789416	6.40654107560253	1.48858019216278e-10	0.618089334810477	0.684766536518791	0.738441285267927	0.343662876435276	4.27163897536036	TRUE	up	1	TRUE	TRUE
SNX3	-0.366643517298688	0.0862022187861736	-4.25329559333217	2.106472206812e-05	-0.391062363254418	-0.519041386789194	-0.137678974826621	-0.299308581272418	-4.37109105541612	TRUE	down	-1	TRUE	TRUE
SNX7	-0.411098376431335	0.150555742236468	-2.73053933596003	0.00632307867630858	-0.439908030167161	-0.296639814498155	-0.513249710586128	-0.402984157236046	-3.25437280453598	TRUE	down	-1	TRUE	TRUE
SNX8	0.523339688548775	0.133030483894856	3.93398319863596	8.35496260707872e-05	0.641547175624079	0.317424015744657	0.714556870398962	0.397288924737477	3.40094203552991	TRUE	up	1	TRUE	TRUE
SOCS7	0.43609179213723	0.0960561919556555	4.53996544375351	5.62634486102506e-06	0.45280146309068	0.495833171972263	0.293458964168524	0.358532198977785	4.27745505778102	TRUE	up	1	TRUE	TRUE
SOD3	1.57345905888344	0.232078269396474	6.77986380618603	1.20289223597157e-11	2.23083710652402	1.51958602161	1.47628902903672	1.2337552094308	5.8391047858496	TRUE	up	1	TRUE	TRUE
MTCL2	0.835337776518435	0.16156865612113	5.17017221392355	2.33878365277858e-07	0.665322256098914	1.14561105253069	0.647081010618527	0.666635409027583	6.08048862902524	TRUE	up	1	TRUE	TRUE
SORCS2	1.45701091426209	0.345216699244646	4.22056904387916	2.43686405289047e-05	0.918752976435106	1.65743366112325	1.64007933445784	0.68569640426828	3.41791027326425	TRUE	up	1	TRUE	TRUE
SOWAHC	-0.551139890558431	0.124150160163968	-4.43930068096995	9.0251654082735e-06	-0.520440466338338	-0.676326007943293	-0.329428608262184	-0.56074601726972	-5.2010301927284	TRUE	down	-1	TRUE	TRUE
SOX4	0.638606463415303	0.136201845636484	4.6886770177822	2.74976991172056e-06	0.86445577202997	1.08802390542669	0.201951253002629	0.505053690066959	5.11012701618502	TRUE	up	1	TRUE	TRUE
SPAG16	0.214512790515201	0.143854663211879	1.49117717650385	0.135914984203586	0.486355014099923	-0.0461115412433045	-0.0060431123729428	-0.472830018882329	-4.2310258943216	TRUE	down	-1	FALSE	FALSE
SPATS2	0.284449125082622	0.0770102451473806	3.69365302679208	0.000221055380589624	0.778864644904314	0.508150831006532	0.0923458388375681	0.500546641034162	6.92505815520997	TRUE	up	1	TRUE	TRUE
SPCS1	-0.348125114556269	0.125472617366205	-2.77451066108098	0.00552848220256338	-0.555626450084873	-0.274080073798557	-0.251670093378155	-0.672460277008639	-6.9109526944623	TRUE	down	-1	TRUE	TRUE
SPCS2	-0.476142631950319	0.118846602304463	-4.00636301516242	6.16608587636148e-05	-0.332769568845061	-0.671756884547981	-0.542194404060492	-0.75697333470915	-7.48107663977615	TRUE	down	-1	TRUE	TRUE
SPINK4	1.769141404397	0.317738492534907	5.56791652872412	2.57803261232467e-08	1.19953279607924	1.6662078415918	2.62847970311009	1.421938388074	4.79226040161441	TRUE	up	1	TRUE	TRUE
SPINT2	-0.0835217958759057	0.098197956532562	-0.850545152110271	0.395022068377325	-0.633688459613563	-0.244114696188952	0.0542584728085863	-0.397974983428039	-5.46940780926546	TRUE	down	-1	TRUE	FALSE
SPPL2B	0.280153823912842	0.121699974415085	2.30200396720968	0.0213349484516576	0.271418993496652	0.333792941687715	0.243467871808206	0.378668559010067	4.24770744492219	TRUE	up	1	TRUE	TRUE
SPRYD7	-0.355143214937905	0.117646972866461	-3.0187195325546	0.00253845412571617	-0.411208639634537	-0.185603733904873	-0.320661736323692	-0.310921973261461	-3.51197038415846	TRUE	down	-1	TRUE	TRUE
SPTSSA	-0.813608783537278	0.159743961341004	-5.09320525613156	3.52060191092768e-07	-1.0492766787837	-0.885282811080437	-0.50787451941095	-0.756324644463826	-4.91516924039467	TRUE	down	-1	TRUE	TRUE
SPTY2D1	-0.203921924077065	0.13653804769339	-1.49351721019911	0.135301852684693	-0.31792064822478	-0.0173530706367972	-0.271577265306702	-0.259108417130108	-2.96569827489706	TRUE	down	-1	TRUE	TRUE
SQOR	-0.806693976861928	0.104115575922255	-7.74806237891147	9.33053053889763e-15	-0.793193868021091	-0.969181682245793	-0.693658898328121	-0.59260221932147	-6.36094410362236	TRUE	down	-1	TRUE	TRUE
SQSTM1	0.447574664437374	0.165112119918245	2.71073174191568	0.00671349165961574	0.195375035491605	0.618814790266346	0.563211272409893	0.39742686169441	3.54340305625375	TRUE	up	1	TRUE	TRUE
SRI	-0.557637371001168	0.118097502735932	-4.72183880338313	2.33721893898518e-06	-1.40287237300344	-0.418538130365748	-0.484985198391066	-0.963402749257993	-10.2092913666186	TRUE	down	-1	TRUE	TRUE
SRP14	-0.356308518203178	0.0779233875119128	-4.57254913550448	4.81826185938516e-06	-0.480826780630218	-0.353568853611641	-0.3248614666403	-0.489372691011984	-6.0412633217902	TRUE	down	-1	TRUE	TRUE
SRP19	-0.290467567633907	0.15878526388378	-1.8293106081085	0.067353090394857	-0.283208829244819	-0.382319104693195	-0.186734217064499	-0.689930433702516	-4.99580720789977	TRUE	down	-1	TRUE	TRUE
SRP9	-0.615057140208667	0.13122386531792	-4.68708293814201	2.77126680925433e-06	-0.672203027148217	-0.733899701551381	-0.476727779471191	-0.886189066772532	-6.81045987157057	TRUE	down	-1	TRUE	TRUE
SRSF1	-0.496369912645794	0.151222117017615	-3.28238965592563	0.00102931261835256	-0.491306084023802	-0.531969455527399	-0.478831861677709	-0.59375005203609	-4.35489745645804	TRUE	down	-1	TRUE	TRUE
SRSF2	-0.523735664068064	0.119780164707559	-4.37247406819614	1.22846412442798e-05	-0.611568733302605	-0.493761130761922	-0.484583225203122	-0.617040363305932	-5.60517158526384	TRUE	down	-1	TRUE	TRUE
SRSF3	-0.420091201980484	0.104235563300105	-4.03020992721072	5.57270610070051e-05	-0.344632956334946	-0.319190130116546	-0.536482112131482	-0.526364286306351	-4.52620004552351	TRUE	down	-1	TRUE	TRUE
SRSF4	0.0253050937084848	0.0724483518423843	0.349284601581242	0.726875657526378	0.141017384885195	-0.0618596128056572	-0.0208065576899412	0.196852261136197	3.21098357861624	TRUE	up	1	TRUE	FALSE
SRSF7	-0.298785455088716	0.0908498910600539	-3.28878165512837	0.00100622050524683	-0.392834366641659	-0.240375555715497	-0.264910091446834	-0.339831644534587	-4.40835323930366	TRUE	down	-1	TRUE	TRUE
SS18L2	-0.525796586491591	0.143921446217017	-3.65335813606786	0.000258832819377097	-0.496420265593786	-0.303392174211155	-0.666629002574032	-0.558326805580792	-4.01122013377551	TRUE	down	-1	TRUE	TRUE
SSH2	0.132616655788081	0.0665165130350333	1.99374034712603	0.0461804376536131	-0.0430840933535704	-0.00446073809463232	0.323325910611758	0.19363029923657	3.59837941534509	TRUE	up	1	TRUE	FALSE
SSR3	-0.375966027704386	0.0800935831468441	-4.69408425660127	2.67803645669683e-06	-0.294134524893074	-0.668271704549496	-0.268316451131248	-0.364809020510058	-5.05615605787935	TRUE	down	-1	TRUE	TRUE
SSU72	-0.2435283691851	0.065963648810774	-3.6918571603535	0.000222622490552326	-0.266757316938945	-0.267091848943717	-0.144350248038675	-0.306321371844786	-4.28428111644683	TRUE	down	-1	TRUE	TRUE
STARD3	0.230870668532572	0.116569667181973	1.98053811178999	0.0476430952642731	0.233181474266916	0.21418544525017	0.234352033210984	0.53283506244551	5.37727799094423	TRUE	up	1	TRUE	TRUE
STARD7	-0.274093323407359	0.0871825003118867	-3.14390299001311	0.00166710695740799	-0.297626375947004	-0.322864813236866	-0.226714786624258	-0.396941805291707	-4.38505532260366	TRUE	down	-1	TRUE	TRUE
STAT3	0.115577007148542	0.0690176235238373	1.67460137349737	0.0940124696161888	0.380666203087201	0.118733924555286	0.0253225943558725	0.385420999643365	5.52810411271244	TRUE	up	1	TRUE	TRUE
STAT5A	0.231023643465416	0.113824319116957	2.0296510030342	0.0423920266287126	0.342830947863904	0.340731087667404	-0.267660715516829	0.423071181326	4.04210808231736	TRUE	up	1	TRUE	FALSE
STAT6	0.159322144624136	0.0744199087983742	2.14085380104116	0.0322858297272615	0.185853719436103	0.106700077957086	0.195595832010798	0.371158298103799	6.00166444966242	TRUE	up	1	TRUE	TRUE
STBD1	-0.75882495954251	0.147979593710653	-5.12790270951988	2.92987774952908e-07	-0.85711563813888	-1.16409207100393	-0.201321810064168	-0.918109401895796	-7.40923017531176	TRUE	down	-1	TRUE	TRUE
STEAP2	-0.771188413393684	0.201463046161769	-3.82793980378139	0.00012922034828558	-0.891927959907765	-0.392358546182097	-0.845566916380822	-0.635298821519918	-4.03787001772936	TRUE	down	-1	TRUE	TRUE
STIM2	0.341342598148343	0.100386044107404	3.40029932630014	0.000673121235395613	0.0719396333324344	0.53190067666345	0.39774670292644	0.30582499095342	3.21352037679898	TRUE	up	1	TRUE	TRUE
STK3	0.349153688472391	0.10980469231823	3.17977020017044	0.00147391886162212	0.545979484622707	0.235615479793595	0.179200377274392	0.25897266181687	2.91791325868589	TRUE	up	1	TRUE	TRUE
STK39	0.169066473208617	0.108044915745577	1.56477953675055	0.11763461147577	0.0444130022659109	0.737032627199245	0.159546449803419	0.328364383737913	3.9810694660783	TRUE	up	1	TRUE	TRUE
STRADB	-0.822192809439267	0.192336104947121	-4.27477102993904	1.91333825166286e-05	-0.748783827353278	-1.18659243197508	-0.707753808724863	-0.610597683816745	-4.87388683731023	TRUE	down	-1	TRUE	TRUE
STRAP	-0.413511489175043	0.113711513770481	-3.63649621277305	0.000276371704649359	-0.55833817927259	-0.360816303735687	-0.334323978395079	-0.559398074803001	-4.90540068463134	TRUE	down	-1	TRUE	TRUE
STX18-AS1	0.391235989884045	0.122522207631758	3.19318430059561	0.00140713106730453	0.513145356824176	0.0493967358975444	0.302128703049918	0.295479103851278	3.03002721477715	TRUE	up	1	TRUE	TRUE
STX3	-0.508582625046175	0.0964591589105416	-5.27251772449982	1.34564836728501e-07	-0.552218264091197	-0.358196826750785	-0.548010774471064	-0.536485469650153	-6.57033487262458	TRUE	down	-1	TRUE	TRUE
STXBP6	0.359650492999114	0.09243337629962	3.89091589420382	9.98665470966568e-05	0.904395556980169	0.506833406487846	0.251182264260975	0.403358069320527	4.10624804958488	TRUE	up	1	TRUE	TRUE
SUCLG1	-0.520593894092904	0.0778802110041085	-6.68454652832721	2.31640798602384e-11	-0.571696802401324	-0.373259656579581	-0.584516623554387	-0.490797022139306	-7.35300223599608	TRUE	down	-1	TRUE	TRUE
SUCLG2	-0.36662897358584	0.0966543988917731	-3.79319490669396	0.000148721329899382	-0.535113384387627	-0.236067891804345	-0.378315482201201	-0.407784529775056	-4.23617857445646	TRUE	down	-1	TRUE	TRUE
SUDS3	-0.294956778432975	0.111160388917684	-2.65343420713825	0.00796773019382932	-0.510824395638053	-0.2261100052456	-0.101335531426181	-0.396422861159794	-4.78065125853632	TRUE	down	-1	TRUE	TRUE
SUFU	0.582143403044622	0.113497930462756	5.12911029012683	2.91114758621435e-07	0.682106567448313	0.378608218897932	0.555482111177911	0.363467713033318	3.71602947262814	TRUE	up	1	TRUE	TRUE
SUGP2	0.271046450643575	0.0735368341828665	3.6858596600658	0.000227931936032238	0.371313903377058	0.268628042124766	0.178013788975199	0.309407571190065	4.60043452500488	TRUE	up	1	TRUE	TRUE
SUMF2	0.705481222370218	0.13770740066168	5.12304508675933	3.00640424124683e-07	0.770615966289604	0.799307350178065	0.096286492966554	0.601294457190611	5.837552693605	TRUE	up	1	TRUE	TRUE
SUMO1	-0.462642290499343	0.115914417827694	-3.99124025440096	6.57286511958992e-05	-0.531136980370139	-0.60769219370074	-0.203173196541247	-0.470001155310233	-4.3676468964763	TRUE	down	-1	TRUE	TRUE
SUMO2	-0.429348515432627	0.0993596485323508	-4.32115573851727	1.55214070225472e-05	-0.496182459697472	-0.402410615174146	-0.389554209686547	-0.460334373800088	-4.75095125180697	TRUE	down	-1	TRUE	TRUE
SUMO3	-0.581293029259845	0.126280740602424	-4.60318039383345	4.16087525250008e-06	-0.618718502826888	-0.637253243141859	-0.450601674487768	-0.55430289717876	-5.12663078423846	TRUE	down	-1	TRUE	TRUE
SUPT6H	0.264207763526165	0.0910982671416575	2.90025015640882	0.00372864955251778	0.219411551531156	0.321813946445209	0.394269913986904	0.254411911788082	3.04832692937358	TRUE	up	1	TRUE	TRUE
SUSD1	0.396419558790855	0.0961540575612991	4.12275434698253	3.74368877927051e-05	0.393705513615282	0.578142190305885	0.196222666357053	0.296309899024097	3.51251122032705	TRUE	up	1	TRUE	TRUE
SYAP1	-0.228170143672437	0.0611425602599919	-3.73177280608149	0.000190136949584804	-0.275176168686295	-0.127051505739415	-0.204943716753195	-0.174423821530647	-3.31148673603185	TRUE	down	-1	TRUE	TRUE
SYMPK	0.432410677068229	0.0916346574893311	4.71885516807409	2.37175595668679e-06	0.467329469104896	0.596713145764547	0.138632922747957	0.372064629605787	4.31970001183737	TRUE	up	1	TRUE	TRUE
TAB1	0.533062042916348	0.090834308042217	5.86850997608301	4.39728945997609e-09	0.595617502969236	0.561675184554098	0.184687216246492	0.362173874966117	4.47049613207545	TRUE	up	1	TRUE	TRUE
TAF13	-0.382844765040099	0.10611108037099	-3.60796218172109	0.000308611459967771	-0.523872485624487	-0.660388879811571	0.0758448550866801	-0.477547191640509	-4.31689712754496	TRUE	down	-1	TRUE	FALSE
TAF7	-0.131749083641686	0.124149002684832	-1.06121741449787	0.28859110701431	-0.161194868073762	-0.103399280213458	-0.154547131877633	-0.317070208809583	-2.98112279857694	TRUE	down	-1	TRUE	TRUE
TAF8	0.0743547781818966	0.10939037306563	0.679719577675148	0.496682037273468	0.0438062958413713	0.00894262599874493	0.23091421811643	0.226107514006834	3.25470708491535	TRUE	up	1	TRUE	TRUE
TAF9	-0.273557581694226	0.151827917835614	-1.80176074067228	0.0715830569658887	-0.291986023436571	-0.202904253318691	-0.343729662637295	-0.401767960751938	-3.54281640774729	TRUE	down	-1	TRUE	TRUE
TANGO6	0.609885755803826	0.145247755507567	4.19893411552273	2.68174326863679e-05	0.649923437289349	0.930769556105464	0.367897854158085	0.35577437082055	3.32686417765006	TRUE	up	1	TRUE	TRUE
TARDBP	-0.417497621897753	0.125098893270157	-3.33734065093723	0.000845842085349258	-0.433003635378459	-0.652151043992798	-0.0829523421851721	-0.468246550036314	-3.75166900490087	TRUE	down	-1	TRUE	TRUE
TBC1D16	0.656289245760254	0.13249949491236	4.95314526439778	7.30234188909698e-07	0.603265807084301	0.829694862041207	0.461503833443176	0.634763335009532	7.28152684225763	TRUE	up	1	TRUE	TRUE
TBC1D19	0.465271352832686	0.132147473718081	3.5208493945581	0.000430166861685485	0.417769449838991	0.557550941759945	0.403438411000339	0.373140687560977	3.9681723138966	TRUE	up	1	TRUE	TRUE
TBCA	-0.192350732867455	0.0615831648276505	-3.12343046035028	0.00178756100626561	-0.287946966222714	-0.186253554979573	-0.174705868732649	-0.183884758544207	-3.04597216914305	TRUE	down	-1	TRUE	TRUE
TBCD	0.633729767202395	0.134642627129071	4.70675432227632	2.51691930956392e-06	0.5923081100625	0.751740423405218	0.559456898373973	0.493154457757077	5.09261632703675	TRUE	up	1	TRUE	TRUE
TBXAS1	1.75240626120214	0.181020713012086	9.68069472295773	3.6423243040286e-22	1.0961403640168	2.30012921988225	1.46755204390603	1.36647455671585	11.5537703396031	TRUE	up	1	TRUE	TRUE
TCEAL8	-0.611794198740372	0.156680212445695	-3.90473174110879	9.43299625311794e-05	-0.329537909610452	-1.09351553288973	-0.226663302261847	-0.644640268773225	-4.06775509851011	TRUE	down	-1	TRUE	TRUE
TCEAL9	-0.416552080344122	0.082347105178682	-5.05849087761203	4.2258746157136e-07	-0.305409989423667	-0.441961307871702	-0.351844624544731	-0.651939482588273	-5.89017070520285	TRUE	down	-1	TRUE	TRUE
TCF12	0.23292825592292	0.078262108616038	2.97625837128528	0.00291788917960487	0.305013304381811	0.347496952940017	-0.0107559119229659	0.248205031132504	3.08314991217617	TRUE	up	1	TRUE	FALSE
TCF20	0.222720090752772	0.0744137833259229	2.99299512534239	0.00276254161608599	0.262968214600311	0.183297702925961	0.214700214962101	0.289306623640629	5.04771620413805	TRUE	up	1	TRUE	TRUE
TCOF1	0.438955640842007	0.121794988703411	3.60405338113648	0.00031329266741875	0.654486116382502	0.851961750027704	0.117958313473537	0.466725528398543	4.14468644883433	TRUE	up	1	TRUE	TRUE
TCP1	-0.277172703155714	0.143876312036937	-1.92646516463778	0.0540463174950307	-0.282847940590279	-0.604654120509638	-0.0353067554931935	-0.361406017696893	-3.6041797138168	TRUE	down	-1	TRUE	TRUE
TDP2	-1.01535865217432	0.1601841546109	-6.33869595054956	2.31718003379781e-10	-1.4331721684855	-1.63494065440196	-0.467488510469354	-0.95633148184768	-5.81850148573165	TRUE	down	-1	TRUE	TRUE
TDRD7	-0.311745368146871	0.123274034486122	-2.52888103684128	0.0114426804595566	-0.449604203627248	-0.764176005971646	0.164239826836283	-0.482067714784925	-5.89017710476984	TRUE	down	-1	TRUE	FALSE
TEAD1	0.488906186628995	0.109033972336688	4.4839803242176	7.32634207388637e-06	0.504410364699961	0.642617306229703	0.301089773605651	0.554483119610202	7.01101515059838	TRUE	up	1	TRUE	TRUE
TEC	0.445126140544641	0.153323507511702	2.9031826089073	0.00369391181247118	0.392393260326251	0.592969096869628	0.358455606674515	0.360026881194073	3.6922945584362	TRUE	up	1	TRUE	TRUE
TECPR1	0.291910609712464	0.124858642827493	2.33792874167127	0.0193909449961001	0.326288048110277	0.245642399706869	0.404187527136701	0.450678997483604	3.99279645298098	TRUE	up	1	TRUE	TRUE
TECPR2	0.403452107943731	0.105935152682355	3.80848186582103	0.000139822598283751	0.33778885253581	0.509429646202905	0.381705053081154	0.336270303396634	4.47353382895828	TRUE	up	1	TRUE	TRUE
TES	-0.421719677063623	0.100701317946143	-4.18782678980594	2.8163832508583e-05	-0.450365312744068	-0.511445922506848	-0.258897287711615	-0.474080685623573	-4.68719156899797	TRUE	down	-1	TRUE	TRUE
TFAM	-0.333560465049969	0.148172625552613	-2.25116119665118	0.0243753295813073	0.0968215245127068	-0.598937677463552	-0.560978852131173	-0.54321768087721	-3.93754980715567	TRUE	down	-1	TRUE	FALSE
TFCP2	0.367014043089012	0.0738643057020442	4.96876048046107	6.73822397709033e-07	0.406648837350065	0.377086538844974	0.3125940805517	0.375193961661297	5.96493439233315	TRUE	up	1	TRUE	TRUE
TFG	-0.512928777137446	0.110428589294394	-4.64489115015332	3.40255805766477e-06	-0.511092461511156	-0.539496985722856	-0.496204717794802	-0.349300499204429	-3.0287662020737	TRUE	down	-1	TRUE	TRUE
TGFBR2	1.00912675164318	0.136460218299605	7.39502518915508	1.41381470170164e-13	0.967809114659146	0.975962964891313	1.07560367421962	0.876668514350101	7.09891119665945	TRUE	up	1	TRUE	TRUE
TGS1	0.19867025606813	0.123793891369281	1.60484700715554	0.108527478134675	0.0655088975409721	0.50999308643016	0.0639813814540448	0.357174926928766	4.42687590960551	TRUE	up	1	TRUE	TRUE
THADA	0.360612701689738	0.0834871494553356	4.31937973738893	1.56468346781509e-05	0.555127210958904	0.480596217497226	0.148224769722246	0.293470966314739	4.36521852317081	TRUE	up	1	TRUE	TRUE
THOC7	-0.448485280519247	0.108487519173323	-4.13398042407748	3.56533856664953e-05	-0.42439188704326	-0.316552296974107	-0.650341245375035	-0.543164782143837	-5.91696831159297	TRUE	down	-1	TRUE	TRUE
TIMM17A	-0.385621056141567	0.0974273145133622	-3.95803844196772	7.55677977292072e-05	-0.439899113280105	-0.206090674645523	-0.73094602545561	-0.288749002290441	-3.90563524216125	TRUE	down	-1	TRUE	TRUE
TJP1	-0.280872889768804	0.0781265791083337	-3.59510032276383	0.000324266595616686	-0.289880025521856	-0.316136348846207	-0.241295869650324	-0.366510104331203	-4.93542925115235	TRUE	down	-1	TRUE	TRUE
TLDC2	-0.256468334775576	0.126657874058534	-2.0248905698279	0.0428786021462787	-0.512402227499246	0.0512295959595688	-0.120261240695358	-0.378629434379748	-3.37942232255683	TRUE	down	-1	TRUE	FALSE
TM9SF2	-0.568783808552155	0.128372733697321	-4.43072132352685	9.39183978113742e-06	-0.620690625017957	-0.738247346828166	-0.38922028522068	-0.497914219514462	-4.95750549223254	TRUE	down	-1	TRUE	TRUE
TMA7	-0.284820105130381	0.0817997493541735	-3.48191904472931	0.000497834173622317	-0.364182700869223	-0.112041979026285	-0.460352778286919	-0.415132773888759	-4.31909690117783	TRUE	down	-1	TRUE	TRUE
TMBIM4	-0.346125181361556	0.143067787209136	-2.41930897313447	0.01555002578836	-0.550094053943929	-0.502413020538264	-0.0543495028361842	-0.676484703632317	-5.95912853611443	TRUE	down	-1	TRUE	TRUE
TMBIM6	-0.333909335994031	0.0918122435491305	-3.63687154442914	0.000275969468548003	-0.851407872079842	-0.472149802462348	-0.170042996484669	-0.341718168154358	-4.06002324086616	TRUE	down	-1	TRUE	TRUE
TMC5	0.373821252857645	0.0900956704741908	4.149158898426	3.33699124860504e-05	0.598186935458791	0.207055921511247	0.479630666637048	0.480044934126831	5.55012578573807	TRUE	up	1	TRUE	TRUE
TMC7	0.903698731241037	0.165325674127647	5.46617297046857	4.59855626398832e-08	0.764497713564652	1.21592843590869	0.812507792434315	0.763760627520156	7.14787923070745	TRUE	up	1	TRUE	TRUE
TMCC1	0.348471735245758	0.0791672215188375	4.40171738454709	1.07397391024767e-05	0.503151282335168	0.266913329845961	0.339128517932143	0.253518369643366	3.44807076312104	TRUE	up	1	TRUE	TRUE
TMCO4	0.374011655658719	0.0946699807683583	3.9506890423255	7.7926517952198e-05	0.472963212288822	0.194540254040999	0.471133083025796	0.427566619145449	5.68314463979558	TRUE	up	1	TRUE	TRUE
TMED10	-0.303820089124178	0.109414685786511	-2.77677614243657	0.00549009767430187	-0.434094225010329	-0.31643187241696	-0.134379693385918	-0.383138904056154	-3.55041610722126	TRUE	down	-1	TRUE	TRUE
TMED2	-0.781382664857255	0.144477893961069	-5.40831987118948	6.36187272630913e-08	-0.798219000818628	-0.906479488090076	-0.634302754648563	-0.658433917966352	-4.92004229176413	TRUE	down	-1	TRUE	TRUE
TMED4	-0.258134358502608	0.0703493961953471	-3.66931874988405	0.00024319769339377	-0.340808226324804	-0.105394290984524	-0.21657531465767	-0.267812689015381	-4.15245275390791	TRUE	down	-1	TRUE	TRUE
TMED5	-0.518727324608892	0.129037994958577	-4.01995803465026	5.82085090963367e-05	-0.495489328080888	-0.534905644217545	-0.529910760635089	-0.41257678640879	-4.54944359327355	TRUE	down	-1	TRUE	TRUE
TMED7	-1.10014069541276	0.20268796371912	-5.4277554287205	5.70671638721302e-08	-1.08187856178725	-1.34353942869133	-0.893758765601579	-1.06883073001229	-7.28610196143938	TRUE	down	-1	TRUE	TRUE
TMEM104	0.524149766610199	0.116358435753406	4.50461338033977	6.6493889106364e-06	0.500672259369233	0.567288484002026	0.500804518582574	0.382325195198552	3.77947955150209	TRUE	up	1	TRUE	TRUE
TMEM120B	0.82977636121397	0.141290082893598	5.8728563549563	4.28349618034134e-09	0.794393929863355	0.910293188550318	0.650526000664178	0.617587154136447	5.98676909974283	TRUE	up	1	TRUE	TRUE
TMEM131	-0.37153298278106	0.0761515464200212	-4.87886326998318	1.06698996854819e-06	-0.319257029929744	-0.506838954286516	-0.137077303557914	-0.287103069772991	-4.61247610245855	TRUE	down	-1	TRUE	TRUE
TMEM143	0.288807419079988	0.127998211217321	2.2563394936015	0.0240493778186141	0.127797765475354	0.483151132800237	-0.0159481847031855	0.398146486539381	3.61362676757368	TRUE	up	1	TRUE	FALSE
TMEM14A	-0.627685813289201	0.152389218781306	-4.11896470307388	3.80578431650388e-05	-0.634516561412593	-0.626537950994236	-0.61628569624889	-0.443279635567563	-3.71173187688051	TRUE	down	-1	TRUE	TRUE
TMEM14B	-0.126438202799838	0.111090658558006	-1.13815332847108	0.255056463208662	-0.132779430122097	-0.0446368323891704	-0.29873889936567	-0.640058365505814	-6.44432800701941	TRUE	down	-1	TRUE	TRUE
TMEM14C	-0.426844693189517	0.105867303045236	-4.03188407479437	5.53314801714897e-05	-0.446288330665357	-0.259684102592591	-0.565502457897936	-0.561901226493769	-5.5646447631368	TRUE	down	-1	TRUE	TRUE
TMEM164	-0.178505388536613	0.0894413542744203	-1.99578136964396	0.0459577255507311	-0.584998637639219	-0.0707799160912384	-0.145536999934532	-0.25340794908997	-4.19667307882505	TRUE	down	-1	TRUE	TRUE
TMEM167A	-0.618679723145522	0.13424331921343	-4.60864441352124	4.05302814619244e-06	-0.583944292287782	-0.658623067152294	-0.689026855751951	-0.345179885169856	-3.00116591342932	TRUE	down	-1	TRUE	TRUE
TMEM170A	-0.590060024286913	0.110606512029947	-5.33476748753413	9.56670646933237e-08	-0.803811539706304	-0.49508171920317	-0.480410157653346	-0.467937937710374	-5.18671533818766	TRUE	down	-1	TRUE	TRUE
TMEM171	-0.721149454934312	0.163162715601742	-4.41981767877987	9.87842073733365e-06	-1.41500892547115	-0.682515271272439	-0.62798731339386	-0.838956520764345	-7.56735383437908	TRUE	down	-1	TRUE	TRUE
TMEM183A	-0.455974238300432	0.0844525799552616	-5.39917476223915	6.69481340212865e-08	-0.540492923545113	-0.500732187711234	-0.394972357780769	-0.517455486044109	-6.08850294637684	TRUE	down	-1	TRUE	TRUE
TMEM184B	0.424905513249437	0.094253521966359	4.50811284697769	6.54067873860366e-06	0.718824026485662	0.343934850807005	0.266862236885205	0.399871591184153	5.15640891949014	TRUE	up	1	TRUE	TRUE
TMEM220	-0.585698219552366	0.147266495471492	-3.97713151030844	6.97515931574699e-05	-0.653144606425177	-0.657560869257971	-0.367039241995195	-0.363967490143488	-4.32625511365832	TRUE	down	-1	TRUE	TRUE
TMEM230	-0.408655993654445	0.135971648764592	-3.00545001378892	0.00265188179899572	-0.306362740196321	-0.34384705301724	-0.61693828648601	-0.591547201266225	-6.56574718297166	TRUE	down	-1	TRUE	TRUE
TMEM236	-0.886874245800564	0.154835931804393	-5.72783226390221	1.01722069307326e-08	-0.840387024116206	-1.04633133037242	-0.602600297702543	-0.554491531739986	-5.94489747834751	TRUE	down	-1	TRUE	TRUE
PGAP4	-0.290270803527483	0.120266655145588	-2.41356012750249	0.0157975211143877	-0.4014922115268	-0.347676348492305	-0.0367295549007798	-0.550600188339975	-5.54324980094235	TRUE	down	-1	TRUE	TRUE
TMEM267	0.267589889016746	0.112736693453997	2.37358291092632	0.0176164374742039	0.342812656935319	0.271936922242042	0.166783658540003	0.287970827192879	2.76551558232402	TRUE	up	1	TRUE	TRUE
TMEM30B	-1.0444778471731	0.166156677358727	-6.28610215235653	3.25535783492997e-10	-1.29496202429984	-0.953132211300373	-0.636321607903259	-1.09697300634616	-5.38152134155911	TRUE	down	-1	TRUE	TRUE
TMEM33	-0.651058994319227	0.123324037684314	-5.27925460878774	1.29710463108292e-07	-0.680305976355664	-0.54190635286821	-0.808157060207484	-0.547156781405763	-4.4978751466658	TRUE	down	-1	TRUE	TRUE
TMEM39B	0.410390677415887	0.13119299054945	3.12814484750387	0.00175913465008729	0.386643005632587	0.410546431315797	0.479540454464059	0.311488451053346	3.0270835549815	TRUE	up	1	TRUE	TRUE
TMEM50A	-0.512331299986975	0.121953192393649	-4.20104869689048	2.65681430902091e-05	-0.492506494792677	-0.667616752969264	-0.406019707309027	-0.422696909848032	-4.27186288235667	TRUE	down	-1	TRUE	TRUE
TMEM59	-0.376665854082877	0.154404046238144	-2.43948175750477	0.014708345272626	-0.703977620039963	-0.465867282468902	-0.236231218594275	-0.677038644342163	-6.50426271891269	TRUE	down	-1	TRUE	TRUE
TMEM63A	0.942825645321293	0.109540306705899	8.60711160735249	7.49244912258099e-18	1.22489149377151	1.14077453210454	0.431497529550552	0.613484153491427	6.31747205800149	TRUE	up	1	TRUE	TRUE
TMEM98	-0.445135756291308	0.136023936335307	-3.27248106681771	0.00106608012452755	-0.468794893424805	-0.37401247663747	-0.469974630335908	-0.879717404288529	-10.0814452900187	TRUE	down	-1	TRUE	TRUE
TMEM9B	-0.618406635253833	0.142229378023052	-4.3479528902503	1.37414109918813e-05	-0.748418191394726	-0.76371807414834	-0.19766252656747	-0.712108593152716	-4.677737689514	TRUE	down	-1	TRUE	TRUE
TMSB10	-0.236926521799052	0.137033624800779	-1.7289663186207	0.0838151233630279	-0.147327537650119	-0.122376483221903	-0.458998667688475	-0.381912190731755	-4.80606423819649	TRUE	down	-1	TRUE	TRUE
TMTC2	0.324644624812161	0.0930757614372027	3.48796098790119	0.000486719089711203	0.878320704070212	0.10538239920427	0.523480731952143	0.406393283236379	5.4269172579095	TRUE	up	1	TRUE	TRUE
TMX1	-0.844229967812672	0.14961252173281	-5.64277613955579	1.67329854338586e-08	-0.837170194956258	-0.8341223477071	-0.881712898485266	-0.420278349406917	-3.06628179165758	TRUE	down	-1	TRUE	TRUE
TNFAIP8	0.650552291977119	0.160735938998862	4.0473356240618	5.18039367523588e-05	0.669915643930912	0.807424896534687	0.50777607980107	0.423943593276649	3.53707101284731	TRUE	up	1	TRUE	TRUE
TNFRSF10A	0.476000512448682	0.163228369041972	2.91616289032628	0.00354365438932621	0.399836487379199	0.915641140715538	0.424028867042421	0.57704294780156	5.41210606384221	TRUE	up	1	TRUE	TRUE
TNFRSF10D	0.473323646600555	0.147764128670212	3.20323782815344	0.00135891707101072	0.313552436329655	0.609875115571836	0.535433765241427	0.487795766976911	4.86953163087844	TRUE	up	1	TRUE	TRUE
TNRC18	0.586455925556229	0.111790323010264	5.24603480662974	1.55407554731624e-07	0.690914658380586	0.563722855983923	0.509326145142802	0.37701406061505	3.73685237792256	TRUE	up	1	TRUE	TRUE
TOB1	-0.810856064921507	0.135134201466931	-6.00037633788759	1.96860727963644e-09	-1.02066538442086	-1.08445908374116	-0.521207312731488	-0.611199627104392	-4.04239307645924	TRUE	down	-1	TRUE	TRUE
TP53I13	0.284157971405916	0.143599104021308	1.97882830357876	0.0478353406655514	0.293602363739883	0.309338161288397	0.228096669625665	0.473523931590884	3.83937392574328	TRUE	up	1	TRUE	TRUE
TPK1	0.478293071405875	0.115192916405689	4.15210488917055	3.29431200951553e-05	0.451383453565248	0.615937529033237	0.371709680592499	0.39403229938242	5.07301451750952	TRUE	up	1	TRUE	TRUE
TPM3	-0.356716411538939	0.0890450536836816	-4.00602163491436	6.17499955824681e-05	-0.598692728082809	-0.448164417675854	-0.212708399866665	-0.393653160463626	-5.66203975487536	TRUE	down	-1	TRUE	TRUE
TPP1	-0.285074742264664	0.106966732727059	-2.66507852485382	0.00769703475975087	-0.28259187750966	-0.63356357447686	-0.0582907734361706	-0.464072262907353	-4.9035082978089	TRUE	down	-1	TRUE	TRUE
TPST1	0.195812454905881	0.162601705260135	1.20424601078208	0.228494507172044	0.00529969306643125	0.451999707184201	0.0266415519007718	0.268718731134812	2.92998801623633	TRUE	up	1	TRUE	TRUE
TPT1	-0.38990439937831	0.0989628380085563	-3.93990721390386	8.15131297871174e-05	-0.613100616528737	-0.364356830756707	-0.308098754473278	-0.761674707244444	-8.56017338925551	TRUE	down	-1	TRUE	TRUE
TRA2B	-0.21034572680427	0.100731821392114	-2.08817555264355	0.0367820017476409	-0.328985826709483	-0.136670737495839	-0.21536543010242	-0.457145523267577	-4.41067341306805	TRUE	down	-1	TRUE	TRUE
TRABD2A	-0.316360039551104	0.0989318461765766	-3.19775736304824	0.00138500761722738	0.018002060490833	-0.0811970161457278	-0.403764534034175	-0.424708631019323	-5.87997462974664	TRUE	down	-1	TRUE	FALSE
TRAF2	0.292053065256196	0.13583252092158	2.15009677560801	0.0315475606198685	0.0841097817727682	0.302876855377978	0.494047872821353	0.386046315366836	3.86844365030945	TRUE	up	1	TRUE	TRUE
TRAF5	0.410449002488329	0.128833994844686	3.1858749934995	0.00144316939903736	0.687603997032664	0.757311397043938	0.261542641303014	0.538332875740085	4.84135565036013	TRUE	up	1	TRUE	TRUE
TRAK2	-0.596491258763171	0.13339508544966	-4.47161345376754	7.76316559473965e-06	-0.391926306227384	-0.677892177843632	-0.704294379251617	-0.499309384050344	-5.86815317230841	TRUE	down	-1	TRUE	TRUE
TRAM1	-0.494027552120688	0.145376129246627	-3.39827146781837	0.000678130932377818	-0.527607862584826	-0.449874012063686	-0.553095655635888	-0.417070372703366	-3.19295399719581	TRUE	down	-1	TRUE	TRUE
TRAP1	0.681914451818198	0.172681345644634	3.94897578121455	7.8486291088171e-05	0.931897560252541	0.642230277950122	0.467441706011291	0.62206037567771	4.81986447757058	TRUE	up	1	TRUE	TRUE
TRAPPC1	0.0142495364383926	0.135999257016153	0.104776575630116	0.916553097661451	-0.0644732291876623	-0.0209266828071171	0.104772367967229	-0.290152764329222	-2.62668826741918	TRUE	down	-1	FALSE	FALSE
TRAPPC12	0.255535627797692	0.0697587264825316	3.66313493211033	0.000249147209964672	0.255290220044705	0.378408230485605	0.159440799866881	0.33810353492688	4.89053457041092	TRUE	up	1	TRUE	TRUE
TRAPPC2	-0.309899992822101	0.114753163692306	-2.70057907643447	0.00692188800129447	-0.302950198030325	-0.650801864582036	-0.1429558618717	-0.25633382522171	-2.81237333333744	TRUE	down	-1	TRUE	TRUE
TRIM13	-0.261356618995731	0.13473139602411	-1.93983456498115	0.0523997984812511	-0.465136914597963	-0.0592048521417298	-0.336136115214932	-0.581057691099297	-6.16591695131926	TRUE	down	-1	TRUE	TRUE
TRIM16	0.321549406137312	0.0976547837996414	3.29271535531773	0.000992248748619289	0.383557449238051	0.269077463289104	0.352824516919897	0.312143121863716	4.10770182264022	TRUE	up	1	TRUE	TRUE
TRIM2	0.244482423074093	0.100869630443958	2.42374659248827	0.0153613202943924	0.561639429289063	0.149077516398077	0.182161433708955	0.263582851081445	3.42344952069614	TRUE	up	1	TRUE	TRUE
TRIM65	0.467609062528538	0.124610809223425	3.75255618226604	0.000175040586715872	0.697308402822795	0.530101955724434	-0.0414974215847222	0.388234126453467	4.38356187454209	TRUE	up	1	TRUE	FALSE
TRIM66	0.144046812546367	0.142218156759681	1.01285810355267	0.311127942718241	0.114300562205494	0.249016617333313	0.215486682733	0.406329940400271	4.00665229360858	TRUE	up	1	TRUE	TRUE
TRIP6	0.668646665432778	0.192768162356623	3.4686571540573	0.000523066500274749	0.794149477350751	1.39543463808295	0.155911857144946	0.841155733859609	6.44540747248953	TRUE	up	1	TRUE	TRUE
TRNAU1AP	0.264570541548359	0.113023514282356	2.3408451173037	0.0192401469449575	0.417352003106511	0.113931149253405	0.26352093180418	0.327667467623034	3.68246083466609	TRUE	up	1	TRUE	TRUE
TSC2	0.49234398059229	0.136425167930359	3.60889407769407	0.000307505124149495	0.568307825315704	0.436784762432864	0.426418256748292	0.283992187286018	2.85905938017522	TRUE	up	1	TRUE	TRUE
TSEN2	0.332124807078846	0.138673422131586	2.39501414166945	0.0166197242535544	0.125023976201763	0.595963300855031	0.447589820263437	0.496782015033171	4.72507608668786	TRUE	up	1	TRUE	TRUE
TSEN34	-0.168578957129142	0.114262055713645	-1.47537129518851	0.140112748260038	-0.128062036135169	-0.242067949326274	-0.18460635824407	-0.3130558086493	-3.54331706833786	TRUE	down	-1	TRUE	TRUE
TSG101	-0.307598931549492	0.088053918746142	-3.49330201233059	0.000477086611256941	-0.416379484542609	-0.422936111589098	0.040611443259076	-0.174764993618949	-2.58628414427405	TRUE	down	-1	TRUE	FALSE
TSPAN13	-0.551033631811642	0.176469277578341	-3.12254710493172	0.00179293411740233	-0.49536016458286	-0.939147487120044	-0.295482542328005	-0.904188918443076	-5.66068777054916	TRUE	down	-1	TRUE	TRUE
TSPAN3	-0.460434041341232	0.10760939032323	-4.27875336862525	1.87942969675983e-05	-0.836747682514833	-0.926532062173087	-0.286056909019247	-0.799654948565316	-6.52462015879954	TRUE	down	-1	TRUE	TRUE
TSPAN5	1.12780973957612	0.1996678825222	5.64842840686067	1.61921257802529e-08	1.32353248637796	0.985822586977054	1.14422541879221	0.71255011022974	4.51490311732004	TRUE	up	1	TRUE	TRUE
TSPAN7	-0.908766931509374	0.221962683121885	-4.09423295270921	4.23568287446193e-05	-1.10466823426347	-1.09498715245741	-0.575307692100933	-1.24667900152209	-8.37747607478573	TRUE	down	-1	TRUE	TRUE
TSPYL1	-0.499648588885299	0.127189093020436	-3.92839179067831	8.5515813440742e-05	-0.566991994731129	-0.594373622300114	-0.374594419301672	-0.648706991908128	-5.23294806634518	TRUE	down	-1	TRUE	TRUE
TST	-0.789780501795419	0.107951253304417	-7.3160845994838	2.55310739672774e-13	-1.08190181678164	-0.884912797636477	-0.568020360116286	-0.591350357880671	-6.02256794026588	TRUE	down	-1	TRUE	TRUE
TTC22	-0.68038814921519	0.141947734161542	-4.79323008031168	1.64117221113241e-06	-0.606645303159467	-0.764836204872323	-0.563683267584906	-0.5277080150251	-5.32808079356952	TRUE	down	-1	TRUE	TRUE
TTC3	0.302576558792042	0.109450015324947	2.76451819484649	0.00570069278180321	0.397134076497693	0.292282454340858	0.275398101769887	0.238987444636374	2.85067494196741	TRUE	up	1	TRUE	TRUE
TTC39C	0.332822491978159	0.142396785672988	2.33728935948373	0.01942414344201	0.670751313024314	0.319453907514754	0.2056987905491	0.349306314460751	3.86500444066752	TRUE	up	1	TRUE	TRUE
TTC7A	0.364648234515343	0.157505935226793	2.31513964213657	0.0206052911534194	0.21353711974746	0.329260257578283	0.728343131004946	0.323220784980074	3.00871008819243	TRUE	up	1	TRUE	TRUE
TTF1	0.407342830645154	0.11793278069324	3.45402549020455	0.000552285171738381	0.329601879966982	0.566697791731576	0.474006447383528	0.29950612345432	3.18957789051576	TRUE	up	1	TRUE	TRUE
TTLL3	0.588232100273356	0.12535549378697	4.69251153262577	2.69871316658767e-06	0.823841308185216	0.368820438071164	0.623354803942076	0.645856641764978	5.95057894867777	TRUE	up	1	TRUE	TRUE
TTLL5	0.171342177054203	0.0737003660110783	2.32484838716334	0.0200800686166145	0.215906647364477	0.0919582655726731	0.1038888361885	0.260553988285389	3.26857255175309	TRUE	up	1	TRUE	TRUE
TTYH3	1.07601095285506	0.145552413808474	7.39260122659959	1.43983806542741e-13	1.02892232823437	1.3007084871025	0.749974768965271	1.00959337474279	7.94711281881916	TRUE	up	1	TRUE	TRUE
TULP3	0.538224381974814	0.0998257454180513	5.39163899774385	6.98179224352781e-08	0.700425759397341	0.538598793865812	0.348433605701758	0.300116013588218	3.04441416779167	TRUE	up	1	TRUE	TRUE
TUSC1	-0.326693878409916	0.142195351392846	-2.29750041200259	0.0215902395905027	-0.266018566487764	-0.38040925791277	-0.359540210847149	-0.872123571814778	-7.25072125612798	TRUE	down	-1	TRUE	TRUE
TUSC2	-0.213477282621895	0.102616318525142	-2.08034439054243	0.0374939559397711	-0.145646096130204	-0.404235781532334	-0.283953191453133	-0.382849713210744	-3.79207246720046	TRUE	down	-1	TRUE	TRUE
TXN	-0.257610997256189	0.100248292153249	-2.56972953576487	0.0101777941408417	-0.535532732301167	-0.0863229184369835	-0.538841358054574	-0.725350925357697	-6.40488292460611	TRUE	down	-1	TRUE	TRUE
TXNIP	-0.38231109336625	0.106723883535159	-3.58224495494771	0.000340654139336419	-0.640814614338026	-0.548927154076238	-0.123009071333687	-0.628127434300142	-6.13215254228335	TRUE	down	-1	TRUE	TRUE
TXNL1	-0.19942864637809	0.103447575581791	-1.92782329848234	0.0538771087255969	-0.187543880027518	-0.231613793861872	-0.148307316450115	-0.328361116330045	-3.99931088404534	TRUE	down	-1	TRUE	TRUE
TYK2	0.218058968688537	0.0888552821648885	2.45409122987067	0.0141241143551177	0.126580862923224	0.395202303111239	0.174097793854719	0.252821086794493	2.8240882250927	TRUE	up	1	TRUE	TRUE
TYW1	0.396454373012729	0.0935053074321114	4.23991304772267	2.23606386034372e-05	0.49969964387126	0.331284588111113	0.347198590776901	0.346407452928821	5.19062341212352	TRUE	up	1	TRUE	TRUE
TYW1B	0.389106024126695	0.107044004360647	3.6350099797812	0.000277969875069658	0.419454096576871	0.416596889494916	0.307466349840909	0.287052940595144	3.25404720089193	TRUE	up	1	TRUE	TRUE
ENSG00000275895	-0.0947179880955235	0.0592496233896585	-1.59862599417055	0.109903730346118	-0.13020760399894	-0.0390065253492366	-0.111954232555772	-0.149683296227484	-2.79979219972211	TRUE	down	-1	TRUE	TRUE
UAP1	-0.524838675335039	0.12305608230543	-4.26503644112748	1.99869577524061e-05	-0.445608416532183	-0.841085076364445	-0.296395660576812	-0.670182755687808	-5.55181225320123	TRUE	down	-1	TRUE	TRUE
UBALD1	0.62243992470263	0.142867381071367	4.35676723430453	1.31997509182374e-05	0.640144637319872	0.614378401280638	0.518957092639926	0.440393643580409	4.26431945115609	TRUE	up	1	TRUE	TRUE
UBAP2	0.483221650282598	0.0690142806920703	7.0017631921522	2.52761054342059e-12	0.612604934339004	0.600854043425769	0.281721137756317	0.252323286037002	4.23764089759592	TRUE	up	1	TRUE	TRUE
UBB	-0.279773849967522	0.240144827206767	-1.16502134658364	0.244010352208939	-0.235747417192136	-0.270723438880679	-0.343544290080622	-0.504928551126481	-3.7240443205108	TRUE	down	-1	TRUE	TRUE
UBE2A	-0.522165224375345	0.13603372472784	-3.83849832400039	0.000123789059371138	-1.09394387532371	-0.633726713686547	-0.18183865807096	-0.629339278133959	-4.88887032410083	TRUE	down	-1	TRUE	TRUE
UBE2B	-0.195046321252732	0.0768513822398936	-2.53796764050242	0.0111498293474062	-0.193664400169568	-0.274202110624193	-0.134683207061037	-0.176239603312551	-2.60697957843867	TRUE	down	-1	TRUE	TRUE
UBE2D1	-0.441475289170779	0.167800295616539	-2.63095656386474	0.00851449174720804	-0.451071281851262	-0.507722380034633	-0.384170487218637	-0.496572859403608	-3.63460637136536	TRUE	down	-1	TRUE	TRUE
UBE2E3	-0.562360666146517	0.13224543553853	-4.25240133133119	2.11490407348059e-05	-0.611556203887965	-0.419102438471348	-0.531320126178432	-0.554863525593012	-4.75274038672094	TRUE	down	-1	TRUE	TRUE
UBE2H	0.182838109633541	0.0727781462321638	2.51226665007768	0.0119958409837967	0.360960375701766	0.0718593201858507	0.244864590167751	0.21815365170535	4.17662250985993	TRUE	up	1	TRUE	TRUE
UBE2N	-0.672414989220773	0.125436780368291	-5.36058871446253	8.29511782879999e-08	-0.794136153508344	-0.42078492656838	-0.629111714647962	-0.435091204333591	-4.29647012868285	TRUE	down	-1	TRUE	TRUE
UBE2O	0.391504906492059	0.0891349282059357	4.39227264072658	1.12171908740986e-05	0.66542175719763	0.434387015255129	-0.0408876145792258	0.268279614111915	3.39304979939448	TRUE	up	1	TRUE	FALSE
UBE4B	0.172184365469582	0.092015357670406	1.87125681874038	0.0613094926647714	0.280752406855319	0.121824113906792	0.0762676290111045	0.27466403326355	4.27320355594674	TRUE	up	1	TRUE	TRUE
UBQLN1	-0.383114169193865	0.104642384619245	-3.6611758283976	0.000251060380775223	-0.449233144575097	-0.321209288414428	-0.400790122436353	-0.391746999610086	-3.9348012623313	TRUE	down	-1	TRUE	TRUE
UBR1	0.16576848264547	0.0929831805924031	1.78277922511734	0.0746222488474403	0.437393843792979	0.118267909685512	0.0385504955573688	0.269464078020031	3.53746710711388	TRUE	up	1	TRUE	TRUE
UBXN7	0.0917655441316832	0.0931640715736953	0.984988553866435	0.324629693336578	0.178717126447182	-0.0067214684051461	0.0255386623033145	0.237199314209617	2.85670127855628	TRUE	up	1	TRUE	FALSE
UCHL3	-0.276177469962768	0.122511063204872	-2.25430636824141	0.0241769009874124	-0.317534687158631	-0.211310644362341	-0.294218258005423	-0.520241299660694	-3.73267769091384	TRUE	down	-1	TRUE	TRUE
UFL1	-0.397726773824692	0.181141745163393	-2.19566601539549	0.0281158573415883	-0.559687123595729	-0.232366911400359	-0.457218815644509	-0.392857899314076	-2.82277720712964	TRUE	down	-1	TRUE	TRUE
UFM1	-0.518965704663509	0.155409043908971	-3.33935330666783	0.000839736887760532	-0.497474418382917	-0.6158171922326	-0.397016598103161	-0.404349366188895	-3.02133370592151	TRUE	down	-1	TRUE	TRUE
UGDH	-0.712697143145012	0.0980721236915537	-7.26707158281301	3.67364160255932e-13	-1.14525424243356	-0.529519216793555	-0.518847844346263	-0.540139078392651	-6.41986361002423	TRUE	down	-1	TRUE	TRUE
UGP2	-0.585501616105229	0.119318275681237	-4.90705730335408	9.24530279054039e-07	-0.724318939890827	-0.715754682160641	-0.405828544307846	-0.59943113569197	-5.89684355203953	TRUE	down	-1	TRUE	TRUE
ULK1	0.143538280183408	0.105965754547313	1.35457234081526	0.175553850774622	0.176377679353608	0.110627278427655	0.0048701553747978	0.333504183334862	3.33698483469001	TRUE	up	1	TRUE	TRUE
UNC45A	0.18389931602511	0.135001965415566	1.36219732400952	0.173135620123464	0.160410334572926	0.256229545514692	0.149570121303537	0.293069799833449	3.19857300485997	TRUE	up	1	TRUE	TRUE
UNC50	-0.482062479896646	0.155513231925062	-3.09981648461231	0.00193640579068665	-0.383091382254035	-0.659307989089521	-0.793745202040201	-0.547152285522138	-3.94285783033623	TRUE	down	-1	TRUE	TRUE
UNG	-0.337914241311361	0.142847144702244	-2.36556524819394	0.0180025707474222	-0.20283273781053	-0.23222735310949	-0.57684088812085	-0.58180843459381	-5.40966790086074	TRUE	down	-1	TRUE	TRUE
UNK	0.481722750247644	0.0906495103435785	5.31412412953832	1.0717154798778e-07	0.62588348363564	0.396787734544021	0.289437957271267	0.398195856404042	5.50183626299923	TRUE	up	1	TRUE	TRUE
UPF3A	0.441556707992668	0.118596690378644	3.72317900763425	0.000196729934011788	0.6457448863072	0.478632634120229	0.102364622753139	0.27027672993402	3.73689478923451	TRUE	up	1	TRUE	TRUE
UQCR10	-0.363794045977036	0.120492306639167	-3.01923048968158	0.00253417653744301	-0.407848500190149	-0.234727005453832	-0.39659474134077	-0.324799912602868	-3.32551486101591	TRUE	down	-1	TRUE	TRUE
UQCRC1	-0.349026846978666	0.0992719956627521	-3.51586411302119	0.000438325264895077	-0.423177237290212	-0.324031983830841	-0.228955661238997	-0.248177978970683	-3.09323875081777	TRUE	down	-1	TRUE	TRUE
UQCRC2	-0.533067542888775	0.100454161510191	-5.3065750076934	1.11704207090968e-07	-0.614494942970688	-0.456924538892227	-0.527002301495267	-0.486660368552099	-5.63554692360346	TRUE	down	-1	TRUE	TRUE
UQCRFS1	-0.231082494703012	0.126828863623889	-1.82200240623686	0.0684546205459904	-0.424213095129196	-0.122830060230836	-0.156892703997342	-0.606547244763869	-6.40267542037026	TRUE	down	-1	TRUE	TRUE
UQCRH	-0.335576758976146	0.0745926576496698	-4.49879075970464	6.834107974553e-06	-0.382081101477429	-0.206261691869906	-0.439594659032098	-0.329992712210017	-4.04136672445056	TRUE	down	-1	TRUE	TRUE
UQCRQ	-0.147827960206542	0.0921672141411848	-1.60391047493412	0.108733787550413	-0.436684052303781	0.0294489843373877	-0.134277033518857	-0.337474161409483	-3.49239439156899	TRUE	down	-1	TRUE	FALSE
URAD	-0.686309363389565	0.234251451134599	-2.92979770270544	0.00339182739007844	-0.554696243327301	-0.840973048560929	-0.579557154557373	-0.851496764348345	-6.83978089661285	TRUE	down	-1	TRUE	TRUE
URGCP	0.0933662587191095	0.0758739474417422	1.2305443682207	0.21849332306956	-0.124988855755218	0.132432369874786	0.309514945628906	0.187117537963142	2.97253470645631	TRUE	up	1	TRUE	FALSE
URM1	0.264467076973806	0.102766402000504	2.57347802224806	0.0100682041146405	0.372293200868988	0.242065512036962	0.0917472506850018	0.295110076145638	3.72868788706207	TRUE	up	1	TRUE	TRUE
ATP5MK	-0.410321670019724	0.0989586372179947	-4.14639572204124	3.37749893897333e-05	-0.466753483139437	-0.401353094372405	-0.316730014231594	-0.532242325349085	-5.5596057010418	TRUE	down	-1	TRUE	TRUE
USP22	-0.0344338076486004	0.0771808610617267	-0.446144383140029	0.655492954525882	0.00793678973129069	-0.0373988635283733	-0.108796805605518	-0.206606358083079	-3.21245980082607	TRUE	down	-1	TRUE	FALSE
USP32	0.228830669716506	0.102605262556512	2.23020402672303	0.0257339010644524	0.314280697152663	0.272203263450012	0.0453749345538329	0.263130955922584	2.90979661846412	TRUE	up	1	TRUE	TRUE
USP36	0.551130649693768	0.100338574329484	5.49270959226516	3.95813372047289e-08	0.572977560632613	0.612069211891868	0.468718399697701	0.370992048378541	4.13676192949615	TRUE	up	1	TRUE	TRUE
USP38	-0.677884252701251	0.153502595970214	-4.41610937207074	1.00493251345891e-05	-0.754025561763154	-0.567689048793595	-0.685292821645794	-0.667755274985289	-4.34096574052646	TRUE	down	-1	TRUE	TRUE
USP40	0.404213486608234	0.0812511954137118	4.97486202572251	6.52941296735056e-07	0.465016473460388	0.25251322371493	0.473077635348028	0.289953929885663	5.22722780091697	TRUE	up	1	TRUE	TRUE
USP6NL	0.112631528153899	0.0687573174412598	1.63810242088228	0.101400330079133	0.0933554756243169	0.108453197175355	0.218678542709155	0.209413058302204	3.62643623926908	TRUE	up	1	TRUE	TRUE
VAC14	0.618772975436255	0.106059251398998	5.83421971468017	5.40428695849137e-09	0.664436299553088	0.35920627053779	0.678090975811164	0.322331769386602	3.5284620958719	TRUE	up	1	TRUE	TRUE
VAMP2	-0.342920188812662	0.127990371440149	-2.67926551782076	0.00737838603426538	-0.237079544571426	-0.519417701707408	-0.290323963514248	-0.305520947323377	-4.25596885691228	TRUE	down	-1	TRUE	TRUE
VAMP8	-0.304490754345118	0.0976389423091465	-3.11853802534068	0.00181750687744648	-0.440220220189448	-0.404874903250623	-0.168137657063946	-0.275317428073681	-3.16841340695825	TRUE	down	-1	TRUE	TRUE
VAPA	-0.594476348176644	0.125513736635312	-4.7363449142139	2.17607119525628e-06	-0.912181540547407	-0.687332231239874	-0.313626290891187	-0.360097917439739	-3.81347926748453	TRUE	down	-1	TRUE	TRUE
VAV3	-0.30825597788312	0.101078701067415	-3.04966303116149	0.00229098252406952	-0.244990465906044	-0.385807967395018	-0.246927710926368	-0.312636405732718	-3.77147518784382	TRUE	down	-1	TRUE	TRUE
VDAC2	-0.658780565477089	0.121772087090861	-5.40994723187698	6.30433222256621e-08	-0.912949283957047	-0.674846017107938	-0.30959242734114	-0.609438439452636	-5.53689530037223	TRUE	down	-1	TRUE	TRUE
VDAC3	-0.369380193425497	0.104260900380143	-3.54284484479523	0.000395835516471603	-0.464478652402661	-0.271403474122349	-0.36402121745795	-0.306980260450961	-3.29615194551036	TRUE	down	-1	TRUE	TRUE
VGLL4	0.385540903335123	0.0944984838684945	4.07986337507434	4.50621779259004e-05	0.439629419767775	0.384547346373626	0.28364579740307	0.364519473122393	4.58717521708282	TRUE	up	1	TRUE	TRUE
VIL1	-0.329722497237375	0.0946953609985133	-3.48192872132935	0.000497816184314587	-0.47358217134525	-0.446252020695625	-0.161107473036568	-0.277459853638601	-4.87337133144162	TRUE	down	-1	TRUE	TRUE
SELENOS	-0.298244963554296	0.0964760467472373	-3.09138872922191	0.00199222633886589	-0.55839839728011	-0.480901263062751	-0.145333574337755	-0.361955652708454	-4.57143471982275	TRUE	down	-1	TRUE	TRUE
VOPP1	0.187091154205549	0.0633724143041597	2.95224911753549	0.00315468307882993	0.236315465407575	0.171225040747791	0.151212083866001	0.150148196423102	3.1869896994073	TRUE	up	1	TRUE	TRUE
VPS25	-0.239447691594706	0.109286862880846	-2.19100160149874	0.0284516765588179	-0.373019237438081	-0.345853194338184	-0.0107645114829543	-0.372933274523217	-3.961744215992	TRUE	down	-1	TRUE	TRUE
VPS29	-0.242003473590425	0.0609624110741015	-3.96971624524928	7.19582748088585e-05	-0.326230272086991	-0.338531413604653	-0.127737901496442	-0.301709280829999	-5.79612770721254	TRUE	down	-1	TRUE	TRUE
VPS36	-0.256222920104399	0.102298431661189	-2.50466127333218	0.0122568712652266	-0.36288447644438	-0.241442207844682	-0.14178495293658	-0.193188461481034	-2.88272866105625	TRUE	down	-1	TRUE	TRUE
VPS4B	-0.203812195028287	0.0885972772160784	-2.30043407012625	0.0214236404741127	-0.324915354961589	-0.202236701271638	-0.0592200074345417	-0.216329345118893	-2.71999311007491	TRUE	down	-1	TRUE	TRUE
VPS53	0.329204326548947	0.0756849487712068	4.34966703279567	1.36344397169749e-05	0.23293698679005	0.378424390459632	0.495934248871226	0.264322325960605	4.06416336718498	TRUE	up	1	TRUE	TRUE
VRK2	0.345294617377598	0.0917263781746407	3.76439824888955	0.000166950630716099	0.481661399213418	0.17938414989489	0.29339558582227	0.251554418102872	3.11246928537409	TRUE	up	1	TRUE	TRUE
WASF2	0.14744779021501	0.0704208429654178	2.09380893505376	0.0362770039093782	0.189697295665116	0.092822813002775	0.185014652933029	0.197745987439927	2.99913078511458	TRUE	up	1	TRUE	TRUE
WASL	-0.667661482785154	0.145026972491412	-4.60370558190264	4.15039097333755e-06	-0.710865903284307	-0.709604860164766	-0.51224379925611	-0.599634340785065	-4.95262533666664	TRUE	down	-1	TRUE	TRUE
WDR1	-0.560580778652022	0.0918483597944288	-6.1033292255484	1.03881553684091e-09	-0.7982208043718	-0.669835529313311	-0.333880664774452	-0.535464306645996	-5.98927409846881	TRUE	down	-1	TRUE	TRUE
WDR27	0.63387943402298	0.124819228562896	5.07837968012734	3.80667384325799e-07	0.650480906852621	0.86551159161843	0.430000181742213	0.306847001127692	3.38047057717386	TRUE	up	1	TRUE	TRUE
WDR46	0.342241145650791	0.127598053443319	2.6821815569688	0.00731437515768464	0.424606872324748	0.512263516918138	0.158303552707345	0.353119896760629	3.50710786690533	TRUE	up	1	TRUE	TRUE
WDR73	0.170552773982932	0.102781057826574	1.65937943809366	0.0970393569855562	0.238413632866522	0.18885393854304	0.0687238929790714	0.343830541123839	3.96292897402984	TRUE	up	1	TRUE	TRUE
WRNIP1	-0.401638108102962	0.12398296880671	-3.23946193552694	0.00119755449761891	-0.488706423566873	-0.569486400604262	-0.129708817776765	-0.367496166791399	-3.9005883407057	TRUE	down	-1	TRUE	TRUE
WTAP	-0.437983822168794	0.114302229197478	-3.83180472720349	0.000127206689181347	-0.455335077012663	-0.63237879469681	-0.253355286582989	-0.511327215075336	-5.30993594510544	TRUE	down	-1	TRUE	TRUE
WWC1	0.560719288559312	0.0955691111492377	5.86716023426973	4.4332220949948e-09	0.729587047154284	0.650275745367869	0.369434485949213	0.61139663712721	7.66947615709184	TRUE	up	1	TRUE	TRUE
WWP2	0.233302738400654	0.0739393394925373	3.15532624448452	0.00160318726751218	0.33714463848244	0.129069405715968	0.333319060450424	0.291030865685541	3.98267351478171	TRUE	up	1	TRUE	TRUE
WWTR1	-0.0693741347048169	0.0957448775526573	-0.724572807215329	0.4687141462215	-0.043350586263223	-0.233768349337796	-0.065518684009458	-0.271776815244973	-3.14818021851759	TRUE	down	-1	TRUE	TRUE
XACT	0.685341739886199	0.185857614022789	3.68745581659175	0.000226507407091295	1.08731388472071	0.3963932664789	0.745262740694871	0.78683553962428	6.3459877828277	TRUE	up	1	TRUE	TRUE
XPNPEP3	0.176877717913035	0.0901983642722553	1.96098587086509	0.0498806711250089	0.15645645736459	0.215507639464471	0.205224871762193	0.275559479784421	3.83439081052104	TRUE	up	1	TRUE	TRUE
XPO4	0.106143748784663	0.106363432810325	0.997934590677848	0.318311077269104	0.237420496912766	0.389865649255753	-0.162554172133139	0.22444843122431	2.70148216515403	TRUE	up	1	TRUE	FALSE
XPO5	0.263447624076473	0.0882424454113124	2.98549777092533	0.00283117201450515	0.329492180372992	0.478221093773341	0.176531597481713	0.260715897043465	3.71899061694065	TRUE	up	1	TRUE	TRUE
XPO7	-0.174002748049139	0.122444227697383	-1.42107759035551	0.155294204007565	-0.0638761737630877	-0.378784056031394	-0.158512169645194	-0.25645047625766	-3.10161797646272	TRUE	down	-1	TRUE	TRUE
XRRA1	0.271904076587135	0.157016791437347	1.73168789209165	0.0833291475812158	0.180754571305858	0.406117657328279	0.288926007173537	0.264482240379364	3.03979850758754	TRUE	up	1	TRUE	TRUE
XYLT1	0.413925912867649	0.0963722374805546	4.29507422146517	1.746349006914e-05	0.392675860958858	0.392032850736206	0.461129453059487	0.236253043170539	3.42034009239307	TRUE	up	1	TRUE	TRUE
YAP1	0.334947704980828	0.0817250805200345	4.09846895040644	4.15892014451018e-05	0.47235699001862	0.281685502737179	0.177655842454768	0.199530239661617	3.07841221385803	TRUE	up	1	TRUE	TRUE
YIPF2	0.527863786472584	0.134578635359363	3.92234462077161	8.76914438882329e-05	0.769762168937092	0.371810505637353	0.460996949207885	0.444900337621195	4.21062326713381	TRUE	up	1	TRUE	TRUE
YIPF6	-0.398861022921628	0.130214762499455	-3.06310141235559	0.00219055810160494	-0.443608028327149	-0.514690604989851	-0.118472643315922	-0.443909753205925	-3.93491754629822	TRUE	down	-1	TRUE	TRUE
YME1L1	-0.289475085517301	0.0769472865095367	-3.76199212016949	0.000168565359841798	-0.347199927062151	-0.178503076015023	-0.203825618075904	-0.321166356979548	-4.71787022514811	TRUE	down	-1	TRUE	TRUE
YRDC	-0.229125647565453	0.112368984001131	-2.03904706981374	0.0414453300447391	-0.260662237600248	-0.139053068086954	-0.0877224143852893	-0.330620231180469	-3.38298219861607	TRUE	down	-1	TRUE	TRUE
YWHAB	-0.613817208926276	0.0945695867062077	-6.49064070495704	8.54720969730667e-11	-0.744235203246483	-0.800131486396904	-0.387802463725903	-0.463364711112712	-5.4033645917682	TRUE	down	-1	TRUE	TRUE
YWHAE	-0.426053102771439	0.0899374076332948	-4.73721796061325	2.16672093555946e-06	-0.617487678374729	-0.297727107818157	-0.483006858414732	-0.471461366730378	-5.43755997133906	TRUE	down	-1	TRUE	TRUE
YWHAH	-0.393236542075693	0.106468058954576	-3.69346962776381	0.00022121494227127	-0.830339200852947	-0.373481520076369	-0.261970931194874	-0.622922962385522	-5.8436010978379	TRUE	down	-1	TRUE	TRUE
YWHAQ	-0.535876194670082	0.0957861960169323	-5.59450335177058	2.21254195735281e-08	-0.804806582935808	-0.362989719479548	-0.362009173370152	-0.531881552389646	-5.98066595103708	TRUE	down	-1	TRUE	TRUE
PTGR3	-0.371195331906011	0.108553879896388	-3.41945706832686	0.000627462328894362	-0.371642984065679	-0.373120665080983	-0.369312838644019	-0.274940316300734	-3.00776660450562	TRUE	down	-1	TRUE	TRUE
ZBTB1	0.313622349904001	0.145510856429549	2.1553192497073	0.0311368604570586	0.367423635357606	0.101720021060674	0.520913082728371	0.48420594654181	4.31465190003293	TRUE	up	1	TRUE	TRUE
ZBTB4	0.452284020392151	0.107223414242292	4.21814604196548	2.46319266910955e-05	0.801447566982855	0.431704837178904	0.145330149977308	0.57348134248291	7.75849968860384	TRUE	up	1	TRUE	TRUE
ZC3H15	-0.146012495052336	0.13052640199789	-1.11864337649249	0.263292310551817	-0.266988273857874	0.00692889765185696	-0.270263184535684	-0.361222995447974	-3.70066340944879	TRUE	down	-1	TRUE	FALSE
ZCCHC7	0.255692919244242	0.0861327844360096	2.96858996163305	0.00299169515227799	0.445517350046794	0.131079623860777	0.227067243695132	0.231593931535539	3.32126411845637	TRUE	up	1	TRUE	TRUE
ZDHHC21	-0.544713436571519	0.158995074279081	-3.42597680488763	0.000612592693211036	-0.75461850407463	-0.489828490154355	-0.132741026028981	-0.280709667715663	-2.46095711418143	TRUE	down	-1	TRUE	TRUE
ZDHHC24	0.371644368507384	0.133618811220918	2.78137760029109	0.00541287378103131	0.418964197833743	0.173689357365399	0.131080483840033	0.345123240754729	3.8375799937132	TRUE	up	1	TRUE	TRUE
ZDHHC7	-0.107274525862939	0.0712985834658243	-1.50458144675986	0.132431719199234	-0.0716201018510828	-0.050911235021355	-0.172275000607626	-0.175469873732432	-3.42923667721593	TRUE	down	-1	TRUE	TRUE
ZDHHC8	0.546269053039795	0.116906160488776	4.67271400203278	2.97245541875933e-06	0.537173221287062	0.607001474394845	0.522654866734533	0.560143762188779	4.52460565031269	TRUE	up	1	TRUE	TRUE
ZFAND6	-0.333358800304865	0.102286556838468	-3.25906757064183	0.00111779041530964	-0.346470416454818	-0.383406821131072	-0.233960196406828	-0.254784517378978	-3.20871651988934	TRUE	down	-1	TRUE	TRUE
ZFP36	-0.246688853250834	0.126504942469908	-1.95003332229106	0.0511721475080294	-0.438682987474379	-0.414238494954271	-0.0563299327225643	-0.409538365398574	-3.33123787024567	TRUE	down	-1	TRUE	TRUE
ZFYVE9	0.593971509216009	0.0930411643338062	6.38396470496653	1.7256087916625e-10	0.676419385609286	0.508272469343438	0.435499958374576	0.282256930126983	4.32044242418412	TRUE	up	1	TRUE	TRUE
ZG16	-2.21392579480132	0.419427995265191	-5.27844068539471	1.30287825398896e-07	-1.74912152111242	-3.11783669862801	-0.996947473434365	-2.29293558973254	-8.40329510932471	TRUE	down	-1	TRUE	TRUE
ZHX2	0.783565775552394	0.118265213689637	6.62549663681075	3.46082613899352e-11	1.12410410194374	0.671897098033292	0.758210906593505	0.606903841172351	7.04298767571907	TRUE	up	1	TRUE	TRUE
ZKSCAN1	0.241254244999244	0.0789707403223187	3.05498269377451	0.00225073509261629	0.301780312170557	0.31907732631917	0.120079980649145	0.447043307538611	6.74399488683126	TRUE	up	1	TRUE	TRUE
ZMIZ2	0.50832163344915	0.105233997725482	4.83039364118032	1.36263387418785e-06	0.461944105420493	0.758136393275951	0.378903901067288	0.404219386481184	4.21936958289064	TRUE	up	1	TRUE	TRUE
ZMYM2	0.194783330408425	0.0867218605828576	2.24606955039118	0.0246995533648851	0.288422362454708	0.150744678567519	0.133814133099023	0.327064929883487	4.09617686790831	TRUE	up	1	TRUE	TRUE
ZMYM5	0.368116082456196	0.0983567178592788	3.74266334286254	0.000182080098760298	0.301297630986753	0.401188829567554	0.392344375953189	0.359407833162053	4.70313222247105	TRUE	up	1	TRUE	TRUE
ZNF106	0.249374147179873	0.0760669907559176	3.2783490539288	0.00104416191802346	0.479433925983734	0.106377215549173	0.125504905835978	0.348355549612032	4.52447620257338	TRUE	up	1	TRUE	TRUE
ZNF131	0.293473454583664	0.0805561850375475	3.64309027850407	0.00026938430278495	0.460129827103845	0.349825180665878	-0.0436428306834018	0.209017296785344	2.94168377750557	TRUE	up	1	TRUE	FALSE
ZNF282	0.35565258430475	0.0968879479004443	3.67076186472847	0.000241828569634274	0.522246584370209	0.504212425563401	0.124013328637993	0.376296231490346	4.22655976225758	TRUE	up	1	TRUE	TRUE
ZNF3	0.306407032941562	0.106576963139372	2.87498371051228	0.00404048342897751	0.300503851750731	0.13534525925803	0.473964955534268	0.396918711603194	4.87775098780811	TRUE	up	1	TRUE	TRUE
ZNF316	0.586429611915562	0.116088290995208	5.05158278141738	4.38163962663202e-07	0.615057510359717	0.550684591503728	0.593059623501092	0.513120059560903	4.57238006272016	TRUE	up	1	TRUE	TRUE
ZNF335	0.225483235250129	0.122579459697656	1.83948628755818	0.0658436929567677	0.342252328915698	0.0880528422414468	0.199937776454637	0.324935542614112	3.49365034323451	TRUE	up	1	TRUE	TRUE
ZNF346	0.4402985492565	0.12475978909807	3.52917035560549	0.000416864689590322	0.444850863258323	0.468082716428792	0.41017937375945	0.301044969961169	3.49883282962093	TRUE	up	1	TRUE	TRUE
ZNF398	0.345647568726979	0.100513658427969	3.43881193991838	0.00058427296417921	0.507159319365541	0.234987937243307	0.238047824624068	0.265994123959406	3.23090937928193	TRUE	up	1	TRUE	TRUE
ZNF444	0.603557159270766	0.125606247342592	4.80515238724201	1.54633682449944e-06	0.742708824024458	0.492287703723906	0.521471414210807	0.350177769922815	3.25083763134466	TRUE	up	1	TRUE	TRUE
ZNF506	0.236849714693483	0.124566693449722	1.90138879129099	0.0572511065911605	0.277025897622546	0.215680574139822	0.1333683038429	0.345480179192365	4.37412873001002	TRUE	up	1	TRUE	TRUE
ZNF562	0.434566143984583	0.0917525192317876	4.7362856913691	2.17670686886901e-06	0.458505967655635	0.372116340622537	0.474409629368107	0.306665504260645	4.36376306939356	TRUE	up	1	TRUE	TRUE
ZNF565	0.526113413059461	0.141769911056283	3.71103719498414	0.000206411768750631	0.714072770463099	0.33471795500813	0.418765610559064	0.457844889143885	4.73076285087196	TRUE	up	1	TRUE	TRUE
ZNF611	0.207045365552127	0.120302295352253	1.72104251997756	0.0852431084349365	0.193549297919263	0.0255967717711312	0.499474420006382	0.303003137340427	4.00987577154648	TRUE	up	1	TRUE	TRUE
ZNF664	-0.630421194457819	0.155035231225862	-4.06630924773089	4.77635459283309e-05	-0.784338746271266	-0.513311591862402	-0.503652367257805	-0.67043949661812	-4.30956923387568	TRUE	down	-1	TRUE	TRUE
ZNF69	0.371457306438879	0.0878014125487014	4.23065296623605	2.33013924274017e-05	0.868275721135134	0.42005454608613	0.198015921938341	0.283513987265929	3.49359280478536	TRUE	up	1	TRUE	TRUE
ZNF703	0.37251375593066	0.0935620178592407	3.98146346620151	6.84922498214761e-05	0.449584029224642	0.490783111698137	0.191772907408804	0.496692297903778	6.43157703436741	TRUE	up	1	TRUE	TRUE
ZNF706	-0.307554429992767	0.0917732694055682	-3.35124194642788	0.000804499800661566	-0.469929152717414	-0.607062867476597	-0.18902740437958	-0.335802070553037	-4.15296281677675	TRUE	down	-1	TRUE	TRUE
ZNF710	0.463356816033119	0.124345905054703	3.72635364091222	0.000194269791278559	0.648052414528271	0.337880690919555	0.573564103527951	0.369945037873847	4.19066721277019	TRUE	up	1	TRUE	TRUE
ZNF814	0.394333073293933	0.0924381243862153	4.26591383060059	1.99085614783565e-05	0.701181330988279	0.137509812599804	0.541764106345171	0.324598859933873	3.91745645719182	TRUE	up	1	TRUE	TRUE
ZNF827	0.477594975244076	0.0902055292426954	5.29451996184314	1.1932945446439e-07	0.475664582673457	0.435458087318166	0.523247192345536	0.283926337795556	3.83135679243502	TRUE	up	1	TRUE	TRUE
ZNF846	0.582807253913201	0.116823761158569	4.98877324384493	6.07639198264613e-07	0.773615088831164	0.573436532114983	0.477489357505375	0.443430878921697	4.58306590362349	TRUE	up	1	TRUE	TRUE
ZNFX1	0.32555109071721	0.110737653330316	2.93984097483205	0.00328380736609507	0.235135355027073	-0.255527278035893	0.746503017811951	0.571060400815994	7.10700524579524	TRUE	up	1	TRUE	FALSE
ZNRF3	0.780759729283627	0.121665010057758	6.41729063198186	1.38720942796604e-10	0.883794233581277	1.29085937889852	0.425013582021594	0.750120270654409	7.22973434425144	TRUE	up	1	TRUE	TRUE
ZP3	0.540365629397035	0.152790167215053	3.53665186213501	0.000405233451342016	0.462144880129551	0.667584299541278	0.563326391366483	0.577266153702879	4.71747663517168	TRUE	up	1	TRUE	TRUE
ZRANB2	-0.594126820515252	0.135859762321451	-4.373088914358	1.22500801944757e-05	-0.488499549949747	-0.536973788995634	-0.826893332809619	-0.41433030966267	-3.67781194040688	TRUE	down	-1	TRUE	TRUE
ZRANB3	0.554143874301855	0.110522298566444	5.01386490771103	5.33474485441827e-07	0.595149094870469	0.52755604029889	0.54299976891467	0.348655062495565	4.37431729425172	TRUE	up	1	TRUE	TRUE
ZSWIM5	0.242780148905238	0.0952835412584557	2.54797571226598	0.0108350014251075	0.298854869050968	0.237630880011503	0.183290788435571	0.247657877307246	3.29704726185958	TRUE	up	1	TRUE	TRUE
ZYX	0.995011470507144	0.173026134028037	5.75064267659078	8.89048391697385e-09	0.556951207050216	1.30460240085445	1.03758476934038	1.10946973545776	9.45132937272447	TRUE	up	1	TRUE	TRUE
