gene	module	module_color	module_numeric	strict_state_shared	programme_direction	discovery_common_z	heldout_common_z	heldout_common_fdr	kme_discovery_ABS	abs_kme_discovery_ABS	kme_heldout_ABS	abs_kme_heldout_ABS	kme_discovery_GOB	abs_kme_discovery_GOB	kme_heldout_GOB	abs_kme_heldout_GOB	kme_discovery_TAC	abs_kme_discovery_TAC	kme_heldout_TAC	abs_kme_heldout_TAC	module_size	observed_kme_states_0.70	bootstrap_kme_states_ci_low_gt_0.40	minimum_bootstrap_kme_ci_low	discovery_detection_fraction	heldout_detection_fraction	external_cohorts_measurable	ffpe_measurable	protein_coding	heldout_gene_direction_concordant	kme_gate_pass	detection_gate_pass	heldout_gene_gate_pass	platform_gate_pass	pre_orthogonal_gate_pass	expected_direction	protein_gene_present	n_normal	n_adenoma	normal_detection_fraction	adenoma_detection_fraction	median_log2_normal	median_log2_adenoma	adenoma_minus_normal_log2_median	standardized_mean_difference	auc_adenoma_greater_than_normal	mann_whitney_u	p_value	age_sex_adjusted_log2_effect	age_sex_adjusted_ci_low	age_sex_adjusted_ci_high	age_sex_adjusted_p	q_value_bh_candidates	age_sex_adjusted_q_bh_candidates	protein_group_present	protein_accessions	n_samples	n_detected	detection_fraction	median_log2_intensity_detected	archival_group_kruskal_p	archival_group_kruskal_q_bh_candidates	detected_in_nine_patient_dvp	enriched_in_metachronous_crc_group	enriched_in_metachronous_hda_group	enriched_in_non_metachronous_group	n_informative_sections	median_direction_oriented_difference	direction_concordant_fraction	p_paired_wilcoxon	spatial_directional_support	protein_directional_support	orthogonal_evidence_count	orthogonal_gate_pass
ACADSB	M05	green	5	False	not_shared	-3.0402569853836	-2.98103879390902	0.0097007267087722	0.766547771481108	0.766547771481108	0.754281119885555	0.754281119885555	0.67339391447741	0.67339391447741	0.480902716456701	0.480902716456701	0.760526582146609	0.760526582146609	0.66954324600427	0.66954324600427	512	2	2	0.317123706521605	0.985074626865672	0.975409836065574	5	True	True	True	True	True	True	True	True	-1	True	8	16	1.0	1.0	16.803153735223727	16.555113701965922	-0.248040033257805	0.2524030209853873	0.5546875	71.0	0.6967970185092274	0.014476461161885501	-0.5285771888016304	0.5575301111254014	0.9583312694903512	0.8332830324440246	0.9819937699715944	True	P45954	118	118	1.0	15.4725399017334	0.021917269616024092	0.07463715581593498	True	False	True	False	6	0.0	0.0		False	False	0	False
ACSL5	M04	yellow	4	False	not_shared	-1.09869168482765	-2.25204839144046	0.0566386934555993	0.785941875469181	0.785941875469181	0.519209082742916	0.519209082742916	0.603070921662348	0.603070921662348	0.373154526332849	0.373154526332849	0.830275368628676	0.830275368628676	0.485250047116236	0.485250047116236	812	2	2	0.315153242883932	1.0	1.0	5	True	True	True	True	True	True	True	True	-1	True	8	16	1.0	1.0	16.993113932501977	17.875553540911973	0.8824396084099959	1.6492977260076072	0.90625	116.0	0.0007015912252148623	1.186874712260171	0.4639882597806939	1.9097611647396482	0.0012909834853908324	0.005086536382807752	0.00751938395349134	True	Q9ULC5;Q9ULC5-3	118	118	1.0	17.07869052886965	0.014919391914479574	0.05802548409182643	True	False	False	False	6	0.05661089222794402	0.5	0.84375	False	False	0	False
ACTB	M04	yellow	4	True	down	-5.34180422967372	-5.06110561855925	5.24339941681072e-06	0.858496795260451	0.858496795260451	0.709592268981901	0.709592268981901	0.844406548765942	0.844406548765942	0.795901341599036	0.795901341599036	0.789779752640255	0.789779752640255	0.561021339979836	0.561021339979836	812	3	3	0.47829894652838	1.0	1.0	5	True	True	True	True	True	True	True	True	-1	True	8	15	1.0	0.9375	14.809064526771042	15.603986520622742	0.7949219938517	0.8536772940020314	0.775	93.0	0.033717168997825876	1.3304750397506666	-0.22107372554481186	2.882023805046145	0.09282180803932547	0.09239035284443625	0.2217038868277414	False		118	0	0.0				True	False	False	False	6	-0.5167521538685067	0.0	0.03125	False	False	0	False
ACTG1	M04	yellow	4	True	down	-5.20198156204732	-4.58093347790983	4.16907550011269e-05	0.901504705852711	0.901504705852711	0.878968393849584	0.878968393849584	0.600267368860541	0.600267368860541	0.817259889775825	0.817259889775825	0.864254780254965	0.864254780254965	0.833651456409876	0.833651456409876	812	2	2	0.316680057180455	1.0	1.0	5	True	True	True	True	True	True	True	True	-1	True	8	16	1.0	1.0	24.021766072344814	23.57709501756777	-0.44467105477704294	-2.257384734779037	0.0390625	5.0	5.166757084915653e-05	-0.3913230225727429	-0.6238888429291839	-0.15875720221630182	0.0009741050390206237	0.0006200108501898784	0.006219286018362444	True	P63261	118	118	1.0	25.10317516326905	0.027924293674287032	0.09089642532752616	True	False	False	False	6	-0.13700911991425002	0.3333333333333333	0.3125	False	True	1	True
ACTR2	M05	green	5	False	down	-2.36002864735398	-3.7134007177622	0.0010452339259967	0.809690865514039	0.809690865514039	0.786241741860976	0.786241741860976	0.552243012624756	0.552243012624756	0.519677266444383	0.519677266444383	0.858477177951004	0.858477177951004	0.850510359949089	0.850510359949089	512	2	2	0.0817220199669619	1.0	1.0	5	True	True	True	True	True	True	True	True	-1	True	8	16	1.0	1.0	19.680373535872334	19.94565497208698	0.2652814362146465	1.0269352535326273	0.7734375	99.0	0.032428199072431135	0.2250418284511242	-0.08928471323356124	0.5393683701358096	0.16054689328533867	0.08956359743814314	0.3416767216072592	True	P61160	118	118	1.0	17.6681146621704	0.2615832401353291	0.4110593773555171	True	False	False	False	6	-0.06779977161777495	0.3333333333333333	0.4375	False	False	0	False
ACTR3	M05	green	5	True	down	-3.8116187870967	-7.72097094922551	1.24455220151859e-12	0.748504406425763	0.748504406425763	0.656778724413762	0.656778724413762	0.605688447405208	0.605688447405208	0.37046694713579	0.37046694713579	0.784994931630145	0.784994931630145	0.881198097433326	0.881198097433326	512	2	2	0.352023693755508	1.0	1.0	5	True	True	True	True	True	True	True	True	-1	True	8	16	1.0	1.0	19.081032565629066	18.934193799927996	-0.14683876570106946	0.03635579241148334	0.453125	58.0	0.741723331035486	0.06018078396466975	-0.38518905560975586	0.5055506235390954	0.791131993304176	0.8749820989842343	0.9182393145059615	True	P61158	118	118	1.0	18.5744695663452	0.00018779345500503607	0.0028526720069812625	True	False	False	False	6	-0.3222085323099879	0.0	0.03125	False	False	0	False
ACYP2	M03	brown	3	False	up	3.5841571242019	5.16691485656087	3.31369094039379e-06	0.887910101849328	0.887910101849328	0.723000733729337	0.723000733729337	0.756084686559809	0.756084686559809	0.619380214064205	0.619380214064205	0.441097182554672	0.441097182554672	0.685840545415104	0.685840545415104	993	2	2	0.078931085126967	1.0	1.0	5	True	True	True	True	True	True	True	True	1	True	8	15	1.0	0.9375	14.695858804258283	15.198270992051619	0.5024121877933361	0.3201152018500488	0.625	75.0	0.3572241461593999	0.3119610863484388	-1.3145132164405509	1.9384353891374284	0.7069725894289831	0.5404956646237876	0.8703286161036483	True	P14621	118	106	0.8983050847457628	13.5297446250916	0.6053444389103987	0.7505281608888565	False	False	False	False	6	0.0	0.0		False	False	0	False
ADH5	M05	green	5	True	down	-5.14968038812511	-5.31285175607145	1.68024277280777e-06	0.821342537416659	0.821342537416659	0.78200998086542	0.78200998086542	0.685744139496933	0.685744139496933	0.602933272684701	0.602933272684701	0.729978036291455	0.729978036291455	0.803201162978173	0.803201162978173	512	2	2	0.258306633070801	1.0	1.0	5	True	True	True	True	True	True	True	True	-1	True	8	16	1.0	1.0	19.087557113111934	19.479234919291695	0.3916778061797608	1.7543260649688885	0.90625	116.0	0.0007015912252148623	0.5126839989094067	0.24518457599522886	0.7801834218235846	0.00017235621143502216	0.005086536382807752	0.001467237492216086	True	P11766	118	118	1.0	16.4468107223511	0.8723422429029123	0.92759058495343	True	False	False	False	6	0.23229116731474742	0.6666666666666666	0.84375	False	False	0	False
ADI1	M04	yellow	4	True	down	-2.93959783654499	-4.07844749736004	0.0002929844412952	0.804061979186876	0.804061979186876	0.777025984594384	0.777025984594384	0.52581222678038	0.52581222678038	0.697582624300965	0.697582624300965	0.758499737679167	0.758499737679167	0.493687268461557	0.493687268461557	812	2	2	0.223958008777621	1.0	1.0	5	True	True	True	True	True	True	True	True	-1	False	0	0	0.0	0.0														True	Q9BV57;Q9BV57-2	118	63	0.5338983050847458	13.4034099578857	0.88625319685923	0.9370563389949087	False	False	False	False	6	-0.1737875283968675	0.5	1.0	False	False	0	False
AHCYL1	M10	purple	10	False	down	-2.37778870664144	-4.69992779591913	2.58617820480237e-05	0.806721182307109	0.806721182307109	0.654151742825526	0.654151742825526	0.501104915834877	0.501104915834877	0.460131676194353	0.460131676194353	0.759353919548146	0.759353919548146	0.79403519755717	0.79403519755717	47	2	2	0.104354290404594	1.0	1.0	5	True	True	True	True	True	True	True	True	-1	True	8	16	1.0	1.0	13.381481604794581	13.679679594496312	0.2981979897017304	0.43168183918388014	0.6328125	81.0	0.31962919000205303	0.24034233661454651	-0.46872940282109266	0.9494140760501857	0.5064748871669561	0.5033075028086627	0.7329423965824745	True	O43865	118	105	0.8898305084745762	13.3747501373291	0.34550208468301546	0.5032655936706938	True	False	True	False	6	-0.03140974420272036	0.5	0.5625	False	False	0	False
AK2	M04	yellow	4	True	down	-6.35936594069309	-4.28719783699007	0.0001353728894957	0.893324855942922	0.893324855942922	0.827821508053945	0.827821508053945	0.74342864365415	0.74342864365415	0.780761356602548	0.780761356602548	0.912113260797267	0.912113260797267	0.91986517242553	0.91986517242553	812	3	2	0.398677146703241	1.0	1.0	5	True	True	True	True	True	True	True	True	-1	True	8	16	1.0	1.0	19.155493426710066	19.8301336451729	0.6746402184628337	1.7329446256261676	0.890625	114.0	0.0012590571212189195	0.6422860592927647	0.224872858830453	1.0596992597550765	0.0025625606215875178	0.006846123096627875	0.01372209881237187	True	F8W1A4;P54819;P54819-2;P54819-5	118	118	1.0	19.2389049530029	0.4298802894788968	0.5835396269947578	True	False	False	False	6	-0.17938889424176496	0.16666666666666666	0.09375	False	False	0	False
ALDH2	M04	yellow	4	True	down	-3.78190249897793	-5.38941383669956	1.20034397988856e-06	0.826969069121626	0.826969069121626	0.802642551881544	0.802642551881544	0.608076334944396	0.608076334944396	0.66947600765512	0.66947600765512	0.751288654881936	0.751288654881936	0.705349774843203	0.705349774843203	812	2	2	0.3350738258876	1.0	1.0	5	True	True	True	True	True	True	True	True	-1	True	8	16	1.0	1.0	20.41802965207255	20.331852494413738	-0.08617715765881329	-0.13534113788171886	0.375	48.0	0.3502789368989395	0.056244646535533294	-0.3613952124282456	0.4738845054993122	0.7918157886634195	0.5323016158988251	0.9182393145059615	True	P05091	118	118	1.0	19.6802854537964	0.28696419010291846	0.43591226972776664	True	False	False	False	6	0.39761558430345634	1.0	0.03125	True	False	1	True
ANKRD11	M03	brown	3	False	not_shared	0.974818670030111	2.4897401483372	0.0334395902465843	0.893301310535206	0.893301310535206	0.572422132386987	0.572422132386987	0.5961675326547	0.5961675326547	0.468983877704833	0.468983877704833	0.901914815275329	0.901914815275329	0.770316454978659	0.770316454978659	993	2	2	0.201484331283417	1.0	1.0	5	True	True	True	True	True	True	True	True	1	True	3	13	0.375	0.8125	4.146194232172495	7.311050406688735	3.16485617451624	0.40212329331900487	0.6666666666666666	26.0	0.4392857142857143	1.6330176862632946	-4.10948203064078	7.37551740316737	0.5772795609820949	0.6164170506912442	0.779092740837624	False		118	0	0.0				False	False	False	False	6	5.49520311974128	0.8333333333333334	0.0625	True	False	1	True
ANXA2	M04	yellow	4	False	not_shared	-1.43162443010873	-2.48486166935269	0.0338005417314682	0.885499522572857	0.885499522572857	0.814179350148955	0.814179350148955	0.754988419487548	0.754988419487548	0.641958175715286	0.641958175715286	0.826339942024657	0.826339942024657	0.506370233210749	0.506370233210749	812	3	3	0.593945015616254	1.0	1.0	5	True	True	True	True	True	True	True	True	-1	True	8	16	1.0	1.0	21.68117408974411	22.198905027159377	0.5177309374152657	1.6232002434384933	0.9375	120.0	0.00018219617088913092	0.6428700971482899	0.30666088260030383	0.9790793116962759	0.00017848264221847357	0.001713628850524799	0.0014814059304133307	True	P07355	118	118	1.0	21.84371471405025	0.36424600768208343	0.5187253412972528	True	False	False	False	6	0.049607074423467346	0.5	1.0	False	False	0	False
APH1A	M04	yellow	4	True	down	-4.51037669537961	-3.31491125784356	0.0037017472171675	0.911394384345945	0.911394384345945	0.653633829069086	0.653633829069086	0.82063922249801	0.82063922249801	0.662403047902684	0.662403047902684	0.804178409085354	0.804178409085354	0.643630715522419	0.643630715522419	812	3	3	0.519405482940634	1.0	1.0	5	True	True	True	True	True	True	True	True	-1	True	6	13	0.75	0.8125	13.814934733103534	14.583255052998666	0.7683203198951318	0.4062853020004352	0.6794871794871795	53.0	0.24406604747162025	0.2942291005390727	-0.8114289541457791	1.3998871552239245	0.6019695233936768	0.43556402318012233	0.8058624264786319	False		118	0	0.0				False	False	False	False	6	0.03261533822882612	0.5	0.4375	False	False	0	False
ARF1	M04	yellow	4	True	down	-5.74756505822181	-4.72649995510418	2.31184711896708e-05	0.899096825876847	0.899096825876847	0.925617333318114	0.925617333318114	0.910405839852046	0.910405839852046	0.840021120536156	0.840021120536156	0.749761697271417	0.749761697271417	0.798249308870745	0.798249308870745	812	3	3	0.540794115878148	1.0	1.0	5	True	True	True	True	True	True	True	True	-1	False	0	0	0.0	0.0														True	P61204;P84077	118	118	1.0	19.12524032592775	0.01766656364677756	0.06404129321956865	True	False	False	False	6	-0.1182469876762795	0.16666666666666666	0.09375	False	False	0	False
ARF3	M04	yellow	4	True	down	-5.99776975479099	-5.16111701187603	3.40466862623893e-06	0.83675319863896	0.83675319863896	0.866871014576938	0.866871014576938	0.822263057212797	0.822263057212797	0.806256662012422	0.806256662012422	0.623399877637744	0.623399877637744	0.713625794412869	0.713625794412869	812	2	2	0.339387650063666	1.0	1.0	5	True	True	True	True	True	True	True	True	-1	False	0	0	0.0	0.0														True	P61204;P84077	118	118	1.0	19.12524032592775	0.01766656364677756	0.06404129321956865	False	False	False	False	6	0.24577809489194458	0.8333333333333334	0.0625	True	False	1	True
ARID1B	M03	brown	3	False	up	3.31840082962152	2.59924724040009	0.0257652502593274	0.887435647899384	0.887435647899384	0.623655268400767	0.623655268400767	0.79887904506376	0.79887904506376	0.484214516974216	0.484214516974216	0.864080153245345	0.864080153245345	0.465984507220198	0.465984507220198	993	3	3	0.562811100480568	1.0	1.0	5	True	True	True	True	True	True	True	True	1	True	7	16	0.875	1.0	9.780870291311949	11.493222003184263	1.712351711872314	1.6290070770581129	0.8660714285714286	97.0	0.004601133151409097	2.2562446061165344	0.6240571851724699	3.888432027060599	0.006741627928848814	0.01952676020354105	0.031086395449691752	True	Q8NFD5;Q8NFD5-2;Q8NFD5-3	118	117	0.9915254237288136	13.4460601806641	0.0023734927418655313	0.016459656188154446	True	False	False	False	6	5.573211227349819	1.0	0.03125	True	True	2	True
ARL1	M05	green	5	True	down	-4.16694460768103	-2.93821389842063	0.0109141581856301	0.802768477038366	0.802768477038366	0.813805503336469	0.813805503336469	0.775402524030338	0.775402524030338	0.551065507908569	0.551065507908569	0.627282279632637	0.627282279632637	0.769847214607996	0.769847214607996	512	2	2	0.376138100601834	1.0	0.991803278688525	5	True	True	True	True	True	True	True	True	-1	True	8	16	1.0	1.0	17.608512047399277	17.170529909724266	-0.4379821376750108	-0.8219757330595204	0.2734375	35.0	0.08080808080808081	-0.5079161196407687	-1.1329123960425895	0.11708015676105221	0.111203904476141	0.19130076272933416	0.25626628181323513	True	F8VYN9;P40616;P40616-2	118	118	1.0	15.8787651062012	0.4478695299101422	0.6036103467409379	False	False	False	False	6	0.08063244048938989	0.5	0.84375	False	False	0	False
ARPC2	M04	yellow	4	False	not_shared	-1.96159345912315	-5.74805523433745	1.98858195407166e-07	0.760619364452578	0.760619364452578	0.742712573092605	0.742712573092605	0.53656614215464	0.53656614215464	0.566843681120509	0.566843681120509	0.787833226968338	0.787833226968338	0.591202871774444	0.591202871774444	812	2	2	0.123159414885017	1.0	1.0	5	True	True	True	True	True	True	True	True	-1	True	8	16	1.0	1.0	18.82390007813191	19.227602520224913	0.4037024420930031	1.2249654051086236	0.796875	102.0	0.019176826822539572	0.26196530027488696	-0.016938447405335177	0.540869047955109	0.06563167158493878	0.059057838356139564	0.16891251911782693	True	O15144	118	118	1.0	16.848450660705602	0.013048106256538227	0.05336340892097044	True	False	False	False	6	-0.3457327050373822	0.0	0.03125	False	False	0	False
ARPP19	M05	green	5	False	not_shared	-1.82053943504852	-2.01095844085376	0.09192855106904	0.721369848299804	0.721369848299804	0.863183239097199	0.863183239097199	0.726958827385534	0.726958827385534	0.556793528644196	0.556793528644196	0.753378172637905	0.753378172637905	0.792646983837093	0.792646983837093	512	3	3	0.43220138872198	1.0	1.0	4	True	True	True	True	True	True	True	True	-1	True	8	16	1.0	1.0	14.577456762487321	16.03079454904035	1.4533377865530301	0.40509234016021467	0.6953125	89.0	0.13582860507076416	1.2367088292378696	-1.1594921075947604	3.6329097660704996	0.31174773180725923	0.27804914449779955	0.5319432355957031	True	H3BMD8;P56211;P56211-2	118	73	0.6186440677966102	14.2675895690918	0.004899760854734832	0.026749260313112797	False	False	False	False	6	-3.6125339279334785	0.0	0.03125	False	False	0	False
ASH1L	M03	brown	3	True	up	3.36568052695567	2.54327084546101	0.029419042417814	0.952916933042754	0.952916933042754	0.590308809050285	0.590308809050285	0.836679167961614	0.836679167961614	0.914414945218459	0.914414945218459	0.79986214495322	0.79986214495322	0.871275795452415	0.871275795452415	993	3	3	0.476276898008434	1.0	1.0	5	True	True	True	True	True	True	True	True	1	False	0	0	0.0	0.0														False		118	0	0.0				False	False	False	False	6	0.0	0.16666666666666666	1.0	False	False	0	False
ATG7	M03	brown	3	True	up	4.58350804849124	4.85836870552335	1.28917444396914e-05	0.862692020080423	0.862692020080423	0.889247199272777	0.889247199272777	0.375367809861899	0.375367809861899	0.814156714819069	0.814156714819069	0.836297746470309	0.836297746470309	0.761317872179931	0.761317872179931	993	2	2	0.0306067751814037	1.0	1.0	5	True	True	True	True	True	True	True	True	1	True	8	16	1.0	1.0	12.864359578163022	13.653329185489085	0.788969607326063	0.8125945054963473	0.71875	92.0	0.09260188369085934	0.615822205672406	-0.21000100624679352	1.4416454175916056	0.14386209784764667	0.21200957581854638	0.31422510845670193	True	O95352	118	117	0.9915254237288136	13.5695896148682	0.0702786934336861	0.16484487650989607	False	False	False	False	6	0.0	0.0		False	False	0	False
ATP13A1	M02	blue	2	False	not_shared	2.27433519997005	2.81234046497951	0.0152803244828065	0.882602307178508	0.882602307178508	0.697367717932742	0.697367717932742	0.783749245522456	0.783749245522456	0.650843381396896	0.650843381396896	0.794587997991654	0.794587997991654	0.780004526844069	0.780004526844069	2184	3	3	0.577545130837825	0.992537313432836	0.991803278688525	5	True	True	True	True	True	True	True	True	1	True	8	16	1.0	1.0	15.043157702489983	15.37378715328313	0.3306294507931469	0.46377447714927444	0.640625	82.0	0.29074701789737456	0.20850504694338207	-0.1951088288435338	0.6121189227302979	0.3112950998875552	0.4772639727749356	0.5319432355957031	True	Q9HD20	118	118	1.0	15.04536962509155	0.0012858749574528197	0.010596971120167794	True	False	False	False	6	5.591641442071438	1.0	0.03125	True	False	1	True
ATP13A2	M02	blue	2	True	up	3.0497309101512	2.79417165659042	0.015930022896563	0.781684614899022	0.781684614899022	0.539045554062585	0.539045554062585	0.848880702634737	0.848880702634737	0.780659912860063	0.780659912860063	0.697393023424273	0.697393023424273	0.630790872258083	0.630790872258083	2184	2	3	0.421652430981309	1.0	1.0	5	True	True	True	True	True	True	True	True	1	True	1	10	0.125	0.625	8.110501266200801	6.949695980574614	-1.1608052856261875		0.1	1.0	0.36363636363636365					0.5478158205430932		False		118	0	0.0				False	False	False	False	6	0.0	0.3333333333333333	0.5	False	False	0	False
ATP1A1	M04	yellow	4	False	not_shared	-2.27851621537083	-3.74696960484482	0.0009288617667346	0.79877651313159	0.79877651313159	0.499642675896817	0.499642675896817	0.804681422342857	0.804681422342857	0.644852638144502	0.644852638144502	0.684645788624487	0.684645788624487	0.425741141052773	0.425741141052773	812	2	2	0.330227970296445	1.0	1.0	5	True	True	True	True	True	True	True	True	-1	True	8	16	1.0	1.0	19.897707864934446	20.41623456819079	0.5185267032563452	1.2778385323691586	0.796875	102.0	0.019176826822539572	0.42719485511202127	0.03846139067800647	0.8159283195460361	0.03124932226362918	0.059057838356139564	0.09787523576910273	True	P05023;P05023-4	118	118	1.0	20.7655401229858	0.03574621547398215	0.10461507097431473	True	False	False	False	6	0.6252852587346371	1.0	0.03125	True	False	1	True
ATP6AP2	M05	green	5	True	down	-5.08387149664139	-4.49555156366084	5.95547296306403e-05	0.766192424476387	0.766192424476387	0.584863362735014	0.584863362735014	0.413039308887335	0.413039308887335	0.135516303581559	0.135516303581559	0.738403067125522	0.738403067125522	0.776476374114724	0.776476374114724	512	2	2	0.038687064533404	0.985074626865672	0.975409836065574	5	True	True	True	True	True	True	True	True	-1	True	8	16	1.0	1.0	11.955173367692915	13.189707245206982	1.2345338775140675	0.5132467950780675	0.640625	82.0	0.29074701789737456	0.5574216457877827	-1.1986438877735512	2.3134871793491167	0.5338469173775934	0.4772639727749356	0.7520432507910847	True	A0A1B0GUT7;A0A1B0GVB9;A0A1B0GVW0;A0A1C7CYW4;B7Z1I9;O75787;O75787-2	118	79	0.6694915254237288	13.2480497360229	0.8579988657138113	0.9215543372481677	False	False	False	False	6	-0.7487285963294408	0.0	0.03125	False	False	0	False
ATP6V1E1	M04	yellow	4	False	not_shared	0.964920989937257	-2.46529315273571	0.0353686272467329	0.739826485369499	0.739826485369499	0.675728261495239	0.675728261495239	0.830000308074382	0.830000308074382	0.290828776988024	0.290828776988024	0.674838442513681	0.674838442513681	0.289975399624018	0.289975399624018	812	2	3	0.447255752759294	1.0	1.0	5	True	True	True	True	True	True	True	True	-1	True	8	16	1.0	1.0	17.21946045479715	17.24594649472893	0.026486039931779004	-0.23047972931557426	0.484375	62.0	0.928439054701001	-0.26834403171924737	-0.6683731948947345	0.13168513145623972	0.18858864580834467	0.992548742007421	0.38649031116278043	True	P36543	118	118	1.0	15.455174922943101	0.07449082144625893	0.16829384731915353	True	False	False	False	6	-0.24960616662691137	0.5	0.5625	False	False	0	False
ATR	M02	blue	2	False	not_shared	0.245763935103335	2.00479330296043	0.0930531640377912	0.734404210139417	0.734404210139417	-0.609481541464468	0.609481541464468	0.771493802362992	0.771493802362992	-0.694673929640142	0.694673929640142	0.598693187075088	0.598693187075088	-0.58718443630335	0.58718443630335	2184	2	2	0.22887197624213	1.0	0.991803278688525	5	True	True	True	True	True	True	True	True	1	True	5	13	0.625	0.8125	6.7521308213990885	7.6048329154246925	0.852702094025604	0.2782068827832374	0.6307692307692307	41.0	0.44304388422035484	0.5122988658100991	-1.8166697729767898	2.841267504596988	0.6663741364268861	0.6186666666666667	0.845428939232268	False		118	0	0.0				False	False	False	False	6	0.0	0.0		False	False	0	False
ATXN2	M03	brown	3	False	up	2.47638805404448	2.54508195071378	0.0293164118166489	0.876524974006891	0.876524974006891	0.913526899031553	0.913526899031553	0.744319684868791	0.744319684868791	0.61796596257263	0.61796596257263	0.747293094256334	0.747293094256334	0.65042531444983	0.65042531444983	993	3	3	0.525332972261358	1.0	1.0	5	True	True	True	True	True	True	True	True	1	True	8	16	1.0	1.0	10.640168877838445	12.014177809269658	1.374008931431213	0.7411200022839234	0.765625	98.0	0.038231283082541666	1.2627351043514676	0.15365815558324614	2.3718120531196893	0.025647424054157344	0.10313555436220542	0.08600954329272968	True	F8VQP2;F8WB06;H0YH87;Q99700;Q99700-2;Q99700-4;Q99700-5;V9GY86	118	118	1.0	13.89878034591675	0.08731247639310717	0.1907717806123369	True	False	False	False	6	0.0	0.0		False	True	1	True
ATXN7L1	M03	brown	3	True	up	6.0166796291557	8.25086947298877	2.6018765139723202e-14	0.862848334562349	0.862848334562349	0.846188393898819	0.846188393898819	0.603366286920365	0.603366286920365	0.61908120782274	0.61908120782274	0.752982731621081	0.752982731621081	0.512925145077488	0.512925145077488	993	2	2	0.202273659883057	1.0	1.0	5	True	True	True	True	True	True	True	True	1	False	0	0	0.0	0.0														False		118	0	0.0				False	False	False	False	6	0.0	0.0		False	False	0	False
ATXN7L3B	M04	yellow	4	True	down	-5.80918834572248	-2.23145798247775	0.0589725540333342	0.730344141272109	0.730344141272109	0.612791971050968	0.612791971050968	0.534381737877608	0.534381737877608	0.703170921839578	0.703170921839578	0.748721555088027	0.748721555088027	0.598856511793929	0.598856511793929	812	2	2	0.188539300480758	1.0	1.0	4	True	True	True	True	True	True	True	True	-1	True	7	14	0.875	0.875	14.508346877496962	13.940851394205723	-0.5674954832912391	-0.5790927499316425	0.3469387755102041	34.0	0.28716890264877887	-0.8599659478772025	-2.1562098304673216	0.43627793471291676	0.19349912875191777	0.4772639727749356	0.39412092481985705	True	Q96GX2	118	47	0.3983050847457627	14.718879699707	0.27207848769423554	0.4213254251187434	False	False	False	False	6	-0.312900867387067	0.16666666666666666	0.375	False	False	0	False
B2M	M04	yellow	4	True	down	-5.88139460906704	-5.41692861594956	1.05217892406091e-06	0.868720969762252	0.868720969762252	0.743025237657906	0.743025237657906	0.652934977612074	0.652934977612074	0.665165309445224	0.665165309445224	0.750225516295344	0.750225516295344	0.487436851522772	0.487436851522772	812	2	3	0.44776902766232	1.0	1.0	5	True	True	True	True	True	True	True	True	-1	False	0	0	0.0	0.0														True	H0YLF3	118	118	1.0	17.9693555831909	0.0008100570373273481	0.0076002410266889425	True	False	False	False	6	0.4744174208156684	1.0	0.03125	True	False	1	True
BCAS3	M03	brown	3	True	up	4.81985073508547	6.27679030333772	1.17301715755955e-08	0.82329276309836	0.82329276309836	0.81584459523039	0.81584459523039	0.693338711356067	0.693338711356067	0.536998686638186	0.536998686638186	0.745802949076623	0.745802949076623	0.776721740704894	0.776721740704894	993	2	2	0.37379640024429	1.0	1.0	5	True	True	True	True	True	True	True	True	1	True	6	11	0.75	0.6875	9.928544380426722	10.317902330128389	0.38935794970166704	0.10419764072227418	0.7424242424242424	49.0	0.12152553329023917	-0.1901476098816521	-2.102543057478815	1.7222478377155106	0.845489003100817	0.2578712535670929	0.9309972020706402	True	K7ESE9;Q9H6U6;Q9H6U6-2;Q9H6U6-6	118	40	0.3389830508474576	15.2072749137878	0.7223228343441772	0.8351050440395765	False	False	False	False	6	0.0	0.0		False	False	0	False
BCL2L12	M02	blue	2	False	not_shared	-0.20731499112535	2.28623881965618	0.0525349550332926	0.843905455677691	0.843905455677691	0.66685426599219	0.66685426599219	0.731613948731812	0.731613948731812	0.616983547080684	0.616983547080684	0.872468869078701	0.872468869078701	0.766515546597437	0.766515546597437	2184	3	3	0.41902317561255	0.992537313432836	0.983606557377049	5	True	True	True	True	True	True	True	True	1	False	0	0	0.0	0.0														False		118	0	0.0				False	False	False	False	6	0.0	0.16666666666666666	1.0	False	False	0	False
BDP1	M03	brown	3	False	not_shared	1.71737538744876	1.99346935654639	0.0952999099653984	0.944534031121531	0.944534031121531	0.595313641157037	0.595313641157037	0.565693284998939	0.565693284998939	0.455848969780349	0.455848969780349	0.779484540473187	0.779484540473187	0.39916798241247	0.39916798241247	993	2	2	0.203447981370548	1.0	1.0	5	True	True	True	True	True	True	True	True	1	False	0	0	0.0	0.0														False		118	0	0.0				False	False	False	False	6	0.0	0.0		False	False	0	False
BMPR2	M03	brown	3	True	up	4.20400889903668	3.7963793033412	0.0007881037787746	0.926614832531174	0.926614832531174	0.719520185558278	0.719520185558278	0.745717669726945	0.745717669726945	0.585341644076435	0.585341644076435	0.804149796550887	0.804149796550887	0.650932820796183	0.650932820796183	993	3	3	0.440975003091457	1.0	1.0	5	True	True	True	True	True	True	True	True	1	True	2	2	0.25	0.125	7.837375104718253	8.303493442086586	0.4661183373683322	0.8040905550514925	0.5	2.0	1.0					1.0		False		118	0	0.0				False	False	False	False	6	0.1413806696129627	0.5	0.25	False	False	0	False
BRPF3	M05	green	5	True	down	-4.02792379480678	-3.61100205504933	0.0014663449879975	0.709053153524841	0.709053153524841	0.606699268049587	0.606699268049587	0.717512437234747	0.717512437234747	0.692105394875821	0.692105394875821	0.159611380376512	0.159611380376512	0.667194497113047	0.667194497113047	512	2	2	0.0053013386105933	1.0	1.0	5	True	True	True	True	True	True	True	True	-1	True	4	10	0.5	0.625	8.887583658047237	9.02588059574214	0.13829693769490348	0.4421724325446676	0.6	24.0	0.6353646353646354	1.278993034763456	-0.9694655631062226	3.5274516326331344	0.2648982718454552	0.8028676971997651	0.49018554467109793	False		118	0	0.0				False	False	False	False	6	0.5798411255936431	0.5	0.8125	False	False	0	False
BTBD9	M03	brown	3	False	not_shared	1.95365263709761	2.54034821776771	0.0296325834372487	0.760891015208216	0.760891015208216	0.49573475560511	0.49573475560511	0.581841601973748	0.581841601973748	0.695522077483685	0.695522077483685	0.818463294894598	0.818463294894598	0.749790181457678	0.749790181457678	993	2	2	0.206951658188711	1.0	1.0	5	True	True	True	True	True	True	True	True	1	True	2	0	0.25	0.0	9.509886620910446													False		118	0	0.0				False	False	False	False	6	0.0	0.0		False	False	0	False
C1D	M05	green	5	True	down	-4.26571187334705	-3.34247739529579	0.0034169331956867	0.703284093472911	0.703284093472911	0.855195949024391	0.855195949024391	0.719884160996291	0.719884160996291	0.459396794606099	0.459396794606099	0.67407876075013	0.67407876075013	0.768191718724599	0.768191718724599	512	2	2	0.371794417963097	0.970149253731343	0.942622950819672	5	True	True	True	True	True	True	True	True	-1	False	0	0	0.0	0.0														False		118	0	0.0				False	False	False	False	6	0.0	0.0	1.0	False	False	0	False
C2orf69	M05	green	5	True	down	-3.14428121128159	-3.84520621299717	0.000671111650698	0.832613629158355	0.832613629158355	0.743529264794447	0.743529264794447	0.205425465782304	0.205425465782304	0.584001693946865	0.584001693946865	0.846969641933536	0.846969641933536	0.794488914604991	0.794488914604991	512	2	2	0.0114459351994238	1.0	0.975409836065574	4	True	True	True	True	True	True	True	True	-1	True	7	11	0.875	0.6875	10.663294623764896	10.821529288112373	0.1582346643474768	-0.10480695931990647	0.4805194805194805	37.0	0.9298014077425841	0.19865850574635724	-2.1983825359899543	2.5956995474826687	0.8709632599211105	0.992548742007421	0.9437334815228767	False		118	0	0.0				False	False	False	False	6	0.0	0.0		False	False	0	False
CALM1	M04	yellow	4	True	down	-6.87029602854979	-7.40183141784527	1.1243286801817499e-11	0.705852153415555	0.705852153415555	0.880341906325736	0.880341906325736	0.601562953384481	0.601562953384481	0.79877335652031	0.79877335652031	0.751294435053361	0.751294435053361	0.839537645770298	0.839537645770298	812	2	2	0.340745174545039	1.0	1.0	5	True	True	True	True	True	True	True	True	-1	False	0	0	0.0	0.0														True	H0Y7A7;P0DP23;P0DP24;P0DP25	118	118	1.0	19.84436511993405	0.8416854307157293	0.9149597018006479	True	False	False	False	6	-0.19086292575849395	0.3333333333333333	0.4375	False	False	0	False
CALM2	M04	yellow	4	True	down	-6.78231552125183	-5.45970512811992	8.48332158623645e-07	0.745016428788001	0.745016428788001	0.91296510637215	0.91296510637215	0.575940473753234	0.575940473753234	0.792818472097196	0.792818472097196	0.744304599866313	0.744304599866313	0.865522758031118	0.865522758031118	812	2	2	0.223207006428909	1.0	1.0	5	True	True	True	True	True	True	True	True	-1	False	0	0	0.0	0.0														True	H0Y7A7;P0DP23;P0DP24;P0DP25	118	118	1.0	19.84436511993405	0.8416854307157293	0.9149597018006479	True	False	False	False	6	0.1335358387908201	0.6666666666666666	0.21875	False	False	0	False
CAMSAP3	M02	blue	2	False	not_shared	2.11413637981105	2.16789540588352	0.067115598080513	0.784351521401009	0.784351521401009	0.545986285702058	0.545986285702058	0.708598399301146	0.708598399301146	0.632925258503652	0.632925258503652	0.715607649054076	0.715607649054076	0.553614158835956	0.553614158835956	2184	3	2	0.359240229337945	1.0	0.991803278688525	4	True	True	True	True	True	True	True	True	1	True	8	16	1.0	1.0	10.34495635321989	11.768129970376265	1.4231736171563742	1.6055921174687893	0.90625	116.0	0.0007015912252148623	2.3765781209137784	0.27986456829244455	4.473291673535112	0.026312005047865426	0.005086536382807752	0.0873558567589132	True	Q9P1Y5	118	117	0.9915254237288136	14.1568698883057	0.7777321115614697	0.870514188028452	True	False	False	False	6	3.0457829921985016	0.6666666666666666	0.125	False	True	1	True
CAPG	M02	blue	2	True	up	5.12905394156294	4.05449683132975	0.0003200306076264	0.779524272552315	0.779524272552315	0.729278160439221	0.729278160439221	0.702285279190519	0.702285279190519	0.451195917900319	0.451195917900319	0.833177237602544	0.833177237602544	0.601645338531996	0.601645338531996	2184	3	3	0.473058360879655	1.0	1.0	5	True	True	True	True	True	True	True	True	1	True	8	16	1.0	1.0	18.351463318296688	19.821985161222454	1.4705218429257663	2.6667866584015685	0.96875	124.0	3.26321500099936e-05	1.1037547766568405	0.6782700207725905	1.5292395325410906	3.6885888207709954e-07	0.00047316617514490717	8.164076589973137e-06	True	P40121	118	118	1.0	17.89481449127195	0.8102738080764191	0.8943852760428295	True	False	False	False	6	0.3725832660592827	0.5	0.4375	False	True	1	True
CARHSP1	M02	blue	2	True	up	3.77391276735998	2.71400426934122	0.0194798940303744	0.811690611814983	0.811690611814983	0.546749767978333	0.546749767978333	0.677714851808045	0.677714851808045	0.603302104395786	0.603302104395786	0.897507101019707	0.897507101019707	0.651780343788048	0.651780343788048	2184	2	2	0.371068544095753	1.0	1.0	5	True	True	True	True	True	True	True	True	1	True	8	16	1.0	1.0	16.204888218625985	16.414074015798086	0.2091857971721005	0.27725768044152643	0.5703125	73.0	0.6100933959326744	0.20204860536140634	-0.693212993223771	1.0973102039465836	0.6582448270525365	0.7748631451991631	0.845428939232268	True	Q9Y2V2	118	118	1.0	16.8631649017334	0.08150111455965633	0.17930245203124395	True	False	False	False	6	3.7329428818332646	1.0	0.03125	True	False	1	True
CBX7	M02	blue	2	False	not_shared	1.97003566444968	2.40772374056311	0.0401731538878818	0.81688594205708	0.81688594205708	0.448517564420602	0.448517564420602	0.747202434733802	0.747202434733802	0.587200159501995	0.587200159501995	0.825156912134454	0.825156912134454	0.126050031645138	0.126050031645138	2184	3	3	0.494021526751897	1.0	0.991803278688525	5	True	True	True	True	True	True	True	True	1	True	3	2	0.375	0.125	11.403232937718396	10.989645187439994	-0.41358775027840267	-0.24766750444335417	0.5	3.0	1.0					1.0		False		118	0	0.0				False	False	False	False	6	0.0	0.0		False	False	0	False
CCDC125	M03	brown	3	True	up	4.00517198318793	2.34467171969222	0.0462446802864867	0.812720575396079	0.812720575396079	0.458317806667476	0.458317806667476	0.563837289166078	0.563837289166078	0.0294725537820398	0.0294725537820398	0.706014407308248	0.706014407308248	0.581052953074751	0.581052953074751	993	2	2	0.154838147484597	1.0	1.0	4	True	True	True	True	True	True	True	True	1	False	0	0	0.0	0.0														False		118	0	0.0				False	False	False	False	6	0.0	0.0		False	False	0	False
CD151	M02	blue	2	False	not_shared	1.99347624550717	3.16067684853992	0.0058057153445648	0.822674253648018	0.822674253648018	0.736300571903208	0.736300571903208	0.766311599161153	0.766311599161153	0.913677254671724	0.913677254671724	0.806640959155851	0.806640959155851	0.794982186468122	0.794982186468122	2184	3	3	0.556307918712636	1.0	1.0	5	True	True	True	True	True	True	True	True	1	True	8	16	1.0	1.0	15.657567040821366	16.54060825028013	0.8830412094587636	0.31499933726532375	0.6171875	79.0	0.3826038008296723	0.7652065514007839	-0.6960450914619848	2.2264581942635524	0.30471965337105855	0.5547755112030248	0.5319432355957031	True	E9PMR4;P48509	118	118	1.0	15.180319786071799	3.930789953275251e-05	0.0008910558465293276	False	False	False	False	6	-0.2819769471145559	0.3333333333333333	0.6875	False	False	0	False
CD59	M04	yellow	4	True	down	-4.28293322906668	-2.91342734325309	0.011651424124542	0.862642074019747	0.862642074019747	0.824722077773275	0.824722077773275	0.712257577783772	0.712257577783772	0.586214584720298	0.586214584720298	0.670970159766595	0.670970159766595	0.574153042689056	0.574153042689056	812	2	2	0.365556004445486	1.0	1.0	5	True	True	True	True	True	True	True	True	-1	True	8	16	1.0	1.0	17.60370339594479	16.504861152278277	-1.098842243666514	-1.3311722439472156	0.15625	20.0	0.005669836064236388	-1.2957538454964597	-2.308397683629563	-0.28311000736335656	0.012144377360627977	0.022679344256945552	0.0503991660466061	True	E9PNW4;E9PR17;P13987	118	118	1.0	15.24546480178835	0.05005348346232154	0.13080031958970434	False	False	False	False	6	0.407593379533147	0.6666666666666666	0.3125	False	True	1	True
CD81	M02	blue	2	False	up	3.48774086860454	5.01323907244795	6.52241716698932e-06	0.699766216921525	0.699766216921525	0.646944831563776	0.646944831563776	0.795936314293415	0.795936314293415	0.611447956654758	0.611447956654758	0.827924410113613	0.827924410113613	0.771362597941235	0.771362597941235	2184	2	3	0.435451504926207	1.0	1.0	5	True	True	True	True	True	True	True	True	1	True	8	16	1.0	1.0	15.010715487293604	14.53391857720831	-0.47679691008529446	-0.5172237280934279	0.3515625	45.0	0.2635644369390499	-0.540810372769118	-1.6728271857803958	0.5912064402421597	0.3490907798991234	0.45860212027394687	0.5709267927414234	True	A6NMH8;E9PIF1;E9PJK1;E9PRJ8;H0YDJ9;H0YDL9;P60033	118	17	0.1440677966101695	15.3297901153564	0.6246347280002755	0.76344244533367	False	False	False	False	6	0.7496128429178861	0.8333333333333334	0.0625	True	False	1	True
CD9	M04	yellow	4	True	down	-9.45233852833541	-4.46923982298182	6.58624795064997e-05	0.805622305463939	0.805622305463939	0.922794740948638	0.922794740948638	0.701344652708976	0.701344652708976	0.892983341244544	0.892983341244544	0.674351565420678	0.674351565420678	0.66071785395176	0.66071785395176	812	2	2	0.346434159412491	1.0	1.0	5	True	True	True	True	True	True	True	True	-1	True	8	16	1.0	1.0	20.81018566757139	21.424067730400544	0.6138820628291555	1.484012316440162	0.8046875	103.0	0.015905453784037713	0.4875365664174296	0.05153119253242039	0.9235419403024387	0.02840761729138858	0.05125090663745485	0.09246400922295106	True	A6NNI4;G8JLH6;P21926	118	118	1.0	16.2609453201294	0.2437224242043591	0.3906907202069877	True	False	False	True	6	-0.13796644890452914	0.0	0.03125	False	False	0	False
CDC34	M02	blue	2	False	not_shared	1.75322052039033	2.40135850521994	0.0407784985281022	0.862917546545387	0.862917546545387	0.625367417841617	0.625367417841617	0.73611607104774	0.73611607104774	0.476563931199258	0.476563931199258	0.700295020326253	0.700295020326253	0.69866809902879	0.69866809902879	2184	3	2	0.392804369006552	1.0	0.991803278688525	5	True	True	True	True	True	True	True	True	1	True	4	12	0.5	0.75	10.656818492030862	11.327777855966582	0.6709593639357205	0.18493676490328512	0.5208333333333334	25.0	0.9527472527472527	0.5013634346065681	-2.090509869326482	3.093236738539618	0.7045920889979895	1.0	0.8703286161036483	False		118	0	0.0				False	False	False	False	6	5.914913815094925	1.0	0.03125	True	False	1	True
CDC42BPB	M03	brown	3	True	up	4.77387019549045	2.81882288422532	0.0150479928175008	0.900579589640258	0.900579589640258	0.892156801026962	0.892156801026962	0.474301838711353	0.474301838711353	0.309249287234565	0.309249287234565	0.747184655661895	0.747184655661895	0.803098627252979	0.803098627252979	993	2	2	0.151401284494407	1.0	1.0	5	True	True	True	True	True	True	True	True	1	True	8	16	1.0	1.0	11.548063178167823	13.291391019212812	1.743327841044989	1.8083217848276587	0.890625	114.0	0.0012590571212189195	1.6347377280439925	0.6760243562574934	2.593451099830492	0.0008317487821758238	0.006846123096627875	0.005522811913647469	True	Q9Y5S2	118	118	1.0	14.246250152587901	0.014449402157901428	0.05691347764890271	True	False	False	False	6	5.579595699596316	0.6666666666666666	0.125	False	True	1	True
CDC42EP1	M02	blue	2	False	not_shared	2.21797578945377	3.89519826607039	0.0005643594840347	0.659294896584378	0.659294896584378	0.431089297802706	0.431089297802706	0.8597937914333	0.8597937914333	0.575780989600446	0.575780989600446	0.785338763580411	0.785338763580411	0.691136912621265	0.691136912621265	2184	2	3	0.443968916709921	1.0	1.0	5	True	True	True	True	True	True	True	True	1	True	6	16	0.75	1.0	12.368196702342386	12.164994137506469	-0.2032025648359177	-0.24002220637816166	0.46875	45.0	0.8577325667108949	-0.18999170051095549	-1.9267122002462194	1.5467287992243084	0.8302243592910286	0.9475902641758458	0.9280622467495673	True	Q00587;Q00587-2	118	110	0.9322033898305084	14.170575141906749	0.6443780848806224	0.7756853172713908	False	False	False	False	6	0.1383211024042601	0.5	0.8125	False	False	0	False
CDK5RAP3	M02	blue	2	True	up	6.44289897844253	3.93287134669589	0.0004968493714618	0.654953588777343	0.654953588777343	0.46570336448744	0.46570336448744	0.820518809649123	0.820518809649123	0.62886636442364	0.62886636442364	0.799004621049315	0.799004621049315	0.446223289395999	0.446223289395999	2184	2	3	0.420967560915197	0.992537313432836	1.0	5	True	True	True	True	True	True	True	True	1	True	8	16	1.0	1.0	16.1710664992213	16.19927037399472	0.028203874773421234	0.21158688681657578	0.5	64.0	1.0	0.06481148250658508	-0.44561881051355323	0.5752417755267234	0.8034653056558929	1.0	0.9198292464750223	True	Q96JB5;Q96JB5-2;Q96JB5-4	118	118	1.0	13.972929954528851	0.22417486032005224	0.3648560226637585	True	False	False	False	6	-0.584389263469979	0.16666666666666666	0.0625	False	False	0	False
CDX2	M04	yellow	4	True	down	-4.41342901621386	-5.8444193093408	1.21778703461062e-07	0.793454535710616	0.793454535710616	0.658137831699426	0.658137831699426	0.809988969179467	0.809988969179467	0.688172255744369	0.688172255744369	0.637106967761355	0.637106967761355	0.643784804599649	0.643784804599649	812	2	2	0.298669028968534	1.0	1.0	5	True	True	True	True	True	True	True	True	-1	True	8	16	1.0	1.0	14.73950727565824	15.67339659711284	0.9338893214545987	0.9338907611891564	0.7734375	99.0	0.032428199072431135	1.4618368261906287	-0.38488017522336415	3.3085538276046216	0.1207863027783045	0.08956359743814314	0.2746647433040897	True	Q99626	118	77	0.652542372881356	14.2985696792603	0.20093536019773542	0.3391448672120508	True	False	False	False	6	0.27352899731974745	0.6666666666666666	0.5625	False	False	0	False
CHD6	M03	brown	3	False	not_shared	0.358912692079375	2.28119428653997	0.0530302776718845	0.783750540673134	0.783750540673134	0.651463381794497	0.651463381794497	0.755244904114992	0.755244904114992	0.815133170990303	0.815133170990303	0.394327677174603	0.394327677174603	0.0476716634218504	0.0476716634218504	993	2	2	0.12909481704315	1.0	1.0	5	True	True	True	True	True	True	True	True	1	True	1	8	0.125	0.5	8.361374098429664	5.746500298253455	-2.614873800176209		0.125	1.0	0.4444444444444444					0.6186666666666667		False		118	0	0.0				False	False	False	False	6	0.0	0.0		False	False	0	False
CHID1	M02	blue	2	False	not_shared	1.9545524993328	5.49309026835616	7.13489219118e-07	0.768428659024602	0.768428659024602	0.653756911966105	0.653756911966105	0.638530610247263	0.638530610247263	0.611250368691921	0.611250368691921	0.840785713040697	0.840785713040697	0.857391903953823	0.857391903953823	2184	2	2	0.323938602872217	0.992537313432836	1.0	5	True	True	True	True	True	True	True	True	1	True	8	16	1.0	1.0	14.216252115742744	14.654211673682354	0.4379595579396103	0.8061325059873695	0.640625	82.0	0.29074701789737456	1.1735660644790218	-0.2616785282093854	2.608810657167429	0.10901926334870342	0.4772639727749356	0.25489010867443335	True	Q9BWS9;Q9BWS9-2;Q9BWS9-3	118	118	1.0	14.933664798736551	0.021993393876795886	0.07463715581593498	True	True	True	False	6	0.025096025644965714	0.5	0.5625	False	False	0	False
CHP1	M04	yellow	4	True	down	-4.84666967941126	-8.2664226385109	2.33843904420074e-14	0.864842745628627	0.864842745628627	0.758121136987601	0.758121136987601	0.667552175492028	0.667552175492028	0.307699760314959	0.307699760314959	0.73007640029563	0.73007640029563	0.68695117067549	0.68695117067549	812	2	2	0.391743305701417	1.0	1.0	4	True	True	True	True	True	True	True	True	-1	True	8	15	1.0	0.9375	14.218313016648864	13.596007346906706	-0.6223056697421576	-0.955837464549509	0.2833333333333333	34.0	0.10055597025579527	-0.9815126560389604	-2.0241998019201324	0.0611744898422113	0.0650414907977296	0.22576437192914034	0.16870136675661113	True	Q99653	118	118	1.0	14.471199989318851	0.36615890137428875	0.5191319535039916	True	False	True	False	6	1.0374164555312917	1.0	0.03125	True	True	2	True
CIC	M02	blue	2	False	not_shared	0.782711012331182	3.12845381008248	0.0063531971194395	0.875892121683533	0.875892121683533	-0.141222409023186	0.141222409023186	0.713882025315759	0.713882025315759	0.332543915442218	0.332543915442218	0.797606061688431	0.797606061688431	0.569677575049357	0.569677575049357	2184	3	3	0.541344432396651	0.985074626865672	0.983606557377049	5	True	True	True	True	True	True	True	True	1	True	3	6	0.375	0.375	7.1830104795624905	9.211473725670093	2.028463246107602	0.6809282536318689	0.7222222222222222	13.0	0.38095238095238093	1.3048658542138767	-2.1932718931656643	4.803003601593417	0.4647177998913491	0.5547755112030248	0.6981280975743345	True	I3L2J0	118	92	0.7796610169491526	13.5470299720764	0.058923371068127964	0.14458888746717555	False	False	False	False	6	0.0	0.16666666666666666	1.0	False	False	0	False
CIZ1	M02	blue	2	False	not_shared	2.93157622906334	2.24005569949553	0.0580664247585828	0.847379802210193	0.847379802210193	0.671177686421318	0.671177686421318	0.746581146290935	0.746581146290935	0.302440933082652	0.302440933082652	0.907091029544153	0.907091029544153	0.116989839799737	0.116989839799737	2184	3	3	0.441349243602935	0.992537313432836	1.0	5	True	True	True	True	True	True	True	True	1	True	2	14	0.25	0.875	10.51530638625108	9.411987237183308	-1.1033191490677723	-0.8600159087315427	0.21428571428571427	6.0	0.26666666666666666					0.4603456807423334		True	F5H2X7;H0Y5D5;Q5SYW2;Q9BTG3;Q9ULV3;Q9ULV3-2;Q9ULV3-3;Q9ULV3-4;Q9ULV3-5	118	86	0.7288135593220338	14.06850004196165	0.05654267765724829	0.14091495447392346	True	False	False	False	6	5.144069301792948	0.8333333333333334	0.0625	True	False	1	True
CLASP1	M03	brown	3	False	up	2.43150246087589	3.15222576510246	0.0059482599320537	0.888904832018267	0.888904832018267	0.774385737849316	0.774385737849316	0.619687601743919	0.619687601743919	0.541288796966106	0.541288796966106	0.713112704823497	0.713112704823497	0.167488390733823	0.167488390733823	993	2	2	0.177221321316019	1.0	1.0	5	True	True	True	True	True	True	True	True	1	True	6	16	0.75	1.0	8.246501249888048	9.674013436289941	1.4275121864018931	1.0073202023746826	0.8854166666666666	85.0	0.0045300416817444684	1.0856389807837474	-0.34168430165662	2.512962263224115	0.1360214172630817	0.019462401299346607	0.29906695716121273	True	F8WA11;Q7Z460;Q7Z460-2;Q7Z460-3;Q7Z460-4;Q7Z460-5	118	72	0.6101694915254238	12.82941961288455	0.6071772315874899	0.7505281608888565	False	False	False	False	6	0.0	0.0		False	False	0	False
CLTC	M05	green	5	True	down	-5.57484087004887	-6.91523625715364	2.35695363206007e-10	0.90498644857154	0.90498644857154	0.854195728235194	0.854195728235194	0.874542723690151	0.874542723690151	0.634432541812377	0.634432541812377	0.821862714353897	0.821862714353897	0.883710139095843	0.883710139095843	512	3	3	0.517754829177871	1.0	1.0	5	True	True	True	True	True	True	True	True	-1	True	8	16	1.0	1.0	17.472358189765973	18.305107883587716	0.8327496938217429	2.117617269134013	0.921875	118.0	0.0003698310334465941	0.8665482697440765	0.4190142759699795	1.3140822635181735	0.00014762764262690227	0.0031390536497418234	0.00140035363863233	True	A0A087WVQ6;Q00610;Q00610-2	118	118	1.0	19.43133449554445	0.8567555288496034	0.9215543372481677	True	False	False	False	6	0.4302156223854414	1.0	0.03125	True	False	1	True
CMAS	M05	green	5	True	down	-5.93666034528902	-4.96908107197085	7.95071009397249e-06	0.76887529331145	0.76887529331145	0.927497520813032	0.927497520813032	0.771304509529466	0.771304509529466	0.812357300133856	0.812357300133856	0.684333229143751	0.684333229143751	0.868840827622795	0.868840827622795	512	2	2	0.357719849587972	1.0	1.0	5	True	True	True	True	True	True	True	True	-1	True	8	16	1.0	1.0	17.610094014491235	18.11562980913068	0.5055357946394459	0.41499209780345747	0.6171875	79.0	0.3826038008296723	0.14905141973817748	-0.5247288230846865	0.8228316625610415	0.6645958572403237	0.5547755112030248	0.845428939232268	True	Q8NFW8	118	118	1.0	17.14207077026365	0.04644028918213797	0.12551316000497095	True	False	False	False	6	0.05179777340014935	0.6666666666666666	0.6875	False	False	0	False
CNDP2	M04	yellow	4	False	down	-2.79886697440758	-2.20187765843722	0.0626472049697733	0.822707404598893	0.822707404598893	0.794723160446693	0.794723160446693	0.752488326918011	0.752488326918011	0.808561704596649	0.808561704596649	0.66656876543694	0.66656876543694	0.525180827721839	0.525180827721839	812	2	2	0.367741132586598	1.0	1.0	5	True	True	True	True	True	True	True	True	-1	True	8	16	1.0	1.0	18.082135985205376	18.986035186379844	0.9038992011744682	3.555422263698861	1.0	128.0	2.719345834166133e-06	0.9082134805094528	0.6184605056336385	1.1979664553852671	8.077829694748527e-10	0.00013519033575568775	4.469732431094185e-08	True	Q96KP4	118	118	1.0	19.94158458709715	0.18045448194988264	0.3177354045462464	True	False	False	True	6	0.1530140072955426	0.6666666666666666	0.6875	False	False	0	False
CNOT7	M05	green	5	False	down	-2.74341073668428	-2.32008517416817	0.0487837364900784	0.845286380362407	0.845286380362407	0.831854104479586	0.831854104479586	0.569356259839875	0.569356259839875	0.517578471726196	0.517578471726196	0.700571191138025	0.700571191138025	0.796989354494121	0.796989354494121	512	2	2	0.195938352080604	1.0	0.991803278688525	5	True	True	True	True	True	True	True	True	-1	True	7	15	0.875	0.9375	12.184857426544896	12.481754451163365	0.29689702461846856	0.826387468370079	0.6952380952380952	73.0	0.16236279200675482	0.955244471732017	-0.6843969739055329	2.5948859173695666	0.25351125916864603	0.3210355205588106	0.4782144207044913	True	Q9UIV1;Q9UIV1-2	118	48	0.4067796610169492	12.4664750099182	0.008012879008136848	0.038728915205994766	False	False	False	False	6	0.0	0.0	1.0	False	False	0	False
COA3	M04	yellow	4	True	down	-4.9800674216559	-4.64836576611046	3.17824145476366e-05	0.77623116014179	0.77623116014179	0.67077747959724	0.67077747959724	0.83040905235618	0.83040905235618	0.456982037873154	0.456982037873154	0.647142095314133	0.647142095314133	0.398245064859885	0.398245064859885	812	2	2	0.286076907922344	1.0	1.0	4	True	True	True	True	True	True	True	True	-1	True	8	16	1.0	1.0	17.910299589390107	17.69061594403761	-0.21968364535249663	-0.18876209883978526	0.4609375	59.0	0.7874627279661603	-0.08016741915670866	-0.6097499979620065	0.44941515964858914	0.7666982918282522	0.9014375964875783	0.9123434870501066	True	Q9Y2R0	118	118	1.0	15.2142448425293	0.031232695179229473	0.09673038604052622	True	False	False	False	6	0.5463467181438038	0.6666666666666666	0.15625	False	False	0	False
COMMD1	M03	brown	3	False	not_shared	1.6064227463967	4.0010250986948	0.0003871730512431	0.823544034572376	0.823544034572376	0.436172985239342	0.436172985239342	0.330869283785552	0.330869283785552	0.688249483219478	0.688249483219478	0.704848728628394	0.704848728628394	0.526174238225547	0.526174238225547	993	2	2	0.023998879141634	1.0	1.0	5	True	True	True	True	True	True	True	True	1	True	7	4	0.875	0.25	11.620372798982713	11.712819814126753	0.09244701514404063	0.2252811746855114	0.6071428571428571	17.0	0.6484848484848484	0.2821723155476956	-1.3638666888577096	1.9282113199531008	0.7368807297500337	0.8028676971997651	0.8928627820328875	False		118	0	0.0				False	False	False	False	6	0.0	0.0		False	False	0	False
COPS5	M09	magenta	9	True	down	-4.6105698392268	-3.5921681251747	0.001557596785034	0.755207151061515	0.755207151061515	0.820238652960999	0.820238652960999	0.641588216697036	0.641588216697036	0.503208822098144	0.503208822098144	0.759381675774379	0.759381675774379	0.684362376431776	0.684362376431776	72	2	2	0.223733190510253	1.0	0.959016393442623	5	True	True	True	True	True	True	True	True	-1	True	8	16	1.0	1.0	14.59179807547945	15.423153176819469	0.8313551013400193	1.0182412295869603	0.84375	108.0	0.005669836064236388	1.5645739377656203	-0.5889000580422994	3.7180479335735397	0.15445163410401813	0.022679344256945552	0.3329736527437274	True	Q92905	118	118	1.0	14.1329197883606	0.0646464395760957	0.15413806475639888	True	False	True	False	6	-5.516054949981246	0.0	0.125	False	False	0	False
COPZ1	M04	yellow	4	False	not_shared	-2.39872370750866	-2.0334122145368	0.0881993252251289	0.881222359100423	0.881222359100423	0.731730913328399	0.731730913328399	0.677545803541228	0.677545803541228	0.815253411864296	0.815253411864296	0.793516723896207	0.793516723896207	0.747182672303645	0.747182672303645	812	2	2	0.35751137412274	1.0	1.0	5	True	True	True	True	True	True	True	True	-1	True	8	16	1.0	1.0	17.21427117765865	17.813211137079964	0.5989399594213154	0.28168370613891197	0.640625	82.0	0.29074701789737456	-0.04389110109431782	-1.027098558319815	0.9393163561311791	0.9302786732651983	0.4772639727749356	0.9693297463534435	True	F8VVA7;P61923	118	118	1.0	15.9282851219177	0.0019181861435099824	0.013597808439548543	True	False	False	False	6	-0.16930880462343634	0.3333333333333333	0.21875	False	False	0	False
COX14	M04	yellow	4	False	not_shared	-1.93450504311975	-3.72213323568717	0.0010133705785146	0.878690292517757	0.878690292517757	0.781177348149585	0.781177348149585	0.723594018195405	0.723594018195405	0.501449838317166	0.501449838317166	0.6380042916463	0.6380042916463	0.58204921803663	0.58204921803663	812	2	2	0.301559428053134	0.992537313432836	1.0	4	True	True	True	True	True	True	True	True	-1	False	0	0	0.0	0.0														False		118	0	0.0				False	False	False	False	6	0.14161273679435027	0.5	0.84375	False	False	0	False
COX5A	M04	yellow	4	True	down	-11.1222545448637	-8.98248015261937	7.84816353460529e-17	0.835751542867791	0.835751542867791	0.840213935940451	0.840213935940451	0.656128177466648	0.656128177466648	0.867033476298906	0.867033476298906	0.851604395910905	0.851604395910905	0.805163926323364	0.805163926323364	812	2	2	0.283169570217892	1.0	1.0	5	True	True	True	True	True	True	True	True	-1	True	8	16	1.0	1.0	19.80218205735452	19.353227136127593	-0.44895492122692815	-0.6179972501843211	0.3125	40.0	0.15312364457606076	-0.3745464743954303	-1.1258929478553972	0.37679999906453665	0.3285480045592819	0.3059340659340659	0.5458112592175313	True	P20674	118	118	1.0	20.18767070770265	0.01445138460677467	0.05691347764890271	True	False	False	False	6	0.7979793929367318	1.0	0.03125	True	False	1	True
COX6C	M04	yellow	4	True	down	-7.88929682827129	-9.8176026450443	7.475940043270691e-20	0.92444795114381	0.92444795114381	0.784506820235248	0.784506820235248	0.788295376440913	0.788295376440913	0.64109041877165	0.64109041877165	0.931382182902635	0.931382182902635	0.63370379432171	0.63370379432171	812	3	3	0.562456573103915	1.0	1.0	5	True	True	True	True	True	True	True	True	-1	True	8	16	1.0	1.0	21.809884356906345	21.251296160141308	-0.5585881967650366	-0.7175340722623147	0.3359375	43.0	0.2143932255656579	-0.47968112539352004	-1.3204987619074204	0.3611365111203805	0.2635042097411717	0.3906222120253872	0.49018554467109793	True	P09669	118	118	1.0	18.7335548400879	0.007672255547654914	0.03765306953387565	False	False	False	False	6	-0.4440393889161278	0.16666666666666666	0.09375	False	False	0	False
COX7A2	M04	yellow	4	True	down	-4.26783076713623	-6.40413181126265	5.5750420256547706e-09	0.900745657424486	0.900745657424486	0.738781862992117	0.738781862992117	0.802758737872069	0.802758737872069	0.749382661837656	0.749382661837656	0.811279928570008	0.811279928570008	0.579330906449449	0.579330906449449	812	3	3	0.564690942407351	1.0	1.0	5	True	True	True	True	True	True	True	True	-1	True	8	16	1.0	1.0	20.254023359098674	19.314246026084106	-0.9397773330145682	-0.7427205608638237	0.2890625	37.0	0.10563842761985177	-1.5466696418836345	-3.011021406192726	-0.08231787757454323	0.038439003773093484	0.23120863403590197	0.11572990067106413	True	D6RGV5;D6RIE3;H0UI06;P14406	118	118	1.0	18.42063999176025	0.0037891900631807007	0.022384289447308213	True	False	False	False	6	-0.20788966522080088	0.16666666666666666	0.09375	False	True	1	True
COX7B	M10	purple	10	True	down	-4.09649259099927	-4.87347928198859	1.21709536091064e-05	0.831664555473393	0.831664555473393	0.48106742090461	0.48106742090461	0.790672747155558	0.790672747155558	0.189853785657074	0.189853785657074	0.709060904024601	0.709060904024601	0.482548686727479	0.482548686727479	47	3	3	0.436260098038851	1.0	1.0	5	True	True	True	True	True	True	True	True	-1	True	8	16	1.0	1.0	16.785228716387476	17.262568411084597	0.4773396946971218	0.19089796379954924	0.5859375	75.0	0.5283308247368013	0.14046288293049125	-2.032232702997376	2.3131584688583584	0.8991699548212965	0.6911997255955145	0.9535766199257887	True	P24311	118	118	1.0	15.44760513305665	0.19148472673595826	0.3301817720474091	False	False	False	False	6	-0.35213160077769423	0.16666666666666666	0.21875	False	False	0	False
COX7C	M04	yellow	4	True	down	-6.49278032847219	-3.45403667729418	0.0024466662482175	0.746951863882076	0.746951863882076	0.579285125236651	0.579285125236651	0.633019268974787	0.633019268974787	0.556614383064898	0.556614383064898	0.704581254402555	0.704581254402555	0.514962939989074	0.514962939989074	812	2	2	0.346560614733558	1.0	1.0	5	True	True	True	True	True	True	True	True	-1	True	8	16	1.0	1.0	19.288315924087215	19.40934970978271	0.12103378569549506	-0.2926409520594496	0.484375	62.0	0.928439054701001	-0.10082720655088018	-1.7016659800279643	1.500011566926204	0.9017536606903455	0.992548742007421	0.9535766199257887	True	D6R9Z7;P15954	118	118	1.0	14.48056030273435	0.006057321109839727	0.031165894097401177	False	False	False	False	6	0.3071149966312836	0.8333333333333334	0.0625	True	False	1	True
CPNE3	M05	green	5	True	down	-4.43388444538359	-3.87970381093649	0.0005967227718	0.866316154660408	0.866316154660408	0.892517473451737	0.892517473451737	0.543794531664914	0.543794531664914	0.689685877009887	0.689685877009887	0.778753149405253	0.778753149405253	0.790142337078227	0.790142337078227	512	2	2	0.0543056227046561	1.0	0.975409836065574	5	True	True	True	True	True	True	True	True	-1	True	8	16	1.0	1.0	17.131902951193027	17.527506293728294	0.3956033425352672	1.0566448605230223	0.8125	104.0	0.013120843649851593	0.29992076765354825	-0.06491306609669634	0.6647546014037928	0.10712799795883528	0.04390436144373417	0.25224464767612276	True	O75131	118	118	1.0	17.5472545623779	2.4595800073767666e-07	3.923030111765943e-05	True	False	False	False	6	-0.6768370827732633	0.16666666666666666	0.0625	False	False	0	False
CRTC1	M06	red	6	True	up	4.82013919007544	7.38461471190232	1.2361947581831199e-11	0.785352514573297	0.785352514573297	0.844326312192126	0.844326312192126	0.575286199337438	0.575286199337438	0.551061382730279	0.551061382730279	0.772418072102265	0.772418072102265	0.827584986742339	0.827584986742339	231	2	2	0.136238536368483	0.992537313432836	1.0	5	True	True	True	True	True	True	True	True	1	True	4	10	0.5	0.625	10.784546270976863	12.26666939841674	1.482123127439877	1.4028923486963072	0.9	36.0	0.023976023976023976	1.613896760877041	-0.01100926289461479	3.238802784648697	0.05157255951738815	0.07011475919038944	0.14004810800524548	True	M0QX46;Q6UUV9;Q6UUV9-2;Q6UUV9-3	118	106	0.8983050847457628	13.8974847793579	0.547600363782212	0.7029856065625852	False	False	False	False	6	0.0	0.0		False	True	1	True
CSDE1	M05	green	5	False	not_shared	-1.51120849809269	-4.18465492831109	0.0001994152327359	0.850552338517936	0.850552338517936	0.814987623353985	0.814987623353985	0.641278770932081	0.641278770932081	0.641673851184467	0.641673851184467	0.950399709140252	0.950399709140252	0.845375514283474	0.845375514283474	512	2	2	0.170021829889632	1.0	1.0	5	True	True	True	True	True	True	True	True	-1	True	8	16	1.0	1.0	15.394666021281608	15.48954944058554	0.0948834193039314	0.16178315842901922	0.484375	62.0	0.928439054701001	0.11497159690976921	-0.5736208542938976	0.8035640481134361	0.743480663003268	0.992548742007421	0.8975839276984908	True	O75534;O75534-4	118	118	1.0	15.20693016052245	0.0005319480899705117	0.006060408596449758	True	False	False	False	6	0.1789091946156618	0.6666666666666666	0.3125	False	False	0	False
CSNK1G2	M02	blue	2	False	not_shared	3.24635449753344	5.21120157141497	2.69138446488974e-06	0.822614072007602	0.822614072007602	0.124325301358953	0.124325301358953	0.748967348938967	0.748967348938967	0.425786217738391	0.425786217738391	0.601026821749084	0.601026821749084	0.462669169631042	0.462669169631042	2184	2	2	0.255373276986	0.992537313432836	1.0	5	True	True	True	True	True	True	True	True	1	False	0	0	0.0	0.0														True	P78368;Q9Y6M4;Q9Y6M4-2;Q9Y6M4-3;Q9Y6M4-4	118	29	0.2457627118644068	12.1671695709229	0.22252249800939278	0.3648560226637585	False	False	False	False	6	3.591657623612498	1.0	0.03125	True	False	1	True
CTBP2	M03	brown	3	False	not_shared	2.18944240965638	4.12425021299399	0.000248720332291	0.842459069217625	0.842459069217625	0.632026717112714	0.632026717112714	0.568725436909509	0.568725436909509	0.412035713461848	0.412035713461848	0.702233366468358	0.702233366468358	0.59596734446444	0.59596734446444	993	2	2	0.173234068887302	1.0	1.0	5	True	True	True	True	True	True	True	True	1	True	8	16	1.0	1.0	16.554993530416382	16.271527581203827	-0.2834659492125553	-0.4113601132120026	0.3671875	47.0	0.31962919000205303	-0.19266653490966923	-0.6552101430228978	0.2698770732035594	0.4142727961733995	0.5033075028086627	0.6487668317432483	True	P56545;P56545-2;P56545-3;Q5SQP8	118	118	1.0	15.77533006668095	0.9304684962226889	0.958033192662753	True	False	False	False	6	0.34509936210447956	0.6666666666666666	0.84375	False	False	0	False
CTSB	M02	blue	2	False	not_shared	1.89248080416104	4.07852332453538	0.0002929844412952	0.784498363772756	0.784498363772756	0.58969849757514	0.58969849757514	0.783310608395786	0.783310608395786	0.71618338907113	0.71618338907113	0.667511558791083	0.667511558791083	0.57949837774401	0.57949837774401	2184	2	2	0.314233370128903	1.0	1.0	5	True	True	True	True	True	True	True	True	1	False	0	0	0.0	0.0														True	P07858	118	118	1.0	19.1199903488159	0.02526256497644915	0.08307998172667298	True	False	False	True	6	0.4915402181757269	1.0	0.03125	True	False	1	True
CUX1	M03	brown	3	True	up	6.36591369548699	6.15020201459436	2.38064241397845e-08	0.825254071565966	0.825254071565966	0.619358961750717	0.619358961750717	0.690529568064539	0.690529568064539	0.490189612462361	0.490189612462361	0.707967589547115	0.707967589547115	0.753440616911402	0.753440616911402	993	2	3	0.416572654937674	1.0	1.0	5	True	True	True	True	True	True	True	True	1	True	8	16	1.0	1.0	11.505675239805662	12.74973002385743	1.2440547840517677	1.0793586960728885	0.7734375	99.0	0.032428199072431135	0.9359686568250954	-0.4411614276137953	2.3130987412639863	0.18282974660002194	0.08956359743814314	0.37701537808203284	True	Q13948-2	118	118	1.0	14.2388095855713	0.00404175447481421	0.02344217595392242	True	False	False	False	6	0.9609097892105427	1.0	0.03125	True	False	1	True
CWC15	M04	yellow	4	True	down	-3.57657135721006	-2.75630752704606	0.017527548012682	0.739685803287488	0.739685803287488	0.49806382834361	0.49806382834361	0.68172282957197	0.68172282957197	0.251705681004547	0.251705681004547	0.710681910114764	0.710681910114764	0.813882457150504	0.813882457150504	812	2	3	0.402250150564862	1.0	0.991803278688525	5	True	True	True	True	True	True	True	True	-1	True	7	16	0.875	1.0	15.08668120108622	15.987371870123148	0.9006906690369281	1.2766693115706231	0.8392857142857143	94.0	0.00957753602793312	1.1275783719141437	0.29885277857822934	1.956303965250058	0.007658613928554424	0.03366649028000733	0.03436026789567661	True	Q9P013	118	117	0.9915254237288136	14.8931999206543	0.770179502855792	0.8650959908837945	True	False	False	False	6	-5.505857249053744	0.0	0.0625	False	False	0	False
DBI	M04	yellow	4	True	down	-5.927510530093	-4.88088625929457	1.17408776424625e-05	0.744394483543995	0.744394483543995	0.797393056961691	0.797393056961691	0.668449769583471	0.668449769583471	0.702979577143345	0.702979577143345	0.7378956032361	0.7378956032361	0.580801041411389	0.580801041411389	812	2	3	0.423757094766343	1.0	1.0	5	True	True	True	True	True	True	True	True	-1	True	8	16	1.0	1.0	19.720710528239284	19.60744020820736	-0.11327032003192272	0.13885501234784817	0.4609375	59.0	0.7874627279661603	-0.09486476799243959	-0.5332506990857244	0.3435211631008453	0.6714728314492939	0.9014375964875783	0.845428939232268	True	A0A0A0MTI5;B8ZWD1;P07108;P07108-2;P07108-3;P07108-4;P07108-5	118	118	1.0	16.36587524414065	0.8698157618175691	0.92759058495343	True	False	False	False	6	-0.38398524562538583	0.3333333333333333	0.5625	False	False	0	False
DDR1	M04	yellow	4	False	not_shared	-2.65784872865149	-2.77148118910754	0.0169093054881694	0.862386269339124	0.862386269339124	0.80658316088383	0.80658316088383	0.699754949299701	0.699754949299701	0.773399849263143	0.773399849263143	0.854827426135454	0.854827426135454	0.577490401372559	0.577490401372559	812	2	3	0.445952914802517	1.0	1.0	5	True	True	True	True	True	True	True	True	-1	False	0	0	0.0	0.0														False		118	0	0.0				True	False	False	False	6	0.3088912563556656	0.8333333333333334	0.15625	False	False	0	False
DDRGK1	M02	blue	2	True	up	3.17049195566926	4.20662407556917	0.000183148575009	0.855658705973228	0.855658705973228	0.859197310792155	0.859197310792155	0.829059491515422	0.829059491515422	0.801130220074359	0.801130220074359	0.609268674566976	0.609268674566976	0.809982233224437	0.809982233224437	2184	2	2	0.199205272202612	1.0	1.0	4	True	True	True	True	True	True	True	True	1	True	8	16	1.0	1.0	15.001325543192618	15.0976029628774	0.09627741968478176	0.48201568233106074	0.59375	76.0	0.4895774272540997	0.3224585399491957	-0.336715511340966	0.9816325912393574	0.33766635483859175	0.6586575920941244	0.5577374617234451	True	Q96HY6	118	118	1.0	16.1613550186157	0.2239409284929718	0.3648560226637585	True	False	False	False	6	5.909660879173172	1.0	0.03125	True	False	1	True
DDX5	M05	green	5	False	not_shared	-2.13195446191306	-2.8578545190592	0.0135887540706583	0.811734026488993	0.811734026488993	0.864869667628428	0.864869667628428	0.687141989103114	0.687141989103114	0.892825917321737	0.892825917321737	0.819625771189782	0.819625771189782	0.893704425513994	0.893704425513994	512	2	2	0.300620318216231	0.992537313432836	1.0	5	True	True	True	True	True	True	True	True	-1	True	8	16	1.0	1.0	16.827367506842442	17.58566246824529	0.7582949614028465	1.58484020806984	0.859375	110.0	0.003562343042757634	0.9535029628947648	0.1648849326487739	1.7421209931407557	0.017799879201207767	0.016311781301048114	0.06566177660889977	True	J3KTA4;P17844	118	118	1.0	20.15322494506835	3.625300592142243e-06	0.00023008046658565932	True	False	False	True	6	-0.1760558337486735	0.3333333333333333	0.15625	False	False	0	False
DECR1	M05	green	5	True	down	-3.83795582533166	-5.01268914344911	6.5281124050568e-06	0.7619110581966	0.7619110581966	0.714273274038043	0.714273274038043	0.751834518587684	0.751834518587684	0.58645955982148	0.58645955982148	0.754334662583374	0.754334662583374	0.67900449394208	0.67900449394208	512	3	3	0.424056129106315	1.0	0.991803278688525	5	True	True	True	True	True	True	True	True	-1	True	8	16	1.0	1.0	18.06768919824637	18.530451211076798	0.46276201283042795	0.9562871356435244	0.734375	94.0	0.07022982551317455	0.5556986628602045	0.1099329803625268	1.0014643453578822	0.014552722352527074	0.1721125301308785	0.05685310730327504	True	Q16698;Q16698-2	118	118	1.0	19.118330001831048	0.01933646782682656	0.06896609974385684	True	False	False	False	6	0.0005167382166813006	0.5	1.0	False	False	0	False
DENND4C	M03	brown	3	True	up	3.81824077104558	3.11823800018843	0.0065179927643939	0.867227511183788	0.867227511183788	0.809035908957216	0.809035908957216	0.546477130384213	0.546477130384213	0.784711974103818	0.784711974103818	0.756338921497048	0.756338921497048	0.572623062711452	0.572623062711452	993	2	2	0.175252649970866	1.0	1.0	5	True	True	True	True	True	True	True	True	1	True	8	16	1.0	1.0	11.278221728286205	12.491216207871947	1.212994479585742	2.228757923655866	0.953125	122.0	8.1580375024984e-05	1.5919020583616048	0.6645013144078791	2.5193028023153303	0.0007673316903747766	0.0008349991326086596	0.005307377525092204	True	Q5VZ89;Q5VZ89-3;Q5VZ89-7	118	113	0.9576271186440678	13.3655996322632	0.06389750020167397	0.15413806475639888	True	False	False	False	6	0.0	0.0		False	True	1	True
DLD	M05	green	5	True	down	-6.35652128466037	-4.82414504775477	1.50663415338594e-05	0.926101425003087	0.926101425003087	0.841647958636951	0.841647958636951	0.710533256381734	0.710533256381734	0.42582844706302	0.42582844706302	0.730519962937497	0.730519962937497	0.911101342239075	0.911101342239075	512	3	2	0.342302421826873	1.0	0.991803278688525	5	True	True	True	True	True	True	True	True	-1	True	8	16	1.0	1.0	18.924421036539442	19.099432310145744	0.17501127360630164	0.051577041122300195	0.5625	72.0	0.652906776745786	0.0014227732855237596	-0.382586642460896	0.38543218903194354	0.9942060043543826	0.8028676971997651	0.9942060043543826	True	P09622	118	118	1.0	17.99383544921875	0.0005713555574309011	0.006075414094015248	True	False	False	False	6	-0.07923517156824111	0.5	0.4375	False	False	0	False
DNAJC4	M02	blue	2	False	not_shared	-1.05559410262169	2.789050308229	0.0161563229052345	0.766704883240631	0.766704883240631	0.528340435826536	0.528340435826536	0.816933545758928	0.816933545758928	0.348119175442258	0.348119175442258	0.673984970324533	0.673984970324533	0.503048138383792	0.503048138383792	2184	2	2	0.394118447442647	1.0	0.975409836065574	5	True	True	True	True	True	True	True	True	1	False	0	0	0.0	0.0														False		118	0	0.0				False	False	False	False	6	-0.4088217302067627	0.0	0.25	False	False	0	False
DNAJC7	M03	brown	3	False	up	3.19641487096865	2.18689808669364	0.0645898321600887	0.899855785861667	0.899855785861667	0.846498561754393	0.846498561754393	0.562964946006272	0.562964946006272	0.454441889310993	0.454441889310993	0.809857193378693	0.809857193378693	0.692313189990129	0.692313189990129	993	2	2	0.186627310417692	1.0	0.991803278688525	5	True	True	True	True	True	True	True	True	1	True	8	16	1.0	1.0	15.263040970350685	15.933782527858174	0.6707415575074887	0.791867948097635	0.65625	84.0	0.23814127273543073	0.4207499582918684	-0.3324010216363246	1.1739009382200614	0.2735431382393746	0.42718125212334995	0.4989907796454525	True	Q99615	118	118	1.0	14.408354759216351	0.0036885639342283103	0.022384289447308213	True	False	False	False	6	2.768799161610672	0.6666666666666666	0.125	False	False	0	False
DNAJC8	M04	yellow	4	False	not_shared	-2.39496757810924	-2.93615588769017	0.0109613644389014	0.738170038755905	0.738170038755905	0.505199155864063	0.505199155864063	0.571650388806307	0.571650388806307	0.229285503416291	0.229285503416291	0.828942712820926	0.828942712820926	0.432812622519012	0.432812622519012	812	2	2	0.364658835391589	1.0	1.0	5	True	True	True	True	True	True	True	True	-1	False	0	0	0.0	0.0														True	O75937	118	118	1.0	14.81829500198365	0.6138168737536933	0.7531060874131852	True	False	False	False	6	-5.651256301790551	0.0	0.0625	False	False	0	False
DOCK1	M03	brown	3	False	not_shared	1.9770264393408	2.59572569422982	0.0259704070850141	0.745596516504099	0.745596516504099	0.416116457613198	0.416116457613198	0.647444039245141	0.647444039245141	0.605213621550491	0.605213621550491	0.840664767830029	0.840664767830029	0.597281018506947	0.597281018506947	993	2	2	0.388712142206269	1.0	1.0	5	True	True	True	True	True	True	True	True	1	True	8	16	1.0	1.0	9.144765259605059	11.129993511509479	1.9852282519044202	1.6797563403997717	0.8984375	115.0	0.0009436130044556481	2.0401056437270975	0.3943332659442149	3.6858780215099802	0.015116380863504543	0.005863880813402956	0.057685499387166765	True	A0A096LNH6;Q14185	118	107	0.9067796610169492	13.4432802200317	0.2869394820431615	0.43591226972776664	True	False	False	False	6	0.0	0.0		False	True	1	True
DSG2	M05	green	5	False	not_shared	-2.25821681125546	-2.42798819914694	0.038511902778088	0.832083095889232	0.832083095889232	0.870292713379806	0.870292713379806	0.684759268304985	0.684759268304985	0.736564549015337	0.736564549015337	0.834498424400477	0.834498424400477	0.926831005267639	0.926831005267639	512	2	3	0.430117699312889	1.0	1.0	5	True	True	True	True	True	True	True	True	-1	True	8	16	1.0	1.0	14.972606944430673	17.4789023424972	2.506295398066527	4.77780438152981	1.0	128.0	2.719345834166133e-06	2.5354516061305006	1.9608752646562149	3.1100279476047863	5.2045390803008e-18	0.00013519033575568775	8.639534873299328e-16	True	Q14126	118	118	1.0	18.367105484008803	0.6696530918032128	0.7911827269823144	True	False	False	False	6	0.5444823503517608	1.0	0.03125	True	False	1	True
DSTN	M10	purple	10	True	down	-5.48067289243437	-5.78602752697931	1.64950838815401e-07	0.904220703495011	0.904220703495011	0.932036046501604	0.932036046501604	0.769432122612701	0.769432122612701	0.778247917218849	0.778247917218849	0.780008094820986	0.780008094820986	0.946912396750838	0.946912396750838	47	3	3	0.44144695319094	1.0	1.0	5	True	True	True	True	True	True	True	True	-1	True	8	16	1.0	1.0	18.313644651086115	19.06895878619644	0.755314135110325	0.7074959657538901	0.734375	94.0	0.07022982551317455	0.23344584525602396	-0.3966814817130959	0.8635731722251438	0.46776774400235965	0.1721125301308785	0.6995445540936189	True	P60981;P60981-2	118	118	1.0	16.851380348205552	0.1748389020371049	0.30985338749909147	True	False	False	False	6	-0.43123201523427124	0.0	0.03125	False	False	0	False
DUSP11	M05	green	5	False	not_shared	-1.83376729100079	-1.98803185538016	0.0962821937128822	0.789991089447511	0.789991089447511	0.373699340256678	0.373699340256678	0.531594056072746	0.531594056072746	0.322276415651016	0.322276415651016	0.727069210198058	0.727069210198058	0.594315285936218	0.594315285936218	512	2	2	0.0711302024323541	0.992537313432836	0.967213114754098	5	True	True	True	True	True	True	True	True	-1	True	4	14	0.5	0.875	9.928270742744195	10.53046358031385	0.602192837569655	-0.09034457425041524	0.5535714285714286	31.0	0.7980392156862743	-0.2900616456511438	-3.742902685747765	3.1627793944454776	0.869219450793072	0.9105496624879459	0.9437334815228767	False		118	0	0.0				False	False	False	False	6	0.0	0.0		False	False	0	False
DYNLL1	M04	yellow	4	True	down	-6.53180249773628	-5.28380392821244	1.91136199580169e-06	0.898164702345046	0.898164702345046	0.714132417612957	0.714132417612957	0.779232784054276	0.779232784054276	0.8549059259689	0.8549059259689	0.786200483394256	0.786200483394256	0.831744393240831	0.831744393240831	812	3	3	0.465543413510857	1.0	1.0	5	True	True	True	True	True	True	True	True	-1	True	8	16	1.0	1.0	17.168306475367004	16.805101030314717	-0.36320544505228725	0.16807873991279787	0.5	64.0	1.0	-0.06628246414517058	-2.4231568605352742	2.2905919322449333	0.9560427525413608	1.0	0.9819937699715944	True	P63167	118	118	1.0	16.625775337219252	0.7082208925829109	0.8245345428246298	True	False	False	False	6	-0.08943450044812717	0.16666666666666666	0.21875	False	False	0	False
DYNLL2	M04	yellow	4	True	down	-4.43078063117416	-2.76575295090477	0.0171634606174178	0.764639652809021	0.764639652809021	0.810459340268868	0.810459340268868	0.717914553007169	0.717914553007169	0.662807721221861	0.662807721221861	0.588162273069367	0.588162273069367	0.503168891317089	0.503168891317089	812	2	2	0.242408821760917	1.0	1.0	5	True	True	True	True	True	True	True	True	-1	True	8	16	1.0	1.0	17.656108056345694	15.323203598037797	-2.3329044583078975	-1.9719003052154485	0.03125	4.0	3.26321500099936e-05	-3.092097823668784	-4.629863133148332	-1.554332514189237	8.112782416718031e-05	0.00047316617514490717	0.0008161950795001171	False		118	0	0.0				False	False	False	False	6	0.4522800262881348	0.8333333333333334	0.09375	True	True	2	True
DYNLT1	M04	yellow	4	True	down	-5.23869332121413	-3.65386673016051	0.0012710577733376	0.838831247853986	0.838831247853986	0.800774581098564	0.800774581098564	0.758111935018011	0.758111935018011	0.561569864754835	0.561569864754835	0.851284398682628	0.851284398682628	0.4351146103056	0.4351146103056	812	3	3	0.520589248990147	1.0	1.0	5	True	True	True	True	True	True	True	True	-1	True	8	16	1.0	1.0	12.722389901410125	13.98877630107286	1.2663863996627356	0.4933030159102296	0.6015625	77.0	0.4523006345593503	0.5041691651064776	-1.5814577257872688	2.589796056000224	0.635648216089026	0.6221368412120708	0.8348328839057907	True	P63172	118	108	0.9152542372881356	13.701869964599599	0.8432543960168981	0.9149597018006479	False	False	False	False	6	-0.9610701284794141	0.0	0.03125	False	False	0	False
EBAG9	M05	green	5	True	down	-3.71006675693486	-3.20058190942066	0.0051630950344038	0.815772510374034	0.815772510374034	0.837711020383045	0.837711020383045	0.426859928508786	0.426859928508786	0.500692931121204	0.500692931121204	0.73537379056033	0.73537379056033	0.673476417002084	0.673476417002084	512	2	2	0.0429962085395792	0.985074626865672	0.983606557377049	5	True	True	True	True	True	True	True	True	-1	True	2	8	0.25	0.5	12.618517322357043	11.046803493416498	-1.5717138289405455	-0.9759366374483306	0.25	4.0	0.4					0.5775933609958507		False		118	0	0.0				False	False	False	False	6	0.0	0.0		False	False	0	False
ECHS1	M04	yellow	4	True	down	-3.89204176049817	-6.84399251978324	3.65312297111928e-10	0.687091982120386	0.687091982120386	0.575196659626792	0.575196659626792	0.741934353613032	0.741934353613032	0.562225329024491	0.562225329024491	0.745545457223525	0.745545457223525	0.493438275903689	0.493438275903689	812	2	3	0.502979423086008	1.0	1.0	5	True	True	True	True	True	True	True	True	-1	True	8	16	1.0	1.0	18.886157351361412	19.725855504568898	0.8396981532074861	1.6673191355459953	0.875	112.0	0.0021618799381620756	0.6680490940331782	0.2297394848999515	1.106358703166405	0.0028147466568297285	0.010596256598315526	0.014833268096309046	True	P30084	118	118	1.0	16.98725032806395	0.8183027648065105	0.9001330412871617	True	False	True	False	6	0.22299713415265643	0.6666666666666666	0.3125	False	False	0	False
EEF2	M02	blue	2	False	not_shared	-2.11498911710618	2.37156473776527	0.0435930792523359	0.837762077819194	0.837762077819194	0.57095216410506	0.57095216410506	0.763102285216666	0.763102285216666	0.685635447326944	0.685635447326944	0.790651079868227	0.790651079868227	0.85460842702052	0.85460842702052	2184	3	3	0.486249250749627	1.0	1.0	5	True	True	True	True	True	True	True	True	1	True	8	16	1.0	1.0	20.064152670101556	19.783862003798124	-0.2802906663034328	-0.6297214158510007	0.171875	22.0	0.008748135548512451	-0.1557976108701873	-0.5659705824472009	0.2543753607068263	0.45659773672387305	0.03106480786614626	0.6951304536789142	True	P13639	118	118	1.0	20.78588485717775	0.007657500816183896	0.03765306953387565	True	False	False	False	6	0.3178785570209959	1.0	0.03125	True	False	1	True
EIF1	M04	yellow	4	True	down	-3.62101531863328	-2.32075917665579	0.0487292161179258	0.850331413713353	0.850331413713353	0.815366453288823	0.815366453288823	0.734838079480603	0.734838079480603	0.821899421529599	0.821899421529599	0.8605983448738	0.8605983448738	0.812603036169072	0.812603036169072	812	3	3	0.504818502836157	1.0	1.0	5	True	True	True	True	True	True	True	True	-1	True	8	16	1.0	1.0	17.585466399881213	17.969764467892297	0.3842980680110841	-0.0052832467333661206	0.5546875	71.0	0.6967970185092274	-0.15605032587863277	-1.1050569865340578	0.7929563347767923	0.7472348745005801	0.8332830324440246	0.898359230070931	True	K7EM18;O60739;P41567	118	118	1.0	14.872509956359849	0.24290679646390287	0.3906907202069877	True	False	False	False	6	0.0897834385380385	0.6666666666666666	1.0	False	False	0	False
EIF3D	M02	blue	2	False	not_shared	-1.00678729781882	2.12263119349571	0.0735840886944913	0.784054141996742	0.784054141996742	0.580669123821587	0.580669123821587	0.801971090376554	0.801971090376554	0.407019980721966	0.407019980721966	0.880417193256562	0.880417193256562	0.716440829600829	0.716440829600829	2184	3	3	0.590845783438997	1.0	1.0	5	True	True	True	True	True	True	True	True	1	True	8	16	1.0	1.0	16.272700499093872	17.339835470745452	1.0671349716515799	1.5497457870094968	0.8359375	107.0	0.007064860477163614	1.2134503052131027	0.31165363697158444	2.115246973454621	0.008356600831302264	0.026436252108096105	0.03698113046970177	True	O15371;O15371-2;O15371-3	118	118	1.0	16.935625076293952	3.460307120911734e-05	0.0008491061319775716	True	False	False	False	6	0.8539317381561689	1.0	0.03125	True	True	2	True
EIF3G	M02	blue	2	False	not_shared	1.32924190082569	2.45358509647779	0.0363170730878974	0.753538825686886	0.753538825686886	0.562995186438057	0.562995186438057	0.75035315172701	0.75035315172701	0.604096440369466	0.604096440369466	0.730328367398313	0.730328367398313	0.552679468689093	0.552679468689093	2184	3	3	0.470540595471359	1.0	0.991803278688525	5	True	True	True	True	True	True	True	True	1	True	8	16	1.0	1.0	17.36317451326216	17.879449947800616	0.516275434538457	1.2565483968600892	0.7890625	101.0	0.022970314261201327	0.5770133455392417	0.02272275408896296	1.1313039369895204	0.04131932669439548	0.06774296070252595	0.12033347774157281	True	O75821	118	118	1.0	16.423120498657198	0.3503898039858794	0.508065215779525	True	False	False	False	6	0.5888057972630905	1.0	0.03125	True	True	2	True
EIF4A2	M05	green	5	True	down	-4.34037298905975	-3.84651560511971	0.000668060044241	0.866892686331709	0.866892686331709	0.849896699522826	0.849896699522826	0.8171726110232	0.8171726110232	0.859685239014319	0.859685239014319	0.925818424551561	0.925818424551561	0.705095746912777	0.705095746912777	512	3	3	0.509867347736958	1.0	0.991803278688525	5	True	True	True	True	True	True	True	True	-1	True	8	16	1.0	1.0	17.478560519004688	16.78808560792385	-0.6904749110808375	-1.1844728742437698	0.203125	26.0	0.019176826822539572	-0.9919365736669365	-1.4848964066130228	-0.49897674072085035	8.01836045288022e-05	0.059057838356139564	0.0008161950795001171	True	Q14240;Q14240-2	118	118	1.0	16.367449760437	0.9449382406961937	0.9661387781477109	True	False	False	True	6	-0.04209037898947754	0.3333333333333333	0.3125	False	True	1	True
EIF4G2	M05	green	5	True	down	-4.03776458022858	-5.36738400150363	1.32888434555529e-06	0.757392446785051	0.757392446785051	0.90030195915358	0.90030195915358	0.752265093721327	0.752265093721327	0.711696255317224	0.711696255317224	0.893288379999641	0.893288379999641	0.943540155083752	0.943540155083752	512	3	3	0.462675940666433	1.0	1.0	5	True	True	True	True	True	True	True	True	-1	True	8	16	1.0	1.0	15.062349125001852	15.492371827506311	0.4300227025044592	0.42855803705038514	0.703125	90.0	0.12004008315759561	0.15713463089034296	-0.35793331974842535	0.6722025815291113	0.5498819289586461	0.2562818953303268	0.7638527213986214	True	P78344	118	118	1.0	14.73830032348635	0.0004934225074491862	0.005829695550973718	True	False	False	False	6	0.033053066106500495	0.6666666666666666	1.0	False	False	0	False
ELMOD3	M06	red	6	True	up	3.43159656196777	4.17065032810923	0.0002094041118613	0.866105858127296	0.866105858127296	0.759843791275939	0.759843791275939	0.758488908312478	0.758488908312478	0.436505973923669	0.436505973923669	0.433035752901289	0.433035752901289	0.491687712086022	0.491687712086022	231	2	2	0.0268816345843028	1.0	1.0	4	True	True	True	True	True	True	True	True	1	False	0	0	0.0	0.0														False		118	0	0.0				False	False	False	False	6	0.0	0.0		False	False	0	False
EMC10	M02	blue	2	False	not_shared	1.35526019874679	2.80096766274578	0.0156891198437212	0.843437990786496	0.843437990786496	0.522406494877347	0.522406494877347	0.686850281249148	0.686850281249148	0.600570573562674	0.600570573562674	0.80614792768007	0.80614792768007	0.214321622949055	0.214321622949055	2184	2	2	0.302942102254313	1.0	1.0	4	True	True	True	True	True	True	True	True	1	True	6	11	0.75	0.6875	14.122345798702993	13.853048494638601	-0.26929730406439134	-0.19172929380924902	0.3181818181818182	21.0	0.2561409179056238	-0.033056863652229464	-1.4053429979333842	1.3392292706289253	0.9623431663456313	0.4524722813764319	0.983070557620768	True	M0R2A0;Q5UCC4;Q5UCC4-2	118	115	0.9745762711864406	13.7295398712158	0.1963640902510812	0.33677497198975753	False	False	False	False	6	0.19833964536349713	0.6666666666666666	0.3125	False	False	0	False
EPB41L1	M03	brown	3	False	not_shared	2.19309807937165	2.54501790475449	0.0293164118166489	0.802248230047175	0.802248230047175	0.615590690438398	0.615590690438398	-0.11062146521839	0.11062146521839	0.318486504870168	0.318486504870168	0.732516496655006	0.732516496655006	0.310976614480677	0.310976614480677	993	2	2	0.0105987568217821	1.0	1.0	5	True	True	True	True	True	True	True	True	1	True	8	16	1.0	1.0	13.443190295079726	14.564206372455487	1.1210160773757618	1.6907920451047018	0.890625	114.0	0.0012590571212189195	1.284297050392508	0.3282554653867832	2.2403386353982326	0.008465559987040164	0.006846123096627875	0.03698113046970177	True	Q9H4G0	118	118	1.0	14.6621298789978	0.9982731418627204	0.9982731418627204	True	False	False	False	6	2.609451978604333	0.5	0.25	False	True	1	True
EPCAM	M04	yellow	4	True	down	-6.95897454622958	-5.39291690185295	1.17998388759146e-06	0.741924796086519	0.741924796086519	0.851244417410677	0.851244417410677	0.631740113071649	0.631740113071649	0.768817377010802	0.768817377010802	0.704388190887751	0.704388190887751	0.822934380257809	0.822934380257809	812	2	3	0.428401426473106	1.0	1.0	4	True	True	True	True	True	True	True	True	-1	True	8	16	1.0	1.0	17.938879325341336	18.071413285642542	0.13253396030120612	0.2559445958737937	0.5390625	69.0	0.7874627279661603	0.2501928954156245	-0.2687648665463621	0.7691506573776111	0.3447041514973702	0.9014375964875783	0.5665434569164698	True	B5MCA4;P16422	118	118	1.0	16.89305973052975	0.030458160548354554	0.09525640406789317	True	False	False	False	6	0.08498324244060917	0.6666666666666666	1.0	False	False	0	False
EPHX1	M02	blue	2	False	not_shared	0.574493623465955	3.98097388520634	0.0004173737456721	0.729466544012761	0.729466544012761	0.558328949586258	0.558328949586258	0.721001044343231	0.721001044343231	0.398477140974181	0.398477140974181	0.676131369126817	0.676131369126817	0.553528206838632	0.553528206838632	2184	2	2	0.399960787150845	1.0	1.0	5	True	True	True	True	True	True	True	True	1	True	8	16	1.0	1.0	17.813632133096398	16.510765666529274	-1.3028664665671243	-2.128166709368648	0.0234375	3.0	1.9035420839162933e-05	-1.3481985290774154	-2.0152741285609856	-0.6811229295938451	7.457370932761764e-05	0.0003680181362238167	0.000798660370863518	True	P07099	118	118	1.0	15.70228481292725	0.03395766646638683	0.10123827666147102	True	False	False	False	6	0.0	0.0		False	False	0	False
ERP44	M05	green	5	False	not_shared	-1.94048486998174	-3.05999726100299	0.0077121797090115	0.782231133827453	0.782231133827453	0.611494816022314	0.611494816022314	0.74501115416104	0.74501115416104	0.611297713382464	0.611297713382464	0.735298983803364	0.735298983803364	0.635136527792991	0.635136527792991	512	3	3	0.443337875882814	1.0	1.0	4	True	True	True	True	True	True	True	True	-1	True	8	16	1.0	1.0	17.60934011463091	17.217558324234155	-0.391781790396756	-0.6858492036368192	0.3203125	41.0	0.17192792101931956	-0.19862179324191875	-0.6528611550133737	0.2556175685295362	0.3914346303171249	0.3305575498051006	0.6188395107870737	True	Q9BS26	118	118	1.0	17.528345108032198	0.6618980140040398	0.7906578682338488	True	False	False	False	6	-0.7122062205294779	0.3333333333333333	0.15625	False	False	0	False
ESYT1	M02	blue	2	False	not_shared	0.441031835652341	2.22856941785334	0.0592555171123334	0.719546105671764	0.719546105671764	0.459968731011995	0.459968731011995	0.439590966554994	0.439590966554994	0.297570461913044	0.297570461913044	0.843214683812289	0.843214683812289	0.56927560897028	0.56927560897028	2184	2	2	0.0652301282960421	1.0	1.0	4	True	True	True	True	True	True	True	True	1	True	8	16	1.0	1.0	14.46176549151771	15.851459311551114	1.3896938200334041	1.8062882865055585	0.9765625	125.0	1.9035420839162933e-05	2.132331343738202	0.4674808009166074	3.797181886559797	0.012062487305293251	0.0003680181362238167	0.0503991660466061	True	Q9BSJ8	118	118	1.0	16.76938915252685	0.002708813213702691	0.017634926840227723	True	False	False	False	6	0.0	0.3333333333333333	0.5	False	True	1	True
EXD3	M06	red	6	False	up	2.69532384067751	3.6101163867423	0.0014693754104913	0.917683946901352	0.917683946901352	0.879920426672109	0.879920426672109	0.799046305934505	0.799046305934505	0.616101489684753	0.616101489684753	0.82607519740173	0.82607519740173	0.70834591432024	0.70834591432024	231	3	3	0.553986668251332	0.992537313432836	1.0	4	True	True	True	True	True	True	True	True	1	False	0	0	0.0	0.0														False		118	0	0.0				False	False	False	False	6	0.0	0.0	1.0	False	False	0	False
FAM162A	M04	yellow	4	True	down	-9.20163380836525	-7.36915179442262	1.3274645011163199e-11	0.764315716131302	0.764315716131302	0.789377767715636	0.789377767715636	0.71345302572527	0.71345302572527	0.783900749271803	0.783900749271803	0.681188944464365	0.681188944464365	0.840144285895232	0.840144285895232	812	2	2	0.355900017624381	1.0	1.0	5	True	True	True	True	True	True	True	True	-1	True	8	16	1.0	1.0	17.626834020245028	18.09483626298949	0.4680022427444612	0.9401019177161568	0.7265625	93.0	0.08080808080808081	0.7669951841736367	0.16072449172225767	1.3732658766250156	0.01315455825087127	0.19130076272933416	0.053259918771820264	True	F8W7Q4;Q96A26	118	118	1.0	15.96590518951415	3.380313561743915e-06	0.00023008046658565932	True	False	False	False	6	1.1077124068644122	0.8333333333333334	0.0625	True	False	1	True
FANCC	M03	brown	3	False	not_shared	1.98995294758737	3.81468486747017	0.0007428628085082	0.849557449879096	0.849557449879096	0.611288934046193	0.611288934046193	0.676544736630336	0.676544736630336	0.392177738514092	0.392177738514092	0.735549713230448	0.735549713230448	0.880281366745822	0.880281366745822	993	2	2	0.39467950064464	1.0	1.0	5	True	True	True	True	True	True	True	True	1	False	0	0	0.0	0.0														False		118	0	0.0				False	False	False	False	6	0.0	0.0		False	False	0	False
FARSA	M02	blue	2	False	not_shared	1.02434977192558	2.83488528596747	0.0144241512091797	0.799343050652365	0.799343050652365	0.71344948389558	0.71344948389558	0.804382152397448	0.804382152397448	0.523773609324653	0.523773609324653	0.920747134017971	0.920747134017971	0.796346419365245	0.796346419365245	2184	3	3	0.557085816395407	1.0	1.0	5	True	True	True	True	True	True	True	True	1	True	8	16	1.0	1.0	16.2868003777081	17.08644860720038	0.7996482294922806	1.4480120345804144	0.7890625	101.0	0.022970314261201327	0.6885742270137493	0.10636411659199774	1.2707843374355008	0.020447673568833428	0.06774296070252595	0.07216212363737465	True	K7ER00;Q9Y285	118	118	1.0	16.84193420410155	0.5914812659963137	0.7399314660895062	True	False	False	False	6	5.352419236281695	1.0	0.03125	True	True	2	True
FBXO7	M04	yellow	4	True	down	-3.46890660417825	-3.48390689065142	0.0022266541821954	0.77048027385662	0.77048027385662	0.654188314635229	0.654188314635229	0.846619894040947	0.846619894040947	0.662882234491644	0.662882234491644	0.761733744642906	0.761733744642906	0.548990119336976	0.548990119336976	812	3	3	0.492199706782973	1.0	1.0	5	True	True	True	True	True	True	True	True	-1	True	7	11	0.875	0.6875	12.377523061838492	10.50603651941161	-1.8714865424268812	-0.841495209945854	0.2857142857142857	22.0	0.1508924082453494	-1.5241946915311502	-3.2347147639425495	0.18632538088024897	0.0807298525762634	0.3052939422638465	0.19853563744681074	False		118	0	0.0				True	False	False	False	6	-5.31898089020014	0.16666666666666666	0.0625	False	True	1	True
FH	M04	yellow	4	True	down	-7.87890496294735	-5.82080073963652	1.37524634190879e-07	0.747355564032501	0.747355564032501	0.509369896186454	0.509369896186454	0.416800451249538	0.416800451249538	0.0218019994989241	0.0218019994989241	0.778179091406845	0.778179091406845	0.534465017459145	0.534465017459145	812	2	2	0.0479716992245723	1.0	1.0	5	True	True	True	True	True	True	True	True	-1	True	8	16	1.0	1.0	19.07751871260905	18.873673355990938	-0.20384535661811043	-0.6142170606079367	0.3359375	43.0	0.2143932255656579	-0.26840798457730575	-0.613537514620631	0.0767215454660195	0.12744171634777804	0.3906222120253872	0.28782754984668235	True	P07954;P07954-2	118	118	1.0	18.30095958709715	0.007272816952911604	0.03682585092029844	True	False	False	False	6	-0.15154038599877184	0.0	0.25	False	False	0	False
FOXP4	M02	blue	2	False	not_shared	0.950582911561167	2.78513943749048	0.0162895166827691	0.85712000505023	0.85712000505023	0.513159219986585	0.513159219986585	0.722575171474129	0.722575171474129	0.770508409692344	0.770508409692344	0.566013311482128	0.566013311482128	0.451836734680657	0.451836734680657	2184	2	2	0.148576160983773	1.0	1.0	5	True	True	True	True	True	True	True	True	1	True	3	15	0.375	0.9375	10.772026855840007	9.933487445453297	-0.8385394103867103	-0.060060207597699686	0.4666666666666667	21.0	0.911764705882353	0.3096984617321894	-1.0749281762727414	1.6943250997371202	0.6611081172735358	0.992548742007421	0.845428939232268	False		118	0	0.0				False	False	False	False	6	6.123310665848015	1.0	0.03125	True	False	1	True
FZR1	M02	blue	2	True	up	2.87243564027326	3.53283242015359	0.0019007220452523	0.773178828907412	0.773178828907412	0.413987482165047	0.413987482165047	0.746057684149996	0.746057684149996	0.516725289595743	0.516725289595743	0.772495645261374	0.772495645261374	0.720023986544236	0.720023986544236	2184	3	3	0.480930237130936	1.0	1.0	5	True	True	True	True	True	True	True	True	1	True	0	1	0.0	0.0625		10.094054297455402												False		118	0	0.0				False	False	False	False	6	5.344285304481199	0.8333333333333334	0.0625	True	False	1	True
GABARAPL2	M04	yellow	4	True	down	-6.20155109019369	-4.25814011988439	0.0001512008910506	0.936738339390361	0.936738339390361	0.872590208918095	0.872590208918095	0.616924341524254	0.616924341524254	0.764050057640015	0.764050057640015	0.829603137628306	0.829603137628306	0.70225179342156	0.70225179342156	812	2	2	0.295404771148715	1.0	0.975409836065574	5	True	True	True	True	True	True	True	True	-1	True	8	15	1.0	0.9375	15.44390797356196	14.107863626428703	-1.3360443471332566	-1.3178556287357162	0.15	18.0	0.005327198489131454	-1.457359269049638	-2.449319067868765	-0.465399470230511	0.0039827645143933315	0.022335723785755976	0.019735489832516207	True	H3BSM5;P60520	118	33	0.2796610169491525	12.388560295105	0.9490558964866385	0.9672486612755197	False	False	False	False	6	-3.6586510143082798	0.16666666666666666	0.09375	False	True	1	True
GDI2	M10	purple	10	False	not_shared	-1.85685112176917	-2.16279713791381	0.0677294489921786	0.940454371254446	0.940454371254446	0.702969065961779	0.702969065961779	0.829226928721696	0.829226928721696	0.317476735135268	0.317476735135268	0.907838046307322	0.907838046307322	0.870062839955924	0.870062839955924	47	3	3	0.511808239491179	1.0	1.0	5	True	True	True	True	True	True	True	True	-1	True	8	16	1.0	1.0	19.669863582113713	19.72604085364864	0.0561772715349278	0.28222617620895074	0.5703125	73.0	0.6100933959326744	0.021116465090604386	-0.10852212619291146	0.15075505637412023	0.7495346588242406	0.7748631451991631	0.898359230070931	True	P50395	118	118	1.0	19.47249507904055	1.2444553482571212e-05	0.00039698125609402167	True	False	False	False	6	0.2761160083735117	0.6666666666666666	0.15625	False	False	0	False
GHITM	M04	yellow	4	True	down	-7.69763902354612	-6.62541308857472	1.4753119784208602e-09	0.735418820415802	0.735418820415802	0.943070794676797	0.943070794676797	0.748190374042053	0.748190374042053	0.795907435511375	0.795907435511375	0.719124971619219	0.719124971619219	0.829543404176324	0.829543404176324	812	3	2	0.37688337482362	1.0	0.991803278688525	5	True	True	True	True	True	True	True	True	-1	True	8	16	1.0	1.0	16.61684116170714	16.45057552172908	-0.16626563997806088	0.2409795615136902	0.578125	74.0	0.568560827007455	0.18247960995774193	-0.6629643500372097	1.0279235699526934	0.672268795052165	0.7382804768604267	0.845428939232268	True	Q9H3K2	118	118	1.0	15.4148602485657	0.4648325117810086	0.616461974242153	True	False	True	False	6	0.6170623520288587	1.0	0.03125	True	False	1	True
GLO1	M05	green	5	True	down	-2.78835309638547	-2.20831721746356	0.0618724938827304	0.835385193069597	0.835385193069597	0.46136036266229	0.46136036266229	0.724725179358337	0.724725179358337	0.270356946610374	0.270356946610374	0.804725784860582	0.804725784860582	0.675823919037185	0.675823919037185	512	3	3	0.429658191669466	1.0	0.991803278688525	5	True	True	True	True	True	True	True	True	-1	True	8	16	1.0	1.0	18.064551318504577	19.154067321083474	1.0895160025788968	2.348402536764277	0.9609375	123.0	5.166757084915653e-05	1.1286304250963024	0.5995976833771457	1.657663166815459	2.8977392497568166e-05	0.0006200108501898784	0.0003435890824711654	True	Q04760;Q04760-2	118	118	1.0	17.0084743499756	0.35639104514426123	0.5121114567613484	True	False	False	False	6	-5.920289265436348	0.0	0.0625	False	False	0	False
GLRX5	M04	yellow	4	True	down	-6.23875597475653	-5.04256133836094	5.70368997928115e-06	0.819749486681387	0.819749486681387	0.858348160875107	0.858348160875107	0.685380423998471	0.685380423998471	0.639117915494472	0.639117915494472	0.813726167586076	0.813726167586076	0.786762410329589	0.786762410329589	812	2	3	0.436253630706001	1.0	0.983606557377049	5	True	True	True	True	True	True	True	True	-1	True	8	16	1.0	1.0	15.166202431590445	15.260266924744656	0.09406449315421028	-0.02999742255752166	0.5859375	75.0	0.5283308247368013	-0.1581044567008879	-1.5054111896005096	1.1892022761987335	0.8180926392440351	0.6911997255955145	0.9238325041803389	True	Q86SX6	118	117	0.9915254237288136	15.7504901885986	0.4020943604388303	0.5576873955651602	True	False	False	False	6	-0.08520062696718567	0.3333333333333333	0.6875	False	False	0	False
GLT8D2	M04	yellow	4	True	down	-3.48656715266273	-5.07651651617147	4.91046639407986e-06	0.902401563425748	0.902401563425748	0.846471190920254	0.846471190920254	0.708588027545487	0.708588027545487	0.509810697187043	0.509810697187043	0.868783658854365	0.868783658854365	0.702952590499397	0.702952590499397	812	3	3	0.439973300928422	1.0	1.0	5	True	True	True	True	True	True	True	True	-1	False	0	0	0.0	0.0														False		118	0	0.0				False	False	False	False	6	0.0	0.0		False	False	0	False
GNAI3	M05	green	5	True	down	-4.50287985763594	-3.55632091458684	0.0017523524626885	0.733856756954921	0.733856756954921	0.806335302581836	0.806335302581836	0.805210422542464	0.805210422542464	0.429693294235863	0.429693294235863	0.793249009421932	0.793249009421932	0.785443858058621	0.785443858058621	512	3	3	0.500885447686809	0.992537313432836	0.983606557377049	5	True	True	True	True	True	True	True	True	-1	True	8	16	1.0	1.0	15.21549195194013	16.6150371379494	1.39954518600927	1.4117418625495473	0.8515625	109.0	0.004508675393047449	1.0213814263227623	0.02933413393966322	2.0134287187058613	0.0435997262733858	0.019462401299346607	0.1226704162946109	True	P08754	118	118	1.0	16.66493034362795	0.004947355355716786	0.026749260313112797	True	False	False	False	6	-5.922269723115854	0.0	0.03125	False	False	0	False
GNG5	M04	yellow	4	True	down	-5.80195080643873	-2.73551175461959	0.0184413699204037	0.91721972793326	0.91721972793326	0.828456315223765	0.828456315223765	0.729084175602137	0.729084175602137	0.732443872710601	0.732443872710601	0.845796871727554	0.845796871727554	0.669819949742564	0.669819949742564	812	3	3	0.541560810594263	1.0	1.0	5	True	True	True	True	True	True	True	True	-1	True	8	16	1.0	1.0	18.440451841882	18.33861979497484	-0.10183204690715897	-0.16678018789293372	0.484375	62.0	0.928439054701001	-0.2650347108233517	-1.5169003753155483	0.9868309536688449	0.678180359629673	0.992548742007421	0.8496448279134017	True	P63218	118	118	1.0	16.41978549957275	0.12261529658094827	0.2523501910278871	False	False	False	False	6	-0.01675804773089773	0.5	1.0	False	False	0	False
GNL1	M02	blue	2	True	up	6.00510325476887	4.0559993607053	0.000318264888669	0.807213333954529	0.807213333954529	0.173179851693335	0.173179851693335	0.740901658508544	0.740901658508544	0.412922840703927	0.412922840703927	0.86754655345759	0.86754655345759	0.562565657264553	0.562565657264553	2184	3	3	0.497259495798847	1.0	1.0	5	True	True	True	True	True	True	True	True	1	False	0	0	0.0	0.0														True	P36915	118	118	1.0	14.78694486618045	0.004794426398383346	0.026749260313112797	True	False	False	False	6	2.56400973102025	0.5	0.25	False	False	0	False
GPA33	M04	yellow	4	False	not_shared	-4.89485875440531	-5.08613223834533	4.70869954319864e-06	0.864326570402061	0.864326570402061	0.790556600966462	0.790556600966462	0.761270524048302	0.761270524048302	0.731323568395046	0.731323568395046	0.64422873424778	0.64422873424778	0.69581810613248	0.69581810613248	812	2	3	0.412789999635807	1.0	1.0	5	True	True	True	True	True	True	True	True	-1	True	8	16	1.0	1.0	18.629660357013613	18.49840720229532	-0.13125315471829424	-0.3751208854017139	0.4375	56.0	0.652906776745786	-0.6203604556894574	-1.5632570837876947	0.32253617240877996	0.1972173344319582	0.8028676971997651	0.3944346688639164	True	Q99795	118	118	1.0	18.5664291381836	0.0008489352489551729	0.007737438411905718	True	False	False	False	6	2.155529904143315	1.0	0.03125	True	False	1	True
GPATCH8	M03	brown	3	False	not_shared	2.18500389827884	2.70925978786931	0.0197038794323222	0.956835983632395	0.956835983632395	0.822152593344844	0.822152593344844	0.879018664693338	0.879018664693338	0.587098168099725	0.587098168099725	0.72247781669215	0.72247781669215	0.71511285321952	0.71511285321952	993	3	3	0.554125939687162	1.0	1.0	5	True	True	True	True	True	True	True	True	1	True	7	15	0.875	0.9375	6.4773307446646085	9.273199827988769	2.7958690833241606	1.2926162673615555	0.7904761904761904	83.0	0.0319448353504081	2.334182481328279	0.8560437647095704	3.812321197946988	0.001967795591560686	0.08956359743814314	0.010888468939969129	True	Q9UKJ3	118	114	0.9661016949152542	12.92412996292115	0.041008393845916286	0.11562010039395194	True	False	False	False	6	0.0	0.0		False	True	1	True
GPR35	M02	blue	2	True	up	3.61363416857829	2.81858134828934	0.015052714460304	0.796827652465286	0.796827652465286	0.332575589872564	0.332575589872564	0.704423989727293	0.704423989727293	0.697236858422434	0.697236858422434	0.673580006967255	0.673580006967255	0.848530752717899	0.848530752717899	2184	2	2	0.0309608483222967	0.992537313432836	0.991803278688525	5	True	True	True	True	True	True	True	True	1	False	0	0	0.0	0.0														False		118	0	0.0				False	False	False	False	6	0.21325840063767654	0.5	0.25	False	False	0	False
GRSF1	M05	green	5	True	down	-3.84486127155798	-5.36178647273114	1.36031720829083e-06	0.786295940554757	0.786295940554757	0.889326223696774	0.889326223696774	0.687984297181569	0.687984297181569	0.656444129039542	0.656444129039542	0.807506090825318	0.807506090825318	0.875336638957511	0.875336638957511	512	2	2	0.296022221912974	1.0	0.991803278688525	5	True	True	True	True	True	True	True	True	-1	True	8	16	1.0	1.0	13.832748011464602	15.330393747649246	1.4976457361846442	1.591401499099631	0.8984375	115.0	0.0009436130044556481	1.6107901799652273	0.24880549802691632	2.972774861903538	0.02044891218674107	0.005863880813402956	0.07216212363737465	True	F5H5I6;H0Y8R1;H0YAK1;Q12849	118	118	1.0	15.113999843597401	0.03294359950320489	0.09993824484237858	True	False	False	False	6	-0.15091339366154655	0.5	0.84375	False	False	0	False
GTF2F1	M02	blue	2	False	not_shared	2.63841524989014	2.56824610981016	0.027821598218406	0.717342536836108	0.717342536836108	0.644129063035725	0.644129063035725	0.817556560089591	0.817556560089591	0.464042631797021	0.464042631797021	0.659659450684604	0.659659450684604	0.839364010493808	0.839364010493808	2184	2	2	0.375943711329548	0.992537313432836	0.991803278688525	5	True	True	True	True	True	True	True	True	1	True	8	16	1.0	1.0	11.808130902657744	13.676604395070987	1.8684734924132425	1.4304563134555721	0.828125	106.0	0.008748135548512451	1.3650501669318533	0.19453937419690992	2.535560959666797	0.022271182825194694	0.03106480786614626	0.07544931324453713	True	M0QXD6;P35269	118	117	0.9915254237288136	15.5357599258423	0.21174173229791554	0.3499772673732386	True	False	False	True	6	0.0	0.3333333333333333	0.5	False	True	1	True
GTF2I	M03	brown	3	True	up	5.67344937831633	5.55824173924086	5.18416773216687e-07	0.918629930897742	0.918629930897742	0.918411873455747	0.918411873455747	0.791771607628107	0.791771607628107	0.591615059391194	0.591615059391194	0.700092580096982	0.700092580096982	0.752207350820679	0.752207350820679	993	3	3	0.406729777234896	1.0	1.0	5	True	True	True	True	True	True	True	True	1	True	8	16	1.0	1.0	14.60409274319407	16.058759196875833	1.4546664536817637	2.8273513315592034	0.9921875	127.0	5.438691668332266e-06	1.2372299060288303	0.8321069022961887	1.642352909761472	2.1552232391861406e-09	0.00017206042732542074	8.944176442622483e-08	True	P78347;P78347-2;P78347-3;P78347-4	118	118	1.0	15.19628524780275	0.5461195310186893	0.7029856065625852	True	False	False	True	6	0.9861324283413686	1.0	0.03125	True	True	2	True
GUCD1	M04	yellow	4	False	not_shared	-1.85316267597437	-4.42540592770483	7.92705694743609e-05	0.84265458669246	0.84265458669246	0.645440328429266	0.645440328429266	0.791566693618357	0.791566693618357	0.54437623043311	0.54437623043311	0.679578945316824	0.679578945316824	0.441824518894236	0.441824518894236	812	2	3	0.440048434506304	1.0	1.0	4	True	True	True	True	True	True	True	True	-1	False	0	0	0.0	0.0														False		118	0	0.0				False	False	False	False	6	-1.7011999244571252	0.3333333333333333	0.8125	False	False	0	False
HADH	M04	yellow	4	True	down	-6.30281675075464	-6.47442931868613	3.7002256529458805e-09	0.809148112868868	0.809148112868868	0.764663640867233	0.764663640867233	0.685891897909551	0.685891897909551	0.39492076270044	0.39492076270044	0.81956685981315	0.81956685981315	0.720555268436392	0.720555268436392	812	2	2	0.390184779666482	1.0	1.0	5	True	True	True	True	True	True	True	True	-1	True	8	16	1.0	1.0	19.850050601599712	20.14699166207717	0.29694106047745805	0.36127039607743383	0.6015625	77.0	0.4523006345593503	-0.00862007763780559	-0.5741755001652048	0.5569353448895936	0.9761680506268968	0.6221368412120708	0.985077054442212	True	A0A0A0MSE2;A0A0D9SFP2;E9PF18;Q16836;Q16836-2;Q16836-3	118	118	1.0	18.9381399154663	0.786643919701685	0.8774105258211102	True	False	True	False	6	0.11977463678074907	0.6666666666666666	0.6875	False	False	0	False
HADHB	M05	green	5	True	down	-3.58873893800744	-7.10206312074491	7.348663023762489e-11	0.777478219588378	0.777478219588378	0.835808651442677	0.835808651442677	0.577998706674605	0.577998706674605	0.4616926332924	0.4616926332924	0.75031252365463	0.75031252365463	0.822877014470061	0.822877014470061	512	2	2	0.221360986578735	1.0	1.0	5	True	True	True	True	True	True	True	True	-1	True	8	16	1.0	1.0	20.05400594993718	20.008608861537432	-0.04539708839974921	0.07500186594296689	0.46875	60.0	0.833960822384567	-0.020573536366895295	-0.2890569094681592	0.24790983673436862	0.88061508988595	0.9301422817778071	0.9461624913984965	True	P55084;P55084-2	118	118	1.0	19.32789516448975	0.5621843309261274	0.7116539744660104	True	False	False	False	6	0.29357730626912915	0.8333333333333334	0.21875	False	False	0	False
HDDC2	M04	yellow	4	True	down	-5.05345602236423	-3.25557022884229	0.0043878381597832	0.705362256641465	0.705362256641465	0.616175010052916	0.616175010052916	0.208483268818964	0.208483268818964	0.611152382606928	0.611152382606928	0.793085708458214	0.793085708458214	0.423746247507807	0.423746247507807	812	2	2	0.0112902253866439	0.992537313432836	0.991803278688525	5	True	True	True	True	True	True	True	True	-1	True	8	16	1.0	1.0	13.423920094939229	13.265987481669175	-0.15793261327005403	0.40102002938593534	0.53125	68.0	0.833960822384567	0.6026230521145011	-0.18611985109661977	1.391365955325622	0.13427079397418754	0.9301422817778071	0.29718602399620175	True	Q7Z4H3;Q7Z4H3-2	118	115	0.9745762711864406	13.2888402938843	0.013870335074120452	0.05600806188157499	True	False	False	False	6	-4.576645028648836	0.0	0.0625	False	False	0	False
HECTD4	M03	brown	3	True	up	4.52033940414399	4.40556311190205	8.55010897549097e-05	0.90584549701018	0.90584549701018	0.839382067449104	0.839382067449104	0.677732248678805	0.677732248678805	0.671025514773285	0.671025514773285	0.883730885855415	0.883730885855415	0.799524531520292	0.799524531520292	993	2	2	0.32227892841728	1.0	1.0	4	True	True	True	True	True	True	True	True	1	False	0	0	0.0	0.0														False		118	0	0.0				False	False	False	False	6	0.0	0.0		False	False	0	False
HEXA	M02	blue	2	False	up	2.6792839558967	2.85138617022067	0.0138013811703707	0.8120303848012	0.8120303848012	0.369318818265983	0.369318818265983	0.813832361958284	0.813832361958284	0.508520336901757	0.508520336901757	0.738981755068174	0.738981755068174	0.591579032068128	0.591579032068128	2184	3	2	0.384058135135493	0.992537313432836	1.0	5	True	True	True	True	True	True	True	True	1	True	8	16	1.0	1.0	17.424551432356893	16.15392884869786	-1.2706225836590335	-1.5371282958651058	0.125	16.0	0.0021618799381620756	-1.3071452922826619	-2.1142847096214736	-0.5000058749438502	0.0015029133084387403	0.010596256598315526	0.008457071498333251	True	H3BP20;H3BS10;P06865	118	118	1.0	16.0685749053955	0.1351268102509821	0.26124516648523205	True	False	False	False	6	-0.07956644081749475	0.16666666666666666	0.4375	False	False	0	False
HINT1	M04	yellow	4	True	down	-5.93424748494042	-3.59099976430297	0.0015614696272083	0.923416879797226	0.923416879797226	0.906300036697276	0.906300036697276	0.753698945411976	0.753698945411976	0.736795244125596	0.736795244125596	0.769981213477559	0.769981213477559	0.774743959530752	0.774743959530752	812	3	3	0.41731013209336	1.0	1.0	5	True	True	True	True	True	True	True	True	-1	True	8	16	1.0	1.0	19.993657556558826	19.75531640611749	-0.23834115044133597	-0.41108765578905576	0.34375	44.0	0.23814127273543073	-0.25934723041611707	-0.6960880119322842	0.17739355110005006	0.24447508619305092	0.42718125212334995	0.4638041635205309	True	P49773	118	118	1.0	18.151700019836447	0.017411603770684268	0.06404129321956865	True	False	False	False	6	0.0543182589420832	0.5	0.5625	False	False	0	False
HMGA1	M02	blue	2	False	not_shared	2.27145673913026	2.37652943317957	0.0430996270956644	0.885990100709577	0.885990100709577	0.740994032176339	0.740994032176339	0.722721821571789	0.722721821571789	0.686124209497148	0.686124209497148	0.931391053701357	0.931391053701357	0.732666506475138	0.732666506475138	2184	3	3	0.480119003638168	1.0	1.0	5	True	True	True	True	True	True	True	True	1	True	8	16	1.0	1.0	18.154886998951035	19.48777810195473	1.3328911030036963	2.5918109642943428	0.96875	124.0	3.26321500099936e-05	1.3496681623027038	0.7145259597665967	1.984810364838811	3.114950180337065e-05	0.00047316617514490717	0.00034472115329063516	True	P17096;P17096-3	118	118	1.0	17.9042100906372	0.13638401343961826	0.26208735112794107	True	False	True	False	6	0.8596936864610378	0.6666666666666666	0.5625	False	True	1	True
HNRNPF	M04	yellow	4	True	down	-4.60603070751014	-4.12850235088704	0.000244856392813	0.712703634755511	0.712703634755511	0.91438343854391	0.91438343854391	0.53822917533573	0.53822917533573	0.746506997347193	0.746506997347193	0.842947713551653	0.842947713551653	0.899139840936634	0.899139840936634	812	2	2	0.232845365216549	1.0	1.0	5	True	True	True	True	True	True	True	True	-1	True	8	16	1.0	1.0	17.793694392474098	18.530588598368006	0.7368942058939076	1.4883451915682169	0.8671875	111.0	0.00278461013418612	0.7500915086139054	0.25458792723282114	1.2455950899949897	0.0030073435027491513	0.013095193604010402	0.015600594420511222	True	P52597	118	118	1.0	17.2089653015137	0.046255465393312115	0.12551316000497095	True	False	False	False	6	-0.32950134921554053	0.16666666666666666	0.0625	False	False	0	False
HNRNPK	M05	green	5	True	down	-3.89536507597216	-4.42157842055838	8.04089291475847e-05	0.962762997825238	0.962762997825238	0.807946452753145	0.807946452753145	0.915107604778242	0.915107604778242	0.80039981749499	0.80039981749499	0.909636162783284	0.909636162783284	0.884705252776458	0.884705252776458	512	3	3	0.761866535465083	1.0	0.991803278688525	4	True	True	True	True	True	True	True	True	-1	True	8	16	1.0	1.0	20.54574048240551	21.094092072221912	0.5483515898164022	1.8563150121188863	0.9296875	119.0	0.0002610572000799488	0.6013253419256608	0.26205170883621787	0.9405989750151037	0.0005131024097251777	0.0023907343586268993	0.003703260870190413	True	P61978;P61978-2	118	118	1.0	21.28674030303955	0.0005678053906033696	0.006075414094015248	True	False	False	False	6	-0.32731432712435193	0.0	0.03125	False	False	0	False
HS3ST4	M09	magenta	9	True	down	-7.82028321320999	-5.43019935056832	9.81645675702956e-07	0.790774522999114	0.790774522999114	0.629300504593671	0.629300504593671	0.827734597321687	0.827734597321687	0.789406626302095	0.789406626302095	0.811681215100076	0.811681215100076	0.847198134139265	0.847198134139265	72	3	3	0.553486064995842	1.0	1.0	5	True	True	True	True	True	True	True	True	-1	False	0	0	0.0	0.0														False		118	0	0.0				False	False	False	False	6	0.0	0.0	0.5	False	False	0	False
HSBP1	M04	yellow	4	True	down	-6.84069331972167	-3.72227816110922	0.0010133705785146	0.881771515592067	0.881771515592067	0.799062042503671	0.799062042503671	0.770371413343177	0.770371413343177	0.687523382066928	0.687523382066928	0.728694265607648	0.728694265607648	0.850343416543829	0.850343416543829	812	3	3	0.495697900183261	1.0	1.0	5	True	True	True	True	True	True	True	True	-1	True	8	15	1.0	0.9375	14.73415432535884	14.0158556648342	-0.7182986605246402	-0.27173044612123526	0.2833333333333333	34.0	0.10055597025579527	-0.5681921895962194	-1.69617595221839	0.5597915730259511	0.3235052105726255	0.22576437192914034	0.5451965985284856	True	O75506	118	96	0.8135593220338984	14.3476800918579	0.37057849638186324	0.5230731873708601	True	False	False	False	6	-0.39898999047253847	0.0	0.03125	False	False	0	False
HSP90B1	M05	green	5	False	not_shared	-1.4315851081913	-2.88150053397485	0.0127768666199636	0.772833782768817	0.772833782768817	0.6463326994452	0.6463326994452	0.825766218524157	0.825766218524157	0.502967510872077	0.502967510872077	0.814011864074805	0.814011864074805	0.538886707719204	0.538886707719204	512	3	3	0.621649681143796	1.0	1.0	5	True	True	True	True	True	True	True	True	-1	True	8	16	1.0	1.0	21.117340319606726	20.90201624725993	-0.21532407234679596	-0.9828521901272831	0.265625	34.0	0.07022982551317455	-0.29925448198022964	-0.5822178186775389	-0.016291145282920416	0.03819036915005842	0.1721125301308785	0.11572990067106413	True	P14625	118	118	1.0	21.007884979248	0.768403496038644	0.8650959908837945	True	False	False	False	6	-0.3629489267134929	0.16666666666666666	0.09375	False	True	1	True
HSPA5	M05	green	5	True	down	-3.81941832329076	-3.57456719910884	0.0016442666924615	0.738648852118254	0.738648852118254	0.817257562155912	0.817257562155912	0.802580802109461	0.802580802109461	0.358612236415159	0.358612236415159	0.552944368038002	0.552944368038002	0.730661191786263	0.730661191786263	512	2	2	0.361449299682742	1.0	1.0	5	True	True	True	True	True	True	True	True	-1	True	8	16	1.0	1.0	20.63935016627623	20.9991909808667	0.3598408145904699	1.0780880129405621	0.796875	102.0	0.019176826822539572	0.300392349719774	0.0021275284516644732	0.5986571709878836	0.04838806044177128	0.059057838356139564	0.13276724022039724	True	P11021	118	118	1.0	20.806719779968248	0.6987609584935559	0.819502741762663	True	False	False	False	6	-0.44791422799378466	0.0	0.03125	False	False	0	False
HTATSF1	M05	green	5	True	down	-3.38259524381342	-2.02243230130304	0.0900740014305537	0.830799424464544	0.830799424464544	0.750505397570557	0.750505397570557	0.701038422004646	0.701038422004646	0.702537209879375	0.702537209879375	0.603853736163714	0.603853736163714	0.442692286996907	0.442692286996907	512	2	2	0.393805658360853	1.0	0.975409836065574	5	True	True	True	True	True	True	True	True	-1	True	8	16	1.0	1.0	11.448574329733962	13.009598505616705	1.5610241758827428	1.3144833037246535	0.8828125	113.0	0.001656081613007175	1.4241552045297963	0.7631941369090149	2.085116272150578	2.409838955437682e-05	0.008732066686765105	0.000296320938224189	True	O43719	118	118	1.0	14.8693652153015	0.2533078401685948	0.40157882180887766	True	True	False	False	6	-6.436602083682381	0.0	0.03125	False	False	0	False
ID3	M04	yellow	4	False	not_shared	-3.93574872924462	-4.04264754915898	0.000334253426683	0.71628560128756	0.71628560128756	0.489544600871945	0.489544600871945	0.696025887650177	0.696025887650177	0.545771073756393	0.545771073756393	0.728754441629685	0.728754441629685	0.507337788191689	0.507337788191689	812	2	3	0.432659368892227	1.0	1.0	5	True	True	True	True	True	True	True	True	-1	False	0	0	0.0	0.0														False		118	0	0.0				False	False	False	False	6	-1.0524891585415288	0.16666666666666666	0.15625	False	False	0	False
IDH1	M05	green	5	True	down	-6.82540890677052	-7.11305862625491	6.926881192246059e-11	0.769202952998463	0.769202952998463	0.76431620449716	0.76431620449716	0.356322145247082	0.356322145247082	0.638630170980588	0.638630170980588	0.771496818322618	0.771496818322618	0.837996511112362	0.837996511112362	512	2	2	0.0380503824207198	1.0	1.0	5	True	True	True	True	True	True	True	True	-1	True	8	16	1.0	1.0	19.822911335507747	19.843117964147112	0.02020662863936451	0.6422534734275236	0.5546875	71.0	0.6967970185092274	0.2386960157239646	-0.18536003575682364	0.6627520672047529	0.2699229591431116	0.8332830324440246	0.49510730627355276	True	O75874	118	118	1.0	20.257399559021	0.0013706913828944887	0.010664647588861997	True	False	False	False	6	-0.002793913414463667	0.5	0.6875	False	False	0	False
IER5	M04	yellow	4	True	down	-3.59702776910978	-3.13873239316453	0.0061690114455049	0.787572299989706	0.787572299989706	0.589192808352713	0.589192808352713	0.495791704732444	0.495791704732444	0.397245348488395	0.397245348488395	0.810476468861431	0.810476468861431	0.448580967762304	0.448580967762304	812	2	2	0.173309653167176	0.992537313432836	0.983606557377049	5	True	True	True	True	True	True	True	True	-1	False	0	0	0.0	0.0														False		118	0	0.0				False	False	False	False	6	0.0	0.0	1.0	False	False	0	False
IL1RAPL1	M04	yellow	4	True	down	-6.10766414143588	-4.36955311071982	9.85344860992071e-05	0.920964864239244	0.920964864239244	0.533042587622378	0.533042587622378	0.721497768200804	0.721497768200804	0.42828492651507	0.42828492651507	0.834261314579916	0.834261314579916	0.64590494263024	0.64590494263024	812	3	3	0.425920067779603	1.0	1.0	5	True	True	True	True	True	True	True	True	-1	False	0	0	0.0	0.0														False		118	0	0.0				False	False	False	False	6	0.0	0.0		False	False	0	False
IL2RG	M02	blue	2	False	not_shared	0.473943043868166	2.56231244970797	0.0282044050288757	0.699781222830684	0.699781222830684	0.291986671562185	0.291986671562185	0.7504118016717	0.7504118016717	0.445542447371378	0.445542447371378	0.727317133094201	0.727317133094201	0.610460238589067	0.610460238589067	2184	2	3	0.445757862193259	1.0	1.0	5	True	True	True	True	True	True	True	True	1	True	5	6	0.625	0.375	9.99304036040461	10.517912434578442	0.5248720741738317	1.063517644890072	0.8	24.0	0.12554112554112554	1.2265191685161643	-1.0128381056474174	3.465876442679746	0.2830501702982886	0.2647776465958284	0.5079603056163882	False		118	0	0.0				False	False	False	False	6	0.0	0.3333333333333333	1.0	False	False	0	False
IMPDH2	M02	blue	2	False	not_shared	2.01197176153229	5.79142717421881	1.61221325649691e-07	0.712407431959949	0.712407431959949	0.643449405425584	0.643449405425584	0.667367954892535	0.667367954892535	0.774034806719144	0.774034806719144	0.889486964391798	0.889486964391798	0.831906166835812	0.831906166835812	2184	2	3	0.447041388258957	1.0	1.0	5	True	True	True	True	True	True	True	True	1	True	8	16	1.0	1.0	16.748012968786213	17.074531153982534	0.3265181851963206	1.023980876418126	0.78125	100.0	0.027375654512550463	0.3791249717393439	-0.0030967826817864252	0.7613467261604743	0.05188529302603974	0.07938939808639633	0.14004810800524548	True	H0Y4R1;P12268	118	118	1.0	17.2511396408081	1.101563166876039e-05	0.00039044294470384045	True	False	False	False	6	0.32781304900086505	0.6666666666666666	0.3125	False	True	1	True
IRF3	M02	blue	2	True	up	3.29756926074216	4.08854118776698	0.000284399835809	0.764531107825195	0.764531107825195	0.193901161570388	0.193901161570388	0.779861390734964	0.779861390734964	0.376196722365069	0.376196722365069	0.725504939238264	0.725504939238264	0.36794071348977	0.36794071348977	2184	3	3	0.476082132616351	1.0	1.0	5	True	True	True	True	True	True	True	True	1	True	6	16	0.75	1.0	13.165981988313082	12.785454957768671	-0.3805270305444104	-0.5863772870675338	0.3541666666666667	34.0	0.3291383539061557	-0.9089547886415383	-2.882611892413109	1.0647023151300323	0.3667124705116689	0.5136329469028798	0.5853295202397791	True	M0QXC8;M0QYT9;M0QZB7;M0QZB8;M0R0X9;M0R205;Q14653;Q14653-4	118	95	0.8050847457627118	14.1872797012329	0.7225360255640223	0.8351050440395765	False	False	False	False	6	0.38469103632402524	0.6666666666666666	0.3125	False	False	0	False
ITFG2	M03	brown	3	False	not_shared	1.19594715274388	4.08277703691715	0.0002894173472297	0.853321026651943	0.853321026651943	0.545558519235514	0.545558519235514	0.792873113404011	0.792873113404011	0.309561947878466	0.309561947878466	0.577311694432557	0.577311694432557	0.435078013581428	0.435078013581428	993	2	2	0.152331146239399	0.992537313432836	0.991803278688525	5	True	True	True	True	True	True	True	True	1	True	0	9	0.0	0.5625		9.793282881771466												False		118	0	0.0				False	False	False	False	6	0.0	0.0		False	False	0	False
ITGB4	M02	blue	2	True	up	5.71219587227129	3.53064035425689	0.0019152979661081	0.783225688407953	0.783225688407953	0.631926570574615	0.631926570574615	0.810275741436366	0.810275741436366	0.743418195541361	0.743418195541361	0.829107274330204	0.829107274330204	0.675381098033389	0.675381098033389	2184	3	3	0.565205129164378	1.0	1.0	5	True	True	True	True	True	True	True	True	1	True	8	16	1.0	1.0	14.783995454780474	16.41843146742722	1.634436012646745	3.7448176064241325	1.0	128.0	2.719345834166133e-06	1.6248681094320225	1.1008081351057264	2.1489280837583187	1.2249472376520699e-09	0.00013519033575568775	5.809749755721246e-08	True	P16144;P16144-2;P16144-4	118	118	1.0	17.0666904449463	1.5583531643013107e-05	0.00041426221617676506	True	False	False	False	6	-0.03017965660735511	0.5	0.5625	False	True	1	True
ITPK1	M02	blue	2	False	not_shared	2.22478713538832	2.29429505255651	0.051691309645481	0.724239401096021	0.724239401096021	0.506141065214354	0.506141065214354	0.727310811990568	0.727310811990568	0.396340571939609	0.396340571939609	0.582927656165146	0.582927656165146	0.516101794535789	0.516101794535789	2184	2	2	0.202595552814709	1.0	1.0	5	True	True	True	True	True	True	True	True	1	False	0	0	0.0	0.0														True	Q13572	118	117	0.9915254237288136	15.3889303207397	0.040006256438297194	0.11426952556856802	True	False	False	True	6	-0.005117431613641532	0.3333333333333333	0.8125	False	False	0	False
ITPR3	M03	brown	3	False	not_shared	3.77141813766422	2.23151779306647	0.0589725540333342	0.7273318458773	0.7273318458773	0.736881426237584	0.736881426237584	0.805731312609046	0.805731312609046	0.499270401396202	0.499270401396202	0.671143240749093	0.671143240749093	0.467371491326592	0.467371491326592	993	2	2	0.353457450778695	0.985074626865672	1.0	5	True	True	True	True	True	True	True	True	1	True	8	16	1.0	1.0	12.24545322653073	13.680578455027042	1.4351252284963127	2.3981054692675268	0.953125	122.0	8.1580375024984e-05	1.6251590012342634	0.7516702474161843	2.4986477550523425	0.0002657460834596608	0.0008349991326086596	0.0021006595168716045	True	Q14573	118	118	1.0	13.8335199356079	0.2866931940518507	0.43591226972776664	True	False	False	False	6	0.22336112789932194	0.8333333333333334	0.3125	False	True	1	True
JAGN1	M04	yellow	4	True	down	-3.07783897408999	-3.68370801800974	0.0011550093666219	0.800645931857985	0.800645931857985	0.639590586139798	0.639590586139798	0.561263643901077	0.561263643901077	0.323115590990002	0.323115590990002	0.767713784922423	0.767713784922423	0.441070153398194	0.441070153398194	812	2	2	0.220578062449285	1.0	1.0	4	True	True	True	True	True	True	True	True	-1	True	8	16	1.0	1.0	15.075644394651512	15.360400459098067	0.28475606444655455	0.385834481817519	0.6640625	85.0	0.2143932255656579	0.24775019493414407	-0.14864419143594793	0.6441445813042361	0.22057680222206488	0.3906222120253872	0.428254376244009	True	Q8N5M9	118	118	1.0	13.00035524368285	0.7607357425912018	0.8605649850472551	False	False	False	False	6	0.0	0.16666666666666666	0.5	False	False	0	False
JMJD1C	M03	brown	3	False	not_shared	2.89624122239635	2.80956254552236	0.015363858577185	0.930940363671727	0.930940363671727	0.817503023311085	0.817503023311085	0.704108016955612	0.704108016955612	0.67722102497617	0.67722102497617	0.761117348292729	0.761117348292729	0.6970764606755	0.6970764606755	993	3	2	0.376207631452125	1.0	1.0	5	True	True	True	True	True	True	True	True	1	True	5	15	0.625	0.9375	5.797341927993403	6.960523048315623	1.1631811203222195	0.4121007524753513	0.7733333333333333	58.0	0.08062435500515996	0.04004896976561967	-2.3479843259017565	2.4280822654329954	0.9737782951547695	0.19130076272933416	0.985077054442212	False		118	0	0.0				False	False	False	False	6	0.0	0.0		False	False	0	False
JTB	M04	yellow	4	True	down	-2.70829243443291	-1.99043760322646	0.0958193500853014	0.884898900262644	0.884898900262644	0.829469516916953	0.829469516916953	0.775528791456536	0.775528791456536	0.895455064401693	0.895455064401693	0.846335956823702	0.846335956823702	0.576953577842105	0.576953577842105	812	3	3	0.611599670863925	1.0	1.0	5	True	True	True	True	True	True	True	True	-1	True	6	15	0.75	0.9375	13.310559982029966	12.852778080183834	-0.45778190184613266	-0.41515463839499195	0.3333333333333333	30.0	0.2672121480171016	-0.4067635410831661	-1.9496045889236189	1.1360775067572868	0.6053402903592124	0.4603456807423334	0.8071203871456166	True	O76095;O76095-2	118	63	0.5338983050847458	14.7229995727539	0.033208319602796646	0.09993824484237858	False	False	False	False	6	0.22198568402466945	0.8333333333333334	0.0625	True	False	1	True
KDELR2	M04	yellow	4	True	down	-4.07830195478477	-3.2081490927148	0.0050481756076523	0.883512813684155	0.883512813684155	0.931355381873055	0.931355381873055	0.79966284148003	0.79966284148003	0.866068565528681	0.866068565528681	0.830350304658266	0.830350304658266	0.816755335636727	0.816755335636727	812	3	3	0.509005341689939	1.0	1.0	5	True	True	True	True	True	True	True	True	-1	False	0	0	0.0	0.0														False		118	0	0.0				False	False	False	False	6	-0.03353138660100008	0.5	0.5625	False	False	0	False
LAPTM4A	M05	green	5	True	down	-4.59600359003045	-3.12708649971076	0.0063671324166628	0.822855733054348	0.822855733054348	0.815518434775839	0.815518434775839	0.667811953491443	0.667811953491443	0.500432631712321	0.500432631712321	0.885908022177542	0.885908022177542	0.838510570396388	0.838510570396388	512	2	2	0.334817188317122	0.992537313432836	0.991803278688525	5	True	True	True	True	True	True	True	True	-1	False	0	0	0.0	0.0														False		118	0	0.0				False	False	False	False	6	-0.06946454551327275	0.3333333333333333	0.3125	False	False	0	False
LDLRAD4	M03	brown	3	True	up	5.60887341557915	7.79502963577025	7.51079976002991e-13	0.863252175211997	0.863252175211997	0.602760743878519	0.602760743878519	0.691757287573018	0.691757287573018	0.469036486139755	0.469036486139755	0.776606849928061	0.776606849928061	0.373808568499305	0.373808568499305	993	2	3	0.428084295338621	1.0	1.0	4	True	True	True	True	True	True	True	True	1	False	0	0	0.0	0.0														False		118	0	0.0				False	False	False	False	6	0.0	0.3333333333333333	0.5	False	False	0	False
LMNB2	M02	blue	2	False	not_shared	0.415480383271447	3.89746177782631	0.0005613813445383	0.778538034736292	0.778538034736292	0.546968180412745	0.546968180412745	0.445633598636011	0.445633598636011	0.562425111409822	0.562425111409822	0.816408422214448	0.816408422214448	0.748998402463513	0.748998402463513	2184	2	2	0.0874461626555876	0.985074626865672	1.0	5	True	True	True	True	True	True	True	True	1	True	8	16	1.0	1.0	17.23858177509056	18.537853736500153	1.2992719614095947	3.1643234872937294	0.984375	126.0	1.0877383336664531e-05	1.4544446324604143	0.9040869639826296	2.004802300938199	2.2230476319358884e-07	0.0002523552934106171	5.2717986700193925e-06	True	Q03252	118	118	1.0	18.7264699935913	0.1637993894171902	0.2985828869947638	True	False	False	False	6	6.134149620022164	1.0	0.03125	True	True	2	True
LSM2	M02	blue	2	False	not_shared	0.665939465154412	3.59618793008559	0.0015419711719036	0.723815323639412	0.723815323639412	0.533068775933506	0.533068775933506	0.590984884071683	0.590984884071683	0.479311721369211	0.479311721369211	0.764826628757665	0.764826628757665	0.666765209588692	0.666765209588692	2184	2	2	0.295877987956592	0.985074626865672	1.0	5	True	True	True	True	True	True	True	True	1	False	0	0	0.0	0.0														True	Q9Y333	118	113	0.9576271186440678	15.8348903656006	0.1303548635500739	0.26075127222817307	False	False	False	False	6	5.781513864914475	1.0	0.03125	True	False	1	True
LSM7	M02	blue	2	False	not_shared	1.41540975506581	3.34864260207843	0.0033632032506383	0.873807031368714	0.873807031368714	0.549793433790183	0.549793433790183	0.731005327606028	0.731005327606028	0.779091361291044	0.779091361291044	0.87944826045874	0.87944826045874	0.735992777671289	0.735992777671289	2184	3	2	0.382835686171936	0.992537313432836	1.0	5	True	True	True	True	True	True	True	True	1	True	7	15	0.875	0.9375	13.996727165023131	14.699969802271958	0.7032426372488274	-0.23445091871913187	0.45714285714285713	48.0	0.7832582793883102	-0.14468116913260953	-1.9210492930669176	1.6316869548016986	0.8731688924320204	0.9014375964875783	0.9437334815228767	True	Q9UK45	118	118	1.0	17.07534980773925	0.6324899019746868	0.7700926669081111	False	False	False	False	6	0.8046165084646946	1.0	0.03125	True	False	1	True
LTA4H	M09	magenta	9	False	not_shared	-2.24271330740192	-4.18429845180727	0.0001995325740145	0.867661219875934	0.867661219875934	0.83619971320681	0.83619971320681	0.733229938672258	0.733229938672258	0.523974701413159	0.523974701413159	0.882017572412916	0.882017572412916	0.557538500021522	0.557538500021522	72	3	3	0.489704825599886	1.0	1.0	5	True	True	True	True	True	True	True	True	-1	True	8	16	1.0	1.0	17.854279839804967	18.23531348118326	0.3810336413782913	1.2500072636235307	0.8671875	111.0	0.00278461013418612	0.36938133981088395	0.057595555889165706	0.6811671237326022	0.02023163482748731	0.013095193604010402	0.07216212363737465	True	P09960	118	118	1.0	17.1672945022583	0.1660814536083399	0.2986881422833151	True	False	False	False	6	-2.5261543588341286	0.0	0.25	False	False	0	False
MAN2A1	M10	purple	10	False	down	-3.05831263805636	-4.58903953334126	4.04112125455767e-05	0.91538576782359	0.91538576782359	0.813232234573759	0.813232234573759	0.862651283427501	0.862651283427501	0.353315028935827	0.353315028935827	0.64069905330848	0.64069905330848	0.784996101583353	0.784996101583353	47	2	2	0.388886294135891	1.0	0.991803278688525	5	True	True	True	True	True	True	True	True	-1	True	8	16	1.0	1.0	14.37148080517249	13.992168261228072	-0.37931254394441893	-0.3703329815223981	0.375	48.0	0.3502789368989395	-0.2916407920627694	-0.9375707500367622	0.3542891659112234	0.3761921727165898	0.5323016158988251	0.597587566229224	True	Q16706	118	118	1.0	14.7090554237366	0.15589620022407855	0.29016154630160074	True	False	False	False	6	0.0	0.3333333333333333	1.0	False	False	0	False
MAP3K11	M02	blue	2	False	not_shared	1.86316771950791	2.58901689941393	0.0264409802342469	0.714738752818102	0.714738752818102	0.261990888454059	0.261990888454059	0.734922751705742	0.734922751705742	0.427585346775673	0.427585346775673	0.560790971671851	0.560790971671851	0.182339231208802	0.182339231208802	2184	2	2	0.178608832668922	0.992537313432836	0.991803278688525	5	True	True	True	True	True	True	True	True	1	True	2	11	0.25	0.6875	8.275531666226673	8.986874991988458	0.7113433257617849	0.8366430215769661	0.7727272727272727	17.0	0.3076923076923077					0.4980322003577818		False		118	0	0.0				False	False	False	False	6	-0.20855375053669656	0.16666666666666666	0.25	False	False	0	False
MAP3K14	M06	red	6	False	up	3.6146571517783	2.34775283430848	0.0459109529674001	0.761566761050544	0.761566761050544	0.734835871939899	0.734835871939899	0.53536813918073	0.53536813918073	0.448886338477367	0.448886338477367	0.77909325212517	0.77909325212517	0.801796866422594	0.801796866422594	231	2	2	0.164499615816727	1.0	1.0	5	True	True	True	True	True	True	True	True	1	False	0	0	0.0	0.0														False		118	0	0.0				False	False	False	False	6	0.0	0.0		False	False	0	False
MAPK13	M04	yellow	4	False	not_shared	-3.13773265964763	-4.44089737943496	7.42883211374038e-05	0.740017688224359	0.740017688224359	0.80385680858378	0.80385680858378	0.752974451793721	0.752974451793721	0.738094126041126	0.738094126041126	0.700771186103422	0.700771186103422	0.549107275130401	0.549107275130401	812	3	3	0.4130104515075	1.0	1.0	5	True	True	True	True	True	True	True	True	-1	True	8	16	1.0	1.0	16.08853177283456	16.414162835249513	0.32563106241495277	0.9664349713332515	0.7265625	93.0	0.08080808080808081	0.5726183730511738	-0.08103923074478503	1.2262759768471327	0.0859844041655534	0.19130076272933416	0.2083709648391513	True	O15264	118	118	1.0	15.91582489013675	0.1812785066690183	0.3177354045462464	True	False	False	False	6	-0.02679185223513114	0.5	0.84375	False	False	0	False
MAT2B	M05	green	5	True	down	-5.29411872381006	-5.2901106060852	1.85448777493134e-06	0.907596172619908	0.907596172619908	0.92604899350313	0.92604899350313	0.65480947243603	0.65480947243603	0.668174903001074	0.668174903001074	0.755805706126725	0.755805706126725	0.897939822185598	0.897939822185598	512	2	2	0.310858332438394	1.0	0.975409836065574	5	True	True	True	True	True	True	True	True	-1	True	8	16	1.0	1.0	16.31022506849667	16.24736938712969	-0.06285568136697961	0.13897183499683494	0.5546875	71.0	0.6967970185092274	0.08169422915434987	-0.2855544164006393	0.448942874709339	0.662841989785982	0.8332830324440246	0.845428939232268	True	Q9NZL9	118	118	1.0	17.27834033966065	1.8525641503028083e-10	5.909679639465959e-08	True	False	False	False	6	-0.27130038173520576	0.3333333333333333	0.3125	False	False	0	False
MAX	M04	yellow	4	False	not_shared	-2.31993837823825	-3.08473177344436	0.0071939464701933	0.838594432923671	0.838594432923671	0.750125174536981	0.750125174536981	0.737877714371983	0.737877714371983	0.609399717582579	0.609399717582579	0.610619902679732	0.610619902679732	0.631246933961638	0.631246933961638	812	2	2	0.350429061876159	1.0	0.991803278688525	5	True	True	True	True	True	True	True	True	-1	True	7	15	0.875	0.9375	12.11096117673987	12.48025636044901	0.3692951837091396	-0.0582807504801213	0.5428571428571428	57.0	0.7832582793883102	-0.13157499795785998	-1.4921948794573687	1.2290448835416488	0.8496751573114578	0.9014375964875783	0.9309972020706402	False		118	0	0.0				False	False	False	False	6	-5.594667089752097	0.0	0.0625	False	False	0	False
MCL1	M04	yellow	4	False	not_shared	1.42372472721408	-2.35227015009649	0.0455126274621939	0.867907576430941	0.867907576430941	0.745989268082402	0.745989268082402	0.71254153906656	0.71254153906656	0.779924829162051	0.779924829162051	0.669945774398677	0.669945774398677	0.589742664819585	0.589742664819585	812	2	3	0.423868216156078	1.0	1.0	5	True	True	True	True	True	True	True	True	-1	True	1	9	0.125	0.5625	10.601501266128675	11.755683008848008	1.1541817427193326		0.5555555555555556	5.0	1.0					1.0		True	Q07820;Q07820-2	118	95	0.8050847457627118	14.5218801498413	0.0016308612930135734	0.012098715173751858	True	False	False	False	6	-0.13373140738436184	0.5	0.4375	False	False	0	False
MCM7	M02	blue	2	False	not_shared	0.514722838272769	2.01767168357119	0.0907853726245316	0.760057908667324	0.760057908667324	0.441614829576091	0.441614829576091	0.68267054959342	0.68267054959342	0.55778878457171	0.55778878457171	0.896782681229549	0.896782681229549	0.81988861616287	0.81988861616287	2184	2	2	0.388750237602161	1.0	1.0	5	True	True	True	True	True	True	True	True	1	True	8	16	1.0	1.0	12.001477534512832	13.52102558289958	1.5195480483867474	1.8186702328416884	0.8984375	115.0	0.0009436130044556481	1.7323746791567451	0.41724182985316305	3.0475075284603275	0.009829042568469155	0.005863880813402956	0.04183643759912512	True	P33993	118	118	1.0	16.077410697937	0.00132877380817151	0.010596971120167794	True	False	False	True	6	2.057828438693643	1.0	0.03125	True	True	2	True
MDH1	M04	yellow	4	True	down	-5.38944068305965	-4.96691041981297	8.0135623616688e-06	0.862360919557774	0.862360919557774	0.933640316814261	0.933640316814261	0.74573669375035	0.74573669375035	0.440008751586335	0.440008751586335	0.826116506574234	0.826116506574234	0.778803205788026	0.778803205788026	812	3	3	0.51073882870514	1.0	1.0	5	True	True	True	True	True	True	True	True	-1	True	8	16	1.0	1.0	20.056253759711247	20.510701015980057	0.45444725626881066	1.5026238213425405	0.890625	114.0	0.0012590571212189195	0.4744311790613597	0.19354084303072394	0.7553215150919954	0.0009315247693152841	0.006846123096627875	0.006064043596326948	True	P40925;P40925-3	118	118	1.0	19.276594161987298	0.5509291587481076	0.7029856065625852	True	False	False	False	6	-0.3271787252927463	0.16666666666666666	0.3125	False	False	0	False
MDK	M02	blue	2	True	up	3.75586701471705	4.83982775375458	1.40517692417552e-05	0.745342818372629	0.745342818372629	0.442698009123501	0.442698009123501	0.721955249739119	0.721955249739119	0.226422407939088	0.226422407939088	0.627697142721083	0.627697142721083	0.556104534884001	0.556104534884001	2184	2	2	0.29340772632464	1.0	1.0	5	True	True	True	True	True	True	True	True	1	True	7	15	0.875	0.9375	14.118296045812489	14.38400780962836	0.2657117638158706	0.22414128462365895	0.6	63.0	0.49020780561028227	0.11083756048273985	-0.7608739858359549	0.9825491068014346	0.803199771145632	0.6586575920941244	0.9198292464750223	True	E9PLM6;E9PPJ5;P21741	118	79	0.6694915254237288	12.3527698516846	0.9426250603841317	0.9661387781477109	False	False	False	False	6	2.1277154227294766	0.6666666666666666	0.15625	False	False	0	False
MED15	M06	red	6	False	not_shared	2.98955473267832	2.36272505435504	0.0444929642371955	0.771205952761812	0.771205952761812	0.665323737608471	0.665323737608471	0.630362728400659	0.630362728400659	0.50781403009349	0.50781403009349	0.784237664709223	0.784237664709223	0.66059883823191	0.66059883823191	231	2	2	0.225069136854881	1.0	1.0	5	True	True	True	True	True	True	True	True	1	True	7	16	0.875	1.0	11.021875333002171	11.54253587666988	0.5206605436677094	0.6239826315605916	0.7142857142857143	80.0	0.11812022499867432	0.4207771176606796	-0.3933571811953407	1.2349114165167	0.3110660564589621	0.25531576583564386	0.5319432355957031	False		118	0	0.0				False	False	False	False	6	0.5119111815305208	0.6666666666666666	0.21875	False	False	0	False
MED25	M02	blue	2	False	up	2.93065151583004	2.81262860182228	0.0152803244828065	0.817105090850388	0.817105090850388	0.297211627816865	0.297211627816865	0.704080234902972	0.704080234902972	0.312821745442751	0.312821745442751	0.816229977826005	0.816229977826005	0.32547838436792	0.32547838436792	2184	3	3	0.424238750110921	0.992537313432836	0.991803278688525	5	True	True	True	True	True	True	True	True	1	True	0	2	0.0	0.125		10.676548975858065												False		118	0	0.0				True	False	False	False	6	4.132370862392448	0.6666666666666666	0.125	False	False	0	False
MEPCE	M02	blue	2	False	not_shared	1.4208945360828	2.81282356016436	0.0152779891459796	0.893907187792586	0.893907187792586	0.57652074613612	0.57652074613612	0.709591229134097	0.709591229134097	0.54301196919506	0.54301196919506	0.804187557988857	0.804187557988857	0.539299643590117	0.539299643590117	2184	3	3	0.413614809716885	0.970149253731343	1.0	5	True	True	True	True	True	True	True	True	1	True	8	16	1.0	1.0	11.279183886348655	12.671404797678841	1.3922209113301864	1.1465800938751773	0.765625	98.0	0.038231283082541666	1.448630910072275	0.07530636358367038	2.8219554565608798	0.038692828236409994	0.10313555436220542	0.11572990067106413	True	Q7L2J0	118	110	0.9322033898305084	13.244460105896	0.046821523638218	0.12551316000497095	True	False	False	False	6	5.264136304727989	0.8333333333333334	0.0625	True	True	2	True
METTL9	M05	green	5	False	down	-2.88887285592043	-3.97519614758527	0.0004265437910963	0.753510873556366	0.753510873556366	0.675610079119916	0.675610079119916	0.724910827946421	0.724910827946421	0.776162722133741	0.776162722133741	0.696090765684966	0.696090765684966	0.814197874971087	0.814197874971087	512	2	2	0.108109344268424	0.992537313432836	0.991803278688525	5	True	True	True	True	True	True	True	True	-1	False	0	0	0.0	0.0														False		118	0	0.0				False	False	False	False	6	-5.055359540529192	0.0	0.03125	False	False	0	False
MGAT4B	M04	yellow	4	True	down	-4.24585735377172	-3.79438203316344	0.0007929990645482	0.822251519684071	0.822251519684071	0.804391187691886	0.804391187691886	0.815566419817834	0.815566419817834	0.546213329272425	0.546213329272425	0.724404341039928	0.724404341039928	0.703118973657123	0.703118973657123	812	3	3	0.436471625301946	1.0	1.0	5	True	True	True	True	True	True	True	True	-1	False	0	0	0.0	0.0														False		118	0	0.0				False	False	False	False	6	0.050911960708060366	0.6666666666666666	1.0	False	False	0	False
MGST1	M05	green	5	True	down	-6.68887401114887	-6.80123467009648	4.73084999884642e-10	0.829821146250536	0.829821146250536	0.768818263164484	0.768818263164484	0.400630459441778	0.400630459441778	0.497968019034705	0.497968019034705	0.715765217709155	0.715765217709155	0.757466506704062	0.757466506704062	512	2	2	0.0644080930446313	1.0	0.991803278688525	5	True	True	True	True	True	True	True	True	-1	True	8	16	1.0	1.0	19.78416373618061	19.781739546405248	-0.002424189775361185	-0.12047490083601439	0.5078125	65.0	0.976103748482265	-0.10015134007539622	-1.1001543145115584	0.8998516343607661	0.8443812816682431	1.0	0.9309972020706402	True	P10620	118	118	1.0	16.945095062255852	0.07395540314529307	0.16829384731915353	True	False	False	False	6	0.5333065178992404	0.6666666666666666	0.15625	False	False	0	False
MGST3	M04	yellow	4	True	down	-6.0611624998821	-5.80880603398587	1.46299124514924e-07	0.888994200670587	0.888994200670587	0.815831507755334	0.815831507755334	0.656842841591166	0.656842841591166	0.739320599766148	0.739320599766148	0.823125080812643	0.823125080812643	0.736732455109052	0.736732455109052	812	2	2	0.20894248889681	1.0	1.0	5	True	True	True	True	True	True	True	True	-1	True	8	16	1.0	1.0	17.700192677636455	16.21864676404688	-1.4815459135895743	-1.0088374464246554	0.2421875	31.0	0.04482297738456037	-1.5687790762874971	-3.1616264108125636	0.024068258237569085	0.0535636693895936	0.11736439728245869	0.14341240513987966	True	O14880;Q5VV89	118	118	1.0	16.658390045166	0.20468081914186514	0.3418491167866753	True	False	False	False	6	0.02168052004168608	0.6666666666666666	1.0	False	True	1	True
MOGS	M02	blue	2	False	not_shared	0.790541548994105	2.24057950612774	0.0580135995940978	0.879679667990394	0.879679667990394	0.487226511542231	0.487226511542231	0.818844328484933	0.818844328484933	0.579924609906502	0.579924609906502	0.822803270338307	0.822803270338307	0.755988425596453	0.755988425596453	2184	3	3	0.572851183222476	1.0	1.0	4	True	True	True	True	True	True	True	True	1	True	8	16	1.0	1.0	15.383126724124523	15.626880411883047	0.2437536877585238	0.48205208751912304	0.6171875	79.0	0.3826038008296723	0.4118186318076118	-0.17783850692975844	1.0014757705449822	0.17104748693076766	0.5547755112030248	0.35941623836085357	True	Q13724;Q13724-2	118	118	1.0	17.623909950256348	0.002831381460809466	0.017710013450945482	True	False	False	False	6	-0.09694474318622825	0.3333333333333333	1.0	False	False	0	False
MORF4L1	M05	green	5	True	down	-3.62441981485111	-4.89620714738466	1.09689347743148e-05	0.886886468778039	0.886886468778039	0.825654788212058	0.825654788212058	0.652031422637386	0.652031422637386	0.727422333328543	0.727422333328543	0.752106024239294	0.752106024239294	0.793339600467427	0.793339600467427	512	2	3	0.427598334665326	1.0	1.0	5	True	True	True	True	True	True	True	True	-1	True	6	15	0.75	0.9375	11.360662036395759	12.948302735249746	1.5876406988539866	1.6720788803244737	0.8777777777777778	79.0	0.006228807312398643	1.2428602001206752	0.3376343982706046	2.148086001970746	0.007123852574770176	0.024355336457468853	0.03239889116196847	True	B3KTM8;Q9UBU8;Q9UBU8-2	118	37	0.3135593220338983	13.1336603164673	0.09573587460636672	0.20496472482839587	False	False	False	False	6	-0.04918257821700722	0.16666666666666666	0.21875	False	False	0	False
MORF4L2	M05	green	5	True	down	-3.37289436834131	-3.37098059214203	0.0031499892579308	0.871918238176965	0.871918238176965	0.815741926027391	0.815741926027391	0.393156741506046	0.393156741506046	0.787345812161657	0.787345812161657	0.821284885222336	0.821284885222336	0.891721609334846	0.891721609334846	512	2	2	0.0456366414748797	1.0	1.0	4	True	True	True	True	True	True	True	True	-1	True	8	16	1.0	1.0	12.093340430003158	13.052428457545595	0.9590880275424372	0.863278551333111	0.703125	90.0	0.12004008315759561	1.1874532590490288	-0.020778695677894365	2.395685213775952	0.054072254461043814	0.2562818953303268	0.14361590784853237	True	A0A0A0MT59;Q15014	118	45	0.3813559322033898	13.7540903091431	0.1981474236690676	0.33801619331782123	False	False	False	False	6	-0.7344135945137484	0.0	0.03125	False	False	0	False
MPC2	M04	yellow	4	True	down	-8.79606857551236	-5.95000342543787	6.96275138870588e-08	0.836862767661705	0.836862767661705	0.830699843102277	0.830699843102277	0.681870803303442	0.681870803303442	0.609095128451756	0.609095128451756	0.701157934685398	0.701157934685398	0.773988170847067	0.773988170847067	812	2	2	0.384172296046298	1.0	1.0	4	True	True	True	True	True	True	True	True	-1	True	6	7	0.75	0.4375	16.500759996387103	12.891497648609986	-3.6092623477771166	-2.9218733565238915	0.0	0.0	0.0011655011655011655	-4.03469327159143	-6.1389896541212945	-1.9303968890615661	0.00017130690175297966	0.006846123096627875	0.001467237492216086	True	O95563;Q5R3B4	118	24	0.2033898305084746	12.51634502410885	0.8040806574719839	0.8906310060193154	False	False	False	False	6	-0.045320405946611686	0.5	0.6875	False	True	1	True
MRFAP1	M04	yellow	4	True	down	-4.14106894851729	-2.72835325050656	0.0187838964110491	0.850179539330734	0.850179539330734	0.815249603545292	0.815249603545292	0.691583119941181	0.691583119941181	0.580431271858474	0.580431271858474	0.823856784271625	0.823856784271625	0.594225458469186	0.594225458469186	812	2	2	0.290949964157707	1.0	1.0	5	True	True	True	True	True	True	True	True	-1	True	4	14	0.5	0.875	13.555957873923155	14.003065726642843	0.44710785271968767	0.1354946715052296	0.6607142857142857	37.0	0.38169934640522873	0.01830074740046861	-1.182783017536747	1.2193845123376843	0.9761757557574933	0.5547755112030248	0.985077054442212	True	A0A087WTY9;Q9Y605	118	27	0.2288135593220339	13.4245500564575	0.028711516915472652	0.09158973896035776	False	False	False	False	6	-0.2882349949399807	0.16666666666666666	0.0625	False	False	0	False
MRPL13	M10	purple	10	False	down	-2.40277295586188	-3.41875604661035	0.0027292141981982	0.810430643025629	0.810430643025629	0.58760664576443	0.58760664576443	0.393850761974607	0.393850761974607	0.322513352350527	0.322513352350527	0.82068061101461	0.82068061101461	0.598589422675828	0.598589422675828	47	2	2	0.0369082690377282	0.977611940298508	0.967213114754098	5	True	True	True	True	True	True	True	True	-1	True	8	16	1.0	1.0	14.298287177608426	14.098682147473088	-0.1996050301353378	0.0712492829666508	0.515625	66.0	0.928439054701001	-0.34920383518316855	-1.3825700286960514	0.6841623583297143	0.5077612988372564	0.992548742007421	0.7329423965824745	True	Q9BYD1	118	118	1.0	15.58654499053955	0.254291291552957	0.40157882180887766	True	False	False	True	6	-0.7687327658384895	0.16666666666666666	0.09375	False	False	0	False
MRPL17	M02	blue	2	False	not_shared	0.915423923616515	3.85027971247266	0.0006594258304424	0.79316012395452	0.79316012395452	0.406445746835899	0.406445746835899	0.675305522639208	0.675305522639208	0.43390218031562	0.43390218031562	0.767650600337668	0.767650600337668	0.219626233638245	0.219626233638245	2184	2	2	0.362606370330077	1.0	1.0	5	True	True	True	True	True	True	True	True	1	True	8	16	1.0	1.0	16.10557635601618	15.739463671749998	-0.3661126842661808	-0.1776456022903079	0.3515625	45.0	0.2635644369390499	-0.10622596546117036	-1.197920430418669	0.9854684994963283	0.8487513573811722	0.45860212027394687	0.9309972020706402	True	E9PKV2;Q9NRX2	118	118	1.0	16.20675468444825	0.05170582425257807	0.13301740271429358	True	False	False	True	6	5.938567911930827	0.8333333333333334	0.0625	True	False	1	True
MRPL3	M05	green	5	True	down	-3.48306090154863	-3.08213607844418	0.0072461889481329	0.828410984509661	0.828410984509661	0.774765874790262	0.774765874790262	0.842799445592893	0.842799445592893	0.581649446269546	0.581649446269546	0.796896175751963	0.796896175751963	0.855285233101756	0.855285233101756	512	3	3	0.567969893634697	1.0	1.0	5	True	True	True	True	True	True	True	True	-1	True	8	16	1.0	1.0	13.088036688581806	12.436061543425183	-0.6519751451566229	-0.6785273166151761	0.2890625	37.0	0.10563842761985177	-0.9837191068283213	-1.9378645118837792	-0.029573701772863448	0.04330948370525713	0.23120863403590197	0.1226704162946109	True	E7ETU7;H0Y9G6;P09001	118	118	1.0	15.1512598991394	0.0003351178048384254	0.004647938249715552	True	False	False	False	6	-3.1629424333747993	0.0	0.03125	False	True	1	True
MRPL54	M02	blue	2	False	not_shared	-0.985358156114119	2.02897835316594	0.0889594885878465	0.893546267963896	0.893546267963896	0.619179119397551	0.619179119397551	0.760415443541629	0.760415443541629	0.588504113420163	0.588504113420163	0.845602625440462	0.845602625440462	0.67257336951963	0.67257336951963	2184	3	3	0.513647279342457	1.0	0.983606557377049	5	True	True	True	True	True	True	True	True	1	True	8	16	1.0	1.0	16.37155725162937	17.574635905299438	1.2030786536700688	1.3015428466846621	0.8984375	115.0	0.0009436130044556481	1.5039169697801553	0.29231182074386	2.715522118816451	0.014981546582807872	0.005863880813402956	0.057685499387166765	True	Q6P161	118	117	0.9915254237288136	16.8074493408203	0.18879852402171582	0.3273191802333008	True	False	False	False	6	-0.10364997055642577	0.3333333333333333	0.8125	False	True	1	True
MRPL55	M02	blue	2	False	not_shared	0.460509782411547	2.24522019966804	0.0574632005854415	0.801209265192486	0.801209265192486	0.632130003409432	0.632130003409432	0.686020363834395	0.686020363834395	0.742776772076664	0.742776772076664	0.836332405756209	0.836332405756209	0.77740829513321	0.77740829513321	2184	2	3	0.450755509391436	0.970149253731343	0.983606557377049	5	True	True	True	True	True	True	True	True	1	True	8	16	1.0	1.0	12.592576867826178	13.415838331751937	0.8232614639257587	0.3239340698659854	0.5703125	73.0	0.6100933959326744	0.2577684160609397	-1.1923017373628142	1.7078385694846936	0.7275333966930719	0.7748631451991631	0.8847658890186809	True	Q7Z7F7;Q7Z7F7-2;X6R631	118	19	0.16101694915254236	15.5850696563721	0.11033759955977733	0.23309731297727793	True	False	False	False	6	5.551098320748568	0.8333333333333334	0.0625	True	False	1	True
MRPS33	M04	yellow	4	True	down	-5.4152289300523	-1.98169146838901	0.0974518776949584	0.839702308111339	0.839702308111339	0.75276745646207	0.75276745646207	0.740074981035157	0.740074981035157	0.324576507717264	0.324576507717264	0.830536906110139	0.830536906110139	0.540245711413975	0.540245711413975	812	3	3	0.466636949205587	1.0	1.0	5	True	True	True	True	True	True	True	True	-1	True	8	16	1.0	1.0	15.140907730698025	15.930547633311006	0.789639902612981	0.646989742522619	0.671875	86.0	0.19235564692557555	0.6060182538194507	-0.6023651803792363	1.8144016880181377	0.3256347135987361	0.3638030713592407	0.5458112592175313	True	C9JBY7;Q9Y291	118	117	0.9915254237288136	15.3321695327759	4.327532286877605e-06	0.00023008046658565932	True	False	False	False	6	-5.665135425403784	0.0	0.03125	False	False	0	False
MRPS6	M04	yellow	4	True	down	-6.90105738206175	-6.96557890247244	1.74962694707523e-10	0.716806279774764	0.716806279774764	0.558576383791163	0.558576383791163	0.617674845974341	0.617674845974341	0.882433579914999	0.882433579914999	0.720107225243787	0.720107225243787	0.873619262630711	0.873619262630711	812	2	2	0.313489561914056	0.992537313432836	0.983606557377049	5	True	True	True	True	True	True	True	True	-1	True	8	16	1.0	1.0	16.896146404125844	16.61287553222362	-0.283270871902225	-0.18298769944419763	0.4609375	59.0	0.7874627279661603	-0.1502565979189554	-0.9705348353356676	0.6700216394977568	0.719579008001819	0.9014375964875783	0.878309671531632	True	P82932	118	118	1.0	14.030385017395	0.0009685163237278857	0.008582130757477654	True	False	False	False	6	-0.22864550548543638	0.0	0.25	False	False	0	False
MSH3	M03	brown	3	False	up	3.17258176309962	2.22629027720438	0.0595277134790317	0.871964995181887	0.871964995181887	0.657708154251134	0.657708154251134	0.525560888109291	0.525560888109291	0.732268774798409	0.732268774798409	0.771216989397186	0.771216989397186	0.573055809340781	0.573055809340781	993	2	2	0.142669466155801	1.0	1.0	5	True	True	True	True	True	True	True	True	1	True	8	16	1.0	1.0	10.611257769202076	13.252774497987701	2.641516728785625	3.07846391962664	0.9765625	125.0	1.9035420839162933e-05	2.641208519452385	1.761541952469552	3.520875086435218	3.985034126938004e-09	0.0003680181362238167	1.4700348112704637e-07	True	P20585	118	56	0.4745762711864407	13.868875026702899	0.3768651187701944	0.5272805828407545	True	False	False	False	6	0.0	0.0		False	True	1	True
MSL1	M05	green	5	True	down	-2.44506923712965	-2.75500221264207	0.0175754090832362	0.731105601673538	0.731105601673538	0.731913516645809	0.731913516645809	0.637100565593299	0.637100565593299	0.763585648795745	0.763585648795745	0.753976466168611	0.753976466168611	0.642548480769612	0.642548480769612	512	2	2	0.203216120180405	1.0	1.0	4	True	True	True	True	True	True	True	True	-1	True	5	15	0.625	0.9375	8.216571609392	10.571447372199447	2.3548757628074473	2.783959156693191	0.9733333333333334	73.0	0.0005159958720330237	2.093035017672534	0.6094302518154358	3.5766397835296324	0.005691032041295925	0.004175966592267262	0.026991751967289243	True	J3KSZ8;J3QQY0;Q68DK7	118	91	0.7711864406779662	12.4378004074097	0.19977850307138248	0.33898586425410115	False	False	False	False	6	-2.8826802940274434	0.16666666666666666	0.125	False	False	0	False
MTCH1	M04	yellow	4	True	down	-3.41220537227625	-3.38904293423297	0.0029935510099321	0.875317772558845	0.875317772558845	0.631430403419989	0.631430403419989	0.693506100222945	0.693506100222945	0.837654203386969	0.837654203386969	0.826476362219746	0.826476362219746	0.713086666359752	0.713086666359752	812	2	3	0.439501354308378	1.0	1.0	5	True	True	True	True	True	True	True	True	-1	True	7	16	0.875	1.0	14.13188822187721	12.443184187982448	-1.688704033894762	-0.884441409981544	0.26785714285714285	30.0	0.08869418372716259	-1.5001785890150714	-2.738702279332049	-0.26165489869809355	0.017594982000837336	0.20715151635605758	0.06563521375593254	True	Q9NZJ7;Q9NZJ7-2	118	118	1.0	14.66165494918825	0.13358824548130455	0.26075127222817307	True	False	False	False	6	0.01585784593370132	0.5	1.0	False	True	1	True
MTCH2	M10	purple	10	True	down	-6.2596996296129	-6.49843983193571	3.1902418124806104e-09	0.875188956335388	0.875188956335388	0.553788499759298	0.553788499759298	0.433772930921527	0.433772930921527	-0.0930966901762375	0.0930966901762375	0.729944299147194	0.729944299147194	0.482035511328044	0.482035511328044	47	2	2	0.100629754801109	1.0	1.0	5	True	True	True	True	True	True	True	True	-1	False	0	0	0.0	0.0														True	Q9Y6C9	118	118	1.0	17.30819034576415	0.2087732547170795	0.34686806382681434	True	False	False	False	6	-0.6125335930837794	0.16666666666666666	0.0625	False	False	0	False
MUS81	M02	blue	2	False	not_shared	0.468089722097906	2.16513990679301	0.0674359315201825	0.718426231825371	0.718426231825371	0.0367219674977167	0.0367219674977167	0.607654449656339	0.607654449656339	0.70290072362622	0.70290072362622	0.735584987334506	0.735584987334506	0.739655435385398	0.739655435385398	2184	2	2	0.365591732101265	1.0	0.991803278688525	5	True	True	True	True	True	True	True	True	1	False	0	0	0.0	0.0														False		118	0	0.0				False	False	False	False	6	0.0	0.16666666666666666	1.0	False	False	0	False
MYD88	M04	yellow	4	False	not_shared	0.0105747704896256	-2.23142706409547	0.0589725540333342	0.875138737157362	0.875138737157362	0.734588932864847	0.734588932864847	0.659910820398983	0.659910820398983	0.873494159277335	0.873494159277335	0.799559656174124	0.799559656174124	0.272169814776444	0.272169814776444	812	2	2	0.338348315914642	1.0	0.991803278688525	5	True	True	True	True	True	True	True	True	-1	True	8	16	1.0	1.0	13.490781124456085	13.62864172254136	0.1378605980852754	0.8697888113075595	0.6328125	81.0	0.31962919000205303	0.9220793592959737	-0.5390661264022156	2.383224844994163	0.2161365389421055	0.5033075028086627	0.4265152577803619	True	A0A0A0MS70;A0A0A0MST0;H0Y4G9;Q99836;Q99836-5;Q99836-6	118	114	0.9661016949152542	13.66937494277955	0.09725010866693864	0.2068185644316895	False	False	False	False	6	0.0	0.16666666666666666	0.5	False	False	0	False
MYH14	M06	red	6	False	not_shared	3.38243643314167	2.50157973641996	0.0325213622026909	0.727604148319839	0.727604148319839	0.548618914388493	0.548618914388493	0.831481872689566	0.831481872689566	0.786367190005176	0.786367190005176	0.760846416271058	0.760846416271058	0.891354500188211	0.891354500188211	231	3	2	0.387773397725036	1.0	1.0	5	True	True	True	True	True	True	True	True	1	True	8	16	1.0	1.0	16.064899420960295	17.937177367553126	1.8722779465928312	4.308741298466411	1.0	128.0	2.719345834166133e-06	1.8198555586307874	1.4396661214067699	2.200044995854805	6.487195163233491e-21	0.00013519033575568775	2.1537487941935187e-18	True	Q7Z406-6	118	118	1.0	19.1565999984741	0.002475231356530158	0.016799974526236605	True	False	False	False	6	-0.3591302644090266	0.0	0.03125	False	True	1	True
MYL12A	M04	yellow	4	True	down	-7.97861029915686	-3.77189293959242	0.0008557743086599	0.904865009089729	0.904865009089729	0.825085850842325	0.825085850842325	0.866459686354346	0.866459686354346	0.791599704489193	0.791599704489193	0.938599171398804	0.938599171398804	0.795245362532926	0.795245362532926	812	3	3	0.726634254321745	1.0	1.0	4	True	True	True	True	True	True	True	True	-1	False	0	0	0.0	0.0														True	J3QRS3;O14950;P19105	118	118	1.0	19.777040481567397	0.13224943578653178	0.26075127222817307	True	False	False	False	6	0.15093055432560476	0.6666666666666666	0.5625	False	False	0	False
MYL12B	M04	yellow	4	True	down	-4.86562309707742	-2.15498996863134	0.0687936815748667	0.91690192180684	0.91690192180684	0.903064040947006	0.903064040947006	0.814440059008623	0.814440059008623	0.79608767935045	0.79608767935045	0.910069483071651	0.910069483071651	0.899818714024796	0.899818714024796	812	3	3	0.590240693154405	1.0	1.0	4	True	True	True	True	True	True	True	True	-1	False	0	0	0.0	0.0														True	J3QRS3;O14950;P19105	118	118	1.0	19.777040481567397	0.13224943578653178	0.26075127222817307	False	False	False	False	6	0.6110293026535167	0.6666666666666666	0.15625	False	False	0	False
MYO10	M03	brown	3	True	up	2.92209129473562	2.62156686670882	0.0243942325497849	0.934502491423907	0.934502491423907	0.642111776527382	0.642111776527382	0.740740678155824	0.740740678155824	0.7051177450396	0.7051177450396	0.693735382818683	0.693735382818683	0.700521250766517	0.700521250766517	993	2	2	0.247767023801061	1.0	1.0	5	True	True	True	True	True	True	True	True	1	True	5	13	0.625	0.8125	5.5098055769471905	8.046437366300722	2.5366317893535317	2.165198353966678	0.9692307692307692	63.0	0.0009337068160597573	1.9072538055175938	0.7438037102956911	3.0707039007394963	0.001313627317176198	0.005863880813402956	0.00751938395349134	False		118	0	0.0				False	False	False	False	6	0.010895681609576435	0.5	0.25	False	True	1	True
MYO7B	M03	brown	3	False	not_shared	1.53244460684216	3.30442603613076	0.0038191893262045	0.705335086956956	0.705335086956956	0.685221905680174	0.685221905680174	0.79675532518356	0.79675532518356	0.39706502277877	0.39706502277877	0.828315451612125	0.828315451612125	0.735637303504451	0.735637303504451	993	3	2	0.314423727012767	1.0	1.0	5	True	True	True	True	True	True	True	True	1	True	8	16	1.0	1.0	13.748979760368952	13.899347335239522	0.15036757487056995	-0.024207392767170162	0.53125	68.0	0.833960822384567	-0.19156942214879735	-0.9525340017976446	0.5693951575000499	0.6217214003833844	0.9301422817778071	0.8256460197091344	True	Q6PIF6	118	118	1.0	14.48657512664795	0.25053723984888054	0.39960689755896445	True	False	False	False	6	-1.0762052747836384	0.0	0.03125	False	False	0	False
MYO9B	M06	red	6	False	not_shared	3.14557197741295	3.79364624640533	0.0007947552936374	0.855954287057066	0.855954287057066	0.886651649027365	0.886651649027365	0.741413487550564	0.741413487550564	0.833120725976972	0.833120725976972	0.750911491036172	0.750911491036172	0.903401296858755	0.903401296858755	231	3	2	0.382777487752786	0.992537313432836	1.0	5	True	True	True	True	True	True	True	True	1	True	8	16	1.0	1.0	8.689319427702431	9.840528157222543	1.1512087295201123	0.7700024938968257	0.7421875	95.0	0.06074474724360308	1.2147187120178136	0.11129261990447192	2.318144804131155	0.030955222001833572	0.15430052584506476	0.09787523576910273	True	M0R0P8;M0R300;Q13459;Q13459-2	118	114	0.9661016949152542	12.9911451339722	0.4484503203059633	0.6036103467409379	False	False	False	False	6	3.132237198005255	1.0	0.03125	True	True	2	True
MZT2B	M02	blue	2	False	not_shared	-0.996006469694483	2.17445297398673	0.0662202365954672	0.914992373852571	0.914992373852571	0.460732962292373	0.460732962292373	0.847244449148235	0.847244449148235	0.421007304427006	0.421007304427006	0.832836383947694	0.832836383947694	0.608352015869225	0.608352015869225	2184	3	3	0.526933598410036	1.0	1.0	4	True	True	True	True	True	True	True	True	1	True	7	15	0.875	0.9375	12.517279294528645	12.251421404869985	-0.2658578896586601	-0.3042129428536217	0.4	42.0	0.49020780561028227	-0.8175043278112479	-1.9363902838766949	0.301381628254199	0.1521350352999209	0.6586575920941244	0.33012308313446886	True	B8ZZ87;H7C173;Q6NZ67	118	118	1.0	13.956560134887699	0.8303766365761294	0.9102754194769254	False	False	False	False	6	-0.0022235344735754836	0.5	0.84375	False	False	0	False
NAA20	M05	green	5	True	down	-4.26661148239091	-2.28247121018059	0.0529184847224617	0.826952205547041	0.826952205547041	0.84598345718551	0.84598345718551	0.760185908589455	0.760185908589455	0.495337877746718	0.495337877746718	0.734962237112387	0.734962237112387	0.842704716032954	0.842704716032954	512	3	3	0.45965486976754	0.992537313432836	1.0	4	True	True	True	True	True	True	True	True	-1	True	8	14	1.0	0.875	13.247151531075506	13.482555213143002	0.23540368206749562	-0.2524660425174507	0.5446428571428571	61.0	0.7639490884072928	-0.1534037238882422	-1.3866781975422666	1.0798707497657822	0.8073898293175413	0.8967963580966678	0.9211457846509407	True	A8MZB2;P61599	118	110	0.9322033898305084	13.9144253730774	0.34510022415093466	0.5032655936706938	False	False	False	False	6	-6.031509189671027	0.0	0.03125	False	False	0	False
NAA38	M02	blue	2	False	not_shared	-2.11760513327429	2.0005765923057	0.0938982404976811	0.761801429054389	0.761801429054389	0.72007478468197	0.72007478468197	0.542923777226377	0.542923777226377	0.58705165581938	0.58705165581938	0.800530062487408	0.800530062487408	0.818164646541404	0.818164646541404	2184	2	2	0.243857598859596	1.0	1.0	4	True	True	True	True	True	True	True	True	1	True	7	6	0.875	0.375	11.790746079590694	9.410291020591398	-2.3804550589992957	-1.677384622124566	0.07142857142857142	3.0	0.008158508158508158	-3.2010649188204203	-5.7689475662739	-0.633182271366941	0.01455576542403126	0.03020383871447701	0.05685310730327504	False		118	0	0.0				False	False	False	False	6	0.2683993487659002	0.8333333333333334	0.09375	True	False	1	True
NCBP2	M05	green	5	False	not_shared	-2.5213779805176	-2.4853168696461	0.0337835036950379	0.789756845871143	0.789756845871143	0.457761925049248	0.457761925049248	0.775788795455058	0.775788795455058	0.228357463551081	0.228357463551081	0.569124634246661	0.569124634246661	0.683086655847557	0.683086655847557	512	2	2	0.249960185716353	0.992537313432836	0.991803278688525	5	True	True	True	True	True	True	True	True	-1	True	8	16	1.0	1.0	15.1607113369218	16.153951837669425	0.9932405007476248	1.5840831951135594	0.859375	110.0	0.003562343042757634	1.0135066234383323	0.310309166130482	1.7167040807461826	0.004730083545021145	0.016311781301048114	0.022759242564449566	True	P52298	118	117	0.9915254237288136	15.9095602035522	0.9829470896484419	0.9922788658159905	True	False	False	False	6	-4.665681834954918	0.0	0.03125	False	False	0	False
NDFIP1	M10	purple	10	False	not_shared	-1.41259468449848	-5.14434085691138	3.6592052045863e-06	0.869960201694329	0.869960201694329	0.778297701861575	0.778297701861575	0.706700892209601	0.706700892209601	0.366145502737069	0.366145502737069	0.708093820404864	0.708093820404864	0.228924363846112	0.228924363846112	47	3	3	0.414252388014911	1.0	1.0	5	True	True	True	True	True	True	True	True	-1	True	0	13	0.0	0.8125		10.340383687968284												False		118	0	0.0				False	False	False	False	6	-0.08901807702863085	0.5	0.6875	False	False	0	False
NDUFA1	M04	yellow	4	True	down	-5.74540250956922	-7.11468214170961	6.926881192246059e-11	0.869040457315839	0.869040457315839	0.645048899547233	0.645048899547233	0.823412310765738	0.823412310765738	0.746909956003838	0.746909956003838	0.788675166648649	0.788675166648649	0.548363537765069	0.548363537765069	812	3	3	0.516063623259274	1.0	1.0	5	True	True	True	True	True	True	True	True	-1	False	0	0	0.0	0.0														False		118	0	0.0				False	False	False	False	6	-0.5691987953696804	0.16666666666666666	0.21875	False	False	0	False
NDUFA6	M04	yellow	4	True	down	-6.49576803837116	-4.01387882997356	0.0003688992658059	0.773485925448064	0.773485925448064	0.710643196093762	0.710643196093762	0.72132170033589	0.72132170033589	0.834774726725749	0.834774726725749	0.86763068985366	0.86763068985366	0.656952016737232	0.656952016737232	812	3	3	0.45156975019883	1.0	1.0	4	True	True	True	True	True	True	True	True	-1	False	0	0	0.0	0.0														True	A0A0C4DGS0;P56556	118	118	1.0	14.9268951416016	0.976522122064375	0.9889224029794782	True	False	False	False	6	0.6075220861987369	1.0	0.03125	True	False	1	True
NDUFA8	M04	yellow	4	True	down	-4.1366982371284	-4.26303683705662	0.0001483828889403	0.782212407947592	0.782212407947592	0.560940266041492	0.560940266041492	0.795840061726546	0.795840061726546	0.597735995820718	0.597735995820718	0.580228004586678	0.580228004586678	0.541479322103188	0.541479322103188	812	2	2	0.245208777346853	1.0	1.0	5	True	True	True	True	True	True	True	True	-1	True	8	16	1.0	1.0	17.994561506265057	17.821470302873845	-0.17309120339121264	-0.3722096750622252	0.4140625	53.0	0.5283308247368013	-0.29055680471588174	-1.0280827622048903	0.4469691527731269	0.44002542700360336	0.6911997255955145	0.6732186256460659	True	P51970	118	118	1.0	15.66974020004275	0.339329538973803	0.49883005959743393	False	False	False	False	6	-3.582029070425989	0.16666666666666666	0.125	False	False	0	False
NDUFA9	M04	yellow	4	False	not_shared	-1.36522317581892	-2.18283090109997	0.0651160700976197	0.706543721413867	0.706543721413867	0.367007871803987	0.367007871803987	0.647100080225332	0.647100080225332	0.178186837259033	0.178186837259033	0.718808415271591	0.718808415271591	0.323453253528061	0.323453253528061	812	2	2	0.384693423924449	1.0	1.0	5	True	True	True	True	True	True	True	True	-1	True	8	16	1.0	1.0	17.14369367064318	16.550580991895227	-0.5931126787479535	-0.5495700912307162	0.3203125	41.0	0.17192792101931956	-0.32748468424200894	-1.2621244050434832	0.6071550365594655	0.4922440872910506	0.3305575498051006	0.7263334976916836	True	Q16795	118	118	1.0	16.15919494628905	0.08999555108102619	0.19529646799215888	True	False	False	False	6	0.1147457111912864	0.5	0.84375	False	False	0	False
NDUFAB1	M04	yellow	4	True	down	-7.75620548846627	-5.80332942119565	1.50668554943724e-07	0.900626880528865	0.900626880528865	0.871527911516474	0.871527911516474	0.620917476740267	0.620917476740267	0.826747385182821	0.826747385182821	0.845545076280457	0.845545076280457	0.834746557152781	0.834746557152781	812	2	2	0.307063638145202	1.0	1.0	5	True	True	True	True	True	True	True	True	-1	True	8	16	1.0	1.0	16.647980450587326	16.71220497093296	0.06422452034563264	0.018187074061241013	0.5703125	73.0	0.6100933959326744	0.15353748687668128	-0.6824492602406518	0.9895242339940145	0.7188715406234909	0.7748631451991631	0.878309671531632	True	O14561	118	87	0.7372881355932204	13.1524496078491	0.760750237565285	0.8605649850472551	False	False	False	False	6	-0.20764486357690037	0.3333333333333333	0.3125	False	False	0	False
NDUFB1	M04	yellow	4	True	down	-4.19137145461746	-4.87053816552463	1.22934326358218e-05	0.824714035594778	0.824714035594778	0.703871230391485	0.703871230391485	0.639817419061985	0.639817419061985	0.317769781054695	0.317769781054695	0.844716920660899	0.844716920660899	0.771551458718695	0.771551458718695	812	2	2	0.306986192289153	1.0	1.0	5	True	True	True	True	True	True	True	True	-1	True	8	16	1.0	1.0	16.4035776467708	17.400885292825997	0.997307646055198	1.4518834257515434	0.8359375	107.0	0.007064860477163614	1.2206487972685565	0.24496906934912754	2.1963285251879854	0.014203998533418473	0.026436252108096105	0.05681599413367389	True	O75438	118	117	0.9915254237288136	15.1869297027588	9.707213536216694e-06	0.0003870751397566407	False	False	False	False	6	-0.07066097790076009	0.3333333333333333	1.0	False	False	0	False
NDUFB2	M04	yellow	4	True	down	-3.90630471741995	-5.40267936310692	1.12288304930841e-06	0.835615779470891	0.835615779470891	0.595304067494204	0.595304067494204	0.709447355847181	0.709447355847181	0.545901091179478	0.545901091179478	0.805083463963743	0.805083463963743	0.50396799248445	0.50396799248445	812	3	3	0.505586446697575	1.0	1.0	5	True	True	True	True	True	True	True	True	-1	False	0	0	0.0	0.0														False		118	0	0.0				False	False	False	False	6	-0.11739599660051159	0.16666666666666666	0.09375	False	False	0	False
NDUFB3	M04	yellow	4	True	down	-5.07778221339106	-6.02722188863479	4.654100975556e-08	0.940885372947894	0.940885372947894	0.698373726948969	0.698373726948969	0.725868951456812	0.725868951456812	0.543636833108572	0.543636833108572	0.865626510606882	0.865626510606882	0.690987995161471	0.690987995161471	812	3	3	0.546888789745861	1.0	1.0	5	True	True	True	True	True	True	True	True	-1	True	8	16	1.0	1.0	17.621417765427736	16.8496261889929	-0.7717915764348362	-1.0724912476883632	0.1484375	19.0	0.004508675393047449	-0.679219403138164	-1.2854671842820506	-0.07297162199427742	0.02810074734377876	0.019462401299346607	0.09237077344687672	True	O43676	118	113	0.9576271186440678	15.2464399337769	0.019457520303909452	0.06896609974385684	True	False	False	False	6	-0.4032310992342083	0.16666666666666666	0.0625	False	True	1	True
NDUFB4	M04	yellow	4	True	down	-4.80041264534993	-3.13975897585953	0.0061505787583413	0.858368109607351	0.858368109607351	0.750053732132085	0.750053732132085	0.570370212999706	0.570370212999706	0.590394800276359	0.590394800276359	0.744316869464823	0.744316869464823	0.775205701673205	0.775205701673205	812	2	2	0.181795673818352	1.0	1.0	5	True	True	True	True	True	True	True	True	-1	True	8	16	1.0	1.0	18.292621476207973	17.16769503401185	-1.1249264421961236	-1.8118854060830434	0.078125	10.0	0.0003698310334465941	-1.3478151781293453	-2.1550449200638417	-0.5405854361948489	0.0010659625884803588	0.0031390536497418234	0.006677350554254323	True	O95168;O95168-2	118	117	0.9915254237288136	16.7254009246826	0.0740078326643347	0.16829384731915353	True	False	False	False	6	-0.23175305029202464	0.3333333333333333	0.21875	False	True	1	True
NDUFB6	M04	yellow	4	True	down	-5.80767994409203	-4.3510401941708	0.0001054741994402	0.80484419662622	0.80484419662622	0.620272092156001	0.620272092156001	0.587816118467345	0.587816118467345	0.69118812209439	0.69118812209439	0.860350605922861	0.860350605922861	0.561160332024827	0.561160332024827	812	2	2	0.320522621840867	1.0	1.0	5	True	True	True	True	True	True	True	True	-1	True	8	16	1.0	1.0	16.855039152213223	16.603239210863716	-0.2517999413495069	-0.48924275116530574	0.421875	54.0	0.568560827007455	-0.2892478208011695	-1.1212232694546436	0.5427276278523044	0.495612917538806	0.7382804768604267	0.7280685337295734	True	A0A087WZX2;O95139	118	114	0.9661016949152542	16.079790115356452	0.9624592945683309	0.9777850795136864	True	False	False	False	6	-0.6627324685297649	0.3333333333333333	0.15625	False	False	0	False
NDUFC2	M04	yellow	4	True	down	-4.74749980352815	-3.33927735754715	0.0034445889608606	0.71172389736082	0.71172389736082	0.909494940832384	0.909494940832384	0.610739807231147	0.610739807231147	0.848272725837413	0.848272725837413	0.807934291922993	0.807934291922993	0.845808317742717	0.845808317742717	812	2	2	0.348710116020211	1.0	1.0	5	True	True	True	True	True	True	True	True	-1	False	0	0	0.0	0.0														True	O95298	118	91	0.7711864406779662	14.3269500732422	0.3730968979920608	0.5243079755923673	False	False	False	False	6	-0.19008631385600605	0.3333333333333333	1.0	False	False	0	False
NEMF	M03	brown	3	False	not_shared	0.493166606593695	2.44152411937731	0.0373440302344985	0.919293038599975	0.919293038599975	0.83954734356247	0.83954734356247	0.739783290016496	0.739783290016496	0.819388627159462	0.819388627159462	0.82189276812614	0.82189276812614	0.590542384387764	0.590542384387764	993	3	3	0.5060896660041	1.0	1.0	4	True	True	True	True	True	True	True	True	1	True	8	16	1.0	1.0	13.110390577949861	13.528436932555667	0.4180463546058064	0.1502086709507474	0.6015625	77.0	0.4523006345593503	0.16554381456216682	-1.082756546210855	1.4138441753351887	0.7949244425643985	0.6221368412120708	0.9182393145059615	True	O60524;O60524-3;O60524-4;O60524-5	118	117	0.9915254237288136	14.4725198745728	0.023125164090718586	0.0768429931764503	True	False	False	False	6	0.0	0.16666666666666666	1.0	False	False	0	False
NENF	M02	blue	2	False	not_shared	0.919412813777395	5.23824374192808	2.37330445672628e-06	0.778866254675796	0.778866254675796	0.594730846355371	0.594730846355371	0.567255340353813	0.567255340353813	0.427969954384862	0.427969954384862	0.843043173508959	0.843043173508959	0.644012635435399	0.644012635435399	2184	2	2	0.107831263559658	1.0	1.0	5	True	True	True	True	True	True	True	True	1	True	8	16	1.0	1.0	15.916244326649359	16.28418970742016	0.3679453807708022	0.6421221664288895	0.6796875	87.0	0.17192792101931956	0.270305840324256	-0.22173400447377606	0.7623456851222881	0.281604856756552	0.3305575498051006	0.5079603056163882	True	Q9UMX5	118	118	1.0	15.14682006835935	0.16290507906629056	0.2985828869947638	True	False	False	True	6	0.9909549700786884	1.0	0.03125	True	False	1	True
NET1	M05	green	5	True	down	-6.49212257599181	-4.0927328741019	0.0002798208359586	0.807056855217718	0.807056855217718	0.833540652287922	0.833540652287922	0.598840144753882	0.598840144753882	0.55034016629616	0.55034016629616	0.786784797082815	0.786784797082815	0.835199395477847	0.835199395477847	512	2	2	0.149991337274407	1.0	0.983606557377049	5	True	True	True	True	True	True	True	True	-1	False	0	0	0.0	0.0														False		118	0	0.0				False	False	False	False	6	0.14064166525108446	0.5	0.4375	False	False	0	False
NFATC3	M03	brown	3	True	up	4.25403072876916	4.90338700779977	1.06384086425434e-05	0.80099809178229	0.80099809178229	0.709354849958551	0.709354849958551	0.525394847475309	0.525394847475309	0.705578595977495	0.705578595977495	0.712509345465246	0.712509345465246	0.706046982925899	0.706046982925899	993	2	2	0.155166927782753	1.0	1.0	5	True	True	True	True	True	True	True	True	1	True	2	9	0.25	0.5625	8.859992924933529	8.81484131296088	-0.045151611972649164	-0.082382985170595	0.5	9.0	1.0					1.0		False		118	0	0.0				False	False	False	False	6	0.0	0.0		False	False	0	False
NFX1	M03	brown	3	False	not_shared	3.23291263288392	3.21633223650526	0.0049322723155936	0.837863680805249	0.837863680805249	0.809697253178847	0.809697253178847	0.548071321463404	0.548071321463404	0.883715065521704	0.883715065521704	0.770485703706773	0.770485703706773	0.581608239082224	0.581608239082224	993	2	2	0.165287524955174	1.0	1.0	5	True	True	True	True	True	True	True	True	1	True	8	16	1.0	1.0	9.09557298269608	10.976137546132676	1.8805645634365966	0.772184450019464	0.75	96.0	0.052314775157688065	1.2450178446544262	0.0784353205581636	2.4116003687506886	0.03646156490115777	0.1358622519020556	0.11208555136281832	False		118	0	0.0				False	False	False	False	6	0.0	0.16666666666666666	1.0	False	True	1	True
NGEF	M03	brown	3	False	not_shared	3.24463034819348	2.31638981974339	0.0492320461550277	0.841221736544121	0.841221736544121	0.605892763315794	0.605892763315794	0.314866141247078	0.314866141247078	0.298308389823541	0.298308389823541	0.700586393380244	0.700586393380244	0.512762872975965	0.512762872975965	993	2	2	0.0224275644990415	1.0	1.0	5	True	True	True	True	True	True	True	True	1	True	8	16	1.0	1.0	11.293126295275233	12.54092794466741	1.2478016493921764	0.9203222151262259	0.7734375	99.0	0.032428199072431135	0.665119006397149	-0.48433925335669237	1.8145772661509905	0.25674943441666265	0.08956359743814314	0.48158650975328815	False		118	0	0.0				False	False	False	False	6	0.0	0.0	1.0	False	False	0	False
NIPSNAP3A	M05	green	5	True	down	-5.84164994441438	-5.89676340392418	9.31991573904358e-08	0.77784410296012	0.77784410296012	0.923922718968012	0.923922718968012	0.800586527972335	0.800586527972335	0.69475477925307	0.69475477925307	0.727468020960425	0.727468020960425	0.820687015343823	0.820687015343823	512	3	3	0.472567105918589	1.0	1.0	5	True	True	True	True	True	True	True	True	-1	True	8	16	1.0	1.0	17.28387919629239	17.630000247058575	0.34612105076618604	0.44665893793802597	0.7109375	91.0	0.10563842761985177	0.21055570673425855	-0.7067589490602333	1.1278703625287505	0.6527969028876748	0.23120863403590197	0.845428939232268	True	Q9UFN0	118	118	1.0	14.6234402656555	0.04585290833596854	0.12551316000497095	True	False	False	False	6	0.0	0.16666666666666666	0.5	False	False	0	False
NPRL3	M06	red	6	True	up	6.97032403435566	5.06097691901964	5.24339941681072e-06	0.709194265749874	0.709194265749874	0.813625246016052	0.813625246016052	0.393968927045419	0.393968927045419	0.518489568771467	0.518489568771467	0.775691238422671	0.775691238422671	0.697550390060122	0.697550390060122	231	2	2	0.0279986190966237	1.0	1.0	4	True	True	True	True	True	True	True	True	1	True	5	12	0.625	0.75	8.135634017265918	8.390649955899764	0.2550159386338464	0.7148529269897856	0.6666666666666666	40.0	0.3283775048480931	0.7902937323763755	-0.15785685815097716	1.738444322903728	0.10233213212982606	0.5136329469028798	0.2426733419078732	False		118	0	0.0				False	False	False	False	6	0.0	0.16666666666666666	1.0	False	False	0	False
NRAS	M05	green	5	True	down	-4.30964547225266	-5.24087838953579	2.34933207737849e-06	0.917085187900668	0.917085187900668	0.938868274999296	0.938868274999296	0.743970355265114	0.743970355265114	0.698265771555812	0.698265771555812	0.833067214554811	0.833067214554811	0.728707277496909	0.728707277496909	512	3	2	0.311731305192523	0.970149253731343	0.950819672131147	5	True	True	True	True	True	True	True	True	-1	True	8	16	1.0	1.0	13.241838323101799	13.509918509612117	0.26808018651031773	0.3238886987200715	0.5078125	65.0	0.976103748482265	0.5460896055524767	-1.9362322290561556	3.0284114401611086	0.6663408836463487	1.0	0.845428939232268	True	P01111	118	118	1.0	17.20578956604	0.029729428919461474	0.09389789926047733	True	False	False	False	6	0.0	0.16666666666666666	0.5	False	False	0	False
NSD1	M03	brown	3	True	up	4.89902840861174	4.62986813412831	3.42098429167531e-05	0.874004466462714	0.874004466462714	0.874753375729189	0.874753375729189	0.736318381743583	0.736318381743583	0.657451801126207	0.657451801126207	0.711652793644783	0.711652793644783	0.763576384590768	0.763576384590768	993	3	2	0.368499682812048	1.0	1.0	5	True	True	True	True	True	True	True	True	1	True	4	8	0.5	0.5	10.8101345149302	6.459028044319491	-4.351106470610708	-1.6601275121297918	0.09375	3.0	0.028282828282828285	-3.640782122501604	-6.981595672683986	-0.299968572319222	0.03268370585399463	0.08134234911094416	0.1014111247058525	False		118	0	0.0				False	False	False	False	6	0.0	0.16666666666666666	1.0	False	False	0	False
NSUN5	M02	blue	2	True	up	3.67828594854111	2.39393782890245	0.0414964672735359	0.715189653407568	0.715189653407568	0.409223684679278	0.409223684679278	0.703185212289186	0.703185212289186	0.291874520341466	0.291874520341466	0.832921683590678	0.832921683590678	0.584975871156624	0.584975871156624	2184	3	3	0.477324173433704	0.992537313432836	1.0	5	True	True	True	True	True	True	True	True	1	True	7	16	0.875	1.0	10.769365658047676	12.552664072920717	1.783298414873041	2.0686708454838394	0.9285714285714286	104.0	0.0005384304751648943	1.6781476327564109	0.5456890739480909	2.810606191564731	0.0036796158472672323	0.004258495576304163	0.01864468411093336	True	Q96P11-2	118	103	0.8728813559322034	12.4705801010132	0.1629953414007782	0.2985828869947638	True	False	False	False	6	3.908942260046144	0.8333333333333334	0.0625	True	True	2	True
NUDC	M02	blue	2	False	not_shared	0.0893770932841019	2.58708733031758	0.0265587494387048	0.771153033101081	0.771153033101081	0.620370143549116	0.620370143549116	0.727889658569318	0.727889658569318	0.738123559158486	0.738123559158486	0.814114115327777	0.814114115327777	0.838851157467446	0.838851157467446	2184	3	2	0.304125030649815	0.992537313432836	1.0	5	True	True	True	True	True	True	True	True	1	True	8	16	1.0	1.0	16.209119161901036	16.608008917574246	0.39888975567320983	0.43839959266781	0.625	80.0	0.3502789368989395	0.13884152160621444	-0.4203979777916038	0.6980810210040327	0.6265437988623133	0.5323016158988251	0.8287352239931793	True	Q9Y266	118	118	1.0	15.936110019683849	0.895570674809728	0.9428615355257532	True	False	True	False	6	3.8457625446347175	1.0	0.03125	True	False	1	True
NUDT21	M09	magenta	9	False	down	-3.67581385167646	-2.19671737063419	0.063336233571802	0.798113564604212	0.798113564604212	0.615491093526767	0.615491093526767	0.641660328909095	0.641660328909095	0.23722401746128	0.23722401746128	0.775692645695737	0.775692645695737	0.559401350256483	0.559401350256483	72	2	2	0.340026568511689	1.0	0.983606557377049	5	True	True	True	True	True	True	True	True	-1	True	8	16	1.0	1.0	16.008699673484312	13.971260820218518	-2.037438853265794	-1.944998318432831	0.0859375	11.0	0.000511237016823233	-1.9548180627098417	-2.6122420418266983	-1.2973940835929851	5.614362326083458e-09	0.004175966592267262	1.863968292259708e-07	True	O43809	118	118	1.0	16.217955589294398	4.862446403905342e-05	0.0009694502517786276	True	False	False	False	6	-5.693733037592228	0.0	0.03125	False	True	1	True
NXPE4	M09	magenta	9	True	down	-7.26433819738294	-3.65493553317836	0.001266650266029	0.753361710295001	0.753361710295001	0.876726094370162	0.876726094370162	0.824695002653877	0.824695002653877	0.500167887121215	0.500167887121215	0.689898055655632	0.689898055655632	0.947862793059139	0.947862793059139	72	2	2	0.252130058718233	1.0	0.991803278688525	4	True	True	True	True	True	True	True	True	-1	True	8	14	1.0	0.875	12.778636068429265	11.668309752295226	-1.1103263161340386	-0.6159308937971631	0.33035714285714285	37.0	0.21185226881821312	-1.2941548051198717	-3.805232886676782	1.2169232764370383	0.31243653897940393	0.3906222120253872	0.5319432355957031	True	Q6UWF7	118	12	0.1016949152542373	13.485904693603551	0.42333964158244053	0.5795937582180194	False	False	False	False	6	7.006265881990092	1.0	0.03125	True	False	1	True
OGFR	M02	blue	2	True	up	3.61202251083202	3.29006168421461	0.0039681346202197	0.888616985532035	0.888616985532035	0.595163423077879	0.595163423077879	0.638628495590619	0.638628495590619	0.61532194982201	0.61532194982201	0.80120628648842	0.80120628648842	0.537610418780286	0.537610418780286	2184	2	2	0.240988932830558	0.985074626865672	0.991803278688525	5	True	True	True	True	True	True	True	True	1	True	8	16	1.0	1.0	10.797204393572478	11.246108094802192	0.4489037012297139	0.6760253027391079	0.6953125	89.0	0.13582860507076416	0.370792972614806	-0.3734145624190523	1.1150005076486642	0.328801963384055	0.27804914449779955	0.5458112592175313	True	Q9NZT2;Q9NZT2-2	118	118	1.0	15.03277492523195	0.13969384866361673	0.26525201026008177	True	False	False	False	6	5.621229491165061	1.0	0.03125	True	False	1	True
PAFAH1B3	M02	blue	2	False	not_shared	1.76714966290774	4.33783933839376	0.0001111595316996	0.775307047160251	0.775307047160251	0.823569513030174	0.823569513030174	0.423034935834032	0.423034935834032	0.468760478061976	0.468760478061976	0.862722705983669	0.862722705983669	0.83635952082902	0.83635952082902	2184	2	2	0.0700528387858924	0.992537313432836	0.991803278688525	5	True	True	True	True	True	True	True	True	1	True	8	16	1.0	1.0	15.66117793990213	14.223272315504634	-1.4379056243974961	-0.26709772918824176	0.3515625	45.0	0.2635644369390499	-0.4356312757033307	-2.5301135571413127	1.6588510057346513	0.6835285790187553	0.45860212027394687	0.8531258956173938	True	Q15102	118	118	1.0	16.805785179138198	0.15251606271231863	0.28788534914337066	True	False	False	False	6	0.0	0.16666666666666666	1.0	False	False	0	False
PAPOLA	M05	green	5	True	down	-4.15708804621242	-5.59473771124075	4.36694086275306e-07	0.769529543030744	0.769529543030744	0.757606928886928	0.757606928886928	0.368757429264157	0.368757429264157	0.648034358506871	0.648034358506871	0.871597963599954	0.871597963599954	0.850503023413104	0.850503023413104	512	2	2	0.0246271153266912	1.0	1.0	5	True	True	True	True	True	True	True	True	-1	True	8	16	1.0	1.0	11.080565366932785	13.333097107179022	2.252531740246237	2.297509956477415	0.9609375	123.0	5.166757084915653e-05	2.028826442536836	1.1579658737243217	2.8996870113493505	4.969081506123662e-06	0.0006200108501898784	7.172761130578503e-05	True	G3XAH6;P51003	118	118	1.0	14.3784050941467	0.034561697337137674	0.10208501343098998	False	False	False	False	6	-0.6068779309930306	0.16666666666666666	0.0625	False	False	0	False
PAQR8	M04	yellow	4	False	not_shared	-2.19323846949147	-3.07147435285843	0.0074619731580095	0.770629690148192	0.770629690148192	0.696391701519485	0.696391701519485	0.65843287763761	0.65843287763761	0.678947182249817	0.678947182249817	0.871572624573661	0.871572624573661	0.552835062167115	0.552835062167115	812	2	3	0.425666007513629	1.0	0.991803278688525	5	True	True	True	True	True	True	True	True	-1	False	0	0	0.0	0.0														False		118	0	0.0				False	False	False	False	6	0.0	0.16666666666666666	1.0	False	False	0	False
PARK7	M04	yellow	4	True	down	-3.50303239835421	-2.63593177466271	0.0235780197336705	0.782249214014404	0.782249214014404	0.442954654439769	0.442954654439769	0.780380005286251	0.780380005286251	0.533545352105801	0.533545352105801	0.844883095392281	0.844883095392281	0.609100551874451	0.609100551874451	812	3	3	0.563112635764472	1.0	1.0	5	True	True	True	True	True	True	True	True	-1	True	8	16	1.0	1.0	20.037741131278658	19.825391405331985	-0.21234972594667312	-0.10617015258463247	0.390625	50.0	0.4166500106734323	-0.03753216620948341	-0.5531651838061981	0.47810085138723124	0.8865564300811444	0.5870210676694512	0.949473338022387	True	Q99497	118	118	1.0	18.8858308792114	0.35516171830445836	0.5121114567613484	True	False	False	False	6	-0.6628951177968219	0.0	0.03125	False	False	0	False
PBXIP1	M02	blue	2	True	up	3.61569795051463	3.76558703163436	0.0008750672232124	0.847627297097783	0.847627297097783	0.778021665253207	0.778021665253207	0.825108733765513	0.825108733765513	0.592654239267152	0.592654239267152	0.777643966250776	0.777643966250776	-0.0063643420191763	0.0063643420191763	2184	3	3	0.404133162411006	0.992537313432836	1.0	5	True	True	True	True	True	True	True	True	1	True	8	16	1.0	1.0	12.989307342793733	13.285995842890044	0.29668850009631065	0.28454925243456464	0.5546875	71.0	0.6967970185092274	0.40628005152533486	-0.7951611848758486	1.6077212879265184	0.5074698405763696	0.8332830324440246	0.7329423965824745	True	Q96AQ6;Q96AQ6-2	118	118	1.0	13.964084625244151	0.058611750645226085	0.14458888746717555	True	False	False	False	6	0.0	0.3333333333333333	0.5	False	False	0	False
PCCA	M03	brown	3	False	not_shared	1.9314343427342	2.02277238966961	0.0900271427122237	0.917448740959949	0.917448740959949	0.426468889163434	0.426468889163434	0.866077796810548	0.866077796810548	0.327174674548458	0.327174674548458	0.87636560687592	0.87636560687592	0.420271391581555	0.420271391581555	993	3	3	0.723063342469818	1.0	1.0	5	True	True	True	True	True	True	True	True	1	True	8	16	1.0	1.0	16.69968589874441	16.33410425197532	-0.36558164676909044	-0.3820361143991629	0.375	48.0	0.3502789368989395	-0.19203432454598413	-1.0696328264563373	0.685564177364369	0.6680139438161736	0.5323016158988251	0.845428939232268	True	P05165;P05165-2	118	118	1.0	16.45531558990475	0.5733428103695621	0.7200643957003555	True	False	False	False	6	1.8786863388615442	0.6666666666666666	0.125	False	False	0	False
PCNA	M04	yellow	4	True	down	-5.12260433975365	-2.68839893655132	0.0207737065850563	0.774716186534078	0.774716186534078	0.652224683839215	0.652224683839215	0.0307086913094476	0.0307086913094476	0.355543243662071	0.355543243662071	0.739267234829591	0.739267234829591	0.859854223395576	0.859854223395576	812	2	2	0.0071644552972227	1.0	0.991803278688525	5	True	True	True	True	True	True	True	True	-1	True	8	16	1.0	1.0	17.937371131142164	18.201289808241846	0.26391867709968153	1.0383086717101428	0.71875	92.0	0.09260188369085934	0.3193226832861007	-0.149503270469526	0.7881486370417274	0.18189148860434445	0.21200957581854638	0.37701537808203284	True	P12004	118	118	1.0	16.63184928894045	0.20246079193692312	0.33992101383093937	True	False	False	False	6	-1.9436616723200237	0.0	0.03125	False	False	0	False
PCSK7	M06	red	6	True	up	4.29303398610323	2.63172782362543	0.0238059349935096	0.73574838698983	0.73574838698983	0.648775303411073	0.648775303411073	0.376224178221745	0.376224178221745	0.655844120878681	0.655844120878681	0.711371469115275	0.711371469115275	0.48421393851273	0.48421393851273	231	2	2	0.0353078846916077	1.0	1.0	5	True	True	True	True	True	True	True	True	1	True	4	4	0.5	0.25	6.607411212140567	6.84353032276227	0.23611911062170243	-0.11857941730614947	0.5	8.0	1.0	0.2399935510918823	-2.42587448997771	2.9058615921614748	0.859944463283754	1.0	0.9391498743756788	False		118	0	0.0				False	False	False	False	6	-0.5080212240790081	0.0	0.0625	False	False	0	False
PCTP	M10	purple	10	True	down	-3.97721217066606	-2.58773872679597	0.0265188091925919	0.808991699874641	0.808991699874641	0.727508533759733	0.727508533759733	0.74927726876565	0.74927726876565	-0.0029878367853358	0.0029878367853358	0.412273188685753	0.412273188685753	0.43951869987498	0.43951869987498	47	2	2	0.0304113932416115	0.985074626865672	0.991803278688525	5	True	True	True	True	True	True	True	True	-1	True	8	16	1.0	1.0	15.950681963004893	15.069426742622305	-0.8812552203825881	-1.0625590836069736	0.2109375	27.0	0.022970314261201327	-0.766089347836488	-1.5006941285198194	-0.031484567153156395	0.04095686099657001	0.06774296070252595	0.12033343230850657	True	I3L2M9;I3L3H0;I3L4Z8;Q9UKL6;Q9UKL6-2	118	110	0.9322033898305084	13.4100799560547	0.9191406897576966	0.9550680131358475	False	False	False	False	6	0.0	0.0		False	True	1	True
PDHA1	M04	yellow	4	True	down	-4.53829169501413	-3.88100123221788	0.0005940243483349	0.799324472155521	0.799324472155521	0.692455337619157	0.692455337619157	0.674012551695396	0.674012551695396	0.265339807252776	0.265339807252776	0.830546797976972	0.830546797976972	0.661740736945946	0.661740736945946	812	2	2	0.382289708793282	1.0	1.0	5	True	True	True	True	True	True	True	True	-1	True	8	16	1.0	1.0	17.900033565714146	18.09158804396974	0.19155447825559335	0.4269997539727343	0.6328125	81.0	0.31962919000205303	0.17039697466669146	-0.3393056576907577	0.6800996070241406	0.5123203415929061	0.5033075028086627	0.7335781661141074	True	P08559;P08559-2;P08559-3;P08559-4	118	118	1.0	19.326954841613748	0.9296127891120979	0.958033192662753	True	False	False	False	6	-0.4488043211633883	0.3333333333333333	0.3125	False	False	0	False
PDHB	M04	yellow	4	False	not_shared	-3.382349880503	-3.13101884279313	0.0063140091417499	0.820980113234095	0.820980113234095	0.829546464162101	0.829546464162101	0.345621720299522	0.345621720299522	0.554872742382927	0.554872742382927	0.826696622992205	0.826696622992205	0.725309501476847	0.725309501476847	812	2	2	0.0242306814344075	0.992537313432836	0.983606557377049	5	True	True	True	True	True	True	True	True	-1	True	8	16	1.0	1.0	18.519932555663782	19.135789955460304	0.6158573997965213	2.008389220022861	0.9453125	121.0	0.000122370562537476	0.6716968234130634	0.3699574138433063	0.9734362329828203	1.282665682849298e-05	0.001182915437862268	0.00017033800268238675	True	P11177;P11177-2	118	118	1.0	17.592399597167997	0.18670850669727632	0.32546455539033414	True	False	False	False	6	-0.29858372946856804	0.16666666666666666	0.3125	False	False	0	False
PDLIM1	M04	yellow	4	True	down	-7.67117062112202	-4.29189820529832	0.0001330979558545	0.850606172208952	0.850606172208952	0.906088122255881	0.906088122255881	0.669964627669514	0.669964627669514	0.81202032895746	0.81202032895746	0.789818235572976	0.789818235572976	0.758154650531867	0.758154650531867	812	2	2	0.344619512468614	1.0	1.0	5	True	True	True	True	True	True	True	True	-1	True	8	16	1.0	1.0	18.753070809639222	19.714984161480302	0.9619133518410798	1.8161840825395437	0.8984375	115.0	0.0009436130044556481	0.7407327466521741	0.3574196941138501	1.1240457991904982	0.00015215260647141236	0.005863880813402956	0.0014031851485696916	True	O00151	118	118	1.0	19.2505645751953	0.5490187613000604	0.7029856065625852	True	False	False	False	6	0.5880597715995677	1.0	0.03125	True	False	1	True
PDZK1IP1	M02	blue	2	True	up	5.89855282002186	5.11806304591144	4.09391020625634e-06	0.746552174481126	0.746552174481126	0.496690912760818	0.496690912760818	0.663362541669244	0.663362541669244	0.592615586777619	0.592615586777619	0.735939328395504	0.735939328395504	0.593967459480207	0.593967459480207	2184	2	2	0.390568578531455	1.0	1.0	5	True	True	True	True	True	True	True	True	1	True	5	16	0.625	1.0	12.279716958479938	13.328537438455902	1.048820479975964	0.8032787318030264	0.725	58.0	0.1530296329057939	1.4969933543241656	-0.12175192514899535	3.1157386337973265	0.06990160804401647	0.3059340659340659	0.17715522038636236	False		118	0	0.0				False	False	False	False	6	-0.26566924201366504	0.3333333333333333	0.5625	False	True	1	True
PELP1	M02	blue	2	False	not_shared	3.35272819283697	4.11401500256193	0.0002583164509126	0.723015097454652	0.723015097454652	0.433107359597007	0.433107359597007	0.646554167572153	0.646554167572153	0.539448223390674	0.539448223390674	0.896560697418319	0.896560697418319	0.70818208961108	0.70818208961108	2184	2	2	0.341669919554917	0.992537313432836	1.0	5	True	True	True	True	True	True	True	True	1	True	5	16	0.625	1.0	10.65575588139096	10.997570790218361	0.34181490882740206	0.9085737179527149	0.675	54.0	0.2748046587055875	0.9894067942342807	-0.13013234694861653	2.108945935417178	0.08324813717531873	0.47109370063815	0.20322339369268985	True	C9JFV4;Q8IZL8	118	118	1.0	14.939070224762	0.5438729618990256	0.7029856065625852	True	False	False	False	6	0.0	0.16666666666666666	1.0	False	True	1	True
PEX2	M05	green	5	True	down	-4.56566258035295	-3.18170446394601	0.0054597234571743	0.803991786176913	0.803991786176913	0.965657658108014	0.965657658108014	0.533682435526979	0.533682435526979	0.615135314954926	0.615135314954926	0.71285190649427	0.71285190649427	0.53632259778445	0.53632259778445	512	2	2	0.119059718600484	0.977611940298508	0.959016393442623	4	True	True	True	True	True	True	True	True	-1	True	2	10	0.25	0.625	10.418031644286817	11.890127045487315	1.472095401200498	2.4936639536072476	0.95	19.0	0.06060606060606061					0.15430052584506476		False		118	0	0.0				False	False	False	False	6	0.0	0.16666666666666666	1.0	False	False	0	False
PFDN5	M02	blue	2	False	not_shared	-1.34315699571351	2.26707842402493	0.0547687203992338	0.929081828087506	0.929081828087506	0.639355835535478	0.639355835535478	0.873024037674027	0.873024037674027	0.479217016337964	0.479217016337964	0.741869365453199	0.741869365453199	0.774750558490613	0.774750558490613	2184	3	3	0.434637820502638	1.0	1.0	5	True	True	True	True	True	True	True	True	1	True	8	16	1.0	1.0	15.93217374104993	16.92421690840075	0.9920431673508219	1.4247615658382664	0.8125	104.0	0.013120843649851593	1.0827015131011797	0.044914991629965595	2.1204880345723938	0.040875521359108005	0.04390436144373417	0.12033343230850657	True	H3BPF6;Q99471	118	118	1.0	14.789690017700199	0.08084497689272098	0.17909408075540273	True	False	False	False	6	-0.14351065849422007	0.16666666666666666	0.3125	False	True	1	True
PFN2	M04	yellow	4	True	down	-5.2841150501583	-5.54690007595024	5.50237027334864e-07	0.867582630371867	0.867582630371867	0.833611935489073	0.833611935489073	0.628598718892256	0.628598718892256	0.69556590481173	0.69556590481173	0.811538536138021	0.811538536138021	0.68392187086271	0.68392187086271	812	2	2	0.243241136487403	1.0	0.991803278688525	5	True	True	True	True	True	True	True	True	-1	True	8	15	1.0	0.9375	15.762474004563227	13.983570199774658	-1.7789038047885697	-1.6825867331235	0.11666666666666667	14.0	0.0018885856818283795	-1.4801668933292467	-2.2481156708784025	-0.7122181157800909	0.00015828859090583465	0.009809370407108598	0.0014203192481280298	True	C9J712;P35080	118	111	0.940677966101695	14.9549798965454	0.02289271838726252	0.0768429931764503	False	False	False	False	6	0.0	0.0		False	True	1	True
PGK1	M04	yellow	4	True	down	-6.72825358046233	-6.17758160892684	2.04018493843173e-08	0.811853182748403	0.811853182748403	0.955455906099629	0.955455906099629	0.588362192006096	0.588362192006096	0.805928178403883	0.805928178403883	0.84084322730769	0.84084322730769	0.848802157390862	0.848802157390862	812	2	2	0.302781882339752	1.0	1.0	5	True	True	True	True	True	True	True	True	-1	True	8	16	1.0	1.0	21.15566903487248	21.5851862457625	0.42951721089001893	0.890280333347965	0.828125	106.0	0.008748135548512451	0.22941317160186725	-0.26290002638263155	0.721726369586366	0.3610720623793885	0.03106480786614626	0.5819219646114416	True	P00558	118	118	1.0	19.64668464660645	0.17451472761781928	0.30985338749909147	False	False	False	False	6	-0.582391124260158	0.0	0.03125	False	False	0	False
PHC2	M02	blue	2	False	not_shared	0.636848390610082	2.45382984827266	0.0363071370816613	0.836425532181637	0.836425532181637	0.837190043688063	0.837190043688063	0.632992069462321	0.632992069462321	0.770879159181435	0.770879159181435	0.84807958952652	0.84807958952652	0.591081763756576	0.591081763756576	2184	2	2	0.290347988793431	1.0	0.991803278688525	5	True	True	True	True	True	True	True	True	1	True	6	16	0.75	1.0	9.390413960656911	11.322963508456702	1.9325495477997912	0.8603274380031094	0.7916666666666666	76.0	0.04018066556766247	1.0722658276567878	-0.24200361673886106	2.386535272052437	0.10980613774448433	0.10673947799653846	0.254934529588593	False		118	0	0.0				False	False	False	False	6	3.615017905546185	1.0	0.03125	True	False	1	True
PHF5A	M04	yellow	4	False	not_shared	-0.378711424123739	-2.63183202715265	0.0238059349935096	0.878040211428641	0.878040211428641	0.29145957466332	0.29145957466332	0.565728947682727	0.565728947682727	0.381242864922157	0.381242864922157	0.830376794475441	0.830376794475441	0.255992485996661	0.255992485996661	812	2	2	0.0854535191023291	0.977611940298508	0.983606557377049	5	True	True	True	True	True	True	True	True	-1	True	8	16	1.0	1.0	15.434301658445522	16.571872268545537	1.1375706101000151	1.7475489292528914	0.890625	114.0	0.0012590571212189195	1.3006663193237618	0.8207164249853812	1.7806162136621424	1.087200088354006e-07	0.006846123096627875	2.776541764104077e-06	True	Q7RTV0	118	118	1.0	14.93365478515625	0.012295521256039787	0.050938588060736256	False	False	False	False	6	0.0	0.0		False	False	0	False
PIGL	M03	brown	3	True	up	4.88523107790297	3.7843332060831	0.0008214026407256	0.804372960226413	0.804372960226413	0.902407547612516	0.902407547612516	0.553588096404485	0.553588096404485	0.504229364800197	0.504229364800197	0.78269376834046	0.78269376834046	0.762017385081166	0.762017385081166	993	2	2	0.304752144054554	1.0	1.0	5	True	True	True	True	True	True	True	True	1	False	0	0	0.0	0.0														False		118	0	0.0				False	False	False	False	6	0.0	0.0		False	False	0	False
PIGS	M04	yellow	4	True	down	-3.53067154753678	-4.40682574837987	8.51984759393464e-05	0.865471534099294	0.865471534099294	0.870603548704999	0.870603548704999	0.751635342795109	0.751635342795109	0.710957308365404	0.710957308365404	0.736849303045663	0.736849303045663	0.610983061268986	0.610983061268986	812	3	3	0.486297978184433	1.0	0.991803278688525	5	True	True	True	True	True	True	True	True	-1	True	8	16	1.0	1.0	13.742260567693926	14.36697541818437	0.6247148504904452	0.41990322486566617	0.6953125	89.0	0.13582860507076416	0.4720178099978704	-0.3825297517732425	1.3265653717689834	0.27898355603334923	0.27804914449779955	0.5061341016561309	True	Q96S52;Q96S52-2	118	109	0.923728813559322	15.2134895324707	0.02039968408927896	0.07151098048879108	True	False	False	False	6	0.0	0.16666666666666666	1.0	False	False	0	False
PIM1	M04	yellow	4	False	down	-3.85229013512467	-3.88522711765064	0.0005861376486253	0.786765139384412	0.786765139384412	0.7291268603458	0.7291268603458	0.482191991501531	0.482191991501531	0.71837454177422	0.71837454177422	0.790752209626844	0.790752209626844	0.440275435460646	0.440275435460646	812	2	2	0.11027221871557	0.977611940298508	0.950819672131147	5	True	True	True	True	True	True	True	True	-1	False	0	0	0.0	0.0														False		118	0	0.0				False	False	False	False	6	0.0	0.0	0.5	False	False	0	False
PIP5K1C	M02	blue	2	False	up	2.89528016479316	4.14603452476364	0.0002297397780855	0.800659055705287	0.800659055705287	0.226753105626194	0.226753105626194	0.386190172742666	0.386190172742666	0.191646211258439	0.191646211258439	0.770448168265183	0.770448168265183	0.296506423853404	0.296506423853404	2184	2	2	0.0588173745500183	0.992537313432836	1.0	5	True	True	True	True	True	True	True	True	1	False	0	0	0.0	0.0														False		118	0	0.0				False	False	False	False	6	0.0	0.16666666666666666	1.0	False	False	0	False
PLEKHA5	M03	brown	3	True	up	3.58444346275677	4.03562521628294	0.0003413763620813	0.908340099039419	0.908340099039419	0.761398047319651	0.761398047319651	0.445575685397526	0.445575685397526	0.513661389313427	0.513661389313427	0.857496748624689	0.857496748624689	0.594710236993969	0.594710236993969	993	2	2	0.0792243311219655	1.0	1.0	5	True	True	True	True	True	True	True	True	1	True	8	16	1.0	1.0	11.919310903372677	13.601013029494581	1.6817021261219036	2.1610962720213096	0.953125	122.0	8.1580375024984e-05	1.560418145403256	0.8424229385858651	2.278413352220647	2.048045683062044e-05	0.0008349991326086596	0.000261519679529461	True	Q9HAU0;Q9HAU0-2;Q9HAU0-4;Q9HAU0-6	118	118	1.0	14.500064849853501	0.04802594381544339	0.127668967309387	True	False	False	False	6	0.0	0.0		False	True	1	True
PLXNB1	M02	blue	2	True	up	10.8325646306889	2.12931323654294	0.0726104835474196	0.883199367350652	0.883199367350652	0.627791815637185	0.627791815637185	0.708119142811612	0.708119142811612	0.444427217450013	0.444427217450013	0.802535852048281	0.802535852048281	0.727368450131526	0.727368450131526	2184	3	3	0.419595650529137	1.0	0.991803278688525	5	True	True	True	True	True	True	True	True	1	True	6	15	0.75	0.9375	6.890475036573935	9.618600908262382	2.7281258716884462	1.1342402720546043	0.7888888888888889	71.0	0.044854784018870705	2.304285804767589	-0.18573023779290665	4.794301847328085	0.06971309413998683	0.11736439728245869	0.17715522038636236	True	O43157;O43157-2	118	66	0.559322033898305	15.1656699180603	0.9073812006294245	0.94903148524848	False	False	False	False	6	-0.009416314984422414	0.5	1.0	False	True	1	True
PMM2	M03	brown	3	False	not_shared	1.79899162042872	2.64726302383119	0.0229291219811715	0.932540670423641	0.932540670423641	0.573646791102454	0.573646791102454	0.767933548479782	0.767933548479782	0.536369065343199	0.536369065343199	0.873767848913436	0.873767848913436	0.340562397973269	0.340562397973269	993	3	3	0.452145417609302	1.0	0.991803278688525	5	True	True	True	True	True	True	True	True	1	True	8	16	1.0	1.0	18.0138904880873	18.211392696680036	0.19750220859273782	0.5296070826422409	0.609375	78.0	0.4166500106734323	0.16859601104853028	-0.36945072489613406	0.7066427469931946	0.5391153424345728	0.5870210676694512	0.7520432507910847	True	O15305	118	118	1.0	16.66617012023925	0.32902514034414876	0.48592138782307154	True	False	False	False	6	0.0	0.0		False	False	0	False
PNKP	M06	red	6	False	not_shared	2.22995079317083	3.81474297681175	0.0007428628085082	0.914031697637023	0.914031697637023	0.561995293120731	0.561995293120731	0.597410450809901	0.597410450809901	0.587730325739961	0.587730325739961	0.732119202668459	0.732119202668459	0.564638786615065	0.564638786615065	231	2	2	0.120592508060644	1.0	1.0	5	True	True	True	True	True	True	True	True	1	True	8	16	1.0	1.0	12.504921925937218	12.741138514916143	0.23621658897892495	0.17416168689982786	0.5859375	75.0	0.5283308247368013	0.15297818448250244	-1.1311379133553554	1.4370942823203603	0.8153788391645793	0.6911997255955145	0.9238325041803389	True	M0QYH2;Q96T60	118	117	0.9915254237288136	14.9146003723145	0.3953171305827331	0.5506819417287855	True	False	False	False	6	0.0	0.0		False	False	0	False
POMP	M04	yellow	4	True	down	-4.16782604203277	-3.92955929124648	0.0005029057591328	0.889929456006994	0.889929456006994	0.820492307689846	0.820492307689846	0.805555435155523	0.805555435155523	0.572438141783471	0.572438141783471	0.852434739995698	0.852434739995698	0.818633712737047	0.818633712737047	812	3	3	0.604891941026925	1.0	1.0	5	True	True	True	True	True	True	True	True	-1	True	7	16	0.875	1.0	12.901281917330309	13.34581315987192	0.44453124254161125	0.2497955625706836	0.6160714285714286	69.0	0.4127477494014041	0.20365150485168027	-1.248842074105935	1.6561450838092955	0.7834675815392814	0.5870210676694512	0.9182393145059615	True	Q9Y244	118	61	0.5169491525423728	14.2412595748901	0.12802644717296763	0.26013016973360936	False	False	False	False	6	-1.7024050292770139	0.0	0.03125	False	False	0	False
PPARA	M06	red	6	True	up	3.53431391825157	2.34252141793064	0.046480301697612	0.650910807075502	0.650910807075502	0.596689043092635	0.596689043092635	0.747481834573033	0.747481834573033	0.474154692755667	0.474154692755667	0.712895973629004	0.712895973629004	0.671433764366416	0.671433764366416	231	2	2	0.231670539779518	1.0	1.0	5	True	True	True	True	True	True	True	True	1	False	0	0	0.0	0.0														False		118	0	0.0				False	False	False	False	6	0.0	0.0		False	False	0	False
PPFIBP1	M03	brown	3	True	up	3.01494311758821	3.52789612220159	0.0019315011743998	0.776395394073351	0.776395394073351	0.678458827114674	0.678458827114674	0.773093094856231	0.773093094856231	0.567936652944282	0.567936652944282	0.651042932356159	0.651042932356159	0.536170406154552	0.536170406154552	993	2	2	0.350758640914433	1.0	1.0	5	True	True	True	True	True	True	True	True	1	True	6	16	0.75	1.0	8.866997784741592	10.17982479295584	1.3128270082142475	1.2635875302883852	0.7708333333333334	74.0	0.058702907000120624	1.503952606948344	-0.1517392258519441	3.1596444397486323	0.07502047823115071	0.1513230491558665	0.1861238821793989	True	Q86W92;Q86W92-2;Q86W92-4	118	86	0.7288135593220338	16.09922981262205	0.31382438605423113	0.47221688278914964	False	False	False	False	6	0.0	0.3333333333333333	0.5	False	True	1	True
PPIC	M04	yellow	4	False	not_shared	-4.12359541499433	-4.49137683042633	6.04448676654798e-05	0.824090084062144	0.824090084062144	0.882950835003788	0.882950835003788	0.793343838066336	0.793343838066336	0.81440135378493	0.81440135378493	0.512456371703887	0.512456371703887	0.575346196060732	0.575346196060732	812	2	2	0.147395210122431	1.0	1.0	5	True	True	True	True	True	True	True	True	-1	True	8	16	1.0	1.0	13.633725740226268	13.858739607331662	0.22501386710539428	0.001312067177449701	0.4765625	61.0	0.8809755925114653	-0.007093787025261644	-1.352802137644734	1.3386145635942106	0.9917565762662288	0.9671277797917662	0.9942060043543826	True	P45877	118	81	0.6864406779661016	14.2023897171021	0.0367078573975896	0.10645278645300982	False	False	False	False	6	-0.08887728393214944	0.3333333333333333	1.0	False	False	0	False
PPP1CC	M05	green	5	False	not_shared	-4.08446551439738	-8.02972278410665	1.36291532611855e-13	0.748993343865077	0.748993343865077	0.717234161811364	0.717234161811364	0.267631162702417	0.267631162702417	0.538123088912518	0.538123088912518	0.859894181867315	0.859894181867315	0.869457804933112	0.869457804933112	512	2	2	0.0205221474976314	0.992537313432836	1.0	5	True	True	True	True	True	True	True	True	-1	True	7	15	0.875	0.9375	13.936636666522901	13.511793388329078	-0.4248432781938227	-0.657999197393017	0.3238095238095238	34.0	0.21006895581198984	-0.31277129842097073	-0.8983720873661357	0.27282949052419425	0.2951811372133628	0.3906222120253872	0.5240649067103553	True	F8VYE8;P36873;P36873-2	118	118	1.0	14.88649988174435	0.091289214233621	0.1967652658143588	True	False	False	False	6	0.23782964199962864	0.6666666666666666	0.3125	False	False	0	False
PPP1R13B	M03	brown	3	True	up	4.6284170969194	4.74042462521861	2.17707548952217e-05	0.91070587214595	0.91070587214595	0.818469726369982	0.818469726369982	0.71562771667837	0.71562771667837	0.688994381163003	0.688994381163003	0.771118461512814	0.771118461512814	0.592464347277605	0.592464347277605	993	3	3	0.463896590397825	1.0	1.0	5	True	True	True	True	True	True	True	True	1	True	4	15	0.5	0.9375	8.917510012709094	9.563186086353307	0.6456760736442124	0.38395607672081533	0.6333333333333333	38.0	0.46904024767801855	0.5652168791132901	-1.306479445291443	2.4369132035180234	0.5539362763678077	0.6426220716218521	0.766278515642134	False		118	0	0.0				False	False	False	False	6	0.0	0.0	1.0	False	False	0	False
PPP1R15B	M05	green	5	True	down	-3.46631475595525	-4.85967197126845	1.28346596734628e-05	0.817839098954168	0.817839098954168	0.747840934387777	0.747840934387777	0.753636774414532	0.753636774414532	0.583092468530024	0.583092468530024	0.544334527376745	0.544334527376745	0.402247938052121	0.402247938052121	512	2	2	0.199868047108338	0.992537313432836	0.967213114754098	5	True	True	True	True	True	True	True	True	-1	False	0	0	0.0	0.0														False		118	0	0.0				False	False	False	False	6	-5.3763158952134	0.16666666666666666	0.125	False	False	0	False
PRDX3	M09	magenta	9	True	down	-4.75623751681459	-4.40795354092873	8.48530194599568e-05	0.939085786641585	0.939085786641585	0.821093825839272	0.821093825839272	0.559845783050474	0.559845783050474	0.714213446808348	0.714213446808348	0.84537003053415	0.84537003053415	0.825460415399346	0.825460415399346	72	2	2	0.0453092887427381	0.992537313432836	0.983606557377049	5	True	True	True	True	True	True	True	True	-1	True	8	16	1.0	1.0	20.2392328286433	20.449427026606656	0.21019419796335725	0.28388559542355774	0.6171875	79.0	0.3826038008296723	0.1585451693195048	-0.2367922074941069	0.5538825461331165	0.43185616013772354	0.5547755112030248	0.6668662565847638	True	P30048;P30048-2	118	118	1.0	19.867360115051298	0.2846864960530564	0.43591226972776664	True	False	False	False	6	-0.27655216587356124	0.3333333333333333	0.3125	False	False	0	False
PRKCE	M03	brown	3	True	up	3.21420424717644	4.1737342497859	0.0002071905017301	0.829063122474283	0.829063122474283	0.626127353241461	0.626127353241461	0.594918857181542	0.594918857181542	0.251599265203654	0.251599265203654	0.750429895571146	0.750429895571146	0.496630389648215	0.496630389648215	993	2	2	0.206613443932831	1.0	1.0	5	True	True	True	True	True	True	True	True	1	False	0	0	0.0	0.0														False		118	0	0.0				False	False	False	False	6	0.0	0.0		False	False	0	False
PRMT1	M02	blue	2	False	not_shared	1.30947795716229	3.33800062465361	0.0034584621378487	0.744925667975969	0.744925667975969	0.656689258548117	0.656689258548117	0.822471871533346	0.822471871533346	0.551109137120605	0.551109137120605	0.741413393715412	0.741413393715412	0.725461355599898	0.725461355599898	2184	3	3	0.474688770324809	1.0	1.0	5	True	True	True	True	True	True	True	True	1	True	8	16	1.0	1.0	17.442322909841835	18.16352314383286	0.7212002339910271	1.2516357146940156	0.8046875	103.0	0.015905453784037713	0.5278687618864983	0.008021844614998552	1.047715679157998	0.04656797058139416	0.05125090663745485	0.1290745770908738	True	E9PKG1;H7C2I1;Q99873;Q99873-2;Q99873-3;Q99873-4	118	118	1.0	16.907269477844252	0.0013092870142512893	0.010596971120167794	True	False	False	True	6	3.6564646323184657	1.0	0.03125	True	True	2	True
PRPF31	M02	blue	2	False	not_shared	2.16546696910997	1.98496981517838	0.0968129321043711	0.870396135533877	0.870396135533877	0.577372196592287	0.577372196592287	0.80064282356865	0.80064282356865	0.244164163250825	0.244164163250825	0.766280786308169	0.766280786308169	0.620611639857157	0.620611639857157	2184	3	3	0.498421330632736	1.0	1.0	5	True	True	True	True	True	True	True	True	1	False	0	0	0.0	0.0														True	E7EVX8;Q8WWY3	118	118	1.0	14.913434982299801	0.11559313983900751	0.24100791901074115	True	False	False	False	6	5.470896577178721	0.8333333333333334	0.0625	True	False	1	True
PRPF6	M02	blue	2	False	not_shared	1.51571850437668	2.32465882270869	0.0484056381530744	0.804891172022466	0.804891172022466	0.498198886652192	0.498198886652192	0.685200242240876	0.685200242240876	0.428215901010832	0.428215901010832	0.765874064106639	0.765874064106639	0.722765702177467	0.722765702177467	2184	2	3	0.445247534788849	1.0	1.0	5	True	True	True	True	True	True	True	True	1	True	8	16	1.0	1.0	13.375855619376772	15.243817427222453	1.8679618078456812	3.3221028422957004	1.0	128.0	2.719345834166133e-06	2.169992844983759	1.3236082794451027	3.0163774105224155	5.033538778958284e-07	0.00013519033575568775	1.0444592966338439e-05	True	O94906	118	118	1.0	15.38554525375365	0.26904525279072017	0.418660661659706	True	False	False	False	6	6.306529237589205	1.0	0.03125	True	True	2	True
PRPF8	M02	blue	2	False	not_shared	2.06107409287463	2.78747031796224	0.0162074697562615	0.783621108739526	0.783621108739526	0.639926109865093	0.639926109865093	0.673185697688472	0.673185697688472	0.694730140829591	0.694730140829591	0.73791262412138	0.73791262412138	0.825036006224148	0.825036006224148	2184	2	3	0.402525223197837	1.0	1.0	5	True	True	True	True	True	True	True	True	1	False	0	0	0.0	0.0														True	Q6P2Q9	118	118	1.0	16.3789300918579	0.0504339790267512	0.13080031958970434	True	False	False	False	6	0.4085801039424566	0.8333333333333334	0.0625	True	False	1	True
PRRC2A	M02	blue	2	False	up	2.98762305676924	4.48839496709874	6.10018083189236e-05	0.811190626790742	0.811190626790742	0.466817774132395	0.466817774132395	0.802665290769943	0.802665290769943	0.525281501183382	0.525281501183382	0.878879226246326	0.878879226246326	0.78689264359076	0.78689264359076	2184	3	3	0.617902639702725	1.0	1.0	4	True	True	True	True	True	True	True	True	1	False	0	0	0.0	0.0														True	P48634	118	118	1.0	14.7936501502991	0.03284130636381335	0.09993824484237858	True	False	False	False	6	3.6023035115810114	0.8333333333333334	0.0625	True	False	1	True
PSMA5	M04	yellow	4	True	down	-4.47617112303672	-2.31297114338476	0.0495806544013559	0.769402264220921	0.769402264220921	0.493289586432613	0.493289586432613	0.723774939022874	0.723774939022874	0.4835685136036	0.4835685136036	0.842222516040091	0.842222516040091	0.388108315847354	0.388108315847354	812	3	3	0.524576209937336	1.0	1.0	5	True	True	True	True	True	True	True	True	-1	True	8	16	1.0	1.0	18.980667422396987	19.062396689432568	0.08172926703558048	-0.10576654425310658	0.5	64.0	1.0	-0.09010222912770005	-0.2801773891776334	0.0999729309222333	0.3528419187324293	1.0	0.5714317903373977	True	P28066	118	118	1.0	17.52769470214845	0.0037366462893142255	0.022384289447308213	True	False	False	False	6	-0.5155789358314866	0.0	0.03125	False	False	0	False
PSMB1	M04	yellow	4	False	not_shared	-0.870100769243561	-2.12259669241076	0.0735840886944913	0.831193028293863	0.831193028293863	0.698543183870793	0.698543183870793	0.671337509892303	0.671337509892303	0.607482994975398	0.607482994975398	0.831930541369226	0.831930541369226	0.796571147353573	0.796571147353573	812	2	2	0.353930747556836	1.0	1.0	5	True	True	True	True	True	True	True	True	-1	False	0	0	0.0	0.0														True	P20618	118	118	1.0	17.470755577087402	0.07720481804802438	0.17222613256866978	True	False	False	False	6	-1.0373496994238698	0.0	0.03125	False	False	0	False
PSMB2	M04	yellow	4	True	down	-3.77829828495813	-2.16943925284923	0.0669174136656386	0.816193264243704	0.816193264243704	0.739519266349107	0.739519266349107	0.680752116085273	0.680752116085273	0.600283086112321	0.600283086112321	0.802879319725997	0.802879319725997	0.903892608052529	0.903892608052529	812	2	3	0.417599845729619	1.0	1.0	5	True	True	True	True	True	True	True	True	-1	True	8	16	1.0	1.0	17.80936702408534	17.87888877076071	0.06952174667537037	-0.0035945268986270584	0.5859375	75.0	0.5283308247368013	0.05059707680333547	-0.7110297221477441	0.812223875754415	0.8964033757223916	0.6911997255955145	0.9535766199257887	True	P49721	118	118	1.0	17.617395401000998	0.2258282049460506	0.36568120496340173	True	False	False	False	6	-0.7580971038434265	0.0	0.03125	False	False	0	False
PSME3	M04	yellow	4	True	down	-3.20877219692909	-2.39726425985533	0.0411814535755782	0.797151678210086	0.797151678210086	0.494285338275351	0.494285338275351	0.674694068529894	0.674694068529894	0.639155422980976	0.639155422980976	0.847740633870216	0.847740633870216	0.542057973008708	0.542057973008708	812	2	2	0.301307265659726	0.992537313432836	0.991803278688525	5	True	True	True	True	True	True	True	True	-1	True	8	16	1.0	1.0	16.250288593198714	16.8810775732157	0.6307889800169839	1.639366856354457	0.8984375	115.0	0.0009436130044556481	0.504485518884243	0.12550172197981835	0.8834693157886676	0.00908039363193718	0.005863880813402956	0.03915182708835252	True	P61289;P61289-2;P61289-3	118	118	1.0	14.900599956512451	0.13309293940557954	0.26075127222817307	True	False	False	False	6	-5.5729892766896185	0.0	0.0625	False	False	0	False
PTK2	M03	brown	3	True	up	4.91956700297942	2.42664593060076	0.0386039659245374	0.884019334256352	0.884019334256352	0.823748701919716	0.823748701919716	0.702396644960389	0.702396644960389	0.81533928733341	0.81533928733341	0.711328128417849	0.711328128417849	0.771813700327331	0.771813700327331	993	3	3	0.45790962651375	1.0	1.0	5	True	True	True	True	True	True	True	True	1	True	8	16	1.0	1.0	12.961985651568085	14.150237138447622	1.1882514868795369	1.355203331277345	0.8359375	107.0	0.007064860477163614	1.669906587967777	-0.08047487057738101	3.420288046512935	0.061504174655231725	0.026436252108096105	0.1620586189328328	True	E7ESA6;H0YBP1;Q05397;Q05397-5;Q05397-7	118	118	1.0	15.04970502853395	0.0013104562040233533	0.010596971120167794	True	False	False	False	6	5.502549476787438	1.0	0.03125	True	True	2	True
PTP4A2	M10	purple	10	False	down	-3.62588240443297	-3.75404831906055	0.000910308267324	0.929227684306302	0.929227684306302	0.824166579585231	0.824166579585231	0.760684539913822	0.760684539913822	0.540363265251797	0.540363265251797	0.847239178473498	0.847239178473498	0.898902260822111	0.898902260822111	47	3	3	0.415569989769246	1.0	1.0	5	True	True	True	True	True	True	True	True	-1	True	7	15	0.875	0.9375	12.256827760572484	13.123253097634658	0.8664253370621733	1.1374385237879188	0.780952380952381	82.0	0.03867623604465709	0.7676546462967133	-0.3416982771720585	1.877007569765485	0.17501517792835364	0.10353330879646669	0.3654404973095183	False		118	0	0.0				False	False	False	False	6	-0.12957949024631255	0.3333333333333333	0.6875	False	False	0	False
PURB	M05	green	5	False	not_shared	-2.83084941949171	-2.28812015058637	0.0523466375994602	0.765682558688348	0.765682558688348	0.743949104379439	0.743949104379439	0.562106700622128	0.562106700622128	0.777194714114971	0.777194714114971	0.810468157882744	0.810468157882744	0.474317960052474	0.474317960052474	512	2	2	0.236993796729886	0.992537313432836	0.983606557377049	5	True	True	True	True	True	True	True	True	-1	True	8	16	1.0	1.0	15.543203056137061	16.00650021444599	0.4632971583089276	-0.02287697901651152	0.6328125	81.0	0.31962919000205303	0.12688897296866997	-0.8377247734912074	1.0915027194285474	0.7965449475232438	0.5033075028086627	0.9182393145059615	True	Q96QR8	118	118	1.0	14.9326500892639	7.43477756999675e-05	0.0012482600235941912	True	False	False	False	6	-5.512845883971427	0.0	0.0625	False	False	0	False
QTRT1	M02	blue	2	False	not_shared	1.05038416564775	1.97072975174025	0.0993670497080052	0.80271822589209	0.80271822589209	0.71785112579489	0.71785112579489	0.76568477610045	0.76568477610045	0.740445474604085	0.740445474604085	0.853226654476502	0.853226654476502	0.906224015665044	0.906224015665044	2184	3	3	0.497044754418182	1.0	1.0	5	True	True	True	True	True	True	True	True	1	True	8	16	1.0	1.0	13.254946777664838	14.502746982679163	1.2478002050143253	1.188309894037885	0.828125	106.0	0.008748135548512451	1.9424873080888934	0.6964938908429739	3.188480725334813	0.0022464214310635227	0.03106480786614626	0.0122264248379195	True	Q9BXR0	118	117	0.9915254237288136	15.0862398147583	0.5586281006998078	0.7099695781802339	True	False	False	True	6	-0.18396999160085103	0.3333333333333333	0.3125	False	True	1	True
RAB11A	M04	yellow	4	True	down	-5.88074420229963	-4.25715036569004	0.0001517151784445	0.719628085432564	0.719628085432564	0.923682652047087	0.923682652047087	0.705046214421394	0.705046214421394	0.793083343023619	0.793083343023619	0.600416212234065	0.600416212234065	0.813149081376798	0.813149081376798	812	2	2	0.339226399651556	1.0	1.0	5	True	True	True	True	True	True	True	True	-1	True	2	2	0.25	0.125	11.49144365113372	11.38254471406135	-0.10889893707236986	-0.13480944014916904	0.5	2.0	1.0					1.0		False		118	0	0.0				False	False	False	False	6	0.13301471120500663	0.6666666666666666	0.15625	False	False	0	False
RAB40C	M06	red	6	False	up	2.95414366133737	3.57365405089571	0.0016489280596608	0.800506781411164	0.800506781411164	0.832539129649036	0.832539129649036	0.720019449743123	0.720019449743123	0.766800297278767	0.766800297278767	0.916814648204179	0.916814648204179	0.811742193230672	0.811742193230672	231	3	2	0.307454622844679	1.0	1.0	5	True	True	True	True	True	True	True	True	1	False	0	0	0.0	0.0														False		118	0	0.0				False	False	False	False	6	2.6009178430554405	0.5	0.25	False	False	0	False
RABEP2	M06	red	6	True	up	3.49182646196656	3.57899733955842	0.0016219894744736	0.86818558657308	0.86818558657308	0.773815386776128	0.773815386776128	0.524816461798372	0.524816461798372	0.53068291054934	0.53068291054934	0.860279336927029	0.860279336927029	0.83629025997611	0.83629025997611	231	2	2	0.0993393215811411	1.0	1.0	5	True	True	True	True	True	True	True	True	1	True	8	16	1.0	1.0	13.681893407940422	14.616065258177473	0.9341718502370515	1.4969503006468041	0.8515625	109.0	0.004508675393047449	0.9985708632730723	0.39143176514208033	1.6057099614040644	0.0012659785754833357	0.019462401299346607	0.007505444411794062	True	Q9H5N1	118	118	1.0	13.98925495147705	0.6656484250522062	0.7906578682338488	True	False	False	False	6	0.0	0.3333333333333333	0.5	False	True	1	True
RABGGTB	M05	green	5	True	down	-4.40618652942554	-2.74495211740093	0.0180037361069984	0.826285092926321	0.826285092926321	0.742751518090019	0.742751518090019	0.751394884144877	0.751394884144877	0.161844142889281	0.161844142889281	0.648870708264497	0.648870708264497	0.748941498204854	0.748941498204854	512	2	3	0.433106806544861	0.985074626865672	0.983606557377049	5	True	True	True	True	True	True	True	True	-1	True	8	16	1.0	1.0	14.803109861719655	14.547258011608784	-0.2558518501108704	-0.1499422704498385	0.46875	60.0	0.833960822384567	-0.4113425414161198	-1.4996939296722458	0.6770088468400062	0.45883373897389546	0.9301422817778071	0.6951304536789142	True	P53611	118	98	0.8305084745762712	14.597189903259249	0.005389113170505854	0.02821744689423193	True	False	False	False	6	-5.460403642405858	0.0	0.03125	False	False	0	False
RAD23B	M05	green	5	False	down	-3.32164126501846	-3.32611345667005	0.0035857435036138	0.727877514318583	0.727877514318583	0.808570023377617	0.808570023377617	0.364130865648196	0.364130865648196	0.524575206482998	0.524575206482998	0.772481288916757	0.772481288916757	0.642124812829919	0.642124812829919	512	2	2	0.0194100246980481	0.992537313432836	1.0	5	True	True	True	True	True	True	True	True	-1	True	8	16	1.0	1.0	18.249859761039858	18.185095570669134	-0.0647641903707239	0.27984342201559365	0.5703125	73.0	0.6100933959326744	-0.04894298588437018	-0.40361504848837126	0.3057290767196309	0.7868023007541443	0.7748631451991631	0.9182393145059615	True	P54727	118	118	1.0	17.87057495117185	0.00041115183058119915	0.0054648930814751055	True	False	False	False	6	-1.0778818964848478	0.0	0.03125	False	False	0	False
RALGPS1	M03	brown	3	False	not_shared	1.72818334111412	2.11062365323854	0.0753377693809182	0.876610862765762	0.876610862765762	0.430496218748772	0.430496218748772	0.738457117976698	0.738457117976698	0.747991733815837	0.747991733815837	0.695113922352746	0.695113922352746	0.374559863341362	0.374559863341362	993	2	3	0.419203987582839	1.0	1.0	5	True	True	True	True	True	True	True	True	1	True	1	2	0.125	0.125	10.696703460196318	8.252256301930924	-2.444447158265394		0.0	0.0	0.6666666666666666					0.8140350877192982		False		118	0	0.0				False	False	False	False	6	0.0	0.0		False	False	0	False
RBM6	M03	brown	3	True	up	4.52338763777367	4.31496206219388	0.0001214755544062	0.91564489563689	0.91564489563689	0.604511119930899	0.604511119930899	0.657092140736306	0.657092140736306	0.613088563257265	0.613088563257265	0.842983134902703	0.842983134902703	0.758706832341354	0.758706832341354	993	2	2	0.299312252972828	1.0	1.0	5	True	True	True	True	True	True	True	True	1	True	7	16	0.875	1.0	8.483254129534817	12.011567915074226	3.5283137855394084	2.6145233850058105	1.0	112.0	8.1580375024984e-06	3.4032865187258636	1.9594220416756172	4.84715099577611	3.8416923995943826e-06	0.00023658308757245358	6.073532746025405e-05	True	P78332	118	111	0.940677966101695	12.2283897399902	0.641387576138079	0.775009987833512	False	False	False	False	6	0.22882570074243969	0.6666666666666666	0.21875	False	True	1	True
RHBDD2	M02	blue	2	False	not_shared	1.32683198651685	2.6462928807347	0.0229661489436779	0.821917594463466	0.821917594463466	0.68841582885461	0.68841582885461	0.732712912303978	0.732712912303978	0.64926689906735	0.64926689906735	0.763135009229411	0.763135009229411	0.498217663238853	0.498217663238853	2184	3	3	0.456108748752346	1.0	1.0	5	True	True	True	True	True	True	True	True	1	False	0	0	0.0	0.0														False		118	0	0.0				False	False	False	False	6	0.5037535184956932	0.8333333333333334	0.09375	True	False	1	True
RHOA	M04	yellow	4	True	down	-6.48651412677702	-5.3561046803088	1.39086399659249e-06	0.730835075601834	0.730835075601834	0.796890569700837	0.796890569700837	0.576108003891868	0.576108003891868	0.741348137290657	0.741348137290657	0.779263945305333	0.779263945305333	0.80795732502973	0.80795732502973	812	2	2	0.208738036298617	1.0	1.0	5	True	True	True	True	True	True	True	True	-1	True	8	16	1.0	1.0	19.894836565277185	19.98449254722129	0.08965598194410518	0.15594305216120247	0.640625	82.0	0.29074701789737456	0.3677404754040976	-0.21507569254485148	0.9505566433530467	0.21620527643048115	0.4772639727749356	0.4265152577803619	True	P61586	118	118	1.0	16.2869653701782	0.3181944092292164	0.4765446786108921	True	False	True	False	6	-0.11710579503546992	0.5	0.4375	False	False	0	False
RNASET2	M02	blue	2	False	not_shared	1.03603394718147	2.55487195351215	0.0286616018294378	0.709219587694662	0.709219587694662	0.49349973493882	0.49349973493882	0.783265722657344	0.783265722657344	0.648284483756607	0.648284483756607	0.582978858559457	0.582978858559457	0.600146875088902	0.600146875088902	2184	2	2	0.265830353023716	1.0	1.0	5	True	True	True	True	True	True	True	True	1	True	8	16	1.0	1.0	16.40605067039883	15.949422065431001	-0.456628604967829	-0.9968682166918225	0.2734375	35.0	0.08080808080808081	-0.881847559753282	-1.6375227764825382	-0.1261723430240258	0.022183449373494143	0.19130076272933416	0.07544931324453713	True	A0A087WZM2;D6RHI9;O00584	118	118	1.0	16.4678201675415	0.01706067979412646	0.06402772769795695	True	False	False	True	6	0.8895012621989622	1.0	0.03125	True	False	1	True
RNPS1	M02	blue	2	False	not_shared	-0.298379273215036	2.43133292129336	0.0382352217646882	0.75172648241836	0.75172648241836	0.236328034405205	0.236328034405205	0.751872732538845	0.751872732538845	0.48765838927576	0.48765838927576	0.694587377980943	0.694587377980943	0.547543762565229	0.547543762565229	2184	2	2	0.384892479603019	1.0	1.0	5	True	True	True	True	True	True	True	True	1	True	8	16	1.0	1.0	12.36593740670589	16.313051426529068	3.9471140198231787	2.4423963500560224	0.953125	122.0	8.1580375024984e-05	3.6835203235541942	1.4542535228541587	5.91278712425423	0.001201436514344252	0.0008349991326086596	0.007252307686587121	True	H3BMM9;H3BMS0;H3BTC0;H3BV80;Q15287;Q15287-2;Q15287-3	118	118	1.0	15.249454975128149	0.0007694231440766448	0.007437757059407566	True	False	False	False	6	0.9264488598416558	1.0	0.03125	True	True	2	True
RPA3	M04	yellow	4	True	down	-4.4589899876549	-3.33326156123249	0.0035098298192959	0.852153777676297	0.852153777676297	0.556551113176505	0.556551113176505	0.399096772728419	0.399096772728419	0.606037938200064	0.606037938200064	0.840456190691914	0.840456190691914	0.576330561457868	0.576330561457868	812	2	2	0.0770053917651817	0.985074626865672	0.991803278688525	5	True	True	True	True	True	True	True	True	-1	True	8	16	1.0	1.0	14.6513846764989	15.995308118123823	1.3439234416249235	1.533174905204937	0.8515625	109.0	0.004508675393047449	0.9668636482443191	0.14804974761773004	1.7856775488709082	0.020648800438405397	0.019462401299346607	0.07216212363737465	True	P35244	118	118	1.0	15.072849750518799	0.00047427970922426637	0.005829695550973718	True	False	True	True	6	-6.22710578621237	0.0	0.03125	False	False	0	False
RPAP2	M03	brown	3	True	up	3.7432835234968	2.54484927117751	0.0293195170898405	0.857698847327598	0.857698847327598	0.674732173460099	0.674732173460099	0.8131281012403	0.8131281012403	0.749085513075607	0.749085513075607	0.859438147239838	0.859438147239838	0.548236643948752	0.548236643948752	993	3	3	0.62399586957421	1.0	0.991803278688525	5	True	True	True	True	True	True	True	True	1	True	5	15	0.625	0.9375	8.542110547943311	10.640218516401514	2.098107968458203	0.9291536046814909	0.8533333333333334	64.0	0.01934984520123839	1.4579553725858823	0.6065448816572567	2.3093658635145076	0.0007900927550179754	0.05906794850904351	0.005353281523795262	False		118	0	0.0				False	False	False	False	6	0.0	0.0		False	True	1	True
RPH3AL	M06	red	6	False	up	3.0389908149835	6.61377889674092	1.5866076079826102e-09	0.809905223432931	0.809905223432931	0.813761932495847	0.813761932495847	0.417178678128341	0.417178678128341	0.605117489774493	0.605117489774493	0.747165383111875	0.747165383111875	0.568865857075267	0.568865857075267	231	2	2	0.0935305094890877	1.0	1.0	5	True	True	True	True	True	True	True	True	1	False	0	0	0.0	0.0														False		118	0	0.0				False	False	False	False	6	0.0	0.0		False	False	0	False
RPL13	M02	blue	2	False	not_shared	-1.42906456651265	2.6158920495648	0.0247149574820609	0.841363705577379	0.841363705577379	0.477644528002379	0.477644528002379	0.853411695450408	0.853411695450408	0.738512402358731	0.738512402358731	0.950366709151305	0.950366709151305	0.916653990186524	0.916653990186524	2184	3	3	0.647268673086164	1.0	1.0	5	True	True	True	True	True	True	True	True	1	True	8	16	1.0	1.0	20.069431208678616	20.052266023321835	-0.01716518535678091	-0.06109493376998274	0.4609375	59.0	0.7874627279661603	-0.11546165077645787	-0.6360199088986156	0.40509660734569986	0.6637606714242548	0.9014375964875783	0.845428939232268	True	P26373	118	118	1.0	19.66191005706785	0.07491450256840063	0.16829384731915353	True	False	False	True	6	0.4759358560071325	1.0	0.03125	True	False	1	True
RPL13A	M02	blue	2	False	not_shared	-2.3260722788016	2.69727043747307	0.0202694777797754	0.822248458698304	0.822248458698304	0.698862069823303	0.698862069823303	0.902268177945614	0.902268177945614	0.810408791068467	0.810408791068467	0.820332794121948	0.820332794121948	0.772364731464127	0.772364731464127	2184	3	3	0.588833301951337	1.0	1.0	5	True	True	True	True	True	True	True	True	1	True	8	16	1.0	1.0	19.72405672734603	19.89635146665315	0.17229473930711947	0.40602033448918284	0.640625	82.0	0.29074701789737456	0.12081961735936031	-0.18465551454872453	0.42629474926744515	0.43822578882496954	0.4772639727749356	0.6732186256460659	True	M0QYS1;P40429	118	118	1.0	18.4992799758911	0.5307904694756957	0.6911108561744773	True	False	False	True	6	0.3869233917402406	0.6666666666666666	0.5625	False	False	0	False
RPL27A	M02	blue	2	False	not_shared	-2.34282549605021	2.0014960265316	0.0937479545038772	0.844990262343905	0.844990262343905	0.655299949119684	0.655299949119684	0.820942078741779	0.820942078741779	0.795197909645054	0.795197909645054	0.832807321875541	0.832807321875541	0.897561892725302	0.897561892725302	2184	3	3	0.528487567795558	1.0	1.0	5	True	True	True	True	True	True	True	True	1	True	8	16	1.0	1.0	20.461463264296178	20.142319509089	-0.31914375520717897	-0.1797934492966529	0.375	48.0	0.3502789368989395	0.05118370045080689	-0.8429379273130215	0.9453053282146353	0.9106668130084897	0.5323016158988251	0.953758302583024	True	P46776	118	118	1.0	20.492224693298347	0.7532174576929027	0.8593437141453112	True	False	False	True	6	0.3646344014204086	0.8333333333333334	0.0625	True	False	1	True
RPL28	M02	blue	2	False	not_shared	-1.96387478640405	2.22902892257631	0.0592167730403708	0.855882644917278	0.855882644917278	0.441237895283886	0.441237895283886	0.941925870703314	0.941925870703314	0.528883432919597	0.528883432919597	0.876900851757252	0.876900851757252	0.690577646917269	0.690577646917269	2184	3	3	0.630556479536579	1.0	1.0	5	True	True	True	True	True	True	True	True	1	True	8	16	1.0	1.0	19.85796686329725	19.761229837536984	-0.096737025760266	0.21608573660335031	0.4921875	63.0	0.976103748482265	0.15607440415020957	-0.3135769377327072	0.6257257460331263	0.5148304599535753	1.0	0.7335781661141074	True	H0YKD8;P46779;P46779-2;P46779-3	118	118	1.0	17.6832504272461	0.010991642604470137	0.04751106541459057	True	False	False	True	6	0.6539577693450607	0.8333333333333334	0.0625	True	False	1	True
RPL3	M02	blue	2	False	not_shared	-0.146150031790686	2.54815329382419	0.0290981124528984	0.796055430420276	0.796055430420276	0.603342779178897	0.603342779178897	0.78602115445497	0.78602115445497	0.758022580837682	0.758022580837682	0.732488089085368	0.732488089085368	0.719036993946257	0.719036993946257	2184	3	3	0.445906214024524	1.0	1.0	5	True	True	True	True	True	True	True	True	1	True	8	16	1.0	1.0	19.528016819145577	19.59471932730368	0.06670250815810164	0.24426011759833782	0.5625	72.0	0.652906776745786	0.05706687766977425	-0.36036265885080154	0.47449641419035005	0.7887400545008377	0.8028676971997651	0.9182393145059615	True	P39023	118	118	1.0	18.902955055236852	0.008551240835307134	0.04011537980092612	True	False	False	False	6	0.16696064281766265	0.6666666666666666	0.5625	False	False	0	False
RPL30	M02	blue	2	False	not_shared	-2.55865080175734	2.72411905769726	0.01897135009503	0.707106745188817	0.707106745188817	0.4196040693398	0.4196040693398	0.743456745193535	0.743456745193535	0.489723344793085	0.489723344793085	0.682851116828659	0.682851116828659	0.396094688542359	0.396094688542359	2184	2	2	0.364928020716588	1.0	1.0	5	True	True	True	True	True	True	True	True	1	True	8	16	1.0	1.0	19.786787504309217	19.847795743153142	0.061008238843925255	0.42155666414222775	0.546875	70.0	0.741723331035486	0.34904531626926005	-0.3005594612212015	0.9986500937597216	0.29228284740294275	0.8749820989842343	0.521709168482672	True	P62888	118	118	1.0	18.34853076934815	0.1340539455969291	0.26075127222817307	True	False	False	False	6	0.9902309217487639	1.0	0.03125	True	False	1	True
RPL36	M02	blue	2	False	not_shared	-1.69293165642566	2.78804146113883	0.0161858639686949	0.859269000975795	0.859269000975795	0.584515772298624	0.584515772298624	0.873098522735488	0.873098522735488	0.744556469301553	0.744556469301553	0.860713625028308	0.860713625028308	0.780383350349807	0.780383350349807	2184	3	3	0.589718394568441	1.0	1.0	5	True	True	True	True	True	True	True	True	1	True	8	15	1.0	0.9375	20.023435306342847	18.901688005701562	-1.1217473006412852	-0.6059229633999903	0.275	33.0	0.08733179146424537	-0.6219231937876719	-1.8170668619008263	0.5732204743254825	0.30776793885600684	0.20534772587538777	0.5319432355957031	True	Q9Y3U8	118	118	1.0	18.29353427886965	1.4827713381456373e-05	0.00041426221617676506	True	False	False	False	6	0.6481196758104026	1.0	0.03125	True	False	1	True
RPL38	M02	blue	2	False	not_shared	-2.82671465563199	2.26020145179271	0.0556319415388517	0.805567801130079	0.805567801130079	0.501462121995516	0.501462121995516	0.830327950663624	0.830327950663624	0.669531054843658	0.669531054843658	0.788384246451694	0.788384246451694	0.755309220301471	0.755309220301471	2184	3	3	0.511443661202327	1.0	1.0	5	True	True	True	True	True	True	True	True	1	True	8	16	1.0	1.0	20.09229086094163	19.388444366473085	-0.7038464944685465	-0.7466985647744807	0.1640625	21.0	0.007064860477163614	-0.6701888036542722	-1.9847654677530342	0.6443878604444897	0.31769011015789395	0.026436252108096105	0.5381281457776571	True	P63173	118	118	1.0	17.218259811401353	0.3585923424047224	0.5129639337538405	True	False	False	True	6	0.7053366666459162	1.0	0.03125	True	False	1	True
RPS19	M02	blue	2	False	not_shared	-0.621857055855248	2.31263744213853	0.0496078873099383	0.805318600674792	0.805318600674792	0.669078295087474	0.669078295087474	0.842429058614398	0.842429058614398	0.632564731289336	0.632564731289336	0.834098832340545	0.834098832340545	0.791491663178859	0.791491663178859	2184	3	3	0.54592261699018	1.0	1.0	5	True	True	True	True	True	True	True	True	1	True	8	16	1.0	1.0	20.508242866728715	20.644059215717427	0.13581634898871187	0.523669162688798	0.59375	76.0	0.4895774272540997	0.34149928314083644	-0.301630521928286	0.9846290882099589	0.29799956658306825	0.6586575920941244	0.526254553753078	True	P39019	118	118	1.0	18.82938480377195	1.3993345388588946e-06	0.0001487959059653291	True	False	False	True	6	1.130591658684133	0.8333333333333334	0.0625	True	False	1	True
RRAGA	M04	yellow	4	True	down	-3.47824584882725	-1.97357951774537	0.0988741530483302	0.846264088895902	0.846264088895902	0.821634399476567	0.821634399476567	0.570702635488141	0.570702635488141	0.802879299102746	0.802879299102746	0.785110756646046	0.785110756646046	0.778313978936377	0.778313978936377	812	2	2	0.289902244568346	0.992537313432836	0.975409836065574	5	True	True	True	True	True	True	True	True	-1	True	8	16	1.0	1.0	13.398491588014238	13.685723660877247	0.28723207286300934	0.44962005339333405	0.609375	78.0	0.4166500106734323	0.4269033473184757	-0.25580027984096454	1.109606974477916	0.22035275622978512	0.5870210676694512	0.428254376244009	True	Q5VZM2-2;Q7L523	118	83	0.7033898305084746	13.3895101547241	0.05357554212699591	0.13563966617866424	True	False	False	False	6	-2.853296844249705	0.0	0.125	False	False	0	False
RTN4	M10	purple	10	False	not_shared	-3.1712953992279	-2.87398713249182	0.0130315895352261	0.93637514786324	0.93637514786324	0.878654648321009	0.878654648321009	0.821563346496879	0.821563346496879	0.460576123637325	0.460576123637325	0.679402362599266	0.679402362599266	0.752059601858971	0.752059601858971	47	2	2	0.35913570872955	1.0	1.0	5	True	True	True	True	True	True	True	True	-1	True	8	16	1.0	1.0	14.172715457137905	15.309040097271131	1.1363246401332265	2.142833993556448	0.96875	124.0	3.26321500099936e-05	1.4843436070866687	0.6652927396818078	2.3033944744915296	0.0003823302418740863	0.00047316617514490717	0.0028207475622710368	True	Q9NQC3	118	118	1.0	19.214944839477553	0.0004792548946885409	0.005829695550973718	True	False	False	False	6	-0.09044235735927231	0.3333333333333333	0.15625	False	False	0	False
RUVBL2	M02	blue	2	False	not_shared	0.654723393992373	3.68699549062173	0.0011418084394388	0.758600598430302	0.758600598430302	0.397412033593708	0.397412033593708	0.704287428486865	0.704287428486865	0.235746496756319	0.235746496756319	0.891419154284747	0.891419154284747	0.683453772390114	0.683453772390114	2184	3	3	0.444741190813638	1.0	1.0	5	True	True	True	True	True	True	True	True	1	True	8	16	1.0	1.0	17.271251000032194	17.97197030981844	0.7007193097862441	2.4299029329977295	0.9921875	127.0	5.438691668332266e-06	0.8622743548005393	0.4863381875357415	1.238210522065337	6.940176420609884e-06	0.00017206042732542074	9.600577381843672e-05	True	Q9Y230	118	118	1.0	18.10806465148925	4.189917773648876e-05	0.0008910558465293276	True	False	False	False	6	4.1552006717365195	1.0	0.03125	True	True	2	True
S100A11	M02	blue	2	True	up	5.31853183212984	7.13038224173192	6.35843255059333e-11	0.740377499082188	0.740377499082188	0.458143950624334	0.458143950624334	0.799803958107164	0.799803958107164	0.641676449934041	0.641676449934041	0.797230290688539	0.797230290688539	0.572557704252133	0.572557704252133	2184	3	3	0.509901292117223	1.0	1.0	5	True	True	True	True	True	True	True	True	1	True	8	16	1.0	1.0	20.927784816390123	21.863267958836328	0.9354831424462056	2.7688623135492807	0.96875	124.0	3.26321500099936e-05	1.1112919987275123	0.6660587160856775	1.556525281369347	9.980382704396462e-07	0.00047316617514490717	1.6779324706757277e-05	True	P31949	118	118	1.0	20.534415245056152	0.04011970803661322	0.11426952556856802	True	False	False	False	6	1.4119354504506765	1.0	0.03125	True	True	2	True
SAP18	M04	yellow	4	True	down	-4.40320377808364	-4.04150906762253	0.0003355823687802	0.955483924237061	0.955483924237061	0.953508884344524	0.953508884344524	0.834982408963068	0.834982408963068	0.916542499750357	0.916542499750357	0.932106401992464	0.932106401992464	0.886827974835045	0.886827974835045	812	3	3	0.58958101907829	1.0	1.0	5	True	True	True	True	True	True	True	True	-1	True	8	16	1.0	1.0	16.5439175864186	17.53058582964905	0.9866682432304472	1.5352126975950622	0.8125	104.0	0.013120843649851593	1.0682730154172648	0.1935401801460831	1.9430058506884467	0.016683094438366942	0.04390436144373417	0.06294076538111164	True	O00422;X6RAL5	118	118	1.0	16.029580116272	0.028276899888981008	0.0911144551978277	True	False	False	False	6	-1.077881920137536	0.0	0.03125	False	False	0	False
SART1	M02	blue	2	True	up	2.7911233754353	3.30793699891536	0.0037822965885284	0.737457177113586	0.737457177113586	0.274835997081293	0.274835997081293	0.535783383281446	0.535783383281446	0.655578346415571	0.655578346415571	0.759891965098671	0.759891965098671	0.342395288129826	0.342395288129826	2184	2	2	0.162024538828064	0.985074626865672	0.991803278688525	5	True	True	True	True	True	True	True	True	1	True	8	16	1.0	1.0	12.353620188156883	14.4658400225957	2.1122198344388163	2.813441003539891	1.0	128.0	2.719345834166133e-06	2.2462881428164545	1.4344553176268624	3.0581209680060466	5.8576921455103676e-08	0.00013519033575568775	1.6206281602578685e-06	True	O43290	118	118	1.0	14.6763849258423	0.7037767314415797	0.8223618217211133	True	False	False	False	6	2.534636659687885	0.5	0.25	False	True	1	True
SBF2	M03	brown	3	False	not_shared	2.16599514470384	2.02447673439152	0.0897132177787357	0.82466736404999	0.82466736404999	0.590319235627633	0.590319235627633	0.675691783761825	0.675691783761825	0.760630027665837	0.760630027665837	0.741137906200426	0.741137906200426	0.533509370105251	0.533509370105251	993	2	2	0.385049559560222	1.0	1.0	5	True	True	True	True	True	True	True	True	1	True	8	16	1.0	1.0	7.279185806009778	8.691348509727433	1.4121627037176552	0.5329781375428336	0.640625	82.0	0.29074701789737456	0.43427209090734986	-1.0696501877695037	1.9381943695842034	0.5714219647460426	0.4772639727749356	0.7775085749823202	True	Q86WG5	118	77	0.652542372881356	12.3697204589844	0.06552393480205329	0.15483063112485185	False	False	False	False	6	0.0	0.0		False	False	0	False
SCAND1	M02	blue	2	False	not_shared	0.825015698109277	2.62390378531646	0.0242737489184187	0.932417983436431	0.932417983436431	0.444907075937979	0.444907075937979	0.918636221103799	0.918636221103799	0.629228881002671	0.629228881002671	0.930921224592159	0.930921224592159	0.681473083128628	0.681473083128628	2184	3	3	0.786702552040649	1.0	1.0	5	True	True	True	True	True	True	True	True	1	False	0	0	0.0	0.0														False		118	0	0.0				False	False	False	False	6	0.3226133483649116	0.8333333333333334	0.0625	True	False	1	True
SCRIB	M02	blue	2	True	up	4.3539515975272	3.80770002127458	0.000761822472036	0.835723993738526	0.835723993738526	0.837537665705076	0.837537665705076	0.785193358875035	0.785193358875035	0.807867065928861	0.807867065928861	0.628874953010478	0.628874953010478	0.940745199603239	0.940745199603239	2184	2	2	0.254270495207219	0.985074626865672	1.0	5	True	True	True	True	True	True	True	True	1	False	0	0	0.0	0.0														True	A0A0G2JNZ2;A0A0G2JPP5;Q14160;Q14160-3	118	118	1.0	16.05429553985595	0.010799311146360572	0.04751106541459057	True	False	False	False	6	3.6478615569594477	1.0	0.03125	True	False	1	True
SCYL1	M02	blue	2	False	not_shared	1.38806310842385	2.08544259519127	0.0790465734363446	0.813513459109813	0.813513459109813	0.33653895579772	0.33653895579772	0.67833822649775	0.67833822649775	0.709734986202239	0.709734986202239	0.709581406324216	0.709581406324216	0.561675732985388	0.561675732985388	2184	2	2	0.391174736140092	1.0	1.0	5	True	True	True	True	True	True	True	True	1	True	8	16	1.0	1.0	13.451504274762907	13.719535838479098	0.26803156371619075	-0.16427669940086603	0.5234375	67.0	0.8809755925114653	-0.14708114855502352	-0.9004319456826777	0.6062696485726307	0.7019752842879066	0.9671277797917662	0.8703286161036483	True	E9PK59;E9PS17;Q96KG9;Q96KG9-2;Q96KG9-3;Q96KG9-4	118	117	0.9915254237288136	14.1722803115845	0.46076110875624676	0.6149907685909737	True	False	False	False	6	0.0	0.3333333333333333	0.5	False	False	0	False
SDCBP	M05	green	5	True	down	-4.03981497443112	-4.23602963369148	0.0001643361051156	0.910123878167518	0.910123878167518	0.905450314275221	0.905450314275221	0.56317532205014	0.56317532205014	0.736218669869039	0.736218669869039	0.725243635755975	0.725243635755975	0.75261720829097	0.75261720829097	512	2	2	0.0338626042489977	0.992537313432836	0.983606557377049	5	True	True	True	True	True	True	True	True	-1	True	8	16	1.0	1.0	14.01794620710481	14.926170645950593	0.9082244388457834	0.8899536832221482	0.734375	94.0	0.07022982551317455	0.6614218672931131	-0.3409636833366594	1.6638074179228857	0.19591497564717508	0.1721125301308785	0.39420467827189165	True	O00560;O00560-3	118	118	1.0	15.51472997665405	0.06474765102619891	0.15413806475639888	True	False	False	False	6	-0.3139414111935621	0.3333333333333333	0.4375	False	False	0	False
SEC11A	M09	magenta	9	True	down	-4.29735558374236	-2.82333749921006	0.0148572553746915	0.76277376174507	0.76277376174507	0.367919915010944	0.367919915010944	0.734796147259779	0.734796147259779	0.611172348723436	0.611172348723436	0.825024715104437	0.825024715104437	0.622155299323527	0.622155299323527	72	3	3	0.474488300621975	1.0	1.0	5	True	True	True	True	True	True	True	True	-1	True	8	16	1.0	1.0	16.651456971872562	14.953588838931406	-1.6978681329411565	-1.2120678441462458	0.1875	24.0	0.013120843649851593	-1.6087513471435522	-3.3068060165380135	0.08930332225090942	0.06332731129354735	0.04390436144373417	0.1655485618067537	True	H0YNG3;P67812;P67812-3;P67812-4	118	118	1.0	15.76907014846805	0.04861169482204241	0.1281581045308391	True	False	False	False	6	-0.14916353331604215	0.3333333333333333	0.84375	False	True	1	True
SEC61B	M04	yellow	4	True	down	-4.93547726618647	-2.23502633095817	0.0585785997169946	0.857002777706286	0.857002777706286	0.803725284199189	0.803725284199189	0.867601917268695	0.867601917268695	0.760114497031284	0.760114497031284	0.786015310840544	0.786015310840544	0.641995371527794	0.641995371527794	812	3	3	0.487468344831253	1.0	1.0	5	True	True	True	True	True	True	True	True	-1	True	8	16	1.0	1.0	19.55601333661591	18.961333872493462	-0.5946794641224464	-0.05663686731381284	0.1953125	25.0	0.015905453784037713	0.11739556212946178	-1.3513211242267948	1.5861122484857184	0.8755117840633917	0.05125090663745485	0.9437334815228767	True	P60468	118	118	1.0	17.0766248703003	0.912464109526423	0.9512289246370227	True	False	False	False	6	-0.7548795755383408	0.0	0.03125	False	False	0	False
SERGEF	M03	brown	3	False	not_shared	2.05654955626268	4.02510261337087	0.0003545079969258	0.881671129315155	0.881671129315155	0.591705134855728	0.591705134855728	0.384221405538374	0.384221405538374	0.303726101577875	0.303726101577875	0.876534276929655	0.876534276929655	0.300352584534668	0.300352584534668	993	2	2	0.0359635732454154	1.0	0.991803278688525	5	True	True	True	True	True	True	True	True	1	True	6	11	0.75	0.6875	9.853393757123676	10.193083488119271	0.33968973099559463	0.8566635944122236	0.7272727272727273	48.0	0.14899806076276664	0.5238350438757693	-0.08385017287826302	1.1315202606298016	0.09111935218930298	0.3032241236575602	0.21921467338296077	False		118	0	0.0				False	False	False	False	6	0.0	0.0		False	True	1	True
SERINC1	M05	green	5	True	down	-4.07318436873168	-5.49974098642782	6.97470888158352e-07	0.802603756304019	0.802603756304019	0.8025266196402	0.8025266196402	0.744797000919781	0.744797000919781	0.560812585340287	0.560812585340287	0.77682182646182	0.77682182646182	0.719809986066528	0.719809986066528	512	3	3	0.420650129592495	1.0	0.983606557377049	5	True	True	True	True	True	True	True	True	-1	True	7	15	0.875	0.9375	11.406333603670728	12.296031872618046	0.8896982689473187	0.1460234890716189	0.5333333333333333	56.0	0.8365934890702691	0.19946721964725356	-1.5897923751613148	1.988726814455822	0.8270415850970751	0.9301422817778071	0.9280622467495673	True	Q9NRX5	118	45	0.3813559322033898	14.2944297790527	0.7310921479882155	0.8419436650116995	False	False	False	False	6	-0.7289788625114064	0.3333333333333333	0.15625	False	False	0	False
SEZ6L2	M02	blue	2	True	up	6.87046369801467	7.27429585634029	2.4120499485671798e-11	0.731130196802255	0.731130196802255	0.520248340694298	0.520248340694298	0.78779374011652	0.78779374011652	0.764521446392532	0.764521446392532	0.770672015108151	0.770672015108151	0.597813758740296	0.597813758740296	2184	3	3	0.480373675114526	0.985074626865672	1.0	5	True	True	True	True	True	True	True	True	1	True	0	9	0.0	0.5625		8.808257359157171												False		118	0	0.0				False	False	False	False	6	0.0	0.16666666666666666	1.0	False	False	0	False
SF3A2	M02	blue	2	False	not_shared	0.280866802553832	2.34018762918396	0.0466445221577214	0.810823120626884	0.810823120626884	0.348151968329538	0.348151968329538	0.741254084884706	0.741254084884706	0.557625918606006	0.557625918606006	0.734540443063012	0.734540443063012	0.655336102556272	0.655336102556272	2184	3	2	0.354268579330452	1.0	0.991803278688525	5	True	True	True	True	True	True	True	True	1	True	8	16	1.0	1.0	14.215218375121143	14.53279091044535	0.3175725353242065	0.41176215399174204	0.5625	72.0	0.652906776745786	0.39671755856464375	-0.7056792640022381	1.4991143811315255	0.48060569877420045	0.8028676971997651	0.7147504331445834	True	Q15428	118	118	1.0	15.501979827880849	0.7939023546454285	0.8824210840832463	True	False	False	False	6	5.727474488026078	1.0	0.03125	True	False	1	True
SF3B2	M02	blue	2	False	not_shared	1.77083574467315	2.18905481061859	0.0643384483902264	0.792248050213447	0.792248050213447	0.462745924838011	0.462745924838011	0.749634761155531	0.749634761155531	0.424679177570287	0.424679177570287	0.768703390137021	0.768703390137021	0.519154658769246	0.519154658769246	2184	3	3	0.51989490327914	1.0	1.0	5	True	True	True	True	True	True	True	True	1	True	8	16	1.0	1.0	14.549079260120658	16.304829203627737	1.7557499435070785	3.468699166973443	1.0	128.0	2.719345834166133e-06	1.7127291977855434	1.1205713469607401	2.3048870486103468	1.4371168537305466e-08	0.00013519033575568775	4.3374799585321947e-07	True	Q13435	118	118	1.0	17.11582946777345	0.32487291582822125	0.4842731782673018	True	False	False	False	6	0.33625016926761964	1.0	0.03125	True	True	2	True
SFPQ	M05	green	5	False	not_shared	-3.8957898499598	-2.47128706246942	0.0348722635374066	0.808631087557478	0.808631087557478	0.853795979027972	0.853795979027972	0.753656005955218	0.753656005955218	0.820322493895271	0.820322493895271	0.776453161823738	0.776453161823738	0.915815467694834	0.915815467694834	512	3	3	0.506522408496753	1.0	1.0	5	True	True	True	True	True	True	True	True	-1	True	8	16	1.0	1.0	19.417623435599197	19.758015971219464	0.3403925356202677	0.734397316451234	0.6796875	87.0	0.17192792101931956	0.34476483053295837	-0.08032568266434953	0.7698553437302662	0.11192352669553943	0.3305575498051006	0.25626628181323513	True	P23246	118	118	1.0	18.78527927398685	0.00014508782524056928	0.00231415081258708	True	False	False	False	6	-0.35646937181464233	0.0	0.03125	False	False	0	False
SGPP1	M03	brown	3	False	not_shared	1.11081264490816	2.13565201004915	0.071709763673598	0.772644149716633	0.772644149716633	0.211559611327858	0.211559611327858	0.456749208689542	0.456749208689542	0.300726225945393	0.300726225945393	0.747750155984808	0.747750155984808	0.161935592280976	0.161935592280976	993	2	2	0.128566181357199	0.977611940298508	0.983606557377049	5	True	True	True	True	True	True	True	True	1	False	0	0	0.0	0.0														False		118	0	0.0				False	False	False	False	6	0.0	0.0		False	False	0	False
SGTA	M02	blue	2	False	up	2.48220686367687	3.11852483008364	0.0065149322387044	0.774295592594171	0.774295592594171	0.455318848794615	0.455318848794615	0.654562742411342	0.654562742411342	0.745634518411585	0.745634518411585	0.796627682189838	0.796627682189838	0.705132837924883	0.705132837924883	2184	2	2	0.329636948152816	0.985074626865672	1.0	5	True	True	True	True	True	True	True	True	1	True	8	16	1.0	1.0	16.095157957005508	15.885714769764862	-0.20944318724064637	-0.26393627901963757	0.453125	58.0	0.741723331035486	-0.2938472624135984	-0.7382746851563211	0.1505801603291243	0.19501261084191002	0.8749820989842343	0.39420467827189165	True	O43765	118	118	1.0	15.720550060272199	0.8716667724515766	0.92759058495343	False	False	False	False	6	3.0280933473233205	1.0	0.03125	True	False	1	True
SH3BGRL2	M05	green	5	True	down	-6.12480850857407	-7.43218194426034	9.26865200888491e-12	0.790638943848001	0.790638943848001	0.886660447443525	0.886660447443525	0.697686473612397	0.697686473612397	0.848109651919811	0.848109651919811	0.856583901209503	0.856583901209503	0.900917631392894	0.900917631392894	512	2	2	0.36144403303752	1.0	1.0	5	True	True	True	True	True	True	True	True	-1	True	8	16	1.0	1.0	15.557226049104168	15.52183248864292	-0.035393560461248086	-0.29818267757201355	0.4375	56.0	0.652906776745786	-0.4476175297421954	-1.5566214082189405	0.6613863487345497	0.42889549459003906	0.8028676971997651	0.6653892719808082	True	Q9UJC5	118	118	1.0	15.48454523086545	0.5130737922003015	0.6707809004585908	True	False	True	False	6	0.5323342910870825	1.0	0.03125	True	False	1	True
SH3GLB1	M05	green	5	True	down	-5.16548604087866	-4.56658548063499	4.40342053252953e-05	0.847623843363131	0.847623843363131	0.800212727801003	0.800212727801003	0.564009409362796	0.564009409362796	0.638602725364473	0.638602725364473	0.752596333830241	0.752596333830241	0.526914687709896	0.526914687709896	512	2	2	0.0933581327873442	1.0	1.0	5	True	True	True	True	True	True	True	True	-1	True	8	16	1.0	1.0	16.784264319206173	16.935586049933633	0.15132173072746014	0.31893876733455595	0.5625	72.0	0.652906776745786	0.0845328352496717	-0.6079883573274699	0.7770540278268133	0.810916640868624	0.8028676971997651	0.9220011122204904	True	A0A087WW40;Q9Y371;Q9Y371-2	118	118	1.0	15.97021007537845	0.47381786730840847	0.622007817577705	True	False	False	False	6	-0.39822195178248077	0.16666666666666666	0.09375	False	False	0	False
SH3PXD2A	M06	red	6	False	not_shared	1.48623604616818	3.00966014180463	0.0089593560452665	0.721907412825238	0.721907412825238	0.758640650234568	0.758640650234568	0.492724429853425	0.492724429853425	0.38319223142362	0.38319223142362	0.782443735374289	0.782443735374289	0.798785035125858	0.798785035125858	231	2	2	0.221233950645311	1.0	1.0	5	True	True	True	True	True	True	True	True	1	True	6	16	0.75	1.0	8.205183841338716	9.645443786318955	1.4402599449802391	1.220847905659485	0.8229166666666666	79.0	0.021336764370820098	2.2506594193175142	0.03333818549294554	4.467980653142083	0.04665346159911101	0.06456690435691646	0.1290745770908738	True	H0Y507;Q5TCZ1;Q5TCZ1-2;Q5TCZ1-3	118	90	0.7627118644067796	12.6915502548218	0.1548265764505738	0.29016154630160074	False	False	False	False	6	2.8204458548119407	0.5	0.25	False	True	1	True
SHANK2	M03	brown	3	True	up	2.70652270547539	5.71452080861617	2.35767070130522e-07	0.845507236001107	0.845507236001107	0.683443083890349	0.683443083890349	0.407270191459667	0.407270191459667	0.0499669862659441	0.0499669862659441	0.828766637717519	0.828766637717519	0.693365399491062	0.693365399491062	993	2	2	0.058793413454438	1.0	1.0	5	True	True	True	True	True	True	True	True	1	True	4	13	0.5	0.8125	5.9510447538515345	8.306185945930919	2.355141192079384	2.856448519069142	1.0	52.0	0.0008403361344537816	2.0091358789445115	1.2158514840973638	2.8024202737916593	6.9069296356382e-07	0.005863880813402956	1.2739447994621568e-05	False		118	0	0.0				True	False	False	False	6	0.0	0.0		False	True	1	True
SHROOM1	M02	blue	2	False	up	4.6974467569145	2.21694439362127	0.0607602097034737	0.730945759154274	0.730945759154274	0.498951390111911	0.498951390111911	0.733981647751805	0.733981647751805	0.516717062386368	0.516717062386368	0.694386702995521	0.694386702995521	0.667805187985703	0.667805187985703	2184	2	3	0.438427092336366	1.0	1.0	5	True	True	True	True	True	True	True	True	1	True	4	12	0.5	0.75	7.831041616988742	10.908017866468843	3.0769762494801007	2.581625457134767	0.9791666666666666	47.0	0.002197802197802198	2.5741412526464567	0.23637778961636213	4.911904715676551	0.030916838699914687	0.010622710622710623	0.09787523576910273	True	A6NN40;Q2M3G4	118	63	0.5338983050847458	14.0963497161865	0.011382041804121496	0.04841161780686343	True	False	False	False	6	0.0	0.3333333333333333	0.875	False	True	1	True
SIGIRR	M02	blue	2	False	not_shared	1.53921087374628	2.06099253557217	0.083277604825142	0.92995989518651	0.92995989518651	0.649792361033506	0.649792361033506	0.764078032910905	0.764078032910905	0.71690252080289	0.71690252080289	0.849697853328338	0.849697853328338	0.710149849719051	0.710149849719051	2184	3	3	0.537417918612436	0.992537313432836	1.0	5	True	True	True	True	True	True	True	True	1	True	8	16	1.0	1.0	14.419134978828765	14.759307094131568	0.3401721153028028	0.361618138296662	0.5859375	75.0	0.5283308247368013	0.3675108494991794	-0.40470514816549324	1.139726847163852	0.35093330833494274	0.6911997255955145	0.5711267567019657	True	Q6IA17	118	118	1.0	15.022704601287849	0.16529960973407415	0.2986881422833151	True	False	False	False	6	-1.0051982382051756	0.0	0.03125	False	False	0	False
SLC25A3	M04	yellow	4	True	down	-6.33836766319963	-4.78658041710673	1.77505629115477e-05	0.782629442976782	0.782629442976782	0.87062127467643	0.87062127467643	0.522943235927072	0.522943235927072	0.702802700502183	0.702802700502183	0.908466473629262	0.908466473629262	0.765783904659371	0.765783904659371	812	2	2	0.124706545635652	1.0	1.0	5	True	True	True	True	True	True	True	True	-1	True	8	16	1.0	1.0	19.37636994364218	19.464294366576482	0.08792442293430014	-0.011251907476186438	0.4921875	63.0	0.976103748482265	-0.02860591974993687	-0.5121279914913277	0.4549161519914539	0.9076885819039099	1.0	0.9536474974433484	True	Q00325;Q00325-2	118	118	1.0	20.34078979492185	0.9948801431948318	0.9982731418627204	True	False	False	False	6	0.1666266211072669	0.6666666666666666	0.21875	False	False	0	False
SLC2A8	M02	blue	2	False	not_shared	2.51760947752622	2.70723465211306	0.0198000946455237	0.813794345368495	0.813794345368495	0.514471107783149	0.514471107783149	0.669856172823764	0.669856172823764	0.2791555512047	0.2791555512047	0.820957335856899	0.820957335856899	0.21738284800936	0.21738284800936	2184	2	3	0.408444074855567	0.992537313432836	0.983606557377049	5	True	True	True	True	True	True	True	True	1	False	0	0	0.0	0.0														False		118	0	0.0				False	False	False	False	6	5.804011756249707	0.8333333333333334	0.0625	True	False	1	True
SLC35B1	M04	yellow	4	False	down	-2.58786385088102	-4.0856151459143	0.0002872146653301	0.787911619662786	0.787911619662786	0.854672920413836	0.854672920413836	0.55317619680405	0.55317619680405	0.617752807330557	0.617752807330557	0.761533804174298	0.761533804174298	0.0617090592037445	0.0617090592037445	812	2	2	0.244592942274838	1.0	0.991803278688525	5	True	True	True	True	True	True	True	True	-1	False	0	0	0.0	0.0														False		118	0	0.0				False	False	False	False	6	0.0	0.16666666666666666	0.5	False	False	0	False
SLC48A1	M02	blue	2	True	up	3.05235285849812	3.18845399636629	0.0053591336867464	0.871796722970588	0.871796722970588	0.522680763660293	0.522680763660293	0.730211212222898	0.730211212222898	0.554563806723922	0.554563806723922	0.698545421713	0.698545421713	0.33200888424113	0.33200888424113	2184	2	2	0.386766562374369	0.985074626865672	0.975409836065574	4	True	True	True	True	True	True	True	True	1	False	0	0	0.0	0.0														False		118	0	0.0				False	False	False	False	6	0.0	0.0		False	False	0	False
SMG6	M03	brown	3	False	not_shared	2.99972576497083	2.13434422056445	0.0718387625652211	0.748755842538313	0.748755842538313	0.855517219929104	0.855517219929104	0.788054216288308	0.788054216288308	0.784541165379693	0.784541165379693	0.827805148782471	0.827805148782471	0.705101420871486	0.705101420871486	993	3	2	0.383843399286671	1.0	1.0	5	True	True	True	True	True	True	True	True	1	True	6	14	0.75	0.875	7.523530048553541	8.631725134330114	1.1081950857765737	-0.0661191676358071	0.5119047619047619	43.0	0.9679566563467492	-0.4305983136786274	-3.5843380136297944	2.7231413862725398	0.7890032172822663	1.0	0.9182393145059615	False		118	0	0.0				False	False	False	False	6	0.0	0.0		False	False	0	False
SNRNP200	M02	blue	2	False	not_shared	0.696851461875073	2.40851045481462	0.0401130853662412	0.790298882545757	0.790298882545757	0.736364004215501	0.736364004215501	0.744368941318996	0.744368941318996	0.436324388410843	0.436324388410843	0.757303751947546	0.757303751947546	0.932620610033306	0.932620610033306	2184	3	3	0.509660826458125	1.0	1.0	4	True	True	True	True	True	True	True	True	1	True	8	16	1.0	1.0	13.87891459612112	15.648378464972012	1.7694638688508917	3.8460617323324797	0.9921875	127.0	5.438691668332266e-06	1.7798726280617951	1.3014089979795567	2.2583362581440336	3.0762495916034955e-13	0.00017206042732542074	3.404382881374535e-11	True	O75643	118	118	1.0	15.932559967041	0.04131878195896715	0.11562010039395194	True	False	False	False	6	1.0150613579055032	1.0	0.03125	True	True	2	True
SNRNP70	M02	blue	2	False	up	4.4179970461405	4.40939915752805	8.4481711155284e-05	0.756711952270138	0.756711952270138	0.703408538432825	0.703408538432825	0.888756039015055	0.888756039015055	0.767074729918704	0.767074729918704	0.716991310584128	0.716991310584128	0.892581657029807	0.892581657029807	2184	3	2	0.391275759033062	1.0	1.0	4	True	True	True	True	True	True	True	True	1	True	8	16	1.0	1.0	16.21080012804746	17.494079322967238	1.2832791949197784	1.6234354627731824	0.8828125	113.0	0.001656081613007175	1.464591972016938	0.6128040219144808	2.3163799221193955	0.000751610983465207	0.008732066686765105	0.005307377525092204	True	P08621	118	118	1.0	17.27493000030515	0.002689462644217717	0.017634926840227723	True	False	False	False	6	0.11902336145535442	0.6666666666666666	1.0	False	True	1	True
SNRPD2	M02	blue	2	False	not_shared	0.925864783803517	2.21548634080412	0.0609610277425701	0.74584242952788	0.74584242952788	0.652000409090432	0.652000409090432	0.839198572386319	0.839198572386319	0.675974221052903	0.675974221052903	0.845106101865896	0.845106101865896	0.829711179878624	0.829711179878624	2184	3	3	0.583448158234119	1.0	1.0	5	True	True	True	True	True	True	True	True	1	True	8	16	1.0	1.0	18.639211889476137	19.666076626194776	1.0268647367186396	1.6691016203773281	0.890625	114.0	0.0012590571212189195	0.9185145859031185	0.456893915667338	1.380135256138899	9.624873957809637e-05	0.006846123096627875	0.000939840633527294	True	P62316	118	118	1.0	18.17268943786625	6.416998365320792e-06	0.0002924317826481904	True	False	False	False	6	0.9096029033921664	1.0	0.03125	True	True	2	True
SPATS2	M03	brown	3	True	up	6.92505815520997	3.52682381144381	0.0019380842159095	0.877211073079088	0.877211073079088	0.642587636683123	0.642587636683123	0.741482333519884	0.741482333519884	0.18172503664463	0.18172503664463	0.777933698769362	0.777933698769362	0.594582996421275	0.594582996421275	993	3	3	0.447441872709131	1.0	1.0	5	True	True	True	True	True	True	True	True	1	True	5	15	0.625	0.9375	9.317229682456404	11.112947817351921	1.7957181348955178	1.2952743303062264	0.76	57.0	0.09829721362229103	1.8886865022049026	-1.2431419546001894	5.0205149590099944	0.2372137731601106	0.22357797608207372	0.45261478556986623	True	Q86XZ4	118	108	0.9152542372881356	13.380625247955301	0.8473900652827933	0.9163302739837662	True	False	False	False	6	0.0	0.0		False	False	0	False
SPCS1	M04	yellow	4	True	down	-6.9109526944623	-2.43442655588486	0.0379689147294139	0.87343795929243	0.87343795929243	0.812698345612969	0.812698345612969	0.757762530894512	0.757762530894512	0.844643455621177	0.844643455621177	0.696480562744539	0.696480562744539	0.781677723926045	0.781677723926045	812	2	3	0.464251792016984	1.0	0.983606557377049	5	True	True	True	True	True	True	True	True	-1	False	0	0	0.0	0.0														False		118	0	0.0				False	False	False	False	6	-0.005380626714346803	0.5	0.6875	False	False	0	False
SPCS2	M05	green	5	True	down	-7.48107663977615	-4.15166226160787	0.0002253782897345	0.816975196254222	0.816975196254222	0.804566091663119	0.804566091663119	0.80513451066585	0.80513451066585	0.362028276275168	0.362028276275168	0.77415484434189	0.77415484434189	0.60184695783537	0.60184695783537	512	3	3	0.556518552148837	1.0	0.991803278688525	5	True	True	True	True	True	True	True	True	-1	True	8	16	1.0	1.0	16.705421910524258	15.95697264543302	-0.7484492650912387	-0.9748876267273952	0.265625	34.0	0.07022982551317455	-0.4243842571158032	-1.171799576402134	0.32303106217052757	0.2657632471108362	0.1721125301308785	0.49018554467109793	True	A0A087WUC6;E9PI68;Q15005	118	118	1.0	15.93834972381595	0.2926157000051004	0.4423905606712181	True	False	False	False	6	0.003805115850905594	0.5	1.0	False	False	0	False
SREBF1	M02	blue	2	False	not_shared	0.683717954777842	2.20491242926477	0.0622823107055691	0.708554383416684	0.708554383416684	0.492099649437125	0.492099649437125	0.628644105510193	0.628644105510193	0.490792689847979	0.490792689847979	0.726582911431559	0.726582911431559	0.729073388201094	0.729073388201094	2184	2	2	0.312056988818405	1.0	1.0	5	True	True	True	True	True	True	True	True	1	False	0	0	0.0	0.0														False		118	0	0.0				False	False	False	False	6	0.2822405399692052	0.6666666666666666	0.3125	False	False	0	False
SRP14	M04	yellow	4	True	down	-6.0412633217902	-4.23364397460312	0.0001656013705593	0.92505817935978	0.92505817935978	0.80971767198903	0.80971767198903	0.872101205900992	0.872101205900992	0.76648770699849	0.76648770699849	0.855816838285682	0.855816838285682	0.767056636581911	0.767056636581911	812	3	3	0.635219424428669	1.0	1.0	5	True	True	True	True	True	True	True	True	-1	True	8	16	1.0	1.0	18.618476436089423	18.757470828862957	0.1389943927735331	0.3745454986551491	0.5625	72.0	0.652906776745786	0.23932739064352482	-0.3964348034272678	0.8750895847143174	0.46062861388361787	0.8028676971997651	0.6951304536789142	True	P37108	118	118	1.0	17.5434350967407	0.005395812728991058	0.02821744689423193	True	False	False	False	6	-0.20387635539212035	0.0	0.03125	False	False	0	False
SRP9	M05	green	5	True	down	-6.81045987157057	-4.71025799456724	2.47926095173392e-05	0.72618314451528	0.72618314451528	0.549682968745706	0.549682968745706	0.668249063204013	0.668249063204013	0.347489199260635	0.347489199260635	0.742710611365918	0.742710611365918	0.568861163715094	0.568861163715094	512	2	2	0.344960928678161	1.0	0.983606557377049	5	True	True	True	True	True	True	True	True	-1	True	8	16	1.0	1.0	19.6607348811894	20.260262307504586	0.5995274263151877	1.5970974009669952	0.890625	114.0	0.0012590571212189195	0.6057253572637948	0.17376074843050215	1.0376899660970875	0.005989182491596712	0.006846123096627875	0.028005754749438148	True	P49458	118	118	1.0	15.4322347640991	0.7427722504647392	0.8523177981951503	True	False	False	False	6	-0.5319043398021104	0.0	0.03125	False	False	0	False
SRSF1	M05	green	5	True	down	-4.35489745645804	-3.36926771840695	0.0031618198233859	0.738858681257561	0.738858681257561	0.796852523216322	0.796852523216322	0.69530415641294	0.69530415641294	0.474866453442075	0.474866453442075	0.799862901564944	0.799862901564944	0.511576952739939	0.511576952739939	512	2	2	0.390929526118982	0.992537313432836	1.0	4	True	True	True	True	True	True	True	True	-1	True	8	16	1.0	1.0	17.960156181064775	19.413906530474506	1.4537503494097308	2.598396897175522	0.9609375	123.0	5.166757084915653e-05	1.3179512162456934	0.920182343721984	1.7157200887694029	8.355066564380957e-11	0.0006200108501898784	5.547764198748956e-09	True	J3KTL2;Q07955	118	118	1.0	17.907639503479	0.4602284220446119	0.6149907685909737	True	False	False	False	6	-0.38060677062427706	0.0	0.03125	False	False	0	False
SRSF2	M09	magenta	9	True	down	-5.60517158526384	-4.23334861046427	0.0001656357529624	0.83293580120839	0.83293580120839	0.889863288074816	0.889863288074816	0.823988961889998	0.823988961889998	0.688415651652987	0.688415651652987	0.791620195516873	0.791620195516873	0.891098699365649	0.891098699365649	72	3	3	0.546967440488996	1.0	0.991803278688525	4	True	True	True	True	True	True	True	True	-1	True	8	16	1.0	1.0	18.05353145053142	19.500157202400572	1.4466257518691528	2.107531206139775	0.9453125	121.0	0.000122370562537476	2.020529047104115	0.9130699614395257	3.1279881327687047	0.0003490235926406581	0.001182915437862268	0.0026947868082953133	True	J3KP15;Q01130	118	118	1.0	18.689654350280748	0.7542828838893014	0.8593437141453112	True	False	False	False	6	-0.47587440680543347	0.16666666666666666	0.0625	False	False	0	False
SS18L2	M04	yellow	4	True	down	-4.01122013377551	-3.62556834820741	0.0014028906294513	0.726456159392899	0.726456159392899	0.796145909958453	0.796145909958453	0.421619393643508	0.421619393643508	0.540700727340209	0.540700727340209	0.728218493070214	0.728218493070214	0.536637976760902	0.536637976760902	812	2	2	0.0811637530633504	0.985074626865672	0.959016393442623	5	True	True	True	True	True	True	True	True	-1	True	0	0	0.0	0.0														False		118	0	0.0				False	False	False	False	6	0.0	0.0	1.0	False	False	0	False
SSR1	M05	green	5	False	not_shared	-3.00591404193982	-3.28426580431184	0.0040416535596475	0.725097542643635	0.725097542643635	0.732725201443501	0.732725201443501	0.752136094951543	0.752136094951543	0.77020224937034	0.77020224937034	0.698128784017881	0.698128784017881	0.664455018213581	0.664455018213581	512	2	3	0.431115912256728	1.0	0.991803278688525	5	True	True	True	True	True	True	True	True	-1	True	8	16	1.0	1.0	16.809909961487136	16.67031924112633	-0.13959072036080755	-0.7538400127511025	0.328125	42.0	0.19235564692557555	-0.38978049493819644	-0.9326409901222168	0.1530800002458239	0.1593449156863438	0.3638030713592407	0.34130652908300735	True	C9IZQ1;C9J3L8;C9J5W0;E9PAL7;P43307	118	118	1.0	18.11604022979735	0.16666611074116014	0.2986881422833151	True	False	False	False	6	-0.3439392157691139	0.3333333333333333	0.5625	False	False	0	False
SSR4	M02	blue	2	False	not_shared	-0.673626930523941	2.02406797788221	0.0897747043418445	0.8576124449535	0.8576124449535	0.767277813281523	0.767277813281523	0.771824420447107	0.771824420447107	0.766649309626695	0.766649309626695	0.812573299389309	0.812573299389309	0.683186206178662	0.683186206178662	2184	3	3	0.532442631672139	1.0	1.0	5	True	True	True	True	True	True	True	True	1	True	8	16	1.0	1.0	17.741521202202577	17.616580730815322	-0.12494047138725506	-0.2082212594609918	0.46875	60.0	0.833960822384567	-0.2261770349002009	-1.0725933188030614	0.6202392490026596	0.6004620382986025	0.9301422817778071	0.8058624264786319	True	P51571	118	118	1.0	17.2762842178345	0.01172264258945025	0.049204249816245126	True	False	False	False	6	0.48275298600049865	0.6666666666666666	0.15625	False	False	0	False
SSU72	M04	yellow	4	True	down	-4.28428111644683	-3.87495439703373	0.00060653622771	0.806771402426619	0.806771402426619	0.635379793325895	0.635379793325895	0.762354483747462	0.762354483747462	0.847175556042569	0.847175556042569	0.832354955535527	0.832354955535527	0.482024111928906	0.482024111928906	812	3	3	0.516049875992406	1.0	1.0	5	True	True	True	True	True	True	True	True	-1	True	8	15	1.0	0.9375	12.786083313805474	13.494494474374056	0.7084111605685823	0.9597831423910339	0.8166666666666667	98.0	0.012999832760231197	0.5744092056037573	-0.16928951752660504	1.3181079287341197	0.13007308340604415	0.04390436144373417	0.2917855654784234	True	Q9NP77	118	117	0.9915254237288136	13.9457702636719	0.40589739978368844	0.560524980653665	True	False	False	False	6	0.07574553597330347	0.6666666666666666	0.5625	False	False	0	False
ST13	M09	magenta	9	False	not_shared	-3.86866852980924	-3.26680506662029	0.0042474654944665	0.804299338011444	0.804299338011444	0.75301960535527	0.75301960535527	0.738490743921363	0.738490743921363	0.758711365678787	0.758711365678787	0.707946540849614	0.707946540849614	0.601842877243817	0.601842877243817	72	3	2	0.304067006709064	1.0	1.0	5	True	True	True	True	True	True	True	True	-1	True	8	16	1.0	1.0	18.585674615592325	18.718646971241128	0.1329723556488034	0.4732828517038047	0.6640625	85.0	0.2143932255656579	0.12291119273018003	-0.3091090866391665	0.5549314720995265	0.5771064846354541	0.3906222120253872	0.779092740837624	True	P50502	118	118	1.0	17.8508958816528	0.6409701242929584	0.775009987833512	True	False	False	False	6	-0.2937152769329292	0.16666666666666666	0.15625	False	False	0	False
STAG1	M03	brown	3	False	not_shared	2.88380239651151	2.55747625860503	0.0285235087659278	0.902916316206705	0.902916316206705	0.734503398804424	0.734503398804424	0.848705617471514	0.848705617471514	0.743790069975392	0.743790069975392	0.872388080083486	0.872388080083486	0.76935058191559	0.76935058191559	993	3	3	0.641874045535772	1.0	1.0	5	True	True	True	True	True	True	True	True	1	True	8	16	1.0	1.0	12.727863975864825	13.546973439449378	0.819109463584553	0.8220266154727356	0.796875	102.0	0.019176826822539572	0.50740651959748	-0.15125669629771765	1.1660697354926777	0.131075562836613	0.059057838356139564	0.2920609856493659	True	Q8WVM7;Q8WVM7-2	118	115	0.9745762711864406	13.4853200912476	0.12393620954156137	0.25343365925485944	True	False	False	False	6	0.0	0.0		False	False	0	False
STARD7	M04	yellow	4	True	down	-4.38505532260366	-3.54611960554362	0.0018168518284152	0.870227311688803	0.870227311688803	0.735083592441783	0.735083592441783	0.736351467340043	0.736351467340043	0.26875811833277	0.26875811833277	0.744650347679508	0.744650347679508	0.601364799090556	0.601364799090556	812	3	3	0.422885937331437	1.0	1.0	5	True	True	True	True	True	True	True	True	-1	True	7	14	0.875	0.875	11.256579959547889	11.065931968947766	-0.19064799060012305	-0.04478541902324251	0.4897959183673469	48.0	0.9710182318541453	-0.05054826135937115	-0.8784692327156345	0.7773727099968921	0.9047489014356128	1.0	0.9535766199257887	True	Q9NQZ5	118	106	0.8983050847457628	13.54803466796875	0.0015990409098666336	0.012098715173751858	True	False	False	False	6	-0.6073222131334899	0.0	0.03125	False	False	0	False
STRAP	M09	magenta	9	True	down	-4.90540068463134	-3.00599861180718	0.0090592261546858	0.817610859325553	0.817610859325553	0.690764357412584	0.690764357412584	0.519561011768308	0.519561011768308	0.591130734515921	0.591130734515921	0.795463262405806	0.795463262405806	0.498060594278091	0.498060594278091	72	2	2	0.121390158499016	1.0	0.991803278688525	5	True	True	True	True	True	True	True	True	-1	True	8	16	1.0	1.0	16.91989530054091	17.086034604692003	0.16613930415109124	0.9763426718029882	0.6953125	89.0	0.13582860507076416	0.2927472186702903	-0.12203467717108679	0.7075291145116673	0.16656831030501618	0.27804914449779955	0.35223362433926986	True	Q9Y3F4;Q9Y3F4-2	118	118	1.0	15.377660274505601	0.0003341934049722201	0.004647938249715552	True	False	False	False	6	-5.768217877389766	0.0	0.03125	False	False	0	False
SUGP1	M06	red	6	False	up	2.89742881385527	4.12762438120519	0.0002455614183272	0.728400582372678	0.728400582372678	0.894263162024066	0.894263162024066	0.50514052833668	0.50514052833668	0.330843688029386	0.330843688029386	0.774561566565299	0.774561566565299	0.765533188094371	0.765533188094371	231	2	2	0.0413040585075317	1.0	0.991803278688525	4	True	True	True	True	True	True	True	True	1	True	8	16	1.0	1.0	9.781909436462866	11.486553042359816	1.7046436058969494	1.3690816562948702	0.875	112.0	0.0021618799381620756	1.2920727231700382	0.21627022352481617	2.36787522281526	0.018573683093768698	0.010596256598315526	0.06776332733111216	True	Q8IWZ8	118	92	0.7796610169491526	15.57160997390745	0.010992777330210413	0.04751106541459057	True	False	False	False	6	0.0	0.0		False	True	1	True
SUGT1	M05	green	5	False	down	-3.10213011888583	-2.75252409597408	0.0176717936186777	0.813013966427688	0.813013966427688	0.842317215541621	0.842317215541621	0.260447954287702	0.260447954287702	0.712286876614033	0.712286876614033	0.805194800558934	0.805194800558934	0.408237064359369	0.408237064359369	512	2	2	0.0137308227268469	0.992537313432836	0.991803278688525	5	True	True	True	True	True	True	True	True	-1	True	8	16	1.0	1.0	15.667099092831974	16.708077804483484	1.0409787116515101	1.9632721670492126	0.90625	116.0	0.0007015912252148623	0.9509735960508799	0.5040579921865855	1.3978891999151744	3.0389483420842924e-05	0.005086536382807752	0.00034472115329063516	True	Q9Y2Z0;Q9Y2Z0-2	118	118	1.0	15.66310501098635	0.05228486865721657	0.1334309848132167	True	False	False	False	6	-3.8214588895166384	0.0	0.0625	False	False	0	False
SUMO3	M04	yellow	4	True	down	-5.12663078423846	-5.15532055858895	3.47779834511798e-06	0.901582027212153	0.901582027212153	0.895806944510986	0.895806944510986	0.676800074920893	0.676800074920893	0.786748048450454	0.786748048450454	0.868412819450196	0.868412819450196	0.693043663263814	0.693043663263814	812	2	3	0.422710751923454	1.0	0.983606557377049	5	True	True	True	True	True	True	True	True	-1	True	8	16	1.0	1.0	14.310160805823038	15.194358699623628	0.8841978938005894	1.393638710406642	0.84375	108.0	0.005669836064236388	1.1026924919401695	0.23495803212428523	1.9704269517560538	0.012750356499652112	0.022679344256945552	0.05226072046770989	True	A8MU27;A8MUA9;P55854;P55854-2	118	118	1.0	17.009189605712898	0.6667303026799539	0.7906578682338488	False	False	False	False	6	-0.49119012585375543	0.16666666666666666	0.0625	False	False	0	False
SUPT4H1	M04	yellow	4	False	not_shared	-1.17559095837204	-2.48891132405161	0.0334930184411216	0.941870717972059	0.941870717972059	0.628532915638603	0.628532915638603	0.687204026633823	0.687204026633823	0.650647624047275	0.650647624047275	0.862819586998998	0.862819586998998	0.303262735048368	0.303262735048368	812	2	3	0.437290330853477	1.0	0.991803278688525	5	True	True	True	True	True	True	True	True	-1	False	0	0	0.0	0.0														True	D3DTZ5;J3QSB9;P63272	118	116	0.9830508474576272	16.56389999389645	0.011021375676111918	0.04751106541459057	False	False	False	False	6	-6.186615623608984	0.0	0.03125	False	False	0	False
SURF4	M04	yellow	4	False	down	-3.40963320418393	-2.37449129462121	0.0432789776664408	0.900653497470079	0.900653497470079	0.760055518074253	0.760055518074253	0.81846744253731	0.81846744253731	0.662443745258062	0.662443745258062	0.779350076431889	0.779350076431889	0.48351792749148	0.48351792749148	812	3	3	0.581397630525917	1.0	1.0	5	True	True	True	True	True	True	True	True	-1	False	0	0	0.0	0.0														True	O15260;O15260-2;Q5T8U5	118	118	1.0	15.69059991836545	0.13760782063575414	0.2628556573820693	True	False	False	False	6	0.07890085368912603	0.6666666666666666	1.0	False	False	0	False
SYMPK	M06	red	6	True	up	4.31970001183737	5.33584783682871	1.51371434111617e-06	0.729082864441155	0.729082864441155	0.704763189365675	0.704763189365675	0.550227798887456	0.550227798887456	0.63030686394129	0.63030686394129	0.73746074727958	0.73746074727958	0.819575727185906	0.819575727185906	231	2	2	0.0613066919421887	1.0	1.0	5	True	True	True	True	True	True	True	True	1	True	8	16	1.0	1.0	11.576894037708557	13.248674021371992	1.6717799836634342	2.759781855166457	0.96875	124.0	3.26321500099936e-05	1.7270975822604384	1.2061867046088222	2.2480084599120547	8.121828696035255e-11	0.00047316617514490717	5.547764198748956e-09	True	Q92797	118	118	1.0	14.062974929809549	0.0006914953381788085	0.007115710092872256	True	False	False	False	6	0.0	0.3333333333333333	0.5	False	True	1	True
SYNGR2	M02	blue	2	False	not_shared	2.54429166493059	3.85997810550705	0.000637803138755	0.879641308057959	0.879641308057959	0.678707710583148	0.678707710583148	0.866638750032222	0.866638750032222	0.731519488306395	0.731519488306395	0.899820706020478	0.899820706020478	0.799782420710303	0.799782420710303	2184	3	3	0.646308886185935	1.0	1.0	5	True	True	True	True	True	True	True	True	1	True	8	16	1.0	1.0	19.011127920085396	19.156783399024725	0.14565547893932873	-0.08366288229438114	0.484375	62.0	0.928439054701001	-0.012334256857238657	-0.8147334879403092	0.7900649742258319	0.9759649550021708	0.992548742007421	0.985077054442212	True	O43760;O43760-2	118	118	1.0	16.508440017700202	0.659713226470441	0.7906578682338488	True	False	False	False	6	-0.1953857239471013	0.3333333333333333	1.0	False	False	0	False
SZT2	M03	brown	3	False	not_shared	2.06555117221139	2.38571367196374	0.0421588605036591	0.819696204615526	0.819696204615526	0.566417213761412	0.566417213761412	0.269741225433427	0.269741225433427	0.632319281204057	0.632319281204057	0.73473800479465	0.73473800479465	0.373359318293857	0.373359318293857	993	2	2	0.01117131659195	0.992537313432836	0.991803278688525	4	True	True	True	True	True	True	True	True	1	True	2	9	0.25	0.5625	6.526874843209093	6.462168419492004	-0.06470642371708912	0.15234346801829524	0.5555555555555556	10.0	0.9090909090909092					0.992548742007421		False		118	0	0.0				False	False	False	False	6	0.0	0.0		False	False	0	False
TANC1	M03	brown	3	False	not_shared	2.4013905802929	3.1973742455951	0.0052153426409529	0.89254094631671	0.89254094631671	0.631079273883178	0.631079273883178	0.652880149949324	0.652880149949324	0.352027330974685	0.352027330974685	0.895395251544077	0.895395251544077	0.665293708872254	0.665293708872254	993	2	2	0.335083079484091	1.0	1.0	5	True	True	True	True	True	True	True	True	1	True	5	14	0.625	0.875	8.595564752653775	9.623302624028833	1.0277378713750576	0.37862975075994104	0.6714285714285714	47.0	0.2975576195390437	0.10029859293910093	-2.626606586508856	2.827203772387058	0.9425305658489669	0.4838787457924636	0.9778754620683031	False		118	0	0.0				False	False	False	False	6	0.0	0.0		False	False	0	False
TBC1D14	M03	brown	3	False	not_shared	2.21126212556823	3.71065855441273	0.0010558638196418	0.900640446021051	0.900640446021051	0.56770828731693	0.56770828731693	0.789326117482107	0.789326117482107	0.582466674732574	0.582466674732574	0.755075217083181	0.755075217083181	0.854147562286213	0.854147562286213	993	3	3	0.535904873343232	1.0	1.0	5	True	True	True	True	True	True	True	True	1	True	6	11	0.75	0.6875	9.262769599815545	10.405341129590328	1.1425715297747825	0.2734512912430078	0.696969696969697	46.0	0.2160633484162896	0.0800471993387443	-2.8309466417713613	2.9910410404488497	0.9570183783633042	0.3916148190045249	0.9819937699715944	False		118	0	0.0				False	False	False	False	6	0.0	0.3333333333333333	0.5	False	False	0	False
TBRG4	M02	blue	2	False	not_shared	0.585492068021002	3.78983006535767	0.0008056779412279	0.765226916191341	0.765226916191341	0.770845436868065	0.770845436868065	0.455064487168971	0.455064487168971	0.603786363972137	0.603786363972137	0.763211765026874	0.763211765026874	0.773965307053191	0.773965307053191	2184	2	2	0.139033074478219	0.985074626865672	1.0	5	True	True	True	True	True	True	True	True	1	True	8	16	1.0	1.0	12.717029874145094	15.411647866350862	2.6946179922057674	2.876565543631057	0.984375	126.0	1.0877383336664531e-05	2.96450097369863	1.776181715135901	4.152820232261359	1.0108026931781493e-06	0.0002523552934106171	1.6779324706757277e-05	True	Q969Z0	118	117	0.9915254237288136	15.3373003005981	0.0007318879290955772	0.007296007793171536	True	False	False	False	6	0.8461857283853047	1.0	0.03125	True	True	2	True
TEAD3	M06	red	6	False	not_shared	2.56220595374685	3.40644332497525	0.0028432615831521	0.74677409682284	0.74677409682284	0.260850158914889	0.260850158914889	0.728082767931964	0.728082767931964	0.545675941227691	0.545675941227691	0.507867896266269	0.507867896266269	0.623945615201917	0.623945615201917	231	2	2	0.185745626073225	1.0	1.0	5	True	True	True	True	True	True	True	True	1	False	0	0	0.0	0.0														False		118	0	0.0				False	False	False	False	6	0.0	0.3333333333333333	0.5	False	False	0	False
TFCP2	M03	brown	3	True	up	5.96493439233315	4.54834601140784	4.73188500405027e-05	0.870550122347066	0.870550122347066	0.773046736215051	0.773046736215051	0.789392540804452	0.789392540804452	0.632625225098713	0.632625225098713	0.754951368325997	0.754951368325997	0.73007025064869	0.73007025064869	993	3	3	0.424560919410351	1.0	1.0	5	True	True	True	True	True	True	True	True	1	True	8	16	1.0	1.0	13.058066901310244	12.262121718591402	-0.7959451827188424	-0.40528121238361886	0.359375	46.0	0.29074701789737456	-1.1678873254068245	-3.0773507991702225	0.7415761483565733	0.23061544192947103	0.4772639727749356	0.4451405393168997	True	Q12800;Q12800-4	118	71	0.6016949152542372	11.8675498962402	0.055266154996740376	0.13881813735401716	True	False	False	False	6	0.0	0.16666666666666666	1.0	False	False	0	False
TFG	M05	green	5	True	down	-3.0287662020737	-4.94862252270663	8.68919795141126e-06	0.711767428264982	0.711767428264982	0.953739942655192	0.953739942655192	0.832531976276838	0.832531976276838	0.820052649522717	0.820052649522717	0.805387294496638	0.805387294496638	0.771343799707001	0.771343799707001	512	3	2	0.0935105896697453	1.0	1.0	5	True	True	True	True	True	True	True	True	-1	True	8	16	1.0	1.0	18.499648902685287	18.264305038128818	-0.23534386455646938	-0.2125751611489179	0.3671875	47.0	0.31962919000205303	-0.20421493915497146	-0.8523681526033411	0.44393827429339816	0.5368853301110426	0.5033075028086627	0.7520432507910847	True	Q92734;Q92734-2;Q92734-3;Q92734-4	118	118	1.0	16.48878955841065	0.6832966938248397	0.804323414502302	True	False	False	False	6	0.20865775980964862	1.0	0.03125	True	False	1	True
THADA	M03	brown	3	True	up	4.36521852317081	4.68199794320138	2.77653426541402e-05	0.85367338717152	0.85367338717152	0.712941194133194	0.712941194133194	0.288255339056882	0.288255339056882	0.33043871421773	0.33043871421773	0.777937246578454	0.777937246578454	0.674543714782412	0.674543714782412	993	2	2	0.016990420719647	1.0	1.0	5	True	True	True	True	True	True	True	True	1	True	7	13	0.875	0.8125	7.813038251175864	8.62271918286334	0.8096809316874767	0.4154557570755277	0.6923076923076923	63.0	0.18268833849329205	1.308801712476094	0.04117330348313741	2.5764301214690506	0.04300877671596011	0.34931616371244856	0.1226704162946109	False		118	0	0.0				False	False	False	False	6	0.0	0.0		False	True	1	True
THRA	M02	blue	2	False	not_shared	1.22191504450352	2.56460897922564	0.0280826729440479	0.822943165426737	0.822943165426737	0.441645340535229	0.441645340535229	0.72762273623038	0.72762273623038	0.762146755268858	0.762146755268858	0.785096552976075	0.785096552976075	0.316208663537188	0.316208663537188	2184	3	3	0.450553896297396	1.0	1.0	5	True	True	True	True	True	True	True	True	1	True	0	6	0.0	0.375		9.174576569911736												False		118	0	0.0				False	False	False	False	6	2.4762487593844176	0.5	0.25	False	False	0	False
TINAGL1	M02	blue	2	False	not_shared	1.73726010667597	3.03423745799908	0.0083288515551188	0.733890120994699	0.733890120994699	0.275072949869718	0.275072949869718	0.712808463174115	0.712808463174115	0.334066626815125	0.334066626815125	0.787546425833088	0.787546425833088	0.421438999242803	0.421438999242803	2184	3	3	0.424301267983762	0.992537313432836	1.0	5	True	True	True	True	True	True	True	True	1	True	8	16	1.0	1.0	13.691705651031535	14.052747189344974	0.36104153831343844	-0.04878309779823302	0.5	64.0	1.0	0.06471096534675597	-0.9681370044009261	1.097558935094438	0.9022674440837689	1.0	0.9535766199257887	True	Q9GZM7;Q9GZM7-3	118	118	1.0	14.59383010864255	5.2524027544427914e-05	0.0009855979286277944	False	False	False	False	6	1.0458591048902965	1.0	0.03125	True	False	1	True
TKT	M02	blue	2	False	not_shared	0.939256597074512	2.42471243841792	0.0387506138363616	0.725938425027423	0.725938425027423	0.637951492289192	0.637951492289192	0.703657475796274	0.703657475796274	0.649163710143009	0.649163710143009	0.766503934068238	0.766503934068238	0.756542574383729	0.756542574383729	2184	3	2	0.378680357189436	1.0	1.0	5	True	True	True	True	True	True	True	True	1	True	8	16	1.0	1.0	19.88125827282202	20.41544587543008	0.5341876026080605	2.0678658689512304	0.953125	122.0	8.1580375024984e-05	0.649792680244786	0.3062843054547665	0.9933010550348055	0.0002092842657002529	0.0008349991326086596	0.0016946921027435114	True	P29401;P29401-2	118	118	1.0	19.9072847366333	0.0018307407760931517	0.01327287062667535	True	False	False	False	6	0.5820280097961694	0.6666666666666666	0.15625	False	True	1	True
TMBIM6	M04	yellow	4	True	down	-4.06002324086616	-3.9049326675543	0.000547876063249	0.75015752357129	0.75015752357129	0.950092133953566	0.950092133953566	0.52232404617336	0.52232404617336	0.894812616061266	0.894812616061266	0.786617069720679	0.786617069720679	0.826407513081823	0.826407513081823	812	2	2	0.124518215870216	1.0	1.0	5	True	True	True	True	True	True	True	True	-1	True	8	16	1.0	1.0	16.24319806035429	16.88934103816196	0.6461429778076706	0.1397977484310143	0.7109375	91.0	0.10563842761985177	0.005294497574865775	-1.2618860579767235	1.2724750531264548	0.9934661441020827	0.23120863403590197	0.9942060043543826	True	F8VPI1;F8VQQ5;F8VQW0;F8VR05;F8VSI7;F8VVJ4;F8VX73;F8W086;F8W1G3;F8W201;P55061;P55061-2	118	118	1.0	12.373235225677501	0.15645073969866874	0.29016154630160074	False	False	False	False	6	0.5121152234578128	1.0	0.03125	True	False	1	True
TMC7	M03	brown	3	True	up	7.14787923070745	6.09491297235316	3.19291470166258e-08	0.76575518183575	0.76575518183575	0.712584497850864	0.712584497850864	0.504789382621723	0.504789382621723	0.551440472465535	0.551440472465535	0.767750482439012	0.767750482439012	0.677177398799104	0.677177398799104	993	2	2	0.102624811145502	0.977611940298508	1.0	5	True	True	True	True	True	True	True	True	1	True	6	10	0.75	0.625	10.180421343426602	10.393869839610298	0.21344849618369643	-0.09609332429420439	0.48333333333333334	29.0	0.9577922077922078	-0.08432532963186068	-2.62226877106554	2.4536181118018185	0.948077285693161	1.0	0.9805659154209639	False		118	0	0.0				False	False	False	False	6	0.0	0.0		False	False	0	False
TMCC1	M03	brown	3	True	up	3.44807076312104	4.48894238616233	6.0918060645923e-05	0.82229185266549	0.82229185266549	0.742254872896467	0.742254872896467	0.789164790679946	0.789164790679946	0.69379279960747	0.69379279960747	0.639649093467778	0.639649093467778	0.88716087041942	0.88716087041942	993	2	2	0.218351351053399	1.0	1.0	5	True	True	True	True	True	True	True	True	1	True	5	13	0.625	0.8125	8.708658426797868	8.998687515200993	0.29002908840312536	0.5175693736861524	0.6615384615384615	43.0	0.3359010270774977	0.15059061804421425	-0.8687762242781609	1.1699574603665894	0.7721646374818526	0.5218462384953982	0.9155666415856252	False		118	0	0.0				False	False	False	False	6	0.0	0.0		False	False	0	False
TMED10	M05	green	5	True	down	-3.55041610722126	-2.54620614467023	0.0292388526611178	0.848537607705637	0.848537607705637	0.752626200596729	0.752626200596729	0.859761631051982	0.859761631051982	0.714030437456277	0.714030437456277	0.809474191069838	0.809474191069838	0.767375154779885	0.767375154779885	512	3	3	0.663321070732126	1.0	1.0	5	True	True	True	True	True	True	True	True	-1	True	8	16	1.0	1.0	18.512933452269348	18.731507601572346	0.21857414930299868	0.39614343029524585	0.6171875	79.0	0.3826038008296723	0.14565975410495668	-0.3418049310683813	0.6331244392782946	0.5581049782889932	0.5547755112030248	0.7688417128296503	True	P49755	118	118	1.0	16.3048553466797	0.4175466597076031	0.5741266570979542	True	False	False	False	6	0.15745644480019916	0.8333333333333334	0.09375	True	False	1	True
TMED2	M05	green	5	True	down	-4.92004229176413	-5.34660716478233	1.44230613065887e-06	0.909654811600189	0.909654811600189	0.893493108548122	0.893493108548122	0.719927315769603	0.719927315769603	0.813409216215237	0.813409216215237	0.812793415061029	0.812793415061029	0.868517383891826	0.868517383891826	512	3	3	0.405639578081064	1.0	0.991803278688525	5	True	True	True	True	True	True	True	True	-1	True	8	16	1.0	1.0	18.68707561599919	18.571011008556084	-0.11606460744310709	-0.23886832950854067	0.390625	50.0	0.4166500106734323	-0.07001247377847275	-0.7212045783560027	0.5811796307990572	0.833102499564673	0.5870210676694512	0.9281544626022532	True	Q15363	118	118	1.0	15.7037801742554	5.72506233723966e-05	0.001014608269766362	True	False	False	False	6	0.4491521171101742	0.6666666666666666	0.15625	False	False	0	False
TMED3	M02	blue	2	False	not_shared	1.35863659799345	2.67796414438448	0.0213610661866177	0.773193898071485	0.773193898071485	0.566251591492905	0.566251591492905	0.655845709745298	0.655845709745298	0.626988868555685	0.626988868555685	0.862248395919006	0.862248395919006	0.700010625876916	0.700010625876916	2184	2	2	0.351342817632667	1.0	1.0	5	True	True	True	True	True	True	True	True	1	True	8	16	1.0	1.0	13.870024440106228	14.130948079203922	0.2609236390976939	0.21326006785226848	0.59375	76.0	0.4895774272540997	0.3011872043018847	-0.7288510825279194	1.331225491131689	0.566576243927362	0.6586575920941244	0.7764071354061773	True	Q9Y3Q3	118	112	0.9491525423728814	13.9955701828003	0.9310040430264998	0.958033192662753	False	False	False	False	6	-0.3567055975165103	0.16666666666666666	0.4375	False	False	0	False
TMEM106C	M04	yellow	4	False	not_shared	-1.44983996277346	-2.74491286246951	0.0180037361069984	0.776480592924659	0.776480592924659	0.731916174945744	0.731916174945744	0.588341521808294	0.588341521808294	0.0729937625973197	0.0729937625973197	0.746356189807085	0.746356189807085	0.62517264502134	0.62517264502134	812	2	2	0.294530790142156	0.992537313432836	1.0	5	True	True	True	True	True	True	True	True	-1	False	0	0	0.0	0.0														False		118	0	0.0				False	False	False	False	6	0.5715246317124318	1.0	0.03125	True	False	1	True
TMEM109	M02	blue	2	False	not_shared	-0.150171008351209	2.53581218554767	0.0299628257911783	0.789228821379403	0.789228821379403	0.655223818043342	0.655223818043342	0.605425850870672	0.605425850870672	0.482637068651	0.482637068651	0.750647534482336	0.750647534482336	0.712663743414157	0.712663743414157	2184	2	2	0.338946644766386	0.992537313432836	0.991803278688525	5	True	True	True	True	True	True	True	True	1	True	8	16	1.0	1.0	14.340209020380891	14.319907247609699	-0.020301772771192717	0.2728163738347844	0.5078125	65.0	0.976103748482265	-0.14419898824787714	-1.451250126933938	1.1628521504381837	0.8288077807413516	1.0	0.9280622467495673	True	Q9BVC6	118	118	1.0	17.91456508636475	0.4657283253678961	0.616461974242153	True	False	False	False	6	5.368281786777575	0.6666666666666666	0.125	False	False	0	False
TMEM117	M03	brown	3	False	not_shared	3.24501433629008	3.11558867107436	0.0065702138411566	0.766518695641399	0.766518695641399	0.712943566927554	0.712943566927554	0.776930432928996	0.776930432928996	0.689954850983128	0.689954850983128	0.795181421162774	0.795181421162774	0.753882853095452	0.753882853095452	993	3	3	0.500047384914419	1.0	1.0	5	True	True	True	True	True	True	True	True	1	False	0	0	0.0	0.0														False		118	0	0.0				False	False	False	False	6	0.0	0.0		False	False	0	False
TMEM147	M02	blue	2	False	not_shared	0.320886567383504	2.62547009655367	0.0241908348226994	0.883154521957975	0.883154521957975	0.784957390375864	0.784957390375864	0.819863279109745	0.819863279109745	0.748093800192138	0.748093800192138	0.845120720481868	0.845120720481868	0.787991976713683	0.787991976713683	2184	3	3	0.595539887567854	1.0	1.0	5	True	True	True	True	True	True	True	True	1	True	7	11	0.875	0.6875	10.889866976468802	12.61687602438464	1.7270090479158373	0.697754513653001	0.5714285714285714	44.0	0.6589994972347913	0.6292307149438905	-0.9081762487820573	2.1666376786698383	0.4224516949281464	0.8075064261891105	0.6584693085265004	False		118	0	0.0				False	False	False	False	6	5.9430646691103775	1.0	0.03125	True	False	1	True
TMEM183A	M04	yellow	4	True	down	-6.08850294637684	-4.89613193482575	1.09689347743148e-05	0.838893074669813	0.838893074669813	0.859966849637994	0.859966849637994	0.62238976569157	0.62238976569157	-0.0065245601807213	0.0065245601807213	0.765661580286834	0.765661580286834	0.496497371432123	0.496497371432123	812	2	2	0.275399101589529	1.0	1.0	5	True	True	True	True	True	True	True	True	-1	False	0	0	0.0	0.0														False		118	0	0.0				False	False	False	False	6	-3.0941713796559998	0.0	0.03125	False	False	0	False
TMEM205	M02	blue	2	False	not_shared	0.883646032366235	3.54896984957301	0.0017984737085802	0.818929752895841	0.818929752895841	0.627365323350585	0.627365323350585	0.82879628968407	0.82879628968407	0.663037822020397	0.663037822020397	0.845256575313717	0.845256575313717	0.839513122829966	0.839513122829966	2184	3	3	0.594261077941525	1.0	1.0	5	True	True	True	True	True	True	True	True	1	True	8	16	1.0	1.0	15.540361280294777	15.532224397935611	-0.008136882359165654	0.202595029489252	0.46875	60.0	0.833960822384567	0.20701285268191116	-0.8754857996408049	1.289511505004627	0.7077973685180272	0.9301422817778071	0.8703286161036483	True	K7ELQ9;Q6UW68	118	118	1.0	16.6156902313232	0.002814380057197123	0.017710013450945482	True	False	False	False	6	0.003966518149590037	0.5	0.6875	False	False	0	False
TMEM230	M05	green	5	True	down	-6.56574718297166	-2.56179710992922	0.0282247661821825	0.812468578419976	0.812468578419976	0.775425160438067	0.775425160438067	0.738570817867623	0.738570817867623	0.608998624677433	0.608998624677433	0.590197535554132	0.590197535554132	0.636189856826935	0.636189856826935	512	2	2	0.249365655481247	1.0	0.975409836065574	4	True	True	True	True	True	True	True	True	-1	True	2	14	0.25	0.875	15.533414752963335	14.557130621793561	-0.9762841311697734	-1.175440441306339	0.17857142857142858	5.0	0.2					0.3762162162162162		True	A0A087WTT2;Q5JWB9;Q96A57;Q96A57-2	118	105	0.8898305084745762	15.5961599349976	0.07124605842225626	0.16589410683722441	False	False	False	False	6	-2.6555418729936835	0.0	0.03125	False	False	0	False
TMEM33	M05	green	5	True	down	-4.4978751466658	-5.43102210000035	9.79530862842431e-07	0.809265704953514	0.809265704953514	0.867036959232251	0.867036959232251	0.490769121317625	0.490769121317625	0.423868018163445	0.423868018163445	0.761363658205732	0.761363658205732	0.750414238818862	0.750414238818862	512	2	2	0.0365350129857366	0.992537313432836	0.991803278688525	4	True	True	True	True	True	True	True	True	-1	True	7	11	0.875	0.6875	12.582890180489274	10.256980158919413	-2.325910021569861	-1.2130628026757606	0.15584415584415584	12.0	0.015397184514831573	-2.2984734583145805	-4.822456497238374	0.2255095806092129	0.07428603180551036	0.0510306686777275	0.1861238821793989	True	P57088	118	105	0.8898305084745762	14.3970899581909	0.5664235170054013	0.714186173615506	True	False	False	False	6	-0.23158248643755242	0.16666666666666666	0.21875	False	True	1	True
TMEM9B	M04	yellow	4	True	down	-4.677737689514	-4.93054867935975	9.44049740010764e-06	0.787236031484148	0.787236031484148	0.834985296570811	0.834985296570811	0.553010309810763	0.553010309810763	0.46112183337861	0.46112183337861	0.743196531197244	0.743196531197244	0.691132086908374	0.691132086908374	812	2	2	0.296621262771717	1.0	1.0	5	True	True	True	True	True	True	True	True	-1	True	8	11	1.0	0.6875	12.296026537586144	12.841657657599264	0.5456311200131196	0.2250740941316271	0.5340909090909091	47.0	0.8403852769177846	0.7645086412855324	-0.4890379337563526	2.0180552163274177	0.23195576295730014	0.931382408813341	0.4451405393168997	True	E9PMI7;E9PR12;Q9NQ34;Q9NQ34-2	118	14	0.11864406779661017	13.1492099761963	0.0616850125679761	0.1502100687723998	False	False	False	False	6	-0.2445039339310977	0.3333333333333333	0.625	False	False	0	False
TNRC18	M06	red	6	True	up	3.73685237792256	5.98514342106289	5.87121299936277e-08	0.847856812751865	0.847856812751865	0.883546349372634	0.883546349372634	0.834830962668493	0.834830962668493	0.70198713859672	0.70198713859672	0.888330275093563	0.888330275093563	0.852448987164387	0.852448987164387	231	3	3	0.571009304113673	1.0	1.0	4	True	True	True	True	True	True	True	True	1	True	1	12	0.125	0.75	4.433481102339849	7.199436871905531	2.7659557695656822		1.0	12.0	0.15384615384615385					0.3059340659340659		False		118	0	0.0				False	False	False	False	6	0.9356148827736979	1.0	0.03125	True	False	1	True
TP53I13	M02	blue	2	True	up	3.83937392574328	2.49019889737753	0.0334087388845447	0.841338518448534	0.841338518448534	0.508715637338663	0.508715637338663	0.882143048477137	0.882143048477137	0.581394776022339	0.581394776022339	0.825146073516422	0.825146073516422	0.317557257822331	0.317557257822331	2184	3	3	0.596369210480181	0.985074626865672	1.0	5	True	True	True	True	True	True	True	True	1	False	0	0	0.0	0.0														False		118	0	0.0				False	False	False	False	6	0.0	0.3333333333333333	0.5	False	False	0	False
TPRG1L	M04	yellow	4	False	down	-3.00563990909828	-4.55705109487141	4.59083939623109e-05	0.841335798434252	0.841335798434252	0.542026809229946	0.542026809229946	0.571998076967337	0.571998076967337	0.408483429120872	0.408483429120872	0.74507121262628	0.74507121262628	0.340243993188879	0.340243993188879	812	2	2	0.313255792986893	1.0	0.991803278688525	5	True	True	True	True	True	True	True	True	-1	True	6	9	0.75	0.5625	10.87627695119309	10.830333649693056	-0.04594330150003323	0.047182982963067534	0.5	27.0	1.0	0.1521207554892321	-1.384860050741772	1.6891015617202363	0.8461876370795842	1.0	0.9309972020706402	True	Q5T0D9;Q5T0D9-2	118	37	0.3135593220338983	11.0943298339844	0.9977909841993428	0.9982731418627204	False	False	False	False	6	0.0	0.3333333333333333	0.625	False	False	0	False
TPT1	M04	yellow	4	True	down	-8.56017338925551	-4.04102601426304	0.0003359151546459	0.749482235263689	0.749482235263689	0.698364265731535	0.698364265731535	0.735867484097736	0.735867484097736	0.77783473424248	0.77783473424248	0.636159398103039	0.636159398103039	0.771297815827893	0.771297815827893	812	2	2	0.227106801359749	1.0	1.0	5	True	True	True	True	True	True	True	True	-1	True	8	16	1.0	1.0	17.288044766040407	17.20948149513171	-0.07856327090869897	-0.239329363104968	0.453125	58.0	0.741723331035486	-0.5120762574990532	-1.007880205954617	-0.016272309043489253	0.042940312147987825	0.8749820989842343	0.1226704162946109	True	A0A0B4J2C3;P13693;Q5W0H4	118	118	1.0	15.3649101257324	0.0042897077610087484	0.02443601385288912	True	False	False	False	6	-0.6599834792684627	0.0	0.03125	False	True	1	True
TRAPPC2L	M02	blue	2	False	not_shared	0.675045480228931	2.25955970751983	0.0556701846303825	0.802116058413681	0.802116058413681	0.561263897036145	0.561263897036145	0.724162876592664	0.724162876592664	0.352105531326445	0.352105531326445	0.638335217080582	0.638335217080582	0.461750364023991	0.461750364023991	2184	2	2	0.182118045406861	0.985074626865672	1.0	5	True	True	True	True	True	True	True	True	1	True	7	15	0.875	0.9375	12.423439015323657	12.678531468394048	0.2550924530703913	0.14945513675761474	0.5333333333333333	56.0	0.8365934890702691	0.30490698136788197	-0.6113519731636193	1.2211659358993834	0.5142562419083543	0.9301422817778071	0.7335781661141074	False		118	0	0.0				False	False	False	False	6	0.8137719827813688	1.0	0.03125	True	False	1	True
TRAPPC9	M03	brown	3	False	not_shared	2.22034121966388	2.48101756338026	0.0341061593387355	0.933909055134733	0.933909055134733	0.787544306928138	0.787544306928138	0.754432648272674	0.754432648272674	0.755817853976152	0.755817853976152	0.835867064343495	0.835867064343495	0.916248345211109	0.916248345211109	993	3	3	0.45866145792402	1.0	1.0	5	True	True	True	True	True	True	True	True	1	True	8	16	1.0	1.0	11.729591482893657	12.115825679453057	0.38623419655939983	-0.029833322617837155	0.5546875	71.0	0.6967970185092274	-0.14421291249192958	-1.040739474281705	0.7523136492978459	0.752553116575472	0.8332830324440246	0.8987324989318587	True	Q96Q05;Q96Q05-2;Q96Q05-3	118	101	0.8559322033898306	14.6656198501587	0.07323051226699955	0.16829384731915353	True	False	False	False	6	0.0	0.0	1.0	False	False	0	False
TSC22D4	M02	blue	2	False	not_shared	2.65844070130813	2.72353545474051	0.0189970449180141	0.868922877527069	0.868922877527069	0.713756541035481	0.713756541035481	0.703527201312741	0.703527201312741	0.664461769927896	0.664461769927896	0.85979779015649	0.85979779015649	0.653509475245917	0.653509475245917	2184	3	3	0.443515464626514	1.0	1.0	5	True	True	True	True	True	True	True	True	1	True	7	16	0.875	1.0	13.032589294739019	12.36782987229384	-0.6647594224451794	-0.5616282894135961	0.29464285714285715	33.0	0.13528473590393095	-0.6126270803575187	-1.7783590037061623	0.553104842991125	0.3030006905045316	0.27804914449779955	0.5319432355957031	True	Q9Y3Q8	118	87	0.7372881355932204	14.872989654541	0.1295230432554444	0.26075127222817307	True	False	False	False	6	0.0	0.16666666666666666	1.0	False	False	0	False
TSPYL1	M09	magenta	9	True	down	-5.23294806634518	-4.38472534224317	9.30496262291957e-05	0.841960403347971	0.841960403347971	0.790540763061243	0.790540763061243	0.691812046621755	0.691812046621755	0.723590866233659	0.723590866233659	0.914618830173129	0.914618830173129	0.581330933646247	0.581330933646247	72	2	2	0.394955801204723	1.0	0.983606557377049	5	True	True	True	True	True	True	True	True	-1	True	8	15	1.0	0.9375	14.890157316574122	11.27479824017109	-3.6153590764030312	-0.6803151574129069	0.35833333333333334	43.0	0.2938688269149973	-1.2895671545933256	-4.251288862512475	1.6721545533258242	0.3934427861935146	0.4801237172132351	0.6190663744845821	True	Q9H0U9	118	50	0.423728813559322	13.868394851684549	0.9034079053196744	0.9479839532795268	False	False	False	False	6	-0.10388448143736762	0.5	0.6875	False	False	0	False
TTC3	M03	brown	3	True	up	2.85067494196741	2.70031708277675	0.0201310834662896	0.813034618418906	0.813034618418906	0.225125995171663	0.225125995171663	0.774116283438064	0.774116283438064	0.258973725877936	0.258973725877936	0.764497838383195	0.764497838383195	0.218986126074707	0.218986126074707	993	3	3	0.533404734831693	1.0	1.0	5	True	True	True	True	True	True	True	True	1	True	4	14	0.5	0.875	10.067923866245206	10.455932632696033	0.3880087664508274	-0.09004533416869176	0.5178571428571429	29.0	0.9588235294117646	-1.092699084713903	-4.258596246702254	2.0731980772744483	0.49873899930425303	1.0	0.7294332500837534	False		118	0	0.0				False	False	False	False	6	0.05844342385308465	0.6666666666666666	0.15625	False	False	0	False
TUSC1	M04	yellow	4	True	down	-7.25072125612798	-2.0952332424615	0.0775660811686125	0.741118926991967	0.741118926991967	0.787356306182746	0.787356306182746	0.709274523332168	0.709274523332168	0.690731147043008	0.690731147043008	0.694164991411568	0.694164991411568	0.537787459523541	0.537787459523541	812	2	2	0.361966941783189	1.0	0.983606557377049	5	True	True	True	True	True	True	True	True	-1	True	3	5	0.375	0.3125	12.404660332428483	10.35556665420093	-2.0490936782275533	-1.358581430944933	0.2	3.0	0.25	-2.4163348270243024	-10.716311911753792	5.883642257705187	0.5682738973003045	0.44387755102040816	0.7764071354061773	False		118	0	0.0				False	False	False	False	6	0.0	0.0		False	False	0	False
TUSC2	M04	yellow	4	True	down	-3.79207246720046	-2.22237678016477	0.0600529172411772	0.772619316624343	0.772619316624343	0.670216879829657	0.670216879829657	0.735505808233185	0.735505808233185	0.736981166824627	0.736981166824627	0.640002704085812	0.640002704085812	0.698840443816167	0.698840443816167	812	2	2	0.380372189140923	1.0	0.991803278688525	5	True	True	True	True	True	True	True	True	-1	False	0	0	0.0	0.0														False		118	0	0.0				False	False	False	False	6	-0.25645001718333305	0.0	0.25	False	False	0	False
TXLNA	M02	blue	2	False	up	3.13837879806367	3.70866015276234	0.0010627048536702	0.761681923575301	0.761681923575301	0.386310899109566	0.386310899109566	0.574896650365103	0.574896650365103	0.753072445100065	0.753072445100065	0.730766407960912	0.730766407960912	0.664351030471024	0.664351030471024	2184	2	2	0.265531474468675	0.992537313432836	1.0	5	True	True	True	True	True	True	True	True	1	True	8	16	1.0	1.0	14.07167008657964	15.423355501801726	1.3516854152220859	1.663266434319698	0.921875	118.0	0.0003698310334465941	1.522564474796457	0.14565889812082	2.899470051472094	0.03021176080312845	0.0031390536497418234	0.09738159792853053	True	P40222	118	118	1.0	15.1808552742004	0.46916873195126996	0.6184496921175832	True	False	False	False	6	0.2054458642722019	0.6666666666666666	0.125	False	True	1	True
TXNDC17	M04	yellow	4	False	down	-2.75301519474539	-2.55388367795503	0.0287320958289585	0.81668332421347	0.81668332421347	0.280698885704447	0.280698885704447	0.772630773053059	0.772630773053059	0.502192329125717	0.502192329125717	0.705922390880713	0.705922390880713	0.399168847523681	0.399168847523681	812	3	2	0.377904312497652	1.0	1.0	5	True	True	True	True	True	True	True	True	-1	True	8	16	1.0	1.0	17.91548749737795	17.559058483166098	-0.3564290142118516	-0.39152823052726426	0.3828125	49.0	0.3826038008296723	-0.03094452008853965	-0.7352273455199082	0.6733383053428289	0.9313740635143026	0.5547755112030248	0.9693297463534435	True	Q9BRA2	118	118	1.0	17.4868297576904	0.2631922330585771	0.411560403655324	True	False	False	True	6	0.3133951110632851	0.8333333333333334	0.4375	False	False	0	False
TYK2	M02	blue	2	True	up	2.8240882250927	2.99013773653412	0.0094657904242417	0.744109999373797	0.744109999373797	0.766117108040888	0.766117108040888	0.763605971744543	0.763605971744543	0.607036547073424	0.607036547073424	0.501177649137489	0.501177649137489	0.617787221167695	0.617787221167695	2184	2	2	0.0719235192233021	1.0	1.0	5	True	True	True	True	True	True	True	True	1	True	6	13	0.75	0.8125	9.780292159355103	9.81886247532258	0.03857031596747795	-0.010364947056298205	0.5512820512820513	43.0	0.7653693056169837	-0.5762330325707108	-2.96374810423097	1.8112820390895483	0.6361828904462803	0.8967963580966678	0.8348328839057907	True	E9PM19;E9PPF2;P29597	118	29	0.2457627118644068	13.1919803619385	0.009881053724970189	0.04568197301834044	False	False	False	False	6	5.336385585429946	0.6666666666666666	0.125	False	False	0	False
UBAP2	M03	brown	3	True	up	4.23764089759592	7.35997536526578	1.36329456373392e-11	0.85878875262506	0.85878875262506	0.745820014165901	0.745820014165901	0.720661474147443	0.720661474147443	0.626228250455671	0.626228250455671	0.507627475743627	0.507627475743627	0.501693315615869	0.501693315615869	993	2	2	0.134910308726096	1.0	1.0	5	True	True	True	True	True	True	True	True	1	True	8	16	1.0	1.0	11.576903837260478	13.99647680960371	2.419572972343232	3.1406124813453222	0.984375	126.0	1.0877383336664531e-05	2.435119953655871	1.4785555017242458	3.391684405587496	6.054590589243989e-07	0.0002523552934106171	1.1824259268405909e-05	True	Q5T6F2	118	118	1.0	14.62113523483275	0.008246759115097183	0.039264420264417926	True	False	False	False	6	5.281307720116888	0.8333333333333334	0.0625	True	True	2	True
UBE2I	M02	blue	2	False	not_shared	4.11920629823007	2.90919207381175	0.0117942405186585	0.808309891087722	0.808309891087722	0.851446575272929	0.851446575272929	0.73955366464543	0.73955366464543	0.67899383057017	0.67899383057017	0.635003268480103	0.635003268480103	0.697263803763468	0.697263803763468	2184	2	2	0.278088346682898	1.0	1.0	5	True	True	True	True	True	True	True	True	1	True	8	16	1.0	1.0	16.96222943547366	17.328978090234052	0.36674865476039287	0.7300831586740214	0.6796875	87.0	0.17192792101931956	0.4264437352875745	-0.25074310310730186	1.1036305736824508	0.21711168242434087	0.3305575498051006	0.4265152577803619	True	B0QYN7;H3BQQ9;P63279	118	118	1.0	16.132325172424302	0.42978745809504015	0.5835396269947578	True	False	False	True	6	0.9650422162475047	1.0	0.03125	True	False	1	True
UBE2Q1	M04	yellow	4	False	not_shared	-2.15346549751359	-4.29870149917524	0.0001296255426695	0.854318381972244	0.854318381972244	0.899969812977911	0.899969812977911	0.760234311062817	0.760234311062817	0.670428839387228	0.670428839387228	0.726048874769227	0.726048874769227	0.366450867515599	0.366450867515599	812	3	3	0.476484510981348	1.0	1.0	5	True	True	True	True	True	True	True	True	-1	True	6	15	0.75	0.9375	11.84654341790956	9.888094159955095	-1.9584492579544648	-1.0398849099225438	0.26666666666666666	24.0	0.11222910216718267	-1.6868577952725414	-2.8260874962844387	-0.547628094260644	0.0037064733473542223	0.2440982972136223	0.01864468411093336	True	Q7Z7E8	118	47	0.3983050847457627	13.9381198883057	0.12178339910835935	0.25226561243874435	False	False	False	False	6	-4.405558187229795	0.0	0.03125	False	True	1	True
UBL7	M02	blue	2	False	not_shared	-0.509048378943826	2.23084595618821	0.0590228756261758	0.962779101542611	0.962779101542611	0.728722963197403	0.728722963197403	0.748137577226399	0.748137577226399	0.599031338312702	0.599031338312702	0.764084276599281	0.764084276599281	0.751709438900517	0.751709438900517	2184	3	3	0.430988794168799	0.992537313432836	1.0	5	True	True	True	True	True	True	True	True	1	False	0	0	0.0	0.0														False		118	0	0.0				False	False	False	False	6	2.305510652084865	0.5	0.25	False	False	0	False
UBXN2A	M03	brown	3	False	up	3.36642187985562	2.60770877683066	0.0252054243126397	0.753860154661725	0.753860154661725	0.66085249687054	0.66085249687054	0.739105757095597	0.739105757095597	0.269163159609905	0.269163159609905	0.267297873612804	0.267297873612804	0.646457165556086	0.646457165556086	993	2	2	0.0181170389999245	1.0	1.0	5	True	True	True	True	True	True	True	True	1	False	0	0	0.0	0.0														True	P68543;P68543-2	118	26	0.22033898305084745	11.83204984664915	0.3283232578315003	0.48592138782307154	False	False	False	False	6	0.0	0.0		False	False	0	False
UFM1	M09	magenta	9	True	down	-3.02133370592151	-3.61060500770195	0.0014676000974554	0.734297481845634	0.734297481845634	0.8411889495388	0.8411889495388	0.664567931725081	0.664567931725081	0.723524893138331	0.723524893138331	0.787454759608386	0.787454759608386	0.789593579043805	0.789593579043805	72	2	2	0.347988422835081	1.0	0.983606557377049	5	True	True	True	True	True	True	True	True	-1	True	8	16	1.0	1.0	19.998101498008044	19.57161439803963	-0.42648709996841205	-0.8754943394653166	0.28125	36.0	0.09260188369085934	-0.47826520298109587	-1.0049683711049826	0.04843796514279075	0.07512228979529956	0.21200957581854638	0.1861238821793989	True	P61960	118	118	1.0	17.40672492980955	0.021661811418952546	0.07463715581593498	True	False	False	False	6	-1.2953195929716284	0.0	0.03125	False	True	1	True
UQCR10	M04	yellow	4	True	down	-3.32551486101591	-3.37095132878299	0.0031499892579308	0.793876441675505	0.793876441675505	0.182690574566887	0.182690574566887	0.753084327429043	0.753084327429043	0.0582249565592175	0.0582249565592175	0.696010117939084	0.696010117939084	0.347841709568562	0.347841709568562	812	2	3	0.430408470792146	1.0	1.0	4	True	True	True	True	True	True	True	True	-1	True	8	16	1.0	1.0	15.525407182240631	15.06073040797689	-0.4646767742637401	-0.22026898036171963	0.4140625	53.0	0.5283308247368013	-0.5950227754284864	-1.8775149767464323	0.6874694258894595	0.3631699618604525	0.6911997255955145	0.5824754943848803	True	Q9UDW1	118	118	1.0	15.69009494781495	0.6028006795463099	0.7505281608888565	False	False	False	False	6	0.7756231822568291	1.0	0.03125	True	False	1	True
URM1	M02	blue	2	True	up	3.72868788706207	2.43105773345631	0.0382352217646882	0.812350624283872	0.812350624283872	0.470487475361435	0.470487475361435	0.800675991140722	0.800675991140722	0.652119417297823	0.652119417297823	0.337340614514362	0.337340614514362	0.64846132270447	0.64846132270447	2184	2	2	0.0184738407302407	1.0	1.0	5	True	True	True	True	True	True	True	True	1	False	0	0	0.0	0.0														False		118	0	0.0				False	False	False	False	6	0.2990919171708022	0.5	0.25	False	False	0	False
USB1	M04	yellow	4	False	not_shared	-2.1041867598974	-3.37665774278598	0.0030926766531431	0.806051060535175	0.806051060535175	0.74025068234364	0.74025068234364	0.457840430862697	0.457840430862697	0.522369777825858	0.522369777825858	0.727635587948368	0.727635587948368	0.151232911220802	0.151232911220802	812	2	2	0.17115815975082	1.0	1.0	4	True	True	True	True	True	True	True	True	-1	False	0	0	0.0	0.0														False		118	0	0.0				False	False	False	False	6	0.0	0.0	0.5	False	False	0	False
USP11	M02	blue	2	False	up	2.40310301183914	3.43676101946118	0.0025792523180561	0.84472048220749	0.84472048220749	0.535407722520492	0.535407722520492	0.71023765666859	0.71023765666859	0.474298131688899	0.474298131688899	0.751972804764842	0.751972804764842	0.488161484705864	0.488161484705864	2184	3	2	0.375271388799228	1.0	1.0	5	True	True	True	True	True	True	True	True	1	True	8	16	1.0	1.0	9.190982268097441	11.171957177169435	1.9809749090719944	1.5369955992204802	0.875	112.0	0.0021618799381620756	1.7968671713663924	0.7129579477916717	2.880776394941113	0.0011574618604562822	0.010596256598315526	0.007116246993916402	True	G5E9A6;P51784	118	62	0.5254237288135594	12.9051251411438	0.015097539748030075	0.05802548409182643	True	False	False	False	6	0.0	0.0		False	True	1	True
USP38	M05	green	5	True	down	-4.34096574052646	-4.52443599075763	5.22890125126576e-05	0.87534844075225	0.87534844075225	0.883081109865653	0.883081109865653	0.824346225092216	0.824346225092216	0.404563554072728	0.404563554072728	0.72284633645389	0.72284633645389	0.764383321410051	0.764383321410051	512	3	3	0.530231955332375	0.977611940298508	0.967213114754098	5	True	True	True	True	True	True	True	True	-1	True	2	11	0.25	0.6875	9.148191922226758	8.104560583096239	-1.0436313391305188	-0.8033797030877445	0.2727272727272727	6.0	0.41025641025641024					0.5870210676694512		False		118	0	0.0				False	False	False	False	6	0.0	0.0		False	False	0	False
VEGFB	M02	blue	2	False	not_shared	2.24151071288416	5.06400461430535	5.17906026931789e-06	0.761284837523577	0.761284837523577	0.278518388018643	0.278518388018643	0.760421237912325	0.760421237912325	0.571356889886447	0.571356889886447	0.782042296111833	0.782042296111833	0.431098397480508	0.431098397480508	2184	3	3	0.510249034353367	1.0	1.0	5	True	True	True	True	True	True	True	True	1	False	0	0	0.0	0.0														False		118	0	0.0				False	False	False	False	6	0.7039973055212227	0.6666666666666666	0.125	False	False	0	False
VGLL4	M03	brown	3	True	up	4.58717521708282	4.08049531083242	0.0002914739587925	0.926685801142923	0.926685801142923	0.818103882443907	0.818103882443907	0.613119503978322	0.613119503978322	0.540983447651253	0.540983447651253	0.857598571970073	0.857598571970073	0.613565226306359	0.613565226306359	993	2	2	0.225628175141577	1.0	1.0	5	True	True	True	True	True	True	True	True	1	True	5	12	0.625	0.75	10.337839695711379	12.698231459072709	2.3603917633613296	2.131583761233328	0.9166666666666666	55.0	0.006140917905623788	2.1474386764508986	1.2280388522002248	3.0668385007015724	4.697110320166554e-06	0.02428453899042134	7.088366483160435e-05	False		118	0	0.0				False	False	False	False	6	3.2892624944323066	0.6666666666666666	0.125	False	True	1	True
WDR1	M04	yellow	4	True	down	-5.98927409846881	-5.98068066414268	6.01142071964522e-08	0.914553156209256	0.914553156209256	0.920849678277728	0.920849678277728	0.756012755282515	0.756012755282515	0.882703445930287	0.882703445930287	0.846322776788765	0.846322776788765	0.861723015507035	0.861723015507035	812	3	3	0.518120074993325	1.0	1.0	5	True	True	True	True	True	True	True	True	-1	True	8	16	1.0	1.0	19.308390136258723	19.225039822937433	-0.08335031332129006	-0.3766707938276638	0.3828125	49.0	0.3826038008296723	-0.062628320130107	-0.2589432366430938	0.13368659638287986	0.5317957914289824	0.5547755112030248	0.7520432507910847	True	O75083	118	118	1.0	19.3748655319214	0.01539042278624458	0.05844696272395264	True	False	False	False	6	0.3295057445776961	0.8333333333333334	0.0625	True	False	1	True
WDR18	M02	blue	2	False	not_shared	0.273088441204169	2.88631141502749	0.0125945925341191	0.770130755090844	0.770130755090844	0.59643738369551	0.59643738369551	0.691033256811839	0.691033256811839	0.494291911442825	0.494291911442825	0.916053262204191	0.916053262204191	0.695214478855175	0.695214478855175	2184	2	3	0.453658673716592	0.992537313432836	1.0	5	True	True	True	True	True	True	True	True	1	True	8	16	1.0	1.0	14.005987967521754	15.61525686627726	1.6092688987555057	1.880237914750244	0.9921875	127.0	5.438691668332266e-06	2.486410217585926	0.769697021344016	4.203123413827836	0.004529435493500753	0.00017206042732542074	0.022114302703562502	True	A0A0A0MQU0;Q9BV38;U3KQC1	118	118	1.0	14.8806748390198	0.1153392343041344	0.24100791901074115	True	False	False	False	6	0.0	0.16666666666666666	1.0	False	True	1	True
WRNIP1	M04	yellow	4	True	down	-3.9005883407057	-2.81796442042073	0.0150750551830264	0.767884164274772	0.767884164274772	0.713956707327839	0.713956707327839	0.536878006793122	0.536878006793122	0.683465096413128	0.683465096413128	0.846743883404473	0.846743883404473	0.385747805404318	0.385747805404318	812	2	2	0.139981808877655	1.0	0.975409836065574	5	True	True	True	True	True	True	True	True	-1	True	8	16	1.0	1.0	12.452931845221862	14.497277468489795	2.044345623267933	2.4260276378148586	0.9609375	123.0	5.166757084915653e-05	2.2438544531339106	1.006975035859785	3.480733870408036	0.00037708794390122163	0.0006200108501898784	0.0028207475622710368	True	Q96S55;Q96S55-2	118	118	1.0	14.28548479080205	0.010822023042662103	0.04751106541459057	True	False	False	False	6	-5.765511580044602	0.0	0.03125	False	False	0	False
YEATS2	M03	brown	3	False	not_shared	3.2370077240596	3.32470271603134	0.0036007375674811	0.861944316894331	0.861944316894331	0.774270377992518	0.774270377992518	0.409472418063573	0.409472418063573	0.267314543221599	0.267314543221599	0.74523494476934	0.74523494476934	0.543817698863889	0.543817698863889	993	2	2	0.0409902642583122	0.992537313432836	0.991803278688525	5	True	True	True	True	True	True	True	True	1	True	4	14	0.5	0.875	10.20151952814886	8.996953386020909	-1.2045661421279519	-0.5758683457158643	0.39285714285714285	22.0	0.5738562091503268	-1.56217271528056	-5.919354973571499	2.7950095430103796	0.4822412560975502	0.7423864713171514	0.7147504331445834	False		118	0	0.0				False	False	False	False	6	0.0	0.0		False	False	0	False
YWHAE	M05	green	5	True	down	-5.43755997133906	-4.54488133228593	4.8042575720589e-05	0.754136190758807	0.754136190758807	0.850254919206273	0.850254919206273	0.839092408771278	0.839092408771278	0.733479313517475	0.733479313517475	0.816272578236299	0.816272578236299	0.923957146001241	0.923957146001241	512	3	3	0.530569134383135	1.0	1.0	5	True	True	True	True	True	True	True	True	-1	False	0	0	0.0	0.0														True	P62258	118	118	1.0	19.53419971466065	0.8871191673243337	0.9370563389949087	True	False	False	False	6	-0.2969899444871542	0.0	0.03125	False	False	0	False
ZMIZ2	M02	blue	2	True	up	4.21936958289064	5.30873542721942	1.70371735918585e-06	0.794858811411903	0.794858811411903	0.618202508853206	0.618202508853206	0.825629884055705	0.825629884055705	0.61727687001724	0.61727687001724	0.835864915484931	0.835864915484931	0.597123227845402	0.597123227845402	2184	3	3	0.576610820042341	1.0	1.0	5	True	True	True	True	True	True	True	True	1	False	0	0	0.0	0.0														False		118	0	0.0				False	False	False	False	6	0.7131496247708604	1.0	0.03125	True	False	1	True
ZNF236	M03	brown	3	False	not_shared	2.91058735051269	2.22342850735168	0.0599099453929049	0.770059880603874	0.770059880603874	0.679618089170736	0.679618089170736	0.465852880914733	0.465852880914733	0.768272777012938	0.768272777012938	0.821492156729055	0.821492156729055	0.640323188481286	0.640323188481286	993	2	2	0.0970877374595221	0.985074626865672	1.0	5	True	True	True	True	True	True	True	True	1	False	0	0	0.0	0.0														False		118	0	0.0				False	False	False	False	6	0.0	0.0		False	False	0	False
ZNF609	M03	brown	3	False	not_shared	3.56426638826691	4.1178664759744	0.000254687251793	0.69486042247734	0.69486042247734	0.860587683464538	0.860587683464538	0.704730176153342	0.704730176153342	0.522221419907661	0.522221419907661	0.776494758058718	0.776494758058718	0.743086616756889	0.743086616756889	993	2	2	0.332338226325666	1.0	1.0	5	True	True	True	True	True	True	True	True	1	True	5	12	0.625	0.75	7.341925518077486	7.0626216226730865	-0.27930389540439915	0.15940391923931624	0.5166666666666667	31.0	0.9592760180995473	-0.4592889861392249	-1.920509194986893	1.0019312227084434	0.5378591891068267	1.0	0.7520432507910847	False		118	0	0.0				False	False	False	False	6	0.0	0.0		False	False	0	False
ZNF664	M05	green	5	True	down	-4.30956923387568	-4.3994539296967	8.76442114710989e-05	0.843326380937926	0.843326380937926	0.831159186426141	0.831159186426141	0.650664468968939	0.650664468968939	0.776555109181342	0.776555109181342	0.732742574368619	0.732742574368619	0.83526904378889	0.83526904378889	512	2	2	0.324731285287177	1.0	0.983606557377049	5	True	True	True	True	True	True	True	True	-1	False	0	0	0.0	0.0														False		118	0	0.0				False	False	False	False	6	-0.404934294974002	0.3333333333333333	0.15625	False	False	0	False
ZNF703	M02	blue	2	True	up	6.43157703436741	4.27221011410018	0.0001434451258243	0.799160010389384	0.799160010389384	0.46790092080822	0.46790092080822	0.836653758211641	0.836653758211641	0.401077430801797	0.401077430801797	0.79899844467305	0.79899844467305	0.514636797631696	0.514636797631696	2184	3	3	0.592486782309956	1.0	1.0	5	True	True	True	True	True	True	True	True	1	True	0	13	0.0	0.8125		10.56537648523606												True	Q9H7S9	118	118	1.0	13.80757522583005	0.6093629895617989	0.7505281608888565	True	False	False	False	6	3.9594123301330066	0.6666666666666666	0.15625	False	False	0	False
ZNF706	M04	yellow	4	True	down	-4.15296281677675	-2.83939586561995	0.0142359984941798	0.864844497576148	0.864844497576148	0.878453644170193	0.878453644170193	0.599006923518574	0.599006923518574	0.805746725999276	0.805746725999276	0.738052425099938	0.738052425099938	0.820075869888947	0.820075869888947	812	2	2	0.327630686690891	1.0	1.0	5	True	True	True	True	True	True	True	True	-1	True	8	16	1.0	1.0	15.359241319636366	15.92092189011675	0.5616805704803838	0.914443209362814	0.84375	108.0	0.005669836064236388	0.660298917000403	0.09830244389572074	1.2222953901050853	0.021290437275183066	0.022679344256945552	0.07362942891000811	True	Q9Y5V0	118	117	0.9915254237288136	14.9551801681519	0.044786229476610755	0.12423310611338113	False	False	False	False	6	-0.7616117617096823	0.0	0.03125	False	False	0	False
ZRANB3	M03	brown	3	True	up	4.37431729425172	5.09919745090408	4.444875978735e-06	0.832778545633882	0.832778545633882	0.570380188946913	0.570380188946913	0.527273143664639	0.527273143664639	0.494024271378163	0.494024271378163	0.729784644112139	0.729784644112139	0.60278942386095	0.60278942386095	993	2	2	0.0772234125597963	1.0	1.0	5	True	True	True	True	True	True	True	True	1	False	0	0	0.0	0.0														False		118	0	0.0				False	False	False	False	6	0.0	0.0		False	False	0	False
